0.0	0.00015694357544065508
0.10399999999999998	0.00015942598700298527
0.20799999999999996	0.0001765270444323713
0.31299999999999994	0.00019390392536868282
0.41700000000000004	0.0004912416658344582
0.521	0.0015195116996530211
0.625	0.002941933524868238
0.729	0.004246027065612381
0.833	0.005328082683281433
0.9490000000000001	0.006236093668080442
1.053	0.006998745664729671
1.157	0.007605557379965948
1.262	0.008149481335623193
1.367	0.008862485101025818
1.472	0.009848002491270914
1.577	0.010523494259731661
1.682	0.010736154183571284
1.787	0.010898614229150451
1.892	0.011072383038513565
1.999	0.011230154084474999
2.104	0.01135427466259151
2.209	0.011504598473865948
2.314	0.011722774867844083
2.419	0.012237185708260292
2.524	0.013037073878344473
2.629	0.013566930835148512
2.734	0.013781797347043542
2.839	0.014005214387653262
2.9899999999999998	0.014308620245271398
3.156	0.014615887631986495
3.299	0.01485144090690094
3.442	0.015074030476989884
3.586	0.015365851747317149
3.73	0.016180358563268386
3.874	0.017323095352461064
4.0169999999999995	0.018031685941752883
4.161	0.01843438826186423
4.305	0.018810335701803793
4.449	0.019231518196879155
4.593	0.01969793574709031
4.736000000000001	0.020154147827545217
4.881	0.020545541383872618
5.023999999999999	0.020903284472355097
5.167999999999999	0.022090428846162795
5.311999999999999	0.023683033775151095
5.4559999999999995	0.024530915235440327
5.6	0.025042016193773428
5.743	0.025590629149048406
5.8870000000000005	0.026183098041924553
6.031000000000001	0.02682852504813041
6.175000000000001	0.027462367467045393
6.319000000000001	0.028024495774159726
6.462999999999999	0.02863820307706914
6.606	0.030208466301996466
6.75	0.03210254632405443
6.896000000000001	0.03314543500374005
7.038	0.03396821652489905
7.182	0.03478244751734337
7.3260000000000005	0.03560633233253008
7.470000000000001	0.03639022273921257
7.6129999999999995	0.037135222031418565
7.757	0.03796103761115375
7.901	0.03877306201554266
8.045	0.041284159222593146
8.189	0.04407080411306228
8.331999999999999	0.04521960901940732
8.475999999999999	0.04615823641347507
8.62	0.04714871862684483
8.764	0.04814113160476306
8.908	0.04908886117455936
9.052	0.0501038916800455
9.196	0.051208840648789375
9.339	0.05228896550190994
9.482999999999999	0.05551113570981456
9.626999999999999	0.05885825396635648
9.770999999999999	0.060089805924779194
9.915	0.06132549523580579
10.059	0.062476230906699314
10.202	0.06360876222613573
10.347	0.06483093618532298
10.491	0.06596181256371787
10.635	0.06712330535138149
10.777	0.06855703594038065
10.921999999999999	0.07203241212764297
11.065	0.07538670179536494
11.213	0.07670100080586534
11.353	0.0779750295843546
11.498	0.07916107066413458
11.642	0.08012369470330485
11.786	0.08092165210884056
11.929	0.08168788981107983
12.073	0.0827442938426048
12.216999999999999	0.08469298691903401
12.360999999999999	0.08909871579515632
12.504	0.09285681107701735
12.648	0.09394521063534568
12.793	0.09505346948617266
12.936	0.09639452337684484
13.08	0.09774578273727325
13.208	0.09908738827495928
13.352	0.10043782016486692
13.497	0.10185582881397133
13.639999999999999	0.10374494401290463
13.783999999999999	0.1066730863624266
13.929	0.10916515174749922
14.071	0.1105699208682712
14.215	0.1117429982432257
14.359	0.11189332205450013
14.503	0.11189332205450013
14.647	0.11189332205450013
14.79	0.11189332205450013
14.934	0.11189332205450013
15.078	0.11189332205450013
15.222	0.11189332205450013
15.366	0.11189332205450013
15.509	0.11189332205450013
15.652999999999999	0.11189332205450013
15.797	0.11189332205450013
15.942999999999998	0.11189332205450013
16.085	0.11189332205450013
16.229	0.11189332205450013
16.372	0.11189332205450013
16.516	0.11189332205450013
16.66	0.11189332205450013
16.804	0.11189332205450013
16.948	0.11189332205450013
17.092	0.11189332205450013
17.235	0.11189332205450013
17.378999999999998	0.11189332205450013
17.523	0.11189332205450013
17.666999999999998	0.11189332205450013
17.811	0.11189332205450013
17.955	0.11106005924007795
18.098	0.11041104652828207
18.242	0.11025024142374444
18.386	0.11020638548614328
18.53	0.11019397342833162
18.674	0.11017632072388839
18.817999999999998	0.11017632072388839
18.962	0.11017218337128451
19.105	0.11016639107763906
19.249	0.11015673725489666
19.393	0.11013218896278029
19.537	0.110107364847157
19.68	0.11008778137816527
19.825	0.11007592096736749
19.968	0.11005937155695195
20.112	0.11003675402938404
20.256	0.11003675402938404
20.4	0.11003675402938404
20.544	0.11003675402938404
20.688	0.11003675402938404
20.831	0.11003675402938404
20.974999999999998	0.11003675402938404
21.119	0.11003675402938404
21.262999999999998	0.11003675402938404
21.406	0.11003675402938404
21.551	0.11003675402938404
21.695	0.11003675402938404
21.838	0.11003675402938404
21.982	0.11003675402938404
22.126	0.11005937155695195
22.27	0.11007592096736749
22.413999999999998	0.11008778137816527
22.557	0.11012253514003789
22.701	0.11015673725489666
22.845	0.11016639107763906
22.989	0.11017218337128451
23.133	0.1101818371940269
23.277	0.1101818371940269
23.421	0.11019397342833162
23.564	0.11028361606808243
23.708	0.11036581147314627
23.852	0.11037601694290253
23.996	0.1104135289398444
24.14	0.11044524864314083
24.284	0.11045655740692478
24.427	0.11050399905011599
24.570999999999998	0.11056550769216039
24.715	0.11059860651299144
24.858999999999998	0.11063611850993332
25.005	0.11066701074270899
25.147	0.11070314362211625
25.29	0.11077789179249306
25.435	0.11084684766922448
25.578	0.11087553331394473
25.722	0.11093290460338526
25.867	0.11099496489244351
26.009999999999998	0.11103661424198927
26.154	0.11107109218035496
26.298	0.11111191405937995
26.442	0.11115852823205039
26.586	0.11116569964323045
26.729	0.1111714919368759
26.873	0.11121010722784547
27.017	0.1112514807538843
27.160999999999998	0.11126278951766824
27.305	0.11127161586988987
27.448	0.11128126969263227
27.593	0.11130581798474865
27.736	0.11133367615894812
27.88	0.11138608262526399
28.024	0.11143710997404521
28.168	0.11145117697289841
28.313	0.11147958679411175
28.456	0.11153723390705922
28.599999999999998	0.11158329643271578
28.743	0.11159295025545818
28.886	0.11163404795799009
29.03	0.11167735224857739
29.174	0.11168838518885442
29.317999999999998	0.11172506971527552
29.462	0.11177085641742517
29.605999999999998	0.11179264647447229
29.749	0.11180533435579088
29.893	0.11183098594193494
30.037	0.11185498258703747
30.181	0.11187815176161921
30.325	0.11190931981790181
30.468	0.11193745381560824
30.612	0.11196145046071074
30.756	0.11198517128230633
30.901	0.1120030998102565
31.044999999999998	0.11200861628039502
31.189	0.11204502498330919
31.333	0.11208281280375801
31.477	0.11210212044924278
31.621	0.11214459726930931
31.766	0.11219203891250053
31.911	0.11221631138110999
32.054	0.11222320696878312
32.197	0.11222762014489392
32.342	0.11223396408555321
32.485	0.11224996184895492
32.627	0.11226237390676658
32.771	0.11226595961235661
32.915	0.11228637055186909
33.059	0.11231671113763089
33.203	0.11233463966558106
33.347	0.11235118907599662
33.49	0.11238070219123764
33.634	0.11240331971880554
33.778	0.1124071812479025
33.922	0.11241738671765872
34.067	0.11243503942210195
34.21	0.11244552071536514
34.353	0.11246400089032915
34.497	0.11248137777126546
34.641	0.11249985794622946
34.785	0.11255309188306611
34.929	0.11259474123261187
35.073	0.11260439505535427
35.216	0.1126187378777144
35.36	0.11266149052128788
35.504	0.11270451898836827
35.647999999999996	0.11273044639801925
35.792	0.11278037045277278
35.935	0.11281870992023546
36.079	0.1128603592697812
36.223	0.1129033877368616
36.367	0.11290862838349319
36.495	0.11291442067713861
36.639	0.11291442067713861
36.783	0.11291993714727713
36.927	0.11292159208831869
37.07	0.11292159208831869
37.214	0.11292324702936024
37.358	0.11293262502859572
37.502	0.11293262502859572
37.644999999999996	0.11293262502859572
37.79	0.11293262502859572
37.933	0.11294945026251818
38.077	0.11295855243824673
38.221	0.11296268979085061
38.365	0.11296820626098912
38.509	0.11296820626098912
38.653	0.11296820626098912
38.796	0.112972343613593
38.94	0.11297537767216917
39.083999999999996	0.11297868755425229
39.228	0.11298061831880077
39.371	0.11298061831880077
39.516	0.11298061831880077
39.659	0.11298337655387003
39.803	0.11298337655387003
39.947	0.11298337655387003
40.091	0.11298337655387003
40.235	0.11299054796505009
40.38	0.11299054796505009
40.524	0.11299054796505009
40.667	0.11299054796505009
40.811	0.11299054796505009
40.955	0.11299054796505009
41.099	0.11301068308105565
41.242	0.11301068308105565
41.386	0.11302805996199194
41.532	0.11303274896160968
41.674	0.11304543684292827
41.818	0.11304543684292827
41.961999999999996	0.11304543684292827
42.106	0.11306419284139921
42.249	0.11307384666414161
42.393	0.1130790873107732
42.537	0.11308405213389786
42.68	0.11308570707493941
42.825	0.11310004989729955
42.967999999999996	0.11311853007226355
43.113	0.11312459818941592
43.257	0.11312983883604749
43.4	0.11314583659944918
43.543	0.11316679918597553
43.687	0.11318252112587028
43.831	0.1132032078888897
43.976	0.11322003312281216
44.119	0.11322720453399224
44.262	0.11323134188659613
44.406	0.11323465176867922
44.55	0.1132451330619424
44.694	0.11326388906041335
44.836999999999996	0.11328429999992584
44.982	0.11329505711669595
45.126	0.1133002977633275
45.269	0.11331795046777074
45.413	0.11333036252558239
45.557	0.1133314658196101
45.701	0.11334305040690097
45.845	0.1133562899352334
45.988	0.11335932399380959
46.133	0.11336125475835807
46.275999999999996	0.11336456464044117
46.42	0.11336704705200351
46.564	0.1133700811105797
46.708	0.11337394263967664
46.852	0.11337945910981514
46.996	0.11337945910981514
47.139	0.1133841481094329
47.283	0.11338966457957142
47.427	0.11339518104970991
47.571	0.11339849093179302
47.714999999999996	0.11340428322543847
47.858	0.11341062716609776
48.002	0.11341641945974319
48.146	0.11342607328248558
48.292	0.11343462381120029
48.435	0.11343848534029724
48.579	0.11344262269290112
48.723	0.11346937757307288
48.867	0.1134955808062308
49.01	0.11350330386442473
49.153999999999996	0.1135049588054663
49.298	0.11351075109911171
49.442	0.1135126818636602
49.585	0.1135126818636602
49.73	0.11351985327484027
49.873	0.11352923127407574
50.017	0.11352923127407574
50.161	0.11353557521473503
50.305	0.11353971256733891
50.449	0.11353971256733891
50.592999999999996	0.11354191915539431
50.736	0.11354440156695664
50.88	0.11354440156695664
51.024	0.11354936639008131
51.168	0.11355460703671288
51.314	0.11355874438931679
51.455	0.11356370921244145
51.6	0.11356619162400378
51.743	0.11356619162400378
51.887	0.11356619162400378
52.031	0.11356784656504533
52.175	0.11357005315310073
52.319	0.11357005315310073
52.464	0.1135708806236215
52.606	0.11357005315310073
52.75	0.11356784656504533
52.894	0.11357005315310073
53.04	0.1135708806236215
53.183	0.11357170809414227
53.326	0.1135772245642808
53.469	0.11358494762247473
53.613	0.11358963662209245
53.758	0.11359404979820326
53.900999999999996	0.11359680803327253
54.045	0.11360232450341103
54.191	0.11360232450341103
54.333	0.11360839262056338
54.476	0.11360922009108415
54.62	0.11361032338511184
54.764	0.11361170250264649
54.908	0.11361694314927807
55.052	0.11361694314927807
55.197	0.11362825191306203
55.339999999999996	0.11363542332424209
55.484	0.11363542332424209
55.629	0.11363542332424209
55.772	0.11363900902983212
55.916	0.11363900902983212
56.059	0.11363900902983212
56.206	0.11365362767569917
56.347	0.11366934961559394
56.491	0.113676521026774
56.635	0.11367983090885711
56.778	0.11368258914392637
56.922	0.11371237808267434
57.066	0.11374464943298462
57.21	0.11375347578520623
57.354	0.11376230213742786
57.498	0.11376699113704558
57.642	0.113769197725101
57.785	0.11378133395940572
57.929	0.11380174489891823
58.074	0.11381581189777142
58.216	0.11382050089738915
58.364	0.11382601736752766
58.506	0.11383125801415925
58.647999999999996	0.11383374042572159
58.792	0.11383787777832546
58.935	0.11383787777832546
59.079	0.11383787777832546
59.223	0.11384118766040859
59.367	0.1138444975424917
59.511	0.1138444975424917
59.653999999999996	0.11384863489509557
59.798	0.1138533238947133
59.942	0.1138555304827687
60.086	0.11385718542381026
60.23	0.11386187442342799
60.374	0.11386766671707343
60.518	0.11387207989318424
60.661	0.1138737348342258
60.805	0.11387456230474657
60.949	0.1138781480103366
61.092999999999996	0.11388366448047513
61.236	0.1138933183032175
61.381	0.11389966224387679
61.525	0.11390048971439758
61.668	0.11390048971439758
61.812	0.11389966224387679
61.956	0.11389966224387679
62.102	0.11390048971439758
62.244	0.11390242047894605
62.387	0.11391648747779924
62.531	0.11391648747779924
62.675	0.11391648747779924
62.819	0.11391648747779924
62.963	0.11392917535911783
63.107	0.11392917535911783
63.251	0.11392917535911783
63.394	0.11392917535911783
63.538	0.11392917535911783
63.682	0.11393027865314553
63.82599999999999	0.11393165777068015
63.97	0.11393248524120093
64.113	0.11393965665238101
64.257	0.11394765553408184
64.401	0.11395013794564418
64.545	0.11394765553408184
64.689	0.11393965665238101
64.833	0.11394765553408184
64.977	0.11394765553408184
65.12	0.11394020829939486
65.264	0.11394765553408184
65.408	0.11394020829939486
65.554	0.11394020829939486
65.696	0.11394020829939486
65.841	0.11394020829939486
65.985	0.11394765553408184
66.128	0.11394765553408184
66.272	0.11395013794564418
66.416	0.11395013794564418
66.56	0.11395648188630347
66.704	0.11395730935682424
66.847	0.11395730935682424
66.991	0.11395730935682424
67.135	0.1139523445336996
67.279	0.11395013794564418
67.423	0.11394600059304029
67.567	0.11393855335835329
67.711	0.11393855335835329
67.854	0.11393717424081867
67.998	0.11393331271172172
68.142	0.1139319335941871
68.286	0.1139319335941871
68.429	0.11393331271172172
68.574	0.11393579512328406
68.718	0.11393579512328406
68.861	0.11393910500536715
69.006	0.1139418632404364
69.15	0.11394600059304029
69.294	0.11394600059304029
69.437	0.11394600059304029
69.581	0.11395096541616495
69.727	0.11395399947474114
69.869	0.11395813682734501
70.013	0.11396641153255278
70.157	0.11397275547321208
70.3	0.11397744447282981
70.444	0.11398130600192677
70.588	0.11398213347244755
70.732	0.11398213347244755
70.876	0.11398213347244755
71.02	0.11398461588400988
71.163	0.11398461588400988
71.307	0.11398461588400988
71.455	0.11400226858845311
71.595	0.11401026747015396
71.738	0.11404253882046425
71.883	0.1140519168196997
72.026	0.1140519168196997
72.17	0.1140519168196997
72.314	0.11405357176074127
72.458	0.11406322558348367
72.602	0.11407315522973299
72.746	0.1140819815819546
72.89	0.1140852914640377
73.033	0.1140852914640377
73.17699999999999	0.1140852914640377
73.321	0.1140852914640377
73.465	0.1140852914640377
73.609	0.11408556728754463
73.752	0.11408556728754463
73.899	0.11408556728754463
74.043	0.1140949452867801
74.185	0.11410625405056404
74.328	0.11411259799122334
74.474	0.11411342546174412
74.617	0.1141197694024034
74.761	0.11412611334306269
74.907	0.11412776828410426
75.046	0.1141302506956666
75.191	0.11413190563670814
75.334	0.11415259239972755
75.479	0.11417327916274697
75.622	0.11417465828028162
75.766	0.11417741651535086
75.91	0.11418403627951708
76.053	0.11419286263173871
76.198	0.11420086151343954
76.341	0.1142072054540988
76.487	0.11421106698319577
76.629	0.11422375486451436
76.773	0.11423561527531215
76.917	0.11423892515739525
77.06099999999999	0.11424499327454762
77.204	0.11425768115586621
77.348	0.11427202397822633
77.492	0.11428553933006569
77.636	0.11429491732930117
77.78	0.11430153709346737
77.924	0.11431174256322361
78.067	0.11432305132700757
78.211	0.11433380844377765
78.355	0.11433987656093002
78.499	0.11433987656093002
78.643	0.11434291061950622
78.786	0.11434291061950622
78.931	0.11434291061950622
79.074	0.11434291061950622
79.218	0.11433987656093002
79.362	0.11433987656093002
79.506	0.11433987656093002
79.65	0.11433987656093002
79.794	0.11433987656093002
79.937	0.11433987656093002
80.084	0.11434291061950622
80.225	0.11434291061950622
80.369	0.11434291061950622
80.513	0.11434953038367243
80.657	0.11436056332394945
80.8	0.11436056332394945
80.944	0.11436056332394945
81.088	0.11436056332394945
81.232	0.11436056332394945
81.376	0.11436056332394945
81.52	0.11436056332394945
81.663	0.11436056332394945
81.807	0.11434953038367243
81.951	0.11434953038367243
82.095	0.1143407040314508
82.239	0.11432636120909065
82.383	0.11431119091620975
82.526	0.11430484697555048
82.67	0.11429905468190504
82.814	0.11429491732930117
82.958	0.11429491732930117
83.102	0.11429491732930117
83.246	0.1142932623882596
83.391	0.1142932623882596
83.534	0.1142932623882596
83.678	0.1142932623882596
83.822	0.1142932623882596
83.966	0.1142910558002042
84.11	0.11428967668266958
84.254	0.11428857338864187
84.397	0.1142866426240934
84.541	0.11427974703642026
84.685	0.11426981739017093
84.829	0.1142543712737831
84.973	0.11424113174545067
85.116	0.11423671856933984
85.26	0.11423120209920135
85.404	0.11422458233503513
85.548	0.11422044498243124
85.692	0.11422044498243124
85.836	0.11422044498243124
85.979	0.11422044498243124
86.126	0.11422458233503513
86.267	0.11422458233503513
86.411	0.1142339603342706
86.55499999999999	0.11425271633274153
86.699	0.11426981739017093
86.843	0.11426981739017093
86.986	0.11426981739017093
87.13	0.11426981739017093
87.274	0.11426981739017093
87.418	0.11426981739017093
87.562	0.11427974703642026
87.706	0.11427974703642026
87.849	0.11427974703642026
87.993	0.11428912503565572
88.137	0.11430429532853661
88.281	0.11433408426728459
88.425	0.11434787544263086
88.569	0.11434787544263086
88.712	0.11434787544263086
88.856	0.11434787544263086
89.0	0.11434787544263086
89.145	0.11433408426728459
89.287	0.11433408426728459
89.431	0.11433408426728459
89.575	0.11433408426728459
89.719	0.11433408426728459
89.863	0.11433408426728459
90.007	0.11433408426728459
90.151	0.11429822721138427
90.294	0.11428857338864187
90.438	0.11428857338864187
90.582	0.11426705915510167
90.726	0.11426705915510167
90.87	0.11426705915510167
91.014	0.11426705915510167
91.158	0.11427560968381635
91.30199999999999	0.11429491732930115
91.445	0.11430126126996044
91.589	0.1143158799158275
91.733	0.11433932491391616
91.877	0.1143558743243317
92.021	0.1143558743243317
92.164	0.11435752926537325
92.30799999999999	0.11435752926537325
92.452	0.11435752926537325
92.596	0.11435752926537325
92.74	0.11435752926537325
92.884	0.11435752926537325
93.027	0.11435752926537325
93.171	0.11435752926537325
93.315	0.11435752926537325
93.459	0.11436966549967797
93.603	0.11436966549967797
93.747	0.11436966549967797
93.891	0.11436966549967797
94.034	0.11435752926537325
94.178	0.1143569776183594
94.322	0.11434097985495772
94.466	0.11432249967999372
94.61	0.11432249967999372
94.753	0.11432249967999372
94.897	0.11432249967999372
95.041	0.11431008762218206
95.185	0.11430126126996044
95.329	0.11430126126996044
95.473	0.1142965722703427
95.617	0.11429243491773883
95.761	0.1142965722703427
95.904	0.1142965722703427
96.048	0.1142965722703427
96.192	0.11430126126996044
96.336	0.11430788103412666
96.48	0.11430788103412666
96.623	0.11430788103412666
96.767	0.11430788103412666
96.911	0.11430788103412666
97.05499999999999	0.11430788103412666
97.199	0.11431450079829288
97.343	0.11432249967999372
97.486	0.11432249967999372
97.63	0.11433684250235385
97.774	0.11433684250235385
97.918	0.11433684250235385
98.06099999999999	0.11433684250235385
98.209	0.11433105020870842
98.35	0.11431532826881366
98.494	0.11431312168075825
98.637	0.11430650191659203
98.781	0.11429739974086349
98.925	0.11429188327072498
99.068	0.11429188327072498
99.213	0.11429188327072498
99.356	0.1142888492121488
99.5	0.11428636680058646
99.644	0.11428636680058646
99.788	0.11428636680058646
99.932	0.11428636680058646
100.076	0.11428636680058646
100.219	0.11428333274201027
100.363	0.11427836791888563
100.507	0.11427836791888563
100.651	0.11427340309576098
100.794	0.11427119650770556
100.94	0.11427119650770556
101.084	0.11427119650770556
101.23	0.11426485256704627
101.371	0.1142607152144424
101.515	0.1142662316845809
101.659	0.1142662316845809
101.80199999999999	0.1142662316845809
101.947	0.1142662316845809
102.09	0.1142662316845809
102.235	0.1142725756252402
102.378	0.11427643715433713
102.522	0.11427643715433713
102.666	0.11428002285992717
102.81	0.11428002285992717
102.953	0.11428002285992717
103.097	0.11428333274201027
103.241	0.11428333274201027
103.385	0.11428333274201027
103.528	0.11428333274201027
103.673	0.11428002285992717
103.816	0.11428333274201027
103.96	0.11428333274201027
104.104	0.11428857338864186
104.248	0.11429436568228729
104.392	0.11429436568228729
104.535	0.11429436568228729
104.679	0.11429629644683578
104.824	0.11429629644683578
104.967	0.11429933050541197
105.111	0.11430236456398815
105.255	0.11430319203450894
105.399	0.11430319203450894
105.543	0.11430401950502972
105.68599999999999	0.11430732938711283
105.83	0.11431201838673055
105.974	0.11431974144492446
106.118	0.11432608538558375
106.261	0.11433105020870843
106.405	0.11433684250235385
106.549	0.11433987656093002
106.693	0.11434539303106855
106.837	0.11434925456016551
106.981	0.1143773885578719
107.125	0.11441103902571682
107.271	0.11441793461338998
107.412	0.11441793461338998
107.556	0.11441793461338998
107.7	0.11443255325925702
107.844	0.11444772355213792
107.988	0.11444772355213792
108.132	0.1144485510226587
108.275	0.1144485510226587
108.419	0.1144485510226587
108.563	0.1144485510226587
108.707	0.1144485510226587
108.854	0.1144485510226587
108.994	0.1144485510226587
109.142	0.1144485510226587
109.285	0.1144485510226587
109.42699999999999	0.1144485510226587
109.57	0.1144485510226587
109.717	0.1144485510226587
109.858	0.1144485510226587
110.002	0.1144485510226587
110.145	0.1144485510226587
110.289	0.1144485510226587
110.43299999999999	0.1144485510226587
110.577	0.11444717190512407
110.721	0.11444717190512407
110.865	0.11444717190512407
111.008	0.11439448961530127
111.152	0.1143418073254785
111.296	0.11432884362065299
111.44	0.1143418073254785
111.584	0.11432884362065299
111.728	0.11431505244530674
111.872	0.11432884362065299
112.015	0.11432884362065299
112.159	0.11431505244530674
112.303	0.11430788103412667
112.447	0.11430788103412667
112.591	0.11430484697555048
112.735	0.1142943656822873
112.878	0.1142943656822873
113.022	0.1142943656822873
113.166	0.11428002285992718
113.31	0.11428002285992718
113.454	0.11428002285992718
113.598	0.11427092068419864
113.741	0.1142643009200324
113.885	0.1142587844498939
114.029	0.11425575039131772
114.173	0.1142535438032623
114.317	0.11425050974468613
114.461	0.11422954715815979
114.605	0.11420913621864728
114.748	0.11420913621864728
114.893	0.11420913621864728
115.036	0.11420913621864728
115.17999999999999	0.11420913621864728
115.324	0.11420913621864728
115.468	0.11420748127760573
115.611	0.11420748127760573
115.755	0.11420913621864728
115.899	0.11420913621864728
116.043	0.11420913621864728
116.187	0.11421823839437584
116.334	0.11423671856933985
116.474	0.11423671856933985
116.619	0.11423671856933985
116.762	0.11421658345333428
116.906	0.11421658345333428
117.05	0.11423671856933985
117.193	0.11424995809767227
117.338	0.11425244050923461
117.481	0.11425244050923461
117.625	0.1142535438032623
117.769	0.11425575039131772
117.913	0.11425575039131772
118.057	0.11425575039131772
118.201	0.11425575039131772
118.345	0.11425492292079695
118.489	0.11425492292079695
118.633	0.11425244050923461
118.777	0.11424995809767227
118.92	0.11423671856933985
119.065	0.11421658345333428
119.208	0.11420748127760573
119.352	0.11420748127760573
119.496	0.11420279227798799
119.64	0.11420279227798799
119.784	0.11419810327837027
119.92699999999999	0.1141972758078495
120.072	0.11419562086680793
120.215	0.11419479339628714
120.359	0.1141909318671902
120.503	0.11418679451458634
120.647	0.11418513957354479
120.791	0.11418155386795474
120.935	0.11418155386795474
121.078	0.114176864868337
121.222	0.114176864868337
121.366	0.114176864868337
121.51	0.11417052092767774
121.654	0.11416390116351152
121.798	0.11416390116351152
121.941	0.11415259239972755
122.085	0.1141368704598328
122.229	0.1141368704598328
122.373	0.1141368704598328
122.517	0.1141368704598328
122.661	0.11415259239972755
122.80499999999999	0.11416390116351152
122.949	0.11416390116351152
123.092	0.11415259239972755
123.236	0.11416390116351152
123.38	0.11416390116351152
123.524	0.11415259239972755
123.668	0.11415259239972755
123.81099999999999	0.11415259239972755
123.955	0.11414404187101286
124.099	0.11414404187101286
124.243	0.11413990451840898
124.387	0.11413080234268044
124.531	0.11412363093150037
124.674	0.11411177052070257
124.818	0.1141012892274394
124.962	0.11408942881664158
125.106	0.11407370687674682
125.25	0.11406901787712909
125.396	0.11406377723049752
125.538	0.11405550252528973
125.682	0.11405550252528973
125.825	0.11404281464397117
125.969	0.11402130041043099
126.113	0.11400199276494621
126.257	0.11400199276494621
126.401	0.11400199276494621
126.544	0.11399730376532846
126.688	0.11399730376532846
126.832	0.11399730376532846
126.976	0.11399730376532846
127.12	0.11400475100001545
127.264	0.11402130041043099
127.407	0.11403343664473571
127.551	0.1140430904674781
127.695	0.1140541234077551
127.839	0.1140571574663313
127.983	0.11406212228945595
128.126	0.11408308487598229
128.271	0.11410073758042553
128.414	0.11411121887368872
128.558	0.11410073758042553
128.702	0.11410321999198787
128.846	0.1141205968729242
128.99	0.1141205968729242
129.134	0.11413742210684664
129.277	0.11413742210684664
129.421	0.11413080234268044
129.565	0.11411563204979952
129.709	0.11410708152108484
129.853	0.11410708152108484
129.99699999999999	0.11410708152108484
130.141	0.11410708152108484
130.284	0.11411728699084107
130.428	0.11411728699084107
130.573	0.11411728699084107
130.716	0.11411728699084107
130.859	0.11411728699084107
131.004	0.11411728699084107
131.15	0.11411728699084107
131.291	0.11413245728372198
131.435	0.11414624845906826
131.579	0.11415728139934529
131.723	0.11416141875194918
131.867	0.11416334951649768
132.01	0.1141680385161154
132.154	0.11417107257469156
132.298	0.11417272751573312
132.442	0.11417576157430931
132.586	0.11417796816236472
132.73	0.11417907145639242
132.874	0.1141798989269132
133.017	0.11418431210302402
133.161	0.11419810327837027
133.305	0.11420941204215421
133.449	0.11421106698319577
133.592	0.11421299774774425
133.736	0.1142232032175005
133.88	0.11423396033427059
134.024	0.11423782186336755
134.168	0.11424113174545067
134.312	0.11424444162753376
134.457	0.11424940645065843
134.6	0.11425602621482464
134.743	0.11425602621482464
134.887	0.11426237015548393
135.031	0.11426705915510167
135.175	0.11427533386030944
135.318	0.11428581515357261
135.463	0.1142921590942319
135.607	0.11430153709346737
135.75	0.114310363445689
135.895	0.11431367332777209
136.039	0.11431367332777209
136.183	0.11431670738634828
136.326	0.11432001726843138
136.47	0.1143318776792292
136.614	0.1143318776792292
136.758	0.11434291061950622
136.902	0.11434291061950622
137.046	0.1143503578541932
137.19	0.1143503578541932
137.333	0.1143503578541932
137.477	0.11435835673589403
137.621	0.11436083914745634
137.765	0.11436083914745634
137.909	0.11436497650006022
138.052	0.11436497650006022
138.196	0.11436497650006022
138.34	0.11436938967617105
138.484	0.1143710446172126
138.628	0.1143710446172126
138.772	0.1143710446172126
138.916	0.11437297538176108
139.059	0.11437297538176108
139.203	0.11437297538176108
139.347	0.11437297538176108
139.49099999999999	0.11437931932242038
139.635	0.11438538743957273
139.779	0.11438538743957273
139.923	0.11438538743957273
140.066	0.11438538743957273
140.21	0.11438538743957273
140.354	0.11438786985113505
140.498	0.11438786985113505
140.642	0.11438786985113505
140.785	0.11438786985113505
140.929	0.11438786985113505
141.073	0.11438786985113505
141.217	0.11438538743957273
141.361	0.11438786985113505
141.505	0.11438593908658659
141.649	0.11438455996905197
141.792	0.11438593908658659
141.936	0.11438593908658659
142.08	0.11438455996905197
142.224	0.11438455996905197
142.367	0.11438455996905197
142.512	0.11438593908658659
142.656	0.11438593908658659
142.799	0.11438593908658659
142.943	0.11438455996905197
143.087	0.11438180173398271
143.231	0.11438455996905197
143.375	0.11438235338099656
143.52	0.11437545779332342
143.662	0.1143710446172126
143.806	0.1143710446172126
143.95	0.11437021714669182
144.094	0.1143710446172126
144.238	0.1143710446172126
144.382	0.11437545779332342
144.525	0.11438235338099656
144.67	0.11438235338099656
144.813	0.11438593908658659
144.957	0.11438593908658659
145.101	0.11438235338099656
145.245	0.11438593908658659
145.389	0.11438759402762813
145.532	0.11438759402762813
145.676	0.11438759402762813
145.82	0.11438952479217662
145.964	0.11439117973321818
146.107	0.11439117973321818
146.254	0.11439807532089132
146.395	0.11440304014401598
146.539	0.11440304014401598
146.683	0.11440304014401598
146.826	0.11440607420259216
146.971	0.11441103902571681
147.115	0.11441600384884149
147.258	0.11442620931859773
147.402	0.11443475984731243
147.546	0.11443475984731243
147.69	0.11443475984731243
147.833	0.11443475984731243
147.977	0.11443475984731243
148.121	0.11443475984731243
148.265	0.11443475984731243
148.409	0.11443586314134013
148.553	0.11443862137640938
148.697	0.11444551696408253
148.841	0.1144515850812349
148.984	0.1144515850812349
149.128	0.1144559982573457
149.272	0.1144559982573457
149.416	0.1144559982573457
149.559	0.1144559982573457
149.704	0.1144559982573457
149.847	0.1144559982573457
149.99099999999999	0.1144559982573457
150.135	0.1144559982573457
150.279	0.1144559982573457
150.423	0.11445682572786647
150.566	0.11445682572786647
150.71	0.11445682572786647
150.854	0.11445682572786647
150.998	0.1144571015513734
151.142	0.1144571015513734
151.286	0.11445434331630415
151.43	0.11445324002227644
151.573	0.11445324002227644
151.717	0.11445241255175567
151.861	0.11445241255175567
152.005	0.11445241255175567
152.149	0.11445241255175567
152.292	0.11445241255175567
152.436	0.11445241255175567
152.581	0.11445241255175567
152.724	0.11445241255175567
152.868	0.11444937849317949
153.012	0.11444937849317949
153.155	0.11444937849317949
153.3	0.11443613896484706
153.444	0.11442400273054232
153.588	0.11442400273054232
153.732	0.11442400273054232
153.875	0.11442317526002155
154.02	0.11442096867196615
154.164	0.11440883243766142
154.307	0.11440000608543979
154.452	0.11439200720373896
154.599	0.11439117973321818
154.74099999999999	0.11437297538176108
154.884	0.11435504685381093
155.028	0.11435504685381093
155.172	0.11435504685381093
155.317	0.1143462205015893
155.461	0.11433987656093002
155.602	0.11433656667884692
155.746	0.11433298097325689
155.889	0.11432305132700757
156.033	0.11430595026957818
156.177	0.11429491732930117
156.321	0.11429353821176652
156.465	0.11428857338864186
156.608	0.11427340309576095
156.753	0.11426181850847006
156.896	0.11426099103794929
157.04	0.11425437127378307
157.184	0.11423837351038141
157.328	0.11422899551114594
157.472	0.1142198933354174
157.615	0.11420748127760574
157.759	0.11420279227798799
157.903	0.11418458792653093
158.047	0.11415341987024832
158.191	0.11413880122438128
158.334	0.11412969904865274
158.479	0.11411563204979952
158.62199999999999	0.11409825516886321
158.766	0.11408142993494075
158.91	0.11406956952414293
159.054	0.11403178170369414
159.198	0.11396779065008741
159.341	0.1138900084211344
159.485	0.11382849977909
159.629	0.11379567678176586
159.774	0.11364121561788752
159.917	0.11320458700642433
160.061	0.11289290644359842
160.205	0.11283277691908866
160.348	0.11277788804121046
160.492	0.11271610357565913
160.636	0.11265487075712166
160.78	0.11262480599486677
160.924	0.11259639617365343
161.067	0.11258674235091103
161.212	0.11257377864608553
161.355	0.11257377864608553
161.504	0.11257377864608553
161.643	0.11257377864608553
161.787	0.11257377864608553
161.931	0.11257377864608553
162.074	0.11257377864608553
162.218	0.11257377864608553
162.362	0.11257377864608553
162.506	0.11257377864608553
162.65	0.11257377864608553
162.794	0.11257377864608553
162.937	0.11257377864608553
163.081	0.11257377864608553
163.225	0.11257377864608553
163.369	0.11257377864608553
163.514	0.11257377864608553
163.658	0.11257377864608553
163.8	0.11257377864608553
163.944	0.11258674235091103
164.088	0.11259639617365343
164.232	0.11259639617365343
164.376	0.11259639617365343
164.52	0.11259639617365343
164.663	0.11264438946385849
164.809	0.11269321022458431
164.951	0.11273485957413007
165.095	0.11277016498301654
165.239	0.11280491874488917
165.382	0.11284794721196956
165.527	0.1128689097984959
165.67	0.11289925038425772
165.816	0.1129400722632827
165.958	0.11296434473189215
166.102	0.11296682714345449
166.246	0.11297151614307221
166.389	0.11297786008373151
166.533	0.11298337655387003
166.677	0.11299468531765397
166.821	0.11300323584636868
166.965	0.11300489078741022
167.108	0.11301288966911105
167.253	0.11302392260938807
167.396	0.11303136984407505
167.54	0.11304323025487287
167.684	0.11305757307723299
167.828	0.11306639942945462
167.972	0.11307936313428012
168.11599999999999	0.11309618836820258
168.26	0.11313425201215832
168.403	0.1131783837732664
168.547	0.1132161715937152
168.691	0.1132440297679147
168.835	0.1132633374133995
168.979	0.11333946470131095
169.12199999999999	0.11346110286786512
169.266	0.11355074550761594
169.41	0.11357860368181544
169.554	0.11358025862285699
169.698	0.11359322232768247
169.841	0.11361501238472958
169.986	0.11363514750073517
170.129	0.11364866285257451
170.273	0.1136539034992061
170.417	0.11365638591076843
170.563	0.1136776243208017
170.705	0.11370079349538345
170.849	0.11370355173045271
170.993	0.11370355173045271
171.137	0.11370355173045271
171.281	0.11371155061215357
171.425	0.11371155061215357
171.569	0.11371155061215357
171.713	0.11371155061215357
171.856	0.11371155061215357
172.0	0.11371155061215357
172.144	0.11371155061215357
172.288	0.11371155061215357
172.432	0.11371155061215357
172.575	0.11371155061215357
172.719	0.11371155061215357
172.863	0.11371155061215357
173.007	0.11371155061215357
173.151	0.11371155061215357
173.295	0.11371155061215357
173.439	0.11371155061215357
173.582	0.11371155061215357
173.726	0.11370355173045271
173.87	0.11370355173045271
174.015	0.11370051767187653
174.158	0.11368231332041945
174.302	0.11366466061597622
174.445	0.11366217820441388
174.589	0.11365969579285154
174.733	0.1136550067932338
174.877	0.1136475595585468
175.021	0.11364011232385982
175.165	0.11363321673618668
175.308	0.1136279760895551
175.452	0.11362632114851354
175.596	0.11362632114851354
175.74	0.11362439038396507
175.884	0.11362439038396507
176.028	0.11362439038396507
176.175	0.11362439038396507
176.315	0.11361777061979886
176.459	0.11361777061979886
176.603	0.11361777061979886
176.74699999999999	0.11361777061979886
176.891	0.11361777061979886
177.035	0.11361777061979886
177.179	0.11361777061979886
177.322	0.11361777061979886
177.466	0.11361777061979886
177.61	0.11361777061979886
177.754	0.11361777061979886
177.898	0.11361777061979886
178.041	0.11361777061979886
178.185	0.11361777061979886
178.329	0.11361225414966034
178.473	0.11361225414966034
178.617	0.11361225414966034
178.761	0.11361225414966034
178.905	0.11361225414966034
179.048	0.11361225414966034
179.192	0.11361225414966034
179.336	0.11361225414966034
179.48	0.1136139090907019
179.625	0.11361942556084041
179.768	0.11362356291344429
179.912	0.11362356291344429
180.055	0.11362770026604817
180.199	0.11363487167722822
180.343	0.1136539034992061
180.487	0.11367045290962163
180.631	0.11367459026222552
180.774	0.11367900343833634
180.918	0.11368645067302333
181.062	0.11369638031927265
181.206	0.11370189678941116
181.35	0.1137043792009735
181.494	0.11370741325954967
181.638	0.11371375720020896
181.781	0.11371761872930593
181.925	0.11371872202333363
182.069	0.11372837584607602
182.213	0.11373775384531148
182.356	0.11374492525649155
182.501	0.11376561201951096
182.644	0.11379153942916195
182.788	0.1138069855455498
182.932	0.11381112289815369
183.076	0.11382132836790992
183.22	0.11383787777832546
183.364	0.11384946236561636
183.507	0.11386380518797648
183.651	0.11387345901071888
183.795	0.1138759414222812
183.939	0.11388587106853051
184.083	0.11389938642036986
184.227	0.11391566000727847
184.37	0.1139277962415832
184.514	0.11394434565199874
184.658	0.11394434565199874
184.802	0.11396255000345583
184.946	0.113980478531406
185.089	0.11399840705935615
185.234	0.11400806088209856
185.378	0.11402157623393791
185.521	0.11403840146786037
185.665	0.11405357176074127
185.809	0.11407674093532302
185.953	0.11409687605132858
186.097	0.11410211669796017
186.24	0.11411370128525104
186.384	0.11413080234268042
186.528	0.11414928251764445
186.672	0.11417548575080239
186.816	0.1142058263365642
186.96	0.11422844386413208
187.104	0.11423809768687448
187.24699999999999	0.11423809768687448
187.391	0.11423809768687448
187.535	0.11423809768687448
187.679	0.11423809768687448
187.823	0.11423809768687448
187.966	0.11424444162753376
188.11	0.11424444162753376
188.256	0.1142532679797554
188.4	0.11426264597899086
188.543	0.11427092068419864
188.689	0.11427092068419864
188.83	0.11427781627187178
188.974	0.11428388438902413
189.118	0.11428388438902413
189.262	0.11428388438902413
189.406	0.11428388438902413
189.55	0.11428388438902413
189.694	0.11428388438902413
189.837	0.11428388438902413
189.981	0.11428388438902413
190.125	0.11428388438902413
190.269	0.11428581515357261
190.413	0.11428581515357261
190.557	0.11428581515357261
190.7	0.11427698880135098
190.844	0.1142654042140601
190.988	0.1142598877439216
191.134	0.1142532679797554
191.28	0.11424802733312381
191.423	0.11424388998051992
191.567	0.11424030427492987
191.708	0.1142394768044091
191.855	0.11423864933388833
191.998	0.11423589109881907
192.139	0.11422789221711824
192.283	0.1142209966294451
192.427	0.1142209966294451
192.571	0.11421823839437584
192.714	0.11421272192423733
192.858	0.1142091362186473
193.002	0.11420361974850879
193.146	0.1141950692197941
193.29	0.114191759337711
193.433	0.11418707033809328
193.577	0.11417907145639242
193.721	0.11417520992729546
193.865	0.1141713483981985
194.009	0.11416638357507383
194.153	0.11415645392882452
194.297	0.1141476275766029
194.44	0.11415645392882452
194.584	0.1141476275766029
194.728	0.11414514516504057
194.87199999999999	0.11414514516504057
195.015	0.1141412836359436
195.16	0.11413742210684664
195.304	0.11413162981320121
195.448	0.11413162981320121
195.591	0.11413162981320121
195.735	0.11413162981320121
195.879	0.11413742210684664
196.023	0.11413742210684664
196.166	0.11413742210684664
196.31	0.11413190563670814
196.454	0.11413190563670814
196.598	0.11412776828410426
196.742	0.11412749246059732
196.886	0.11412749246059732
197.03	0.11412749246059732
197.173	0.11412749246059732
197.317	0.11412749246059732
197.461	0.11412749246059732
197.605	0.11412749246059732
197.753	0.11412749246059732
197.893	0.11412749246059732
198.037	0.11412749246059732
198.18	0.11412776828410426
198.324	0.11413576716580509
198.468	0.11413576716580509
198.612	0.1141443176945198
198.756	0.11414597263556134
198.899	0.11414597263556134
199.043	0.1141476275766029
199.187	0.11415562645830374
199.331	0.11416831433962232
199.475	0.11417493410378854
199.619	0.11417907145639242
199.763	0.11419231098472485
199.906	0.11420444721902955
200.05	0.11420886039514036
200.194	0.11420886039514036
200.338	0.11421299774774425
200.482	0.11421520433579965
200.626	0.11422485815854205
200.769	0.11423533945180522
200.914	0.11424692403909611
201.057	0.11425823280288006
201.201	0.11425823280288006
201.345	0.11426374927301856
201.489	0.11426981739017092
201.632	0.1142802986834341
201.776	0.11429077997669727
201.92	0.11429271074124574
202.064	0.11429271074124574
202.208	0.11429436568228729
202.352	0.11430070962294658
202.496	0.11430705356360588
202.639	0.11430953597516821
202.784	0.11431119091620978
202.927	0.11431560409232058
203.071	0.11432029309193831
203.214	0.11432553373856989
203.359	0.11433105020870842
203.502	0.1143329809732569
203.646	0.11433573920832614
203.79	0.11433766997287459
203.934	0.1143407040314508
204.078	0.11434787544263086
204.222	0.11435201279523474
204.36599999999999	0.11435256444224859
204.509	0.11435256444224859
204.653	0.11435421938329013
204.797	0.11435670179485247
204.942	0.1143591842064148
205.085	0.11436194244148407
205.229	0.11436497650006025
205.37199999999999	0.11436690726460871
205.516	0.11437463032280264
205.66	0.11438373249853119
205.805	0.114388145674642
205.949	0.11440028190894672
206.094	0.11440993573168912
206.236	0.11442731261262543
206.38	0.11444689608161715
206.528	0.11446123890397729
206.668	0.11448247731401054
206.812	0.11449682013637066
206.956	0.11450399154755073
207.099	0.1145144728408139
207.243	0.11452633325161171
207.387	0.11453350466279177
207.531	0.11454040025046491
207.674	0.11454591672060344
207.819	0.11455667383737353
207.963	0.11457377489480292
208.106	0.11458784189365612
208.25	0.11460770118615476
208.394	0.1146264571846257
208.538	0.11463224947827114
208.681	0.11463831759542349
208.826	0.11465183294726285
208.969	0.11466645159312991
209.113	0.11467445047483074
209.257	0.11467445047483074
209.401	0.11468189770951773
209.545	0.11468189770951773
209.689	0.11468189770951773
209.832	0.11468189770951773
209.976	0.11468189770951773
210.12	0.11469403394382247
210.264	0.11469403394382247
210.407	0.11469403394382247
210.552	0.11470120535500253
210.695	0.11470561853111334
210.839	0.11470561853111334
210.983	0.11470561853111334
211.127	0.11471168664826571
211.271	0.11471168664826571
211.414	0.11471168664826571
211.559	0.11471168664826571
211.702	0.11471665147139037
211.846	0.11471665147139037
211.99	0.11471665147139037
212.134	0.11471665147139037
212.278	0.11471168664826571
212.422	0.11470561853111334
212.565	0.11470561853111334
212.709	0.11470561853111334
212.853	0.11470120535500253
212.99699999999999	0.11470120535500253
213.14	0.11469403394382247
213.285	0.11468189770951773
213.429	0.11468189770951773
213.572	0.11467445047483074
213.716	0.11466976147521302
213.86	0.11466093512299139
214.004	0.11465293624129055
214.147	0.11465293624129055
214.291	0.11465072965323514
214.435	0.11465072965323514
214.579	0.11464879888868668
214.723	0.11464080000698583
214.867	0.11464080000698583
215.011	0.11463224947827114
215.155	0.11460659789212706
215.298	0.11457873971792758
215.442	0.1145768089533791
215.586	0.11457322324778907
215.73	0.1145671551306367
215.874	0.1145671551306367
216.018	0.11456081118997741
216.161	0.11455888042542893
216.305	0.11455777713140122
216.449	0.11455777713140122
216.593	0.11455446724931813
216.737	0.11455115736723502
216.88	0.11455115736723502
217.024	0.11455115736723502
217.168	0.11455115736723502
217.312	0.11454040025046491
217.456	0.11452440248706323
217.6	0.11452440248706323
217.743	0.1145175068993901
217.887	0.11451585195834854
218.031	0.11451171460574464
218.175	0.11451171460574464
218.319	0.11450730142963383
218.463	0.11450261243001611
218.606	0.11450261243001611
218.75	0.11449461354831525
218.894	0.11448909707817675
219.038	0.11448909707817675
219.182	0.1144841322550521
219.326	0.11447696084387204
219.47	0.11447392678529586
219.613	0.11447309931477509
219.757	0.1144722718442543
219.901	0.11446592790359501
220.045	0.11445379166929029
220.189	0.11444386202304097
220.333	0.11443641478835398
220.476	0.11442841590665312
220.62	0.11441986537793844
220.764	0.11441434890779993
220.908	0.11441048737870298
221.052	0.11441048737870298
221.199	0.11441048737870298
221.339	0.11441048737870298
221.483	0.11441048737870298
221.627	0.1144033159675229
221.771	0.1144033159675229
221.915	0.11439504126231514
222.059	0.11439090390971124
222.203	0.11439090390971124
222.346	0.11438455996905197
222.49	0.11438455996905197
222.634	0.11438455996905197
222.778	0.1143784918518996
222.921	0.11438455996905197
223.066	0.11438455996905197
223.21	0.11438455996905197
223.354	0.11438455996905197
223.498	0.11438455996905197
223.642	0.11438455996905197
223.786	0.11438455996905197
223.93	0.11438455996905197
224.073	0.11438455996905197
224.219	0.11438125008696887
224.361	0.11438676655710736
224.505	0.11438676655710736
224.649	0.11439752367387745
224.793	0.11440635002609909
224.938	0.11440635002609909
225.084	0.11440635002609909
225.227	0.11441572802533456
225.371	0.11442841590665312
225.513	0.11443310490627086
225.659	0.11444027631745093
225.802	0.11444772355213792
225.947	0.11444799937564484
226.089	0.1144485510226587
226.231	0.11444910266967256
226.375	0.11445186090474183
226.519	0.11446868613866429
226.662	0.11449709595987762
226.806	0.11451502448782776
226.95	0.1145274365456394
227.094	0.11454426177956187
227.238	0.11455667383737353
227.381	0.114566051836609
227.526	0.114566051836609
227.669	0.11457405071830984
227.813	0.11457873971792758
227.957	0.11457873971792758
228.101	0.11457873971792758
228.245	0.1145812221294899
228.388	0.11458287707053144
228.532	0.11458287707053144
228.676	0.11458480783507993
228.82	0.11458480783507993
228.964	0.11458480783507993
229.108	0.11458480783507993
229.252	0.11459528912834313
229.395	0.11460963195070326
229.539	0.11460963195070326
229.683	0.11461597589136252
229.827	0.11461818247941793
229.971	0.11462204400851489
230.114	0.11461818247941793
230.258	0.11461818247941793
230.402	0.11461818247941793
230.546	0.11461818247941793
230.69	0.11461818247941793
230.834	0.11461818247941793
230.978	0.11461818247941793
231.121	0.11461597589136252
231.265	0.11461597589136252
231.411	0.11461597589136252
231.554	0.11461211436226558
231.696	0.11461211436226558
231.84	0.11461211436226558
231.984	0.11460963195070326
232.128	0.11459777153990545
232.272	0.11458398036455916
232.416	0.11457956718844835
232.56	0.11457956718844835
232.704	0.11457956718844835
232.847	0.11457956718844835
232.99099999999999	0.11457956718844835
233.135	0.11457956718844835
233.279	0.11457956718844835
233.422	0.11457956718844835
233.567	0.11457956718844835
233.71	0.11457956718844835
233.854	0.11457956718844835
234.0	0.11457956718844835
234.142	0.11458398036455916
234.286	0.11458398036455916
234.429	0.11459777153990545
234.573	0.11460963195070326
234.717	0.11461211436226558
234.861	0.11461597589136252
235.005	0.11461818247941793
235.149	0.11462811212566726
235.293	0.11463776594840966
235.437	0.11463776594840966
235.58	0.1146405241834789
235.724	0.11465238459427668
235.868	0.1146838284740662
236.012	0.11471223829527954
236.155	0.11471885805944577
236.302	0.11471885805944577
236.443	0.11472409870607736
236.587	0.11472409870607736
236.731	0.11473016682322973
236.875	0.11473016682322973
237.019	0.11473016682322973
237.162	0.11473513164635438
237.306	0.11473513164635438
237.45	0.11473513164635438
237.594	0.11473513164635438
237.738	0.11473513164635438
237.882	0.11473513164635438
238.026	0.11473513164635438
238.17	0.11473513164635438
238.313	0.11473513164635438
238.457	0.11473513164635438
238.601	0.11473513164635438
238.745	0.11473513164635438
238.888	0.11473513164635438
239.032	0.11473513164635438
239.176	0.11473513164635438
239.32	0.11473513164635438
239.464	0.11473513164635438
239.608	0.11473513164635438
239.752	0.1147343041758336
239.895	0.1147343041758336
240.039	0.11472906352920201
240.183	0.11471858223593885
240.327	0.11470230864903025
240.47	0.11467748453340694
240.615	0.11466865818118531
240.76	0.11466093512299139
240.903	0.11465045382972822
241.047	0.11465045382972822
241.191	0.11465045382972822
241.335	0.11463335277229883
241.479	0.11463335277229883
241.62199999999999	0.1146157000678556
241.766	0.114606873715634
241.91	0.114606873715634
242.054	0.11460135724549547
242.198	0.1145856353056007
242.342	0.11456660348362285
242.486	0.11456025954296356
242.631	0.11455694966088045
242.773	0.11455198483775579
242.917	0.1145456408970965
243.063	0.11454371013254802
243.204	0.11454040025046491
243.348	0.11453184972175023
243.492	0.11452385084004937
243.636	0.11451998931095242
243.78	0.11451392119380005
243.924	0.1145056464885923
244.068	0.11449433772480835
244.212	0.11449433772480835
244.355	0.11447696084387204
244.499	0.11446537625658117
244.643	0.11446537625658117
244.787	0.11445241255175566
244.931	0.11444137961147864
245.075	0.11441765878988305
245.219	0.11440248849700214
245.362	0.11440965990818219
245.507	0.11442620931859773
245.65	0.11445434331630415
245.794	0.11447696084387204
245.938	0.11448661466661444
246.081	0.11449185531324602
246.225	0.11449185531324602
246.369	0.11449957837143993
246.513	0.11450288825352303
246.657	0.11449957837143993
246.801	0.11449185531324602
246.945	0.11448661466661444
247.088	0.11447696084387204
247.232	0.1144485510226587
247.376	0.1144485510226587
247.52	0.1144485510226587
247.663	0.11442041702495229
247.808	0.11442041702495229
247.951	0.11442041702495229
248.095	0.11442041702495229
248.239	0.11442041702495229
248.383	0.11442041702495229
248.527	0.11442041702495229
248.67	0.11442041702495229
248.814	0.11442041702495229
248.958	0.11442041702495229
249.102	0.11442041702495229
249.246	0.11442041702495229
249.39	0.11442041702495229
249.534	0.11442041702495229
249.678	0.11442041702495229
249.821	0.11444772355213792
249.965	0.11446647955060887
250.109	0.1144753059028305
250.253	0.11448578719609367
250.396	0.11449185531324602
250.541	0.1144981992539053
250.684	0.1145015091359884
250.828	0.11451116295873079
250.972	0.11452467831057014
251.11599999999999	0.11453515960383333
251.26	0.11454426177956187
251.403	0.1145575013078943
251.553	0.1146005297749747
251.691	0.11466369335806065
251.835	0.11470230864903022
251.979	0.11471527235385574
252.123	0.11472051300048733
252.267	0.11472465035309122
252.411	0.11472961517621588
252.554	0.11472961517621588
252.698	0.11472961517621588
252.842	0.11473264923479205
252.986	0.11473264923479205
253.129	0.11473264923479205
253.273	0.11473264923479205
253.417	0.11473264923479205
253.561	0.11473595911687515
253.705	0.1147398206459721
253.849	0.11474919864520759
253.993	0.11474919864520759
254.136	0.11474919864520759
254.28	0.11476629970263698
254.424	0.11476629970263698
254.568	0.11476629970263698
254.711	0.11476629970263698
254.856	0.11476629970263698
255.0	0.11476629970263698
255.144	0.11476629970263698
255.287	0.11476629970263698
255.431	0.11476629970263698
255.575	0.11476629970263698
255.719	0.11475581840937381
255.86200000000002	0.11474699205715218
256.007	0.1147398206459721
256.15	0.1147398206459721
256.294	0.1147398206459721
256.438	0.11473595911687515
256.582	0.11473264923479205
256.726	0.11473127011725742
256.87	0.11472823605868125
257.013	0.11472630529413276
257.157	0.11471830641243191
257.301	0.11470727347215488
257.445	0.1146976196494125
257.589	0.11468741417965625
257.733	0.11468272518003853
257.876	0.11468162188601082
258.02	0.11468051859198311
258.165	0.11467803618042077
258.309	0.11467582959236536
258.453	0.11467307135729611
258.597	0.11467307135729611
258.741	0.11467307135729611
258.884	0.11465928018194985
259.028	0.11464714394764511
259.172	0.11464714394764511
259.316	0.11464714394764511
259.46	0.11464714394764511
259.604	0.11464714394764511
259.747	0.11465514282934595
259.891	0.11466727906365068
260.035	0.11466727906365068
260.179	0.11466727906365068
260.323	0.11467307135729611
260.467	0.11467307135729611
260.61	0.11467307135729611
260.754	0.11467307135729611
260.898	0.11467307135729611
261.042	0.11467307135729611
261.188	0.11467582959236536
261.329	0.1146772087099
261.474	0.1146772087099
261.617	0.11467886365094157
261.761	0.11468051859198311
261.905	0.11468079441549003
262.049	0.11468079441549003
262.193	0.11468272518003853
262.337	0.11468741417965625
262.48	0.11468741417965625
262.624	0.1146976196494125
262.768	0.11470727347215488
262.912	0.1147009295314956
263.056	0.1147009295314956
263.2	0.11472630529413276
263.343	0.11475278435079762
263.487	0.11476464476159542
263.631	0.1147731952903101
263.775	0.11477485023135167
263.919	0.11477595352537937
264.063	0.11477622934888629
264.206	0.11477622934888629
264.35	0.11477926340746247
264.49399999999997	0.11478229746603866
264.638	0.11478312493655943
264.782	0.11478422823058712
264.926	0.11478974470072567
265.07	0.1147969161119057
265.213	0.11480270840555114
265.357	0.11481236222829355
265.501	0.11481925781596669
265.645	0.11482229187454286
265.789	0.11483194569728525
265.933	0.11483994457898611
266.076	0.1148410478730138
266.223	0.1148432544610692
266.364	0.1148432544610692
266.508	0.1148432544610692
266.652	0.1148432544610692
266.795	0.1148410478730138
266.94	0.11483994457898611
267.083	0.11483994457898611
267.227	0.11483746216742377
267.371	0.11483387646183374
267.515	0.11483387646183374
267.659	0.11482835999169522
267.803	0.11482229187454286
267.946	0.11482229187454286
268.09	0.11481346552232125
268.234	0.114803260052565
268.378	0.11479939852346803
268.522	0.11481015564023814
268.666	0.1148065699346481
268.809	0.11479939852346803
268.953	0.1148065699346481
269.097	0.1148065699346481
269.241	0.1148065699346481
269.385	0.1148065699346481
269.529	0.11481677540440435
269.673	0.11481677540440435
269.816	0.11481677540440435
269.96	0.11481677540440435
270.104	0.11482642922714674
270.25	0.11482642922714674
270.392	0.11483387646183374
270.535	0.11482642922714674
270.679	0.1148228435215567
270.823	0.1148228435215567
270.967	0.11482532593311903
271.111	0.11481567211037665
271.254	0.11480987981673121
271.399	0.11480987981673121
271.542	0.11480408752308577
271.686	0.11480077764100266
271.83	0.11479746775891958
271.974	0.11479498534735726
272.118	0.11478533152461486
272.261	0.11478533152461486
272.406	0.11478533152461486
272.549	0.11478533152461486
272.693	0.11478533152461486
272.837	0.11478202164253175
272.981	0.11477209199628241
273.125	0.11476850629069238
273.268	0.11476823046718546
273.412	0.11476629970263698
273.556	0.11476326564406081
273.7	0.11476326564406081
273.844	0.11476161070301924
273.987	0.11476161070301924
274.132	0.11476271399704696
274.275	0.11476161070301924
274.42	0.11476161070301924
274.563	0.11476161070301924
274.708	0.1147599557619777
274.851	0.1147599557619777
274.99399999999997	0.11476243817354002
275.139	0.1147599557619777
275.282	0.11475664587989459
275.426	0.11475002611572838
275.57	0.11475002611572838
275.715	0.11473982064597213
275.859	0.11473347670531284
276.002	0.11473347670531284
276.146	0.11473347670531284
276.29	0.11473982064597213
276.434	0.11475002611572838
276.578	0.11475002611572838
276.722	0.11474202723402752
276.866	0.11474202723402752
277.009	0.11475002611572838
277.153	0.11475002611572838
277.297	0.11474202723402752
277.441	0.11473651076388901
277.585	0.11473347670531284
277.728	0.11473347670531284
277.872	0.11473651076388901
278.016	0.11473651076388901
278.16	0.11473651076388901
278.304	0.11473347670531284
278.448	0.11473651076388901
278.592	0.11474064811649289
278.735	0.11474864699819373
278.879	0.11475664587989459
279.023	0.1147610590560054
279.17	0.11475912829145692
279.311	0.11475912829145692
279.454	0.11475912829145692
279.599	0.11475912829145692
279.742	0.11475912829145692
279.886	0.11475912829145692
280.03	0.11475912829145692
280.174	0.1147643689380885
280.318	0.11476685134965083
280.461	0.11476988540822702
280.605	0.11477181617277549
280.749	0.11477181617277549
280.893	0.11477264364329626
281.04	0.11477264364329626
281.181	0.11477264364329626
281.325	0.11477291946680318
281.468	0.1147751260548586
281.613	0.11478009087798327
281.76	0.1147836765835733
281.901	0.1147836765835733
282.044	0.11478009087798327
282.191	0.1147751260548586
282.335	0.11478009087798327
282.479	0.11478009087798327
282.623	0.11478009087798327
282.765	0.1147836765835733
282.909	0.1147836765835733
283.053	0.1147836765835733
283.197	0.11478009087798327
283.338	0.11478009087798327
283.482	0.1147751260548586
283.626	0.11477347111381703
283.769	0.11477347111381703
283.914	0.11477347111381703
284.057	0.11477567770187244
284.201	0.11477567770187244
284.345	0.11477347111381703
284.489	0.11477347111381703
284.633	0.11477347111381703
284.777	0.11477347111381703
284.92	0.11477264364329626
285.064	0.11477264364329626
285.208	0.11477347111381703
285.352	0.11477567770187244
285.496	0.11477567770187244
285.64	0.11477567770187244
285.784	0.11477567770187244
285.927	0.11477567770187244
286.071	0.1147784359369417
286.215	0.11478450405409404
286.359	0.11478615899513558
286.502	0.11478615899513558
286.647	0.11478450405409404
286.79	0.1147784359369417
286.934	0.11477347111381703
287.078	0.11477209199628241
287.222	0.11476767882017161
287.366	0.11476243817354002
287.509	0.11476243817354002
287.653	0.11475830082093613
287.797	0.11475830082093613
287.941	0.11476243817354002
288.085	0.11476243817354002
288.231	0.11476574805562312
288.372	0.11476574805562312
288.516	0.11476574805562312
288.66	0.11476574805562312
288.804	0.11476243817354002
288.949	0.11476243817354002
289.093	0.11476243817354002
289.235	0.11476243817354002
289.379	0.11476243817354002
289.523	0.11476243817354002
289.667	0.11475830082093613
289.811	0.11475830082093613
289.955	0.11475830082093613
290.1	0.11476298982055388
290.242	0.11476823046718546
290.386	0.11477209199628241
290.53	0.11476905793770623
290.674	0.11476905793770623
290.818	0.11476712717315776
290.961	0.11476712717315776
291.106	0.11476905793770623
291.249	0.11476712717315776
291.393	0.11476712717315776
291.537	0.11476905793770623
291.681	0.11477926340746249
291.825	0.11479829522944035
291.968	0.11481125893426583
292.112	0.11481125893426583
292.256	0.11481125893426583
292.4	0.11480326005256498
292.544	0.11479333040631567
292.688	0.11479333040631567
292.831	0.11479333040631567
292.975	0.11479333040631567
293.11899999999997	0.11479333040631567
293.264	0.11479333040631567
293.408	0.11479333040631567
293.552	0.11479333040631567
293.695	0.11479333040631567
293.839	0.11480326005256498
293.983	0.11480326005256498
294.127	0.11480326005256498
294.271	0.11481125893426583
294.415	0.11481456881634894
294.559	0.11481456881634894
294.702	0.11481456881634894
294.846	0.11481456881634894
294.99	0.1148065699346481
295.134	0.11481622375739049
295.278	0.11481622375739049
295.422	0.11481622375739049
295.565	0.11482063693350131
295.709	0.11482063693350131
295.853	0.11481622375739049
295.997	0.11481622375739049
296.141	0.1148065699346481
296.285	0.1148065699346481
296.428	0.1148065699346481
296.576	0.1148065699346481
296.716	0.1148065699346481
296.86	0.1148065699346481
297.004	0.11481622375739049
297.148	0.1148065699346481
297.291	0.1147872622891633
297.435	0.1147872622891633
297.579	0.1147872622891633
297.723	0.1148065699346481
297.867	0.11481622375739049
298.011	0.11481622375739049
298.155	0.11481567211037666
298.298	0.11480684575815503
298.442	0.11481567211037666
298.586	0.11480684575815503
298.73	0.11479857105294725
298.874	0.11479333040631567
299.018	0.11478533152461484
299.161	0.11478533152461484
299.305	0.11477926340746247
299.449	0.11478533152461484
299.593	0.1147900205242326
299.736	0.1147900205242326
299.881	0.11479526117086417
300.024	0.11479526117086417
300.168	0.11479526117086417
300.312	0.11479526117086417
300.456	0.11479526117086417
300.6	0.11479526117086417
300.743	0.11479526117086417
300.888	0.11480684575815503
301.031	0.11480684575815503
301.175	0.11481567211037666
301.319	0.1148173270514182
301.463	0.1148173270514182
301.607	0.11481925781596669
301.75	0.11482146440402208
301.894	0.11482642922714674
302.038	0.11483497975586143
302.182	0.11484297863756227
302.326	0.11484297863756227
302.469	0.11485097751926313
302.614	0.11486421704759554
302.757	0.11486642363565096
302.901	0.11488462798710805
303.045	0.11492958721873692
303.189	0.11495772121644332
303.333	0.11497206403880345
303.478	0.11498116621453199
303.62	0.11498282115557354
303.764	0.11499357827234363
303.908	0.1150040595656068
304.052	0.11500764527119685
304.196	0.11501178262380074
304.34	0.11503053862227168
304.483	0.11506060338452657
304.627	0.11507853191247674
304.771	0.11509315055834378
304.915	0.1151160439094186
305.059	0.11513673067243804
305.202	0.11514417790712503
305.346	0.11514417790712503
305.49	0.11514886690674275
305.634	0.11515631414142974
305.777	0.1151601756705267
305.922	0.11516127896455441
306.065	0.11516541631715829
306.209	0.11517672508094223
306.356	0.11518417231562922
306.497	0.11518417231562922
306.641	0.11518444813913616
306.784	0.11518775802121928
306.928	0.11518775802121928
307.072	0.11519161955031623
307.216	0.115192447020837
307.36	0.11519410196187854
307.504	0.11519630854993393
307.648	0.11519713602045471
307.792	0.11519713602045471
307.935	0.11519851513798934
308.079	0.11520816896073176
308.223	0.11522030519503648
308.367	0.11522030519503648
308.51	0.115225821665175
308.655	0.11522830407673734
308.798	0.11523382054687584
308.942	0.11524071613454896
309.086	0.11524071613454896
309.23	0.11523382054687584
309.374	0.11522830407673734
309.517	0.115225821665175
309.661	0.11522030519503648
309.805	0.11522030519503648
309.949	0.11520678984319713
310.093	0.11519630854993393
310.237	0.11519630854993393
310.381	0.11519630854993393
310.524	0.11519465360889239
310.669	0.11519465360889239
310.813	0.11519630854993393
310.957	0.11519630854993393
311.101	0.11519630854993393
311.249	0.11520678984319713
311.388	0.11520678984319713
311.532	0.11520678984319713
311.676	0.11520678984319713
311.82	0.11520678984319713
311.964	0.11519548107941317
312.108	0.11519548107941317
312.251	0.11519299866785085
312.395	0.11519051625628851
312.539	0.11518555143316386
312.683	0.1151805866100392
312.827	0.11517369102236605
312.971	0.11516734708170676
313.114	0.11515934820000592
313.258	0.11515217678882586
313.402	0.11515052184778429
313.546	0.11514748778920814
313.69	0.11514748778920814
313.834	0.11514417790712503
313.977	0.11514169549556269
314.121	0.11514169549556269
314.265	0.11514031637802806
314.409	0.11513728231945186
314.553	0.11513397243736875
314.697	0.11512597355566792
314.841	0.11511549226240475
314.984	0.1151116307333078
315.128	0.11508349673560139
315.272	0.11505425944386728
315.418	0.11505122538529111
315.56	0.11504515726813874
315.704	0.11503164191629939
315.847	0.11501316174133536
315.991	0.11498585521414972
316.135	0.11496489262762338
316.279	0.11495827286345717
316.423	0.1149511014522771
316.567	0.1149466882761663
316.71	0.11494172345304163
316.854	0.11493675862991695
316.998	0.11493510368887541
317.142	0.11493124215977847
317.286	0.11491938174898068
317.43	0.11490945210273135
317.574	0.11490862463221058
317.718	0.11490862463221058
317.861	0.11490807298519673
318.005	0.11490752133818287
318.149	0.11490724551467595
318.292	0.11490641804415516
318.437	0.11490641804415516
318.58	0.11490559057363439
318.724	0.11490476310311362
318.868	0.11490338398557899
319.012	0.11489538510387814
319.156	0.11488573128113574
319.3	0.11488269722255956
319.443	0.11488214557554573
319.587	0.11487966316398339
319.731	0.1148658719886371
319.875	0.11485152916627697
320.018	0.1148484951077008
320.163	0.1148473918136731
320.307	0.1148473918136731
320.45	0.1148473918136731
320.594	0.1148473918136731
320.738	0.1148473918136731
320.882	0.1148484951077008
321.025	0.11485152916627697
321.17	0.1148658719886371
321.313	0.11487966316398339
321.457	0.11487966316398339
321.601	0.11487966316398339
321.745	0.11488214557554573
321.889	0.11488214557554573
322.033	0.11488269722255956
322.176	0.11488573128113574
322.32	0.11488573128113574
322.464	0.11488573128113574
322.608	0.11489621257439891
322.751	0.11489621257439891
322.896	0.11489621257439891
323.039	0.11489621257439891
323.183	0.11489621257439891
323.327	0.11489786751544048
323.471	0.11490807298519673
323.615	0.11491221033780061
323.758	0.1149229674545707
323.903	0.11495413551085329
324.046	0.11498254533206663
324.19	0.11499109586078132
324.334	0.11499109586078132
324.48	0.11502888368123013
324.621	0.11508101432403905
324.766	0.1151008736165377
324.909	0.11510501096914158
325.053	0.11510832085122469
325.197	0.11511549226240475
325.341	0.11512211202657097
325.484	0.11512266367358481
325.629	0.11513314496684798
325.772	0.1151450053776458
325.916	0.11514859108323582
326.06	0.11515769325896436
326.204	0.11516514049365134
326.348	0.11516514049365134
326.491	0.11517396684587297
326.636	0.11517396684587297
326.779	0.11518417231562922
326.923	0.11518582725667079
327.067	0.1151916195503162
327.211	0.11519851513798934
327.355	0.11519851513798934
327.499	0.11519851513798934
327.642	0.11519851513798934
327.786	0.11519851513798934
327.93	0.11519851513798934
328.074	0.11519548107941317
328.218	0.11519079207979545
328.363	0.11518693055069848
328.506	0.11518582725667079
328.65	0.11518417231562922
328.794	0.11518417231562922
328.938	0.11518251737458768
329.082	0.11517369102236605
329.226	0.11517369102236605
329.37	0.11515769325896436
329.513	0.11514859108323582
329.657	0.1151450053776458
329.801	0.11514555702465964
329.945	0.11514362626011118
330.089	0.11513948890750728
330.233	0.11513948890750728
330.376	0.1151345240843826
330.52	0.11513286914334106
330.664	0.1151279043202164
330.808	0.11512321532059866
330.952	0.11511990543851555
331.096	0.11511990543851555
331.24	0.11511990543851555
331.383	0.11511990543851555
331.527	0.11511990543851555
331.671	0.1151149406153909
331.815	0.1151149406153909
331.958	0.11511025161577317
332.103	0.1150978395579615
332.246	0.11508653079417758
332.39	0.11507356708935208
332.534	0.1150619825020612
332.678	0.11505812097296425
332.822	0.11505370779685345
332.965	0.1150446056211249
333.109	0.11503577926890327
333.253	0.11503577926890327
333.397	0.11503026279876474
333.543	0.11503026279876474
333.684	0.1150241946816124
333.829	0.11502198809355699
333.972	0.1150208847995293
334.116	0.1150208847995293
334.26	0.1150208847995293
334.404	0.1150208847995293
334.548	0.1150208847995293
334.691	0.1150208847995293
334.836	0.1150208847995293
334.979	0.1150208847995293
335.123	0.1150189540349808
335.267	0.11501591997640462
335.411	0.11501591997640462
335.555	0.11501454085886999
335.699	0.11501233427081459
335.842	0.11500764527119685
335.986	0.11500047386001677
336.13	0.11499495738987828
336.274	0.1149930266253298
336.418	0.11498861344921898
336.562	0.11498144203803892
336.706	0.11497454645036578
336.849	0.11496765086269264
336.993	0.11496296186307492
337.137	0.11496103109852643
337.281	0.11495579045189483
337.425	0.11494806739370092
337.568	0.11493951686498621
337.712	0.1149337245713408
337.856	0.1149337245713408
338.0	0.11493289710082004
338.144	0.1149304146892577
338.288	0.11493289710082004
338.431	0.1149304146892577
338.575	0.11492489821911919
338.719	0.11492489821911919
338.863	0.11492489821911919
339.007	0.11492489821911919
339.15	0.11492489821911919
339.295	0.11492489821911919
339.438	0.11491993339599453
339.582	0.1149089004557175
339.726	0.1149089004557175
339.87	0.1149089004557175
340.014	0.1149089004557175
340.158	0.11490559057363439
340.301	0.11489510928037122
340.445	0.11488159392853187
340.589	0.11487221592929639
340.733	0.11486614781214402
340.877	0.11486532034162325
341.021	0.11486366540058168
341.165	0.11484684016665922
341.308	0.11482835999169522
341.452	0.11482339516857057
341.601	0.11482091275700823
341.74	0.11482091275700823
341.883	0.11482091275700823
342.028	0.11482091275700823
342.171	0.11482091275700823
342.315	0.11481953363947361
342.459	0.11481484463985586
342.603	0.11481484463985586
342.747	0.11480739740516888
342.891	0.11480188093503035
343.034	0.11480188093503035
343.178	0.11480188093503035
343.322	0.11480188093503035
343.467	0.11480188093503035
343.61	0.11480188093503035
343.754	0.11479884687645417
343.898	0.11479884687645417
344.041	0.11480188093503035
344.185	0.11480739740516888
344.329	0.11480739740516888
344.474	0.11480739740516888
344.616	0.1148120864047866
344.761	0.1148120864047866
344.905	0.1148120864047866
345.048	0.1148120864047866
345.192	0.1148120864047866
345.336	0.1148120864047866
345.48	0.1148120864047866
345.625	0.11480739740516888
345.768	0.11480188093503035
345.913	0.11480188093503035
346.061	0.11480353587607192
346.2	0.11480960399322428
346.346	0.11480960399322428
346.491	0.11481456881634894
346.633	0.1148173270514182
346.779	0.1148173270514182
346.922	0.1148173270514182
347.065	0.11481456881634894
347.209	0.11480960399322428
347.352	0.11480353587607192
347.495	0.11480105346450958
347.642	0.11480408752308577
347.786	0.11480408752308577
347.929	0.11480960399322428
348.07	0.11481456881634894
348.214	0.11481456881634894
348.358	0.1148173270514182
348.501	0.1148173270514182
348.645	0.11481953363947361
348.789	0.11481953363947361
348.933	0.11481953363947361
349.077	0.1148173270514182
349.221	0.11481567211037666
349.365	0.11481374134582817
349.508	0.11481374134582817
349.652	0.11481567211037666
349.796	0.11481374134582817
349.94	0.11481374134582817
350.083	0.11481374134582817
350.228	0.11481374134582817
350.371	0.11480960399322428
350.515	0.11480408752308577
350.659	0.11480408752308577
350.803	0.11480408752308577
350.947	0.11480408752308577
351.091	0.11480408752308577
351.234	0.11480077764100266
351.378	0.11480077764100266
351.522	0.11480077764100266
351.668	0.11479995017048189
351.809	0.11479829522944032
351.954	0.11479829522944032
352.098	0.11479995017048189
352.241	0.11479829522944032
352.385	0.11479498534735724
352.529	0.11479829522944032
352.673	0.11479498534735724
352.816	0.11479277875930183
352.96	0.11479498534735724
353.104	0.11479498534735724
353.248	0.11479277875930183
353.392	0.11479277875930183
353.536	0.11479498534735724
353.68	0.11479498534735724
353.824	0.11479415787683647
353.967	0.11479415787683647
354.111	0.11479277875930183
354.255	0.11479277875930183
354.399	0.11479277875930183
354.542	0.11479277875930183
354.687	0.11479112381826029
354.831	0.11478919305371182
354.974	0.11479112381826029
355.118	0.11479112381826029
355.262	0.11479112381826029
355.406	0.11479277875930183
355.549	0.11479277875930183
355.693	0.11479112381826029
355.837	0.11479112381826029
355.981	0.11479277875930183
356.125	0.11479277875930183
356.271	0.11479415787683647
356.413	0.11479581281787801
356.557	0.11479581281787801
356.7	0.11479415787683647
356.844	0.11479415787683647
356.988	0.11479608864138494
357.132	0.11479608864138494
357.275	0.11479608864138494
357.42	0.11479608864138494
357.563	0.11479884687645417
357.707	0.11480436334659269
357.851	0.11480436334659269
357.995	0.11480601828763423
358.139	0.11481291387530737
358.282	0.11481512046336279
358.426	0.11482311934506362
358.57	0.11481512046336279
358.714	0.11481512046336279
358.858	0.11482311934506362
359.002	0.11483056657975062
359.146	0.11483056657975062
359.29	0.11483084240325754
359.433	0.11483084240325754
359.577	0.11483084240325754
359.721	0.11483166987377832
359.865	0.11483166987377832
360.008	0.11483166987377832
360.152	0.11483084240325754
360.296	0.11483387646183374
360.44	0.11484187534353457
360.584	0.11483746216742377
360.731	0.11484242699054842
360.872	0.11484766763718002
361.015	0.11484932257822159
361.159	0.11485290828381162
361.303	0.1148614588125263
361.447	0.1148689060472133
361.59	0.1148689060472133
361.735	0.1148711126352687
361.879	0.1148711126352687
362.022	0.1148711126352687
362.166	0.1148689060472133
362.31	0.11486504451811633
362.454	0.11486504451811633
362.598	0.11486504451811633
362.741	0.11485925222447088
362.885	0.11485925222447088
363.029	0.11485566651888086
363.174	0.11485566651888086
363.318	0.11485401157783931
363.462	0.11485125334277005
363.606	0.11485125334277005
363.749	0.11485401157783931
363.893	0.11485401157783931
364.037	0.11485401157783931
364.181	0.11485401157783931
364.324	0.11485401157783931
364.468	0.11485401157783931
364.612	0.11485566651888086
364.756	0.11485566651888086
364.9	0.11485566651888086
365.044	0.11485566651888086
365.188	0.11485566651888086
365.332	0.11485842475395011
365.475	0.11485842475395011
365.61899999999997	0.11485842475395011
365.763	0.11486201045954014
365.907	0.11486725110617173
366.05	0.11487166428228254
366.195	0.11487249175280331
366.339	0.11487607745839334
366.482	0.114881042281518
366.626	0.11488490381061497
366.77	0.11488876533971193
366.914	0.11489097192776733
367.057	0.11489290269231581
367.202	0.11489648839790584
367.345	0.11490200486804436
367.489	0.11490669386766209
367.633	0.11490972792623828
367.777	0.11492020921950147
367.921	0.11492020921950147
368.064	0.11490972792623828
368.208	0.11491276198481448
368.352	0.11490972792623828
368.496	0.11490117739752358
368.64	0.1148992466329751
368.783	0.1148992466329751
368.927	0.11488876533971193
369.071	0.11488876533971193
369.215	0.11488931698672578
369.359	0.11488931698672578
369.503	0.11488931698672578
369.647	0.11488931698672578
369.793	0.11488931698672578
369.934	0.11488931698672578
370.078	0.11488931698672578
370.222	0.11488931698672578
370.366	0.11488931698672578
370.51	0.11488931698672578
370.654	0.11490145322103051
370.797	0.11489042028075348
370.941	0.11489042028075348
371.085	0.11489042028075348
371.229	0.11488876533971193
371.373	0.11488545545762881
371.516	0.11488876533971193
371.66	0.11488876533971193
371.804	0.11488876533971193
371.948	0.11488876533971193
372.092	0.11488876533971193
372.236	0.11488545545762881
372.38	0.1148799389874903
372.523	0.1148766291054072
372.667	0.11487524998787257
372.811	0.11487304339981716
372.955	0.11487221592929639
373.098	0.11487138845877562
373.243	0.11485870057745703
373.387	0.11484684016665923
373.53	0.11484684016665923
373.674	0.11484435775509691
373.818	0.11484435775509691
373.962	0.11484435775509691
374.106	0.11484435775509691
374.249	0.11484435775509691
374.393	0.11483911710846531
374.537	0.11483911710846531
374.681	0.11483911710846531
374.825	0.11483635887339606
374.969	0.11483442810884759
375.113	0.1148313940502714
375.257	0.11482725669766752
375.4	0.11482725669766752
375.544	0.11482725669766752
375.688	0.11482229187454286
375.831	0.11482229187454286
375.975	0.11482229187454286
376.11899999999997	0.11482725669766752
376.264	0.11483332481481988
376.407	0.11483332481481988
376.551	0.11483635887339606
376.695	0.11483746216742377
376.838	0.11484022040249303
376.982	0.11484242699054842
377.126	0.11484242699054842
377.27	0.11484490940211076
377.414	0.11484684016665923
377.558	0.1148495984017285
377.702	0.11485814893044319
377.845	0.11485814893044319
377.989	0.11485814893044319
378.133	0.11486780275318559
378.277	0.11487194010578947
378.421	0.11487304339981716
378.564	0.11487387087033794
378.71	0.11487387087033794
378.852	0.11487387087033794
378.996	0.1148755258113795
379.14	0.11487800822294184
379.284	0.11488407634009419
379.428	0.11489042028075348
379.571	0.11489373016283659
379.715	0.11489676422141278
379.859	0.1149077971616898
380.003	0.1149077971616898
380.147	0.11491910592547375
380.29	0.11492600151314689
380.434	0.11492600151314689
380.579	0.11492600151314689
380.723	0.11492600151314689
380.867	0.11492600151314689
381.011	0.11492600151314689
381.155	0.11492600151314689
381.298	0.11492600151314689
381.442	0.11492600151314689
381.586	0.11492600151314689
381.73	0.11492600151314689
381.873	0.11492600151314689
382.018	0.11492600151314689
382.162	0.11492600151314689
382.305	0.11492600151314689
382.449	0.11492600151314689
382.593	0.11491938174898067
382.737	0.11492020921950145
382.881	0.11492020921950145
383.024	0.11491938174898067
383.168	0.11491827845495298
383.312	0.11491689933741836
383.456	0.11491138286727984
383.6	0.11490145322103051
383.74399999999997	0.11490145322103051
383.887	0.11490559057363439
384.031	0.11490007410349587
384.175	0.11490007410349587
384.319	0.11490007410349587
384.463	0.11490007410349587
384.606	0.11489290269231581
384.751	0.11488490381061497
384.894	0.11487911151696956
385.038	0.11487690492891414
385.182	0.11487056098825485
385.326	0.11487056098825485
385.47	0.11487056098825485
385.613	0.11486394122408863
385.757	0.11486394122408863
385.901	0.11486394122408863
386.045	0.11486173463603322
386.19	0.11486090716551244
386.333	0.11486090716551244
386.477	0.11486007969499165
386.625	0.11485925222447088
386.764	0.11485925222447088
386.908	0.11485759728342934
387.052	0.11485539069537393
387.196	0.11485290828381159
387.339	0.11485290828381159
387.484	0.11484987422523542
387.627	0.11484987422523542
387.771	0.1148473918136731
387.915	0.1148473918136731
388.059	0.11484987422523542
388.203	0.11484987422523542
388.346	0.11484904675471463
388.49	0.11484904675471463
388.634	0.11485042587224925
388.778	0.11485042587224925
388.922	0.11485290828381159
389.065	0.11485676981290856
389.21	0.11485676981290856
389.353	0.11485925222447088
389.498	0.11486007969499165
389.642	0.11486311375356785
389.785	0.11486311375356785
389.929	0.11486311375356785
390.072	0.11486945769422714
390.216	0.11486945769422714
390.36	0.1148669752826648
390.504	0.1148669752826648
390.648	0.1148744225173518
390.792	0.11487635328190027
390.936	0.11487635328190027
391.079	0.11487635328190027
391.223	0.11487800822294184
391.367	0.11488021481099722
391.511	0.11488186975203879
391.655	0.11488186975203879
391.798	0.11488186975203879
391.943	0.11488297304606651
392.086	0.11488766204568424
392.23	0.11489152357478119
392.374	0.11489290269231581
392.518	0.11489290269231581
392.662	0.11489759169193356
392.805	0.11490228069155128
392.949	0.11490228069155128
393.093	0.11490393563259284
393.237	0.11490503892662055
393.381	0.11490586639714132
393.525	0.11490586639714132
393.669	0.11490752133818287
393.812	0.11491055539675907
393.956	0.11491221033780062
394.1	0.11491221033780062
394.24399999999997	0.11491221033780062
394.388	0.11491221033780062
394.531	0.11491524439637679
394.676	0.11491883010196682
394.819	0.11493041468925767
394.963	0.11494337839408318
395.107	0.11494586080564552
395.251	0.11494696409967323
395.395	0.11494889486422169
395.538	0.11495248056981172
395.682	0.11495523880488098
395.826	0.11495716956942947
395.97	0.11495716956942947
396.114	0.11495716956942947
396.258	0.11495716956942947
396.402	0.11495882451047103
396.545	0.11496020362800566
396.689	0.11496572009814415
396.835	0.11496572009814415
396.977	0.11496985745074803
397.121	0.11497151239178958
397.264	0.11497151239178958
397.409	0.114981166214532
397.552	0.11499164750779517
397.696	0.11499550903689212
397.84	0.11499909474248216
397.984	0.11500543868314145
398.129	0.11501426503536308
398.272	0.11501895403498082
398.416	0.11502888368123013
398.56	0.11505205285581187
398.704	0.11507329126584515
398.848	0.11508156597105292
398.992	0.11508349673560139
399.136	0.11508984067626069
399.279	0.1150945296758784
399.423	0.11509618461691995
399.567	0.1151008736165377
399.711	0.11510390767511387
399.855	0.11510501096914158
399.998	0.11510501096914158
400.142	0.1151096999687593
400.286	0.11511438896837706
400.43	0.11511687137993937
400.574	0.11512073290903632
400.718	0.115125697732161
400.862	0.11513038673177874
401.005	0.11513590320191724
401.149	0.11514390208361808
401.296	0.11514969437726352
401.437	0.11515217678882586
401.58	0.11515769325896437
401.725	0.1151634855526098
401.86899999999997	0.1151656921406652
402.012	0.11516651961118599
402.156	0.11517920749250457
402.3	0.11519134372680928
402.444	0.115192447020837
402.588	0.11519382613837162
402.731	0.11519741184396165
402.875	0.11520541072566251
403.019	0.11520541072566251
403.163	0.11522223595958495
403.307	0.115236854605452
403.451	0.11523823372298662
403.595	0.11524319854611129
403.738	0.11524430184013898
403.882	0.11524430184013898
404.027	0.1152498183102775
404.17	0.11525864466249913
404.313	0.1152691259557623
404.458	0.11530663795270418
404.601	0.11532263571610588
404.745	0.11532263571610588
404.889	0.11533725436197292
405.033	0.11533725436197292
405.177	0.11533725436197292
405.321	0.11533725436197292
405.464	0.11533725436197292
405.608	0.11533725436197292
405.752	0.11533725436197292
405.896	0.11533725436197292
406.04	0.11533725436197292
406.184	0.11533725436197292
406.328	0.11533725436197292
406.472	0.11533725436197292
406.615	0.11533725436197292
406.759	0.11533725436197292
406.903	0.11533725436197292
407.046	0.11533725436197292
407.19	0.11533725436197292
407.335	0.11533725436197292
407.481	0.11533725436197292
407.623	0.11533725436197292
407.769	0.11533725436197292
407.91	0.11533725436197292
408.056	0.1153347719504106
408.199	0.1153347719504106
408.343	0.11532015330454354
408.488	0.115303603894128
408.633	0.11529560501242717
408.775	0.11529119183631635
408.92	0.11528402042513627
409.064	0.11528402042513627
409.205	0.11528402042513627
409.351	0.11528402042513627
409.492	0.11528402042513627
409.636	0.11528402042513627
409.779	0.11528402042513627
409.924	0.11528402042513627
410.067	0.11528402042513627
410.211	0.11528402042513627
410.355	0.11528402042513627
410.499	0.11528402042513627
410.643	0.11528402042513627
410.787	0.11528402042513627
410.93	0.11528402042513627
411.074	0.11528402042513627
411.218	0.11528402042513627
411.362	0.11528402042513627
411.505	0.11528402042513627
411.65	0.11528402042513627
411.794	0.11528402042513627
411.938	0.11529119183631635
412.081	0.11529119183631635
412.225	0.11529119183631635
412.36899999999997	0.1153121544228427
412.513	0.11533615106794523
412.657	0.11534580489068763
412.8	0.11535601036044388
412.944	0.11536566418318628
413.088	0.11539545312193422
413.232	0.1154277244722445
413.376	0.11545337605838858
413.52	0.11548206170310885
413.663	0.11548206170310885
413.807	0.11548206170310885
413.951	0.11548206170310885
414.095	0.11548206170310885
414.238	0.11548206170310885
414.383	0.11548206170310885
414.527	0.11548206170310885
414.67	0.11548206170310885
414.814	0.11548206170310885
414.963	0.11548206170310885
415.102	0.11548206170310885
415.245	0.11548619905571275
415.389	0.11548619905571275
415.534	0.11548619905571275
415.678	0.11548619905571275
415.822	0.11549474958442743
415.966	0.11550026605456594
416.11	0.11550026605456594
416.253	0.11550026605456594
416.397	0.11550026605456594
416.541	0.11550026605456594
416.685	0.11550026605456594
416.829	0.11550026605456594
416.972	0.11550026605456594
417.117	0.11549474958442743
417.26	0.11548619905571275
417.404	0.11548619905571275
417.548	0.11546827052776257
417.692	0.11545530682293706
417.836	0.11545089364682626
417.98	0.11544758376474315
418.123	0.11544592882370161
418.268	0.11544537717668775
418.412	0.11544206729460463
418.555	0.11543158600134146
418.699	0.11541613988495364
418.843	0.11540621023870432
418.987	0.11539297071037188
419.13	0.11537973118203948
419.274	0.11537531800592865
419.418	0.11535987188954082
419.562	0.11534635653770146
419.705	0.11534194336159066
419.849	0.11532925548027209
419.993	0.11532015330454354
420.137	0.11531849836350197
420.281	0.11531353354037732
420.425	0.11530829289374574
420.569	0.115303603894128
420.713	0.11530001818853797
420.856	0.11528981271878172
421.0	0.1152779523079839
421.144	0.1152691259557623
421.288	0.11525892048600604
421.432	0.11525395566288138
421.576	0.11524733589871518
421.72	0.11523961284052125
421.863	0.11523657878194507
422.007	0.11522995901777885
422.151	0.11522416672413344
422.295	0.11521947772451571
422.438	0.115210927195801
422.583	0.11520375578462094
422.726	0.11519713602045473
422.87	0.1151880338447262
423.014	0.1151880338447262
423.158	0.1151880338447262
423.302	0.1151880338447262
423.446	0.1151880338447262
423.589	0.1151880338447262
423.733	0.1151880338447262
423.877	0.1151880338447262
424.024	0.1151880338447262
424.165	0.1151880338447262
424.309	0.1151880338447262
424.453	0.1151880338447262
424.596	0.1151880338447262
424.74	0.1151880338447262
424.884	0.1151880338447262
425.028	0.11520044590253783
425.171	0.11520044590253783
425.316	0.11520044590253783
425.459	0.11520044590253783
425.603	0.115210927195801
425.747	0.115210927195801
425.891	0.11524512931065978
426.035	0.1152779523079839
426.179	0.11528981271878172
426.322	0.11528981271878172
426.466	0.11535876859551311
426.61	0.11543103435432761
426.754	0.11546358152814484
426.898	0.11551074734782912
427.042	0.11554357034515324
427.185	0.11555791316751338
427.329	0.11555791316751338
427.473	0.1155722559898735
427.617	0.11558108234209513
427.761	0.11558108234209513
427.904	0.11558108234209513
428.049	0.11558108234209513
428.192	0.11558108234209513
428.336	0.11558108234209513
428.48	0.11558108234209513
428.624	0.11558108234209513
428.768	0.11558108234209513
428.912	0.11558108234209513
429.055	0.11558108234209513
429.199	0.11558108234209513
429.343	0.11558108234209513
429.487	0.11558108234209513
429.631	0.11558108234209513
429.775	0.11558108234209513
429.918	0.11558108234209513
430.062	0.11558108234209513
430.206	0.11558108234209513
430.35	0.11558108234209513
430.49399999999997	0.1155722559898735
430.637	0.11555791316751338
430.781	0.11554357034515324
430.925	0.11553143411084853
431.069	0.11551626381796763
431.213	0.1155052308776906
431.357	0.1154944737609205
431.501	0.11548481993817811
431.648	0.11546440899866563
431.788	0.11543710247147998
431.932	0.11542800029575143
432.076	0.1154006937685658
432.22	0.11537338724138019
432.363	0.11537062900631093
432.508	0.11536538835967933
432.651	0.11536180265408931
432.796	0.11535683783096465
432.939	0.11535683783096465
433.084	0.11535076971381228
433.228	0.11535076971381228
433.371	0.11534111589106989
433.515	0.11533228953884826
433.659	0.11532980712728592
433.803	0.11532153242207817
433.946	0.11531298189336348
434.091	0.11530994783478729
434.234	0.11530884454075958
434.378	0.1153025006001003
434.522	0.11529450171839946
434.666	0.11529036436579557
434.81	0.11528815777774017
434.954	0.11528815777774017
435.097	0.11528815777774017
435.241	0.11528815777774017
435.385	0.11528815777774017
435.529	0.11528815777774017
435.673	0.11528815777774017
435.817	0.11528815777774017
435.961	0.11528815777774017
436.104	0.11528815777774017
436.248	0.11528815777774017
436.392	0.11528843360124709
436.536	0.11529064018930249
436.679	0.11529257095385097
436.824	0.11529339842437175
436.967	0.11529532918892024
437.111	0.1153025006001003
437.255	0.11530884454075958
437.399	0.11530994783478729
437.543	0.11530994783478729
437.687	0.1153132577168704
437.83	0.11532180824558509
437.974	0.1153132577168704
438.118	0.11532346318662665
438.262	0.11532346318662665
438.406	0.11532346318662665
438.55	0.11533201371534134
438.694	0.11533201371534134
438.837	0.11533201371534134
438.981	0.11533201371534134
439.125	0.11533201371534134
439.269	0.11533284118586212
439.412	0.11533753018547985
439.557	0.11533284118586212
439.7	0.11533284118586212
439.844	0.11533284118586212
439.988	0.11533201371534134
440.132	0.11532401483364049
440.276	0.11532401483364049
440.42	0.11531629177544658
440.563	0.11531629177544658
440.707	0.11531629177544658
440.851	0.11531629177544658
440.995	0.11531629177544658
441.138	0.11531629177544658
441.282	0.11531629177544658
441.426	0.11531629177544658
441.57	0.11531629177544658
441.714	0.11531629177544658
441.858	0.11532401483364049
442.002	0.115329531303779
442.147	0.115329531303779
442.289	0.11532815218624438
442.433	0.11532980712728594
442.577	0.11532980712728594
442.721	0.11532815218624438
442.865	0.11532235989259892
443.009	0.11531629177544658
443.153	0.11531629177544658
443.296	0.11531629177544658
443.44	0.11531022365829421
443.584	0.11530277642360723
443.728	0.11530277642360723
443.871	0.11530277642360723
444.015	0.11530277642360723
444.159	0.11530277642360723
444.303	0.11530084565905875
444.447	0.11529836324749641
444.591	0.11529367424787867
444.735	0.11529367424787867
444.878	0.11529367424787867
445.022	0.11529064018930249
445.166	0.11529064018930249
445.311	0.11529064018930249
445.454	0.11529064018930249
445.598	0.11529064018930249
445.742	0.11529064018930249
445.886	0.11528926107176787
446.029	0.1152876061307263
446.174	0.11528567536617784
446.321	0.11528484789565707
446.461	0.11528264130760166
446.604	0.1152809863665601
446.749	0.11528319295461552
446.893	0.11528484789565707
447.036	0.11528567536617784
447.181	0.1152876061307263
447.324	0.11529008854228864
447.468	0.11529008854228864
447.611	0.11529008854228864
447.755	0.11529008854228864
447.899	0.11529008854228864
448.043	0.11529367424787867
448.186	0.11529367424787867
448.33	0.11529367424787867
448.474	0.11529146765982327
448.618	0.11529008854228864
448.762	0.11529008854228864
448.906	0.1152876061307263
449.05	0.11528567536617784
449.194	0.11528484789565707
449.337	0.11528567536617784
449.481	0.11528484789565707
449.625	0.11528319295461552
449.768	0.1152798830725324
449.913	0.11527767648447698
450.056	0.1152798830725324
450.2	0.1152798830725324
450.344	0.11528319295461552
450.489	0.1152798830725324
450.633	0.11528319295461552
450.777	0.11528484789565707
450.92	0.11528319295461552
451.064	0.11528319295461552
451.21	0.11528319295461552
451.352	0.11528319295461552
451.496	0.11528319295461552
451.64	0.11528484789565707
451.784	0.11528484789565707
451.928	0.11528319295461552
452.071	0.11528319295461552
452.215	0.11528319295461552
452.359	0.11528319295461552
452.503	0.11528319295461552
452.646	0.1152798830725324
452.79	0.11527602154343544
452.934	0.11527298748485924
453.078	0.11526967760277614
453.222	0.11526967760277614
453.366	0.11526967760277614
453.51	0.11526967760277614
453.653	0.11527298748485924
453.797	0.11527298748485924
453.941	0.11526967760277614
454.085	0.11526967760277614
454.229	0.11526967760277614
454.373	0.1152658160736792
454.517	0.11526416113263764
454.661	0.11526416113263764
454.804	0.11526305783860993
454.948	0.11526416113263764
455.092	0.1152658160736792
455.236	0.1152658160736792
455.379	0.1152658160736792
455.523	0.11527602154343544
455.667	0.11527602154343544
455.811	0.1152873303072194
455.955	0.11529367424787867
456.099	0.11530167312957951
456.243	0.11530663795270418
456.386	0.11531049948180114
456.53	0.1153154643049258
456.674	0.11531739506947426
456.818	0.11531739506947426
456.961	0.11532125659857123
457.106	0.11532566977468206
457.249	0.11532897965676515
457.393	0.11533256536235517
457.537	0.11533256536235517
457.681	0.11533642689145215
457.825	0.11534690818471532
457.969	0.11534690818471532
458.112	0.11536125100707545
458.256	0.115370353182804
458.4	0.11538248941710871
458.544	0.11539297071037188
458.688	0.11539710806297576
458.832	0.11540621023870432
458.976	0.11540621023870432
459.11899999999997	0.11542606953120295
459.263	0.11542606953120295
459.407	0.11543489588342457
459.551	0.11543489588342457
459.694	0.11543489588342457
459.839	0.11543489588342457
459.982	0.11543489588342457
460.126	0.11543489588342457
460.273	0.1154373782949869
460.415	0.1154437222356462
460.558	0.1154437222356462
460.702	0.1154437222356462
460.845	0.11545254858786783
460.989	0.11546192658710329
461.134	0.11546192658710329
461.277	0.11546192658710329
461.421	0.11546882217477641
461.566	0.11546882217477641
461.709	0.11546882217477641
461.852	0.11546882217477641
461.996	0.11546882217477641
462.14	0.11546882217477641
462.284	0.11546882217477641
462.427	0.11546882217477641
462.571	0.11546882217477641
462.715	0.11546496064567946
462.859	0.11545254858786783
463.003	0.1154437222356462
463.147	0.1154373782949869
463.291	0.1154373782949869
463.435	0.1154340684129038
463.578	0.11543158600134146
463.722	0.11543158600134146
463.866	0.11543158600134146
464.01	0.11542386294314755
464.153	0.11542386294314755
464.297	0.11542386294314755
464.441	0.11542386294314755
464.585	0.11542386294314755
464.729	0.11542386294314755
464.873	0.11542386294314755
465.017	0.11542386294314755
465.16	0.11542386294314755
465.304	0.11542386294314755
465.448	0.11542386294314755
465.592	0.11542386294314755
465.736	0.11542386294314755
465.88	0.11542386294314755
466.024	0.11542386294314755
466.167	0.11543158600134146
466.311	0.11543158600134146
466.455	0.1154340684129038
466.599	0.1154373782949869
466.743	0.11544123982408386
466.886	0.11544454970616697
467.03	0.11544868705877086
467.174	0.11545392770540244
467.318	0.1154577892344994
467.462	0.11545806505800633
467.606	0.11547102876283184
467.75	0.11548509576168503
467.893	0.11549226717286509
468.038	0.11549888693703131
468.182	0.11550743746574602
468.326	0.11551791875900919
468.47	0.11552095281758537
468.614	0.11552233193511999
468.758	0.1155256418172031
468.901	0.1155256418172031
469.045	0.1155256418172031
469.189	0.1155256418172031
469.335	0.1155256418172031
469.477	0.1155256418172031
469.62	0.1155256418172031
469.764	0.1155352956399455
469.908	0.11554274287463247
470.052	0.11554274287463247
470.196	0.11554274287463247
470.34	0.11554274287463247
470.484	0.11554274287463247
470.627	0.11554274287463247
470.771	0.11554274287463247
470.915	0.11554274287463247
471.059	0.11554274287463247
471.202	0.11554274287463247
471.347	0.11554274287463247
471.491	0.11554274287463247
471.635	0.11554274287463247
471.778	0.11554274287463247
471.922	0.11554274287463247
472.066	0.11554274287463247
472.21	0.11554274287463247
472.353	0.11554081211008399
472.497	0.11552757258175156
472.641	0.11552757258175156
472.785	0.11550936823029448
472.929	0.11549861111352439
473.073	0.11549861111352439
473.217	0.11549861111352439
473.36	0.11549861111352439
473.504	0.11549861111352439
473.648	0.11550936823029448
473.792	0.11550936823029448
473.935	0.11550936823029448
474.08	0.11550936823029448
474.224	0.11550936823029448
474.367	0.11550936823029448
474.511	0.11550936823029448
474.655	0.11550936823029448
474.799	0.11550936823029448
474.943	0.11550936823029448
475.086	0.11550936823029448
475.23	0.11550936823029448
475.374	0.11550936823029448
475.519	0.11550936823029448
475.662	0.11550936823029448
475.807	0.11549861111352439
475.95	0.1154911638788374
476.093	0.1154911638788374
476.238	0.11548592323220581
476.381	0.11548592323220581
476.525	0.11547875182102577
476.672	0.11547792435050497
476.813	0.11546909799828335
476.956	0.11546358152814484
477.1	0.11545392770540244
477.24399999999997	0.11544289476512541
477.388	0.11543792994200075
477.532	0.11541972559054367
477.676	0.11541972559054367
477.819	0.11541972559054367
477.963	0.11543792994200075
478.107	0.11543792994200075
478.251	0.11543792994200075
478.395	0.11543792994200075
478.539	0.11543792994200075
478.683	0.11543792994200075
478.826	0.11543792994200075
478.97	0.11543792994200075
479.114	0.11543792994200075
479.258	0.11543792994200075
479.401	0.11543792994200075
479.546	0.11543792994200075
479.689	0.11543792994200075
479.833	0.11543792994200075
479.977	0.11544261894161849
480.121	0.11545365188189552
480.265	0.11545365188189552
480.409	0.11545365188189552
480.552	0.11545365188189552
480.696	0.11544261894161849
480.84	0.11544261894161849
480.984	0.11543792994200075
481.127	0.11543710247147998
481.272	0.11543710247147998
481.416	0.11543710247147998
481.559	0.1154329651188761
481.704	0.1154329651188761
481.847	0.1154329651188761
481.991	0.1154329651188761
482.134	0.1154329651188761
482.279	0.1154329651188761
482.422	0.1154329651188761
482.566	0.1154329651188761
482.71	0.1154329651188761
482.854	0.1154329651188761
482.998	0.1154329651188761
483.142	0.11543462005991764
483.285	0.11543462005991764
483.429	0.1154417914710977
483.573	0.1154417914710977
483.717	0.1154417914710977
483.861	0.1154417914710977
484.005	0.11544730794123623
484.148	0.1154577892344994
484.292	0.11547213205685954
484.436	0.11548095840908117
484.58	0.11548647487921967
484.724	0.11548730234974043
484.868	0.11548730234974043
485.012	0.11549861111352439
485.155	0.11549861111352439
485.299	0.11551653964147457
485.444	0.11552536599369619
485.588	0.11552536599369619
485.732	0.11552536599369619
485.876	0.11552536599369619
486.019	0.11552536599369619
486.163	0.11552536599369619
486.307	0.11552536599369619
486.451	0.11552536599369619
486.594	0.11552536599369619
486.74	0.11552536599369619
486.883	0.11552536599369619
487.029	0.11552536599369619
487.171	0.11552536599369619
487.317	0.11552536599369619
487.458	0.1155300549933139
487.605	0.11552536599369619
487.749	0.11552536599369619
487.892	0.11552536599369619
488.036	0.11552536599369619
488.177	0.11552536599369619
488.322	0.11552536599369619
488.469	0.11552536599369619
488.609	0.11552536599369619
488.756	0.11552536599369619
488.9	0.1155234352291477
489.041	0.1155234352291477
489.186	0.1155234352291477
489.33	0.1155234352291477
489.475	0.1155234352291477
489.617	0.1155234352291477
489.759	0.1155234352291477
489.904	0.1155234352291477
490.047	0.11551764293550226
490.192	0.11551322975939146
490.334	0.11551322975939146
490.479	0.11551322975939146
490.622	0.11551322975939146
490.766	0.11551322975939146
490.91	0.11551322975939146
491.054	0.11551322975939146
491.198	0.11551322975939146
491.345	0.11551322975939146
491.485	0.11551322975939146
491.63	0.11551322975939146
491.773	0.11551322975939146
491.917	0.11551764293550226
492.06	0.1155234352291477
492.205	0.1155234352291477
492.348	0.11553639893397319
492.492	0.11555543075595104
492.636	0.11555543075595104
492.78	0.11555543075595104
492.924	0.11556811863726962
493.067	0.11556811863726962
493.212	0.11556811863726962
493.355	0.11556811863726962
493.499	0.11556811863726962
493.643	0.11556811863726962
493.787	0.11556811863726962
493.931	0.11556811863726962
494.075	0.11556811863726962
494.218	0.11556811863726962
494.362	0.11556811863726962
494.506	0.11556811863726962
494.65	0.11556811863726962
494.794	0.11556811863726962
494.938	0.11556811863726962
495.082	0.11556811863726962
495.225	0.11556811863726962
495.36899999999997	0.11556811863726962
495.513	0.11556811863726962
495.657	0.11556811863726962
495.8	0.11556811863726962
495.945	0.11556811863726962
496.088	0.11556811863726962
496.232	0.1155386055220286
496.377	0.11551322975939146
496.52	0.11547240788036646
496.664	0.11542193217859907
496.808	0.11540096959207273
496.951	0.11539021247530264
497.095	0.11538745424023339
497.239	0.11537862788801177
497.383	0.11537862788801177
497.527	0.11537862788801177
497.671	0.11536869824176245
497.814	0.11536869824176245
497.958	0.11536869824176245
498.102	0.11536869824176245
498.246	0.11536869824176245
498.39	0.11536869824176245
498.534	0.11536869824176245
498.677	0.11536869824176245
498.821	0.11536869824176245
498.965	0.11536869824176245
499.109	0.11536869824176245
499.253	0.11536869824176245
499.397	0.11536869824176245
499.54	0.11536869824176245
499.684	0.11536869824176245
499.828	0.11536869824176245
499.972	0.11536869824176245
500.116	0.11536869824176245
500.26	0.11537862788801177
500.404	0.11537862788801177
500.547	0.11537862788801177
500.691	0.11538745424023339
500.835	0.11538745424023339
500.979	0.11539269488686496
501.123	0.11540234870960736
501.267	0.1154114508853359
501.41	0.11541393329689822
501.554	0.11543131017783453
501.698	0.11545282441137472
501.842	0.11546192658710328
501.986	0.11546192658710328
502.13	0.11546192658710328
502.273	0.11546192658710328
502.417	0.11546192658710328
502.561	0.11546192658710328
502.705	0.11546192658710328
502.849	0.11546192658710328
502.99399999999997	0.11546937382179026
503.138	0.1154804067620673
503.281	0.1154804067620673
503.426	0.1154804067620673
503.57	0.11548923311428894
503.715	0.11548923311428894
503.857	0.11548923311428894
504.003	0.11549171552585126
504.147	0.11549474958442743
504.291	0.11549695617248285
504.434	0.11549778364300362
504.578	0.11549861111352439
504.723	0.11549861111352439
504.864	0.11549861111352439
505.011	0.11550026605456594
505.152	0.11550357593664903
505.297	0.11550660999522523
505.445	0.11550798911275986
505.586	0.11550660999522523
505.727	0.11550578252470445
505.873	0.11550330011314212
506.015	0.11549943858404516
506.158	0.11549778364300362
506.302	0.11549778364300362
506.446	0.11549778364300362
506.59	0.11549778364300362
506.734	0.11549695617248285
506.877	0.11549474958442743
507.021	0.11549171552585126
507.165	0.11548123423258808
507.309	0.11547213205685952
507.453	0.11546909799828334
507.597	0.11546827052776257
507.74	0.11546027164606172
507.884	0.11546027164606172
508.028	0.11546027164606172
508.172	0.1154622024106102
508.316	0.1154622024106102
508.459	0.1154622024106102
508.603	0.1154622024106102
508.747	0.1154622024106102
508.891	0.1154622024106102
509.035	0.1154622024106102
509.179	0.11547102876283183
509.323	0.11547213205685952
509.466	0.11547544193894263
509.61	0.11548399246765734
509.754	0.11549143970234432
509.898	0.11549723199598977
510.042	0.11550330011314212
510.185	0.11550743746574602
510.329	0.11550743746574602
510.473	0.11551267811237759
510.617	0.11551681546498146
510.761	0.11551681546498146
510.905	0.11552233193511999
511.049	0.11552950334630005
511.192	0.11552867587577931
511.336	0.11552233193511999
511.48	0.11551681546498146
511.624	0.11551681546498146
511.768	0.11551516052393992
511.912	0.11551819458251611
512.056	0.11552371105265463
512.1990000000001	0.11551819458251611
512.3430000000001	0.11551819458251611
512.4870000000001	0.11552371105265463
512.633	0.11551736711199534
512.7750000000001	0.11551736711199534
512.918	0.11551736711199534
513.062	0.11552371105265463
513.206	0.11552371105265463
513.3510000000001	0.11552371105265463
513.494	0.11552371105265463
513.638	0.11552371105265463
513.7810000000001	0.11552371105265463
513.9250000000001	0.11552371105265463
514.0690000000001	0.11552371105265463
514.2130000000001	0.11552371105265463
514.3570000000001	0.11552371105265463
514.503	0.11552867587577931
514.644	0.11552867587577931
514.788	0.11552867587577931
514.932	0.11553115828734162
515.076	0.11553198575786237
515.22	0.11553115828734162
515.364	0.1155355714634524
515.5070000000001	0.1155355714634524
515.6510000000001	0.1155355714634524
515.7950000000001	0.1155355714634524
515.9390000000001	0.1155355714634524
516.0830000000001	0.1155355714634524
516.2270000000001	0.1155355714634524
516.3710000000001	0.11554191540411168
516.514	0.11554825934477098
516.658	0.11554550110970171
516.802	0.11554550110970171
516.946	0.11554550110970171
517.09	0.11554550110970171
517.2330000000001	0.11554550110970171
517.3770000000001	0.11554550110970171
517.5210000000001	0.11554550110970171
517.6650000000001	0.11554550110970171
517.8090000000001	0.11554550110970171
517.9530000000001	0.11554550110970171
518.0970000000001	0.11554550110970171
518.24	0.11554908681529175
518.384	0.1155526725208818
518.528	0.11555625822647184
518.672	0.11556149887310341
518.816	0.11556839446077655
518.96	0.11557280763688736
519.1030000000001	0.11557363510740815
519.2470000000001	0.11557722081299818
519.3910000000001	0.11557722081299818
519.5350000000001	0.11557722081299818
519.6790000000001	0.11557722081299818
519.8230000000001	0.11557722081299818
519.966	0.11557722081299818
520.11	0.11557722081299818
520.254	0.11557997904806744
520.398	0.11557997904806744
520.542	0.11557997904806744
520.687	0.11558439222417824
520.83	0.11559128781185138
520.974	0.11559128781185138
521.118	0.1155915636353583
521.2620000000001	0.11559487351744141
521.4060000000001	0.11559487351744141
521.5500000000001	0.11559818339952452
521.6990000000001	0.11559818339952452
521.8370000000001	0.1156108712808431
521.9810000000001	0.1156238349856686
522.125	0.11562686904424477
522.269	0.11562769651476555
522.413	0.11563238551438329
522.557	0.11563707451400104
522.7	0.1156387294550426
522.844	0.11564010857257721
522.988	0.11564010857257721
523.1320000000001	0.11564010857257721
523.2750000000001	0.11564010857257721
523.4200000000001	0.1156387294550426
523.5630000000001	0.11563707451400104
523.7070000000001	0.11563707451400104
523.8510000000001	0.11563707451400104
523.995	0.11563707451400104
524.139	0.11563210969087637
524.283	0.11562686904424477
524.426	0.11562438663268244
524.57	0.11562438663268244
524.714	0.11562438663268244
524.8580000000001	0.11562190422112012
525.0020000000001	0.11562024928007858
525.1450000000001	0.11561859433903701
525.2890000000001	0.11561859433903701
525.4330000000001	0.11561859433903701
525.5770000000001	0.1156172152215024
525.721	0.1156172152215024
525.865	0.1156172152215024
526.008	0.1156172152215024
526.152	0.11561611192747469
526.296	0.1156172152215024
526.44	0.1156172152215024
526.5840000000001	0.11561859433903701
526.7280000000001	0.11562024928007858
526.8720000000001	0.11562024928007858
527.0160000000001	0.11562190422112012
527.1590000000001	0.1156249382796963
527.3030000000001	0.11563293716139714
527.447	0.11563293716139714
527.591	0.11563928110205643
527.735	0.11564121186660492
527.878	0.11564948657181268
528.022	0.11565803710052737
528.166	0.11565803710052737
528.3100000000001	0.11565969204156892
528.4540000000001	0.11565969204156892
528.5980000000001	0.11565969204156892
528.7410000000001	0.11566217445313126
528.8850000000001	0.11566272610014512
529.0290000000001	0.11566741509976286
529.173	0.11567072498184595
529.317	0.11567072498184595
529.46	0.11567072498184595
529.605	0.11566576015872129
529.748	0.11566051951208971
529.892	0.11565969204156892
530.0360000000001	0.11565803710052737
530.1800000000001	0.11565969204156892
530.3230000000001	0.11565969204156892
530.4680000000001	0.11566051951208971
530.6110000000001	0.11566576015872129
530.7550000000001	0.11567072498184595
530.899	0.11567513815795677
531.043	0.11568451615719223
531.187	0.11569444580344154
531.331	0.11569444580344154
531.474	0.11569941062656619
531.618	0.11569941062656619
531.7620000000001	0.11569941062656619
531.9060000000001	0.11569941062656619
532.0490000000001	0.11569941062656619
532.1940000000001	0.11570189303812853
532.3370000000001	0.11570189303812853
532.4810000000001	0.11569941062656619
532.6270000000001	0.11569472162694847
532.769	0.11569472162694847
532.913	0.11569472162694847
533.057	0.11569472162694847
533.2	0.1156894809803169
533.345	0.1156894809803169
533.488	0.11567568980497062
533.6320000000001	0.11567127662885981
533.7760000000001	0.11566576015872129
533.9200000000001	0.11566051951208971
534.0630000000001	0.11565996786507585
534.2070000000001	0.11565831292403429
534.3510000000001	0.11565803710052737
534.495	0.11565969204156892
534.639	0.11565803710052737
534.783	0.11565555468896505
534.926	0.11565555468896505
535.07	0.11565141733636117
535.214	0.11565114151285424
535.3580000000001	0.11565031404233347
535.5020000000001	0.11564893492479883
535.6460000000001	0.11565031404233347
535.7900000000001	0.11565031404233347
535.9330000000001	0.11565031404233347
536.0770000000001	0.11564893492479883
536.221	0.11564838327778498
536.3670000000001	0.11564838327778498
536.509	0.11564369427816724
536.653	0.1156390052785495
536.796	0.1156390052785495
536.94	0.1156390052785495
537.0840000000001	0.1156390052785495
537.2280000000001	0.1156390052785495
537.3720000000001	0.1156390052785495
537.5150000000001	0.1156390052785495
537.6600000000001	0.11563817780802874
537.8030000000001	0.11563817780802874
537.9480000000001	0.11563624704348027
538.0920000000001	0.11563624704348027
538.2360000000001	0.11563624704348027
538.3800000000001	0.11563624704348027
538.523	0.11563624704348027
538.667	0.11563624704348027
538.811	0.11563624704348027
538.955	0.11563624704348027
539.099	0.11563624704348027
539.243	0.11563624704348027
539.3860000000001	0.11563293716139715
539.5300000000001	0.11563293716139715
539.6740000000001	0.11563624704348027
539.8180000000001	0.11563624704348027
539.9620000000001	0.11563817780802874
540.1060000000001	0.11563817780802874
540.249	0.1156365228669872
540.393	0.11563735033750798
540.537	0.11563817780802874
540.681	0.11563817780802874
540.825	0.11563817780802874
540.969	0.11563817780802874
541.113	0.11563817780802874
541.2560000000001	0.11563817780802874
541.4000000000001	0.11563817780802874
541.5440000000001	0.11563817780802874
541.691	0.11563817780802874
541.8320000000001	0.1156365228669872
541.975	0.11563817780802874
542.119	0.11563817780802874
542.263	0.11563817780802874
542.407	0.11564066021959106
542.5550000000001	0.1156453492192088
542.695	0.1156453492192088
542.839	0.11564066021959106
542.9820000000001	0.11564066021959106
543.1260000000001	0.11563955692556335
543.2700000000001	0.11563817780802874
543.4140000000001	0.11563955692556335
543.5580000000001	0.11563817780802874
543.7020000000001	0.1156365228669872
543.846	0.1156387294550426
543.989	0.1156387294550426
544.133	0.1156387294550426
544.277	0.11564121186660492
544.421	0.11564231516063261
544.565	0.11564231516063261
544.7090000000001	0.11564231516063261
544.8530000000001	0.1156453492192088
544.9960000000001	0.1156453492192088
545.1400000000001	0.1156505898658404
545.2840000000001	0.11565389974792349
545.427	0.11565389974792349
545.572	0.11565389974792349
545.716	0.11566245027663818
545.859	0.11566245027663818
546.003	0.11567293156990137
546.147	0.11567955133406757
546.291	0.115685343627713
546.4340000000001	0.11568589527472684
546.5790000000001	0.11568644692174068
546.7220000000001	0.11568644692174068
546.8660000000001	0.11568644692174068
547.0100000000001	0.11569058427434457
547.1540000000001	0.11569554909746924
547.298	0.11569692821500388
547.441	0.11570409962618394
547.586	0.11571402927243327
547.73	0.11571402927243327
547.873	0.11571402927243327
548.017	0.11571402927243327
548.1610000000001	0.11571816662503714
548.3050000000001	0.11571954574257176
548.4480000000001	0.11572120068361333
548.5920000000001	0.11572120068361333
548.7360000000001	0.11572120068361333
548.8800000000001	0.11572120068361333
549.023	0.11572120068361333
549.168	0.11572120068361333
549.311	0.11572120068361333
549.455	0.11572120068361333
549.599	0.11572120068361333
549.743	0.11572120068361333
549.8870000000001	0.11572395891868259
550.0310000000001	0.11572395891868259
550.1750000000001	0.1157264413302449
550.3180000000001	0.11572864791830031
550.4620000000001	0.11572864791830031
550.6060000000001	0.11572864791830031
550.7520000000001	0.11572864791830031
550.894	0.11572864791830031
551.037	0.1157264413302449
551.181	0.11572395891868259
551.325	0.11572120068361333
551.469	0.11572120068361333
551.613	0.11571954574257176
551.7570000000001	0.11571154686087093
551.9010000000001	0.11571154686087093
552.0440000000001	0.11570327215566316
552.1880000000001	0.11570327215566316
552.3320000000001	0.11569996227358006
552.4760000000001	0.11569747986201774
552.62	0.11569692821500388
552.764	0.11569141174486536
552.908	0.11568396451017836
553.051	0.11566907004080439
553.195	0.11565583051247197
553.339	0.11564838327778497
553.4830000000001	0.11564038439608412
553.6270000000001	0.11563652286698718
553.7710000000001	0.11563652286698718
553.9150000000001	0.11563652286698718
554.0580000000001	0.11563652286698718
554.2020000000001	0.11563652286698718
554.346	0.11563404045542486
554.489	0.11562824816177941
554.634	0.11561997345657164
554.777	0.11561473280994006
554.921	0.11561169875136387
555.065	0.11561169875136387
555.2090000000001	0.11561169875136387
555.3530000000001	0.11561169875136387
555.4970000000001	0.11561169875136387
555.642	0.11561169875136387
555.7860000000001	0.11561169875136387
555.9290000000001	0.11561169875136387
556.0730000000001	0.11561169875136387
556.2170000000001	0.11561473280994006
556.3610000000001	0.11561473280994006
556.504	0.11561997345657164
556.648	0.11562824816177941
556.792	0.11562824816177941
556.936	0.11563652286698718
557.08	0.11563321298490409
557.224	0.11563321298490409
557.368	0.11563321298490409
557.5110000000001	0.11562742069125864
557.6550000000001	0.11562990310282097
557.7990000000001	0.1156249382796963
557.9430000000001	0.1156249382796963
558.086	0.11562990310282097
558.2310000000001	0.11562990310282097
558.375	0.1156356953964664
558.518	0.11564507339570188
558.662	0.11565141733636117
558.806	0.11565141733636117
558.95	0.11564507339570188
559.0930000000001	0.11565141733636117
559.238	0.11565334810090963
559.3810000000001	0.11565665798299274
559.5250000000001	0.11565969204156892
559.6690000000001	0.11566134698261049
559.816	0.11566245027663818
559.9570000000001	0.11566245027663818
560.1	0.11566245027663818
560.244	0.11566327774715897
560.388	0.11566796674677671
560.532	0.11568396451017837
560.676	0.11568396451017837
560.82	0.11568396451017837
560.964	0.11568396451017837
561.1070000000001	0.11568396451017837
561.2510000000001	0.11567596562847754
561.3950000000001	0.11567596562847754
561.5390000000001	0.11568727439226148
561.6830000000001	0.11569527327396231
561.8270000000001	0.11570078974410083
561.971	0.11570630621423934
562.115	0.11570713368476013
562.258	0.11570713368476013
562.402	0.11570713368476013
562.546	0.11570713368476013
562.69	0.11570713368476013
562.8340000000001	0.11570713368476013
562.9780000000001	0.11570713368476013
563.1210000000001	0.11570713368476013
563.2650000000001	0.11570713368476013
563.4090000000001	0.11570713368476013
563.5530000000001	0.11570713368476013
563.696	0.11570961609632245
563.84	0.11571402927243325
563.984	0.11572092486010639
564.128	0.11572588968323105
564.272	0.11572837209479339
564.416	0.11573416438843882
564.5600000000001	0.11573885338805656
564.7030000000001	0.11574188744663276
564.8470000000001	0.11574188744663276
564.9910000000001	0.11574188744663276
565.1350000000001	0.11574188744663276
565.2790000000001	0.11574464568170201
565.423	0.11574464568170201
565.567	0.11574464568170201
565.71	0.11574464568170201
565.854	0.11574464568170201
566.0	0.11574464568170201
566.142	0.11574464568170201
566.2860000000001	0.11574464568170201
566.437	0.11574464568170201
566.5730000000001	0.11574216327013967
566.7170000000001	0.11574216327013967
566.8610000000001	0.11573885338805656
567.0050000000001	0.11573250944739727
567.149	0.11573885338805656
567.293	0.11574216327013967
567.437	0.11574216327013967
567.58	0.11574216327013967
567.724	0.11573885338805656
567.868	0.11573885338805656
568.0120000000001	0.11573885338805656
568.1550000000001	0.11573885338805656
568.3000000000001	0.11573885338805656
568.4430000000001	0.11573885338805656
568.5870000000001	0.11573885338805656
568.7310000000001	0.11573885338805656
568.875	0.11573581932948038
569.019	0.11573581932948038
569.162	0.11573002703583493
569.307	0.11572257980114795
569.45	0.11572257980114795
569.594	0.11573002703583493
569.738	0.11573002703583493
569.8820000000001	0.11573002703583493
570.0260000000001	0.11573002703583493
570.1690000000001	0.11573002703583493
570.3130000000001	0.11573002703583493
570.4570000000001	0.11573002703583493
570.6010000000001	0.11573002703583493
570.744	0.11573002703583493
570.889	0.11573002703583493
571.033	0.11573002703583493
571.176	0.11573002703583493
571.3240000000001	0.11573002703583493
571.464	0.11572257980114795
571.609	0.11572257980114795
571.7520000000001	0.11572009738958561
571.899	0.11571623586048865
572.0390000000001	0.11571402927243325
572.186	0.11570658203774625
572.331	0.11570658203774625
572.474	0.11569692821500387
572.6160000000001	0.11569692821500387
572.7610000000001	0.11569692821500387
572.907	0.11569692821500387
573.052	0.11569251503889305
573.1940000000001	0.11569472162694845
573.335	0.11570409962618394
573.479	0.11570354797917008
573.623	0.11570354797917008
573.7660000000001	0.11570354797917008
573.9100000000001	0.11570354797917008
574.0540000000001	0.11569472162694845
574.1980000000001	0.11568920515680994
574.3420000000001	0.11568920515680994
574.4860000000001	0.11568727439226145
574.6300000000001	0.11568479198069914
574.773	0.11568727439226145
574.917	0.11568920515680994
575.061	0.11568920515680994
575.205	0.11568920515680994
575.349	0.11568920515680994
575.493	0.11568727439226145
575.6370000000001	0.11568727439226145
575.7800000000001	0.11568727439226145
575.9240000000001	0.11568727439226145
576.0690000000001	0.11568727439226145
576.211	0.11568727439226145
576.3560000000001	0.11569361833292074
576.5	0.11570354797917008
576.643	0.11570851280229474
576.787	0.11570851280229474
576.931	0.11570851280229474
577.075	0.11570354797917008
577.2180000000001	0.11569361833292074
577.3620000000001	0.11568727439226145
577.5060000000001	0.11568479198069914
577.6500000000001	0.11567872386354679
577.7940000000001	0.11567403486392908
577.9390000000001	0.11566520851170745
578.0820000000001	0.1156550030419512
578.225	0.11565169315986809
578.369	0.11564976239531961
578.513	0.11564479757219495
578.657	0.11564479757219495
578.801	0.11563486792594563
578.945	0.11562466245618938
579.0880000000001	0.11563486792594563
579.2320000000001	0.11563486792594563
579.3760000000001	0.11563486792594563
579.5200000000001	0.11563486792594563
579.6640000000001	0.11563238551438329
579.807	0.11563238551438329
579.9520000000001	0.11563238551438329
580.095	0.11563238551438329
580.239	0.11563238551438329
580.383	0.11563238551438329
580.527	0.11563238551438329
580.671	0.11563238551438329
580.8140000000001	0.11563238551438329
580.9580000000001	0.11563238551438329
581.1020000000001	0.11564231516063261
581.2460000000001	0.11565031404233347
581.393	0.11565031404233347
581.5340000000001	0.11564231516063261
581.6780000000001	0.11564231516063261
581.821	0.11564231516063261
581.965	0.11563238551438329
582.109	0.11562521410320323
582.253	0.11562521410320323
582.397	0.11561859433903701
582.541	0.11561859433903701
582.6850000000001	0.11561859433903701
582.8280000000001	0.11562521410320323
582.9720000000001	0.11562521410320323
583.1160000000001	0.11562521410320323
583.2600000000001	0.11562521410320323
583.4040000000001	0.11562521410320323
583.547	0.11562521410320323
583.691	0.11562521410320323
583.835	0.11561859433903701
583.979	0.11561611192747469
584.123	0.11561611192747469
584.267	0.11561859433903701
584.4110000000001	0.11562273169164089
584.5550000000001	0.1156271448677517
584.7	0.11563238551438329
584.8420000000001	0.11563514374945255
584.9860000000001	0.11563790198452181
585.1300000000001	0.11563790198452181
585.273	0.1156412118666049
585.417	0.1156412118666049
585.561	0.11564645251323649
585.705	0.11565114151285424
585.849	0.11565114151285424
585.993	0.11565196898337501
586.1370000000001	0.11565445139493735
586.2800000000001	0.11566658762924208
586.4240000000001	0.1156787238635468
586.5680000000001	0.11568920515680994
586.7120000000001	0.11568920515680994
586.8570000000001	0.11570023809708697
587.0	0.11570327215566316
587.143	0.11570327215566316
587.287	0.11570327215566316
587.431	0.11570327215566316
587.575	0.11570327215566316
587.719	0.11570327215566316
587.8620000000001	0.11570327215566316
588.0060000000001	0.11570327215566316
588.1500000000001	0.11570327215566316
588.2940000000001	0.11570492709670471
588.4380000000001	0.11570492709670471
588.5820000000001	0.11571209850788478
588.7260000000001	0.11571926991906484
588.869	0.1157242347421895
589.013	0.11574436985819508
589.157	0.11577222803239456
589.301	0.11578601920774086
589.445	0.11578960491333087
589.589	0.11579181150138629
589.7330000000001	0.11579815544204558
589.8760000000001	0.1158180147345442
590.0210000000001	0.11583952896808439
590.1640000000001	0.11584780367329217
590.3080000000001	0.1158546992609653
590.4530000000001	0.11586435308370768
590.596	0.11587180031839468
590.74	0.11590214090415649
590.8850000000001	0.11593579137200143
591.028	0.11594792760630618
591.172	0.11594792760630618
591.315	0.11594792760630618
591.46	0.11594792760630618
591.6030000000001	0.11594792760630618
591.7470000000001	0.11594792760630618
591.8910000000001	0.11594792760630618
592.0350000000001	0.11594792760630618
592.1790000000001	0.11594792760630618
592.322	0.11594792760630618
592.466	0.11594792760630618
592.61	0.11594792760630618
592.754	0.11594792760630618
592.898	0.11594792760630618
593.042	0.11594792760630618
593.186	0.11594792760630618
593.3290000000001	0.11594792760630618
593.4730000000001	0.11594792760630618
593.6170000000001	0.11594792760630618
593.7610000000001	0.11594792760630618
593.9040000000001	0.11594792760630618
594.0490000000001	0.11594792760630618
594.1930000000001	0.11594792760630618
594.336	0.11594792760630618
594.48	0.11594792760630618
594.624	0.1159244826082175
594.768	0.1158913837873864
594.9110000000001	0.11587317943592931
595.0550000000001	0.11581222244089877
595.1990000000001	0.11578960491333087
595.3430000000001	0.11576340168017293
595.4870000000001	0.1157554027984721
595.6310000000001	0.11574409403468816
595.7750000000001	0.11573306109441113
595.922	0.11572671715375184
596.062	0.11572616550673798
596.206	0.11572451056569644
596.35	0.1157220281541341
596.494	0.11572064903659948
596.638	0.11571513256646096
596.7810000000001	0.11570851280229474
596.9250000000001	0.11570740950826705
597.0690000000001	0.11570740950826705
597.2130000000001	0.11570740950826705
597.3570000000001	0.1157068578612532
597.5010000000001	0.1157068578612532
597.644	0.1157068578612532
597.788	0.11570078974410083
597.932	0.11569527327396231
598.076	0.11569334250941384
598.22	0.11569334250941384
598.363	0.11569058427434459
598.508	0.11569058427434459
598.6510000000001	0.11568589527472684
598.7950000000001	0.11568037880458833
598.9390000000001	0.11568589527472684
599.0830000000001	0.11568037880458833
599.2270000000001	0.11568037880458833
599.37	0.11568037880458833
599.514	0.11568589527472684
599.658	0.11569058427434459
599.802	0.11569251503889305
599.946	0.11569251503889305
600.09	0.11569803150903157
600.2330000000001	0.11570354797917008
600.3770000000001	0.1157068578612532
600.5210000000001	0.11570823697878782
600.6650000000001	0.11571485674295404
600.8090000000001	0.11571485674295404
600.9520000000001	0.11572064903659948
601.0970000000001	0.1157220281541341
601.24	0.11572451056569644
601.384	0.11572451056569644
601.528	0.11572616550673798
601.672	0.1157316819768765
601.816	0.11573802591753579
601.9590000000001	0.11573968085857735
602.104	0.11573968085857735
602.2470000000001	0.11574850721079896
602.3910000000001	0.11573830174104272
602.5350000000001	0.11574850721079896
602.6790000000001	0.11574850721079896
602.8230000000001	0.11574850721079896
602.9670000000001	0.11574850721079896
603.11	0.11574850721079896
603.254	0.11575705773951366
603.398	0.11575705773951366
603.541	0.11575705773951366
603.686	0.11576009179808983
603.8290000000001	0.11576560826822835
603.9730000000001	0.1157736071499292
604.1170000000001	0.11577636538499844
604.2610000000001	0.11577636538499844
604.4050000000001	0.11577636538499844
604.548	0.11577636538499844
604.692	0.11577636538499844
604.836	0.11577636538499844
604.9820000000001	0.11577636538499844
605.124	0.11577636538499844
605.269	0.11577636538499844
605.412	0.11577636538499844
605.5550000000001	0.11577636538499844
605.6990000000001	0.11577084891485995
605.8430000000001	0.11577084891485995
605.9870000000001	0.11577636538499844
606.1310000000001	0.11579043238385166
606.2750000000001	0.11580422355919794
606.418	0.11580670597076026
606.562	0.11580670597076026
606.706	0.11580670597076026
606.85	0.11580670597076026
606.994	0.11579981038308712
607.138	0.11579125985437244
607.282	0.11578629503124778
607.4250000000001	0.11578629503124778
607.5690000000001	0.11578629503124778
607.7130000000001	0.11578629503124778
607.8580000000001	0.11578629503124778
608.0010000000001	0.11578629503124778
608.1460000000001	0.11578629503124778
608.2890000000001	0.11578629503124778
608.4330000000001	0.11578629503124778
608.5770000000001	0.11578629503124778
608.721	0.11578629503124778
608.865	0.11578629503124778
609.008	0.11578629503124778
609.152	0.11578629503124778
609.296	0.11578629503124778
609.44	0.11578629503124778
609.5840000000001	0.11579125985437244
609.7280000000001	0.11579125985437244
609.8720000000001	0.11579981038308712
610.0150000000001	0.11580670597076026
610.1590000000001	0.11580698179426718
610.3030000000001	0.1158080850882949
610.447	0.11581360155843341
610.591	0.11582435867520349
610.735	0.11583042679235585
610.878	0.1158320817333974
611.022	0.11583566743898743
611.166	0.11586076737811765
611.3100000000001	0.11587124867138082
611.4570000000001	0.11587124867138082
611.5980000000001	0.11587124867138082
611.7420000000001	0.11587124867138082
611.8850000000001	0.11587124867138082
612.0290000000001	0.11587124867138082
612.173	0.11587124867138082
612.317	0.11587124867138082
612.461	0.11587124867138082
612.604	0.11587124867138082
612.748	0.11589000466985178
612.892	0.11589000466985178
613.0360000000001	0.11589000466985178
613.1800000000001	0.11590186508064958
613.3240000000001	0.11590186508064958
613.4680000000001	0.11590186508064958
613.6110000000001	0.11590186508064958
613.7550000000001	0.11590186508064958
613.899	0.11590186508064958
614.0450000000001	0.11590186508064958
614.187	0.11590931231533658
614.331	0.11591482878547509
614.475	0.11592172437314824
614.618	0.11592724084328675
614.7620000000001	0.11593634301901529
614.9060000000001	0.1159429627831815
615.0500000000001	0.11594351443019535
615.1940000000001	0.11594434190071612
615.3380000000001	0.11594516937123689
615.4820000000001	0.11596006384061089
615.625	0.11596006384061089
615.769	0.11596006384061089
615.913	0.11596006384061089
616.056	0.11596006384061089
616.2	0.11596006384061089
616.344	0.11596006384061089
616.488	0.11596006384061089
616.6320000000001	0.11596006384061089
616.7760000000001	0.11596006384061089
616.9200000000001	0.11596006384061089
617.0630000000001	0.11596006384061089
617.2080000000001	0.11594489354772997
617.3510000000001	0.11594489354772997
617.495	0.11594351443019535
617.639	0.1159429627831815
617.783	0.11593468807797375
617.926	0.11592558590224519
618.07	0.11592034525561361
618.214	0.11591344966794045
618.3580000000001	0.11589717608103184
618.5020000000001	0.11589717608103184
618.6460000000001	0.11589717608103184
618.7900000000001	0.11589717608103184
618.9340000000001	0.11589717608103184
619.0780000000001	0.11589717608103184
619.221	0.11589717608103184
619.3660000000001	0.11589717608103184
619.509	0.11589717608103184
619.652	0.11589717608103184
619.797	0.11589717608103184
619.941	0.11588255743516479
620.0840000000001	0.11588255743516479
620.2280000000001	0.11587704096502627
620.3720000000001	0.11587014537735313
620.5160000000001	0.11587014537735313
620.6600000000001	0.11586711131877696
620.8030000000001	0.1158524926729099
620.947	0.11583235755690433
621.091	0.11583235755690433
621.235	0.11582353120468274
621.379	0.11581801473454423
621.523	0.11581194661739186
621.666	0.11580560267673257
621.8100000000001	0.11580118950062177
621.9540000000001	0.11579374226593477
622.0980000000001	0.11577939944357463
622.2420000000001	0.11577002144433915
622.3860000000001	0.1157661599152422
622.5300000000001	0.11576285003315909
622.673	0.11575623026899287
622.817	0.11573554350597345
622.961	0.11571899409555791
623.1070000000001	0.11571651168399558
623.249	0.11571320180191248
623.392	0.11571320180191248
623.5360000000001	0.11571320180191248
623.6800000000001	0.11570934027281553
623.8240000000001	0.11570437544969087
623.9680000000001	0.11569637656799
624.1120000000001	0.11569637656799
624.2560000000001	0.11569637656799
624.4000000000001	0.11569637656799
624.543	0.11569637656799
624.687	0.11568948098031688
624.831	0.11568534362771299
624.975	0.11568286121615065
625.118	0.11568258539264373
625.2620000000001	0.11568258539264373
625.408	0.11568258539264373
625.551	0.11568341286316451
625.695	0.11568341286316451
625.839	0.11568534362771299
625.9830000000001	0.11568948098031688
626.1260000000001	0.11568948098031688
626.2700000000001	0.11568948098031688
626.417	0.11569996227358005
626.5580000000001	0.1157079611552809
626.7020000000001	0.1157079611552809
626.846	0.1157079611552809
626.99	0.11570934027281553
627.133	0.11570934027281553
627.2790000000001	0.1157079611552809
627.421	0.1157079611552809
627.565	0.1157079611552809
627.7090000000001	0.1157079611552809
627.8530000000001	0.11570934027281553
627.9960000000001	0.11571402927243327
628.1400000000001	0.1157220281541341
628.2840000000001	0.11572782044777954
628.4280000000001	0.11572892374180724
628.572	0.11572892374180724
628.715	0.11573030285934185
628.86	0.11573333691791804
629.003	0.11573333691791804
629.147	0.11573719844701501
629.291	0.11573940503507042
629.4350000000001	0.1157402325055912
629.5790000000001	0.11574105997611198
629.7230000000001	0.11574188744663275
629.8670000000001	0.11574685226975742
630.0100000000001	0.11575347203392364
630.1540000000001	0.11576229838614524
630.298	0.11577029726784607
630.442	0.1157835367961785
630.586	0.11581001585284335
630.729	0.11584642455575753
630.873	0.1158751102004778
631.017	0.1158988310220734
631.1610000000001	0.11591620790300972
631.3050000000001	0.11591896613807896
631.4490000000001	0.11592393096120363
631.5930000000001	0.11593248148991833
631.7360000000001	0.1159581330760624
631.8800000000001	0.11597082095738098
632.024	0.11597082095738098
632.1690000000001	0.11597082095738098
632.312	0.11597082095738098
632.456	0.11597082095738098
632.6	0.11597082095738098
632.743	0.11597082095738098
632.8870000000001	0.11597082095738098
633.0310000000001	0.11597082095738098
633.1750000000001	0.11597082095738098
633.3190000000001	0.11597082095738098
633.4620000000001	0.11597082095738098
633.6060000000001	0.11597082095738098
633.75	0.11597082095738098
633.8950000000001	0.11597082095738098
634.038	0.11597082095738098
634.182	0.11597082095738098
634.326	0.11597082095738098
634.469	0.11597082095738098
634.613	0.11597082095738098
634.7570000000001	0.11597082095738098
634.9010000000001	0.11597082095738098
635.0450000000001	0.11595068584137543
635.1880000000001	0.11593248148991833
635.3320000000001	0.11592696501977982
635.4760000000001	0.11592393096120363
635.62	0.115915104608982
635.764	0.11589662443401799
635.908	0.1158806266706163
636.052	0.11586849043631159
636.195	0.11585497508447223
636.339	0.11584780367329217
636.4830000000001	0.11584449379120905
636.6270000000001	0.1158353916154805
636.7710000000001	0.11580505102971869
636.9150000000001	0.11578215767864389
637.0590000000001	0.11578105438461618
637.2020000000001	0.11577884779656078
637.35	0.11577884779656078
637.49	0.11577884779656078
637.634	0.11577884779656078
637.777	0.11577884779656078
637.9240000000001	0.11577884779656078
638.067	0.11577884779656078
638.21	0.11577884779656078
638.3560000000001	0.11577884779656078
638.4970000000001	0.11577884779656078
638.643	0.11577884779656078
638.788	0.11577884779656078
638.932	0.11577884779656078
639.075	0.11577884779656078
639.2180000000001	0.11577884779656078
639.364	0.11577884779656078
639.5060000000001	0.11577884779656078
639.648	0.1157791236200677
639.791	0.11578215767864389
639.9350000000001	0.11578215767864389
640.0790000000001	0.11578215767864389
640.2230000000001	0.11580505102971869
640.3670000000001	0.1158353916154805
640.5110000000001	0.11584504543822291
640.6540000000001	0.11584835532030602
640.798	0.11585497508447223
640.942	0.11586986955384622
641.086	0.11588200578815094
641.2330000000001	0.11590793319780193
641.373	0.1159388254305776
641.518	0.11594985837085463
641.6610000000001	0.11599509342599043
641.8050000000001	0.1160389493635916
641.9490000000001	0.1160389493635916
642.0930000000001	0.1160389493635916
642.2370000000001	0.11604501748074397
642.3800000000001	0.1160530163624448
642.5250000000001	0.11606487677324259
642.668	0.11606487677324259
642.8130000000001	0.116074530595985
642.9570000000001	0.11607480641949193
643.1010000000001	0.11607563389001271
643.245	0.11608115036015122
643.388	0.11608115036015122
643.532	0.11608473606574124
643.676	0.11608473606574124
643.82	0.11608473606574124
643.964	0.11608997671237284
644.1080000000001	0.1160971481235529
644.2520000000001	0.11609963053511524
644.3950000000001	0.11610073382914293
644.5390000000001	0.11611452500448922
644.6830000000001	0.11611452500448922
644.826	0.11611452500448922
644.971	0.11611673159254463
645.115	0.11613410847348093
645.258	0.11614183153167484
645.402	0.11614183153167484
645.546	0.11614183153167484
645.69	0.11613410847348093
645.8340000000001	0.11612693706230087
645.9780000000001	0.11612693706230087
646.1210000000001	0.11612693706230087
646.2650000000001	0.11612362718021775
646.4090000000001	0.11611645576903769
646.5530000000001	0.11611645576903769
646.697	0.11611645576903769
646.84	0.11611645576903769
646.985	0.11611645576903769
647.128	0.11611645576903769
647.272	0.11610928435785761
647.416	0.11610928435785761
647.5600000000001	0.11610928435785761
647.7040000000001	0.11611645576903769
647.8470000000001	0.11611645576903769
647.9910000000001	0.11611645576903769
648.1350000000001	0.11612362718021775
648.2800000000001	0.11612693706230087
648.423	0.11612693706230087
648.567	0.11612362718021775
648.711	0.11611645576903769
648.854	0.11611645576903769
648.998	0.11612362718021775
649.142	0.11612362718021775
649.2860000000001	0.11612362718021775
649.4290000000001	0.11612362718021775
649.5740000000001	0.11611645576903769
649.7170000000001	0.11611645576903769
649.8610000000001	0.11611645576903769
650.0050000000001	0.11610928435785761
650.149	0.11610928435785761
650.2950000000001	0.11610928435785761
650.436	0.11610928435785761
650.58	0.11610928435785761
650.724	0.11610928435785761
650.868	0.11610928435785761
651.0120000000001	0.11610928435785761
651.1560000000001	0.11610928435785761
651.3000000000001	0.11610321624070527
651.4430000000001	0.11609852724108752
651.5870000000001	0.11608777012431742
651.7310000000001	0.11607811630157504
651.875	0.11607811630157504
652.019	0.11607811630157504
652.163	0.11607728883105425
652.306	0.11607701300754734
652.45	0.11606928994935342
652.594	0.11605025812737554
652.738	0.11602295160018991
652.8820000000001	0.11598764619130345
653.0260000000001	0.1159677868988048
653.1700000000001	0.11594958254734772
653.3130000000001	0.11592117272613438
653.4570000000001	0.11587124867138085
653.6010000000001	0.11581167079388491
653.745	0.11579043238385166
653.889	0.11577967526708156
654.033	0.11577967526708156
654.177	0.11577967526708156
654.32	0.11575705773951367
654.464	0.1157443698581951
654.6080000000001	0.11574299074066047
654.7520000000001	0.11574078415260505
654.8950000000001	0.11573030285934188
655.0390000000001	0.11572064903659948
655.1830000000001	0.11571871827205099
655.3270000000001	0.11571623586048865
655.471	0.11571623586048865
655.615	0.11571402927243327
655.759	0.11571099521385708
655.902	0.11571099521385708
656.046	0.11571099521385708
656.19	0.11571099521385708
656.3340000000001	0.11571099521385708
656.48	0.11571099521385708
656.6220000000001	0.11571099521385708
656.7660000000001	0.11571099521385708
656.9090000000001	0.11571099521385708
657.0530000000001	0.11571099521385708
657.197	0.11571099521385708
657.341	0.11571099521385708
657.484	0.11571099521385708
657.629	0.11571099521385708
657.772	0.11571099521385708
657.916	0.11571099521385708
658.0600000000001	0.11571099521385708
658.2040000000001	0.11571099521385708
658.3480000000001	0.11570934027281553
658.4910000000001	0.11570934027281553
658.6350000000001	0.11570934027281553
658.7790000000001	0.11570934027281553
658.923	0.11570934027281553
659.067	0.11571071939035016
659.211	0.11571402927243327
659.3570000000001	0.11571816662503714
659.4970000000001	0.11572588968323105
659.642	0.11572588968323105
659.7860000000001	0.11572340727166872
659.9300000000001	0.11572340727166872
660.0740000000001	0.11573195780038342
660.2180000000001	0.11573306109441112
660.3620000000001	0.11573306109441112
660.5060000000001	0.11573306109441112
660.6500000000001	0.11573306109441112
660.7940000000001	0.11573306109441112
660.937	0.11573306109441112
661.0820000000001	0.11573306109441112
661.2260000000001	0.11573195780038342
661.369	0.11572754462427262
661.513	0.11573195780038342
661.657	0.11573306109441112
661.801	0.11573306109441112
661.9440000000001	0.11573306109441112
662.0880000000001	0.11573306109441112
662.2330000000001	0.11573416438843881
662.3760000000001	0.11573554350597345
662.5200000000001	0.11573637097649422
662.6650000000001	0.11573719844701501
662.8080000000001	0.11573719844701501
662.951	0.11573719844701501
663.095	0.11573719844701501
663.239	0.11573719844701501
663.383	0.1157369226235081
663.5260000000001	0.11573554350597345
663.671	0.11573554350597345
663.815	0.11573416438843881
663.9580000000001	0.11573306109441112
664.1020000000001	0.11572975121232801
664.2460000000001	0.1157253380362172
664.3900000000001	0.1157198215660787
664.533	0.1157101677433363
664.677	0.1157101677433363
664.821	0.1157101677433363
664.965	0.1157101677433363
665.109	0.1157101677433363
665.253	0.11570299633215622
665.397	0.11570299633215622
665.5400000000001	0.11570299633215622
665.6840000000001	0.11570299633215622
665.8280000000001	0.11570299633215622
665.9720000000001	0.1156994106265662
666.1160000000001	0.1156994106265662
666.2600000000001	0.1156994106265662
666.403	0.1156938941564277
666.547	0.1156938941564277
666.691	0.11568837768628916
666.835	0.11568837768628916
666.979	0.11568837768628916
667.123	0.11568837768628916
667.2660000000001	0.11568837768628916
667.4100000000001	0.11568837768628916
667.5540000000001	0.11568837768628916
667.6980000000001	0.11568837768628916
667.8420000000001	0.11568837768628916
667.985	0.11568837768628916
668.1300000000001	0.1156938941564277
668.273	0.1156994106265662
668.4200000000001	0.11570216886163545
668.561	0.115703823802677
668.705	0.115703823802677
668.849	0.115703823802677
668.9920000000001	0.1157101677433363
669.1360000000001	0.115703823802677
669.2800000000001	0.115703823802677
669.4240000000001	0.11570216886163545
669.5680000000001	0.1156994106265662
669.7120000000001	0.1156994106265662
669.8560000000001	0.1156938941564277
669.999	0.11568837768628916
670.143	0.1156820337456299
670.287	0.11567734474601218
670.431	0.11567706892250526
670.5740000000001	0.11567706892250526
670.719	0.11567706892250526
670.8620000000001	0.11567568980497062
671.0060000000001	0.11567706892250526
671.1500000000001	0.11567734474601218
671.2940000000001	0.11567734474601218
671.441	0.11567734474601218
671.581	0.1156820337456299
671.725	0.1156919633918792
671.869	0.1156820337456299
672.013	0.1156820337456299
672.157	0.11567734474601218
672.301	0.11567706892250526
672.445	0.11567706892250526
672.5880000000001	0.11567734474601218
672.7320000000001	0.11567734474601218
672.8760000000001	0.11567734474601218
673.0200000000001	0.11567734474601218
673.1640000000001	0.11567458651094292
673.3080000000001	0.11567127662885981
673.451	0.11567127662885981
673.595	0.11567127662885981
673.739	0.11567127662885981
673.883	0.11567458651094292
674.027	0.11568451615719223
674.171	0.11568561945121994
674.315	0.11568561945121994
674.4580000000001	0.11568561945121994
674.6020000000001	0.11568561945121994
674.7460000000001	0.11569251503889305
674.8900000000001	0.11569334250941384
675.033	0.11569444580344154
675.1780000000001	0.11569361833292076
675.321	0.11569361833292076
675.465	0.11569361833292076
675.609	0.11569361833292076
675.753	0.11569361833292076
675.897	0.11569361833292076
676.0400000000001	0.11569361833292076
676.1840000000001	0.11569361833292076
676.3280000000001	0.11569444580344154
676.4720000000001	0.11569803150903157
676.6170000000001	0.11570106556760774
676.7610000000001	0.11570216886163545
676.9040000000001	0.11570216886163545
677.047	0.11570437544969087
677.191	0.11571375344892634
677.335	0.11572451056569644
677.4810000000001	0.11573002703583493
677.6220000000001	0.11573388856493189
677.768	0.11573388856493189
677.9110000000001	0.11573554350597345
678.0550000000001	0.11573940503507042
678.1990000000001	0.11574492150520893
678.3430000000001	0.11575374785743055
678.4870000000001	0.11576340168017293
678.6300000000001	0.11578326097267158
678.774	0.1157940180894417
678.918	0.1157940180894417
679.062	0.1157940180894417
679.206	0.1157940180894417
679.35	0.1157940180894417
679.494	0.1157940180894417
679.6370000000001	0.1157940180894417
679.7810000000001	0.1157940180894417
679.9250000000001	0.1157940180894417
680.071	0.1157940180894417
680.2130000000001	0.1157940180894417
680.3570000000001	0.1157940180894417
680.5	0.1157940180894417
680.644	0.11580118950062177
680.788	0.11580560267673257
680.932	0.11580560267673257
681.076	0.11580560267673257
681.22	0.11580118950062177
681.364	0.11580118950062177
681.5070000000001	0.11580118950062177
681.6510000000001	0.1157940180894417
681.7950000000001	0.11578519173722007
681.9390000000001	0.11578519173722007
682.0830000000001	0.11578519173722007
682.2260000000001	0.11578601920774086
682.37	0.11578601920774086
682.514	0.11578601920774086
682.658	0.11578326097267161
682.802	0.11578077856110927
682.946	0.11578077856110927
683.09	0.11577636538499844
683.2330000000001	0.11577195220888764
683.3770000000001	0.11576229838614524
683.5210000000001	0.11576229838614524
683.6650000000001	0.11576229838614524
683.8090000000001	0.11576229838614524
683.9530000000001	0.11575898850406213
684.0970000000001	0.11574878303430589
684.24	0.11574161162312582
684.384	0.11573747427052193
684.528	0.11572285562465487
684.672	0.11570740950826705
684.816	0.11570327215566316
684.96	0.11570327215566316
685.1030000000001	0.11570078974410082
685.2470000000001	0.11570078974410082
685.3910000000001	0.11570078974410082
685.5350000000001	0.11569361833292074
685.6790000000001	0.11569361833292074
685.8230000000001	0.11569361833292074
685.966	0.11568644692174068
686.11	0.11568093045160219
686.254	0.11567624145198449
686.398	0.11567624145198449
686.5450000000001	0.11567237992288751
686.6850000000001	0.11566548433521437
686.83	0.11565362392441657
686.9730000000001	0.11565362392441657
687.1170000000001	0.11565279645389578
687.2610000000001	0.11565279645389578
687.4050000000001	0.11566079533559662
687.5490000000001	0.11566079533559662
687.692	0.11566355357066588
687.836	0.11566355357066588
687.98	0.11565665798299274
688.124	0.11565665798299274
688.268	0.11566355357066588
688.412	0.11566355357066588
688.556	0.11566824257028363
688.6990000000001	0.11567624145198446
688.8430000000001	0.11567624145198446
688.9870000000001	0.11568341286316451
689.1310000000001	0.11568341286316451
689.274	0.11567624145198446
689.4190000000001	0.11567624145198446
689.5630000000001	0.11567624145198446
689.706	0.11568341286316451
689.85	0.11568341286316451
689.994	0.11568506780420607
690.138	0.11569003262733071
690.2810000000001	0.11569582492097616
690.4250000000001	0.11569858315604542
690.5690000000001	0.11570078974410082
690.7130000000001	0.11570078974410082
690.8570000000001	0.11570078974410082
691.0010000000001	0.11569858315604542
691.1450000000001	0.11569858315604542
691.288	0.11569858315604542
691.4330000000001	0.11569582492097616
691.576	0.11570023809708697
691.72	0.11570023809708697
691.864	0.11570023809708697
692.008	0.11570023809708697
692.152	0.11569582492097616
692.2950000000001	0.11569582492097616
692.4390000000001	0.11569582492097616
692.5830000000001	0.11569334250941384
692.7270000000001	0.11569334250941384
692.8710000000001	0.11569334250941384
693.0150000000001	0.11569058427434457
693.158	0.11569058427434457
693.302	0.11569058427434457
693.446	0.11569058427434457
693.59	0.11569058427434457
693.734	0.11569058427434457
693.878	0.11569058427434457
694.0210000000001	0.11569334250941384
694.1650000000001	0.11569334250941384
694.3090000000001	0.11569334250941384
694.4530000000001	0.11569334250941384
694.5970000000001	0.11569058427434457
694.74	0.11568727439226145
694.884	0.11568506780420607
695.028	0.1156798271575745
695.172	0.1156798271575745
695.317	0.115674310687436
695.4620000000001	0.115674310687436
695.605	0.11566989751132517
695.748	0.11566438104118666
695.892	0.11566079533559662
696.0360000000001	0.11566079533559662
696.1800000000001	0.11565996786507585
696.3240000000001	0.11566079533559662
696.4680000000001	0.11566438104118666
696.6120000000001	0.11566438104118666
696.7550000000001	0.11566079533559662
696.899	0.11566079533559662
697.043	0.11566079533559662
697.187	0.11565831292403429
697.331	0.11565831292403429
697.475	0.11565831292403429
697.618	0.11565831292403429
697.7620000000001	0.11565831292403429
697.9060000000001	0.11565831292403429
698.0500000000001	0.11565831292403429
698.1940000000001	0.11566079533559662
698.3370000000001	0.11566079533559662
698.4820000000001	0.11565831292403429
698.625	0.11566079533559662
698.769	0.11566079533559662
698.913	0.11566079533559662
699.057	0.11566438104118666
699.201	0.1156690700408044
699.344	0.1156690700408044
699.488	0.11567155245236674
699.6320000000001	0.11567155245236674
699.7760000000001	0.11567155245236674
699.9200000000001	0.1156690700408044
700.0640000000001	0.1156690700408044
700.2080000000001	0.11567155245236674
700.3510000000001	0.11567155245236674
700.495	0.11567155245236674
700.642	0.11567293156990137
700.7860000000001	0.11567486233444985
700.9290000000001	0.11567679309899834
701.075	0.11567817221653294
701.219	0.11567817221653294
701.36	0.11568037880458833
701.5060000000001	0.11568782603927533
701.647	0.11568782603927533
701.793	0.11568782603927533
701.937	0.11569720403851079
702.0770000000001	0.11570189303812853
702.225	0.11570189303812853
702.365	0.11570189303812853
702.509	0.11570299633215622
702.653	0.11570299633215622
702.796	0.11570299633215622
702.941	0.11570299633215622
703.0840000000001	0.11570768533177397
703.2280000000001	0.11571237433139173
703.3720000000001	0.11571568421347483
703.5160000000001	0.11571982156607871
703.6600000000001	0.11573195780038342
703.8030000000001	0.11573637097649422
703.9480000000001	0.11573747427052193
704.091	0.11573747427052193
704.235	0.11573747427052193
704.379	0.11573885338805656
704.524	0.11573940503507042
704.667	0.11573940503507042
704.8100000000001	0.11573940503507042
704.9540000000001	0.11573940503507042
705.0980000000001	0.11573940503507042
705.2420000000001	0.11573885338805656
705.3860000000001	0.11573885338805656
705.5300000000001	0.11573885338805656
705.6740000000001	0.11573885338805656
705.8180000000001	0.11573747427052193
705.961	0.11573637097649422
706.105	0.11573223362389035
706.249	0.11572782044777954
706.392	0.11572782044777954
706.537	0.11573223362389035
706.681	0.11573223362389035
706.8240000000001	0.11573637097649422
706.9680000000001	0.11573802591753579
707.1120000000001	0.1157402325055912
707.2560000000001	0.1157402325055912
707.399	0.11574299074066044
707.543	0.11574602479923662
707.687	0.11574602479923662
707.831	0.11574795556378512
707.975	0.11574795556378512
708.119	0.11574795556378512
708.263	0.11574795556378512
708.4060000000001	0.11574602479923662
708.5500000000001	0.11574299074066044
708.6940000000001	0.11574299074066044
708.8380000000001	0.11574216327013967
708.9820000000001	0.11574216327013967
709.1260000000001	0.11574326656416736
709.2700000000001	0.11574602479923662
709.413	0.11574795556378512
709.557	0.1157487830343059
709.701	0.11574905885781281
709.845	0.11575264456340284
709.989	0.11575595444548596
710.133	0.11575650609249981
710.277	0.11575733356302059
710.4200000000001	0.11575816103354136
710.5640000000001	0.11575816103354136
710.7080000000001	0.11575898850406213
710.8520000000001	0.11575898850406213
710.9960000000001	0.11576312585666601
711.1400000000001	0.11576919397381838
711.283	0.11576919397381838
711.427	0.11577167638538072
711.571	0.11577167638538072
711.715	0.11576919397381838
711.8580000000001	0.11576533244472142
712.0020000000001	0.11575898850406213
712.1460000000001	0.11575898850406213
712.2900000000001	0.11575898850406213
712.4340000000001	0.11575898850406213
712.5780000000001	0.11575898850406213
712.7220000000001	0.11575898850406213
712.8660000000001	0.11576009179808984
713.0100000000001	0.1157661599152422
713.1540000000001	0.11577167638538072
713.298	0.11577167638538072
713.442	0.11577167638538072
713.5880000000001	0.11577167638538072
713.73	0.1157661599152422
713.873	0.11576229838614524
714.017	0.11576229838614524
714.1610000000001	0.1157598159745829
714.3050000000001	0.11575788521003444
714.4480000000001	0.11575788521003444
714.5930000000001	0.11575650609249981
714.7360000000001	0.11575264456340284
714.8800000000001	0.11575264456340284
715.024	0.11574547315222278
715.168	0.11573885338805656
715.312	0.11573885338805656
715.455	0.11573306109441112
715.6	0.11573306109441112
715.743	0.11573885338805656
715.8870000000001	0.11573885338805656
716.0310000000001	0.11574464568170201
716.1750000000001	0.11575236873989592
716.3190000000001	0.11575871268055521
716.465	0.11575871268055521
716.6070000000001	0.11575871268055521
716.75	0.11575650609249981
716.894	0.11575650609249981
717.038	0.11575181709288207
717.182	0.11575181709288207
717.326	0.11575181709288207
717.469	0.11575181709288207
717.613	0.11575181709288207
717.7570000000001	0.11575181709288207
717.9010000000001	0.11575181709288207
718.0450000000001	0.11575181709288207
718.1890000000001	0.11574188744663275
718.3330000000001	0.11573306109441112
718.4760000000001	0.11572919956531416
718.62	0.11572919956531416
718.764	0.11572919956531416
718.907	0.11573885338805656
719.052	0.11575181709288207
719.195	0.11575181709288207
719.339	0.11575650609249981
719.4830000000001	0.11575871268055521
719.6270000000001	0.11576064344510369
719.7710000000001	0.11576229838614524
719.9150000000001	0.1157661599152422
720.0590000000001	0.1157694697973253
720.2030000000001	0.1157694697973253
720.346	0.1157694697973253
720.49	0.11577250385590149
720.634	0.11577636538499844
720.778	0.11578050273760233
720.922	0.115785467560727
721.065	0.1157931906189209
721.2090000000001	0.11579870708905941
721.3530000000001	0.11580229279464946
721.4970000000001	0.11581084332336417
721.6410000000001	0.11581718726402346
721.7840000000001	0.11582628943975198
721.9280000000001	0.11583594326249436
722.072	0.11583925314457746
722.216	0.11584090808561903
722.36	0.11584476961471599
722.504	0.1158546992609653
722.6500000000001	0.11586600802474925
722.791	0.11586600802474925
722.9350000000001	0.11587648931801242
723.0790000000001	0.11588338490568556
723.2230000000001	0.11588503984672711
723.3670000000001	0.11588503984672711
723.5100000000001	0.11588503984672711
723.6550000000001	0.11588503984672711
723.7990000000001	0.11588503984672711
723.942	0.11588503984672711
724.086	0.11588503984672711
724.23	0.11588503984672711
724.374	0.11588503984672711
724.517	0.11588503984672711
724.6610000000001	0.11588503984672711
724.8050000000001	0.11588503984672711
724.9490000000001	0.11588503984672711
725.0930000000001	0.11588503984672711
725.2370000000001	0.11588503984672711
725.3810000000001	0.11588503984672711
725.524	0.11588752225828944
725.668	0.11589000466985178
725.812	0.11589000466985178
725.956	0.11590517496273268
726.099	0.11592117272613436
726.244	0.11592917160783522
726.3870000000001	0.11594048037161918
726.532	0.11594516937123689
726.6750000000001	0.1159493067238408
726.8190000000001	0.11595509901748624
726.9630000000001	0.11596282207568015
727.1060000000001	0.11596282207568015
727.25	0.11596282207568015
727.394	0.11596282207568015
727.538	0.11596282207568015
727.682	0.11596282207568015
727.826	0.11596282207568015
727.97	0.11596282207568015
728.113	0.11596282207568015
728.2570000000001	0.11596282207568015
728.4010000000001	0.11596282207568015
728.5450000000001	0.11595509901748624
728.6890000000001	0.11595509901748624
728.8330000000001	0.11594875507682695
728.9760000000001	0.11594875507682695
729.12	0.11594875507682695
729.2650000000001	0.1159429627831815
729.408	0.11593717048953607
729.552	0.11593717048953607
729.696	0.11593717048953607
729.84	0.11592751666679366
729.9830000000001	0.11592751666679366
730.1270000000001	0.11592751666679366
730.272	0.11592751666679366
730.416	0.11592751666679366
730.5590000000001	0.11592751666679366
730.7040000000001	0.11592751666679366
730.8470000000001	0.11592751666679366
730.9910000000001	0.11593717048953607
731.1350000000001	0.11593717048953607
731.2790000000001	0.11593717048953607
731.423	0.11593717048953607
731.566	0.11593717048953607
731.7130000000001	0.11593717048953607
731.854	0.11593717048953607
731.998	0.11593717048953607
732.142	0.11593717048953607
732.2860000000001	0.11593717048953607
732.4300000000001	0.1159429627831815
732.5730000000001	0.11594765178279923
732.7170000000001	0.11595399572345852
732.8610000000001	0.11595399572345852
733.0060000000001	0.11595068584137541
733.148	0.11594599684175769
733.293	0.11593992872460533
733.436	0.11593992872460533
733.58	0.11593579137200144
733.724	0.11593579137200144
733.868	0.11593579137200144
734.0120000000001	0.11593579137200144
734.1550000000001	0.11593137819589062
734.3000000000001	0.11593137819589062
734.4430000000001	0.11593137819589062
734.5870000000001	0.1159288957843283
734.7310000000001	0.1159288957843283
734.875	0.1159288957843283
735.019	0.1159288957843283
735.162	0.11592641337276598
735.306	0.11592089690262745
735.45	0.11591565625599587
735.594	0.11591565625599587
735.738	0.1159140013149543
735.8820000000001	0.11591207055040584
736.0250000000001	0.11590820902130888
736.1690000000001	0.11590214090415651
736.3130000000001	0.11590214090415651
736.4570000000001	0.11590820902130888
736.6010000000001	0.11590820902130888
736.745	0.11590820902130888
736.888	0.11590820902130888
737.032	0.11590820902130888
737.176	0.11590214090415651
737.32	0.11590214090415651
737.464	0.11590214090415651
737.6070000000001	0.11590214090415651
737.7510000000001	0.11590214090415651
737.8950000000001	0.11590214090415651
738.0390000000001	0.11590214090415651
738.1830000000001	0.11589662443401799
738.3270000000001	0.11589469366946953
738.471	0.11588724643478253
738.614	0.11588724643478253
738.758	0.11588724643478253
738.902	0.11588724643478253
739.046	0.11588338490568556
739.19	0.11587235196540853
739.3340000000001	0.11587014537735313
739.4780000000001	0.11586628384825617
739.6210000000001	0.1158654563777354
739.7650000000001	0.1158524926729099
739.9090000000001	0.1158387014975636
740.0530000000001	0.11583483996846666
740.196	0.11583263338041129
740.341	0.11583153008638357
740.484	0.11582904767482123
740.628	0.11582601361624506
740.7750000000001	0.11581966967558577
740.916	0.11581332573492648
741.0600000000001	0.11580863673530875
741.2030000000001	0.11580449938270487
741.3480000000001	0.11579925873607327
741.4910000000001	0.11579374226593475
741.6350000000001	0.1157898807368378
741.7790000000001	0.11577884779656078
741.923	0.11577884779656078
742.067	0.11577884779656078
742.21	0.11577884779656078
742.354	0.11577112473836687
742.498	0.11577112473836687
742.642	0.11577112473836687
742.7860000000001	0.11577112473836687
742.9300000000001	0.11577112473836687
743.0730000000001	0.11577112473836687
743.2170000000001	0.11577112473836687
743.3610000000001	0.11577112473836687
743.5050000000001	0.11577112473836687
743.649	0.11577112473836687
743.793	0.1157758137379846
743.937	0.1157835367961785
744.08	0.11579125985437243
744.224	0.11579925873607327
744.368	0.11580422355919795
744.5120000000001	0.11580532685322564
744.6550000000001	0.11580532685322564
744.7990000000001	0.11580532685322564
744.9430000000001	0.11580532685322564
745.0870000000001	0.11580532685322564
745.2310000000001	0.11580836091180183
745.375	0.11580532685322564
745.519	0.11580422355919795
745.662	0.11580422355919795
745.806	0.11580422355919795
745.95	0.11579236314840013
746.094	0.11579236314840013
746.238	0.11579236314840013
746.3820000000001	0.11577939944357463
746.528	0.11577939944357463
746.6690000000001	0.11577939944357463
746.8130000000001	0.11577553791447767
746.9570000000001	0.11577553791447767
747.1010000000001	0.11577939944357463
747.244	0.11577939944357463
747.389	0.11577939944357463
747.532	0.11578519173722007
747.676	0.11579787961853866
747.821	0.1158080850882949
747.965	0.11581718726402343
748.109	0.1158268410867658
748.2520000000001	0.1158320817333974
748.397	0.11583373667443896
748.5400000000001	0.11583925314457746
748.6850000000001	0.11584642455575754
748.8290000000001	0.11585469926096531
748.9720000000001	0.11586380143669386
749.1160000000001	0.11586380143669386
749.259	0.11586380143669386
749.403	0.11586380143669386
749.547	0.11586766296579082
749.691	0.11586766296579082
749.836	0.11586766296579082
749.979	0.11586766296579082
750.1220000000001	0.11586380143669386
750.2660000000001	0.11585414761395146
750.4100000000001	0.11584035643860517
750.5540000000001	0.11583373667443896
750.6980000000001	0.1158320817333974
750.8420000000001	0.1158320817333974
750.9860000000001	0.1158320817333974
751.129	0.11583125426287663
751.273	0.11582987514534202
751.417	0.11582987514534202
751.561	0.11582684108676584
751.7040000000001	0.11582684108676584
751.849	0.11582380702818965
751.9920000000001	0.11581746308753035
752.1360000000001	0.11580836091180183
752.2800000000001	0.11580836091180183
752.4240000000001	0.11579815544204558
752.5680000000001	0.11579815544204558
752.711	0.11579815544204558
752.855	0.11579815544204558
752.999	0.11579815544204558
753.143	0.11579815544204558
753.287	0.11580256861815638
753.431	0.11580256861815638
753.575	0.11580256861815638
753.7180000000001	0.11580256861815638
753.8620000000001	0.11580256861815638
754.0060000000001	0.11580256861815638
754.153	0.11580256861815638
754.296	0.11580256861815638
754.44	0.11580836091180183
754.5830000000001	0.11580836091180183
754.7260000000001	0.11580836091180183
754.87	0.11580256861815638
755.0160000000001	0.11579650050100401
755.1590000000001	0.11579650050100401
755.302	0.11579650050100401
755.4480000000001	0.11579650050100401
755.5920000000001	0.11579650050100401
755.7310000000001	0.11579650050100401
755.8760000000001	0.11579650050100401
756.0200000000001	0.11579650050100401
756.1640000000001	0.11579650050100401
756.307	0.11579650050100401
756.4520000000001	0.11579650050100401
756.595	0.11579650050100401
756.739	0.11579650050100401
756.883	0.11580256861815638
757.027	0.11580256861815638
757.171	0.11580256861815638
757.3140000000001	0.11580587850023949
757.4580000000001	0.11581304991141955
757.6020000000001	0.11581939385207884
757.7460000000001	0.11582766855728663
757.8900000000001	0.11583153008638357
758.0340000000001	0.11583153008638357
758.1780000000001	0.11583153008638357
758.321	0.11585111355537528
758.465	0.11587262778891547
758.609	0.11587483437697085
758.753	0.11588614314075482
758.9010000000001	0.11590131343363574
759.0400000000001	0.11590903649182965
759.1840000000001	0.11590903649182965
759.3280000000001	0.11590903649182965
759.4720000000001	0.11590903649182965
759.6160000000001	0.11590903649182965
759.7600000000001	0.11590903649182965
759.903	0.11592006943210668
760.047	0.11592006943210668
760.191	0.11592006943210668
760.335	0.11592420678471056
760.479	0.11592420678471056
760.623	0.11592420678471056
760.767	0.11592420678471056
760.9100000000001	0.11592420678471056
761.0540000000001	0.11592420678471056
761.1980000000001	0.11592420678471056
761.3420000000001	0.11592420678471056
761.489	0.11592420678471056
761.6300000000001	0.11592420678471056
761.773	0.11592420678471056
761.917	0.11592420678471056
762.061	0.11592420678471056
762.205	0.11592420678471056
762.349	0.11591620790300972
762.493	0.11591620790300972
762.6370000000001	0.11591620790300972
762.7800000000001	0.11590903649182965
762.9250000000001	0.11590296837467728
763.0690000000001	0.11589965849259418
763.2130000000001	0.11589607278700415
763.355	0.11588972884634485
763.5	0.11587317943592931
763.644	0.11584752784978525
763.787	0.11584752784978525
763.931	0.11583070261586279
764.075	0.11582463449871042
764.219	0.11582463449871042
764.3620000000001	0.11582463449871042
764.5060000000001	0.11582463449871042
764.6500000000001	0.11582463449871042
764.7940000000001	0.11582132461662731
764.9380000000001	0.11582132461662731
765.0820000000001	0.11581415320544727
765.2270000000001	0.11581415320544727
765.37	0.11581415320544727
765.5150000000001	0.11581415320544727
765.658	0.11581111914687107
765.802	0.11580449938270487
765.946	0.11579925873607327
766.09	0.11579622467749709
766.234	0.11579401808944169
766.3770000000001	0.11579401808944169
766.5210000000001	0.11578519173722007
766.6650000000001	0.11576836650329761
766.8090000000001	0.11575954015107598
766.9520000000001	0.11575705773951366
767.0970000000001	0.1157531962104167
767.24	0.1157531962104167
767.384	0.11575016215184052
767.528	0.11574767974027818
767.672	0.11574381821118122
767.816	0.1157413357996189
767.961	0.11574381821118122
768.1030000000001	0.11574767974027818
768.2470000000001	0.11575016215184052
768.3910000000001	0.11575016215184052
768.5350000000001	0.11575016215184052
768.6790000000001	0.11575016215184052
768.8230000000001	0.11575016215184052
768.966	0.11575016215184052
769.11	0.11575016215184052
769.254	0.11575016215184052
769.398	0.11575512697496518
769.542	0.11575981597458292
769.686	0.11575981597458292
769.83	0.11575981597458292
769.9730000000001	0.11576119509211755
770.1170000000001	0.11577167638538072
770.2610000000001	0.11577167638538072
770.4050000000001	0.11578684667826161
770.5490000000001	0.11578850161930318
770.6930000000001	0.11578850161930318
770.8370000000001	0.115785467560727
770.98	0.115785467560727
771.124	0.115785467560727
771.268	0.115785467560727
771.412	0.115785467560727
771.556	0.115785467560727
771.7	0.115785467560727
771.8430000000001	0.115785467560727
771.9870000000001	0.115785467560727
772.1310000000001	0.115785467560727
772.2750000000001	0.115785467560727
772.4190000000001	0.115785467560727
772.5630000000001	0.115785467560727
772.706	0.115785467560727
772.85	0.115785467560727
772.994	0.115785467560727
773.138	0.11578712250176856
773.282	0.11578712250176856
773.4250000000001	0.11579015656034473
773.5690000000001	0.11579015656034473
773.7130000000001	0.11579015656034473
773.8570000000001	0.11579015656034473
774.0010000000001	0.11579015656034473
774.1450000000001	0.11579015656034473
774.2890000000001	0.11579484555996247
774.432	0.11579263897190707
774.576	0.11579263897190707
774.72	0.11579263897190707
774.864	0.11579263897190707
775.008	0.11579815544204558
775.152	0.11579815544204558
775.296	0.11579815544204558
775.4390000000001	0.11580146532412867
775.5830000000001	0.11580560267673257
775.7270000000001	0.11580780926478797
775.8710000000001	0.11581001585284337
776.014	0.11581222244089878
776.1590000000001	0.11581304991141955
776.302	0.11581829055805112
776.446	0.11582408285169654
776.59	0.11582408285169654
776.739	0.11582408285169654
776.878	0.11582408285169654
777.0210000000001	0.11582408285169654
777.1650000000001	0.11582408285169654
777.3100000000001	0.11582408285169654
777.4530000000001	0.11582794438079352
777.5980000000001	0.11583015096884897
777.7410000000001	0.1158318059098905
777.8850000000001	0.1158318059098905
778.028	0.1158318059098905
778.172	0.1158318059098905
778.316	0.11583015096884897
778.46	0.11582711691027275
778.604	0.11582408285169654
778.748	0.1158180147345442
778.892	0.11581222244089878
779.0350000000001	0.11581084332336414
779.1790000000001	0.11580698179426718
779.3230000000001	0.11580698179426718
779.4670000000001	0.11580698179426718
779.6110000000001	0.11580698179426718
779.7550000000001	0.11580698179426718
779.898	0.11580698179426718
780.042	0.11581084332336414
780.186	0.11581222244089878
780.33	0.11581222244089878
780.474	0.1158180147345442
780.618	0.11581222244089878
780.7620000000001	0.11581222244089878
780.9050000000001	0.11581222244089878
781.0490000000001	0.11581222244089878
781.1930000000001	0.11581222244089878
781.3370000000001	0.11581222244089878
781.48	0.115811394970378
781.624	0.11582104879312041
781.768	0.1158221520871481
781.912	0.11582932349832818
782.056	0.11583097843936974
782.2	0.11583097843936974
782.344	0.11583097843936974
782.4870000000001	0.11583097843936974
782.6310000000001	0.11583097843936974
782.7760000000001	0.11583097843936974
782.9200000000001	0.11582932349832818
783.0640000000001	0.11582932349832818
783.2080000000001	0.11582353120468275
783.3520000000001	0.11582270373416195
783.4960000000001	0.11581635979350266
783.6400000000001	0.11581635979350266
783.783	0.11581635979350266
783.927	0.11581635979350266
784.071	0.11581635979350266
784.215	0.11581635979350266
784.3580000000001	0.11581387738194032
784.5020000000001	0.11581304991141955
784.6460000000001	0.1158091883823226
784.7900000000001	0.11580615432374641
784.9340000000001	0.11580339608867717
785.0780000000001	0.11580615432374641
785.2220000000001	0.1158091883823226
785.365	0.1158091883823226
785.509	0.11581304991141955
785.653	0.11581635979350266
785.797	0.11581635979350266
785.941	0.11582104879312041
786.0870000000001	0.11582601361624506
786.229	0.11582601361624506
786.373	0.11582601361624506
786.5160000000001	0.11582601361624506
786.6600000000001	0.11582601361624506
786.8040000000001	0.11582601361624506
786.9480000000001	0.11582104879312041
787.091	0.11581635979350266
787.235	0.11581635979350266
787.379	0.11581415320544725
787.523	0.11581415320544725
787.667	0.11581304991141955
787.811	0.11581304991141955
787.955	0.11581304991141955
788.0980000000001	0.11581304991141955
788.2420000000001	0.11581415320544725
788.3860000000001	0.11581635979350266
788.5300000000001	0.11582104879312041
788.6740000000001	0.11582601361624506
788.8180000000001	0.11582104879312041
788.961	0.11582104879312041
789.105	0.11581553232298189
789.249	0.11581304991141955
789.393	0.11581222244089878
789.537	0.115811394970378
789.681	0.1158091883823226
789.8240000000001	0.11580615432374641
789.9680000000001	0.11580615432374641
790.1120000000001	0.11580339608867717
790.2560000000001	0.11580339608867717
790.4000000000001	0.11580615432374641
790.5440000000001	0.11580615432374641
790.6880000000001	0.1158091883823226
790.831	0.1158091883823226
790.975	0.115811394970378
791.119	0.11581222244089878
791.263	0.11581304991141955
791.4100000000001	0.11581746308753035
791.5500000000001	0.11582297955766886
791.6940000000001	0.11582739273377968
791.8380000000001	0.11583125426287663
791.9830000000001	0.11583649490950822
792.1260000000001	0.11584725202627831
792.2700000000001	0.11584725202627831
792.4140000000001	0.11584725202627831
792.557	0.11585442343745836
792.701	0.11585442343745836
792.845	0.1158569058490207
792.989	0.11585966408408996
793.1320000000001	0.1158569058490207
793.277	0.11585442343745836
793.421	0.11585442343745836
793.5640000000001	0.11585442343745836
793.7080000000001	0.11584725202627831
793.8520000000001	0.11583759820353592
793.9960000000001	0.1158331850274251
794.139	0.1158331850274251
794.283	0.11584394214419519
794.427	0.11584394214419519
794.571	0.11585607837849993
794.715	0.11586049155461073
794.859	0.11586352561318693
795.0050000000001	0.11587483437697088
795.1460000000001	0.11588697061127559
795.2900000000001	0.11589496949297644
795.4340000000001	0.11590572660974655
795.5780000000001	0.11591069143287121
795.7220000000001	0.11591317384443353
795.8660000000001	0.11591620790300972
796.0100000000001	0.11591813866755818
796.153	0.1159280683138075
796.297	0.11594158366564687
796.441	0.11595730560554163
796.585	0.11596999348686021
796.729	0.11597164842790178
796.873	0.11597578578050564
797.0160000000001	0.11598240554467185
797.1600000000001	0.1159862670737688
797.3040000000001	0.11599564507300428
797.4480000000001	0.11600585054276052
797.5920000000001	0.11600585054276052
797.7360000000001	0.11600585054276052
797.8800000000001	0.11600585054276052
798.023	0.11599895495508739
798.167	0.11599095607338653
798.311	0.1159862670737688
798.455	0.11598295719168569
798.599	0.11598047478012335
798.7420000000001	0.11597744072154717
798.8860000000001	0.11597330336894332
799.0300000000001	0.11597330336894332
799.1740000000001	0.11597082095738101
799.3180000000001	0.1159686143693256
799.4620000000001	0.1159622704286663
799.6060000000001	0.1159686143693256
799.749	0.11597247589842254
799.893	0.11597247589842254
800.037	0.1159686143693256
800.181	0.1159686143693256
800.326	0.11597247589842254
800.47	0.11597744072154717
800.614	0.11597744072154717
800.7570000000001	0.11598047478012335
800.9010000000001	0.11598047478012335
801.0450000000001	0.11598047478012335
801.1880000000001	0.11598433630922031
801.3330000000001	0.11598433630922031
801.4760000000001	0.11598433630922031
801.62	0.11598433630922031
801.764	0.11598433630922031
801.908	0.11598433630922031
802.052	0.11598047478012335
802.195	0.11598047478012335
802.34	0.11597992313310951
802.4830000000001	0.11597744072154717
802.6270000000001	0.11597247589842254
802.7710000000001	0.11596944183984637
802.9150000000001	0.1159688901928325
803.0590000000001	0.11596806272231172
803.2030000000001	0.11596613195776326
803.35	0.11596420119321477
803.493	0.11596033966411781
803.6370000000001	0.11595647813502086
803.7810000000001	0.11595344407644467
803.9240000000001	0.11594875507682695
804.07	0.11594461772422306
804.21	0.11594048037161918
804.3530000000001	0.11593717048953608
804.5	0.11593579137200144
804.643	0.1159333089604391
804.788	0.11592668919627289
804.9290000000001	0.11592144854964129
805.072	0.11591979360859975
805.216	0.11591538043248895
805.36	0.11591207055040584
805.504	0.1159073815507881
805.648	0.11589938266908725
805.791	0.1158955211399903
805.9350000000001	0.1158955211399903
806.0790000000001	0.1158955211399903
806.2230000000001	0.1158902804933587
806.368	0.11588559149374096
806.513	0.1158902804933587
806.6540000000001	0.1158902804933587
806.798	0.1158902804933587
806.942	0.1158902804933587
807.086	0.1158902804933587
807.229	0.1158902804933587
807.374	0.1158902804933587
807.518	0.1158902804933587
807.662	0.1158902804933587
807.8050000000001	0.1158902804933587
807.9490000000001	0.1158902804933587
808.0930000000001	0.1158902804933587
808.2360000000001	0.1158902804933587
808.3810000000001	0.1158902804933587
808.524	0.1158902804933587
808.668	0.1158902804933587
808.812	0.1158902804933587
808.956	0.1158902804933587
809.1	0.1158902804933587
809.243	0.1158902804933587
809.3870000000001	0.1158902804933587
809.5310000000001	0.1158988310220734
809.6750000000001	0.11590462331571885
809.8190000000001	0.11590793319780195
809.9630000000001	0.11590986396235042
810.1070000000001	0.11590986396235042
810.25	0.11590986396235042
810.394	0.11590986396235042
810.5440000000001	0.11590986396235042
810.682	0.11590986396235042
810.826	0.11590986396235042
810.97	0.11590986396235042
811.114	0.11590986396235042
811.2570000000001	0.11590986396235042
811.4010000000001	0.11590986396235042
811.546	0.11590986396235042
811.6890000000001	0.11590986396235042
811.8320000000001	0.11590986396235042
811.9770000000001	0.11590986396235042
812.12	0.11591455296196816
812.264	0.11591951778509282
812.408	0.11592613754925904
812.552	0.11593827378356376
812.696	0.11594682431227846
812.839	0.11594985837085464
812.9830000000001	0.11595234078241697
813.129	0.11595565066450009
813.2710000000001	0.11595868472307627
813.4150000000001	0.11596585613425633
813.5640000000001	0.11597164842790178
813.7090000000001	0.11597633742751949
813.8560000000001	0.11599150772040039
813.99	0.1160022648371705
814.134	0.11600254066067742
814.277	0.11600254066067742
814.422	0.11600391977821203
814.575	0.11600391977821203
814.719	0.11600391977821203
814.863	0.11600391977821203
815.009	0.11600391977821203
815.157	0.11600391977821203
815.3000000000001	0.11600612636626745
815.4440000000001	0.11600778130730899
815.5980000000001	0.11601440107147522
815.744	0.11601440107147522
815.898	0.11601440107147522
816.037	0.11602212412966914
816.1880000000001	0.1160259856587661
816.336	0.1160259856587661
816.4830000000001	0.1160259856587661
816.6370000000001	0.1160259856587661
817.8570000000001	0.1160259856587661
818.0150000000001	0.11602433071772453
818.172	0.11602212412966914
818.3080000000001	0.11602212412966914
818.45	0.11602212412966914
818.595	0.11602212412966914
818.7510000000001	0.11602212412966914
818.908	0.11602212412966914
819.0540000000001	0.11602212412966914
819.2020000000001	0.11602212412966914
819.346	0.11602212412966914
819.4910000000001	0.11602212412966914
819.633	0.11602212412966914
819.777	0.11602212412966914
819.9200000000001	0.11602212412966914
820.065	0.11602212412966914
820.2090000000001	0.11602212412966914
820.3530000000001	0.11602212412966914
820.4960000000001	0.11602212412966914
820.6400000000001	0.11601991754161373
820.7840000000001	0.11601688348303756
820.9280000000001	0.1160119186599129
821.072	0.11599509342599043
821.215	0.11599509342599043
821.359	0.11598047478012338
821.503	0.11597082095738098
821.648	0.11596061548762474
821.7950000000001	0.11595758142904855
821.936	0.11595758142904855
822.0790000000001	0.11595620231151392
822.2220000000001	0.11595620231151392
822.3660000000001	0.11595620231151392
822.5100000000001	0.11595620231151392
822.6540000000001	0.11595620231151392
822.798	0.11595620231151392
822.941	0.11595620231151392
823.085	0.11595620231151392
823.229	0.11595620231151392
823.373	0.11595620231151392
823.517	0.11595620231151392
823.6610000000001	0.11595620231151392
823.8050000000001	0.11595620231151392
823.9480000000001	0.11595620231151392
824.0920000000001	0.11595620231151392
824.2360000000001	0.11595758142904855
824.3800000000001	0.11595758142904855
824.523	0.11595758142904855
824.668	0.11595758142904855
824.811	0.11595758142904855
824.955	0.11595758142904855
825.099	0.11596916601633944
825.243	0.11596916601633944
825.3870000000001	0.11598047478012338
825.5300000000001	0.11599481760248351
825.6740000000001	0.11601550436550292
825.8180000000001	0.11602433071772453
825.9620000000001	0.1160292955408492
826.1060000000001	0.11603343289345308
826.25	0.11604281089268856
826.394	0.11605798118556947
826.537	0.11606763500831185
826.681	0.11608032288963044
826.825	0.11608032288963044
826.969	0.11608032288963044
827.113	0.11609052835938669
827.2570000000001	0.11609052835938669
827.4010000000001	0.11609052835938669
827.5440000000001	0.11609328659445595
827.6880000000001	0.11610045800563601
827.8320000000001	0.11610818106382993
827.9760000000001	0.11611149094591303
828.12	0.11611424918098227
828.263	0.11611893818060001
828.407	0.11612445465073855
828.551	0.11612859200334241
828.695	0.11613024694438395
828.839	0.11613576341452247
828.9830000000001	0.11613576341452247
829.1270000000001	0.11613576341452247
829.2700000000001	0.11613576341452247
829.4140000000001	0.11613576341452247
829.5580000000001	0.11613576341452247
829.7020000000001	0.11613576341452247
829.846	0.11613576341452247
829.989	0.11613576341452247
830.133	0.11613576341452247
830.277	0.11613024694438395
830.421	0.11612859200334241
830.565	0.11612169641566927
830.7090000000001	0.11611093929889918
830.8530000000001	0.11611093929889918
830.9960000000001	0.11609852724108752
831.1400000000001	0.11609052835938669
831.2860000000001	0.11608418441872739
831.4280000000001	0.11607784047806813
831.572	0.11607094489039498
831.716	0.11607094489039498
831.86	0.11607784047806813
832.003	0.11607784047806813
832.147	0.11607784047806813
832.291	0.11607094489039498
832.4350000000001	0.11606322183220105
832.5780000000001	0.11604943065685477
832.7220000000001	0.11603646695202925
832.8660000000001	0.11603563948150847
833.0100000000001	0.11602791642331456
833.1540000000001	0.11601936589459988
833.298	0.11601743513005139
833.442	0.11601550436550292
833.585	0.11600833295432286
833.729	0.11600033407262202
833.873	0.11599785166105968
834.017	0.11599536924949734
834.1600000000001	0.11599095607338654
834.3050000000001	0.11597909566258877
834.4490000000001	0.1159666836047771
834.5920000000001	0.1159589605465832
834.7360000000001	0.1159504100178685
834.8800000000001	0.11594516937123689
835.024	0.11594351443019535
835.168	0.11594213531266073
835.3130000000001	0.11593386060745298
835.4570000000001	0.11592034525561361
835.6	0.1159140013149543
835.744	0.1159106914328712
835.8900000000001	0.11590517496273268
836.0390000000001	0.11590214090415651
836.177	0.1158988310220734
836.321	0.11589331455193488
836.466	0.11589331455193488
836.6070000000001	0.11589331455193488
836.7510000000001	0.11588559149374097
836.8950000000001	0.11587897172957476
837.0390000000001	0.11587262778891547
837.182	0.11585525090797916
837.326	0.11584008061509825
837.47	0.11583677073301513
837.614	0.11583594326249436
837.758	0.1158331850274251
837.902	0.1158287718513143
838.046	0.11581856638155805
838.1890000000001	0.11580836091180181
838.3330000000001	0.11580532685322564
838.4770000000001	0.11580312026517023
838.6210000000001	0.11579981038308713
838.7650000000001	0.11579319061892092
838.9090000000001	0.11578767414878241
839.0530000000001	0.11578767414878241
839.196	0.11578601920774086
839.34	0.11578519173722007
839.484	0.11578519173722007
839.6270000000001	0.11578381261968546
839.772	0.11578270932565775
839.9150000000001	0.11578270932565775
840.0590000000001	0.11578188185513696
840.2030000000001	0.11578050273760232
840.3480000000001	0.11578050273760232
840.4910000000001	0.11578050273760232
840.6350000000001	0.11578050273760232
840.7790000000001	0.11578050273760232
840.922	0.11578188185513696
841.066	0.11578188185513696
841.21	0.11578188185513696
841.354	0.11578188185513696
841.498	0.11578188185513696
841.642	0.11578270932565775
841.7850000000001	0.1157843642666993
841.9290000000001	0.1157843642666993
842.0730000000001	0.1157843642666993
842.2170000000001	0.11578739832527549
842.3610000000001	0.11579650050100401
842.5050000000001	0.11580532685322564
842.648	0.11580836091180181
842.792	0.11581498067596804
842.936	0.11582049714610657
843.08	0.11582049714610657
843.224	0.11582849602780738
843.368	0.11583428832145282
843.5120000000001	0.11583594326249436
843.6550000000001	0.11583677073301513
843.7990000000001	0.11583677073301513
843.9430000000001	0.11584918279082679
844.0870000000001	0.11586187067214537
844.23	0.1158718003183947
844.375	0.11588531567023405
844.519	0.11589386619894873
844.662	0.11590131343363573
844.806	0.1159084848448158
844.95	0.11591317384443353
845.094	0.11592034525561361
845.2370000000001	0.11592917160783522
845.3810000000001	0.11593248148991833
845.5250000000001	0.11593248148991833
845.6690000000001	0.11593248148991833
845.8130000000001	0.11593248148991833
845.9570000000001	0.11593248148991833
846.1010000000001	0.11593248148991833
846.244	0.11593248148991833
846.388	0.11593248148991833
846.532	0.11593248148991833
846.676	0.11593248148991833
846.82	0.11593248148991833
846.964	0.11593248148991833
847.1080000000001	0.11593248148991833
847.2510000000001	0.11593248148991833
847.3950000000001	0.11593248148991833
847.5390000000001	0.11593248148991833
847.6830000000001	0.11593248148991833
847.8270000000001	0.11593248148991833
847.971	0.11593027490186292
848.114	0.11593027490186292
848.258	0.11592282766717592
848.402	0.11591565625599587
848.546	0.1159140013149543
848.69	0.11591289802092661
848.8340000000001	0.1159084848448158
848.9780000000001	0.11590131343363573
849.1210000000001	0.11589634861051107
849.2650000000001	0.11589634861051107
849.4110000000001	0.11589496949297645
849.5530000000001	0.11589469366946953
849.696	0.11589221125790719
849.84	0.11589221125790719
849.984	0.11588945302283793
850.129	0.11588724643478251
850.272	0.11588559149374096
850.417	0.11588559149374096
850.561	0.11588559149374096
850.7040000000001	0.11588559149374096
850.8470000000001	0.11588476402322018
850.9910000000001	0.11588366072919248
851.1350000000001	0.11588172996464402
851.2790000000001	0.11587648931801242
851.423	0.1158718003183947
851.567	0.11586904208332544
851.71	0.11586352561318693
851.854	0.11585304431992376
851.998	0.11584504543822291
852.142	0.11584504543822291
852.2860000000001	0.11584504543822291
852.4300000000001	0.11584504543822291
852.5730000000001	0.11584504543822291
852.7180000000001	0.11584228720315365
852.8620000000001	0.11584228720315365
853.0060000000001	0.11584228720315365
853.1500000000001	0.11584504543822291
853.2940000000001	0.11585304431992376
853.4380000000001	0.11585304431992376
853.5820000000001	0.11585304431992376
853.725	0.11585690584902071
853.869	0.11585690584902071
854.013	0.11585690584902071
854.157	0.11585690584902071
854.3000000000001	0.11585690584902071
854.445	0.11585690584902071
854.5880000000001	0.11585690584902071
854.7320000000001	0.11585690584902071
854.8760000000001	0.11585690584902071
855.0200000000001	0.11585690584902071
855.1640000000001	0.11585690584902071
855.307	0.11585690584902071
855.451	0.11587538602398473
855.595	0.1158955211399903
855.739	0.11593082654887679
855.883	0.11594434190071613
856.027	0.11595620231151393
856.171	0.11596447701672169
856.3140000000001	0.11596447701672169
856.4580000000001	0.11596447701672169
856.6020000000001	0.1159688901928325
856.7460000000001	0.11597440666297101
856.8900000000001	0.11597440666297101
857.0340000000001	0.11599178354390731
857.177	0.1160099878953644
857.321	0.1160099878953644
857.465	0.1160099878953644
857.609	0.11602350324720377
857.754	0.11603012301136997
857.897	0.11603012301136997
858.0400000000001	0.11603398454046693
858.1840000000001	0.11603398454046693
858.3280000000001	0.11603398454046693
858.474	0.1160348120109877
858.6160000000001	0.1160348120109877
858.7600000000001	0.1160348120109877
858.9040000000001	0.1160381218930708
859.047	0.11604556912775782
859.191	0.11605108559789633
859.335	0.11605246471543096
859.479	0.11605494712699328
859.623	0.11606046359713179
859.7660000000001	0.11606460094973568
859.9100000000001	0.11606735918480493
860.0540000000001	0.11607122071390188
860.1980000000001	0.1160734273019573
860.3420000000001	0.11607811630157502
860.4860000000001	0.1160874943008105
860.6300000000001	0.11609328659445595
860.773	0.11609438988848367
860.917	0.11609576900601828
861.061	0.11610100965264986
861.205	0.11610100965264986
861.349	0.11610100965264986
861.493	0.11610100965264986
861.6370000000001	0.11610100965264986
861.7800000000001	0.11610100965264986
861.9240000000001	0.11610100965264986
862.0680000000001	0.11610100965264986
862.2120000000001	0.11610100965264986
862.355	0.11610100965264986
862.5	0.11610100965264986
862.643	0.11609576900601828
862.787	0.11608694265379667
862.931	0.11607646136053348
863.075	0.11607122071390188
863.219	0.11606735918480493
863.3620000000001	0.11606735918480493
863.5070000000001	0.11606735918480493
863.6500000000001	0.11606735918480493
863.7940000000001	0.11606735918480493
863.9380000000001	0.11606735918480493
864.0820000000001	0.11606735918480493
864.2260000000001	0.11606735918480493
864.369	0.11606322183220105
864.514	0.11606322183220105
864.657	0.11606322183220105
864.801	0.11606322183220105
864.945	0.11606322183220105
865.09	0.11606322183220105
865.2320000000001	0.11606239436168028
865.3760000000001	0.11606239436168028
865.5200000000001	0.11606239436168028
865.6640000000001	0.11606239436168028
865.8080000000001	0.11606239436168028
865.9520000000001	0.11606239436168028
866.096	0.11606239436168028
866.2420000000001	0.1160541196564725
866.383	0.11605329218595173
866.527	0.11604391418671625
866.671	0.11603288124643923
866.8190000000001	0.11602488236473839
866.9590000000001	0.11601771095355834
867.1020000000001	0.11601495271848908
867.2460000000001	0.11600419560171897
867.3900000000001	0.11599481760248348
867.5340000000001	0.11599040442637268
867.6780000000001	0.11596613195776323
867.821	0.11593965290109838
867.965	0.11593082654887678
868.109	0.1159148287854751
868.253	0.11589331455193488
868.397	0.11588366072919248
868.541	0.11588117831763017
868.6850000000001	0.11587207614190162
868.8280000000001	0.11587207614190162
868.9720000000001	0.11587207614190162
869.1160000000001	0.11586049155461073
869.2600000000001	0.11586049155461073
869.4040000000001	0.11585663002551377
869.548	0.11585663002551377
869.692	0.11585663002551377
869.835	0.1158513893788822
869.979	0.11584035643860517
870.124	0.11583401249794588
870.268	0.11583125426287662
870.4110000000001	0.11583125426287662
870.556	0.11583125426287662
870.7	0.11583125426287662
870.8430000000001	0.11583125426287662
870.9870000000001	0.11583125426287662
871.1310000000001	0.11582904767482123
871.2750000000001	0.11582904767482123
871.418	0.11582904767482123
871.5630000000001	0.11582904767482123
871.7070000000001	0.11582904767482123
871.8510000000001	0.11582904767482123
871.995	0.11582904767482123
872.138	0.11582904767482123
872.282	0.11583153008638357
872.4250000000001	0.11583401249794588
872.5690000000001	0.11583483996846666
872.7130000000001	0.11584008061509825
872.8570000000001	0.11584559708523676
873.0010000000001	0.1158513893788822
873.1450000000001	0.11585663002551377
873.2890000000001	0.11585663002551377
873.432	0.1158513893788822
873.576	0.11585718167252763
873.72	0.11585718167252763
873.864	0.1158513893788822
874.008	0.11585221684940297
874.152	0.1158621464956523
874.2950000000001	0.11587014537735313
874.4390000000001	0.11587704096502627
874.5830000000001	0.11588200578815094
874.73	0.11588200578815094
874.8710000000001	0.11588200578815094
875.014	0.11588531567023404
875.158	0.11589414202245565
875.302	0.11590158925714265
875.446	0.11590214090415651
875.595	0.11590296837467728
875.734	0.11590296837467728
875.878	0.11590379584519807
876.0210000000001	0.11590379584519807
876.1650000000001	0.11590434749221193
876.312	0.11590434749221193
876.4540000000001	0.11590434749221193
876.5980000000001	0.1159051749627327
876.7420000000001	0.1159051749627327
876.8860000000001	0.11590600243325348
877.0310000000001	0.11591096725637814
877.176	0.11591648372651664
877.316	0.1159203452556136
877.445	0.11592420678471058
877.589	0.11592420678471058
877.7320000000001	0.11592420678471058
877.875	0.11592586172575212
878.0210000000001	0.11592779249030058
878.163	0.11592779249030058
878.3090000000001	0.11593110237238369
878.4540000000001	0.11593579137200144
878.5970000000001	0.11593579137200144
878.7420000000001	0.11594103201863301
878.8850000000001	0.11594489354772997
879.027	0.11594682431227846
879.171	0.11595096166488233
879.315	0.11595096166488233
879.4590000000001	0.11596061548762474
879.6010000000001	0.11597523413349178
879.745	0.11598378466220646
879.889	0.1159851637797411
880.033	0.1159851637797411
880.177	0.1159851637797411
880.321	0.1159851637797411
880.464	0.1159851637797411
880.6080000000001	0.1159851637797411
880.7520000000001	0.1159851637797411
880.8950000000001	0.1159851637797411
881.0400000000001	0.1159851637797411
881.1830000000001	0.1159851637797411
881.3270000000001	0.1159851637797411
881.475	0.1159851637797411
881.615	0.1159851637797411
881.759	0.1159851637797411
881.903	0.1159851637797411
882.047	0.1159851637797411
882.19	0.1159851637797411
882.3340000000001	0.1159851637797411
882.4780000000001	0.1159851637797411
882.6220000000001	0.11598378466220646
882.769	0.11598378466220646
882.9090000000001	0.11598378466220646
883.0540000000001	0.11598295719168569
883.197	0.11598047478012335
883.341	0.11598047478012335
883.485	0.11598295719168569
883.629	0.11598047478012335
883.773	0.11598047478012335
883.916	0.11598295719168569
884.0600000000001	0.11598295719168569
884.2040000000001	0.11598295719168569
884.3480000000001	0.11598378466220646
884.4920000000001	0.11598047478012335
884.6360000000001	0.11597413083946409
884.7800000000001	0.1159686143693256
884.923	0.1159655803107494
885.0690000000001	0.11596006384061089
885.211	0.11595123748838926
885.355	0.11594241113616766
885.499	0.11593358478394603
885.642	0.115929999078356
885.787	0.115929999078356
885.931	0.11592393096120363
886.076	0.11591758702054433
886.221	0.11591758702054433
886.3610000000001	0.11591758702054433
886.508	0.11591758702054433
886.652	0.11591510460898202
886.793	0.11591344966794045
886.937	0.11591096725637812
887.0840000000001	0.11590848484481578
887.225	0.11590627825676039
887.37	0.11590627825676039
887.5160000000001	0.11590324419818421
887.657	0.11590076178662187
887.801	0.11589910684558033
887.9440000000001	0.11589717608103184
888.089	0.11589386619894874
888.2320000000001	0.11588531567023405
888.3760000000001	0.11587731678853319
888.5200000000001	0.11586683549527002
888.6690000000001	0.11585800914304842
888.8080000000001	0.11585800914304842
888.9520000000001	0.11585800914304842
889.096	0.11585800914304842
889.239	0.11586683549527002
889.383	0.11587731678853319
889.527	0.11587731678853319
889.676	0.11588062667061631
889.817	0.11588310908217864
889.9620000000001	0.11588310908217864
890.1060000000001	0.11588310908217864
890.2470000000001	0.11588310908217864
890.394	0.11588062667061631
890.5350000000001	0.11587786843554707
890.6780000000001	0.11587704096502628
890.8230000000001	0.11587704096502628
890.966	0.1158762134945055
891.109	0.11586683549527002
891.253	0.11585800914304842
891.397	0.11585718167252763
891.542	0.115855802554993
891.686	0.11585028608485448
891.83	0.11584118390912594
891.975	0.11583704655652205
892.1170000000001	0.11583539161548051
892.2620000000001	0.11583290920391817
892.407	0.1158320817333974
892.5490000000001	0.11582904767482123
892.6930000000001	0.11581939385207884
892.8370000000001	0.11580891255881567
892.9810000000001	0.11580201697114254
893.124	0.11580201697114254
893.268	0.11579594885399017
893.412	0.11579181150138629
893.556	0.11579181150138629
893.7	0.11578850161930318
893.844	0.11578215767864389
893.9860000000001	0.11578215767864389
894.1300000000001	0.1157758137379846
894.274	0.1157758137379846
894.418	0.1157736071499292
894.5630000000001	0.1157736071499292
894.705	0.1157736071499292
894.8530000000001	0.11577167638538072
894.993	0.11577167638538072
895.1360000000001	0.11576588409173527
895.2800000000001	0.11575816103354136
895.4240000000001	0.11575264456340285
895.571	0.11575071379885436
895.7120000000001	0.11575071379885436
895.8560000000001	0.11575071379885436
896.0020000000001	0.11574961050482666
896.1460000000001	0.11574961050482666
896.287	0.11574961050482666
896.431	0.11574740391677127
896.575	0.11574740391677127
896.719	0.11574216327013967
896.863	0.11574216327013967
897.0070000000001	0.11574216327013967
897.152	0.11574216327013967
897.297	0.11574216327013967
897.4390000000001	0.11574216327013967
897.5820000000001	0.11574216327013967
897.7260000000001	0.11574740391677127
897.87	0.11574740391677127
898.018	0.11574740391677127
898.1600000000001	0.11574740391677127
898.301	0.11574740391677127
898.744	0.11574740391677127
898.893	0.11574961050482666
899.037	0.11575071379885436
899.1800000000001	0.11575264456340285
899.3240000000001	0.11575733356302059
899.4680000000001	0.11576698738576298
899.6120000000001	0.11577443462044998
899.7560000000001	0.11577526209097075
899.899	0.11577829614954693
900.0440000000001	0.11578298514916466
900.1880000000001	0.11578794997228933
900.331	0.11579429391294863
900.475	0.11579787961853866
900.618	0.11579787961853866
900.763	0.11580036203010097
900.9060000000001	0.11581194661739183
901.0550000000001	0.11582684108676583
901.1940000000001	0.11585966408408996
901.3380000000001	0.11586959373033928
901.4870000000001	0.1158814541411371
901.6300000000001	0.11591234637391276
901.774	0.11594434190071613
901.918	0.1159622704286663
902.0600000000001	0.11597054513387406
902.201	0.11597523413349178
902.345	0.11601798677706524
902.489	0.11608501188924816
902.6320000000001	0.11611397335747536
902.7760000000001	0.1161164557690377
902.9240000000001	0.11611811071007924
903.067	0.11612224806268315
903.21	0.11613245353243938
903.3570000000001	0.1161456930607718
903.4960000000001	0.11615396776597957
903.6410000000001	0.11615920841261115
903.788	0.11618099846965826
903.9280000000001	0.11620085776215691
904.072	0.11620637423229543
904.214	0.11621189070243393
904.359	0.11621189070243393
904.5020000000001	0.11621189070243393
904.647	0.11621189070243393
904.792	0.1162135456434755
904.9340000000001	0.11621602805503783
905.0790000000001	0.11621988958413478
905.2230000000001	0.11622154452517632
905.368	0.11622402693673865
905.514	0.11622871593635639
905.6550000000001	0.11623340493597413
905.798	0.11623809393559187
905.946	0.1162405763471542
906.0870000000001	0.11624223128819576
906.23	0.11624223128819576
906.375	0.11624443787625116
906.519	0.1162460928172927
906.6610000000001	0.1162460928172927
906.8050000000001	0.11625078181691045
906.9490000000001	0.11625491916951433
907.094	0.1162565741105559
907.2370000000001	0.1162565741105559
907.3820000000001	0.11625491916951433
907.5260000000001	0.11625491916951433
907.6690000000001	0.11624995434638967
907.8130000000001	0.11624443787625116
907.955	0.11624443787625116
908.1020000000001	0.11624443787625116
908.243	0.11624443787625116
908.388	0.11624443787625116
908.5300000000001	0.11624223128819576
908.6740000000001	0.11623588734753647
908.8190000000001	0.11622871593635639
908.9620000000001	0.11622871593635639
909.1060000000001	0.11622871593635639
909.25	0.11622871593635639
909.394	0.11622871593635639
909.538	0.11622871593635639
909.682	0.11622871593635639
909.825	0.11622871593635639
909.969	0.11622402693673865
910.113	0.11622071705465556
910.2570000000001	0.11621906211361402
910.4010000000001	0.11621657970205168
910.548	0.116211614878927
910.6880000000001	0.116211614878927
910.8320000000001	0.11620582258528159
910.9760000000001	0.11619147976292143
911.12	0.11617879188160285
911.263	0.11617327541146436
911.4110000000001	0.11616472488274966
911.551	0.11616472488274966
911.695	0.11616472488274966
911.845	0.11616472488274966
911.985	0.11615203700143108
912.1270000000001	0.11613962494361943
912.2750000000001	0.11613300517945321
912.418	0.11612059312164158
912.561	0.11611121512240612
912.705	0.11610569865226761
912.8480000000001	0.11610569865226761
912.993	0.11610569865226761
913.134	0.11609907888810139
913.277	0.11609245912393518
913.422	0.11608639100678281
913.565	0.11608087453664429
913.7090000000001	0.1160756338900127
913.8570000000001	0.11607370312546422
913.9970000000001	0.11607094489039496
914.144	0.1160637734792149
914.287	0.11605549877400713
914.4280000000001	0.11605246471543096
914.572	0.11605246471543096
914.716	0.11605246471543096
914.86	0.11605549877400713
915.0100000000001	0.1160637734792149
915.1500000000001	0.11607094489039496
915.291	0.11607370312546422
915.4350000000001	0.1160756338900127
915.5790000000001	0.11608087453664429
915.7230000000001	0.11608639100678281
915.8660000000001	0.11609080418289361
916.0110000000001	0.11609080418289361
916.158	0.11608142618365813
916.297	0.1160756338900127
916.442	0.11607370312546422
916.59	0.11607094489039496
916.734	0.1160615668911595
916.873	0.11605246471543096
917.017	0.11605163724491017
917.166	0.1160508097743894
917.3050000000001	0.11604667242178551
917.4490000000001	0.11604667242178551
917.5970000000001	0.1160508097743894
917.7370000000001	0.11605163724491017
917.8800000000001	0.11605163724491017
918.0250000000001	0.1160519130684171
918.1690000000001	0.1160519130684171
918.3130000000001	0.11605163724491017
918.4570000000001	0.11605163724491017
918.6	0.11605163724491017
918.744	0.1160519130684171
918.8870000000001	0.1160519130684171
919.0310000000001	0.1160519130684171
919.1750000000001	0.1160519130684171
919.3190000000001	0.1160508097743894
919.4630000000001	0.11604777571581323
919.6070000000001	0.11604777571581323
919.7520000000001	0.11604998230386863
919.894	0.11604998230386863
920.0390000000001	0.11604777571581323
920.182	0.11604281089268856
920.326	0.11603784606956388
920.47	0.11604281089268856
920.614	0.11604281089268856
920.7570000000001	0.11604777571581323
920.9010000000001	0.11604777571581323
921.048	0.1160508097743894
921.1890000000001	0.1160508097743894
921.335	0.1160508097743894
921.4760000000001	0.1160508097743894
921.6220000000001	0.1160508097743894
921.768	0.11604777571581323
921.908	0.11604281089268856
922.052	0.1160400526576193
922.196	0.1160348120109877
922.339	0.11602957136435611
922.484	0.11602929554084919
922.6300000000001	0.11602901971734227
922.774	0.11602653730577994
922.916	0.11602350324720376
923.0600000000001	0.1160215724826553
923.2040000000001	0.11601743513005142
923.3470000000001	0.11601412524796831
923.4910000000001	0.11601412524796831
923.6350000000001	0.11601412524796831
923.7800000000001	0.11601412524796831
923.923	0.11601412524796831
924.07	0.11601412524796831
924.21	0.11601274613043366
924.354	0.1160119186599129
924.498	0.1160099878953644
924.642	0.1160099878953644
924.7860000000001	0.11600695383678822
924.931	0.11599895495508739
925.0740000000001	0.1159906802498796
925.2170000000001	0.11598709454428958
925.3610000000001	0.11598709454428958
925.5050000000001	0.11598571542675495
925.649	0.11598571542675495
925.793	0.11598571542675495
925.936	0.11597771654505412
926.081	0.11597771654505412
926.224	0.11597771654505412
926.368	0.1159719242514087
926.5150000000001	0.11596944183984637
926.6560000000001	0.11596944183984637
926.8000000000001	0.11596944183984637
926.9430000000001	0.11596695942828403
927.0870000000001	0.11596475284022861
927.2310000000001	0.11596282207568015
927.375	0.11596282207568015
927.519	0.11596089131113166
927.663	0.1159581330760624
927.807	0.11595123748838926
927.95	0.11594599684175767
928.094	0.11594268695967458
928.238	0.11593634301901529
928.3820000000001	0.11593248148991833
928.5260000000001	0.11593082654887676
928.6700000000001	0.11592613754925904
928.8130000000001	0.115922551843669
928.9590000000001	0.1159192419615859
929.1010000000001	0.1159192419615859
929.245	0.1159192419615859
929.389	0.1159192419615859
929.533	0.11592613754925904
929.676	0.11593082654887676
929.82	0.11593082654887676
929.964	0.11593248148991833
930.1080000000001	0.11593634301901529
930.2520000000001	0.1159429627831815
930.3960000000001	0.1159429627831815
930.5400000000001	0.11595013419436156
930.6830000000001	0.1159570297820347
930.8290000000001	0.11596199460515937
930.971	0.11596613195776326
931.115	0.115970820957381
931.259	0.11597881983908181
931.402	0.11598461213272725
931.546	0.1159862670737688
931.69	0.11598764619130343
931.8340000000001	0.11598764619130343
931.9780000000001	0.11598764619130343
932.1220000000001	0.11598985277935883
932.2660000000001	0.11599371430845579
932.4090000000001	0.116000334072622
932.5540000000001	0.11600612636626745
932.697	0.11602212412966913
932.841	0.11602212412966913
932.985	0.11603646695202927
933.129	0.11605991195011794
933.2760000000001	0.11607949541910967
933.416	0.11609632065303213
933.5630000000001	0.11609632065303213
933.7070000000001	0.11609632065303213
933.849	0.11609632065303213
933.993	0.11609632065303213
934.138	0.11609632065303213
934.282	0.11609632065303213
934.426	0.11609632065303213
934.572	0.11609632065303213
934.716	0.11609632065303213
934.859	0.11609632065303213
935.0010000000001	0.11609632065303213
935.144	0.11609632065303213
935.2900000000001	0.11609632065303213
935.4340000000001	0.11609632065303213
935.575	0.11609632065303213
935.7180000000001	0.11609632065303213
935.863	0.11609632065303213
936.009	0.11609632065303213
936.1510000000001	0.11609632065303213
936.2940000000001	0.11609632065303213
936.4380000000001	0.11609632065303213
936.581	0.11609632065303213
936.725	0.11608997671237284
936.87	0.11608639100678281
937.013	0.11607756465456118
937.157	0.11606763500831185
937.3000000000001	0.1160626701851872
937.4440000000001	0.11605936030310408
937.5880000000001	0.1160585328325833
937.7320000000001	0.1160585328325833
937.879	0.11605632624452791
938.019	0.11605632624452791
938.163	0.11605439547997942
938.3100000000001	0.11605384383296558
938.4530000000001	0.11605218889192404
938.595	0.116048603186334
938.74	0.11604143177515394
938.883	0.11602957136435613
939.0260000000001	0.11602267577668299
939.1700000000001	0.1160218483061622
939.3180000000001	0.1160163318360237
939.46	0.1160163318360237
939.6010000000001	0.1160163318360237
939.745	0.1160130219539406
939.893	0.1160130219539406
940.0340000000001	0.1160130219539406
940.1780000000001	0.1160099878953644
940.3240000000001	0.1160099878953644
940.465	0.1160099878953644
940.609	0.1160099878953644
940.753	0.11600695383678822
940.897	0.11600226483717048
941.0400000000001	0.11599840330807351
941.1850000000001	0.11599840330807351
941.3290000000001	0.11599840330807351
941.475	0.11599840330807351
941.6160000000001	0.11599840330807351
941.7600000000001	0.11599481760248348
941.9040000000001	0.11599150772040039
942.047	0.11599095607338654
942.192	0.11599095607338654
942.335	0.11599012860286576
942.48	0.11599012860286576
942.623	0.11599012860286576
942.767	0.11598930113234499
942.9140000000001	0.11599012860286576
943.0540000000001	0.11599012860286576
943.1990000000001	0.11599012860286576
943.345	0.11598764619130343
943.49	0.11598599125026188
943.6300000000001	0.1159851637797411
943.774	0.11598378466220646
943.918	0.11598240554467185
944.0640000000001	0.11598130225064414
944.205	0.1159755099569987
944.349	0.1159755099569987
944.4960000000001	0.11597468248647794
944.639	0.11597468248647794
944.7840000000001	0.11596833854581866
944.9280000000001	0.1159666836047771
945.0680000000001	0.11596254625217323
945.2120000000001	0.11595923637009012
945.3560000000001	0.11595730560554163
945.5	0.11595620231151392
945.643	0.11595620231151392
945.788	0.11595620231151392
945.9350000000001	0.11595620231151392
946.075	0.11595730560554163
946.219	0.11595730560554163
946.363	0.11595620231151392
946.5070000000001	0.11595509901748621
946.6500000000001	0.11595096166488233
946.7940000000001	0.11594627266526461
946.9380000000001	0.11594627266526461
947.0820000000001	0.11594130784213996
947.2260000000001	0.115937446313043
947.37	0.115937446313043
947.514	0.115937446313043
947.657	0.115937446313043
947.801	0.115937446313043
947.947	0.115937446313043
948.09	0.115937446313043
948.2320000000001	0.115937446313043
948.3770000000001	0.11594130784213996
948.5200000000001	0.11594130784213996
948.6640000000001	0.11594130784213996
948.8080000000001	0.11594627266526461
948.955	0.11594627266526461
949.096	0.11595096166488233
949.2410000000001	0.11595509901748621
949.3850000000001	0.11595509901748621
949.5290000000001	0.11595509901748621
949.672	0.1159581330760624
949.816	0.1159581330760624
949.96	0.11596006384061089
950.1030000000001	0.11596006384061089
950.2470000000001	0.11596254625217323
950.3900000000001	0.11596254625217323
950.5340000000001	0.1159686143693256
950.6780000000001	0.11597357919245024
950.822	0.11598461213272723
950.966	0.11599592089651119
951.109	0.11600860877782977
951.254	0.11604474165723704
951.399	0.11607618553702655
951.543	0.11608252947768583
951.6850000000001	0.11608252947768583
951.8290000000001	0.11608252947768583
951.9730000000001	0.11608942506535898
952.1160000000001	0.1160971481235529
952.2600000000001	0.11609797559407369
952.4040000000001	0.11610845688733686
952.548	0.11610845688733686
952.691	0.11610845688733686
952.836	0.11612279970969697
952.979	0.11613024694438395
953.123	0.11613603923802938
953.268	0.11613962494361943
953.4110000000001	0.11614100406115406
953.5550000000001	0.11614100406115406
953.6980000000001	0.11614100406115406
953.8420000000001	0.11614100406115406
953.9860000000001	0.11614679635479949
954.1300000000001	0.11614679635479949
954.274	0.11615396776597955
954.418	0.11615617435403497
954.562	0.11615617435403497
954.705	0.11615396776597955
954.849	0.11615396776597955
954.993	0.11615396776597955
955.1370000000001	0.11614789964882719
955.2810000000001	0.11614789964882719
955.4240000000001	0.11614789964882719
955.5680000000001	0.11614789964882719
955.7120000000001	0.11614210735518177
955.8560000000001	0.1161404524141402
956.0	0.11613907329660557
956.143	0.11613907329660557
956.288	0.11613603923802938
956.431	0.11613603923802938
956.575	0.11613355682646706
956.719	0.11612997112087703
956.8670000000001	0.1161252821212593
957.0070000000001	0.1161239030037247
957.1500000000001	0.11612307553320392
957.2950000000001	0.11612307553320392
957.4380000000001	0.1161239030037247
957.5830000000001	0.1161239030037247
957.7270000000001	0.11612307553320392
957.8710000000001	0.11612142059216235
958.0150000000001	0.11612142059216235
958.158	0.11611838653358617
958.302	0.1161145250044892
958.446	0.11611176676941995
958.59	0.11610818106382993
958.734	0.11610818106382993
958.878	0.11611176676941995
959.022	0.11611176676941995
959.1650000000001	0.11610818106382993
959.3090000000001	0.11610487118174681
959.4530000000001	0.1160960448295252
959.5970000000001	0.11608501188924816
959.74	0.11608501188924816
959.884	0.11608501188924816
960.028	0.11608059871313736
960.172	0.11607811630157505
960.316	0.11607701300754734
960.46	0.11607646136053348
960.604	0.11607590971351962
960.7470000000001	0.1160756338900127
960.8910000000001	0.11607094489039496
961.0350000000001	0.11606625589077724
961.1790000000001	0.11606542842025647
961.3230000000001	0.11606211853817335
961.4670000000001	0.11605770536206253
961.6110000000001	0.11605384383296558
961.754	0.11605163724491017
961.898	0.11605163724491017
962.042	0.11604915483334785
962.186	0.11604915483334785
962.33	0.11604281089268856
962.4730000000001	0.11603757024605696
962.6170000000001	0.1160292955408492
962.7610000000001	0.11602019336512065
962.9050000000001	0.11601412524796828
963.0490000000001	0.11600943624835056
963.1930000000001	0.11600640218977437
963.3370000000001	0.11600391977821205
963.48	0.11599895495508739
963.624	0.11599895495508739
963.768	0.11599343848494886
963.912	0.11599233519092116
964.056	0.11599123189689345
964.1990000000001	0.11598571542675494
964.344	0.11597578578050563
964.488	0.11596723525179095
964.6310000000001	0.11596723525179095
964.7750000000001	0.11596613195776326
964.9190000000001	0.11596227042866628
965.0630000000001	0.11595978801710397
965.206	0.11595758142904855
965.35	0.11595427154696544
965.494	0.11595427154696544
965.638	0.11594682431227846
965.782	0.11593661884252221
965.927	0.11592724084328673
966.07	0.11592724084328673
966.2130000000001	0.11592724084328673
966.3570000000001	0.11592089690262744
966.5010000000001	0.11592089690262744
966.6450000000001	0.11591758702054433
966.788	0.11591510460898202
966.932	0.11591344966794045
967.0790000000001	0.11590600243325347
967.22	0.11589855519856648
967.364	0.11589717608103185
967.508	0.11589717608103185
967.652	0.115896624434018
967.7950000000001	0.11589496949297645
967.9390000000001	0.11589248708141411
968.0830000000001	0.11588862555231716
968.2270000000001	0.11588531567023404
968.3710000000001	0.11588531567023404
968.5150000000001	0.11588531567023404
968.6590000000001	0.11588338490568556
968.802	0.11587924755308168
968.946	0.11587924755308168
969.09	0.11588338490568556
969.234	0.11588338490568556
969.378	0.11588338490568556
969.522	0.11588338490568556
969.6650000000001	0.11588338490568556
969.8090000000001	0.11588531567023404
969.9530000000001	0.11588862555231716
970.0970000000001	0.11589248708141411
970.2410000000001	0.11589496949297645
970.3850000000001	0.11589496949297645
970.528	0.11589717608103185
970.672	0.11589855519856648
970.816	0.11589855519856648
970.96	0.11590407166870499
971.104	0.11591069143287121
971.2470000000001	0.11591317384443353
971.3910000000001	0.1159140013149543
971.5390000000001	0.11591786284405126
971.6790000000001	0.11591786284405126
971.8230000000001	0.11591786284405126
971.9670000000001	0.11591786284405126
972.1110000000001	0.11592337931418978
972.254	0.11593937707759147
972.398	0.11595509901748621
972.542	0.11595978801710397
972.687	0.11596585613425633
972.83	0.11596944183984637
972.974	0.11597109678088792
973.118	0.11597413083946409
973.2610000000001	0.11597744072154717
973.4050000000001	0.1159788198390818
973.5490000000001	0.1159810264271372
973.6930000000001	0.1159810264271372
973.836	0.11598295719168569
973.9810000000001	0.11598847366182422
974.124	0.1159970241905389
974.268	0.11600281648418434
974.412	0.11600281648418434
974.556	0.11600391977821205
974.7	0.11600391977821205
974.8430000000001	0.11600391977821205
974.989	0.11600391977821205
975.1320000000001	0.11600391977821205
975.2760000000001	0.11600391977821205
975.4200000000001	0.11600391977821205
975.5640000000001	0.11600391977821205
975.7080000000001	0.11600391977821205
975.8510000000001	0.11600391977821205
975.995	0.11600391977821205
976.139	0.11600309230769126
976.283	0.11600309230769126
976.427	0.11600309230769126
976.571	0.11599730001404582
976.714	0.11599233519092116
976.8580000000001	0.11599233519092116
977.0020000000001	0.11599233519092116
977.1460000000001	0.11598874948533114
977.2900000000001	0.11598874948533114
977.4340000000001	0.11598874948533114
977.5780000000001	0.11598295719168569
977.721	0.1159810264271372
977.865	0.11597578578050563
978.009	0.11596695942828403
978.153	0.11597578578050563
978.296	0.11597578578050563
978.44	0.11598295719168569
978.5840000000001	0.11598295719168569
978.7280000000001	0.11598874948533114
978.8720000000001	0.11598240554467185
979.0160000000001	0.11598240554467185
979.1600000000001	0.11598240554467185
979.3040000000001	0.11598240554467185
979.447	0.11598240554467185
979.591	0.11598240554467185
979.735	0.11598240554467185
979.879	0.11598240554467185
980.024	0.11598240554467185
980.167	0.11598240554467185
980.311	0.11598240554467185
980.4540000000001	0.11598240554467185
980.5980000000001	0.11598240554467185
980.7420000000001	0.11598240554467185
980.8850000000001	0.11598240554467185
981.0300000000001	0.11598240554467185
981.173	0.11598240554467185
981.317	0.11598240554467185
981.461	0.11598240554467185
981.605	0.11598240554467185
981.749	0.11598240554467185
981.892	0.11598874948533114
982.037	0.11600060989612893
982.1800000000001	0.11601909007109294
982.3240000000001	0.1160400526576193
982.4680000000001	0.11605053395088248
982.6120000000001	0.11605053395088248
982.7560000000001	0.11605742953855562
982.899	0.11605742953855562
983.0440000000001	0.11605742953855562
983.187	0.11606460094973568
983.331	0.11606460094973568
983.475	0.11606460094973568
983.619	0.11606460094973568
983.763	0.11606460094973568
983.9060000000001	0.11606460094973568
984.0500000000001	0.11606460094973568
984.1940000000001	0.11606460094973568
984.3380000000001	0.11606460094973568
984.4820000000001	0.11606460094973568
984.6260000000001	0.11606460094973568
984.7700000000001	0.11606460094973568
984.913	0.11606460094973568
985.061	0.11606460094973568
985.201	0.11606460094973568
985.345	0.11606460094973568
985.488	0.11606460094973568
985.633	0.11605742953855562
985.7760000000001	0.11605053395088248
985.9200000000001	0.11605053395088248
986.0640000000001	0.11605053395088248
986.2080000000001	0.11605053395088248
986.3520000000001	0.11604805153932016
986.495	0.1160400526576193
986.639	0.11603370871696
986.783	0.11602570983525917
986.927	0.11600695383678822
987.071	0.11599371430845579
987.215	0.11597164842790175
987.359	0.11593606719550836
987.5020000000001	0.11591841449106512
987.6460000000001	0.11591841449106512
987.7900000000001	0.11589524531648338
987.9340000000001	0.11589055631686565
988.0780000000001	0.11589055631686565
988.2220000000001	0.11589028049335873
988.3660000000001	0.11589028049335873
988.509	0.11589028049335873
988.653	0.11589028049335873
988.797	0.11589028049335873
988.941	0.11589028049335873
989.085	0.11589028049335873
989.229	0.11589028049335873
989.373	0.11589028049335873
989.5160000000001	0.11589028049335873
989.6600000000001	0.11589028049335873
989.8040000000001	0.11589028049335873
989.9480000000001	0.11589028049335873
990.0920000000001	0.11588172996464402
990.2360000000001	0.11588172996464402
990.379	0.1158814541411371
990.523	0.1158814541411371
990.667	0.11587731678853322
990.811	0.11587731678853322
990.9540000000001	0.11587290361242239
991.0980000000001	0.11587290361242239
991.2420000000001	0.11586683549527002
991.3860000000001	0.11586683549527002
991.5300000000001	0.11585718167252762
991.6590000000001	0.11585718167252762
991.8040000000001	0.11587124867138085
991.945	0.11588255743516479
992.089	0.11588255743516479
992.2330000000001	0.11588669478776867
992.3770000000001	0.11588669478776867
992.522	0.11588669478776867
992.666	0.11588862555231715
992.8100000000001	0.11589579696349722
992.9530000000001	0.11590434749221193
993.0970000000001	0.1159062782567604
993.2410000000001	0.1159062782567604
993.3850000000001	0.1159062782567604
993.5290000000001	0.1159062782567604
993.673	0.1159062782567604
993.816	0.11590710572728116
993.96	0.11590986396235042
994.1060000000001	0.11591400131495432
994.248	0.11591400131495432
994.392	0.11591400131495432
994.5360000000001	0.11591400131495432
994.6800000000001	0.11591841449106513
994.8230000000001	0.11591841449106513
994.9670000000001	0.11592503425523135
995.1110000000001	0.11592696501977981
995.2550000000001	0.11592696501977981
995.398	0.11593192984290446
995.543	0.11593606719550836
995.686	0.11593192984290446
995.83	0.11593192984290446
995.974	0.11593192984290446
996.118	0.11593192984290446
996.2620000000001	0.11593192984290446
996.4050000000001	0.11592696501977981
996.5490000000001	0.11592696501977981
996.6930000000001	0.11592503425523135
996.8370000000001	0.11591841449106513
996.9810000000001	0.11591400131495432
997.125	0.11590296837467728
997.269	0.11590296837467728
997.413	0.11590103761012881
997.556	0.11590296837467728
997.7	0.11590296837467728
997.844	0.11590379584519807
997.988	0.11591234637391276
998.1320000000001	0.11592062107912052
998.2760000000001	0.11592062107912052
998.4190000000001	0.11592062107912052
998.5630000000001	0.11592062107912052
998.7070000000001	0.11592062107912052
998.8510000000001	0.11592062107912052
998.995	0.11591786284405126
999.139	0.11590986396235042
999.283	0.11590986396235042
999.426	0.11590379584519807
999.57	0.11590434749221193
999.714	0.11590434749221193
999.8580000000001	0.11590434749221193
1000.0010000000001	0.11590379584519807
1000.1460000000001	0.11590131343363573
1000.2890000000001	0.11589717608103185
1000.4330000000001	0.11589386619894876
1000.5770000000001	0.11589386619894876
1000.721	0.11589910684558033
1000.865	0.11589910684558033
1001.008	0.11589386619894876
1001.152	0.11589165961089334
1001.296	0.11589165961089334
1001.44	0.11589165961089334
1001.5840000000001	0.11589386619894876
1001.7280000000001	0.11589910684558033
1001.8760000000001	0.11589910684558033
1002.0150000000001	0.11589910684558033
1002.1590000000001	0.11589910684558033
1002.3030000000001	0.11589910684558033
1002.447	0.11589910684558033
1002.59	0.11589910684558033
1002.735	0.11589910684558033
1002.879	0.11589910684558033
1003.022	0.11589276290492104
1003.166	0.11589276290492104
1003.3100000000001	0.11589276290492104
1003.4540000000001	0.11589193543440027
1003.5970000000001	0.11589414202245568
1003.7420000000001	0.11589248708141411
1003.8850000000001	0.11589414202245568
1004.0290000000001	0.11589579696349722
1004.173	0.1158999343161011
1004.317	0.11590379584519807
1004.461	0.11590434749221193
1004.604	0.11590931231533658
1004.749	0.11590931231533658
1004.892	0.11591482878547509
1005.0360000000001	0.11591482878547509
1005.1800000000001	0.11591482878547509
1005.3240000000001	0.11591482878547509
1005.4680000000001	0.11591620790300972
1005.6110000000001	0.11591869031457204
1005.7550000000001	0.11592200019665516
1005.899	0.11592751666679367
1006.043	0.11593551554849452
1006.1880000000001	0.11594130784213996
1006.331	0.1159451693712369
1006.475	0.1159473759592923
1006.619	0.11595482319397929
1006.763	0.11596364954620092
1006.907	0.11596613195776326
1007.0500000000001	0.11596806272231172
1007.195	0.11597164842790177
1007.339	0.11598902530883808
1007.4810000000001	0.11600612636626745
1007.625	0.11601909007109294
1007.769	0.11604529330425087
1007.913	0.11607618553702655
1008.056	0.1160993547116083
1008.201	0.11610845688733684
1008.344	0.11611976565112078
1008.489	0.11613107441490472
1008.633	0.11613686670855017
1008.777	0.11614624470778565
1008.9200000000001	0.11615148535441723
1009.0630000000001	0.11615231282493801
1009.2070000000001	0.11615314029545878
1009.3510000000001	0.11615479523650035
1009.495	0.11616003588313192
1009.639	0.116178240234589
1009.783	0.11619258305694914
1009.927	0.11619616876253917
1010.071	0.11620140940917076
1010.215	0.11620140940917076
1010.359	0.1162049951147608
1010.503	0.11620858082035083
1010.647	0.11621133905542008
1010.791	0.11621492476101013
1010.9340000000001	0.11621933793712093
1011.0780000000001	0.11622264781920402
1011.2220000000001	0.11622595770128714
1011.3660000000001	0.11623174999493258
1011.5100000000001	0.11624361040573036
1011.6540000000001	0.11625133346392429
1011.798	0.11625133346392429
1011.941	0.11625133346392429
1012.085	0.11624443787625116
1012.2310000000001	0.11623671481805724
1012.373	0.11623174999493258
1012.517	0.11622595770128714
1012.6600000000001	0.11622264781920402
1012.8050000000001	0.11621961376062785
1012.9490000000001	0.11621795881958631
1013.0920000000001	0.11621795881958631
1013.2360000000001	0.11621492476101013
1013.3800000000001	0.11621133905542008
1013.524	0.11620858082035083
1013.667	0.1162049951147608
1013.811	0.1162049951147608
1013.955	0.11619975446812922
1014.099	0.11619589293903225
1014.243	0.11619589293903225
1014.3870000000001	0.11619589293903225
1014.5310000000001	0.11619589293903225
1014.6740000000001	0.11619589293903225
1014.8180000000001	0.11619589293903225
1014.9620000000001	0.11619589293903225
1015.1060000000001	0.11619396217448377
1015.25	0.11619396217448377
1015.394	0.11618927317486605
1015.537	0.11618927317486605
1015.681	0.11618541164576908
1015.825	0.11618375670472753
1015.969	0.11618210176368596
1016.113	0.1161727237644505
1016.2570000000001	0.11615286447195186
1016.4000000000001	0.1161252821212593
1016.546	0.11609963053511524
1016.6880000000001	0.11608390859522047
1016.8320000000001	0.11606570424376338
1016.9760000000001	0.11605384383296558
1017.119	0.11605191306841711
1017.264	0.11604998230386863
1017.407	0.11604915483334785
1017.551	0.11604667242178553
1017.695	0.116041155951647
1017.839	0.11603646695202925
1017.9830000000001	0.11603398454046693
1018.1260000000001	0.11603177795241153
1018.2700000000001	0.11602322742369683
1018.4140000000001	0.11601440107147523
1018.5580000000001	0.11601247030692674
1018.7020000000001	0.11600281648418434
1018.846	0.11599399013196271
1018.99	0.11599150772040039
1019.133	0.11599150772040039
1019.277	0.11598792201481037
1019.421	0.11598543960324803
1019.565	0.11598543960324803
1019.7080000000001	0.11597578578050563
1019.8530000000001	0.11597026931036714
1019.9970000000001	0.11597026931036714
1020.1400000000001	0.11597026931036714
1020.2840000000001	0.11597026931036714
1020.4280000000001	0.11597026931036714
1020.572	0.11597716489804027
1020.715	0.11597716489804027
1020.859	0.11597716489804027
1021.003	0.11598268136817876
1021.147	0.11598268136817876
1021.292	0.11598681872078265
1021.4350000000001	0.11599178354390731
1021.5790000000001	0.11599178354390731
1021.7220000000001	0.11599178354390731
1021.8660000000001	0.11599481760248348
1022.0100000000001	0.11599481760248348
1022.1540000000001	0.11599481760248348
1022.298	0.11599481760248348
1022.441	0.11599481760248348
1022.586	0.11599481760248348
1022.729	0.11599481760248348
1022.873	0.11599564507300426
1023.017	0.11599674836703197
1023.1610000000001	0.11600226483717048
1023.3050000000001	0.11600226483717048
1023.4480000000001	0.11600226483717048
1023.5920000000001	0.11600916042484363
1023.7360000000001	0.11600916042484363
1023.8800000000001	0.11601274613043366
1024.0240000000001	0.11601274613043366
1024.1670000000001	0.11602570983525917
1024.3120000000001	0.11603288124643923
1024.4550000000002	0.11603591530501542
1024.5990000000002	0.11604115595164699
1024.7430000000002	0.1160452933042509
1024.887	0.11605025812737554
1025.031	0.11605494712699328
1025.174	0.1160615668911595
1025.318	0.11606928994935342
1025.462	0.11608032288963044
1025.606	0.11609328659445595
1025.75	0.11609328659445595
1025.894	0.11609328659445595
1026.037	0.11609328659445595
1026.181	0.11609328659445595
1026.325	0.11609328659445595
1026.469	0.11609328659445595
1026.613	0.11609328659445595
1026.756	0.11609328659445595
1026.901	0.11609797559407369
1027.044	0.11609797559407369
1027.188	0.11609797559407369
1027.332	0.11609797559407369
1027.477	0.11609797559407369
1027.621	0.11609797559407369
1027.7640000000001	0.11609797559407369
1027.909	0.11609797559407369
1028.0520000000001	0.11609797559407369
1028.1960000000001	0.11609328659445595
1028.3400000000001	0.11609328659445595
1028.4840000000002	0.11609328659445595
1028.6280000000002	0.11609328659445595
1028.771	0.11608721847730358
1028.915	0.11608059871313736
1029.059	0.11607453059598499
1029.203	0.11607287565494345
1029.347	0.11606928994935342
1029.491	0.11606928994935342
1029.634	0.11606928994935342
1029.778	0.11606928994935342
1029.922	0.11607287565494345
1030.066	0.11607453059598499
1030.21	0.11608059871313736
1030.357	0.11608059871313736
1030.497	0.11608059871313736
1030.641	0.11608059871313736
1030.785	0.11607535806650578
1030.929	0.11607535806650578
1031.073	0.11607535806650578
1031.2160000000001	0.11607535806650578
1031.361	0.11607535806650578
1031.5040000000001	0.11607535806650578
1031.6480000000001	0.11607535806650578
1031.7920000000001	0.11608059871313736
1031.9360000000001	0.11608059871313736
1032.0800000000002	0.11608059871313736
1032.2240000000002	0.11608059871313736
1032.367	0.11608059871313736
1032.511	0.11607866794858887
1032.655	0.11607866794858887
1032.799	0.11607535806650578
1032.943	0.11607535806650578
1033.0890000000002	0.11607535806650578
1033.233	0.11607535806650578
1033.374	0.11607535806650578
1033.5220000000002	0.11607535806650578
1033.662	0.11607535806650578
1033.805	0.11606901412584648
1033.952	0.11606901412584648
1034.095	0.11606211853817336
1034.241	0.11606211853817336
1034.383	0.11606211853817336
1034.526	0.11606211853817336
1034.67	0.11605963612661102
1034.815	0.11605963612661102
1034.9560000000001	0.11605963612661102
1035.1000000000001	0.11605963612661102
1035.2440000000001	0.11605963612661102
1035.3880000000001	0.11605963612661102
1035.5320000000002	0.11605963612661102
1035.6760000000002	0.11605963612661102
1035.819	0.11605963612661102
1035.963	0.11605963612661102
1036.107	0.11604363836320933
1036.2350000000001	0.11604363836320933
1036.3790000000001	0.11602322742369683
1036.5230000000001	0.11601164283640597
1036.6660000000002	0.11600640218977437
1036.8110000000001	0.11599730001404583
1036.954	0.11598019895661646
1037.098	0.11598019895661646
1037.242	0.11598019895661646
1037.386	0.11598019895661646
1037.53	0.11598019895661646
1037.673	0.11598019895661646
1037.817	0.11598019895661646
1037.961	0.11597054513387406
1038.105	0.11597054513387406
1038.248	0.11597054513387406
1038.393	0.11597054513387406
1038.537	0.11596861436932558
1038.68	0.11596861436932558
1038.824	0.11596861436932558
1038.968	0.11596861436932558
1039.112	0.11596751107529787
1039.255	0.11596751107529787
1039.401	0.11596502866373555
1039.5420000000001	0.11596502866373555
1039.6870000000001	0.11596502866373555
1039.8310000000001	0.11596502866373555
1039.9750000000001	0.11596171878165244
1040.1190000000001	0.11596502866373555
1040.262	0.11596751107529787
1040.406	0.11596861436932558
1040.55	0.11597054513387406
1040.694	0.11597220007491563
1040.837	0.11597220007491563
1040.982	0.11597275172192947
1041.125	0.11597909566258877
1041.269	0.11598654289727574
1041.413	0.11598819783831729
1041.557	0.11599012860286576
1041.701	0.11599785166105968
1041.845	0.11600502307223975
1041.988	0.11600640218977437
1042.132	0.11600722966029514
1042.276	0.1160099878953644
1042.42	0.11601660765953062
1042.564	0.11601660765953062
1042.708	0.11602295160018991
1042.851	0.1160292955408492
1042.9950000000001	0.1160356394815085
1043.1390000000001	0.11603950101060545
1043.2830000000001	0.1160497064803617
1043.4270000000001	0.11606101524414564
1043.5710000000001	0.11607094489039496
1043.7140000000002	0.11607839212508196
1043.858	0.11608087453664429
1044.002	0.1160885975948382
1044.146	0.11610294041719835
1044.29	0.11611562829851693
1044.434	0.1161252821212593
1044.578	0.11612886782684934
1044.721	0.11614183153167482
1044.865	0.1161490029428549
1045.01	0.1161553468835142
1045.154	0.11615948423611808
1045.297	0.11616141500066654
1045.442	0.11616306994170811
1045.586	0.11617906770510979
1045.729	0.11620223687969153
1045.873	0.11621409729048934
1046.017	0.11621961376062785
1046.161	0.11622292364271095
1046.304	0.11623285328896028
1046.448	0.11624140381767498
1046.592	0.11624223128819576
1046.736	0.11624609281729273
1046.884	0.11625712575756975
1047.0240000000001	0.11626457299225675
1047.1680000000001	0.11626622793329827
1047.3110000000001	0.11626871034486058
1047.4550000000002	0.11627284769746449
1047.5990000000002	0.11627698505006837
1047.7430000000002	0.11628001910864455
1047.886	0.1162838806377415
1048.031	0.1162838806377415
1048.175	0.1162838806377415
1048.318	0.1162838806377415
1048.462	0.1162838806377415
1048.606	0.1162838806377415
1048.75	0.1162838806377415
1048.893	0.1162838806377415
1049.038	0.1162838806377415
1049.181	0.1162838806377415
1049.325	0.1162838806377415
1049.469	0.1162838806377415
1049.613	0.1162838806377415
1049.758	0.1162838806377415
1049.9	0.1162838806377415
1050.045	0.1162838806377415
1050.189	0.1162838806377415
1050.333	0.1162838806377415
1050.477	0.1162838806377415
1050.621	0.11628001910864455
1050.7640000000001	0.11628001910864455
1050.9080000000001	0.11628001910864455
1051.0510000000002	0.11628001910864455
1051.1950000000002	0.11627919163812378
1051.3390000000002	0.11627036528590218
1051.483	0.11626402134524289
1051.627	0.11625105764041738
1051.77	0.1162372664650711
1051.914	0.1162320258184395
1052.058	0.1162223719956971
1052.202	0.11620058193864999
1052.346	0.11618513582226216
1052.489	0.11618513582226216
1052.634	0.11618513582226216
1052.777	0.11617079299990202
1052.921	0.11615617435403497
1053.065	0.1161501062368826
1053.209	0.11611342171046149
1053.353	0.11608115036015121
1053.496	0.11608115036015121
1053.64	0.11608115036015121
1053.784	0.11608115036015121
1053.928	0.11607728883105425
1054.0720000000001	0.11607728883105425
1054.2160000000001	0.11607590971351962
1054.3600000000001	0.11607177236091573
1054.5030000000002	0.11606791083181878
1054.6470000000002	0.11606542842025647
1054.7910000000002	0.11606542842025647
1054.935	0.11606515259674954
1055.079	0.11606377347921491
1055.223	0.11606294600869413
1055.367	0.11605467130348636
1055.51	0.11604501748074397
1055.654	0.11603977683411237
1055.798	0.11603977683411237
1055.942	0.11603977683411237
1056.086	0.11603977683411237
1056.23	0.11603977683411237
1056.373	0.11603977683411237
1056.517	0.11603977683411237
1056.661	0.11603977683411237
1056.805	0.11603977683411237
1056.949	0.11603977683411237
1057.093	0.11603977683411237
1057.236	0.1160303988348769
1057.38	0.11601605601251677
1057.525	0.11601605601251677
1057.6680000000001	0.11601605601251677
1057.8120000000001	0.11601605601251677
1057.9550000000002	0.11601605601251677
1058.0990000000002	0.11601605601251677
1058.2430000000002	0.11601605601251677
1058.387	0.11598323301519262
1058.531	0.11598323301519262
1058.675	0.11597854401557489
1058.819	0.11597854401557489
1058.962	0.11597744072154718
1059.106	0.11597026931036714
1059.25	0.11597026931036714
1059.394	0.11596778689880481
1059.537	0.1159655803107494
1059.682	0.11596447701672169
1059.826	0.11596089131113167
1059.969	0.1159578572525555
1060.113	0.11595151331189618
1060.257	0.11594434190071612
1060.401	0.1159407561951261
1060.544	0.1159352397249876
1060.689	0.11592724084328673
1060.832	0.115922551843669
1060.976	0.11592172437314821
1061.1200000000001	0.11591979360859975
1061.2640000000001	0.11591786284405126
1061.4080000000001	0.11591620790300972
1061.554	0.11591482878547509
1061.6950000000002	0.11591041560936428
1061.8390000000002	0.11590655408026733
1061.983	0.11590572660974655
1062.127	0.11590296837467728
1062.271	0.11589000466985178
1062.4160000000002	0.11587897172957476
1062.559	0.11587593767099857
1062.703	0.11587593767099857
1062.847	0.11587290361242239
1062.991	0.11587097284787391
1063.135	0.11587097284787391
1063.28	0.11586821461280467
1063.422	0.11585635420200685
1063.566	0.11584587290874368
1063.71	0.11584587290874368
1063.854	0.11584587290874368
1063.998	0.11584587290874368
1064.142	0.11585552673148608
1064.286	0.11586683549527003
1064.43	0.1158698695538462
1064.573	0.1158718003183947
1064.717	0.11587566184749165
1064.861	0.11587566184749165
1065.0040000000001	0.11587566184749165
1065.1490000000001	0.11587566184749165
1065.2920000000001	0.11587566184749165
1065.4360000000001	0.11587566184749165
1065.5800000000002	0.1158718003183947
1065.7240000000002	0.11586766296579082
1065.8680000000002	0.11585663002551379
1066.011	0.11584752784978525
1066.156	0.11584752784978525
1066.299	0.11584587290874368
1066.443	0.11584394214419522
1066.5890000000002	0.1158406322621121
1066.731	0.11583787402704282
1066.875	0.11583787402704282
1067.019	0.11583787402704282
1067.162	0.11583787402704282
1067.306	0.11583787402704282
1067.45	0.1158406322621121
1067.594	0.1158406322621121
1067.738	0.11584394214419522
1067.882	0.11584449379120906
1068.025	0.11584752784978525
1068.169	0.1158546992609653
1068.313	0.11586269814266614
1068.459	0.11586462890721463
1068.601	0.11586766296579082
1068.7450000000001	0.11587152449488776
1068.8890000000001	0.11587538602398473
1069.0320000000002	0.11587538602398473
1069.1760000000002	0.11588200578815094
1069.3200000000002	0.11589000466985178
1069.4640000000002	0.11589303872842796
1069.607	0.1159010376101288
1069.752	0.11590903649182965
1069.896	0.11591151890339199
1070.039	0.11591427713846124
1070.183	0.11591593207950279
1070.327	0.11592034525561361
1070.471	0.11592586172575212
1070.614	0.115929999078356
1070.758	0.11593579137200144
1070.902	0.11594048037161918
1071.046	0.11594241113616766
1071.19	0.11594434190071613
1071.334	0.11595013419436156
1071.478	0.1159548231939793
1071.621	0.1159589605465832
1071.765	0.11596447701672169
1071.909	0.11597385501595715
1072.053	0.11598571542675494
1072.1970000000001	0.11599233519092116
1072.3410000000001	0.11600281648418434
1072.4850000000001	0.1160130219539406
1072.6280000000002	0.11601798677706526
1072.7720000000002	0.11602350324720376
1072.9160000000002	0.11602653730577994
1073.06	0.11602764059980764
1073.204	0.11602957136435611
1073.348	0.11603260542293231
1073.491	0.11603426036397387
1073.635	0.11603508783449462
1073.779	0.11603701859904311
1073.923	0.11603922518709853
1074.067	0.11604115595164699
1074.211	0.11604639659827859
1074.355	0.11605136142140325
1074.498	0.11605660206803484
1074.642	0.11606101524414564
1074.786	0.11606129106765257
1074.93	0.11606156689115951
1075.073	0.11606294600869413
1075.218	0.11606294600869413
1075.362	0.11606294600869413
1075.505	0.11606294600869413
1075.652	0.11606294600869413
1075.7930000000001	0.1160659800672703
1075.9370000000001	0.11607066906688804
1076.0800000000002	0.11607480641949192
1076.2240000000002	0.11607673718404041
1076.3690000000001	0.11608087453664429
1076.512	0.11608611518327587
1076.656	0.11609466571199056
1076.8	0.11610542282876066
1076.9450000000002	0.11610956018136455
1077.087	0.11611507665150306
1077.231	0.11612142059216235
1077.376	0.11612362718021775
1077.52	0.11612914365035626
1077.663	0.11613548759101554
1077.807	0.1161456930607718
1077.95	0.11615451941299343
1078.094	0.11615700182455574
1078.238	0.1161619666476804
1078.382	0.1161619666476804
1078.526	0.1161619666476804
1078.67	0.1161619666476804
1078.814	0.1161619666476804
1078.958	0.11616555235327043
1079.101	0.11616555235327043
1079.2450000000001	0.11616555235327043
1079.3890000000001	0.11616555235327043
1079.5330000000001	0.11616555235327043
1079.6760000000002	0.1161619666476804
1079.8210000000001	0.1161619666476804
1079.9650000000001	0.11615700182455574
1080.1090000000002	0.11615451941299343
1080.2530000000002	0.11615451941299343
1080.3970000000002	0.11615451941299343
1080.5410000000002	0.11615451941299343
1080.684	0.11615700182455574
1080.828	0.11615700182455574
1080.972	0.11615700182455574
1081.116	0.11616306994170811
1081.26	0.11616306994170811
1081.404	0.11616306994170811
1081.548	0.11615617435403497
1081.691	0.11615369194247264
1081.835	0.11615369194247264
1081.979	0.11615369194247264
1082.122	0.11615369194247264
1082.267	0.11615369194247264
1082.411	0.11615369194247264
1082.555	0.11615369194247264
1082.698	0.11615369194247264
1082.842	0.11615369194247264
1082.986	0.11615286447195186
1083.13	0.11614431394323715
1083.2740000000001	0.11613493594400168
1083.4180000000001	0.11613493594400168
1083.5610000000001	0.11613493594400168
1083.7050000000002	0.11613493594400168
1083.8490000000002	0.11613272935594629
1083.9930000000002	0.11613135023841165
1084.136	0.1161296952973701
1084.281	0.11612335135671081
1084.424	0.1161175590630654
1084.568	0.1161175590630654
1084.7140000000002	0.1161175590630654
1084.856	0.11611590412202383
1085.0	0.11611038765188532
1085.144	0.11610625029928144
1085.287	0.11610376788771912
1085.431	0.11610045800563601
1085.575	0.11609907888810139
1085.719	0.11609659647653905
1085.863	0.11609163165341438
1086.007	0.11608721847730358
1086.15	0.11608721847730358
1086.294	0.11609163165341438
1086.438	0.11609659647653905
1086.582	0.11609907888810139
1086.7250000000001	0.11609769977056675
1086.8700000000001	0.11609769977056675
1087.0140000000001	0.11609576900601826
1087.1570000000002	0.11609163165341438
1087.3010000000002	0.11608390859522047
1087.4450000000002	0.11607673718404041
1087.5890000000002	0.1160734273019573
1087.732	0.11607039324338111
1087.876	0.116067083361298
1088.02	0.11606515259674954
1088.164	0.11606432512622876
1088.308	0.11606349765570798
1088.452	0.11606349765570798
1088.596	0.11606349765570798
1088.739	0.11606101524414564
1088.883	0.11605577459751405
1089.027	0.1160519130684171
1089.171	0.11605108559789633
1089.315	0.11605108559789633
1089.459	0.11604722406879936
1089.603	0.11604115595164699
1089.746	0.11601771095355831
1089.89	0.11599647254352505
1090.034	0.11599592089651119
1090.178	0.11599178354390731
1090.3220000000001	0.11598764619130343
1090.4660000000001	0.11598047478012338
1090.6100000000001	0.11597275172192947
1090.7530000000002	0.11597385501595718
1090.8970000000002	0.11597109678088792
1091.0410000000002	0.11597109678088792
1091.185	0.1159688901928325
1091.329	0.11596695942828403
1091.473	0.11596695942828403
1091.616	0.11596254625217323
1091.76	0.11596254625217323
1091.909	0.11596006384061089
1092.048	0.1159581330760624
1092.192	0.11595206495891004
1092.335	0.11595178913540313
1092.479	0.11594765178279923
1092.623	0.1159493067238408
1092.767	0.11594765178279923
1092.911	0.11594765178279923
1093.055	0.11594765178279923
1093.198	0.11594765178279923
1093.342	0.11594765178279923
1093.486	0.11594765178279923
1093.63	0.11594765178279923
1093.7740000000001	0.11594765178279923
1093.9180000000001	0.11594765178279923
1094.0620000000001	0.11594765178279923
1094.2050000000002	0.1159493067238408
1094.3490000000002	0.1159493067238408
1094.4930000000002	0.1159493067238408
1094.637	0.11595316825293775
1094.78	0.11595592648800701
1094.924	0.1159581330760624
1095.068	0.11596006384061089
1095.212	0.11596006384061089
1095.356	0.11596254625217323
1095.5	0.11596695942828403
1095.644	0.11597026931036714
1095.787	0.1159730275454364
1095.931	0.11597440666297103
1096.075	0.11597468248647794
1096.219	0.11597826819206797
1096.363	0.11598378466220648
1096.507	0.11598378466220648
1096.651	0.11599095607338653
1096.794	0.11599978242560816
1096.938	0.11600943624835056
1097.082	0.11601578018900985
1097.226	0.11601578018900985
1097.3700000000001	0.11601798677706524
1097.515	0.11602460654123145
1097.6580000000001	0.11603012301136997
1097.8020000000001	0.11603012301136997
1097.9460000000001	0.11603012301136997
1098.0900000000001	0.11603012301136997
1098.2340000000002	0.11603012301136997
1098.3780000000002	0.11603095048189074
1098.5220000000002	0.11603260542293231
1098.665	0.11603646695202927
1098.809	0.11604143177515391
1098.953	0.11604612077477167
1099.097	0.1160508097743894
1099.241	0.11605356800945865
1099.384	0.1160574295385556
1099.528	0.11606129106765257
1099.672	0.11606239436168028
1099.816	0.11606239436168028
1099.96	0.11606404930272184
1100.104	0.1160648767732426
1100.248	0.1160648767732426
1100.391	0.11606625589077722
1100.535	0.11606625589077722
1100.679	0.11606625589077722
1100.823	0.11606625589077722
1100.967	0.11607094489039496
1101.111	0.11607094489039496
1101.255	0.11607094489039496
1101.3980000000001	0.11607094489039496
1101.5420000000001	0.11606625589077722
1101.6860000000001	0.11607094489039496
1101.829	0.11607094489039496
1101.9740000000002	0.11606625589077722
1102.117	0.11606625589077722
1102.261	0.11606322183220105
1102.405	0.11606625589077722
1102.549	0.11606625589077722
1102.693	0.11606625589077722
1102.837	0.11606625589077722
1102.98	0.11606625589077722
1103.124	0.11606625589077722
1103.268	0.11606625589077722
1103.412	0.11606625589077722
1103.556	0.11606956577286034
1103.7	0.11606956577286034
1103.843	0.11607425477247807
1103.987	0.11606956577286034
1104.131	0.11607425477247807
1104.275	0.11607756465456118
1104.4180000000001	0.11608142618365813
1104.563	0.11608308112469969
1104.7060000000001	0.11608308112469969
1104.8500000000001	0.11608473606574124
1104.9940000000001	0.11609108000640053
1105.1380000000001	0.11609852724108752
1105.2820000000002	0.11610238877018449
1105.425	0.11610597447577452
1105.5700000000002	0.1161068019462953
1105.713	0.1161068019462953
1105.857	0.1161068019462953
1106.001	0.11610818106382993
1106.145	0.11610818106382993
1106.288	0.11610818106382993
1106.432	0.11611011182837841
1106.579	0.11611507665150307
1106.72	0.11611204259292687
1106.865	0.11611011182837841
1107.009	0.11611011182837841
1107.152	0.11611204259292687
1107.295	0.11611204259292687
1107.439	0.1161145250044892
1107.583	0.1161175590630654
1107.727	0.1161175590630654
1107.8700000000001	0.1161175590630654
1108.015	0.11611976565112081
1108.1580000000001	0.11612114476865543
1108.3020000000001	0.11612114476865543
1108.4460000000001	0.11612114476865543
1108.5900000000001	0.11612114476865543
1108.736	0.11612417882723161
1108.877	0.11612114476865543
1109.021	0.11612417882723161
1109.165	0.11612666123879392
1109.309	0.11613135023841165
1109.453	0.11613769417907094
1109.597	0.11614210735518177
1109.741	0.11614210735518177
1109.884	0.11613769417907094
1110.028	0.11613135023841165
1110.172	0.11612666123879392
1110.316	0.11612417882723161
1110.46	0.11612114476865543
1110.604	0.11611921400410695
1110.747	0.11611700741605153
1110.891	0.11611700741605153
1111.035	0.11611700741605153
1111.179	0.11611700741605153
1111.323	0.11611700741605153
1111.467	0.11611921400410695
1111.611	0.11611700741605153
1111.756	0.11611700741605153
1111.8980000000001	0.11611700741605153
1112.0420000000001	0.11611700741605153
1112.1860000000001	0.1161145250044892
1112.3300000000002	0.1161145250044892
1112.473	0.11611176676941995
1112.6180000000002	0.11611176676941995
1112.761	0.1161145250044892
1112.905	0.1161145250044892
1113.049	0.11611176676941995
1113.193	0.11611176676941995
1113.337	0.11611176676941995
1113.48	0.11611176676941995
1113.624	0.1161068019462953
1113.768	0.1161068019462953
1113.912	0.11610238877018449
1114.056	0.1160993547116083
1114.2	0.1160993547116083
1114.343	0.11609494153549749
1114.487	0.11609494153549749
1114.631	0.11609135582990746
1114.775	0.11608914924185205
1114.919	0.11608914924185205
1115.064	0.11608914924185205
1115.208	0.11608777012431742
1115.351	0.11608556353626202
1115.4950000000001	0.11608556353626202
1115.6390000000001	0.11608390859522047
1115.7830000000001	0.11608390859522047
1115.9260000000002	0.11608390859522047
1116.0710000000001	0.11608832177133127
1116.2140000000002	0.11608832177133127
1116.358	0.11608832177133127
1116.502	0.11608832177133127
1116.646	0.11608832177133127
1116.79	0.11608832177133127
1116.933	0.11609135582990746
1117.077	0.11609494153549749
1117.221	0.11609769977056675
1117.365	0.11609907888810139
1117.509	0.11610073382914293
1117.653	0.11610625029928145
1117.797	0.11611231841643381
1117.94	0.11611231841643381
1118.084	0.11611231841643381
1118.228	0.11611231841643381
1118.372	0.11611231841643381
1118.516	0.11611231841643381
1118.66	0.11611231841643381
1118.803	0.11611811071007924
1118.9470000000001	0.11611811071007924
1119.0910000000001	0.11611811071007924
1119.2350000000001	0.11611811071007924
1119.3790000000001	0.11612224806268313
1119.5220000000002	0.11612224806268313
1119.6670000000001	0.11612224806268313
1119.81	0.11611811071007924
1119.954	0.11611811071007924
1120.098	0.11611811071007924
1120.242	0.11612473047424547
1120.386	0.11612473047424547
1120.529	0.11612142059216235
1120.673	0.11612142059216235
1120.819	0.11612142059216235
1120.962	0.11611728323955847
1121.104	0.11612362718021775
1121.249	0.11612693706230087
1121.393	0.11612693706230087
1121.536	0.11612693706230087
1121.68	0.11612886782684934
1121.824	0.1161319018854255
1121.968	0.1161319018854255
1122.111	0.1161319018854255
1122.256	0.1161319018854255
1122.3990000000001	0.1161319018854255
1122.5430000000001	0.1161319018854255
1122.6870000000001	0.1161319018854255
1122.8310000000001	0.11613466012049475
1122.9750000000001	0.11613962494361943
1123.1180000000002	0.11613962494361943
1123.262	0.11613962494361943
1123.406	0.11613962494361943
1123.55	0.11613962494361943
1123.694	0.11613962494361943
1123.838	0.11613852164959172
1123.982	0.11613466012049475
1124.125	0.11613245353243937
1124.269	0.11613107441490472
1124.413	0.11613107441490472
1124.557	0.1161296952973701
1124.701	0.1161296952973701
1124.845	0.11612804035632857
1124.988	0.11612804035632857
1125.132	0.11612804035632857
1125.276	0.11612804035632857
1125.42	0.1161296952973701
1125.564	0.11613107441490472
1125.708	0.11613245353243937
1125.852	0.11613107441490472
1125.9950000000001	0.1161296952973701
1126.1390000000001	0.11612804035632857
1126.2830000000001	0.11612693706230087
1126.4270000000001	0.11612610959178009
1126.5700000000002	0.11612610959178009
1126.7150000000001	0.11612473047424549
1126.8590000000002	0.11612473047424549
1127.002	0.11612473047424549
1127.146	0.11612224806268315
1127.29	0.11611976565112081
1127.434	0.11611507665150307
1127.577	0.11611038765188533
1127.721	0.11610762941681607
1127.865	0.11610762941681607
1128.009	0.11610762941681607
1128.153	0.11610762941681607
1128.297	0.1161034920642122
1128.441	0.11610073382914293
1128.584	0.11610073382914293
1128.728	0.11610073382914293
1128.872	0.11609742394705982
1129.016	0.1160938382414698
1129.16	0.11609135582990746
1129.304	0.11608666683028973
1129.448	0.11607894377209581
1129.5910000000001	0.11606956577286034
1129.7350000000001	0.11606404930272184
1129.8790000000001	0.11606211853817336
1130.0230000000001	0.1160574295385556
1130.1660000000002	0.1160574295385556
1130.3110000000001	0.1160574295385556
1130.4550000000002	0.1160574295385556
1130.598	0.1160574295385556
1130.742	0.1160574295385556
1130.886	0.1160477757158132
1131.03	0.1160477757158132
1131.173	0.1160574295385556
1131.318	0.11606211853817336
1131.462	0.11606211853817336
1131.605	0.11606211853817336
1131.749	0.11606211853817336
1131.893	0.11606211853817336
1132.037	0.11605136142140324
1132.18	0.11604115595164699
1132.324	0.11603757024605696
1132.469	0.11603370871696
1132.613	0.11603370871696
1132.757	0.11603370871696
1132.901	0.11603370871696
1133.045	0.11603370871696
1133.188	0.11603370871696
1133.332	0.11603370871696
1133.476	0.11603370871696
1133.6200000000001	0.11603370871696
1133.7640000000001	0.11603177795241154
1133.9080000000001	0.1160292955408492
1134.0520000000001	0.1160292955408492
1134.1950000000002	0.1160292955408492
1134.3390000000002	0.1160292955408492
1134.483	0.1160292955408492
1134.6280000000002	0.1160292955408492
1134.771	0.1160292955408492
1134.915	0.1160292955408492
1135.059	0.1160292955408492
1135.202	0.11601660765953062
1135.346	0.11600198901366357
1135.49	0.11600198901366357
1135.634	0.11600198901366357
1135.778	0.11600198901366357
1135.921	0.11600198901366357
1136.065	0.11600198901366357
1136.209	0.11600198901366357
1136.353	0.11600198901366357
1136.497	0.11599564507300428
1136.64	0.11599178354390731
1136.785	0.11599178354390731
1136.93	0.11599012860286576
1137.0720000000001	0.11598874948533114
1137.2160000000001	0.11598488795623418
1137.3600000000001	0.11597799236856104
1137.5040000000001	0.11596723525179095
1137.6470000000002	0.11595923637009012
1137.7910000000002	0.11595840889956935
1137.935	0.1159578572525555
1138.079	0.11595344407644467
1138.223	0.11595344407644467
1138.367	0.11595344407644467
1138.511	0.11595344407644467
1138.654	0.11595344407644467
1138.798	0.11595344407644467
1138.942	0.11594765178279923
1139.086	0.11594765178279923
1139.229	0.11594765178279923
1139.374	0.11595344407644467
1139.518	0.1159578572525555
1139.661	0.1159578572525555
1139.805	0.1159578572525555
1139.949	0.1159578572525555
1140.093	0.1159578572525555
1140.236	0.1159578572525555
1140.38	0.1159578572525555
1140.5240000000001	0.1159578572525555
1140.6680000000001	0.1159578572525555
1140.8120000000001	0.1159578572525555
1140.9560000000001	0.1159578572525555
1141.1000000000001	0.11595840889956935
1141.2430000000002	0.11595840889956935
1141.387	0.11595923637009012
1141.531	0.11596364954620092
1141.675	0.11597440666297101
1141.819	0.11598488795623418
1141.963	0.11598488795623418
1142.107	0.11598957695585191
1142.25	0.1159926110144281
1142.394	0.1159981274845666
1142.538	0.11600419560171897
1142.682	0.11600419560171897
1142.826	0.11600971207185748
1142.97	0.11601467689498214
1143.113	0.11601660765953062
1143.257	0.1160215724826553
1143.401	0.1160303988348769
1143.545	0.11603343289345308
1143.689	0.11603508783449462
1143.833	0.11603784606956388
1143.977	0.11603784606956388
1144.121	0.1160400526576193
1144.2640000000001	0.11604115595164699
1144.4080000000001	0.11604281089268856
1144.5520000000001	0.11604832736282707
1144.6950000000002	0.1160541196564725
1144.8390000000002	0.11605549877400713
1144.983	0.11605549877400713
1145.127	0.11605687789154176
1145.271	0.11606018777362487
1145.415	0.11606267018518719
1145.559	0.1160659800672703
1145.702	0.11606956577286034
1145.846	0.11606984159636727
1145.99	0.11607039324338111
1146.134	0.11607039324338111
1146.278	0.11607149653740881
1146.422	0.11607232400792959
1146.566	0.11607315147845038
1146.709	0.11607453059598499
1146.853	0.11607453059598499
1146.997	0.11607618553702656
1147.141	0.11607701300754734
1147.285	0.11607701300754734
1147.429	0.11607701300754734
1147.5720000000001	0.11607701300754734
1147.7160000000001	0.11607701300754734
1147.8600000000001	0.11607701300754734
1148.006	0.11607701300754734
1148.1480000000001	0.1160786679485889
1148.2910000000002	0.1160786679485889
1148.4360000000001	0.1160786679485889
1148.5800000000002	0.11608280530119278
1148.7240000000002	0.11608859759483822
1148.867	0.11609659647653905
1149.011	0.1161015612996637
1149.155	0.11610321624070527
1149.298	0.11610542282876066
1149.443	0.11610542282876066
1149.586	0.11611176676941995
1149.73	0.1161175590630654
1149.875	0.1161175590630654
1150.019	0.1161175590630654
1150.163	0.11611783488657232
1150.306	0.11611921400410695
1150.45	0.11612224806268315
1150.594	0.11612224806268315
1150.738	0.11612693706230087
1150.882	0.1161307985913978
1151.026	0.1161307985913978
1151.17	0.1161307985913978
1151.313	0.1161307985913978
1151.457	0.1161307985913978
1151.604	0.11613383264997398
1151.7450000000001	0.1161307985913978
1151.8890000000001	0.11612693706230087
1152.0330000000001	0.11612693706230087
1152.1760000000002	0.11612997112087703
1152.3200000000002	0.11612997112087703
1152.4640000000002	0.11612997112087703
1152.608	0.11612997112087703
1152.752	0.11612997112087703
1152.896	0.11612693706230087
1153.039	0.11612224806268315
1153.183	0.11612224806268315
1153.327	0.11612224806268315
1153.471	0.11612224806268315
1153.615	0.11611921400410695
1153.758	0.1161175590630654
1153.903	0.11611507665150306
1154.046	0.11611176676941995
1154.19	0.11610928435785764
1154.334	0.11610459535823989
1154.478	0.11609494153549749
1154.622	0.11608639100678281
1154.766	0.11607122071390188
1154.909	0.11605025812737554
1155.053	0.11604060430463314
1155.1970000000001	0.11603674277553619
1155.3410000000001	0.11603426036397387
1155.4850000000001	0.1160315021289046
1155.6290000000001	0.11602681312928687
1155.7730000000001	0.11602377907071068
1155.9160000000002	0.1160215724826553
1156.06	0.11601991754161373
1156.204	0.11601881424758603
1156.347	0.11601578018900985
1156.492	0.11601357360095445
1156.636	0.11601357360095445
1156.78	0.11600778130730902
1156.923	0.1160044714252259
1157.069	0.11600198901366357
1157.211	0.1160011615431428
1157.354	0.1160011615431428
1157.499	0.11600033407262202
1157.642	0.11599950660210123
1157.786	0.11599950660210123
1157.93	0.11599950660210123
1158.074	0.11599950660210123
1158.218	0.11599950660210123
1158.361	0.11599950660210123
1158.505	0.11599950660210123
1158.6490000000001	0.11599950660210123
1158.7930000000001	0.11599950660210123
1158.9370000000001	0.11599950660210123
1159.0810000000001	0.11599950660210123
1159.2250000000001	0.11599950660210123
1159.3680000000002	0.11599950660210123
1159.512	0.11599950660210123
1159.656	0.1160011615431428
1159.8	0.1160044714252259
1159.944	0.11601026371887133
1160.088	0.11601026371887133
1160.232	0.11601660765953062
1160.375	0.11601026371887133
1160.519	0.11601026371887133
1160.663	0.11601660765953062
1160.807	0.1160196417181068
1160.951	0.11601991754161373
1161.095	0.11601991754161373
1161.238	0.11601991754161373
1161.382	0.11601991754161373
1161.526	0.11601991754161373
1161.67	0.11601991754161373
1161.814	0.11601991754161373
1161.957	0.11601991754161373
1162.101	0.11601991754161373
1162.2450000000001	0.11601991754161373
1162.3890000000001	0.11601991754161373
1162.534	0.11601991754161373
1162.6770000000001	0.11601991754161373
1162.8210000000001	0.1160196417181068
1162.9640000000002	0.11601660765953062
1163.108	0.11601026371887133
1163.252	0.11601026371887133
1163.396	0.11601026371887133
1163.54	0.11601026371887133
1163.684	0.1160055747192536
1163.827	0.1160022648371705
1163.971	0.1160022648371705
1164.115	0.11599316266144194
1164.259	0.11599316266144194
1164.403	0.1160022648371705
1164.547	0.1160022648371705
1164.69	0.11598957695585191
1164.834	0.11599923077859431
1164.978	0.11598543960324802
1165.122	0.11598543960324802
1165.266	0.11598212972116492
1165.394	0.11597578578050563
1165.538	0.11597578578050563
1165.681	0.11597164842790175
1165.825	0.11597164842790175
1165.969	0.11597164842790175
1166.116	0.11597164842790175
1166.257	0.11597164842790175
1166.4	0.11597164842790175
1166.545	0.11597164842790175
1166.688	0.11597164842790175
1166.832	0.11597164842790175
1166.976	0.11597164842790175
1167.1200000000001	0.11597164842790175
1167.2640000000001	0.11597164842790175
1167.4080000000001	0.1159677868988048
1167.5520000000001	0.1159677868988048
1167.6960000000001	0.1159677868988048
1167.8400000000001	0.11596695942828403
1167.9840000000002	0.11596613195776326
1168.1280000000002	0.11596613195776326
1168.2720000000002	0.11596447701672169
1168.415	0.11596613195776326
1168.559	0.11596695942828403
1168.703	0.1159677868988048
1168.846	0.1159677868988048
1168.991	0.1159677868988048
1169.134	0.1159677868988048
1169.278	0.11596916601633944
1169.422	0.11597247589842254
1169.566	0.11597578578050563
1169.71	0.1159788198390818
1169.853	0.11598212972116492
1169.998	0.11598543960324803
1170.141	0.11598792201481037
1170.285	0.11599123189689346
1170.429	0.11599123189689346
1170.573	0.11599123189689346
1170.717	0.11599592089651119
1170.8600000000001	0.11599592089651119
1171.0040000000001	0.11599592089651119
1171.1480000000001	0.11599592089651119
1171.2920000000001	0.11600088571963585
1171.4360000000001	0.11600088571963585
1171.5800000000002	0.11600088571963585
1171.7240000000002	0.11599592089651119
1171.867	0.11599647254352505
1172.011	0.11600088571963585
1172.155	0.11600640218977437
1172.299	0.11600640218977437
1172.442	0.11600640218977437
1172.587	0.11600640218977437
1172.731	0.11600088571963585
1172.874	0.11600640218977437
1173.018	0.11600640218977437
1173.162	0.11600640218977437
1173.306	0.11600640218977437
1173.449	0.11600640218977437
1173.594	0.11600640218977437
1173.737	0.11600640218977437
1173.881	0.11600640218977437
1174.025	0.11600088571963585
1174.169	0.11599895495508739
1174.313	0.11599895495508739
1174.4560000000001	0.11599647254352505
1174.6000000000001	0.11599895495508739
1174.7450000000001	0.11600060989612894
1174.8880000000001	0.11600254066067742
1175.0320000000002	0.11600640218977437
1175.178	0.11600640218977437
1175.3200000000002	0.11600640218977437
1175.4640000000002	0.11600750548380206
1175.608	0.11600750548380206
1175.752	0.11600805713081593
1175.896	0.11600805713081593
1176.039	0.11601081536588517
1176.183	0.11601081536588517
1176.327	0.11601329777744751
1176.471	0.11601081536588517
1176.615	0.11600833295432285
1176.759	0.1160066780132813
1176.903	0.11600529889574668
1177.046	0.11600529889574668
1177.19	0.11600254066067742
1177.333	0.11600060989612894
1177.477	0.11599895495508739
1177.621	0.11599895495508739
1177.765	0.11599895495508739
1177.9080000000001	0.11599785166105968
1178.0520000000001	0.11599785166105968
1178.1960000000001	0.11599785166105968
1178.3400000000001	0.11599785166105968
1178.483	0.11599536924949734
1178.6280000000002	0.11599536924949734
1178.771	0.11599316266144194
1178.915	0.11599316266144194
1179.059	0.11598930113234499
1179.203	0.11598709454428958
1179.347	0.11598295719168572
1179.49	0.11597468248647796
1179.635	0.1159686143693256
1179.778	0.1159686143693256
1179.922	0.1159686143693256
1180.066	0.11595565066450006
1180.21	0.11594130784213993
1180.354	0.11593661884252221
1180.497	0.1159236551376967
1180.641	0.11587979920009553
1180.785	0.1158147048524611
1180.929	0.11573885338805656
1181.073	0.11568286121615068
1181.217	0.115666863452749
1181.361	0.115666863452749
1181.5040000000001	0.115666863452749
1181.651	0.115666863452749
1181.7920000000001	0.115666863452749
1181.9360000000001	0.115666863452749
1182.079	0.115666863452749
1182.2240000000002	0.115666863452749
1182.367	0.11566327774715897
1182.511	0.11566300192365205
1182.655	0.11566051951208971
1182.799	0.11564286680764646
1182.943	0.11562659322073784
1183.087	0.1156249382796963
1183.23	0.11561997345657164
1183.374	0.11560480316369073
1183.518	0.11558659881223363
1183.692	0.11557694498949124
1183.903	0.11555846481452722
1184.3600000000001	0.11553364069890393
1184.577	0.11552315940564076
1184.864	0.11549750781949669
1185.365	0.11548978476130277
1185.815	0.11548978476130277
1186.689	0.11548978476130277
1187.01	0.11548978476130277
1187.21	0.11548978476130277
1187.356	0.11548978476130277
1187.502	0.11551378140640528
1187.73	0.11552315940564076
1187.9170000000001	0.11553722640449396
1188.059	0.11556205052011725
1188.203	0.11557694498949124
1188.346	0.11558659881223363
1188.603	0.11560894051629461
1188.806	0.1156249382796963
1188.954	0.11562659322073784
1189.098	0.11563486792594563
1189.4180000000001	0.11563486792594563
1189.597	0.11562659322073784
1189.737	0.1156249382796963
1190.001	0.1156249382796963
1190.1580000000001	0.1156249382796963
1190.4660000000001	0.1156249382796963
1190.7240000000002	0.11560894051629461
1190.902	0.11558411640067132
1191.048	0.11556260216713111
1191.192	0.11555019010931945
1191.336	0.11552867587577927
1191.48	0.11550688581873216
1191.6380000000001	0.11548978476130277
1191.816	0.11546661558672103
1191.96	0.11541641570846058
1192.103	0.11536842241825551
1192.247	0.11536842241825551
1192.411	0.11536842241825551
1192.843	0.11536842241825551
1193.708	0.11536842241825551
1193.961	0.11541227835585668
1194.4640000000002	0.115455582646444
1194.596	0.11546661558672103
1194.834	0.11548978476130277
1194.9930000000002	0.11550688581873216
1195.329	0.11551709128848842
1195.568	0.11553805387501473
1195.7160000000001	0.11555019010931945
1195.8600000000001	0.11557694498949125
1196.257	0.1156152844569539
1196.4080000000001	0.11563486792594563
1196.5610000000001	0.1156390052785495
1196.707	0.1156431426311534
1196.9550000000002	0.11564783163077114
1197.18	0.11565472721844428
1197.3310000000001	0.11565472721844428
1197.5420000000001	0.11565472721844428
1197.803	0.11565141733636117
1197.95	0.11564755580726421
1198.107	0.11565141733636117
1198.251	0.11565776127702046
1198.3980000000001	0.11565776127702046
1198.545	0.11565776127702046
1198.7820000000002	0.11565776127702046
1198.948	0.11565776127702046
1199.1090000000002	0.11565776127702046
1199.42	0.11565776127702046
1199.688	0.11565776127702046
1200.374	0.11565776127702046
1200.539	0.11564755580726421
1200.6870000000001	0.11565776127702046
1200.8300000000002	0.11567817221653294
1201.03	0.11569803150903157
1201.323	0.11570658203774628
1201.736	0.11571375344892633
1201.895	0.11572561385972413
1202.261	0.11573554350597345
1202.616	0.1157413357996189
1202.858	0.11574519732871585
1203.125	0.11576340168017293
1203.261	0.11578243350215081
1203.4560000000001	0.11578850161930318
1203.597	0.11579898291256635
1203.7540000000001	0.11580753344128104
1203.901	0.11581001585284337
1204.044	0.11582104879312038
1204.189	0.115837322380029
1204.333	0.11584532126172983
1204.509	0.11586049155461074
1204.7820000000002	0.11588228161165787
1204.924	0.11588228161165787
1205.192	0.11588228161165787
1205.354	0.11589579696349722
1205.507	0.11590158925714265
1205.663	0.11590379584519807
1205.817	0.1159051749627327
1205.973	0.1159084848448158
1206.218	0.1159277924903006
1206.3680000000002	0.11592834413731445
1206.506	0.11592834413731445
1206.65	0.11592834413731445
1206.798	0.11592834413731445
1206.9650000000001	0.11592834413731445
1207.132	0.11592834413731445
1207.28	0.11592834413731445
1207.422	0.11592834413731445
1207.621	0.11592834413731445
1207.771	0.11592834413731445
1207.978	0.11592834413731445
1208.121	0.11592834413731445
1208.2740000000001	0.11592834413731445
1208.42	0.11592834413731445
1208.593	0.11592834413731445
1208.7920000000001	0.11591151890339199
1208.989	0.11591151890339199
1209.127	0.11591151890339199
1209.271	0.11591151890339199
1209.415	0.11591151890339199
1209.8020000000001	0.11591151890339199
1209.951	0.11591151890339199
1210.156	0.11591151890339199
1210.294	0.11591151890339199
1210.438	0.11590903649182965
1210.582	0.11590600243325348
1210.854	0.11590600243325348
1211.027	0.11590600243325348
1211.198	0.11590600243325348
1211.41	0.11590600243325348
1211.557	0.11590600243325348
1211.7050000000002	0.11590600243325348
1211.845	0.11590600243325348
1212.103	0.11590600243325348
1212.2440000000001	0.11590600243325348
1212.39	0.11590600243325348
1212.537	0.11590600243325348
1212.707	0.11590600243325348
1212.851	0.11590600243325348
1213.03	0.11590600243325348
1213.171	0.11590600243325348
1213.471	0.11590600243325348
1213.6190000000001	0.11590600243325348
1213.7720000000002	0.11590600243325348
1213.928	0.11590903649182965
1214.132	0.11590903649182965
1214.497	0.11590903649182965
1214.789	0.11590903649182965
1214.962	0.11590903649182965
1215.334	0.11590903649182965
1215.48	0.11591400131495432
1215.6180000000002	0.11595013419436155
1215.761	0.11599923077859431
1215.914	0.11602322742369683
1216.048	0.11602681312928687
1216.267	0.11603398454046693
1216.411	0.11604612077477167
1216.56	0.11605549877400713
1216.704	0.11606018777362487
1216.848	0.11606294600869413
1216.997	0.11607177236091576
1217.136	0.11608363277171355
1217.279	0.11610459535823989
1217.423	0.11612197223917622
1217.567	0.11612417882723161
1217.71	0.11612776453282161
1217.855	0.1161319018854255
1217.998	0.11613797000257788
1218.142	0.11614514141375794
1218.286	0.11614514141375794
1218.4360000000001	0.11614514141375794
1218.574	0.11614514141375794
1218.717	0.11614514141375794
1218.862	0.11614514141375794
1219.008	0.11614514141375794
1219.1490000000001	0.11614514141375794
1219.2930000000001	0.11614514141375794
1219.4370000000001	0.11614514141375794
1219.5810000000001	0.11614514141375794
1219.7240000000002	0.11614514141375794
1219.8700000000001	0.11614514141375794
1220.0130000000001	0.11613797000257788
1220.1570000000002	0.1161319018854255
1220.3010000000002	0.11612776453282161
1220.448	0.11612500629775237
1220.587	0.11612500629775237
1220.732	0.11612500629775237
1220.876	0.11612417882723161
1221.02	0.11612279970969697
1221.164	0.11609963053511524
1221.308	0.11607315147845038
1221.452	0.11607315147845038
1221.595	0.11607094489039496
1221.739	0.11607094489039496
1221.883	0.11606625589077722
1222.027	0.11606542842025645
1222.171	0.11606239436168028
1222.315	0.11606129106765257
1222.458	0.11605494712699328
1222.603	0.1160452933042509
1222.752	0.11603950101060545
1222.989	0.11603232959942537
1223.13	0.1160259856587661
1223.2740000000001	0.11602129665914836
1223.4170000000001	0.11601798677706525
1223.5610000000001	0.11601495271848906
1223.7050000000002	0.11601081536588517
1223.8490000000002	0.11601081536588517
1223.9930000000002	0.11601081536588517
1224.136	0.11600805713081593
1224.281	0.11600805713081593
1224.424	0.11600805713081593
1224.785	0.11600805713081593
1224.92	0.11600529889574668
1225.069	0.11599840330807352
1225.2150000000001	0.1159981274845666
1225.351	0.1159981274845666
1225.4950000000001	0.11598930113234499
1225.642	0.1159851637797411
1225.7930000000001	0.11598212972116491
1225.9270000000001	0.1159796473096026
1226.0710000000001	0.11597881983908181
1226.2150000000001	0.11597523413349178
1226.358	0.11597109678088793
1226.5030000000002	0.11597109678088793
1226.652	0.1159642011932148
1226.796	0.11595730560554163
1226.934	0.11595730560554163
1227.078	0.11595730560554163
1227.222	0.11595730560554163
1227.365	0.11595730560554163
1227.512	0.11595344407644467
1227.652	0.11595344407644467
1227.8020000000001	0.11594903090033386
1227.9950000000001	0.1159517891354031
1228.132	0.11594599684175769
1228.276	0.1159429627831815
1228.42	0.11594185948915381
1228.563	0.11594185948915381
1228.708	0.11594048037161919
1228.852	0.11593413643095987
1228.9950000000001	0.1159236551376967
1229.1390000000001	0.11591786284405126
1229.2830000000001	0.11591482878547509
1229.4270000000001	0.11590876066832273
1229.5710000000001	0.11590407166870498
1229.7150000000001	0.11590158925714265
1229.864	0.11589910684558033
1230.047	0.11589662443401799
1230.194	0.11589386619894876
1230.338	0.115889177199331
1230.482	0.11587979920009553
1230.626	0.1158709728478739
1230.779	0.11585414761395144
1230.913	0.11583980479159131
1231.057	0.11583428832145282
1231.201	0.11582822020430045
1231.3600000000001	0.11582573779273811
1231.505	0.115818842205065
1231.6490000000001	0.1158124982644057
1231.798	0.1158124982644057
1231.941	0.1158124982644057
1232.085	0.11581167079388492
1232.5140000000001	0.11581167079388492
1232.655	0.11580587850023949
1232.8020000000001	0.1157995345595802
1232.9660000000001	0.11579705214801786
1233.103	0.11579456973645554
1233.247	0.11579070820735858
1233.391	0.11579070820735858
1233.585	0.11578684667826163
1233.726	0.11578822579579626
1233.8700000000001	0.11579153567787936
1234.0140000000001	0.11579456973645554
1234.22	0.11579705214801786
1234.3680000000002	0.1157995345595802
1234.509	0.11580587850023949
1234.654	0.1158124982644057
1234.8020000000001	0.11581498067596804
1234.95	0.11581498067596804
1235.0890000000002	0.11581498067596804
1235.228	0.1158124982644057
1235.372	0.1158124982644057
1235.519	0.11580532685322563
1235.669	0.11579705214801786
1235.804	0.11579456973645554
1235.948	0.11579153567787936
1236.092	0.11578767414878241
1236.236	0.11578601920774086
1236.38	0.11578491591371315
1236.553	0.11578491591371315
1236.699	0.11578408844319238
1236.847	0.11578408844319238
1236.99	0.11578408844319238
1237.19	0.11578408844319238
1237.3390000000002	0.11578408844319238
1237.4930000000002	0.11578408844319238
1237.742	0.11578408844319238
1237.883	0.11578408844319238
1238.026	0.11578408844319238
1238.171	0.11578491591371315
1238.319	0.11578491591371315
1238.4740000000002	0.11578408844319238
1238.6180000000002	0.11578326097267161
1238.762	0.11578326097267161
1238.913	0.11578326097267161
1239.057	0.11578408844319238
1239.193	0.11578491591371315
1239.337	0.11578601920774086
1239.481	0.11578767414878241
1239.631	0.11578767414878241
1239.799	0.11578767414878241
1239.944	0.11579153567787936
1240.088	0.11579153567787936
1240.232	0.11579732797152478
1240.376	0.11580229279464946
1240.52	0.11580532685322564
1240.663	0.11581167079388494
1240.807	0.11581994549909269
1240.952	0.11582463449871042
1241.097	0.11582739273377968
1241.2450000000001	0.1158320817333974
1241.383	0.1158320817333974
1241.528	0.1158320817333974
1241.848	0.1158320817333974
1241.997	0.1158320817333974
1242.134	0.11583897732107054
1242.287	0.11585442343745839
1242.423	0.11586793878929774
1242.565	0.11587428272995702
1242.709	0.11587979920009553
1242.856	0.11588779808179639
1243.0130000000001	0.11592531007873827
1243.1570000000002	0.1159677868988048
1243.3	0.11598240554467185
1243.444	0.11598792201481037
1243.594	0.11599150772040039
1243.739	0.11599371430845579
1243.886	0.11600116154314277
1244.036	0.11600860877782977
1244.18	0.11601081536588519
1244.326	0.11601136701289905
1244.478	0.11601578018900985
1244.612	0.11602819224682151
1244.755	0.11603729442255004
1244.8980000000001	0.1160433625397024
1245.048	0.11605880865609025
1245.22	0.11606956577286034
1245.363	0.11606956577286034
1245.506	0.11606956577286034
1245.7150000000001	0.11606956577286034
1245.865	0.11606956577286034
1246.018	0.11606956577286034
1246.162	0.11606956577286034
1246.307	0.11606956577286034
1246.452	0.11606956577286034
1246.593	0.11606956577286034
1246.74	0.11606956577286034
1246.88	0.11606956577286034
1247.027	0.11606956577286034
1247.1670000000001	0.11606956577286034
1247.3120000000001	0.11606956577286034
1247.4560000000001	0.11606956577286034
1247.6000000000001	0.11606956577286034
1247.7430000000002	0.11606956577286034
1247.894	0.11606956577286034
1248.038	0.11606956577286034
1248.175	0.11606956577286034
1248.319	0.11606956577286034
1248.463	0.1160574295385556
1248.606	0.11604088012814008
1248.75	0.11604088012814008
1248.894	0.11601881424758603
1249.038	0.11601440107147523
1249.185	0.11597606160401257
1249.4740000000002	0.11596089131113167
1249.615	0.11594130784213996
1249.766	0.1159288957843283
1249.901	0.11591289802092661
1250.045	0.1158988310220734
1250.1970000000001	0.1158988310220734
1250.3400000000001	0.1158988310220734
1250.476	0.11588200578815094
1250.6200000000001	0.11586352561318691
1250.768	0.11585442343745837
1250.919	0.11584752784978525
1251.068	0.11584752784978525
1251.212	0.11584752784978525
1251.3590000000002	0.11584752784978525
1251.587	0.11584752784978525
1251.723	0.1158428388501675
1251.867	0.11583732238002897
1252.011	0.11583732238002897
1252.155	0.11583732238002897
1252.413	0.11583732238002897
1252.557	0.11583732238002897
1252.756	0.11583732238002897
1252.919	0.11583732238002897
1253.0720000000001	0.11583153008638354
1253.231	0.11582491032221734
1253.385	0.11582215208714808
1253.529	0.11582049714610654
1253.673	0.11581553232298189
1253.828	0.11581167079388492
1254.012	0.115811394970378
1254.3010000000002	0.115811394970378
1254.44	0.11581001585284337
1254.585	0.115811394970378
1254.785	0.115811394970378
1254.924	0.115811394970378
1255.065	0.115811394970378
1255.208	0.115811394970378
1255.39	0.115811394970378
1255.529	0.11581167079388492
1255.672	0.11581553232298189
1255.816	0.11582049714610654
1255.971	0.11582435867520346
1256.473	0.11582215208714808
1256.633	0.11582215208714808
1256.784	0.11582215208714808
1256.925	0.11582215208714808
1257.0620000000001	0.11582215208714808
1257.207	0.11582215208714808
1257.362	0.11582215208714808
1257.517	0.11582215208714808
1257.654	0.11582491032221734
1257.797	0.11582684108676584
1257.941	0.11582215208714808
1258.085	0.11582132461662731
1258.2350000000001	0.11582022132259964
1258.38	0.11582022132259964
1258.517	0.11582022132259964
1258.661	0.11582022132259964
1258.804	0.11582022132259964
1258.96	0.11582022132259964
1259.1180000000002	0.11582132461662731
1259.252	0.11582132461662731
1259.395	0.11582132461662731
1259.5420000000001	0.11582022132259964
1259.6860000000001	0.11581608396999574
1259.8980000000001	0.11581608396999574
1260.035	0.115811394970378
1260.179	0.11580505102971872
1260.323	0.11579622467749709
1260.4660000000001	0.11579098403086552
1260.617	0.11579098403086552
1260.789	0.11579098403086552
1260.93	0.11579098403086552
1261.074	0.11579236314840013
1261.232	0.11579622467749709
1261.409	0.11580505102971872
1261.56	0.115811394970378
1261.6970000000001	0.11581608396999574
1261.8410000000001	0.11582022132259964
1261.9840000000002	0.11582187626364118
1262.134	0.11582187626364118
1262.358	0.11582187626364118
1262.511	0.11582187626364118
1262.663	0.11582187626364118
1262.81	0.11582187626364118
1262.944	0.11582187626364118
1263.088	0.11582187626364118
1263.231	0.11582187626364118
1263.376	0.11582022132259964
1263.519	0.11581608396999574
1263.674	0.11581608396999574
1263.825	0.115811394970378
1263.9750000000001	0.11580367191218409
1264.287	0.115811394970378
1264.433	0.115811394970378
1264.5890000000002	0.115811394970378
1264.7340000000002	0.11581608396999574
1264.877	0.11581608396999574
1265.021	0.11582049714610654
1265.17	0.11581718726402343
1265.324	0.11581718726402343
1265.469	0.11581718726402343
1265.613	0.11581718726402343
1265.757	0.11581718726402343
1265.905	0.11581718726402343
1266.053	0.115811394970378
1266.188	0.11580367191218409
1266.332	0.11580367191218409
1266.479	0.115811394970378
1266.627	0.115811394970378
1266.7630000000001	0.115811394970378
1266.9080000000001	0.115811394970378
1267.055	0.115811394970378
1267.1950000000002	0.11581415320544726
1267.3390000000002	0.11581994549909269
1267.483	0.11582325538117577
1267.626	0.11582325538117577
1267.779	0.11582546196923119
1267.9160000000002	0.11582766855728663
1268.059	0.11582766855728663
1268.252	0.11582932349832818
1268.4070000000002	0.11582932349832818
1268.554	0.11582766855728663
1268.698	0.11582766855728663
1268.852	0.1158284960278074
1269.029	0.1158284960278074
1269.1770000000001	0.1158284960278074
1269.3210000000001	0.1158284960278074
1269.468	0.1158284960278074
1269.7440000000001	0.11582546196923119
1269.8890000000001	0.11582325538117577
1270.037	0.11582546196923119
1270.184	0.11582325538117577
1270.328	0.11582546196923119
1270.472	0.11582546196923119
1270.625	0.1158284960278074
1270.775	0.11583263338041128
1270.92	0.11583594326249436
1271.0620000000001	0.1158384256740567
1271.207	0.11584201137964673
1271.351	0.11585276849641682
1271.498	0.11586187067214537
1271.646	0.11586352561318693
1271.7820000000002	0.11586352561318693
1272.044	0.11586352561318693
1272.182	0.11586187067214537
1272.327	0.11585276849641682
1272.47	0.11585276849641682
1272.642	0.11585276849641682
1272.7930000000001	0.11585276849641682
1272.934	0.11584476961471599
1273.0810000000001	0.11584201137964673
1273.223	0.11584201137964673
1273.3690000000001	0.11584201137964673
1273.519	0.11584201137964673
1273.653	0.11584201137964673
1273.798	0.11584201137964673
1273.942	0.11584201137964673
1274.094	0.1158384256740567
1274.24	0.11583594326249436
1274.3890000000001	0.11583594326249436
1274.536	0.11583263338041128
1274.6760000000002	0.11582270373416197
1274.832	0.11581167079388494
1274.988	0.1158080850882949
1275.125	0.11580560267673257
1275.267	0.1158080850882949
1275.411	0.1158080850882949
1275.555	0.1158080850882949
1275.699	0.11581001585284337
1275.842	0.11581001585284337
1275.9940000000001	0.11581001585284337
1276.1770000000001	0.11581001585284337
1276.3220000000001	0.11581001585284337
1276.4660000000001	0.11581001585284337
1276.6100000000001	0.11581001585284337
1276.7540000000001	0.11581001585284337
1276.8970000000002	0.11581001585284337
1277.0420000000001	0.11581001585284337
1277.192	0.11582435867520349
1277.329	0.1158384256740567
1277.473	0.11584201137964673
1277.617	0.11584752784978525
1277.765	0.11585883661356919
1277.912	0.11586931790683236
1278.048	0.11586931790683236
1278.192	0.11587069702436698
1278.336	0.11587069702436698
1278.487	0.11587069702436698
1278.631	0.11587069702436698
1278.767	0.11587069702436698
1278.9170000000001	0.1158806266706163
1279.231	0.1158806266706163
1279.377	0.11589441784596258
1279.527	0.11591427713846124
1279.798	0.11594351443019535
1279.9360000000001	0.11596889019283252
1280.298	0.11596889019283252
1280.4470000000001	0.11596889019283252
1280.631	0.11596889019283252
1280.765	0.11596889019283252
1280.909	0.11596889019283252
1281.053	0.11597937148609566
1281.211	0.11598212972116492
1281.4160000000002	0.11599647254352505
1281.565	0.11599867913158046
1281.708	0.11599867913158046
1281.852	0.11599867913158046
1281.996	0.11599867913158046
1282.1480000000001	0.11599867913158046
1282.2930000000001	0.11599867913158046
1282.428	0.11599867913158046
1282.5710000000001	0.11601467689498214
1282.722	0.11601467689498214
1282.9840000000002	0.11601798677706524
1283.136	0.1160292955408492
1283.284	0.1160292955408492
1283.4180000000001	0.11603950101060545
1283.5620000000001	0.1160400526576193
1283.711	0.11604032848112622
1283.852	0.11604612077477167
1284.0030000000002	0.11604612077477167
1284.15	0.11604032848112622
1284.297	0.1160400526576193
1284.441	0.1160400526576193
1284.585	0.11603288124643923
1284.728	0.11602267577668299
1284.873	0.11601826260057219
1285.017	0.11601826260057219
1285.16	0.11601826260057219
1285.304	0.11601660765953062
1285.448	0.11601660765953062
1285.594	0.11601660765953062
1285.742	0.11601660765953062
1285.88	0.11601660765953062
1286.0230000000001	0.11601660765953062
1286.1670000000001	0.11601660765953062
1286.3110000000001	0.11601660765953062
1286.4550000000002	0.11601660765953062
1286.5990000000002	0.11601660765953062
1286.7430000000002	0.11601660765953062
1286.887	0.11601660765953062
1287.03	0.11601826260057219
1287.174	0.11602212412966914
1287.3210000000001	0.11602515818824531
1287.565	0.11602515818824531
1287.702	0.11602515818824531
1287.8600000000001	0.11602515818824531
1288.008	0.11602515818824531
1288.1480000000001	0.11602515818824531
1288.2930000000001	0.1160281922468215
1288.4370000000001	0.11603095048189074
1288.65	0.11603095048189074
1288.813	0.11603095048189074
1288.9650000000001	0.11603095048189074
1289.111	0.1160348120109877
1289.2630000000001	0.11603922518709853
1289.412	0.1160400526576193
1289.555	0.1160400526576193
1289.702	0.11604032848112622
1289.919	0.1160452933042509
1290.126	0.1160452933042509
1290.261	0.1160452933042509
1290.405	0.1160452933042509
1290.548	0.1160452933042509
1290.692	0.11604501748074397
1290.8780000000002	0.11604501748074397
1291.027	0.1160400526576193
1291.171	0.11603922518709853
1291.329	0.1160348120109877
1291.476	0.11603095048189074
1291.624	0.11603095048189074
1291.776	0.11603095048189074
1291.922	0.1160348120109877
1292.066	0.11604419001022319
1292.2160000000001	0.1160508097743894
1292.3690000000001	0.11605274053893788
1292.5130000000001	0.11605439547997942
1292.6570000000002	0.11605632624452791
1292.804	0.11605632624452791
1292.948	0.11606046359713179
1293.105	0.11605880865609025
1293.249	0.11605632624452791
1293.402	0.11605632624452791
1293.536	0.11605439547997942
1293.68	0.11605274053893788
1293.824	0.11605191306841711
1293.968	0.11604832736282708
1294.112	0.11604832736282708
1294.256	0.11604281089268856
1294.3990000000001	0.11604281089268856
1294.544	0.11604281089268856
1294.8500000000001	0.11604281089268856
1294.992	0.11604281089268856
1295.142	0.11604832736282708
1295.278	0.11605191306841711
1295.422	0.11605191306841711
1295.566	0.11605687789154176
1296.107	0.11606046359713179
1296.261	0.11606432512622875
1296.622	0.11607066906688804
1296.768	0.11607066906688804
1296.919	0.11607066906688804
1297.056	0.11607453059598499
1297.1960000000001	0.1160756338900127
1297.3400000000001	0.1160756338900127
1297.491	0.1160789437720958
1297.631	0.11608611518327587
1297.942	0.11608611518327587
1298.076	0.1160789437720958
1298.2250000000001	0.1160756338900127
1298.371	0.1160756338900127
1298.567	0.1160756338900127
1298.7160000000001	0.1160756338900127
1298.866	0.1160756338900127
1299.097	0.1160756338900127
1299.2430000000002	0.1160756338900127
1299.405	0.1160756338900127
1299.555	0.1160756338900127
1299.69	0.1160756338900127
1299.834	0.1160756338900127
1299.979	0.1160756338900127
1300.123	0.11607370312546422
1300.279	0.11606984159636725
1300.4260000000002	0.11606432512622875
1300.569	0.11606046359713179
1300.713	0.11605522295050022
1300.857	0.11605025812737556
1301.005	0.11604832736282708
1301.154	0.11604501748074397
1301.288	0.11604115595164699
1301.432	0.11603508783449462
1301.576	0.11602626148227302
1301.7240000000002	0.11602046918862757
1301.873	0.11602046918862757
1302.007	0.11602046918862757
1302.192	0.11602046918862757
1302.327	0.1160066780132813
1302.4750000000001	0.11598764619130343
1302.622	0.11597909566258874
1302.759	0.11596447701672169
1302.903	0.11595316825293775
1303.0520000000001	0.11594268695967458
1303.19	0.11592779249030058
1303.342	0.11592779249030058
1303.488	0.11592089690262744
1303.622	0.11592089690262744
1303.7720000000002	0.11591675955002356
1303.909	0.11591344966794045
1304.053	0.11591234637391276
1304.1970000000001	0.11590269255117036
1304.347	0.11589248708141411
1304.4850000000001	0.11589248708141411
1304.6280000000002	0.11589248708141411
1304.779	0.11589110796387948
1304.954	0.11589110796387948
1305.092	0.11589110796387948
1305.2350000000001	0.11589110796387948
1305.383	0.11589110796387948
1305.748	0.11589110796387948
1305.895	0.11589110796387948
1306.0510000000002	0.11589110796387948
1306.1950000000002	0.11589110796387948
1306.3390000000002	0.11589248708141411
1306.486	0.11589248708141411
1306.635	0.11589248708141411
1307.0900000000001	0.11590269255117036
1307.2350000000001	0.11590269255117036
1307.391	0.11590269255117036
1307.769	0.11591317384443353
1307.906	0.11591675955002356
1308.06	0.11591979360859975
1308.1950000000002	0.11592668919627289
1308.347	0.1159333089604391
1308.506	0.1159344122544668
1308.641	0.11594461772422304
1308.786	0.11596282207568015
1309.002	0.11597330336894332
1309.137	0.11597744072154717
1309.334	0.11599564507300428
1309.477	0.11600750548380209
1309.635	0.11601412524796831
1309.776	0.11601412524796831
1309.925	0.11601412524796831
1310.175	0.11600750548380209
1310.326	0.11600750548380209
1310.472	0.11600750548380209
1310.607	0.11601247030692674
1310.751	0.116015228541996
1310.895	0.116015228541996
1311.044	0.116015228541996
1311.189	0.116015228541996
1311.326	0.116015228541996
1311.47	0.11601826260057219
1311.614	0.11601826260057219
1311.762	0.11601826260057219
1311.912	0.11601826260057219
1312.0620000000001	0.11601826260057219
1312.209	0.11601826260057219
1312.3490000000002	0.11601826260057219
1312.498	0.11601826260057219
1312.799	0.11601826260057219
1312.941	0.11601826260057219
1313.2250000000001	0.11601826260057219
1313.39	0.11601826260057219
1313.545	0.11601826260057219
1313.692	0.116015228541996
1313.836	0.11601247030692674
1313.98	0.1160099878953644
1314.127	0.11600502307223975
1314.275	0.11599978242560816
1314.415	0.11599178354390731
1314.556	0.11598543960324803
1314.699	0.11597826819206798
1314.891	0.115970820957381
1315.0410000000002	0.11596502866373555
1315.178	0.11595151331189621
1315.3220000000001	0.11593992872460533
1315.473	0.11593744631304301
1315.625	0.11593744631304301
1315.866	0.11593744631304301
1316.009	0.11593744631304301
1316.1670000000001	0.11593220566641141
1316.316	0.11593220566641141
1316.457	0.11592724084328676
1316.601	0.11592724084328676
1316.752	0.11592724084328676
1317.069	0.11592724084328676
1317.21	0.11592724084328676
1317.3600000000001	0.11592724084328676
1317.617	0.11592724084328676
1317.752	0.11592724084328676
1317.896	0.11592724084328676
1318.039	0.11592724084328676
1318.183	0.11592724084328676
1318.327	0.11592724084328676
1318.483	0.11592724084328676
1318.641	0.11592089690262745
1318.7740000000001	0.11591482878547509
1318.9180000000001	0.11592089690262745
1319.068	0.11592089690262745
1319.277	0.11592089690262745
1319.414	0.11592089690262745
1319.564	0.11592089690262745
1319.7140000000002	0.11592089690262745
1319.861	0.11592089690262745
1320.006	0.11592089690262745
1320.153	0.11592089690262745
1320.303	0.11592724084328676
1320.4550000000002	0.11592724084328676
1320.596	0.11592089690262745
1320.74	0.11592089690262745
1320.887	0.11592089690262745
1321.178	0.11591482878547509
1321.315	0.11591482878547509
1321.463	0.11591482878547509
1321.613	0.11591482878547509
1321.747	0.11591482878547509
1321.892	0.11591482878547509
1322.035	0.11591482878547509
1322.1860000000001	0.11591482878547509
1322.405	0.11591482878547509
1322.546	0.11591482878547509
1322.69	0.11591482878547509
1322.8390000000002	0.11592089690262745
1322.979	0.11592641337276598
1323.1290000000001	0.11592724084328676
1323.265	0.1159352397249876
1323.409	0.11594765178279925
1323.554	0.11594765178279925
1323.711	0.11594765178279925
1323.857	0.11594765178279925
1324.0	0.11597578578050566
1324.144	0.11600198901366357
1324.2910000000002	0.11600833295432286
1324.439	0.11600833295432286
1324.575	0.1160130219539406
1324.721	0.11601578018900985
1324.874	0.11601578018900985
1325.3110000000001	0.1160130219539406
1325.4560000000001	0.11598212972116495
1325.606	0.11594048037161919
1325.775	0.11594737595929232
1325.919	0.11594737595929232
1326.063	0.11594737595929232
1326.207	0.1159611671346386
1326.351	0.1159611671346386
1326.4950000000001	0.1159611671346386
1326.6390000000001	0.1159611671346386
1326.7820000000002	0.1159611671346386
1326.9270000000001	0.11594185948915381
1327.0700000000002	0.11592917160783522
1327.304	0.11592917160783522
1327.438	0.11592724084328676
1327.585	0.11592586172575212
1328.039	0.11591951778509282
1328.175	0.11591289802092661
1328.328	0.11590600243325347
1328.461	0.1158999343161011
1328.604	0.1158999343161011
1328.7540000000001	0.1158999343161011
1328.905	0.1158999343161011
1329.0520000000001	0.11590600243325347
1329.1960000000001	0.11591289802092661
1329.344	0.11591951778509282
1329.4850000000001	0.11592586172575212
1329.65	0.11592724084328676
1329.79	0.11592724084328676
1329.9360000000001	0.11592724084328676
1330.084	0.11592724084328676
1330.218	0.11592917160783522
1330.363	0.11592917160783522
1330.506	0.11592917160783522
1330.656	0.11594213531266072
1330.905	0.11594213531266072
1331.05	0.11592917160783522
1331.193	0.1159266891962729
1331.338	0.11592117272613438
1331.481	0.11591538043248893
1331.625	0.11591289802092661
1331.769	0.11590600243325347
1331.913	0.11589717608103184
1332.057	0.11589386619894874
1332.2	0.11589303872842797
1332.344	0.11589000466985178
1332.488	0.11588614314075482
1332.632	0.11588283325867171
1332.776	0.11587979920009553
1332.92	0.11587869590606784
1333.064	0.11587538602398473
1333.207	0.1158676629657908
1333.351	0.1158676629657908
1333.4950000000001	0.11585828496655534
1333.6390000000001	0.11585166520238913
1333.7830000000001	0.11584890696731986
1333.9260000000002	0.1158417355561398
1334.0700000000002	0.1158417355561398
1334.2140000000002	0.11584752784978525
1334.358	0.11584118390912596
1334.502	0.11584118390912596
1334.645	0.11583483996846666
1334.79	0.11582959932183506
1334.933	0.11582959932183506
1335.077	0.11582380702818965
1335.221	0.11581773891103729
1335.365	0.11581773891103729
1335.51	0.11580725761777412
1335.6580000000001	0.11579374226593478
1335.796	0.11578353679617852
1335.94	0.1157694697973253
1336.095	0.11575347203392362
1336.228	0.11574519732871585
1336.372	0.11574050832909813
1336.516	0.11574050832909813
1336.66	0.11574050832909813
1336.944	0.11574050832909813
1337.0910000000001	0.11574050832909813
1337.2350000000001	0.11574050832909813
1337.3790000000001	0.11574050832909813
1337.528	0.11574050832909813
1337.675	0.11574050832909813
1337.81	0.11574050832909813
1337.9640000000002	0.11574050832909813
1338.1000000000001	0.11574050832909813
1338.2450000000001	0.11574050832909813
1338.8790000000001	0.11574050832909813
1339.025	0.11574050832909813
1339.169	0.11574050832909813
1339.313	0.11574519732871585
1339.5330000000001	0.11575264456340284
1339.681	0.11575678191600675
1340.082	0.1157694697973253
1340.2240000000002	0.11577305550291533
1340.573	0.11578215767864389
1340.7250000000001	0.11578215767864389
1341.01	0.1157843642666993
1341.155	0.11578574338423393
1341.412	0.11578684667826164
1341.5520000000001	0.11578684667826164
1341.885	0.11578684667826164
1342.031	0.11579043238385166
1342.1870000000001	0.11579043238385166
1342.335	0.11579043238385166
1342.478	0.11579043238385166
1342.625	0.11579043238385166
1342.829	0.11579043238385166
1342.9750000000001	0.11579043238385166
1343.2340000000002	0.11578684667826164
1343.375	0.11578684667826164
1343.5220000000002	0.11578684667826164
1343.7920000000001	0.11579043238385166
1343.9370000000001	0.11579043238385166
1344.219	0.11579043238385166
1344.3680000000002	0.11579815544204558
1344.653	0.11580615432374641
1344.796	0.11581001585284337
1344.941	0.115811394970378
1345.084	0.1158124982644057
1345.228	0.11581746308753035
1345.375	0.11582435867520346
1345.515	0.11582739273377968
1345.659	0.11582904767482123
1345.803	0.11583483996846666
1345.9470000000001	0.11583980479159131
1346.0900000000001	0.11584201137964671
1346.2350000000001	0.11583980479159131
1346.3780000000002	0.11583980479159131
1346.5220000000002	0.1158384256740567
1346.6660000000002	0.1158384256740567
1346.81	0.1158384256740567
1346.954	0.11583980479159131
1347.097	0.11584035643860516
1347.241	0.11583980479159131
1347.387	0.1158384256740567
1347.529	0.1158384256740567
1347.673	0.11583732238002897
1347.817	0.11583456414495973
1347.961	0.11583456414495973
1348.104	0.11583732238002897
1348.248	0.11583732238002897
1348.392	0.11583456414495973
1348.536	0.11583456414495973
1348.68	0.11583456414495973
1348.824	0.11583456414495973
1348.967	0.11583456414495973
1349.112	0.11582987514534202
1349.439	0.11582987514534202
1349.576	0.11582987514534202
1349.865	0.11582987514534202
1350.007	0.11582739273377968
1350.269	0.11582435867520346
1350.41	0.11582435867520346
1350.55	0.11582435867520346
1350.7	0.11582435867520346
1350.848	0.11582435867520346
1351.113	0.11582435867520346
1351.258	0.11582435867520346
1351.598	0.11582435867520346
1351.733	0.11581663561700957
1352.0610000000001	0.115811394970378
1352.1970000000001	0.11580725761777412
1352.5230000000001	0.11580725761777412
1352.68	0.11577608956149153
1352.8200000000002	0.11577608956149153
1352.963	0.11577608956149153
1353.107	0.11577608956149153
1353.251	0.11577608956149153
1353.395	0.11576340168017295
1353.539	0.11576340168017295
1353.683	0.11576340168017295
1353.827	0.11576340168017295
1353.97	0.11576340168017295
1354.114	0.11576340168017295
1354.258	0.11576340168017295
1354.402	0.11576340168017295
1354.546	0.11576340168017295
1354.69	0.11576340168017295
1354.834	0.11576340168017295
1354.977	0.11576340168017295
1355.122	0.11576340168017295
1355.265	0.11576340168017295
1355.409	0.11576340168017295
1355.5520000000001	0.11576340168017295
1355.6960000000001	0.11579070820735858
1355.8400000000001	0.11579070820735858
1355.9840000000002	0.11579070820735858
1356.1280000000002	0.1157931906189209
1356.2730000000001	0.11581001585284337
1356.56	0.11581001585284337
1356.704	0.11582463449871042
1356.988	0.1158439421441952
1357.136	0.11585083773186836
1357.7340000000002	0.11586021573110382
1357.873	0.1158698695538462
1358.194	0.11587262778891547
1358.336	0.11587593767099857
1358.4850000000001	0.1158773167885332
1358.731	0.11588035084710938
1358.8780000000002	0.1158858673172479
1359.029	0.115889177199331
1359.304	0.11589165961089334
1359.459	0.11589662443401799
1359.766	0.11590131343363573
1359.909	0.11590269255117036
1360.2140000000002	0.1159084848448158
1360.3490000000002	0.11591731119703741
1360.4930000000002	0.11592586172575212
1360.637	0.11593303313693218
1360.78	0.11594599684175769
1360.924	0.11597164842790175
1361.053	0.11599895495508739
1361.18	0.11601191865991288
1361.324	0.11601274613043366
1361.468	0.1160174351300514
1361.611	0.11602543401175223
1361.756	0.11602543401175223
1361.9	0.11603012301136997
1362.0430000000001	0.11603315706994616
1362.1870000000001	0.11603867354008465
1362.3310000000001	0.11604584495126474
1362.4750000000001	0.11605329218595173
1362.6180000000002	0.1160582570090764
1362.762	0.11606239436168028
1362.9070000000002	0.11606570424376339
1363.05	0.11606570424376339
1363.194	0.11606735918480493
1363.338	0.11606735918480493
1363.482	0.1160690141258465
1363.625	0.1160690141258465
1363.769	0.11607039324338111
1363.913	0.11607094489039496
1364.057	0.11607425477247807
1364.2	0.11607811630157504
1364.344	0.11608225365417893
1364.488	0.11608694265379665
1364.632	0.11608832177133127
1364.776	0.11609108000640055
1364.92	0.11609687230004598
1365.064	0.11610073382914293
1365.208	0.1161034920642122
1365.354	0.1161034920642122
1365.4950000000001	0.1161034920642122
1365.6390000000001	0.1161034920642122
1365.7830000000001	0.11610597447577452
1365.9270000000001	0.11610597447577452
1366.0710000000001	0.11610597447577452
1366.2140000000002	0.11610762941681607
1366.3590000000002	0.1161131458869546
1366.502	0.1161131458869546
1366.646	0.11610762941681607
1366.79	0.1161131458869546
1366.935	0.11611176676941995
1367.079	0.11610597447577452
1367.221	0.11610597447577452
1367.365	0.11610431953473296
1367.511	0.11610431953473296
1367.653	0.11610431953473296
1367.797	0.11610597447577452
1367.942	0.116107905240323
1368.085	0.11610956018136455
1368.228	0.11611342171046152
1368.372	0.11610956018136455
1368.516	0.11610956018136455
1368.66	0.11610956018136455
1368.803	0.11610956018136455
1368.948	0.11610956018136455
1369.092	0.11610956018136455
1369.2350000000001	0.11610956018136455
1369.3790000000001	0.11610956018136455
1369.5230000000001	0.11610762941681607
1369.6680000000001	0.11610762941681607
1369.8110000000001	0.11610431953473296
1369.954	0.11610211294667755
1370.098	0.11610211294667755
1370.242	0.11610211294667755
1370.386	0.11609797559407367
1370.53	0.11609797559407367
1370.674	0.11609797559407367
1370.817	0.11609797559407367
1370.961	0.11609797559407367
1371.105	0.11609163165341438
1371.249	0.11608914924185205
1371.393	0.11608694265379665
1371.537	0.11608914924185205
1371.68	0.11608914924185205
1371.824	0.11608666683028973
1371.968	0.11608666683028973
1372.112	0.11608666683028973
1372.256	0.11608666683028973
1372.4	0.11608666683028973
1372.544	0.11608666683028973
1372.6870000000001	0.11608666683028973
1372.8310000000001	0.11608446024223432
1372.9750000000001	0.11608446024223432
1373.1190000000001	0.11608446024223432
1373.2630000000001	0.116081977830672
1373.4070000000002	0.11607977124261659
1373.5510000000002	0.11607921959560275
1373.694	0.11607921959560275
1373.838	0.11607977124261659
1373.982	0.11607977124261659
1374.126	0.11608059871313738
1374.269	0.11608225365417893
1374.414	0.11608059871313738
1374.557	0.11608004706612352
1374.701	0.11608225365417893
1374.846	0.11608225365417893
1374.989	0.11608225365417893
1375.133	0.11608225365417893
1375.276	0.11608004706612352
1375.421	0.11608004706612352
1375.564	0.11608004706612352
1375.708	0.11608004706612352
1375.852	0.11608004706612352
1375.996	0.11608225365417893
1376.14	0.11608583935976895
1376.2830000000001	0.11608583935976895
1376.4270000000001	0.11608583935976895
1376.5710000000001	0.11608308112469969
1376.7150000000001	0.11608308112469969
1376.858	0.11608170200716506
1377.0030000000002	0.11608308112469969
1377.1470000000002	0.11608308112469969
1377.2910000000002	0.11608694265379665
1377.435	0.11609080418289361
1377.579	0.11609494153549749
1377.723	0.11609494153549749
1377.866	0.11609494153549749
1378.011	0.11609494153549749
1378.154	0.11609494153549749
1378.298	0.11609659647653905
1378.442	0.11609659647653905
1378.586	0.11609659647653905
1378.73	0.11609328659445595
1378.873	0.11609328659445595
1379.017	0.11609328659445595
1379.161	0.11609163165341439
1379.305	0.11608997671237284
1379.451	0.11608556353626201
1379.593	0.11608170200716506
1379.737	0.11607839212508196
1379.88	0.1160756338900127
1380.0240000000001	0.11607425477247807
1380.1680000000001	0.11607039324338111
1380.3120000000001	0.11606570424376339
1380.4560000000001	0.11606570424376339
1380.6000000000001	0.11606570424376339
1380.728	0.11606129106765257
1380.871	0.11605880865609024
1381.015	0.11605880865609024
1381.159	0.11605880865609024
1381.3020000000001	0.11605880865609024
1381.4470000000001	0.11605880865609024
1381.5900000000001	0.11605880865609024
1381.7340000000002	0.11605798118556945
1381.8780000000002	0.11605798118556945
1382.0220000000002	0.11605798118556945
1382.1660000000002	0.11605798118556945
1382.31	0.11605798118556945
1382.453	0.11605880865609024
1382.597	0.11605798118556945
1382.741	0.11605467130348635
1382.885	0.11605467130348635
1383.029	0.116048603186334
1383.173	0.11604805153932016
1383.316	0.11604281089268856
1383.46	0.11603867354008467
1383.604	0.11603867354008467
1383.748	0.11603867354008467
1383.892	0.11604253506918163
1384.036	0.1160452933042509
1384.179	0.11604253506918163
1384.323	0.11603729442255004
1384.467	0.11603260542293231
1384.611	0.11603067465838383
1384.755	0.1160292955408492
1384.8990000000001	0.11602543401175223
1385.0430000000001	0.11602212412966914
1385.1860000000001	0.11601798677706526
1385.3300000000002	0.11601219448341982
1385.4740000000002	0.11600971207185748
1385.6180000000002	0.1160066780132813
1385.761	0.1160022648371705
1385.906	0.1159981274845666
1386.05	0.11599371430845579
1386.193	0.11599205936741423
1386.323	0.11599123189689345
1386.4650000000001	0.11599123189689345
1386.6090000000002	0.11598985277935883
1386.752	0.11598433630922034
1386.896	0.11597799236856104
1387.04	0.11597633742751949
1387.184	0.11596420119321477
1387.328	0.11595068584137541
1387.472	0.11594461772422306
1387.616	0.11594461772422306
1387.759	0.11594130784213993
1387.903	0.11592861996082138
1388.047	0.11589965849259418
1388.191	0.11586049155461073
1388.335	0.115837322380029
1388.479	0.11583428832145282
1388.623	0.11582904767482123
1388.766	0.11582822020430045
1388.91	0.11582822020430045
1389.054	0.11582822020430045
1389.198	0.11582353120468274
1389.342	0.11581856638155807
1389.486	0.11581856638155807
1389.6290000000001	0.11581856638155807
1389.7730000000001	0.11581856638155807
1389.9170000000001	0.11581856638155807
1390.0610000000001	0.11581856638155807
1390.2050000000002	0.11581856638155807
1390.348	0.11581608396999575
1390.492	0.11581608396999575
1390.636	0.11581608396999575
1390.78	0.11581387738194034
1390.925	0.11580449938270486
1391.25	0.11579539720697632
1391.3880000000001	0.11579153567787936
1391.6290000000001	0.11578794997228933
1391.7720000000002	0.11578794997228933
1392.008	0.11578794997228933
1392.159	0.11578243350215081
1392.299	0.11578243350215081
1392.462	0.11578243350215081
1392.6090000000002	0.11578243350215081
1392.9950000000001	0.11578243350215081
1393.134	0.11578243350215081
1393.421	0.11578243350215081
1393.566	0.11577029726784607
1393.9070000000002	0.11577029726784607
1394.0420000000001	0.11577029726784607
1394.306	0.11577029726784607
1394.449	0.11576340168017293
1394.809	0.11577029726784607
1394.954	0.11578243350215081
1395.334	0.11578794997228933
1395.48	0.11578794997228933
1395.624	0.11578794997228933
1395.768	0.11578794997228933
1395.912	0.11579153567787936
1396.056	0.11580091367711481
1396.199	0.11581001585284337
1396.343	0.11581387738194034
1396.49	0.11581718726402346
1396.631	0.11582435867520349
1396.775	0.11582435867520349
1396.919	0.11583125426287662
1397.063	0.1158364949095082
1397.2060000000001	0.11583125426287662
1397.3500000000001	0.11582987514534202
1397.4940000000001	0.11582987514534202
1397.64	0.11582297955766888
1397.7820000000002	0.11581718726402346
1397.9260000000002	0.11581718726402346
1398.0700000000002	0.11581718726402346
1398.213	0.11581056749985723
1398.357	0.11580505102971872
1398.501	0.11579567303048324
1398.645	0.11578794997228933
1398.789	0.11578243350215081
1398.9360000000001	0.11577029726784607
1399.231	0.11576340168017293
1399.382	0.11575402368093746
1399.525	0.11574299074066044
1399.6680000000001	0.11573637097649422
1399.815	0.11573637097649422
1400.083	0.11573030285934185
1400.228	0.11572864791830031
1400.538	0.1157198215660787
1400.675	0.11571044356684324
1400.818	0.11570713368476013
1400.963	0.11571044356684324
1401.106	0.1157198215660787
1401.25	0.11572864791830031
1401.394	0.11572864791830031
1401.538	0.11572864791830031
1401.682	0.11572864791830031
1401.826	0.11573968085857735
1401.969	0.11574850721079896
1402.113	0.11575733356302058
1402.257	0.11577084891485992
1402.401	0.11577967526708155
1402.545	0.11577967526708155
1402.688	0.11577084891485992
1402.8310000000001	0.11577084891485992
1402.976	0.11575733356302058
1403.1200000000001	0.11575705773951366
1403.2630000000001	0.11575705773951366
1403.4070000000002	0.11575705773951366
1403.5510000000002	0.11575705773951366
1403.6950000000002	0.11575705773951366
1403.8390000000002	0.11575705773951366
1403.983	0.11574850721079896
1404.131	0.1157435423876743
1404.406	0.1157402325055912
1404.5430000000001	0.11573002703583496
1404.881	0.11571816662503714
1405.0230000000001	0.1157134776254194
1405.332	0.11569334250941385
1405.4750000000001	0.115666863452749
1405.799	0.115666863452749
1405.954	0.115666863452749
1406.239	0.115666863452749
1406.387	0.115666863452749
1406.5240000000001	0.115666863452749
1406.711	0.115666863452749
1406.867	0.115666863452749
1407.357	0.115666863452749
1407.5	0.1156390052785495
1407.873	0.11567596562847753
1408.012	0.11567596562847753
1408.161	0.11570244468514237
1408.384	0.1157134776254194
1408.5230000000001	0.11571816662503714
1408.804	0.1157231314481618
1408.938	0.11573250944739727
1409.0810000000001	0.1157402325055912
1409.226	0.1157435423876743
1409.3690000000001	0.11574850721079896
1409.5130000000001	0.11575705773951366
1409.6570000000002	0.11576974562083223
1409.8010000000002	0.11576974562083223
1409.929	0.11576974562083223
1410.0720000000001	0.11576974562083223
1410.2160000000001	0.11576974562083223
1410.3600000000001	0.11576974562083223
1410.5040000000001	0.11577884779656078
1410.6480000000001	0.11577884779656078
1410.7930000000001	0.1157931906189209
1410.9360000000001	0.1158069817942672
1411.079	0.1158069817942672
1411.223	0.1158144290289542
1411.367	0.11582242791065502
1411.511	0.11583180590989046
1411.655	0.11583897732107054
1411.799	0.11584945861433371
1411.943	0.1158654563777354
1412.087	0.11589248708141411
1412.231	0.11594516937123689
1412.3780000000002	0.11599012860286576
1412.7050000000002	0.11599012860286576
1412.8400000000001	0.11599012860286576
1413.122	0.11599012860286576
1413.271	0.11599012860286576
1413.558	0.11599012860286576
1413.7050000000002	0.11599012860286576
1413.9550000000002	0.11599012860286576
1414.112	0.11599012860286576
1414.414	0.11599012860286576
1414.555	0.11599012860286576
1414.832	0.11599012860286576
1414.987	0.11599012860286576
1415.227	0.11599012860286576
1415.366	0.11599012860286576
1415.6860000000001	0.11599012860286576
1415.842	0.11599012860286576
1416.204	0.11599012860286576
1416.3400000000001	0.11599012860286576
1416.627	0.11599012860286576
1416.7720000000002	0.11599012860286576
1416.9160000000002	0.11599012860286576
1417.057	0.11599012860286576
1417.203	0.11599012860286576
1417.346	0.11599012860286576
1417.49	0.1159699934868602
1417.634	0.115889177199331
1417.778	0.11581498067596803
1417.921	0.11580615432374641
1418.065	0.11577746867902616
1418.209	0.11575485115145825
1418.353	0.11573802591753579
1418.497	0.1157198215660787
1418.641	0.1157156842134748
1418.785	0.11571485674295404
1418.928	0.11569665239149696
1419.0720000000001	0.11567899968705372
1419.2160000000001	0.11567706892250523
1419.3600000000001	0.11566576015872129
1419.5040000000001	0.11565141733636115
1419.6480000000001	0.11563817780802874
1419.7920000000001	0.11563817780802874
1419.935	0.11563817780802874
1420.078	0.11563817780802874
1420.223	0.11563817780802874
1420.367	0.11563817780802874
1420.512	0.11563817780802874
1420.719	0.11563817780802874
1420.863	0.11563817780802874
1421.106	0.11563817780802874
1421.247	0.11563817780802874
1421.567	0.11563817780802874
1421.7140000000002	0.11563817780802874
1422.0140000000001	0.11563817780802874
1422.162	0.11564286680764646
1422.4660000000001	0.11564286680764646
1422.6090000000002	0.1156486591012919
1422.967	0.11567155245236674
1423.1000000000001	0.11567706892250523
1423.2440000000001	0.11567899968705372
1423.392	0.11567899968705372
1423.6960000000001	0.11567899968705372
1423.836	0.11567899968705372
1424.163	0.11568617109823379
1424.304	0.11570272050864933
1424.598	0.11571402927243327
1424.75	0.11571402927243327
1425.012	0.11571402927243327
1425.154	0.11572368309517564
1425.478	0.11572368309517564
1425.63	0.11572754462427261
1425.904	0.11572754462427261
1426.045	0.11572754462427261
1426.366	0.11572754462427261
1426.511	0.11572754462427261
1426.6490000000001	0.11572754462427261
1426.7920000000001	0.11572754462427261
1426.9370000000001	0.11572754462427261
1427.086	0.11572754462427261
1427.4450000000002	0.11572754462427261
1427.596	0.11572754462427261
1427.933	0.11573306109441112
1428.0710000000001	0.11573444021194575
1428.22	0.11573444021194575
1428.517	0.11574436985819508
1428.664	0.11575567862197902
1428.876	0.11575788521003444
1429.015	0.1157598159745829
1429.1580000000001	0.1157598159745829
1429.3020000000001	0.1157598159745829
1429.4460000000001	0.1157598159745829
1429.575	0.1157598159745829
1429.719	0.11575788521003444
1429.867	0.11575788521003444
1430.006	0.11575788521003444
1430.15	0.11575788521003444
1430.294	0.11575567862197902
1430.438	0.11575567862197902
1430.5810000000001	0.11575567862197902
1430.726	0.11575567862197902
1430.8690000000001	0.11575347203392364
1431.0130000000001	0.1157435423876743
1431.1570000000002	0.11573444021194575
1431.3010000000002	0.11573306109441112
1431.4450000000002	0.11573306109441112
1431.588	0.11573306109441112
1431.732	0.11573306109441112
1431.876	0.11573306109441112
1432.02	0.11573692262350808
1432.164	0.11574602479923664
1432.308	0.11575347203392364
1432.4370000000001	0.11575347203392364
1432.6760000000002	0.11575485115145825
1432.8200000000002	0.11575485115145825
1433.063	0.11575485115145825
1433.204	0.11575485115145825
1433.441	0.11575485115145825
1433.5890000000002	0.11575485115145825
1433.861	0.11574685226975742
1434.006	0.11575319621041669
1434.307	0.11575319621041669
1434.4550000000002	0.11575733356302056
1434.736	0.11576147091562447
1434.887	0.11576147091562447
1435.14	0.11576147091562447
1435.2820000000002	0.11576147091562447
1435.424	0.11576147091562447
1435.5800000000002	0.11576147091562447
1435.712	0.11576147091562447
1435.856	0.11576147091562447
1436.001	0.11576422915069372
1436.144	0.11576809067979069
1436.289	0.11576809067979069
1436.4370000000001	0.11577443462044998
1436.688	0.11577443462044998
1436.8390000000002	0.11577443462044998
1437.1190000000001	0.11578077856110927
1437.2640000000001	0.11578077856110927
1437.5620000000001	0.11578270932565775
1437.71	0.11578850161930318
1437.854	0.11579539720697632
1437.998	0.11579925873607327
1438.142	0.1158028444416633
1438.286	0.11580946420582952
1438.429	0.11581801473454423
1438.573	0.11582215208714809
1438.717	0.11582408285169654
1438.865	0.11582959932183506
1439.005	0.11582959932183506
1439.1490000000001	0.11584118390912596
1439.2930000000001	0.11586159484863845
1439.4360000000001	0.11588338490568556
1439.5800000000002	0.11589662443401799
1439.7240000000002	0.11590682990377424
1439.8680000000002	0.11590682990377424
1440.012	0.11591648372651664
1440.156	0.11592531007873827
1440.299	0.11592531007873827
1440.443	0.11592531007873827
1440.587	0.11592531007873827
1440.731	0.11592531007873827
1440.875	0.11592531007873827
1441.0030000000002	0.11592531007873827
1441.1580000000001	0.11592531007873827
1441.4370000000001	0.11592531007873827
1441.579	0.11592531007873827
1441.816	0.11591648372651664
1441.963	0.11590682990377424
1442.2150000000001	0.11590682990377424
1442.362	0.11590682990377424
1442.631	0.11590682990377424
1442.7820000000002	0.11590682990377424
1443.078	0.11590682990377424
1443.2250000000001	0.11590682990377424
1443.553	0.11590682990377424
1443.688	0.11590682990377424
1443.832	0.11590682990377424
1443.976	0.11590682990377424
1444.1190000000001	0.11590682990377424
1444.27	0.11590682990377424
1444.4070000000002	0.11590682990377424
1444.5510000000002	0.11589607278700415
1444.6950000000002	0.11588090249412322
1444.8390000000002	0.11588090249412322
1444.967	0.11586959373033928
1445.1100000000001	0.11586959373033928
1445.2540000000001	0.11586959373033928
1445.3980000000001	0.11586959373033928
1445.5420000000001	0.11586959373033928
1445.685	0.11586959373033928
1445.8300000000002	0.11586959373033928
1445.973	0.11586959373033928
1446.117	0.11586959373033928
1446.261	0.11586959373033928
1446.405	0.11586959373033928
1446.549	0.11586959373033928
1446.692	0.11586959373033928
1446.8390000000002	0.11586959373033928
1446.98	0.11586959373033928
1447.126	0.11586959373033928
1447.4470000000001	0.11586959373033928
1447.5890000000002	0.11586959373033928
1447.911	0.11586959373033928
1448.054	0.11586959373033928
1448.323	0.11586959373033928
1448.47	0.11586959373033928
1448.7920000000001	0.11586959373033928
1448.9360000000001	0.11588283325867171
1449.2630000000001	0.11590572660974655
1449.4160000000002	0.11590572660974655
1449.633	0.11590572660974655
1449.785	0.11590572660974655
1450.03	0.11590572660974655
1450.18	0.11590572660974655
1450.433	0.11590572660974655
1450.603	0.11590572660974655
1450.89	0.11590572660974655
1451.029	0.11590572660974655
1451.326	0.11590572660974655
1451.479	0.11590572660974655
1451.7530000000002	0.11592062107912052
1451.8890000000001	0.11592062107912052
1452.228	0.11592062107912052
1452.3680000000002	0.11592558590224517
1452.511	0.115929999078356
1452.656	0.115929999078356
1452.799	0.11594268695967458
1452.943	0.11594268695967458
1453.087	0.1159429627831815
1453.231	0.1159429627831815
1453.375	0.1159429627831815
1453.518	0.1159429627831815
1453.663	0.1159429627831815
1453.806	0.11593165401939755
1453.95	0.11593165401939755
1454.094	0.11593165401939755
1454.238	0.115929999078356
1454.382	0.11592751666679366
1454.525	0.11592448260821749
1454.67	0.11592006943210667
1454.813	0.11589524531648338
1454.957	0.11587124867138084
1455.101	0.1158621464956523
1455.2450000000001	0.11585387179044451
1455.3890000000001	0.11584532126172983
1455.5320000000002	0.11583677073301513
1455.6760000000002	0.11583483996846666
1455.824	0.11582904767482123
1456.047	0.11582187626364118
1456.189	0.11581718726402344
1456.491	0.11580946420582952
1456.644	0.11580146532412867
1456.91	0.11579567303048324
1457.0520000000001	0.11579098403086552
1457.362	0.11578519173722007
1457.5030000000002	0.11577719285551923
1457.892	0.11577167638538072
1458.027	0.11576809067979069
1458.439	0.11576091926861061
1458.586	0.11576091926861061
1458.729	0.11576091926861061
1458.873	0.11576091926861061
1459.0220000000002	0.11576091926861061
1459.16	0.11575374785743053
1459.305	0.11574905885781281
1459.448	0.11574905885781281
1459.592	0.11574602479923662
1459.736	0.11574905885781281
1459.88	0.11574905885781281
1460.0240000000001	0.11574905885781281
1460.1680000000001	0.11574905885781281
1460.3120000000001	0.11574905885781281
1460.4550000000002	0.11574905885781281
1460.5990000000002	0.11574905885781281
1460.7430000000002	0.11574602479923662
1460.887	0.11574602479923662
1461.031	0.11574602479923662
1461.174	0.11574602479923662
1461.319	0.11574602479923662
1461.462	0.11574602479923662
1461.606	0.11574602479923662
1461.75	0.11574602479923662
1461.894	0.11574602479923662
1462.0410000000002	0.11574602479923662
1462.361	0.11574602479923662
1462.502	0.11574602479923662
1462.645	0.11574436985819508
1462.789	0.11573692262350808
1462.933	0.11574436985819508
1463.077	0.11574602479923662
1463.2240000000002	0.11574436985819508
1463.364	0.11574767974027818
1463.512	0.11574767974027818
1463.736	0.11574767974027818
1463.876	0.11574767974027818
1464.025	0.11574436985819508
1464.38	0.11574436985819508
1464.5220000000002	0.11573526768246653
1464.832	0.11573526768246653
1464.9840000000002	0.11573719844701501
1465.227	0.11573719844701501
1465.364	0.11573719844701501
1465.681	0.11573719844701501
1465.828	0.11573719844701501
1466.132	0.11573719844701501
1466.275	0.11573719844701501
1466.5800000000002	0.11573719844701501
1466.728	0.11573719844701501
1467.065	0.11573719844701501
1467.202	0.11574436985819508
1467.345	0.11574436985819508
1467.4930000000002	0.11574436985819508
1467.632	0.11574436985819508
1467.776	0.11574436985819508
1467.921	0.11574436985819508
1468.064	0.11574436985819508
1468.208	0.11574436985819508
1468.352	0.11573719844701501
1468.496	0.11573306109441112
1468.6390000000001	0.11573057868284878
1468.784	0.11572919956531416
1468.9260000000002	0.11572782044777954
1469.0710000000001	0.1157264413302449
1469.2150000000001	0.11572120068361332
1469.3590000000002	0.11572120068361332
1469.5030000000002	0.11572120068361332
1469.646	0.11572120068361332
1469.79	0.11572120068361332
1469.934	0.11572120068361332
1470.078	0.11572120068361332
1470.222	0.11572120068361332
1470.366	0.11571402927243325
1470.51	0.11571402927243325
1470.653	0.11571402927243325
1470.797	0.11571402927243325
1470.941	0.11571402927243325
1471.0890000000002	0.11571402927243325
1471.326	0.11571402927243325
1471.47	0.11571402927243325
1471.704	0.11571402927243325
1471.853	0.11569913480305928
1471.996	0.11569913480305928
1472.146	0.11568451615719222
1472.289	0.11568451615719222
1472.517	0.11568451615719222
1472.6580000000001	0.11567899968705372
1472.928	0.11567568980497063
1473.0710000000001	0.11567568980497063
1473.441	0.11567899968705372
1473.578	0.11567899968705372
1473.73	0.11568451615719222
1473.961	0.11570106556760776
1474.107	0.11571596003698173
1474.406	0.11571596003698173
1474.5700000000002	0.11571596003698173
1474.8700000000001	0.11571596003698173
1475.017	0.11571596003698173
1475.21	0.11571596003698173
1475.354	0.11571596003698173
1475.756	0.1157027205086493
1475.901	0.1157027205086493
1476.248	0.1157027205086493
1476.3980000000001	0.1157027205086493
1476.659	0.1157027205086493
1476.807	0.1157027205086493
1476.951	0.11572037321309253
1477.094	0.1157264413302449
1477.239	0.1157264413302449
1477.382	0.1157264413302449
1477.526	0.1157264413302449
1477.671	0.1157264413302449
1477.814	0.11572120068361332
1477.958	0.11572120068361332
1478.101	0.11572120068361332
1478.2450000000001	0.11572726880076568
1478.3890000000001	0.11572120068361332
1478.5330000000001	0.11572120068361332
1478.6770000000001	0.11572120068361332
1478.8210000000001	0.11572120068361332
1478.9650000000001	0.11572120068361332
1479.108	0.11572120068361332
1479.252	0.11572726880076568
1479.396	0.11572726880076568
1479.54	0.11572120068361332
1479.683	0.11572120068361332
1479.827	0.11572120068361332
1479.971	0.11572120068361332
1480.115	0.11572120068361332
1480.2630000000001	0.11572092486010639
1480.4450000000002	0.11571292597840555
1480.5800000000002	0.11571292597840555
1480.8490000000002	0.11571871827205099
1480.9950000000001	0.11572699297725876
1481.1390000000001	0.11571871827205099
1481.338	0.11571733915451637
1481.479	0.11571733915451637
1481.6180000000002	0.11571733915451637
1481.762	0.11571071939035016
1481.911	0.11570989191982939
1482.2450000000001	0.11570023809708699
1482.39	0.1156908600978515
1482.6970000000001	0.11568368868667145
1482.8400000000001	0.11567403486392908
1483.1280000000002	0.11568368868667145
1483.266	0.11568368868667145
1483.594	0.11568368868667145
1483.732	0.11568368868667145
1483.924	0.11568368868667145
1484.146	0.11568424033368531
1484.29	0.11569692821500387
1484.44	0.11568424033368531
1484.7540000000001	0.11568424033368531
1484.9	0.11568424033368531
1485.181	0.11568424033368531
1485.333	0.11568424033368531
1485.621	0.11567403486392908
1485.759	0.11566851839379055
1485.902	0.11566851839379055
1486.046	0.11566603598222823
1486.19	0.11566520851170745
1486.333	0.11566520851170745
1486.478	0.11566520851170745
1486.621	0.11566520851170745
1486.765	0.11566520851170745
1486.912	0.11566520851170745
1487.053	0.11566603598222823
1487.1970000000001	0.11566603598222823
1487.3400000000001	0.11566603598222823
1487.4850000000001	0.11566603598222823
1487.6280000000002	0.11566603598222823
1487.7720000000002	0.11566603598222823
1487.9160000000002	0.11566603598222823
1488.06	0.11566603598222823
1488.204	0.1156787238635468
1488.347	0.1156787238635468
1488.491	0.1156787238635468
1488.635	0.1156787238635468
1488.779	0.1156787238635468
1488.923	0.1156787238635468
1489.067	0.11569692821500387
1489.2150000000001	0.11569692821500387
1489.404	0.11569692821500387
1489.547	0.1156908600978515
1489.776	0.11569692821500387
1489.915	0.11569444580344154
1490.16	0.11569444580344154
1490.299	0.1156938941564277
1490.643	0.11569996227358006
1490.7820000000002	0.11570409962618394
1491.1570000000002	0.115711271037364
1491.309	0.11572285562465487
1491.5900000000001	0.11572285562465487
1491.741	0.11572285562465487
1492.002	0.11572782044777954
1492.137	0.11572782044777954
1492.415	0.11572782044777954
1492.555	0.11572782044777954
1493.184	0.11572782044777954
1493.319	0.11572423474218951
1493.6580000000001	0.11572423474218951
1493.798	0.11572423474218951
1493.949	0.11572423474218951
1494.2450000000001	0.11572423474218951
1494.39	0.11572423474218951
1494.76	0.11572423474218951
1494.901	0.11572423474218951
1495.045	0.11572423474218951
1495.173	0.11572451056569644
1495.317	0.11572451056569644
1495.46	0.11572451056569644
1495.604	0.11572451056569644
1495.748	0.11572451056569644
1495.892	0.1157220281541341
1496.039	0.11571926991906484
1496.179	0.11571926991906484
1496.324	0.11571926991906484
1496.467	0.11571926991906484
1496.611	0.11571926991906484
1496.755	0.11571926991906484
1496.8990000000001	0.11571926991906484
1497.0430000000001	0.11571926991906484
1497.1860000000001	0.11571926991906484
1497.315	0.11571926991906484
1497.458	0.11571926991906484
1497.602	0.11571926991906484
1497.746	0.11571926991906484
1497.89	0.11571926991906484
1498.0330000000001	0.11571926991906484
1498.1770000000001	0.115711271037364
1498.3220000000001	0.11570161721462162
1498.573	0.11570161721462162
1498.722	0.11570161721462162
1498.865	0.11571375344892634
1499.008	0.11571375344892634
1499.153	0.1157220281541341
1499.363	0.11572451056569644
1499.509	0.11572782044777954
1499.6490000000001	0.11572782044777954
1499.8120000000001	0.11572782044777954
1499.96	0.11572782044777954
1500.309	0.11572782044777954
1500.452	0.11573499185895961
1500.759	0.11574685226975742
1500.9	0.11575788521003444
1501.185	0.11575788521003444
1501.327	0.11575788521003444
1501.637	0.11575788521003444
1501.775	0.11577608956149152
1501.923	0.11579208732489321
1502.247	0.11579208732489321
1502.383	0.11579594885399017
1502.664	0.11579594885399017
1502.8010000000002	0.11579594885399017
1503.084	0.11579787961853863
1503.23	0.11580367191218408
1503.373	0.11581056749985721
1503.664	0.11581056749985721
1503.805	0.11581553232298189
1503.949	0.11581553232298189
1504.092	0.1158221520871481
1504.236	0.11582932349832817
1504.38	0.11583428832145282
1504.5240000000001	0.11583814985054976
1504.669	0.11584145973263288
1504.8120000000001	0.11584532126172983
1504.9560000000001	0.11584918279082679
1505.0990000000002	0.11584532126172983
1505.2430000000002	0.11584145973263288
1505.387	0.11583814985054976
1505.531	0.11583318502742511
1505.674	0.1158221520871481
1505.819	0.11581553232298189
1505.962	0.11581056749985721
1506.106	0.11580587850023949
1506.25	0.11580118950062175
1506.394	0.11579705214801786
1506.538	0.11579456973645554
1506.681	0.11579456973645554
1506.81	0.11579456973645554
1506.953	0.11579456973645554
1507.097	0.11579456973645554
1507.241	0.11579153567787936
1507.385	0.11579153567787936
1507.529	0.11579153567787936
1507.672	0.11578822579579626
1507.816	0.11578822579579626
1507.96	0.11578822579579626
1508.104	0.11577608956149152
1508.248	0.11576257420965216
1508.392	0.11576257420965216
1508.536	0.11576257420965216
1508.679	0.11576257420965216
1508.823	0.11576257420965216
1508.967	0.11576257420965216
1509.111	0.11577608956149152
1509.255	0.11578822579579626
1509.3990000000001	0.11579153567787936
1509.5430000000001	0.11579153567787936
1509.6860000000001	0.11579153567787936
1509.8300000000002	0.11579153567787936
1509.9740000000002	0.11578822579579626
1510.1180000000002	0.11578822579579626
1510.261	0.11578822579579626
1510.405	0.11578822579579626
1510.549	0.11578822579579626
1510.6960000000001	0.11577884779656078
1510.8890000000001	0.11577498626746383
1511.03	0.11576533244472142
1511.25	0.11575981597458292
1511.3970000000002	0.11574685226975741
1511.669	0.11573057868284879
1511.816	0.1157156842134748
1512.1760000000002	0.11570354797917008
1512.328	0.11570023809708697
1512.673	0.11569803150903157
1512.825	0.11569803150903157
1513.0990000000002	0.11569803150903157
1513.241	0.11569637656799002
1513.54	0.11569416997993462
1513.685	0.11569279086239997
1513.9840000000002	0.11569279086239997
1514.136	0.11569279086239997
1514.449	0.11569416997993462
1514.594	0.11569637656799002
1514.78	0.11569803150903157
1514.977	0.11569803150903157
1515.123	0.11569803150903157
1515.4850000000001	0.11570023809708697
1515.634	0.11569803150903157
1516.011	0.11570023809708697
1516.161	0.11570023809708697
1516.304	0.11570354797917008
1516.448	0.1157079611552809
1516.592	0.11571651168399559
1516.7350000000001	0.11573085450635573
1516.885	0.11573085450635573
1517.026	0.11571651168399559
1517.169	0.11572892374180724
1517.3120000000001	0.11572892374180724
1517.4560000000001	0.11571651168399559
1517.6000000000001	0.11571651168399559
1517.7430000000002	0.11570878862580167
1517.8880000000001	0.11570547874371856
1518.0320000000002	0.1157027205086493
1518.1760000000002	0.1157027205086493
1518.319	0.1157027205086493
1518.4640000000002	0.11570189303812853
1518.607	0.11570189303812853
1518.7340000000002	0.11570189303812853
1518.8780000000002	0.11570189303812853
1519.0220000000002	0.11570189303812853
1519.165	0.11570189303812853
1519.309	0.11570189303812853
1519.453	0.11569279086239997
1519.601	0.11568120627510911
1519.8680000000002	0.11567513815795677
1520.0140000000001	0.11566631180573514
1520.3110000000001	0.11566631180573514
1520.461	0.11566631180573514
1520.797	0.11565914039455508
1520.941	0.11565914039455508
1521.212	0.11565914039455508
1521.361	0.11565914039455508
1521.7240000000002	0.11565914039455508
1521.867	0.11565914039455508
1522.017	0.11565914039455508
1522.295	0.11565914039455508
1522.442	0.11565886457104815
1522.586	0.11565886457104815
1522.73	0.11565886457104815
1522.877	0.11565886457104815
1523.017	0.11565886457104815
1523.161	0.11565693380649966
1523.305	0.11565555468896505
1523.449	0.11565031404233346
1523.593	0.11564231516063261
1523.737	0.11564231516063261
1523.881	0.11564231516063261
1524.025	0.11564700416025037
1524.1680000000001	0.11564700416025037
1524.3120000000001	0.11564231516063261
1524.4560000000001	0.11564231516063261
1524.6000000000001	0.11564231516063261
1524.7440000000001	0.11564231516063261
1524.8880000000001	0.11564231516063261
1525.0320000000002	0.11564700416025037
1525.175	0.11564700416025037
1525.319	0.11564700416025037
1525.463	0.11564700416025037
1525.606	0.11564700416025037
1525.751	0.11564700416025037
1525.9	0.11564700416025037
1526.1200000000001	0.11564700416025037
1526.2630000000001	0.11564700416025037
1526.406	0.11564700416025037
1526.559	0.11564700416025037
1526.6950000000002	0.11564700416025037
1527.034	0.11564700416025037
1527.178	0.11564700416025037
1527.538	0.11564700416025037
1527.6870000000001	0.11565224480688194
1527.948	0.11565693380649966
1528.087	0.11565969204156892
1528.228	0.11566686345274899
1528.372	0.11568506780420608
1528.52	0.1157005139205939
1528.855	0.11570547874371856
1529.0030000000002	0.1157176149780233
1529.242	0.11575347203392361
1529.38	0.11581304991141955
1529.7	0.11584918279082679
1529.8490000000002	0.11585276849641682
1530.221	0.1158687662598185
1530.358	0.11588393655269941
1530.65	0.115889177199331
1530.787	0.11589717608103184
1531.078	0.11590627825676039
1531.217	0.11591869031457205
1531.361	0.11592586172575212
1531.505	0.11592779249030058
1531.6480000000001	0.11594048037161916
1531.7920000000001	0.11595785725255547
1531.9360000000001	0.11597385501595715
1532.0800000000002	0.1159862670737688
1532.2240000000002	0.1159862670737688
1532.352	0.1159862670737688
1532.496	0.11598819783831729
1532.6390000000001	0.11598819783831729
1532.7830000000001	0.11598819783831729
1532.9270000000001	0.11598819783831729
1533.0710000000001	0.11598819783831729
1533.2140000000002	0.11598819783831729
1533.3590000000002	0.11598819783831729
1533.5030000000002	0.11598819783831729
1533.646	0.11598819783831729
1533.79	0.11598819783831729
1533.934	0.11598819783831729
1534.078	0.11598819783831729
1534.2060000000001	0.11598957695585191
1534.3490000000002	0.11598957695585191
1534.4940000000001	0.11599095607338654
1534.6380000000001	0.11599095607338654
1534.7820000000002	0.11599150772040039
1534.928	0.11599150772040039
1535.0710000000001	0.11599205936741423
1535.213	0.11599536924949735
1535.357	0.11600860877782979
1535.501	0.11601991754161373
1535.645	0.1160240548942176
1535.789	0.11603260542293228
1535.933	0.11603646695202925
1536.076	0.11603729442255004
1536.22	0.11603729442255004
1536.364	0.11603729442255004
1536.508	0.11603260542293228
1536.652	0.1160240548942176
1536.796	0.11600860877782979
1536.94	0.11599536924949735
1537.084	0.11599205936741423
1537.227	0.11599150772040039
1537.371	0.11599095607338654
1537.515	0.11599095607338654
1537.6580000000001	0.11598957695585191
1537.803	0.11598654289727574
1537.9470000000001	0.11598406048571341
1538.0900000000001	0.11598240554467185
1538.2340000000002	0.11598075060363029
1538.3780000000002	0.1159733033689433
1538.5220000000002	0.1159589605465832
1538.665	0.11595041001786849
1538.809	0.11594406607720921
1538.953	0.11594406607720921
1539.097	0.11594406607720921
1539.241	0.11593827378356378
1539.385	0.11594406607720921
1539.529	0.11594406607720921
1539.672	0.11593827378356378
1539.816	0.11593827378356378
1539.96	0.11593799796005685
1540.104	0.11593799796005685
1540.248	0.11593799796005685
1540.392	0.11593799796005685
1540.536	0.11593386060745296
1540.679	0.11593386060745296
1540.823	0.11593165401939756
1540.967	0.11593165401939756
1541.111	0.11592393096120363
1541.255	0.11592006943210667
1541.3990000000001	0.11591565625599587
1541.5420000000001	0.11591124307988505
1541.6860000000001	0.11590876066832273
1541.8300000000002	0.11590600243325347
1541.9740000000002	0.1158988310220734
1542.1180000000002	0.11589248708141411
1542.261	0.11588697061127559
1542.405	0.11588283325867171
1542.554	0.11588200578815094
1542.693	0.11587869590606784
1542.837	0.1158676629657908
1542.981	0.11585718167252763
1543.125	0.1158524926729099
1543.268	0.11584366632068827
1543.412	0.11583539161548051
1543.556	0.11582739273377968
1543.7	0.11582022132259964
1543.828	0.11581856638155807
1543.972	0.11581525649947497
1544.115	0.11580974002933644
1544.259	0.11580670597076026
1544.403	0.11580367191218408
1544.547	0.11580036203010097
1544.691	0.1157984312655525
1544.835	0.11579622467749709
1544.979	0.11579484555996247
1545.122	0.11579346644242783
1545.266	0.11579125985437244
1545.41	0.11578794997228933
1545.554	0.11578794997228933
1545.6970000000001	0.11578629503124778
1545.842	0.11578601920774086
1545.9850000000001	0.11578491591371315
1546.1290000000001	0.11578160603163004
1546.2730000000001	0.11577636538499844
1546.4180000000001	0.11577250385590149
1546.5610000000001	0.11576809067979069
1546.704	0.11576202256263832
1546.848	0.11575926432756907
1546.992	0.11575926432756907
1547.136	0.11575678191600675
1547.28	0.11575678191600675
1547.424	0.11575264456340285
1547.568	0.11575264456340285
1547.711	0.11575264456340285
1547.855	0.11575264456340285
1547.999	0.11575264456340285
1548.143	0.11575678191600675
1548.287	0.11575926432756907
1548.431	0.11575926432756907
1548.574	0.11575926432756907
1548.718	0.11575926432756907
1548.863	0.11576202256263832
1549.006	0.11576809067979069
1549.1490000000001	0.11577884779656078
1549.294	0.11578629503124778
1549.4370000000001	0.11578932908982395
1549.5810000000001	0.11579263897190706
1549.7250000000001	0.11579346644242783
1549.8690000000001	0.11579346644242783
1550.0130000000001	0.11579539720697632
1550.156	0.11579539720697632
1550.3010000000002	0.11579870708905941
1550.444	0.11580201697114254
1550.588	0.11580201697114254
1550.732	0.11579870708905941
1550.876	0.11579677632451094
1551.02	0.11579677632451094
1551.163	0.11579456973645554
1551.307	0.11578932908982395
1551.451	0.11578932908982395
1551.595	0.11578932908982395
1551.738	0.11578932908982395
1551.883	0.11577995109058849
1552.028	0.11578298514916466
1552.171	0.11578298514916466
1552.315	0.11578298514916466
1552.459	0.11578298514916466
1552.603	0.11578298514916466
1552.746	0.11578298514916466
1552.89	0.11577664120850537
1553.034	0.11577664120850537
1553.178	0.11577664120850537
1553.3220000000001	0.11577664120850537
1553.4660000000001	0.11577664120850537
1553.6100000000001	0.11578601920774084
1553.7530000000002	0.11579456973645554
1553.882	0.11579456973645554
1554.025	0.11580008620659404
1554.169	0.11580725761777412
1554.313	0.11580725761777412
1554.457	0.1158080850882949
1554.601	0.11581111914687107
1554.7440000000001	0.11581111914687107
1554.8880000000001	0.11581111914687107
1555.0320000000002	0.1158080850882949
1555.1760000000002	0.11580505102971872
1555.3200000000002	0.11580422355919795
1555.4640000000002	0.11580008620659404
1555.607	0.11578822579579624
1555.751	0.11577664120850537
1555.895	0.11577664120850537
1556.039	0.11577664120850537
1556.182	0.11577664120850537
1556.327	0.11577664120850537
1556.471	0.11577664120850537
1556.614	0.11576478079770758
1556.758	0.11575402368093747
1556.902	0.11575071379885435
1557.046	0.11574850721079896
1557.189	0.11574850721079896
1557.333	0.11574850721079896
1557.477	0.11574850721079896
1557.621	0.11574850721079896
1557.765	0.11574850721079896
1557.909	0.11574850721079896
1558.053	0.11575016215184052
1558.1960000000001	0.11575154126937515
1558.3400000000001	0.11575292038690976
1558.4840000000002	0.11575292038690976
1558.6280000000002	0.11575154126937515
1558.7720000000002	0.11575292038690976
1558.9160000000002	0.11575292038690976
1559.06	0.11575236873989592
1559.203	0.11575016215184052
1559.347	0.11575016215184052
1559.491	0.11575016215184052
1559.635	0.11575016215184052
1559.779	0.11575236873989592
1559.923	0.11575016215184052
1560.066	0.11575016215184052
1560.21	0.11575016215184052
1560.354	0.11575236873989592
1560.498	0.11576036762159675
1560.642	0.11576753903277683
1560.785	0.11576036762159675
1560.93	0.11575236873989592
1561.073	0.11576036762159675
1561.217	0.11576036762159675
1561.361	0.11576036762159675
1561.505	0.11576753903277683
1561.6490000000001	0.11576753903277683
1561.7920000000001	0.11576671156225604
1561.9360000000001	0.11576671156225604
1562.0800000000002	0.11576671156225604
1562.2240000000002	0.11576753903277683
1562.3680000000002	0.11577084891485995
1562.512	0.11577443462044998
1562.656	0.11577526209097075
1562.799	0.1157758137379846
1562.943	0.1157758137379846
1563.088	0.11577526209097075
1563.231	0.11577443462044998
1563.375	0.11577084891485995
1563.519	0.11576753903277683
1563.663	0.11576671156225604
1563.806	0.11576671156225604
1563.95	0.11576671156225604
1564.095	0.11576671156225604
1564.237	0.11576753903277683
1564.382	0.11576753903277683
1564.525	0.11576753903277683
1564.669	0.11576753903277683
1564.813	0.11577084891485995
1564.957	0.11577084891485995
1565.101	0.1157672632092699
1565.2440000000001	0.11576505662121449
1565.3880000000001	0.11576505662121449
1565.5320000000002	0.11576505662121449
1565.6760000000002	0.11576505662121449
1565.8200000000002	0.11576974562083223
1565.9640000000002	0.11576974562083223
1566.1100000000001	0.11577415879694306
1566.251	0.11577746867902615
1566.395	0.11577746867902615
1566.54	0.11578464009020623
1566.683	0.11578960491333089
1566.827	0.11578960491333089
1566.971	0.11578960491333089
1567.114	0.11578960491333089
1567.258	0.11578960491333089
1567.402	0.11578960491333089
1567.546	0.11578960491333089
1567.69	0.11578464009020623
1567.834	0.11578960491333089
1567.978	0.11579098403086552
1568.121	0.11579098403086552
1568.265	0.11579098403086552
1568.409	0.11579098403086552
1568.553	0.11578960491333089
1568.6970000000001	0.11578960491333089
1568.8400000000001	0.11578960491333089
1568.9840000000002	0.11579098403086552
1569.1280000000002	0.11579098403086552
1569.2720000000002	0.11578960491333089
1569.4160000000002	0.11578684667826164
1569.5610000000001	0.11577857197305386
1569.7050000000002	0.11577857197305386
1569.848	0.11577857197305386
1569.9930000000002	0.11577857197305386
1570.136	0.1157843642666993
1570.28	0.11578712250176856
1570.425	0.11578712250176856
1570.569	0.11578712250176856
1570.712	0.11578960491333089
1570.855	0.11579098403086552
1570.9840000000002	0.11579098403086552
1571.127	0.11579098403086552
1571.271	0.11579098403086552
1571.415	0.11579098403086552
1571.559	0.11578932908982395
1571.702	0.11578850161930318
1571.846	0.11578629503124778
1571.99	0.1157843642666993
1572.134	0.11578629503124778
1572.278	0.11578850161930318
1572.422	0.11579070820735858
1572.566	0.11579070820735858
1572.709	0.11579070820735858
1572.853	0.11578850161930318
1572.997	0.11578629503124778
1573.141	0.1157843642666993
1573.285	0.1157843642666993
1573.429	0.1157843642666993
1573.573	0.1157843642666993
1573.7160000000001	0.11578022691409541
1573.8600000000001	0.11577415879694304
1574.0040000000001	0.11578022691409541
1574.1480000000001	0.11577415879694304
1574.2910000000002	0.11577415879694304
1574.435	0.11578022691409541
1574.579	0.1157843642666993
1574.723	0.1157843642666993
1574.867	0.1157843642666993
1575.011	0.11578022691409541
1575.1390000000001	0.11578022691409541
1575.2820000000002	0.11578022691409541
1575.4260000000002	0.11577415879694304
1575.5700000000002	0.11577112473836687
1575.7140000000002	0.1157694697973253
1575.858	0.11576671156225604
1576.002	0.11576671156225604
1576.146	0.11576395332718678
1576.289	0.11576395332718678
1576.433	0.11576671156225604
1576.577	0.1157694697973253
1576.721	0.11577112473836687
1576.865	0.1157694697973253
1576.9940000000001	0.1157694697973253
1577.137	0.11576671156225604
1577.2820000000002	0.11576671156225604
1577.424	0.11576671156225604
1577.568	0.1157694697973253
1577.712	0.11577029726784609
1577.856	0.1157694697973253
1578.0	0.11576671156225604
1578.143	0.11576395332718678
1578.287	0.11576257420965216
1578.431	0.1157606434451037
1578.575	0.1157606434451037
1578.718	0.1157606434451037
1578.863	0.1157606434451037
1579.007	0.1157606434451037
1579.15	0.11576257420965216
1579.294	0.11576257420965216
1579.438	0.11576257420965216
1579.582	0.11576257420965216
1579.7250000000001	0.11576257420965216
1579.8690000000001	0.11576395332718678
1580.0130000000001	0.11576671156225604
1580.1570000000002	0.1157694697973253
1580.3010000000002	0.11577029726784609
1580.4450000000002	0.11577029726784609
1580.5890000000002	0.11577029726784609
1580.732	0.11577277967940841
1580.876	0.11577277967940841
1581.02	0.11577277967940841
1581.164	0.11577029726784609
1581.308	0.11576671156225604
1581.452	0.11576478079770758
1581.596	0.11575843685704829
1581.739	0.11575843685704829
1581.884	0.11576478079770758
1582.027	0.11577167638538072
1582.171	0.11577167638538072
1582.314	0.11576836650329761
1582.459	0.11577167638538072
1582.602	0.11577415879694306
1582.746	0.11577415879694306
1582.89	0.11577415879694306
1583.034	0.11577415879694306
1583.178	0.11577167638538072
1583.3210000000001	0.11577167638538072
1583.4660000000001	0.11576836650329761
1583.6090000000002	0.11576285003315909
1583.7530000000002	0.11575843685704829
1583.8970000000002	0.11575843685704829
1584.0410000000002	0.11576285003315909
1584.185	0.11575898850406213
1584.328	0.11575788521003444
1584.472	0.11575071379885438
1584.616	0.11574299074066047
1584.76	0.1157413357996189
1584.904	0.1157413357996189
1585.048	0.11574299074066047
1585.192	0.11574299074066047
1585.335	0.11574354238767431
1585.479	0.11574354238767431
1585.623	0.11574354238767431
1585.767	0.11574354238767431
1585.911	0.11575071379885438
1586.055	0.11575788521003444
1586.199	0.11575788521003444
1586.342	0.11575788521003444
1586.486	0.11575788521003444
1586.614	0.11575788521003444
1586.758	0.11575788521003444
1586.902	0.11575071379885438
1587.047	0.11575071379885438
1587.19	0.11575071379885438
1587.334	0.11575071379885438
1587.478	0.11575071379885438
1587.623	0.11574354238767431
1587.766	0.11574216327013967
1587.91	0.1157413357996189
1588.054	0.1157413357996189
1588.1970000000001	0.11574050832909813
1588.3410000000001	0.11573885338805656
1588.4850000000001	0.11573885338805656
1588.6290000000001	0.11573885338805656
1588.7720000000002	0.11573885338805656
1588.9170000000001	0.11573885338805656
1589.06	0.11573885338805656
1589.204	0.11573885338805656
1589.348	0.11573885338805656
1589.492	0.11573885338805656
1589.636	0.11573526768246653
1589.779	0.11573085450635572
1589.923	0.11572892374180724
1590.067	0.11572892374180724
1590.211	0.11573526768246653
1590.355	0.11573857756454964
1590.499	0.11573857756454964
1590.643	0.11573857756454964
1590.786	0.11573857756454964
1590.93	0.11573857756454964
1591.074	0.11573250944739727
1591.219	0.11573250944739727
1591.361	0.11572782044777954
1591.506	0.11572782044777954
1591.6490000000001	0.11572616550673798
1591.7930000000001	0.11572340727166873
1591.9370000000001	0.11572340727166873
1592.0810000000001	0.11572340727166873
1592.2250000000001	0.11572120068361333
1592.3690000000001	0.11572340727166873
1592.5130000000001	0.11572340727166873
1592.656	0.11572340727166873
1592.8	0.11572175233062718
1592.944	0.11572175233062718
1593.088	0.11572120068361333
1593.232	0.11571982156607871
1593.375	0.11572120068361333
1593.52	0.11572120068361333
1593.663	0.11572120068361333
1593.807	0.11572120068361333
1593.951	0.11572120068361333
1594.095	0.11572175233062718
1594.239	0.11572175233062718
1594.382	0.11572175233062718
1594.526	0.11572175233062718
1594.67	0.11572175233062718
1594.814	0.11572451056569644
1594.958	0.11572782044777954
1595.102	0.11573306109441113
1595.246	0.11573857756454964
1595.3890000000001	0.11574602479923664
1595.5330000000001	0.11575319621041669
1595.6770000000001	0.11575623026899287
1595.8200000000002	0.11575871268055521
1595.9650000000001	0.11575871268055521
1596.1090000000002	0.11575871268055521
1596.2530000000002	0.11575623026899287
1596.396	0.11575319621041669
1596.5240000000001	0.11575319621041669
1596.652	0.11575264456340285
1596.795	0.11575264456340285
1596.939	0.11575264456340285
1597.083	0.11575264456340285
1597.227	0.11575319621041669
1597.371	0.11575319621041669
1597.515	0.11575319621041669
1597.661	0.11575623026899287
1597.8020000000001	0.11575871268055521
1597.9460000000001	0.11576119509211753
1598.0900000000001	0.11576698738576296
1598.2340000000002	0.11577360714992918
1598.3780000000002	0.11577360714992918
1598.5220000000002	0.11577360714992918
1598.6660000000002	0.11577360714992918
1598.809	0.11577360714992918
1598.953	0.11577360714992918
1599.097	0.11577829614954692
1599.241	0.11578188185513696
1599.385	0.11578188185513696
1599.529	0.11578767414878241
1599.673	0.11579181150138629
1599.816	0.11579181150138629
1599.96	0.11579181150138629
1600.104	0.11579539720697632
1600.248	0.11579539720697632
1600.392	0.11579539720697632
1600.536	0.11579539720697632
1600.682	0.11579181150138629
1600.8220000000001	0.11578767414878241
1600.967	0.11578767414878241
1601.111	0.11578353679617853
1601.255	0.11578133020812312
1601.3980000000001	0.11577829614954692
1601.5430000000001	0.11577360714992918
1601.6860000000001	0.11576671156225604
1601.8300000000002	0.11576202256263832
1601.9740000000002	0.11576202256263832
1602.1180000000002	0.11576202256263832
1602.261	0.11576202256263832
1602.39	0.11575678191600673
1602.5330000000001	0.11575016215184052
1602.6770000000001	0.11574464568170201
1602.8210000000001	0.1157413357996189
1602.9650000000001	0.11574050832909813
1603.1090000000002	0.11574050832909813
1603.252	0.11574050832909813
1603.396	0.1157413357996189
1603.54	0.1157413357996189
1603.684	0.11574105997611198
1603.828	0.1157413357996189
1603.972	0.11574161162312582
1604.115	0.11574161162312582
1604.259	0.11574161162312582
1604.406	0.11574161162312582
1604.548	0.1157413357996189
1604.692	0.1157413357996189
1604.836	0.11574105997611198
1604.98	0.11574050832909813
1605.123	0.11573995668208427
1605.267	0.11573885338805656
1605.411	0.1157360951529873
1605.555	0.11573471603545268
1605.699	0.11573471603545268
1605.842	0.11573885338805656
1605.987	0.11574050832909813
1606.13	0.11574050832909813
1606.2740000000001	0.11573885338805656
1606.4180000000001	0.11573471603545268
1606.5620000000001	0.11572671715375182
1606.7060000000001	0.11572092486010639
1606.8490000000002	0.11571844244854405
1606.9930000000002	0.11571375344892633
1607.137	0.11570989191982939
1607.281	0.11570134139111468
1607.428	0.1156886535097961
1607.5700000000002	0.1156745865109429
1607.713	0.11566438104118668
1607.856	0.11566438104118668
1608.0	0.11565334810090963
1608.144	0.11563652286698717
1608.287	0.11562797233827249
1608.432	0.11562355916216167
1608.576	0.11562355916216167
1608.719	0.11562355916216167
1608.863	0.11562355916216167
1609.007	0.11561693939799546
1609.151	0.11561693939799546
1609.295	0.11560921633980153
1609.439	0.11560921633980153
1609.582	0.11560452734018381
1609.726	0.11560921633980153
1609.8700000000001	0.11561693939799546
1610.015	0.11562355916216167
1610.1580000000001	0.11562714486775169
1610.3010000000002	0.11562714486775169
1610.4460000000001	0.11562714486775169
1610.5890000000002	0.11562714486775169
1610.733	0.11562355916216167
1610.877	0.11562355916216167
1611.021	0.11562355916216167
1611.165	0.11562355916216167
1611.308	0.11562355916216167
1611.452	0.11562355916216167
1611.596	0.11562355916216167
1611.74	0.11562355916216167
1611.883	0.11562355916216167
1612.028	0.11562714486775169
1612.172	0.11562714486775169
1612.315	0.11562714486775169
1612.46	0.1156293514558071
1612.77	0.1156293514558071
1612.9070000000002	0.1156293514558071
1613.156	0.1156293514558071
1613.2920000000001	0.1156293514558071
1613.586	0.1156293514558071
1613.7250000000001	0.11563376463191793
1613.98	0.11563376463191793
1614.125	0.11563376463191793
1614.419	0.11563376463191793
1614.553	0.11563376463191793
1614.7	0.11563376463191793
1614.9080000000001	0.11563376463191793
1615.055	0.11563376463191793
1615.3210000000001	0.11563376463191793
1615.486	0.11563376463191793
1615.857	0.11563376463191793
1615.999	0.1156293514558071
1616.252	0.1156293514558071
1616.392	0.1156293514558071
1616.535	0.1156293514558071
1616.679	0.1156293514558071
1616.823	0.1156293514558071
1616.971	0.115626041573724
1617.262	0.115626041573724
1617.3980000000001	0.115626041573724
1617.549	0.115626041573724
1617.7930000000001	0.11560507898719766
1617.925	0.11560507898719766
1618.053	0.11557804828351895
1618.1970000000001	0.11557804828351895
1618.3410000000001	0.11555074175633331
1618.4850000000001	0.11552646928772387
1618.63	0.11551074734782911
1618.7720000000002	0.11548950893779585
1618.9160000000002	0.11548950893779585
1619.06	0.11548950893779585
1619.204	0.11548950893779585
1619.348	0.11548950893779585
1619.492	0.11548950893779585
1619.635	0.11548950893779585
1619.779	0.11548950893779585
1619.923	0.11548950893779585
1620.067	0.11548950893779585
1620.211	0.11548950893779585
1620.355	0.11547626940946343
1620.499	0.11546964964529721
1620.642	0.1154599958225548
1620.786	0.11545227276436087
1620.93	0.11543820576550767
1621.074	0.11542358711964061
1621.218	0.11541972559054367
1621.371	0.11541724317898133
1621.544	0.11540896847377356
1621.682	0.11540096959207272
1621.939	0.11539848718051039
1622.083	0.11539683223946884
1622.468	0.11536676747721396
1622.611	0.11533173789183442
1622.7740000000001	0.1153251181276682
1622.913	0.11532180824558509
1623.057	0.11531243024634963
1623.204	0.11530194895308644
1623.5420000000001	0.11526967760277614
1623.684	0.11524899083975672
1624.012	0.11523437219388966
1624.161	0.11522775242972347
1624.318	0.1152216843125711
1624.727	0.11520734149021097
1624.864	0.1151838964921223
1625.193	0.11516734708170676
1625.332	0.11516045149403362
1625.636	0.11514997020077046
1625.775	0.11513755814295881
1625.9180000000001	0.1151290076142441
1626.076	0.11512349114410558
1626.226	0.11512349114410558
1626.53	0.11512349114410558
1626.67	0.11512349114410558
1626.9080000000001	0.11512349114410558
1627.053	0.11512349114410558
1627.1960000000001	0.1151290076142441
1627.3400000000001	0.1151290076142441
1627.4840000000002	0.11513755814295881
1627.6280000000002	0.11513755814295881
1627.7720000000002	0.1151290076142441
1627.921	0.11512349114410558
1628.06	0.11511135490980086
1628.203	0.11510004614601692
1628.347	0.11510004614601692
1628.491	0.11510004614601692
1628.635	0.11510004614601692
1628.779	0.11510004614601692
1628.923	0.11510004614601692
1629.067	0.11510004614601692
1629.21	0.11510004614601692
1629.354	0.11510004614601692
1629.482	0.11511052743928007
1629.625	0.11511907796799478
1629.77	0.11512349114410558
1629.913	0.1151290076142441
1630.057	0.11513755814295881
1630.201	0.11514969437726352
1630.345	0.11515824490597823
1630.49	0.11516320972910288
1630.718	0.1151656921406652
1630.857	0.11516320972910288
1631.104	0.11516320972910288
1631.241	0.11516320972910288
1631.555	0.11516320972910288
1631.709	0.11516320972910288
1631.934	0.11516320972910288
1632.075	0.11515824490597823
1632.401	0.11513673067243801
1632.539	0.11509977032251
1632.853	0.11509977032251
1633.002	0.11509977032251
1633.281	0.11509977032251
1633.415	0.11509977032251
1633.7060000000001	0.11509977032251
1633.846	0.11509977032251
1633.9940000000001	0.11509977032251
1634.2350000000001	0.11509977032251
1634.374	0.11509977032251
1634.644	0.11509977032251
1634.79	0.11509977032251
1634.932	0.11506391326660967
1635.076	0.11504239903306948
1635.31	0.11502640126966779
1635.4460000000001	0.11500516285963452
1635.776	0.11499302662532979
1635.923	0.1149781321559558
1636.067	0.1149781321559558
1636.211	0.11495992780449871
1636.355	0.11495303221682557
1636.499	0.11495303221682557
1636.642	0.11495303221682557
1636.786	0.11494889486422169
1636.9360000000001	0.11494889486422169
1637.074	0.11494889486422169
1637.219	0.11494889486422169
1637.362	0.11494089598252086
1637.506	0.11494089598252086
1637.6490000000001	0.11493675862991695
1637.794	0.11493675862991695
1637.9370000000001	0.11493675862991695
1638.0810000000001	0.11493593115939618
1638.2250000000001	0.11493593115939618
1638.3680000000002	0.11493593115939618
1638.512	0.11493593115939618
1638.656	0.11493482786536849
1638.8	0.11492875974821613
1638.944	0.11492351910158456
1639.088	0.11492269163106378
1639.232	0.11492186416054301
1639.377	0.11492103669002224
1639.52	0.11491221033780061
1639.6670000000001	0.11491221033780061
1639.808	0.11491221033780061
1639.9550000000002	0.11492103669002224
1640.097	0.11492269163106378
1640.242	0.11492351910158456
1640.386	0.11492489821911919
1640.53	0.11493013886575076
1640.674	0.11493482786536849
1640.815	0.11493593115939618
1640.959	0.11493675862991695
1641.103	0.11493896521797237
1641.246	0.11494310257057627
1641.39	0.114947791570194
1641.535	0.1149511014522771
1641.678	0.11495275639331866
1641.8210000000001	0.11495358386383944
1641.9660000000001	0.11495523880488098
1642.1100000000001	0.11496130692203334
1642.2530000000002	0.11497206403880345
1642.3970000000002	0.11498033874401122
1642.5410000000002	0.11498640686116357
1642.685	0.11498640686116357
1642.8300000000002	0.11499054421376746
1643.047	0.11500240462456526
1643.1970000000001	0.11500957603574533
1643.448	0.11501178262380074
1643.597	0.11502060897602237
1643.74	0.11505370779685344
1643.884	0.11510418349862081
1644.0320000000002	0.11516569214066522
1644.278	0.11527133254381772
1644.431	0.11527133254381772
1644.68	0.11527133254381772
1644.8310000000001	0.11533559942093138
1644.97	0.11533559942093138
1645.1180000000002	0.11533559942093138
1645.2630000000001	0.11533559942093138
1645.519	0.11533559942093138
1645.6760000000002	0.11533559942093138
1646.117	0.11533559942093138
1646.266	0.11533559942093138
1646.5520000000001	0.11533559942093138
1646.698	0.11533559942093138
1647.037	0.11533559942093138
1647.18	0.11533559942093138
1647.391	0.11533559942093138
1647.529	0.11533559942093138
1647.794	0.11533559942093138
1647.928	0.11533559942093138
1648.0710000000001	0.11533559942093138
1648.2150000000001	0.11533559942093138
1648.3590000000002	0.11533559942093138
1648.5030000000002	0.11533559942093138
1648.646	0.11533559942093138
1648.794	0.11533559942093138
1648.934	0.11533559942093138
1649.078	0.11532594559818897
1649.222	0.11530332807062108
1649.366	0.11524402601663208
1649.51	0.11518224155108076
1649.654	0.11514969437726352
1649.797	0.11503798585695865
1649.942	0.11494089598252086
1650.085	0.11494089598252086
1650.229	0.11494089598252086
1650.373	0.11494089598252086
1650.517	0.11494089598252086
1650.661	0.11494089598252086
1650.804	0.11494089598252086
1650.948	0.11494089598252086
1651.092	0.11494089598252086
1651.236	0.11494089598252086
1651.383	0.11494089598252086
1651.594	0.11494089598252086
1651.731	0.11494089598252086
1652.0230000000001	0.11494089598252086
1652.171	0.11494089598252086
1652.517	0.11494089598252086
1652.659	0.11494089598252086
1652.8020000000001	0.11494089598252086
1652.968	0.11493455204186157
1653.1090000000002	0.11493455204186157
1653.479	0.11492848392470922
1653.625	0.11492848392470922
1654.011	0.11492848392470922
1654.1480000000001	0.11492848392470922
1654.525	0.1149185542784599
1654.674	0.11492848392470922
1655.007	0.11493289710082001
1655.154	0.11493289710082001
1655.505	0.11493289710082001
1655.6480000000001	0.11493289710082001
1655.7920000000001	0.11493289710082001
1655.9560000000001	0.11493289710082001
1656.1290000000001	0.11493289710082001
1656.271	0.11493289710082001
1656.419	0.11493289710082001
1656.607	0.11493289710082001
1656.833	0.11493289710082001
1656.976	0.11493289710082001
1657.473	0.11493289710082001
1657.615	0.11493289710082001
1657.759	0.11493289710082001
1657.902	0.11493289710082001
1658.046	0.11493289710082001
1658.19	0.11493289710082001
1658.338	0.11493289710082001
1658.478	0.11492020921950144
1658.606	0.11492020921950144
1658.749	0.11492020921950144
1658.893	0.11490945210273135
1659.037	0.11490503892662055
1659.181	0.11489455763335737
1659.325	0.11488711039867038
1659.469	0.11487359504683102
1659.613	0.11485980387148473
1659.756	0.11485676981290856
1659.9	0.1148495984017285
1660.044	0.11482698087416059
1660.188	0.11480656993464809
1660.332	0.11480050181749574
1660.476	0.11480050181749574
1660.6190000000001	0.11480050181749574
1660.7630000000001	0.11480050181749574
1660.9070000000002	0.11480050181749574
1661.0520000000001	0.11480050181749574
1661.3	0.11478974470072564
1661.435	0.11478974470072564
1661.67	0.11478974470072564
1661.803	0.11478974470072564
1661.9460000000001	0.11477374693732396
1662.094	0.11477374693732396
1662.237	0.11476023158548461
1662.4840000000002	0.11474699205715218
1662.623	0.11473237341128512
1662.933	0.11471747894191113
1663.087	0.11469293064979474
1663.2250000000001	0.11469293064979474
1663.3690000000001	0.11469293064979474
1663.512	0.11466507247559526
1663.6670000000001	0.114651281300249
1664.127	0.11464686812413818
1664.265	0.11464135165399969
1664.6180000000002	0.11461763083240409
1664.76	0.11458591112910764
1665.0610000000001	0.1145627419545259
1665.208	0.1145627419545259
1665.531	0.1145627419545259
1665.6760000000002	0.1145627419545259
1666.0	0.1145627419545259
1666.134	0.1145627419545259
1666.442	0.1145627419545259
1666.5810000000001	0.1145627419545259
1666.7250000000001	0.1145627419545259
1666.8690000000001	0.1145627419545259
1667.0130000000001	0.1145627419545259
1667.1570000000002	0.1145627419545259
1667.3010000000002	0.1145627419545259
1667.4450000000002	0.1145627419545259
1667.588	0.1145627419545259
1667.732	0.11458591112910764
1667.876	0.11461763083240409
1668.02	0.11463666265438197
1668.163	0.11463693847788889
1668.308	0.11464107583049275
1668.451	0.11464548900660355
1668.595	0.11464686812413818
1668.739	0.11464686812413818
1668.883	0.11464686812413818
1669.027	0.11464686812413818
1669.171	0.11464686812413818
1669.314	0.11464686812413818
1669.458	0.11464686812413818
1669.602	0.11464686812413818
1669.746	0.11464686812413818
1669.89	0.11464686812413818
1670.039	0.11464686812413818
1670.258	0.11464686812413818
1670.402	0.11464686812413818
1670.637	0.11464686812413818
1670.786	0.11464686812413818
1670.929	0.11464686812413818
1671.078	0.11464686812413818
1671.228	0.11464852306517975
1671.511	0.11464852306517975
1671.652	0.11464631647712434
1672.037	0.11464631647712434
1672.178	0.11464107583049275
1672.528	0.11463693847788889
1672.6770000000001	0.11459584077535696
1673.075	0.11459584077535696
1673.2150000000001	0.11459584077535696
1673.489	0.11459584077535696
1673.633	0.11459584077535696
1673.969	0.11459584077535696
1674.111	0.11463252530177807
1674.3680000000002	0.11463252530177807
1674.5240000000001	0.11463693847788889
1674.675	0.11463693847788889
1674.968	0.11464107583049275
1675.105	0.11464714394764511
1675.403	0.11464797141816589
1675.549	0.11464797141816589
1675.693	0.11464797141816589
1675.837	0.11464797141816589
1675.981	0.11464797141816589
1676.124	0.11464797141816589
1676.2530000000002	0.11464797141816589
1676.3990000000001	0.11464797141816589
1676.547	0.11464797141816589
1676.6860000000001	0.11464797141816589
1676.829	0.11464797141816589
1676.9740000000002	0.11464190330101354
1677.117	0.11463749012490272
1677.261	0.11462756047865341
1677.404	0.11461487259733484
1677.547	0.11458866936417691
1677.69	0.11456467271907436
1677.834	0.11454950242619345
1677.978	0.11454260683852033
1678.122	0.11453846948591644
1678.266	0.11452357501654245
1678.41	0.11450537066508537
1678.554	0.11448468390206595
1678.6970000000001	0.1144648246095673
1678.8410000000001	0.11444358619953404
1678.9850000000001	0.11441352143727915
1679.1290000000001	0.11425216468572769
1679.2730000000001	0.11394324235797104
1679.4170000000001	0.11375485490274087
1679.5610000000001	0.11373499561024222
1679.7050000000002	0.11369803526031419
1679.848	0.1136657639100039
1679.992	0.11366272985142772
1680.136	0.11366190238090694
1680.28	0.11364893867608143
1680.424	0.11359432562171018
1680.567	0.11354964221358824
1680.711	0.11354964221358824
1680.855	0.11354964221358824
1680.999	0.11354964221358824
1681.143	0.11354964221358824
1681.287	0.11354964221358824
1681.43	0.11354964221358824
1681.574	0.11354026421435277
1681.718	0.1135242664509511
1681.862	0.11351130274612559
1682.006	0.11350661374650783
1682.15	0.11350026980584854
1682.294	0.11348758192452996
1682.604	0.11347792810178757
1682.742	0.11346910174956595
1682.9740000000002	0.11345062157460195
1683.1100000000001	0.11343545128172106
1683.342	0.11342910734106176
1683.481	0.11342910734106176
1683.76	0.11342910734106176
1683.914	0.11342910734106176
1684.1970000000001	0.11342910734106176
1684.345	0.11342910734106176
1684.483	0.11342910734106176
1684.632	0.11342910734106176
1684.779	0.11342166010637478
1685.108	0.11342166010637478
1685.252	0.11342166010637478
1685.529	0.11341366122467393
1685.6660000000002	0.11338497557995367
1685.817	0.11334360205391482
1686.0220000000002	0.11334360205391482
1686.163	0.11334360205391482
1686.424	0.11328540329395353
1686.605	0.11324540888544932
1686.7530000000002	0.11318665847847417
1686.903	0.11312459818941592
1687.0410000000002	0.11311301360212506
1687.192	0.1131050147204242
1687.428	0.11309453342716103
1687.568	0.11309067189806407
1687.712	0.11305757307723299
1687.856	0.1129875139064739
1687.999	0.11292545361741564
1688.143	0.11287249550408593
1688.287	0.11282836374297783
1688.431	0.11279636821617448
1688.575	0.11278037045277278
1688.719	0.11278037045277278
1688.863	0.11278037045277278
1689.006	0.11278037045277278
1689.15	0.11278037045277278
1689.294	0.11278037045277278
1689.438	0.11278037045277278
1689.5810000000001	0.11278037045277278
1689.7250000000001	0.11278037045277278
1689.8690000000001	0.11278037045277278
1690.0130000000001	0.11278037045277278
1690.159	0.11279636821617448
1690.3010000000002	0.11281236597957615
1690.4450000000002	0.11285649774068424
1690.588	0.11288463173839064
1690.732	0.11282450221388088
1690.876	0.11278037045277278
1691.0230000000001	0.11276023533676721
1691.251	0.11270148492979208
1691.3890000000001	0.1126606630507671
1691.6190000000001	0.11265680152167012
1691.757	0.11265100922802469
1692.143	0.11262618511240138
1692.287	0.11258977640948722
1692.642	0.11258977640948722
1692.781	0.11258977640948722
1693.163	0.11258977640948722
1693.3110000000001	0.11258977640948722
1693.614	0.11258977640948722
1693.761	0.11258977640948722
1694.1180000000002	0.11258977640948722
1694.267	0.11258977640948722
1694.5620000000001	0.11260632581990274
1694.7050000000002	0.11262342687733212
1695.015	0.1126435619933377
1695.161	0.11265293999257317
1695.309	0.1126606630507671
1695.555	0.11269817504770896
1695.711	0.11274147933829629
1695.991	0.11278174957030743
1696.1390000000001	0.11278174957030743
1696.4460000000001	0.11278174957030743
1696.584	0.11278174957030743
1696.727	0.11278174957030743
1696.871	0.11278174957030743
1697.015	0.11278174957030743
1697.159	0.11278174957030743
1697.303	0.11278174957030743
1697.4460000000001	0.11278174957030743
1697.5900000000001	0.11278174957030743
1697.7340000000002	0.11278174957030743
1697.8780000000002	0.11274147933829629
1698.0220000000002	0.11269817504770896
1698.165	0.11265514658062858
1698.31	0.1126435619933377
1698.453	0.11262342687733212
1698.597	0.11260632581990274
1698.741	0.11259032805650106
1698.885	0.11255502264761458
1699.029	0.112531301826019
1699.172	0.11251557988612425
1699.316	0.1124546228910937
1699.46	0.11240497465984708
1699.588	0.11240414718932631
1699.732	0.11236635936887751
1699.876	0.11232360672530403
1700.02	0.1122574090836419
1700.163	0.11217190379649497
1700.307	0.11214625221035088
1700.451	0.11211205009549213
1700.595	0.11199123939945871
1700.738	0.11175485865402349
1700.883	0.11133836515856585
1701.027	0.11079940602603328
1701.17	0.10936870949561028
1701.314	0.10813743336069451
1701.458	0.10790601743838393
1701.602	0.10778189686026743
1701.746	0.10772921457044464
1701.8890000000001	0.10768922016194044
1702.034	0.10766356857579636
1702.1770000000001	0.10765777628215092
1702.3210000000001	0.1076274356963891
1702.4640000000002	0.10751269311750805
1702.6090000000002	0.10741422412553564
1702.7530000000002	0.10739960547966856
1702.896	0.10731382436901471
1703.04	0.10722831908186778
1703.184	0.10720790814235528
1703.328	0.10717425767451036
1703.476	0.1071389522656239
1703.717	0.10711964462013909
1703.856	0.10707054803590635
1704.106	0.10701124598191736
1704.256	0.10698752516032176
1704.405	0.1069298780473743
1704.5430000000001	0.10686671446428836
1704.6860000000001	0.10682258270318026
1704.834	0.10674176641565107
1705.0030000000002	0.10664743477628252
1705.154	0.10656330860667021
1705.294	0.10649076702434879
1705.442	0.10631148174484717
1705.808	0.10584451254762216
1705.954	0.1049144356822691
1706.093	0.10421605056273353
1706.27	0.10405634875222361
1706.425	0.1038858898249436
1706.8	0.10376728571696561
1706.941	0.10358579384940858
1707.084	0.10339906133521996
1707.303	0.10329728246116442
1707.4640000000002	0.10306559071534693
1707.736	0.09960566064447245
1707.884	0.0950462980749926
1708.198	0.09139770472538103
1708.358	0.08893267004398711
1708.8400000000001	0.08884771640385405
1708.992	0.08882758128784848
1709.3220000000001	0.08879365499649663
1709.467	0.08876469352826945
1709.6100000000001	0.08874124853018077
1709.7540000000001	0.08862209277518891
1709.8980000000001	0.08848859419783695
1710.0430000000001	0.08813085110935447
1710.185	0.0872222884775416
1710.3300000000002	0.08661740752685379
1710.473	0.08655203735571243
1710.617	0.08646873865662091
1710.7640000000001	0.08603017928060923
1710.905	0.04193868840452754
1711.049	-0.0017696836204345227
1711.193	-0.0017696836204345227
1711.3210000000001	-0.0017961626770993783
1711.4640000000002	-0.001815470322584169
1711.608	-0.0018262274393542664
1711.752	-0.0018287098509165967
1711.896	-0.0018292614979304482
1712.0410000000002	-0.0018292614979304482
1712.185	-0.001843880143797504
1712.3310000000001	-0.00185849878966456
1712.472	-0.0018593262601853365
1712.615	-0.0018607053777199639
1712.759	-0.0018607053777199639
1712.906	-0.0018667734948723269
1713.126	-0.0018667734948723269
1713.2730000000001	-0.0018733932590385412
1713.538	-0.0018733932590385412
1713.69	-0.0018855294933432664
1713.95	-0.001899596492196471
1714.092	-0.001903458021293429
1714.3300000000002	-0.0019045613153211313
1714.473	-0.001910077785459643
1714.757	-0.0019340744305621684
1714.903	-0.0019638633693101312
1715.18	-0.001992549014030391
1715.3200000000002	-0.001992549014030391
1715.642	-0.001992549014030391
1715.781	-0.001992549014030391
1716.161	-0.001992549014030391
1716.308	-0.001992549014030391
1716.452	-0.001992549014030391
1716.653	-0.001992549014030391
1716.804	-0.001992549014030391
1717.117	-0.001992549014030391
1717.278	-0.001992549014030391
1717.704	-0.001992549014030391
1717.842	-0.001992549014030391
1717.987	-0.001992549014030391
1718.19	-0.001992549014030391
1718.338	-0.001992549014030391
1718.481	-0.001992549014030391
1718.625	-0.001992549014030391
1718.769	-0.001992549014030391
1718.913	-0.0020228895997922054
1719.057	-0.0020410939512492936
1719.2	-0.0020468862448947307
1719.344	-0.002054057656074796
1719.492	-0.002078881771698098
1719.632	-0.002122186062285414
1719.776	-0.0021643870588450276
1719.92	-0.00218921117446833
1720.064	-0.0022018990557869066
1720.207	-0.0022110012315154507
1720.351	-0.0022170693486678137
1720.4950000000001	-0.002220103407243995
1720.6390000000001	-0.002230308877000242
1720.7830000000001	-0.002239686876235711
1720.9260000000002	-0.002258167051199725
1721.0710000000001	-0.0022807845787676225
1721.2150000000001	-0.0022942999306069757
1721.358	-0.002304781223870148
1721.502	-0.0023224339283133854
1721.646	-0.002341741573798176
1721.7930000000001	-0.0023458789264020593
1722.095	-0.0023472580439366873
1722.238	-0.0023549811021306034
1722.4750000000001	-0.0023693239244907335
1722.622	-0.002381460158795459
1722.904	-0.0023864249819201193
1723.058	-0.0023911139815378547
1723.387	-0.002399112863238697
1723.536	-0.0024032502158425804
1723.883	-0.0024062842744187614
1724.027	-0.002412352391571124
1724.1760000000002	-0.002419523802751189
1724.5230000000001	-0.002424764449382775
1724.683	-0.002424764449382775
1725.122	-0.002427522684452031
1725.26	-0.002430005096014362
1725.402	-0.002431660037055915
1725.546	-0.0024327633310836172
1725.691	-0.0024338666251113197
1725.8400000000001	-0.0024341424486182452
1726.0410000000002	-0.002434969919139022
1726.1860000000001	-0.0024357973896597987
1726.428	-0.0024385556247290543
1726.575	-0.0024418655068121613
1726.857	-0.0024432446243467893
1727.0030000000002	-0.0024468303299368223
1727.2910000000002	-0.0024501402120199293
1727.435	-0.0024509676825407055
1727.577	-0.0024534500941030355
1727.72	-0.0024562083291722915
1727.864	-0.0024575874467069195
1728.008	-0.0024597940347623245
1728.152	-0.0024661379754216126
1728.296	-0.0024757917981640077
1728.44	-0.002481584091809445
1728.584	-0.00248627309142718
1728.728	-0.0024939961496210964
1728.871	-0.00250061591378731
1729.015	-0.002506408207432747
1729.159	-0.0025152345596543653
1729.303	-0.0025215785003136542
1729.4470000000001	-0.0025229576178482822
1729.5900000000001	-0.0025287499114937193
1729.7350000000001	-0.0025417136163192215
1729.8790000000001	-0.0025585388502416817
1730.0220000000002	-0.002571226731560258
1730.1660000000002	-0.002587224494961942
1730.31	-0.0026007398468012957
1730.454	-0.0026167376102029793
1730.598	-0.0026346661381531416
1730.741	-0.0026385276672501005
1730.885	-0.0026445957844024627
1731.029	-0.002654249607144858
1731.173	-0.002665006723914956
1731.317	-0.002672178135095021
1731.461	-0.0026730056056157975
1731.605	-0.002678522075754309
1731.748	-0.002683762722385895
1731.892	-0.002685693486934374
1732.036	-0.002690382486552109
1732.18	-0.0026947956626629183
1732.324	-0.002699760485787579
1732.468	-0.0027050011324191653
1732.612	-0.002710517602557676
1732.755	-0.002710517602557676
1732.8990000000001	-0.002714379131654634
1733.1660000000002	-0.002716309896203113
1733.315	-0.0027193439547792946
1733.459	-0.0027207230723139235
1733.602	-0.0027278944834939886
1733.746	-0.0027408581883194907
1733.89	-0.002748857070020332
1734.034	-0.002761544951338909
1734.178	-0.002769543833039751
1734.3220000000001	-0.002772853715122858
1734.4660000000001	-0.0027761635972059647
1734.6090000000002	-0.0027833350083860293
1734.7530000000002	-0.0027910580665799455
1734.8970000000002	-0.0028004360658154155
1735.0410000000002	-0.0028078833005024065
1735.185	-0.0028095382415439596
1735.329	-0.0028111931825855136
1735.472	-0.0028153305351893976
1735.616	-0.002818364593765579
1735.76	-0.0028194678877932807
1735.904	-0.0028241568874110153
1736.048	-0.0028241568874110153
1736.192	-0.002828018416507974
1736.336	-0.00283077665157723
1736.479	-0.00283325906313956
1736.623	-0.002834086533660337
1736.767	-0.002836844768729593
1736.911	-0.0028429128858819554
1737.055	-0.002850635944075871
1737.198	-0.002854773296679755
1737.342	-0.002854773296679755
1737.486	-0.0028602897668182667
1737.63	-0.0028669095309844807
1737.7740000000001	-0.0028707710600814388
1737.9170000000001	-0.0028707710600814388
1738.0610000000001	-0.0028669095309844807
1738.2050000000002	-0.0028669095309844807
1738.3490000000002	-0.0028669095309844807
1738.4930000000002	-0.0028602897668182667
1738.621	-0.0028602897668182667
1738.765	-0.0028602897668182667
1738.909	-0.002854773296679755
1739.0520000000001	-0.002854773296679755
1739.1960000000001	-0.002843740356402732
1739.3400000000001	-0.002832431592618783
1739.4840000000002	-0.002829949181056453
1739.627	-0.002828018416507974
1739.7720000000002	-0.0028247085344248668
1739.9160000000002	-0.002821122828834834
1740.059	-0.002821122828834834
1740.203	-0.002821122828834834
1740.347	-0.002821122828834834
1740.491	-0.002821122828834834
1740.635	-0.002821122828834834
1740.778	-0.0028156063586963227
1740.922	-0.0028156063586963227
1741.066	-0.002810365712064737
1741.21	-0.002804021771405448
1741.354	-0.002804021771405448
1741.498	-0.002804021771405448
1741.642	-0.002792437184114574
1741.785	-0.0027816800673444763
1741.929	-0.002745271364430299
1742.073	-0.002710517602557676
1742.217	-0.0026961747801975463
1742.361	-0.0026821077813443416
1742.505	-0.002671902311588095
1742.6480000000001	-0.002671902311588095
1742.7920000000001	-0.002657559489227965
1742.9360000000001	-0.0026462507254440162
1743.0810000000001	-0.0026462507254440162
1743.223	-0.0026401826082916536
1743.3680000000002	-0.0026401826082916536
1743.511	-0.0026401826082916536
1743.655	-0.0026401826082916536
1743.799	-0.0026401826082916536
1743.943	-0.0026274947269730765
1744.087	-0.0026153584926683513
1744.231	-0.0026153584926683513
1744.375	-0.0026153584926683513
1744.519	-0.0026153584926683513
1744.663	-0.0026153584926683513
1744.807	-0.0026153584926683513
1744.951	-0.0026153584926683513
1745.095	-0.0026153584926683513
1745.238	-0.0026153584926683513
1745.382	-0.0026153584926683513
1745.526	-0.0026153584926683513
1745.67	-0.0026153584926683513
1745.814	-0.0026274947269730765
1745.958	-0.0026404584317985796
1746.102	-0.0026404584317985796
1746.2450000000001	-0.002645147431416314
1746.3890000000001	-0.0026487331370063467
1746.5330000000001	-0.0026501122545409743
1746.6770000000001	-0.0026503880780479
1746.8210000000001	-0.0026512155485686768
1746.9650000000001	-0.0026542496071448583
1747.1090000000002	-0.002660593547804147
1747.252	-0.0026647309004080304
1747.396	-0.0026663858414495835
1747.54	-0.002673281429122723
1747.684	-0.0026807286638097136
1747.827	-0.002683211075372044
1747.971	-0.002683762722385895
1748.115	-0.002684038545892821
1748.259	-0.002684866016413598
1748.403	-0.0026892791925244067
1748.547	-0.0026964506037044714
1748.691	-0.002701691250336058
1748.834	-0.0027052769559260904
1748.978	-0.0027066560734607184
1749.122	-0.0027066560734607184
1749.266	-0.0027066560734607184
1749.41	-0.0027066560734607184
1749.554	-0.0027066560734607184
1749.698	-0.0027066560734607184
1749.8410000000001	-0.0027066560734607184
1749.9850000000001	-0.0027105176025576765
1750.1290000000001	-0.0027105176025576765
1750.2730000000001	-0.0027121725435992304
1750.4160000000002	-0.002713000014120007
1750.5610000000001	-0.002713000014120007
1750.704	-0.0027135516611338575
1750.848	-0.0027182406607515926
1750.992	-0.002726239542452435
1751.136	-0.002731756012590946
1751.28	-0.0027342384241532767
1751.424	-0.0027353417181809787
1751.567	-0.0027353417181809787
1751.711	-0.002736169188701755
1751.855	-0.002736169188701755
1751.999	-0.0027353417181809787
1752.143	-0.0027353417181809787
1752.286	-0.002736169188701755
1752.43	-0.002739754894291788
1752.574	-0.0027452713644303
1752.718	-0.002748857070020333
1752.862	-0.002750512011061886
1753.006	-0.002752994422624216
1753.15	-0.002755476834186546
1753.296	-0.002756028481200397
1753.4370000000001	-0.002756028481200397
1753.5810000000001	-0.002756028481200397
1753.7250000000001	-0.002763199892380462
1753.8690000000001	-0.002771198774081304
1754.012	-0.0027742328326574857
1754.1570000000002	-0.00277643942071289
1754.3	-0.0027767152442198157
1754.444	-0.002777818538247518
1754.588	-0.002777818538247518
1754.732	-0.002777818538247518
1754.876	-0.002781128420330625
1755.019	-0.002787196537482988
1755.163	-0.002787196537482988
1755.307	-0.0027916097135937974
1755.451	-0.0027935404781422764
1755.595	-0.0027927130076215
1755.738	-0.0027927130076215
1755.882	-0.0027927130076215
1756.026	-0.0027927130076215
1756.17	-0.0027927130076215
1756.314	-0.0027927130076215
1756.458	-0.0027927130076215
1756.602	-0.0027927130076215
1756.746	-0.0027927130076215
1756.8890000000001	-0.0027927130076215
1757.0330000000001	-0.0027927130076215
1757.1770000000001	-0.0027927130076215
1757.3210000000001	-0.0027927130076215
1757.4650000000001	-0.0027927130076215
1757.608	-0.0027927130076215
1757.752	-0.0027927130076215
1757.896	-0.0027927130076215
1758.04	-0.0027877481844968393
1758.184	-0.0027816800673444763
1758.328	-0.0027816800673444763
1758.472	-0.0027816800673444763
1758.615	-0.0027783701852613697
1758.759	-0.0027783701852613697
1758.903	-0.0027764394207128906
1759.047	-0.0027742328326574857
1759.191	-0.0027742328326574857
1759.334	-0.0027742328326574857
1759.478	-0.0027742328326574857
1759.622	-0.002773129538629783
1759.766	-0.00277147459758823
1759.91	-0.002769543833039751
1760.055	-0.002767337244984346
1760.198	-0.002765682303942792
1760.342	-0.002759338363283504
1760.4850000000001	-0.0027516153050895884
1760.6290000000001	-0.0027496845405411093
1760.7730000000001	-0.002746374658458002
1760.9170000000001	-0.0027425131293610434
1761.0610000000001	-0.002738651600264085
1761.204	-0.0027345142476602018
1761.3490000000002	-0.0027320318360978717
1761.492	-0.0027298252480424676
1761.636	-0.002724860424917807
1761.781	-0.0027190681312723695
1761.925	-0.0027165857197100395
1762.069	-0.0027132758376269325
1762.212	-0.002708862661516123
1762.356	-0.0027036220148845365
1762.5	-0.0027003121328014294
1762.644	-0.0026939681921421413
1762.788	-0.002685141839920523
1762.931	-0.002685141839920523
1763.075	-0.002687624251482853
1763.219	-0.0026928648981144393
1763.363	-0.0026928648981144393
1763.507	-0.002687624251482853
1763.652	-0.002682383604851267
1763.794	-0.002676039664191979
1763.939	-0.002672178135095021
1764.085	-0.002667764958984212
1764.227	-0.0026600419007902954
1764.3700000000001	-0.0026495606075271232
1764.5140000000001	-0.0026357694321808445
1764.664	-0.0026208749628068633
1764.851	-0.002614255198640649
1764.9950000000001	-0.002606256316939807
1765.237	-0.002597705788225114
1765.381	-0.002594395906142007
1765.704	-0.002592189318086602
1765.847	-0.002575639907671068
1766.141	-0.0025568839092001286
1766.294	-0.0025527465565962446
1766.525	-0.0025527465565962446
1766.6760000000002	-0.0025488850274992866
1766.919	-0.0025488850274992866
1767.077	-0.0025488850274992866
1767.346	-0.0025488850274992866
1767.488	-0.0025488850274992866
1767.789	-0.0025488850274992866
1767.935	-0.0025488850274992866
1768.086	-0.0025488850274992866
1768.27	-0.0025488850274992866
1768.448	-0.0025488850274992866
1768.5890000000002	-0.0025488850274992866
1768.7340000000002	-0.0025488850274992866
1768.967	-0.0025527465565962446
1769.125	-0.0025568839092001286
1769.41	-0.0025632278498594167
1769.55	-0.0025632278498594167
1769.808	-0.0025632278498594167
1769.949	-0.0025797772602749514
1770.092	-0.002594395906142007
1770.236	-0.002597705788225114
1770.38	-0.0026032222583636253
1770.5230000000001	-0.0026087387285021373
1770.6670000000001	-0.0026192200217653094
1770.8110000000001	-0.0026285980210007786
1770.9550000000002	-0.00262914966801463
1771.1090000000002	-0.002635769432180844
1771.259	-0.002643768313881686
1771.403	-0.0026479056664855697
1771.546	-0.0026567320187071883
1771.675	-0.0026567320187071883
1771.818	-0.0026567320187071883
1771.962	-0.0026567320187071883
1772.106	-0.0026567320187071883
1772.25	-0.002663903429887254
1772.393	-0.002684038545892821
1772.537	-0.0027069318969676444
1772.681	-0.002717964837244667
1772.825	-0.002727894483493988
1772.969	-0.0027339626006463507
1773.112	-0.002739479070784862
1773.256	-0.002743064776374895
1773.4	-0.002744719717416449
1773.544	-0.002747477952485705
1773.688	-0.0027524427756103653
1773.832	-0.002756304304707323
1773.976	-0.002759062539776578
1774.1190000000001	-0.0027623724218596856
1774.2630000000001	-0.002766785597970495
1774.4070000000002	-0.002770095480053602
1774.5510000000002	-0.0027772668912336668
1774.6950000000002	-0.002787196537482988
1774.838	-0.0027932646546353513
1774.982	-0.0028020910068569695
1775.126	-0.002808710771023183
1775.27	-0.0028114690060924387
1775.414	-0.002816433829217099
1775.558	-0.0028216744758486857
1775.702	-0.0028302250045633788
1775.845	-0.002840154650812699
1775.989	-0.002847326061992764
1776.133	-0.002854497473172829
1776.277	-0.0028586348257767127
1776.421	-0.002859186472790564
1776.565	-0.002860565590325192
1776.708	-0.0028613930608459696
1776.853	-0.0028624963548736716
1777.104	-0.0028635996489013737
1777.2530000000002	-0.0028688402955329598
1777.5130000000001	-0.002874080942164546
1777.652	-0.0028765633537268763
1777.8980000000001	-0.00288070070633076
1778.039	-0.00288070070633076
1778.259	-0.00288070070633076
1778.4080000000001	-0.00288070070633076
1778.6950000000002	-0.00288070070633076
1778.8400000000001	-0.00288070070633076
1779.0990000000002	-0.00288070070633076
1779.2450000000001	-0.00288070070633076
1779.56	-0.0028790457652892064
1779.698	-0.0028790457652892064
1779.842	-0.0028790457652892064
1779.986	-0.0028790457652892064
1780.13	-0.0028790457652892064
1780.278	-0.0028790457652892064
1780.478	-0.0028790457652892064
1780.626	-0.0028790457652892064
1780.977	-0.0028790457652892064
1781.121	-0.0028790457652892064
1781.269	-0.0028790457652892064
1781.5520000000001	-0.0028749084126853224
1781.6960000000001	-0.002874080942164546
1782.0320000000002	-0.0028713227070952902
1782.1760000000002	-0.002864978766436002
1782.3200000000002	-0.002864978766436002
