0.0	0.09641371527539727
0.10399999999999998	0.09656280744872767
0.20999999999999996	0.09660823397028927
0.31499999999999995	0.09691398940387702
0.41900000000000004	0.09726750092423467
0.523	0.09734495896741022
0.627	0.09753773048839602
0.731	0.09773457874849631
0.8350000000000001	0.09782251983510917
0.947	0.09812012179046792
1.0510000000000002	0.0983769563546816
1.1549999999999998	0.09875958744014283
1.2599999999999998	0.09921501743836306
1.3649999999999998	0.09934838504653752
1.4700000000000002	0.09948932374163891
1.5750000000000002	0.09996339026152543
1.6800000000000002	0.10047472982474456
1.7849999999999997	0.10075311286713493
1.8899999999999997	0.10106410982244131
1.9969999999999999	0.10178743981961459
2.102	0.10238147894772792
2.207	0.10247058481694492
2.312	0.10423872481003518
2.417	0.10599987610750056
2.522	0.10611344241140458
2.627	0.10642094501889854
2.7319999999999998	0.10666321980056045
2.8369999999999997	0.10682046545211987
2.979	0.10701614892961603
3.147	0.10708894784237499
3.288	0.1071139906683641
3.432	0.10742265805846218
3.5749999999999997	0.10775869783975767
3.719	0.10790429566527565
3.8619999999999997	0.10811803327313603
4.006	0.1084191295763072
4.15	0.10861947218421994
4.2940000000000005	0.10890309674832895
4.438000000000001	0.10926126739910316
4.582000000000001	0.10953557370237901
4.7250000000000005	0.10988908522273665
4.869000000000001	0.11017911609116846
5.013	0.11036373413392524
5.157	0.11041498456850757
5.301	0.11054311065496338
5.445	0.11069860913261659
5.589	0.11083838304511384
5.732	0.11102940739219341
5.876	0.11125421043479317
6.022	0.11151220978161101
6.164000000000001	0.11165489565061863
6.308000000000001	0.11180689978045938
6.4510000000000005	0.1121609936921191
6.596	0.11247024347351928
6.739	0.1126350602120056
6.883	0.11277832847231528
7.027	0.11287034629804266
7.171	0.11294372760210372
7.315	0.11313300477527707
7.4590000000000005	0.11329782151376343
7.603000000000001	0.11336712607871
7.7459999999999996	0.11347428607829121
7.89	0.11356805107792478
8.033999999999999	0.1138015899900556
8.177999999999999	0.11402406346744706
8.321	0.11426983259692142
8.466	0.11454239172629105
8.609	0.11461344346514382
8.753	0.11508110368070756
8.897	0.11560875020038468
9.040999999999999	0.11574619454767364
9.184999999999999	0.11657435497921989
9.328999999999999	0.11769778780091658
9.472	0.11813865801658498
9.616	0.11828425584210295
9.76	0.11864766801459581
9.904	0.11905068279562957
10.048	0.11916075475172115
10.192	0.1195695934457756
10.336	0.12007394431336986
10.479	0.1201997408346174
10.623	0.12098305713590408
10.767	0.12216880582692245
10.911	0.12265801452066286
11.056	0.12278322865060831
11.199	0.1232369114749223
11.341999999999999	0.12363526712553949
11.487	0.12364691495158092
11.631	0.12401382147188621
11.774999999999999	0.12439354060083707
11.918	0.12443314320937796
12.062999999999999	0.12509415733722956
12.206	0.12610635342023052
12.35	0.12649131407090003
12.494	0.12651926885339948
12.638	0.12674407189599923
12.782	0.12696945732990106
12.924999999999999	0.12711447276411694
13.068999999999999	0.12744352384978758
13.213	0.12768579863144947
13.357	0.12778713471801
13.501	0.12827750819435452
13.644	0.12893852232220612
13.789	0.12923379471235658
13.933	0.12938754601610353
14.075	0.12959720688484944
14.219	0.1297323216669301
14.363	0.1299163573183848
14.507	0.13030015318645016
14.651	0.13051622035951885
14.795	0.130639104924256
14.937999999999999	0.13123955035669216
15.084999999999999	0.1318830927454816
15.225999999999999	0.13215157513573672
15.37	0.13229018426562983
15.514	0.13252022882994824
15.658	0.13283355535046293
15.802	0.13302399730624043
15.945999999999998	0.13324006447930908
16.089	0.13346312034800262
16.233	0.13361046534742682
16.377	0.1341491773018433
16.522	0.13469080121277016
16.666	0.13484047577740266
16.81	0.13492492251620308
16.953	0.13498199686380613
17.096999999999998	0.13504664229833607
17.241	0.13509090403729354
17.384999999999998	0.13528367555827936
17.529	0.13547237034015064
17.673	0.13553468620947234
17.817	0.13581831077358134
17.96	0.13620385381555294
18.104	0.13635411077148746
18.248	0.1365008733796096
18.392	0.1367431481612715
18.535999999999998	0.13685613207387345
18.68	0.1368677798999149
18.823999999999998	0.13702851989928672
18.968	0.13721663228985595
19.111	0.13732670424594753
19.255	0.13767380946198238
19.399	0.1380302329388504
19.543	0.1381455464166606
19.686	0.13817816032957664
19.83	0.13828997945957444
19.974	0.1385025522848307
20.118	0.13867494011024395
20.262	0.1387943303271687
20.406	0.13889391923982297
20.55	0.1390447585870596
20.694	0.13916822554309888
20.837	0.13936565619450125
20.980999999999998	0.13954328554163314
21.125	0.13957415228064296
21.269	0.13966791728027653
21.413	0.13973722184522308
21.557	0.1397832307580868
21.701	0.13983156923615875
21.845	0.13987524858381414
21.988	0.13999696836594716
22.131999999999998	0.14009073336558076
22.259999999999998	0.140165861843548
22.404	0.14028408727786862
22.548	0.14042211401645965
22.691	0.1405176261899994
22.835	0.14063061010260136
22.983999999999998	0.14074883553692197
23.123	0.14080998662363953
23.267	0.14091132271020002
23.410999999999998	0.1409946046663963
23.555	0.14105400857920763
23.698	0.14125493357842245
23.842	0.14148963727315741
23.986	0.1415740840119578
24.13	0.14162999357695671
24.274	0.14173074727221519
24.416999999999998	0.1418542142282544
24.562	0.14193400183663823
24.705	0.1419765164016895
24.849	0.14200738314069933
24.993	0.14210697205335363
25.137	0.14237370726970255
25.281	0.14255832531245932
25.425	0.1425752146602194
25.569	0.14270799987709182
25.712	0.1428407850939642
25.855999999999998	0.14287980531120303
26.000999999999998	0.1429566809630765
26.144	0.14310227878859447
26.288	0.14321235074468608
26.432	0.1434517135698376
26.576	0.14369981226452022
26.721	0.14376620487295644
26.864	0.14382327922055949
27.008	0.14384890443785064
27.152	0.14400789726331625
27.294999999999998	0.144168054871386
27.439	0.1442117342190414
27.583	0.14425599595799887
27.727	0.1443200590012268
27.871	0.14444177878335984
28.014	0.14464153899997048
28.157999999999998	0.1447801481298636
28.302	0.144872748346893
28.445999999999998	0.14500087443334886
28.59	0.14506901421569124
28.733999999999998	0.14511444073725285
28.877	0.14521868878032373
29.021	0.14529847638870758
29.163999999999998	0.14546736986630843
29.309	0.14567644834375224
29.451999999999998	0.14572886356093873
29.596	0.14577312529989617
29.74	0.1458797029081753
29.884	0.1459792918208296
30.028	0.14601015855983943
30.172	0.14601540008155806
30.316	0.14602879508150574
30.459	0.14607072725525488
30.602999999999998	0.14615692116796153
30.747	0.14621283073296046
30.891	0.14627864095009457
31.034	0.14634736312373905
31.178	0.1463671644280095
31.322	0.14640501986264415
31.466	0.1464661709493617
31.61	0.14655236486206835
31.753999999999998	0.14663506442696256
31.897999999999996	0.14667233747029518
32.042	0.1466740846442014
32.185	0.14668049094852417
32.329	0.14668631486154488
32.473	0.14674338920914792
32.617	0.1468173529045111
32.761	0.14684472529570847
32.903999999999996	0.1468686033390934
33.049	0.14688432790424935
33.195	0.14690063486070737
33.336	0.14691927138237365
33.48	0.14692742486060267
33.624	0.14694198464315444
33.768	0.14697809290388286
33.912	0.14701420116461136
34.056	0.1470258489906528
34.2	0.14703050812106938
34.344	0.14704448551231908
34.488	0.1470613748600792
34.632	0.14707418746872475
34.775999999999996	0.14708932964257862
34.92	0.14711029572945322
35.064	0.1471376681206506
35.207	0.1471848418161184
35.351	0.14721978529424273
35.495	0.14723609225070075
35.639	0.1472698709462209
35.782	0.14742886377168654
35.927	0.14757737355371486
36.07	0.14759659246668327
36.214	0.14775442050954474
36.358	0.14794835681313467
36.502	0.1479972776825087
36.646	0.14803979224755998
36.79	0.14815743529057848
36.934	0.14824188202937888
37.077	0.1483729200723451
37.221	0.14849988137619674
37.365	0.14850454050661333
37.509	0.14855171420208113
37.656	0.14860121746275728
37.797	0.148623348332236
37.94	0.14866003898426655
38.083999999999996	0.1487019711580157
38.228	0.1487310907231193
38.372	0.14877302289686847
38.516	0.14885863441827304
38.66	0.1489192031136885
38.803	0.1489483226787921
38.948	0.1489727831134791
39.091	0.14898734289603094
39.235	0.14902752789587387
39.379	0.1491614778953504
39.522999999999996	0.1492884391992021
39.667	0.14931581159039947
39.811	0.14932047072081603
39.954	0.1493251298512326
40.098	0.1493484255033155
40.242	0.14939268724227295
40.386	0.1494317074595118
40.531	0.1494683981115423
40.673	0.14950275919836453
40.818	0.1495184837635205
40.961999999999996	0.1495347907199785
41.106	0.14955866876336343
41.249	0.1496058424588313
41.393	0.14964544506737215
41.538	0.14965651050211154
41.681	0.14966874071945502
41.825	0.1496856300672151
41.969	0.1497025194149752
42.113	0.14971707919752703
42.258	0.14972872702356846
42.4	0.14974969311044303
42.544	0.1497689120234114
42.688	0.1497706591973176
42.833999999999996	0.1497939548494005
42.976	0.1498457876752849
43.12	0.14989121419684648
43.264	0.1499576068052827
43.408	0.15001701071809403
43.55	0.150065349196166
43.694	0.1501230059350711
43.838	0.15014164245673742
43.982	0.150146301587154
44.126	0.15014979593496644
44.269	0.15018240984788245
44.414	0.15023540745637098
44.558	0.1502686037605891
44.701	0.15028956984746367
44.845	0.15033150202121287
44.989	0.15036935745584754
45.133	0.15037459897756617
45.277	0.15038333484709726
45.42	0.15040197136876354
45.564	0.15042177267303397
45.708	0.1504316733251692
45.852	0.15047011115110592
45.996	0.15051087854225098
46.14	0.15058193028110375
46.284	0.15067511288943525
46.428	0.1507613068021419
46.571	0.15082420506276567
46.714999999999996	0.15083352332359884
46.859	0.1508463359322444
47.003	0.15085565419307756
47.147	0.15088302658427494
47.29	0.15092379397541994
47.434	0.15094068332318003
47.578	0.1509604846274505
47.722	0.15098378027953335
47.866	0.1510041639751059
48.01	0.15103852506192814
48.153999999999996	0.15107463332265658
48.297	0.15109851136604152
48.441	0.1511037528877602
48.586999999999996	0.1511282133224472
48.729	0.151167233539686
48.873	0.15118470527874817
49.016	0.15118878201786265
49.16	0.15119926506129994
49.304	0.15122197832208076
49.448	0.15124061484374707
49.592	0.15124760353937194
49.736	0.15125109788718433
49.88	0.15125866897411128
50.024	0.151264492887132
50.167	0.15126507527843408
50.311	0.15126856962624652
50.455	0.15128312940879832
50.599	0.15130991940869362
50.743	0.151329138321662
50.886	0.1513332150607765
51.03	0.15133437984338063
51.174	0.15134893962593243
51.321	0.15136757614759874
51.463	0.15138271832145261
51.607	0.1514036844083272
51.751	0.15142232092999347
51.894999999999996	0.1514368807125453
52.038	0.15145551723421158
52.182	0.15147065940806548
52.326	0.15147997766889862
52.47	0.15148929592973176
52.615	0.1515079324513981
52.758	0.15153414005999133
52.902	0.15155044701644932
53.045	0.15156034766858456
53.189	0.15158772005978194
53.333	0.15163897049436426
53.477	0.15167100201597822
53.621	0.15172458201576883
53.764	0.15178165636337188
53.908	0.15179213940680916
54.052	0.15183989549357907
54.196	0.15188532201514066
54.339999999999996	0.15188823397165102
54.484	0.15189056353685929
54.628	0.15189871701508828
54.772	0.15193074853670224
54.915	0.15195637375399343
55.06	0.15196627440612864
55.204	0.151985493319097
55.348	0.15200063549295087
55.491	0.15201577766680474
55.635	0.15202917266675242
55.778	0.15203383179716898
55.923	0.15203732614498142
56.067	0.15204722679711663
56.21	0.15205712744925187
56.356	0.15205887462315806
56.498	0.1520810054926368
56.641999999999996	0.1521101250577404
56.786	0.1521223552750839
56.93	0.1521287615794067
57.074	0.15213342070982327
57.217999999999996	0.1521374974489378
57.362	0.152139244622844
57.504	0.1521561339706041
57.649	0.15217651766617663
57.793	0.1521910774487284
57.937	0.15220272527476983
58.08	0.1522079667964885
58.224	0.15221320831820712
58.368	0.15221670266601955
58.513	0.152220197013832
58.655	0.15222310897034236
58.799	0.1522266033181548
58.943	0.15223533918768586
59.086999999999996	0.15224407505721693
59.23	0.15224873418763352
59.374	0.15225164614414388
59.518	0.1522533933180501
59.662	0.1522615467962791
59.806	0.15227435940492468
59.95	0.15228309527445572
60.094	0.15229066636138266
60.238	0.15230580853523656
60.383	0.15231629157867385
60.525	0.15231978592648626
60.669	0.15232619223080907
60.813	0.15233784005685053
60.957	0.1523564765785168
61.1	0.15236987157846446
61.245	0.1523791898392976
61.388	0.15238734331752662
61.532	0.15239316723054736
61.676	0.1523966615783598
61.82	0.15239724396966187
61.964	0.15239957353487016
62.108	0.15240132070877635
62.251	0.1524042326652867
62.394999999999996	0.15240889179570327
62.539	0.15241296853481778
62.683	0.1524164628826302
62.827	0.15242985788257787
62.971	0.15244500005643175
63.115	0.1524479120129421
63.258	0.15244849440424418
63.402	0.15245490070856696
63.546	0.1524607246215877
63.69	0.15246247179549388
63.834	0.15246946049111876
63.977000000000004	0.15247644918674363
64.121	0.15247994353455607
64.265	0.15248634983887882
64.409	0.15249275614320162
64.553	0.15249508570840992
64.697	0.15249683288231614
64.841	0.15249858005622235
64.986	0.1525020744040348
65.128	0.15250673353445138
65.272	0.1525102278822638
65.416	0.15251372223007623
65.56	0.15252187570830522
65.704	0.15253527070825285
65.847	0.15254458896908601
65.991	0.15255274244731504
66.135	0.1525643902733565
66.279	0.15257137896898135
66.423	0.15257312614288754
66.567	0.15257895005590827
66.711	0.15259001549064766
66.855	0.15259933375148077
66.998	0.15260690483840772
67.142	0.15261214636012638
67.286	0.15261505831663674
67.42999999999999	0.15261738788184503
67.573	0.15261913505575125
67.718	0.15262495896877193
67.861	0.1526296180991885
68.009	0.15263136527309473
68.149	0.15263544201220924
68.293	0.1526430130991362
68.437	0.15264825462085482
68.581	0.15265174896866726
68.725	0.15265932005559418
68.869	0.15266397918601077
69.013	0.15266805592512528
69.158	0.15267504462075013
69.30199999999999	0.15268145092507293
69.445	0.1526878572293957
69.589	0.15269484592502058
69.733	0.15270183462064546
69.877	0.15270532896845787
70.021	0.1527070761423641
70.165	0.1527088233162703
70.309	0.1527105704901765
70.452	0.15271348244668687
70.596	0.15272280070752003
70.74	0.15273270135965525
70.884	0.15273677809876973
71.028	0.15273910766397802
71.173	0.15274434918569668
71.316	0.1527525026639257
71.46	0.15275890896824848
71.603	0.15276356809866504
71.747	0.15276706244647748
71.891	0.15277579831600857
72.035	0.15278278701163345
72.179	0.15278453418553967
72.322	0.15279268766376863
72.466	0.15280258831590388
72.61	0.1528060826637163
72.754	0.15280957701152875
72.898	0.15281248896803912
73.041	0.15281656570715363
73.18599999999999	0.15282180722887226
73.329	0.15282355440277845
73.473	0.15282821353319503
73.617	0.15283578462012198
73.761	0.1528392789679344
73.905	0.15283986135923647
74.04899999999999	0.15284219092444476
74.192	0.1528456852722572
74.336	0.15284917962006964
74.48	0.1528538387504862
74.624	0.15285675070699656
74.767	0.15285675070699656
74.912	0.15285849788090278
75.059	0.15286082744611107
75.199	0.1528625746200173
75.343	0.15286548657652765
75.487	0.15287014570694424
75.631	0.15287364005475665
75.775	0.15287538722866287
75.918	0.15287888157647528
76.063	0.15288237592428772
76.206	0.15288412309819394
76.35	0.15288761744600635
76.494	0.1528911117938188
76.638	0.1528992652720478
76.782	0.1529074187502768
76.926	0.1529080011415789
77.069	0.15290916592418302
77.213	0.15291091309808924
77.357	0.15291673701110997
77.501	0.15292547288064107
77.644	0.15293304396756796
77.789	0.15294119744579698
77.934	0.15295051570663015
78.076	0.15295925157616122
78.22	0.15296391070657778
78.364	0.1529679874456923
78.51	0.15297089940220265
78.652	0.15297148179350473
78.796	0.15297672331522338
78.939	0.15298138244563994
79.083	0.15298138244563994
79.227	0.15298371201084823
79.371	0.15298720635866067
79.515	0.15299186548907723
79.659	0.15299710701079589
79.80199999999999	0.15300176614121247
79.946	0.1530052604890249
80.09	0.1530070076629311
80.234	0.15300991961944146
80.377	0.15301224918464976
80.522	0.15301399635855595
80.666	0.1530151611411601
80.809	0.1530151611411601
80.953	0.15301574353246217
81.097	0.1530192378802746
81.242	0.15302739135850363
81.384	0.15303321527152436
81.529	0.15303496244543058
81.673	0.15303729201063884
81.816	0.153038456793243
81.96	0.1530390391845451
82.104	0.1530407863584513
82.248	0.15304253353235753
82.392	0.15304428070626375
82.535	0.15304719266277408
82.682	0.1530506870105865
82.823	0.15305418135839893
82.967	0.15305651092360723
83.111	0.15305825809751344
83.255	0.15306291722793003
83.399	0.15306815874964866
83.542	0.15307281788006524
83.68599999999999	0.15307922418438802
83.83	0.15308271853220046
83.974	0.15308970722782533
84.118	0.1531001902712626
84.262	0.1531042670103771
84.406	0.15310601418428332
84.54899999999999	0.15310717896688747
84.693	0.15311009092339783
84.837	0.15311999157553305
84.981	0.15312698027115793
85.125	0.15312756266246
85.268	0.15313105701027244
85.412	0.153135716140689
85.556	0.15313921048850143
85.7	0.15314095766240765
85.844	0.15314270483631387
85.988	0.15314445201022006
86.132	0.1531456167928242
86.276	0.15314852874933457
86.42	0.15315551744495942
86.564	0.15316308853188637
86.708	0.15316716527100088
86.852	0.15317007722751125
86.996	0.1531729891840216
87.14	0.15317764831443814
87.283	0.15318230744485473
87.42699999999999	0.15318580179266716
87.573	0.1531875489665734
87.715	0.15318813135787546
87.861	0.15319220809698997
88.002	0.15320094396652106
88.146	0.15320851505344799
88.29	0.15321142700995835
88.434	0.15321200940126042
88.578	0.1532149213577708
88.722	0.1532184157055832
88.866	0.1532224924446977
89.01	0.15322773396641634
89.153	0.1532306459229267
89.297	0.15323355787943707
89.441	0.15323996418375985
89.585	0.15324462331417643
89.731	0.15324870005329094
89.873	0.15325277679240545
90.017	0.1532580183141241
90.16	0.15326617179235308
90.304	0.15327141331407174
90.448	0.15327490766188417
90.592	0.15327898440099869
90.735	0.15328364353141527
90.88	0.15328597309662356
91.023	0.15328830266183185
91.167	0.1532912146183422
91.31099999999999	0.1532929617922484
91.455	0.15329645614006085
91.599	0.15329936809657121
91.743	0.15330169766177948
91.887	0.15330519200959192
92.03	0.15330693918349814
92.17399999999999	0.15330926874870643
92.318	0.15331101592261265
92.462	0.1533121807052168
92.607	0.15331858700953954
92.75	0.1533238285312582
92.893	0.15332732287907064
93.037	0.15333431157469551
93.181	0.15333955309641417
93.325	0.1533430474442266
93.469	0.15334479461813283
93.613	0.1533477065746432
93.757	0.15335353048766387
93.9	0.1533570248354763
94.044	0.15335877200938253
94.188	0.15336226635719497
94.332	0.1533680902702157
94.476	0.1533762437484447
94.619	0.15338090287886127
94.764	0.15338206766146542
94.907	0.15338323244406957
95.051	0.15338381483537164
95.195	0.15338730918318405
95.339	0.15339546266141307
95.483	0.15340245135703792
95.626	0.1534047809222462
95.771	0.15341002244396484
95.914	0.15341817592219387
96.05799999999999	0.1534263294004229
96.202	0.15343273570474567
96.346	0.15343681244386015
96.49	0.15344263635688088
96.636	0.15345253700901612
96.777	0.15346593200896377
96.921	0.15347292070458865
97.065	0.1534775798350052
97.209	0.15348223896542176
97.353	0.15348748048714042
97.497	0.15349971070448393
97.641	0.153508446574015
97.784	0.15352358874786887
97.928	0.1535439724434414
98.072	0.15355562026948283
98.216	0.1535602793998994
98.36	0.1535602793998994
98.504	0.15356202657380563
98.648	0.15356668570422222
98.791	0.15357192722594087
98.935	0.15357600396505533
99.079	0.15357775113896155
99.223	0.153581245486774
99.367	0.15359231092151338
99.51	0.15360221157364856
99.656	0.15360745309536722
99.798	0.15361094744317966
99.942	0.1536208480953149
100.086	0.15363366070396045
100.23	0.15363773744307496
100.374	0.15365462679083502
100.517	0.15367268092119926
100.661	0.15367442809510548
100.80499999999999	0.15367850483422
100.949	0.1536825815733345
101.093	0.15368549352984487
101.237	0.15369131744286557
101.381	0.153694811790678
101.525	0.1536953941819801
101.668	0.15369888852979252
101.812	0.15370354766020905
101.956	0.1537070420080215
102.1	0.153711118747136
102.243	0.15371461309494844
102.387	0.15372101939927124
102.531	0.15372567852968785
102.675	0.15372684331229197
102.819	0.15373150244270856
102.963	0.15373674396442719
103.107	0.15374373266005203
103.251	0.15375130374697898
103.394	0.15375479809479142
103.538	0.1537577100513018
103.682	0.15376120439911423
103.826	0.1537699402686453
103.971	0.15377867613817636
104.115	0.15378566483380124
104.259	0.15379207113812404
104.402	0.1537944007033323
104.546	0.15379556548593645
104.69	0.15379614787723855
104.834	0.15379847744244682
104.977	0.15380197179025923
105.122	0.15380663092067579
105.266	0.15381187244239447
105.409	0.15381594918150898
105.553	0.15381886113801935
105.699	0.1538235202684359
105.841	0.15382701461624834
105.985	0.1538316737466649
106.128	0.15383691526838356
106.272	0.15383866244228978
106.416	0.15384157439880014
106.56	0.15384390396400843
106.704	0.1538462335292167
106.849	0.15384914548572706
106.992	0.15385380461614365
107.135	0.15385904613786228
107.279	0.15386195809437264
107.423	0.153864870050883
107.567	0.1538671996160913
107.711	0.15386894678999752
107.855	0.15387185874650786
107.999	0.15387360592041407
108.142	0.15387418831171615
108.286	0.15387826505083066
108.42999999999999	0.15388350657254932
108.574	0.15388525374645554
108.718	0.15388525374645554
108.861	0.15388700092036176
109.006	0.15388991287687212
109.149	0.15389282483338246
109.293	0.1538957367898928
109.437	0.15389748396379901
109.581	0.1538998135290073
109.725	0.15390272548551767
109.868	0.15390389026812182
110.013	0.15390389026812182
110.156	0.1539044726594239
110.3	0.15390854939853837
110.444	0.15391320852895496
110.588	0.15391495570286118
110.732	0.15391553809416325
110.876	0.1539167028767674
111.019	0.15391786765937154
111.163	0.15391786765937154
111.307	0.15392019722457984
111.451	0.15392252678978813
111.595	0.15392427396369435
111.739	0.15392835070280886
111.883	0.15393126265931917
112.026	0.15393533939843368
112.17	0.15394058092015236
112.314	0.15394232809405858
112.458	0.15394349287666273
112.601	0.15394698722447514
112.746	0.15394698722447514
112.894	0.15394698722447514
113.033	0.15394698722447514
113.17699999999999	0.15394698722447514
113.321	0.15395048157228758
113.465	0.15395048157228758
113.609	0.15395164635489172
113.752	0.1539522287461938
113.896	0.15395281113749587
114.04	0.15395281113749587
114.184	0.15395281113749587
114.328	0.1539545583114021
114.472	0.15395805265921453
114.616	0.15396096461572487
114.76	0.15396329418093313
114.903	0.15396678852874557
115.047	0.153970282876558
115.191	0.15397144765916215
115.334	0.15397203005046423
115.479	0.15397377722437045
115.623	0.1539749420069746
115.767	0.15397552439827666
115.91	0.15397785396348496
116.054	0.1539813483112974
116.198	0.15398426026780776
116.342	0.15398600744171398
116.485	0.15398775461562017
116.629	0.15398891939822432
116.773	0.15398891939822432
116.917	0.15398891939822432
117.06099999999999	0.15398891939822432
117.205	0.15398891939822432
117.349	0.15398891939822432
117.492	0.15398891939822432
117.636	0.1539912489634326
117.78	0.15399474331124502
117.92399999999999	0.15399590809384917
118.068	0.15399649048515124
118.211	0.15399823765905749
118.356	0.15399823765905749
118.5	0.15399823765905749
118.643	0.15399823765905749
118.787	0.15399823765905749
118.931	0.15399823765905749
119.075	0.15399823765905749
119.218	0.15399823765905749
119.362	0.15399823765905749
119.506	0.15399823765905749
119.65	0.15400056722426575
119.794	0.15400231439817197
119.938	0.15401105026770306
120.082	0.1540209509198383
120.226	0.1540209509198383
120.369	0.1540209509198383
120.513	0.15402328048504657
120.657	0.15402328048504657
120.801	0.15402328048504657
120.944	0.15402328048504657
121.089	0.15402328048504657
121.233	0.15402328048504657
121.376	0.15402328048504657
121.521	0.15402328048504657
121.665	0.15402328048504657
121.809	0.15402328048504657
121.952	0.15402328048504657
122.097	0.15402561005025484
122.24	0.1540285220067652
122.384	0.15402968678936935
122.528	0.15403026918067142
122.672	0.1540308515719735
122.816	0.1540308515719735
122.96	0.15403318113718178
123.103	0.15403609309369215
123.247	0.1540395874415046
123.391	0.15404424657192115
123.535	0.15404657613712944
123.679	0.15404832331103566
123.825	0.15405007048494188
123.967	0.15405007048494188
124.11	0.15405240005015017
124.254	0.15405240005015017
124.398	0.15405240005015017
124.542	0.15405240005015017
124.68599999999999	0.1540553120066605
124.83	0.15405647678926465
124.974	0.15405647678926465
125.117	0.15405647678926465
125.261	0.15405647678926465
125.405	0.15405647678926465
125.54899999999999	0.15405647678926465
125.693	0.15405705918056672
125.836	0.15405880635447292
125.98	0.15405880635447292
126.124	0.15405997113707706
126.268	0.15406055352837913
126.412	0.1540611359196812
126.556	0.1540611359196812
126.7	0.1540611359196812
126.843	0.15406230070228535
126.987	0.15406404787619157
127.131	0.15406695983270194
127.275	0.15406928939791023
127.419	0.1540698717892123
127.563	0.15407045418051438
127.709	0.15407220135442062
127.85000000000001	0.15407394852832684
127.99399999999999	0.154075113310931
128.138	0.154075113310931
128.282	0.15407686048483715
128.42600000000002	0.15407860765874337
128.56900000000002	0.15407977244134755
128.71400000000003	0.15408151961525374
128.85700000000003	0.15408559635436825
129.001	0.1540890907021807
129.145	0.1540908378760869
129.28900000000002	0.1540925850499931
129.43300000000002	0.15409433222389932
129.57600000000002	0.1540949146152014
129.72000000000003	0.1540949146152014
129.864	0.1540960793978055
130.008	0.15409782657171173
130.15200000000002	0.15409840896301383
130.29600000000002	0.15409840896301383
130.44000000000003	0.15409957374561797
130.58300000000003	0.15410190331082624
130.727	0.15410365048473246
130.871	0.1541053976586387
131.01500000000001	0.15410714483254492
131.15900000000002	0.154107727223847
131.30200000000002	0.154107727223847
131.447	0.15410947439775322
131.59	0.15411122157165943
131.734	0.15411238635426358
131.87800000000001	0.15411704548468014
132.02200000000002	0.15411704548468014
132.16600000000003	0.15412053983249255
132.30900000000003	0.15412053983249255
132.453	0.15412112222379462
132.597	0.1541234517890029
132.741	0.15412636374551328
132.88600000000002	0.1541281109194195
133.02900000000002	0.15413044048462776
133.173	0.15413218765853398
133.316	0.15413509961504435
133.46	0.1541380115715547
133.604	0.15413917635415886
133.74800000000002	0.15414092352806508
133.89200000000002	0.1541426707019713
134.03500000000003	0.15414441787587752
134.18	0.15414791222368998
134.323	0.1541514065715024
134.467	0.15415198896280446
134.61100000000002	0.15415315374540858
134.75500000000002	0.15415606570191892
134.899	0.15415781287582514
135.043	0.15416130722363758
135.186	0.15416480157145004
135.33	0.1541653839627521
135.47600000000003	0.1541671311366583
135.61800000000002	0.15416829591926243
135.762	0.15417004309316867
135.906	0.1541717902670749
136.05	0.15417295504967904
136.193	0.15417470222358526
136.33700000000002	0.15417470222358526
136.48100000000002	0.15417644939749148
136.625	0.15417936135400184
136.768	0.15418110852790806
136.913	0.15418110852790806
137.056	0.15418285570181428
137.20000000000002	0.15418285570181428
137.34400000000002	0.15418518526702255
137.488	0.15418693244092874
137.632	0.15418867961483496
137.776	0.15418926200613703
137.919	0.15419100918004325
138.06300000000002	0.15419275635394947
138.20700000000002	0.15419275635394947
138.35100000000003	0.15419566831045983
138.495	0.1541985802669702
138.639	0.15419916265827227
138.78300000000002	0.15419974504957434
138.92700000000002	0.15419974504957434
139.07100000000003	0.15420149222348056
139.215	0.1542073161365013
139.359	0.15421197526691785
139.50300000000001	0.15421255765821992
139.64700000000002	0.15421430483212614
139.79100000000003	0.1542189639625427
139.935	0.15422362309295928
140.078	0.15422595265816758
140.222	0.15423468852769867
140.366	0.15424284200592767
140.51000000000002	0.15424400678853178
140.65300000000002	0.15424517157113593
140.79700000000003	0.15424691874504215
140.941	0.15425274265806288
141.085	0.1542585665710836
141.229	0.1542603137449898
141.37300000000002	0.15426147852759395
141.51700000000002	0.15426322570150017
141.66000000000003	0.1542649728754064
141.805	0.1542667200493126
141.95000000000002	0.15426730244061468
142.092	0.15426730244061468
142.23600000000002	0.15427021439712504
142.38000000000002	0.15427429113623956
142.524	0.1542754559188437
142.668	0.15427720309274992
142.811	0.15428069744056233
142.955	0.1542830270057706
143.09900000000002	0.15428826852748928
143.24300000000002	0.15429292765790587
143.38600000000002	0.15429525722311413
143.53	0.1542993339622286
143.674	0.15430108113613486
143.818	0.15430108113613486
143.96200000000002	0.15430224591873898
144.10600000000002	0.15430515787524934
144.25	0.154310399396968
144.393	0.15431505852738459
144.537	0.15431680570129078
144.681	0.15432030004910322
144.80900000000003	0.15432670635342602
144.953	0.15433020070123846
145.097	0.15433078309254053
145.241	0.15433253026644672
145.38500000000002	0.1543354422229571
145.52800000000002	0.1543354422229571
145.67200000000003	0.15433777178816538
145.816	0.15433777178816538
145.96	0.15434126613597782
146.103	0.15434709004899855
146.247	0.15435058439681093
146.39100000000002	0.15435291396201922
146.53500000000003	0.1543558259185296
146.679	0.1543575730924358
146.823	0.15436106744024825
146.967	0.15436456178806068
147.11	0.1543663089619669
147.25500000000002	0.15436805613587312
147.39800000000002	0.1543686385271752
147.542	0.1543686385271752
147.686	0.1543686385271752
147.83	0.15437155048368556
147.97400000000002	0.15437737439670626
148.11700000000002	0.15437737439670626
148.26100000000002	0.1543826159184249
148.405	0.15439484613576843
148.549	0.15440532917920574
148.693	0.1544099883096223
148.83700000000002	0.15441639461394507
148.98100000000002	0.15442396570087202
149.12400000000002	0.15442920722259065
149.268	0.1544309543964969
149.412	0.15443270157040312
149.556	0.1544373607008197
149.70000000000002	0.15445425004857977
149.84400000000002	0.15446764504852742
149.988	0.15446939222243364
150.131	0.1544717217876419
150.275	0.15447346896154812
150.419	0.15448162243977714
150.56300000000002	0.15449618222232894
150.70700000000002	0.15450258852665175
150.85100000000003	0.15450258852665175
150.995	0.15450258852665175
151.138	0.15450783004837038
151.282	0.15450783004837038
151.42600000000002	0.15450783004837038
151.57000000000002	0.15451423635269318
151.71400000000003	0.15451714830920352
151.858	0.15451714830920352
152.001	0.15452471939613044
152.145	0.15453170809175532
152.28900000000002	0.15453869678738016
152.43300000000002	0.15454917983081745
152.57600000000002	0.1545590804829527
152.721	0.1545678163524838
152.865	0.15457305787420242
153.00900000000001	0.15457596983071276
153.15200000000002	0.154585870482848
153.29600000000002	0.15460159504800394
153.44000000000003	0.15460974852623294
153.584	0.15461091330883708
153.727	0.15461557243925367
153.871	0.15462081396097233
154.01500000000001	0.15462314352618062
154.15900000000002	0.1546278026565972
154.30300000000003	0.15463071461310757
154.447	0.15463304417831586
154.591	0.15463653852612824
154.734	0.15463828570003446
154.87800000000001	0.15464527439565934
155.02200000000002	0.1546516806999821
155.16600000000003	0.15465284548258626
155.31	0.15465750461300284
155.454	0.15466332852602357
155.598	0.154666822873836
155.741	0.15466857004774226
155.88500000000002	0.15467031722164845
156.02900000000002	0.15467206439555464
156.173	0.15468196504768986
156.317	0.15469186569982507
156.461	0.15469419526503336
156.60500000000002	0.15469710722154373
156.74900000000002	0.15470351352586653
156.893	0.15470933743888723
157.037	0.15471108461279345
157.181	0.15471399656930382
157.32500000000002	0.15471923809102248
157.46900000000002	0.15472273243883491
157.61200000000002	0.15472273243883491
157.756	0.1547273915692515
157.9	0.15473263309097013
158.048	0.1547332154822722
158.18800000000002	0.15473438026487635
158.33200000000002	0.15473729222138666
158.47600000000003	0.15474136896050117
158.619	0.1547495224387302
158.763	0.154755928743053
158.907	0.1547565111343551
159.05100000000002	0.15475767591695921
159.19400000000002	0.15475942309086543
159.33800000000002	0.15476117026477165
159.48200000000003	0.1547623350473758
159.626	0.1547623350473758
159.77	0.15476291743867787
159.91400000000002	0.15476349982997992
160.05800000000002	0.15476699417779236
160.20200000000003	0.15477165330820894
160.34500000000003	0.15477340048211516
160.489	0.15477573004732342
160.633	0.15477747722122964
160.77700000000002	0.1547786420038338
160.92100000000002	0.15478038917774
161.06500000000003	0.15478097156904208
161.209	0.15478213635164623
161.352	0.15478388352555245
161.496	0.15478737787336488
161.64000000000001	0.15478737787336488
161.78400000000002	0.15478737787336488
161.92800000000003	0.15478737787336488
162.072	0.15478737787336488
162.215	0.15479203700378147
162.359	0.1547937841776877
162.50300000000001	0.1547937841776877
162.64700000000002	0.1547955313515939
162.79100000000003	0.15479727852550013
162.935	0.15479844330810424
163.078	0.15480135526461458
163.222	0.15480368482982287
163.366	0.1548054320037291
163.51000000000002	0.15480892635154153
163.65400000000002	0.15481125591674982
163.798	0.15481300309065604
163.942	0.1548159150471664
164.085	0.15481707982977055
164.229	0.15481882700367677
164.37300000000002	0.15482173896018714
164.51700000000002	0.15482523330799958
164.661	0.15482756287320784
164.80700000000002	0.154828727655812
164.949	0.154828727655812
165.092	0.15482989243841613
165.23600000000002	0.15482989243841613
165.38000000000002	0.15482989243841613
165.524	0.15483047482971823
165.668	0.1548310572210203
165.811	0.1548310572210203
165.95600000000002	0.15483280439492647
166.09900000000002	0.1548362987427389
166.24300000000002	0.1548362987427389
166.387	0.15483804591664513
166.531	0.15483979309055135
166.675	0.15484503461227
166.818	0.15484503461227
166.96300000000002	0.15484852896008244
167.10600000000002	0.1548496937426866
167.25	0.15485085852529074
167.394	0.15485260569919695
167.538	0.15485610004700937
167.68200000000002	0.15485901200351973
167.82600000000002	0.15486250635133214
167.96900000000002	0.15486600069914458
168.113	0.1548677478730508
168.257	0.1548677478730508
168.401	0.15486833026435287
168.54500000000002	0.15486949504695702
168.68900000000002	0.15486949504695702
168.83300000000003	0.15487065982956114
168.977	0.15487065982956114
169.122	0.15487298939476943
169.264	0.15487298939476943
169.40800000000002	0.15487648374258187
169.55200000000002	0.154877648525186
169.69600000000003	0.15487823091648809
169.84	0.15488056048169638
169.983	0.15488347243820674
170.127	0.154885219612113
170.27100000000002	0.1548869667860192
170.41500000000002	0.1548887139599254
170.55900000000003	0.15488929635122747
170.70200000000003	0.15488929635122747
170.846	0.1548904611338316
170.99	0.15489279069903988
171.13400000000001	0.15489395548164406
171.27900000000002	0.15489395548164406
171.42200000000003	0.15489395548164406
171.566	0.15489395548164406
171.71	0.15489395548164406
171.853	0.15489395548164406
171.997	0.15489395548164406
172.14100000000002	0.15489395548164406
172.28500000000003	0.1548945378729461
172.429	0.15489512026424818
172.573	0.15489512026424818
172.71900000000002	0.1548968674381544
172.86	0.15489977939466476
173.00400000000002	0.15490152656857098
173.14800000000002	0.15490210895987305
173.292	0.1549032737424772
173.435	0.15490443852508134
173.579	0.15490502091638342
173.723	0.1549067680902896
173.86800000000002	0.1549067680902896
174.012	0.1549067680902896
174.156	0.15491026243810205
174.3	0.15491259200331034
174.44400000000002	0.15491259200331034
174.58700000000002	0.15491259200331034
174.73100000000002	0.15491259200331034
174.875	0.15491375678591446
175.019	0.15491375678591446
175.163	0.1549172511337269
175.30700000000002	0.15492074548153936
175.45100000000002	0.15492249265544555
175.59400000000002	0.15492307504674763
175.738	0.15492540461195592
175.882	0.15492540461195592
176.026	0.15492540461195592
176.169	0.15492540461195592
176.31400000000002	0.15492540461195592
176.45700000000002	0.15492831656846628
176.60100000000003	0.15493064613367455
176.745	0.15493239330758077
176.889	0.15493355809018491
177.03300000000002	0.15493472287278906
177.17700000000002	0.15493530526409113
177.32000000000002	0.1549358876553932
177.46400000000003	0.1549358876553932
177.608	0.15493705243799735
177.752	0.1549382172206015
177.89600000000002	0.1549382172206015
178.04000000000002	0.1549382172206015
178.186	0.15493879961190357
178.32700000000003	0.1549405467858098
178.472	0.154942293959716
178.615	0.154942293959716
178.75900000000001	0.154942293959716
178.90300000000002	0.1549440411336222
179.04700000000003	0.15494578830752842
179.191	0.15494578830752842
179.334	0.15494578830752842
179.478	0.1549463706988305
179.622	0.15494753548143464
179.76600000000002	0.15494870026403879
179.91000000000003	0.15494870026403879
180.05300000000003	0.15494870026403879
180.198	0.15494870026403879
180.341	0.15494870026403879
180.485	0.15494870026403879
180.62900000000002	0.15494928265534086
180.77300000000002	0.15494870026403879
180.917	0.15494870026403879
181.06	0.15494870026403879
181.205	0.15494870026403879
181.348	0.15494870026403879
181.49200000000002	0.15494870026403879
181.63600000000002	0.15494870026403879
181.78	0.15494870026403879
181.924	0.15494753548143464
182.068	0.15494870026403879
182.211	0.15494870026403879
182.35500000000002	0.15494928265534086
182.49900000000002	0.15495102982924708
182.643	0.15495219461185122
182.787	0.1549527770031533
182.931	0.15495335939445537
183.07500000000002	0.15495335939445537
183.21800000000002	0.15495335939445537
183.36200000000002	0.15495335939445537
183.506	0.15495335939445537
183.65	0.15495335939445537
183.793	0.15495335939445537
183.93800000000002	0.1549551065683616
184.08200000000002	0.1549568537422678
184.22500000000002	0.1549568537422678
184.369	0.15495801852487195
184.513	0.1549591833074761
184.657	0.1549591833074761
184.80100000000002	0.1549591833074761
184.94400000000002	0.1549591833074761
185.08800000000002	0.1549591833074761
185.23200000000003	0.1549591833074761
185.376	0.1549591833074761
185.52	0.1549591833074761
185.66400000000002	0.1549591833074761
185.80800000000002	0.1549591833074761
185.95100000000002	0.1549591833074761
186.09500000000003	0.1549591833074761
186.239	0.1549591833074761
186.383	0.15496034809008025
186.52700000000002	0.15496326004659058
186.67100000000002	0.1549650072204968
186.81500000000003	0.15496558961179885
186.959	0.15496617200310092
187.102	0.15496617200310092
187.24900000000002	0.15496617200310092
187.39000000000001	0.15496617200310092
187.53500000000003	0.15496617200310092
187.67700000000002	0.1549690839596113
187.82100000000003	0.1549690839596113
187.965	0.15496617200310092
188.109	0.1549690839596113
188.25300000000001	0.15497257830742373
188.39700000000002	0.15497257830742373
188.54100000000003	0.15497257830742373
188.685	0.15497257830742373
188.828	0.15497257830742373
188.972	0.15497316069872583
189.116	0.15497432548132994
189.26000000000002	0.15497607265523616
189.40300000000002	0.15497607265523616
189.548	0.15497607265523616
189.692	0.15497665504653826
189.835	0.15497840222044446
189.979	0.15498014939435067
190.12300000000002	0.15498014939435067
190.26700000000002	0.15498131417695482
190.41000000000003	0.15498247895955897
190.555	0.15498306135086104
190.698	0.15498364374216309
190.842	0.15498480852476723
190.98600000000002	0.15498597330737138
191.13000000000002	0.15498655569867348
191.274	0.1549883028725797
191.419	0.15499005004648592
191.562	0.154990632437788
191.70600000000002	0.154990632437788
191.85000000000002	0.154990632437788
191.994	0.154990632437788
192.138	0.15499179722039214
192.282	0.15499296200299628
192.42600000000002	0.15499296200299628
192.56900000000002	0.15499296200299628
192.71300000000002	0.15499296200299628
192.85700000000003	0.15499296200299628
193.001	0.15499412678560043
193.145	0.15499296200299628
193.28900000000002	0.15499296200299628
193.43300000000002	0.15499296200299628
193.57600000000002	0.15499296200299628
193.72000000000003	0.15499296200299628
193.864	0.15499296200299628
194.008	0.15499412678560043
194.15200000000002	0.15499412678560043
194.29500000000002	0.15499296200299628
194.43900000000002	0.15499412678560043
194.58300000000003	0.15499412678560043
194.727	0.1549958739595066
194.871	0.15499820352471488
195.01500000000001	0.1549999506986211
195.15900000000002	0.15500111548122525
195.30200000000002	0.15500286265513147
195.44600000000003	0.15500344504643354
195.59	0.1550046098290377
195.734	0.1550063570029439
195.87800000000001	0.15500693939424598
196.02200000000002	0.1550063570029439
196.16600000000003	0.1550063570029439
196.312	0.15500693939424598
196.453	0.15500693939424598
196.597	0.15500810417685013
196.741	0.1550110161333605
196.88500000000002	0.155015092872475
197.02800000000002	0.155015092872475
197.173	0.15501858722028744
197.316	0.15502033439419363
197.46	0.15502208156809985
197.604	0.155023246350704
197.74800000000002	0.15502382874200607
197.89200000000002	0.15502441113330814
198.03500000000003	0.15502557591591226
198.18	0.15502557591591226
198.323	0.15502790548112055
198.467	0.15502965265502677
198.61100000000002	0.15503023504632885
198.75500000000002	0.155031399828933
198.899	0.1550331470028392
199.043	0.15503489417674543
199.186	0.15503489417674543
199.33	0.15503605895934958
199.47400000000002	0.15503605895934958
199.61800000000002	0.15503605895934958
199.762	0.15503605895934958
199.906	0.15503605895934958
200.049	0.15503605895934958
200.193	0.15503664135065165
200.33700000000002	0.1550372237419537
200.48100000000002	0.1550372237419537
200.625	0.15503838852455787
200.769	0.15503838852455787
200.912	0.15503838852455787
201.056	0.15503955330716201
201.20000000000002	0.1550401356984641
201.34400000000002	0.15504071808976613
201.488	0.15504188287237028
201.632	0.15504304765497443
201.776	0.15504304765497443
201.919	0.15504479482888064
202.06300000000002	0.15504712439408896
202.20700000000002	0.1550506187419014
202.35100000000003	0.15505411308971384
202.495	0.15505586026362003
202.64100000000002	0.15505702504622418
202.782	0.15505760743752622
202.92600000000002	0.1550581898288283
203.07000000000002	0.1550581898288283
203.21400000000003	0.1550605193940366
203.358	0.1550605193940366
203.502	0.1550581898288283
203.645	0.1550581898288283
203.78900000000002	0.1550581898288283
203.93300000000002	0.1550581898288283
204.07700000000003	0.15505760743752622
204.221	0.15505760743752622
204.365	0.15505760743752622
204.50900000000001	0.15505760743752622
204.65200000000002	0.1550581898288283
204.79600000000002	0.15505760743752622
204.94000000000003	0.15505760743752622
205.084	0.15505702504622418
205.228	0.15505760743752622
205.37300000000002	0.1550581898288283
205.51600000000002	0.15505760743752622
205.66000000000003	0.15505760743752622
205.80300000000003	0.15505760743752622
205.947	0.15505760743752622
206.091	0.15505760743752622
206.235	0.15505760743752622
206.37800000000001	0.1550581898288283
206.52200000000002	0.1550581898288283
206.66600000000003	0.15505935461143244
206.81	0.15506168417664074
206.954	0.15506284895924485
207.098	0.15506284895924485
207.24200000000002	0.15506168417664074
207.38500000000002	0.15506168417664074
207.52900000000002	0.15506168417664074
207.673	0.15506168417664074
207.817	0.15506168417664074
207.961	0.15505935461143244
208.10500000000002	0.15505935461143244
208.24900000000002	0.15506168417664074
208.393	0.15506284895924485
208.536	0.15506284895924485
208.68	0.15506284895924485
208.82500000000002	0.15506284895924485
208.96900000000002	0.15506168417664074
209.11200000000002	0.15505935461143244
209.256	0.15505935461143244
209.4	0.15505935461143244
209.54600000000002	0.15505935461143244
209.68800000000002	0.15506168417664074
209.83200000000002	0.15506168417664074
209.97600000000003	0.15506284895924485
210.119	0.15506284895924485
210.263	0.15506284895924485
210.407	0.15506284895924485
210.55100000000002	0.15506343135054695
210.69500000000002	0.15506343135054695
210.83900000000003	0.15506343135054695
210.983	0.15506343135054695
211.127	0.15506517852445317
211.27	0.15506634330705732
211.41400000000002	0.15506634330705732
211.55800000000002	0.1550669256983594
211.70200000000003	0.15506750808966147
211.84500000000003	0.1550686728722656
211.99	0.1550686728722656
212.133	0.1550686728722656
212.27700000000002	0.15507042004617183
212.42100000000002	0.15507042004617183
212.56500000000003	0.1550710024374739
212.709	0.15507042004617183
212.852	0.15506925526356768
212.997	0.15506925526356768
213.14000000000001	0.15506750808966147
213.28400000000002	0.15506750808966147
213.42800000000003	0.15506750808966147
213.572	0.15506750808966147
213.716	0.15506750808966147
213.86	0.1550669256983594
214.00300000000001	0.1550669256983594
214.14700000000002	0.15506634330705732
214.29100000000003	0.15506517852445317
214.437	0.15506343135054695
214.579	0.15506284895924485
214.723	0.15506168417664074
214.86700000000002	0.15506284895924485
215.01000000000002	0.15506284895924485
215.15400000000002	0.15506284895924485
215.298	0.15506343135054695
215.442	0.15506517852445317
215.585	0.15506634330705732
215.73000000000002	0.1550669256983594
215.87300000000002	0.1550669256983594
216.01700000000002	0.1550669256983594
216.161	0.1550669256983594
216.305	0.1550669256983594
216.449	0.15506750808966147
216.59300000000002	0.15506750808966147
216.73600000000002	0.15506750808966147
216.88000000000002	0.15506925526356768
217.024	0.1550710024374739
217.168	0.15507216722007805
217.312	0.15507216722007805
217.45600000000002	0.15507216722007805
217.59900000000002	0.15507333200268217
217.746	0.15507333200268217
217.887	0.15507333200268217
218.031	0.15507216722007805
218.175	0.15507216722007805
218.318	0.15507333200268217
218.46300000000002	0.1550750791765884
218.60600000000002	0.1550768263504946
218.75	0.1550768263504946
218.894	0.15507740874179668
219.038	0.1550791559157029
219.18200000000002	0.15508206787221326
219.32600000000002	0.15508206787221326
219.46900000000002	0.15508206787221326
219.613	0.15508206787221326
219.757	0.15508206787221326
219.901	0.15508206787221326
220.04500000000002	0.15508381504611948
220.18900000000002	0.15508381504611948
220.33300000000003	0.15508439743742156
220.47600000000003	0.15508497982872363
220.62	0.15508614461132778
220.764	0.155087891785234
220.90800000000002	0.15508847417653607
221.05200000000002	0.15508847417653607
221.19500000000002	0.15509022135044226
221.34	0.15509429808955674
221.483	0.1550972100460671
221.627	0.15509895721997333
221.77100000000002	0.15510012200257747
221.91500000000002	0.15510070439387955
222.05900000000003	0.15510245156778577
222.20200000000003	0.155104198741692
222.346	0.1551065283069003
222.49	0.1551100226547127
222.63400000000001	0.1551100226547127
222.77800000000002	0.1551117698286189
222.92200000000003	0.15511293461122305
223.066	0.15511293461122305
223.209	0.15511293461122305
223.353	0.15511293461122305
223.49900000000002	0.15511293461122305
223.64100000000002	0.15511293461122305
223.78500000000003	0.15511293461122305
223.929	0.1551140993938272
224.073	0.1551140993938272
224.216	0.15511759374163964
224.36	0.15512108808945207
224.50400000000002	0.15512341765466034
224.64800000000002	0.15512691200247275
224.792	0.15512691200247275
224.935	0.15512691200247275
225.08	0.15512691200247275
225.223	0.15512691200247275
225.36700000000002	0.1551280767850769
225.51100000000002	0.1551280767850769
225.655	0.15512691200247275
225.799	0.15512691200247275
225.943	0.15512341765466034
226.086	0.15512341765466034
226.23000000000002	0.15512341765466034
226.375	0.15512341765466034
226.519	0.15512341765466034
226.663	0.15512341765466034
226.80700000000002	0.15511759374163964
226.95100000000002	0.1551140993938272
227.09400000000002	0.15511293461122305
227.238	0.15511293461122305
227.382	0.1551117698286189
227.526	0.1551100226547127
227.669	0.1551065283069003
227.81400000000002	0.1551100226547127
227.95700000000002	0.1551100226547127
228.10100000000003	0.1551100226547127
228.245	0.1551100226547127
228.389	0.1551100226547127
228.53300000000002	0.1551117698286189
228.67700000000002	0.1551117698286189
228.82000000000002	0.15511293461122305
228.96400000000003	0.1551140993938272
229.108	0.1551140993938272
229.252	0.15511759374163964
229.39600000000002	0.15512341765466034
229.54000000000002	0.15512691200247275
229.68400000000003	0.1551280767850769
229.82700000000003	0.1551280767850769
229.971	0.15512982395898312
230.115	0.15513157113288936
230.25900000000001	0.15513273591549348
230.40300000000002	0.15513273591549348
230.54700000000003	0.15513273591549348
230.691	0.15513273591549348
230.834	0.15513273591549348
230.978	0.15513273591549348
231.122	0.1551344830893997
231.26600000000002	0.1551350654807018
231.41000000000003	0.1551350654807018
231.55300000000003	0.1551350654807018
231.697	0.15513623026330595
231.841	0.1551373950459101
231.985	0.1551373950459101
232.12900000000002	0.15513797743721217
232.27300000000002	0.15513855982851424
232.417	0.15513855982851424
232.56400000000002	0.15513855982851424
232.704	0.15513855982851424
232.848	0.15513855982851424
232.99200000000002	0.15513855982851424
233.13600000000002	0.15513855982851424
233.28	0.15513855982851424
233.424	0.15513972461111838
233.567	0.15514088939372253
233.711	0.15514088939372253
233.85500000000002	0.1551432189589308
233.99900000000002	0.1551455485241391
234.143	0.15514671330674323
234.286	0.1551478780893474
234.431	0.15515020765455567
234.574	0.15515253721976396
234.71800000000002	0.15515253721976396
234.86200000000002	0.1551537020023681
235.006	0.15515544917627433
235.15	0.15515719635018052
235.294	0.15515836113278467
235.437	0.15516010830669089
235.58100000000002	0.15516243787189918
235.72500000000002	0.15516418504580537
235.869	0.15516534982840952
236.013	0.15516534982840952
236.157	0.15516651461101366
236.30100000000002	0.15516767939361784
236.44400000000002	0.15516767939361784
236.58800000000002	0.15516767939361784
236.73200000000003	0.15516767939361784
236.876	0.15516767939361784
237.02	0.15516767939361784
237.16400000000002	0.15516826178491988
237.30800000000002	0.15516826178491988
237.45100000000002	0.15516826178491988
237.59500000000003	0.15516826178491988
237.739	0.15516826178491988
237.883	0.15516826178491988
238.02700000000002	0.15516826178491988
238.17100000000002	0.15516826178491988
238.31500000000003	0.15516826178491988
238.45800000000003	0.15516826178491988
238.602	0.15516826178491988
238.746	0.15516826178491988
238.89000000000001	0.15516826178491988
239.03400000000002	0.15516767939361784
239.17700000000002	0.15516767939361784
239.322	0.15516767939361784
239.465	0.15516767939361784
239.609	0.15516767939361784
239.75300000000001	0.15516651461101366
239.89700000000002	0.15516651461101366
240.04100000000003	0.15516767939361784
240.185	0.15516767939361784
240.328	0.15516651461101366
240.472	0.15516651461101366
240.616	0.15516767939361784
240.76000000000002	0.15516767939361784
240.90300000000002	0.15516767939361784
241.048	0.15516767939361784
241.192	0.15516767939361784
241.335	0.15516767939361784
241.479	0.15516767939361784
241.625	0.15516651461101366
241.76700000000002	0.15516534982840952
241.911	0.15516534982840952
242.055	0.15516534982840952
242.198	0.15516418504580537
242.342	0.15516069069799296
242.48600000000002	0.15516418504580537
242.63000000000002	0.15516418504580537
242.774	0.15516534982840952
242.918	0.15516534982840952
243.061	0.15516651461101366
243.205	0.15516651461101366
243.34900000000002	0.15516767939361784
243.49300000000002	0.15516826178491988
243.63600000000002	0.1551700089588261
243.782	0.15517175613273232
243.92600000000002	0.15517350330663854
244.07000000000002	0.15517466808924268
244.21300000000002	0.15517525048054476
244.35700000000003	0.15517525048054476
244.501	0.15517699765445098
244.644	0.15518049200226341
244.78900000000002	0.1551828215674717
244.93200000000002	0.15518398635007585
245.07600000000002	0.15518515113268
245.22000000000003	0.15518515113268
245.364	0.15518515113268
245.508	0.1551868983065862
245.65200000000002	0.15519388700221104
245.79500000000002	0.15519388700221104
245.93900000000002	0.15519912852392972
246.08300000000003	0.15520029330653384
246.227	0.155201458089138
246.371	0.1552032052630442
246.51500000000001	0.1552049524369504
246.65900000000002	0.1552049524369504
246.80300000000003	0.1552049524369504
246.94600000000003	0.1552049524369504
247.09	0.15520669961085662
247.234	0.15520669961085662
247.37800000000001	0.15520669961085662
247.52200000000002	0.15521368830648152
247.668	0.15522067700210637
247.81	0.15522300656731464
247.953	0.15522300656731464
248.08200000000002	0.15522475374122086
248.22500000000002	0.1552282480890333
248.369	0.1552282480890333
248.512	0.1552282480890333
248.657	0.15523057765424159
248.8	0.15523057765424159
248.94400000000002	0.15523057765424159
249.08800000000002	0.15523174243684573
249.23200000000003	0.1552346543933561
249.376	0.15523756634986646
249.519	0.1552387311324706
249.66400000000002	0.15523931352377268
249.80700000000002	0.15524164308898095
249.95100000000002	0.1552445550454913
250.09500000000003	0.15524571982809546
250.239	0.15524571982809546
250.383	0.15524979656720994
250.526	0.15525387330632445
250.67200000000003	0.1552550380889286
250.81400000000002	0.15525620287153272
250.95800000000003	0.15525620287153272
251.102	0.15525620287153272
251.246	0.15525620287153272
251.39000000000001	0.15525620287153272
251.53400000000002	0.15525620287153272
251.67700000000002	0.15525620287153272
251.82100000000003	0.15525620287153272
251.965	0.15525620287153272
252.109	0.15525620287153272
252.25300000000001	0.15525620287153272
252.39700000000002	0.15525620287153272
252.54100000000003	0.15525620287153272
252.68400000000003	0.15525620287153272
252.828	0.15525620287153272
252.972	0.15525620287153272
253.116	0.15525620287153272
253.26000000000002	0.15525620287153272
253.40300000000002	0.1552567852628348
253.54700000000003	0.155258532436741
253.691	0.15525969721934516
253.835	0.15526493874106384
253.979	0.15527192743668872
254.12300000000002	0.1552736746105949
254.26700000000002	0.15527483939319908
254.411	0.15527775134970942
254.554	0.1552794985236156
254.698	0.15528008091491768
254.842	0.15528532243663634
254.98600000000002	0.15529172874095915
255.13000000000002	0.15529347591486534
255.274	0.15529522308877156
255.418	0.15529697026267777
255.561	0.15529755265397985
255.705	0.15529813504528192
255.849	0.15529813504528192
255.993	0.15529813504528192
256.136	0.15529813504528192
256.281	0.1553027941756985
256.42400000000004	0.1553074533061151
256.56800000000004	0.1553092004800213
256.712	0.1553092004800213
256.856	0.15531211243653167
257.0	0.1553138596104379
257.144	0.15531560678434408
257.288	0.15531735395825028
257.43100000000004	0.1553191011321565
257.575	0.15532084830606274
257.719	0.15532434265387518
257.863	0.15532783700168762
258.007	0.15533424330601037
258.151	0.15534356156684354
258.29400000000004	0.155347055914656
258.438	0.15534938547986427
258.582	0.15535287982767668
258.726	0.15535579178418704
258.869	0.15536103330590567
259.014	0.15536802200153055
259.158	0.15537268113194713
259.302	0.15537442830585335
259.445	0.15537617547975957
259.589	0.1553779226536658
259.736	0.1553779226536658
259.877	0.155379669827572
260.02000000000004	0.155379669827572
260.165	0.15538141700147823
260.308	0.1553872409144989
260.452	0.1553936472188217
260.596	0.15539655917533207
260.74	0.15540180069705073
260.884	0.1554064598274673
261.027	0.15540995417527975
261.172	0.1554134485230922
261.31600000000003	0.15541636047960253
261.46000000000004	0.15541810765350875
261.60400000000004	0.15541810765350875
261.748	0.15541810765350875
261.892	0.1554186900448108
262.036	0.1554227667839253
262.17900000000003	0.15542975547955018
262.32300000000004	0.15543499700126884
262.46700000000004	0.1554379089577792
262.611	0.15544082091428957
262.757	0.15544373287079993
262.899	0.1554454800447061
263.04200000000003	0.15545479830553927
263.18600000000004	0.15546469895767448
263.33000000000004	0.15546586374027863
263.474	0.15546761091418485
263.618	0.15547401721850762
263.761	0.15547867634892418
263.906	0.15547925874022628
264.05	0.15547984113152835
264.19300000000004	0.1554810059141325
264.337	0.1554845002619449
264.481	0.15548799460975737
264.625	0.1554897417836636
264.769	0.15549032417496564
264.91200000000003	0.15549148895756978
265.05600000000004	0.15549440091408015
265.2	0.15549673047928847
265.344	0.15549731287059054
265.487	0.1554984776531947
265.632	0.1554996424357988
265.776	0.15550197200100707
265.91900000000004	0.15550430156621536
266.063	0.1555054663488195
266.207	0.1555118726531423
266.351	0.15551711417486094
266.494	0.1555223556965796
266.639	0.1555287620009024
266.783	0.15553167395741277
266.927	0.15553516830522518
267.07	0.15554040982694384
267.214	0.15554506895736042
267.358	0.15554681613126664
267.502	0.15554681613126664
267.64500000000004	0.15554856330517283
267.789	0.15554972808777698
267.933	0.15555031047907902
268.077	0.1555508928703811
268.221	0.1555508928703811
268.365	0.15555264004428732
268.509	0.15555555200079768
268.652	0.1555572991747039
268.797	0.15555904634861015
268.94	0.1555602111312143
269.084	0.15556545265293292
269.228	0.15557069417465158
269.37100000000004	0.15557302373985984
269.516	0.1555753533050681
269.66	0.1555753533050681
269.803	0.1555753533050681
269.947	0.15557651808767226
270.091	0.15557651808767226
270.235	0.15557943004418262
270.378	0.15558234200069299
270.522	0.15558350678329716
270.666	0.15558350678329716
270.81	0.15558350678329716
270.954	0.15558350678329716
271.098	0.15558350678329716
271.242	0.15558350678329716
271.386	0.15558350678329716
271.529	0.15558350678329716
271.673	0.15558350678329716
271.817	0.15558408917459923
271.961	0.15558408917459923
272.105	0.15558408917459923
272.249	0.15558408917459923
272.39300000000003	0.15558408917459923
272.536	0.15558408917459923
272.68	0.1555846715659013
272.824	0.1555846715659013
272.968	0.15558583634850542
273.112	0.15558758352241164
273.255	0.15558758352241164
273.399	0.15558816591371374
273.543	0.15558816591371374
273.687	0.15558933069631786
273.831	0.15558933069631786
273.975	0.15559224265282823
274.119	0.15559398982673445
274.262	0.15559573700064067
274.406	0.15559748417454689
274.55	0.15559748417454689
274.695	0.15559748417454689
274.837	0.15559806656584896
274.982	0.15559806656584896
275.12600000000003	0.15559981373975518
275.269	0.1556015609136614
275.413	0.15560330808756762
275.557	0.15560505526147383
275.701	0.15560680243538003
275.844	0.15560796721798414
275.98900000000003	0.15560796721798414
276.132	0.15560854960928622
276.276	0.15561029678319244
276.42	0.1556132087397028
276.564	0.15561612069621317
276.708	0.1556172854788173
276.85200000000003	0.1556172854788173
276.995	0.1556178678701194
277.139	0.1556178678701194
277.283	0.1556196150440256
277.427	0.15562136221793182
277.57	0.15562310939183804
277.71500000000003	0.15562485656574426
277.861	0.15562543895704634
278.002	0.15562660373965048
278.146	0.15562951569616085
278.29	0.15563126287006707
278.434	0.15563126287006707
278.577	0.15563184526136914
278.72200000000004	0.1556341748265774
278.866	0.15563708678308777
279.01	0.155638833956994
279.154	0.15563941634829606
279.298	0.15564058113090018
279.442	0.15564349308741054
279.586	0.1556464050439209
279.72900000000004	0.15564815221782713
279.873	0.1556487346091292
280.017	0.1556487346091292
280.161	0.1556487346091292
280.305	0.1556487346091292
280.449	0.1556487346091292
280.593	0.15564989939173335
280.736	0.1556510641743375
280.88	0.15565164656563957
281.024	0.1556522289569416
281.168	0.15565397613084783
281.312	0.15565572330475405
281.456	0.1556568880873582
281.6	0.15565805286996234
281.743	0.15565863526126444
281.887	0.15566096482647274
282.031	0.15566445917428515
282.175	0.15566445917428515
282.319	0.15566737113079548
282.462	0.15566853591339966
282.606	0.15566911830470173
282.75	0.15567086547860792
282.894	0.1556737774351183
283.038	0.15567610700032658
283.182	0.1556778541742328
283.326	0.15567901895683695
283.47	0.15567901895683695
283.613	0.1556801837394411
283.757	0.15568193091334728
283.901	0.15568251330464936
284.045	0.15568426047855558
284.189	0.1556860076524618
284.332	0.1556860076524618
284.47700000000003	0.15568717243506594
284.62	0.1556883372176701
284.764	0.15568891960897216
284.908	0.15568950200027423
285.052	0.15568950200027423
285.195	0.15568950200027423
285.34000000000003	0.15568950200027423
285.483	0.15568950200027423
285.627	0.15568950200027423
285.771	0.1556924139567846
285.915	0.15569707308720118
286.059	0.15569707308720118
286.202	0.15569940265240947
286.346	0.15570056743501362
286.49	0.15569707308720118
286.634	0.15570056743501362
286.778	0.15570056743501362
286.92400000000004	0.15570056743501362
287.06600000000003	0.1557028970002219
287.209	0.1557046441741281
287.353	0.1557046441741281
287.497	0.1557046441741281
287.641	0.1557046441741281
287.785	0.1557046441741281
287.928	0.1557046441741281
288.072	0.1557046441741281
288.216	0.1557046441741281
288.36	0.1557046441741281
288.504	0.1557046441741281
288.648	0.1557046441741281
288.79200000000003	0.1557046441741281
288.93600000000004	0.15570580895673225
289.08000000000004	0.15570755613063847
289.223	0.15570988569584673
289.367	0.1557104680871488
289.511	0.15571163286975295
289.65500000000003	0.1557127976523571
289.79900000000004	0.15571396243496125
289.94300000000004	0.15571745678277368
290.086	0.15571745678277368
290.23	0.15572095113058612
290.374	0.15572095113058612
290.51800000000003	0.1557226983044923
290.661	0.15572328069579439
290.80600000000004	0.15572444547839853
290.95	0.15572444547839853
291.093	0.15572444547839853
291.237	0.15572444547839853
291.38100000000003	0.1557273574349089
291.52500000000003	0.1557296870001172
291.66900000000004	0.1557296870001172
291.812	0.1557314341740234
291.956	0.15573318134792963
292.1	0.15573376373923173
292.244	0.15573667569574207
292.38800000000003	0.1557395876522524
292.53200000000004	0.1557395876522524
292.66200000000003	0.1557395876522524
292.803	0.15574133482615862
292.947	0.1557459939565752
293.091	0.1557459939565752
293.235	0.1557459939565752
293.378	0.1557459939565752
293.523	0.1557459939565752
293.66700000000003	0.1557459939565752
293.81	0.1557459939565752
293.954	0.1557459939565752
294.098	0.1557459939565752
294.242	0.15574133482615862
294.385	0.15574133482615862
294.529	0.15574133482615862
294.673	0.1557459939565752
294.817	0.15574948830438765
294.961	0.15574948830438765
295.105	0.15575181786959594
295.249	0.15575181786959594
295.39300000000003	0.15575181786959594
295.536	0.15575181786959594
295.68	0.1557547298261063
295.824	0.1557547298261063
295.97	0.15575589460871045
296.111	0.15575589460871045
296.257	0.15575589460871045
296.401	0.15575589460871045
296.545	0.15575589460871045
296.688	0.15575764178261664
296.832	0.15575764178261664
296.976	0.15575764178261664
297.12	0.15575938895652286
297.264	0.15575938895652286
297.40700000000004	0.15575938895652286
297.551	0.15575938895652286
297.695	0.15575764178261664
297.839	0.15575589460871045
297.983	0.15575589460871045
298.127	0.15575589460871045
298.27000000000004	0.15575589460871045
298.414	0.15575589460871045
298.558	0.15575589460871045
298.702	0.15575589460871045
298.846	0.15575589460871045
298.99	0.15575589460871045
299.134	0.15575589460871045
299.278	0.15575414743480423
299.421	0.15575414743480423
299.565	0.15575414743480423
299.709	0.15575414743480423
299.853	0.15575414743480423
299.99600000000004	0.15575414743480423
300.141	0.15575123547829386
300.284	0.15574948830438765
300.428	0.15574948830438765
300.572	0.15574948830438765
300.716	0.15574890591308557
300.86	0.15574890591308557
301.003	0.15574890591308557
301.148	0.15574890591308557
301.291	0.15574890591308557
301.435	0.15574890591308557
301.579	0.15574948830438765
301.723	0.15574948830438765
301.867	0.15574948830438765
302.011	0.15574948830438765
302.154	0.15574948830438765
302.298	0.15575123547829386
302.442	0.15575123547829386
302.586	0.15575123547829386
302.73	0.15575414743480423
302.874	0.15575589460871045
303.017	0.15575589460871045
303.161	0.15575414743480423
303.30600000000004	0.15575414743480423
303.449	0.15575589460871045
303.593	0.15575414743480423
303.736	0.15575589460871045
303.88100000000003	0.15575589460871045
304.02500000000003	0.15575764178261664
304.168	0.15575938895652286
304.312	0.15575997134782493
304.456	0.155760553739127
304.6	0.15576346569563737
304.744	0.1557669600434498
304.887	0.15576754243475188
305.034	0.15576870721735603
305.175	0.15576987199996015
305.319	0.15576987199996015
305.463	0.15577045439126222
305.607	0.15577220156516844
305.75100000000003	0.15577336634777258
305.894	0.15577336634777258
306.038	0.15577336634777258
306.182	0.1557751135216788
306.326	0.1557751135216788
306.47	0.15577686069558502
306.61400000000003	0.15577860786949121
306.75800000000004	0.15577860786949121
306.902	0.1557809374346995
307.045	0.15578151982600158
307.189	0.15578151982600158
307.333	0.15578151982600158
307.47700000000003	0.15578268460860573
307.62	0.15578268460860573
307.767	0.15578501417381402
307.908	0.15578676134772024
308.052	0.15578850852162646
308.196	0.15578850852162646
308.34000000000003	0.1557920028694389
308.48400000000004	0.15579433243464721
308.628	0.15579433243464721
308.771	0.15579433243464721
308.915	0.15579433243464721
309.059	0.15579549721725133
309.20300000000003	0.15579666199985548
309.34700000000004	0.15579724439115755
309.491	0.15579899156506374
309.634	0.1558001563476679
309.778	0.1558001563476679
309.922	0.15580073873896996
310.06600000000003	0.15580073873896996
310.21000000000004	0.15580073873896996
310.353	0.15580132113027204
310.498	0.15580248591287618
310.641	0.15580539786938655
310.785	0.15580714504329277
310.92900000000003	0.15580714504329277
311.07300000000004	0.15580714504329277
311.21700000000004	0.15580714504329277
311.361	0.15580714504329277
311.504	0.15580714504329277
311.649	0.15580772743459484
311.79200000000003	0.1558083098258969
311.93600000000004	0.1558083098258969
312.08000000000004	0.15580947460850103
312.224	0.15581063939110518
312.368	0.15581122178240725
312.511	0.15581180417370932
312.65500000000003	0.15581355134761554
312.79900000000004	0.15581762808673005
312.94300000000004	0.15582054004324042
313.086	0.1558211224345425
313.231	0.1558211224345425
313.375	0.15582228721714664
313.51800000000003	0.15582403439105286
313.66200000000003	0.15582636395626115
313.807	0.15582811113016737
313.951	0.15583160547797978
314.096	0.15583160547797978
314.238	0.15583160547797978
314.382	0.15583277026058392
314.526	0.15583393504318807
314.67	0.15583393504318807
314.814	0.15583393504318807
314.958	0.15583626460839634
315.10200000000003	0.15583859417360463
315.245	0.15583859417360463
315.39	0.15583859417360463
315.533	0.15583975895620877
315.677	0.155841506130115
315.821	0.15584208852141707
315.96500000000003	0.1558432533040212
316.10900000000004	0.1558432533040212
316.253	0.15584616526053158
316.396	0.15584849482573987
316.54	0.15584849482573987
316.684	0.15584907721704191
316.82800000000003	0.15584907721704191
316.97200000000004	0.15584907721704191
317.116	0.15584907721704191
317.26	0.15584907721704191
317.403	0.15584907721704191
317.547	0.15585024199964606
317.69100000000003	0.15585257156485438
317.83500000000004	0.1558543187387606
317.963	0.1558560659126668
318.107	0.155857813086573
318.25	0.155857813086573
318.394	0.155857813086573
318.538	0.155857813086573
318.682	0.15585839547787508
318.826	0.15585839547787508
318.97	0.15585839547787508
319.113	0.15585956026047923
319.25800000000004	0.15586130743438545
319.401	0.1558624722169896
319.545	0.15586480178219791
319.689	0.1558653841735
319.833	0.1558653841735
319.97700000000003	0.1558665489561041
320.12	0.1558665489561041
320.264	0.1558682961300103
320.408	0.15586887852131234
320.552	0.15586887852131234
320.696	0.1558700433039165
320.84000000000003	0.15587120808652064
320.98400000000004	0.15587179047782274
321.127	0.15587353765172896
321.271	0.15587353765172896
321.415	0.15587353765172896
321.559	0.15587353765172896
321.70300000000003	0.15587470243433307
321.846	0.15587470243433307
321.991	0.15587528482563517
322.134	0.1558770319995414
322.278	0.15587819678214554
322.422	0.15587819678214554
322.56600000000003	0.1558787791734476
322.71000000000004	0.1558787791734476
322.853	0.15587936156474969
323.019	0.15587936156474969
323.15700000000004	0.15588227352126005
323.301	0.15588518547777042
323.445	0.1558869326516766
323.589	0.15588984460818694
323.733	0.15589100939079112
323.877	0.15589275656469734
324.02000000000004	0.15589450373860356
324.164	0.15589450373860356
324.308	0.15589450373860356
324.452	0.15589450373860356
324.595	0.15589625091250978
324.74	0.15589625091250978
324.88300000000004	0.15589625091250978
325.027	0.15589858047771804
325.171	0.15590032765162426
325.315	0.15590149243422838
325.459	0.15590207482553045
325.603	0.15590265721683252
325.74600000000004	0.15590382199943667
325.89	0.15590498678204082
326.034	0.15590673395594704
326.178	0.15590906352115533
326.322	0.15591139308636362
326.466	0.1559160522167802
326.61	0.15591896417329057
326.753	0.15591896417329057
326.897	0.15591896417329057
327.041	0.1559207113471968
327.185	0.15592362330370715
327.329	0.1559247880863113
327.473	0.1559247880863113
327.618	0.1559247880863113
327.761	0.1559247880863113
327.904	0.1559247880863113
328.048	0.1559247880863113
328.192	0.15592537047761335
328.336	0.15592537047761335
328.47900000000004	0.15592595286891542
328.624	0.15592711765151956
328.767	0.15592886482542578
328.911	0.15592944721672786
329.055	0.155930611999332
329.199	0.15593177678193612
329.343	0.15593352395584234
329.486	0.15593760069495682
329.63	0.15593993026016512
329.774	0.15594167743407134
329.918	0.15594167743407134
330.062	0.15594517178188377
330.206	0.15594517178188377
330.35	0.15594808373839417
330.494	0.15594808373839417
330.637	0.15594808373839417
330.781	0.15594983091230039
330.925	0.15595041330360246
331.069	0.1559515780862066
331.213	0.15595274286881075
331.358	0.15595274286881075
331.50100000000003	0.15595274286881075
331.64500000000004	0.1559539076514149
331.789	0.15595507243401904
331.933	0.15595565482532112
332.077	0.15595740199922734
332.223	0.15595914917313353
332.365	0.15595914917313353
332.50800000000004	0.15596147873834182
332.652	0.15596147873834182
332.796	0.15596439069485216
332.94	0.15596613786875838
333.084	0.15596672026006045
333.228	0.15596672026006045
333.37100000000004	0.15596846743396667
333.515	0.15597137939047703
333.659	0.15597137939047703
333.803	0.15597137939047703
333.947	0.15597254417308118
334.091	0.15597254417308118
334.235	0.15597254417308118
334.378	0.15597254417308118
334.522	0.15597254417308118
334.666	0.15597254417308118
334.81	0.15597254417308118
334.954	0.15597254417308118
335.098	0.15597254417308118
335.242	0.1559742913469874
335.385	0.15597662091219566
335.529	0.15597720330349774
335.673	0.15597895047740395
335.817	0.15598186243391432
335.961	0.15598302721651847
336.10400000000004	0.15598360960782054
336.249	0.15598535678172676
336.392	0.1559865215643309
336.536	0.15598768634693505
336.68	0.1559888511295392
336.824	0.15598943352084127
336.968	0.15599001591214334
337.112	0.1559911806947475
337.255	0.15599234547735163
337.399	0.15599234547735163
337.543	0.15599234547735163
337.689	0.15599409265125785
337.831	0.1559964222164661
337.975	0.1559981693903723
338.119	0.15599991656427853
338.262	0.15600166373818475
338.406	0.15600341091209097
338.55	0.1560069052599034
338.694	0.15601039960771584
338.837	0.15601098199901792
338.981	0.15601098199901792
339.12600000000003	0.15601214678162206
339.269	0.15601505873813243
339.413	0.15601505873813243
339.557	0.15601913547724694
339.701	0.15602146504245523
339.845	0.15602379460766352
339.988	0.1560267065641739
340.132	0.15602845373808008
340.276	0.15603136569459042
340.42	0.15603311286849664
340.564	0.1560336952597987
340.708	0.156036024825007
340.85200000000003	0.15603777199891322
340.995	0.1560406839554236
341.139	0.15604417830323603
341.284	0.15604417830323603
341.427	0.15604825504235054
341.57	0.15605174939016297
341.71500000000003	0.15605174939016297
341.858	0.1560534965640692
342.002	0.15605640852057953
342.146	0.15605873808578782
342.29	0.15605873808578782
342.434	0.15606048525969402
342.57800000000003	0.15606339721620438
342.721	0.15606339721620438
342.865	0.1560651443901106
343.009	0.1560674739553189
343.153	0.1560692211292251
343.297	0.15607038591182926
343.44100000000003	0.1560738802596417
343.58500000000004	0.1560779569987562
343.728	0.15607970417266243
343.872	0.15608145134656862
344.016	0.15608319852047486
344.16	0.1560866928682873
344.30400000000003	0.15609135199870383
344.44800000000004	0.15609601112912042
344.59200000000004	0.15609950547693285
344.735	0.15610125265083907
344.879	0.15610358221604737
345.023	0.15610998852037014
345.16700000000003	0.15611464765078673
345.31100000000004	0.15611464765078673
345.454	0.1561152300420888
345.598	0.15611697721599502
345.742	0.15611814199859916
345.886	0.15611988917250538
346.03000000000003	0.15612221873771367
346.17400000000004	0.15612221873771367
346.31800000000004	0.15612221873771367
346.461	0.15612221873771367
346.605	0.15612221873771367
346.749	0.15612221873771367
346.89300000000003	0.15612221873771367
347.03700000000003	0.15612221873771367
347.18100000000004	0.15612221873771367
347.324	0.15612221873771367
347.468	0.15612221873771367
347.612	0.15612221873771367
347.75600000000003	0.15612221873771367
347.90000000000003	0.15612221873771367
348.04400000000004	0.15612396591161987
348.187	0.15612629547682813
348.332	0.15612629547682813
348.475	0.15612629547682813
348.619	0.15612629547682813
348.764	0.15612629547682813
348.908	0.15612629547682813
349.052	0.15612629547682813
349.195	0.15612629547682813
349.339	0.15612629547682813
349.483	0.15612629547682813
349.627	0.15612629547682813
349.771	0.15612629547682813
349.915	0.15612629547682813
350.059	0.15612629547682813
350.202	0.15612629547682813
350.348	0.15612978982464057
350.49	0.156133284172453
350.634	0.156133284172453
350.778	0.156133284172453
350.921	0.156133284172453
351.06600000000003	0.156133284172453
351.209	0.15612978982464057
351.353	0.15612978982464057
351.497	0.15612978982464057
351.641	0.15612978982464057
351.785	0.15612978982464057
351.92900000000003	0.15612978982464057
352.072	0.15612978982464057
352.216	0.15612978982464057
352.36	0.156133284172453
352.504	0.156133284172453
352.648	0.15613444895505715
352.79400000000004	0.15613444895505715
352.935	0.1561379433028696
353.079	0.15614143765068203
353.223	0.1561420200419841
353.367	0.15614260243328618
353.511	0.1561437672158903
353.65500000000003	0.15614726156370273
353.79900000000004	0.15615075591151517
353.94300000000004	0.1561525030854214
354.086	0.1561542502593276
354.23	0.15615599743323383
354.374	0.15615774460714002
354.51800000000003	0.15615890938974414
354.66200000000003	0.15616065656365036
354.805	0.15616531569406694
354.95	0.15616881004187938
355.093	0.15617055721578563
355.237	0.15617055721578563
355.38100000000003	0.156173469172296
355.52500000000003	0.156173469172296
355.66900000000004	0.156173469172296
355.812	0.156173469172296
355.956	0.15617696352010843
356.1	0.1561792930853167
356.244	0.15618278743312913
356.38800000000003	0.1561856993896395
356.53200000000004	0.15618919373745194
356.676	0.15619268808526435
356.819	0.15619618243307676
356.963	0.15619792960698298
357.107	0.1561996767808892
357.25100000000003	0.1561996767808892
357.39500000000004	0.1561996767808892
357.538	0.15620317112870163
357.683	0.15620783025911822
357.826	0.15620899504172236
357.97	0.15620957743302444
358.11400000000003	0.15620957743302444
358.25800000000004	0.15620957743302444
358.402	0.15620957743302444
358.545	0.15620957743302444
358.689	0.1562101598243265
358.833	0.15621132460693066
358.97700000000003	0.15621307178083688
359.12100000000004	0.15621365417213895
359.265	0.15621365417213895
359.411	0.15621365417213895
359.553	0.1562148189547431
359.696	0.15621773091125346
359.84000000000003	0.15622122525906587
359.98400000000004	0.15622297243297206
360.128	0.15622297243297206
360.271	0.15622471960687828
360.416	0.15622996112859694
360.559	0.15623345547640938
360.70300000000003	0.15623345547640938
360.84700000000004	0.15623462025901352
360.991	0.15623462025901352
361.135	0.15623578504161764
361.278	0.15623753221552386
361.422	0.15623753221552386
361.56600000000003	0.15624277373724255
361.71000000000004	0.15624626808505498
361.85400000000004	0.15624685047635706
361.998	0.1562474328676591
362.142	0.1562474328676591
362.286	0.1562474328676591
362.42900000000003	0.1562474328676591
362.57300000000004	0.1562474328676591
362.71700000000004	0.1562474328676591
362.861	0.1562474328676591
363.004	0.1562474328676591
363.149	0.15625034482416947
363.29200000000003	0.15625383917198188
363.43600000000004	0.15625383917198188
363.58000000000004	0.15625383917198188
363.724	0.15625383917198188
363.868	0.15625383917198188
364.011	0.15625442156328395
364.15500000000003	0.1562555863458881
364.29900000000004	0.15625849830239846
364.44300000000004	0.15626082786760676
364.587	0.1562614102589088
364.731	0.15626257504151297
364.875	0.15626373982411712
365.019	0.15626490460672127
365.16200000000003	0.1562660693893254
365.30600000000004	0.1562660693893254
365.45	0.1562660693893254
365.594	0.15626665178062749
365.737	0.15626898134583578
365.882	0.15627247569364822
366.02500000000003	0.1562742228675544
366.17	0.15627597004146063
366.314	0.1562823763457834
366.458	0.1562870354762
366.60200000000003	0.15628761786750206
366.745	0.15628936504140825
366.889	0.1562905298240124
367.033	0.15629111221531447
367.177	0.1562928593892207
367.321	0.1562928593892207
367.46500000000003	0.15629460656312694
367.60900000000004	0.15629635373703316
367.753	0.15629751851963727
367.896	0.15629751851963727
368.04400000000004	0.15630043047614767
368.184	0.15630334243265803
368.32800000000003	0.15630334243265803
368.471	0.1563039248239601
368.616	0.15630450721526215
368.759	0.15630567199786632
368.903	0.15630741917177254
369.047	0.1563080015630746
369.19100000000003	0.15631149591088703
369.33500000000004	0.15631673743260566
369.47900000000004	0.15631848460651188
369.623	0.15631848460651188
369.766	0.15631964938911602
369.91	0.1563225613456264
370.05400000000003	0.15632430851953258
370.19800000000004	0.15632489091083468
370.34200000000004	0.1563266380847409
370.486	0.15632780286734502
370.629	0.15632780286734502
370.774	0.15632955004125124
370.91700000000003	0.15633479156296987
371.06100000000004	0.15634352743250096
371.208	0.15634993373682377
371.349	0.15635168091072996
371.493	0.15635226330203203
371.636	0.15635342808463618
371.78000000000003	0.1563551752585424
371.92400000000004	0.15635575764984447
372.06800000000004	0.15635692243244861
372.212	0.15635866960635483
372.356	0.1563592519976569
372.499	0.15636041678026105
372.64300000000003	0.1563615815628652
372.78700000000003	0.1563615815628652
372.93100000000004	0.1563633287367714
373.075	0.1563650759106776
373.219	0.15636624069328176
373.362	0.15636624069328176
373.50600000000003	0.1563674054758859
373.65000000000003	0.15636798786718797
373.79400000000004	0.15636857025849005
373.938	0.15637031743239627
374.082	0.15637322938890663
374.226	0.15637439417151078
374.369	0.15637497656281285
374.51300000000003	0.15637555895411492
374.65700000000004	0.15637672373671907
374.801	0.15637672373671907
374.945	0.15637788851932324
375.089	0.15637788851932324
375.233	0.15637788851932324
375.377	0.1563784709106253
375.52000000000004	0.15637905330192736
375.664	0.1563802180845315
375.808	0.15638196525843773
375.952	0.15638545960625017
376.095	0.15639011873666672
376.24	0.15639186591057294
376.38300000000004	0.15639361308447913
376.527	0.1563988546061978
376.671	0.15640584330182267
376.815	0.15641050243223925
376.959	0.1564116672148434
377.103	0.15641341438874962
377.24600000000004	0.15641516156265584
377.39	0.1564157439539579
377.535	0.1564157439539579
377.678	0.15641632634525995
377.822	0.15641632634525995
377.966	0.15641749112786407
378.11	0.15641865591046822
378.253	0.15641865591046822
378.397	0.15641865591046822
378.541	0.15641865591046822
378.685	0.15641865591046822
378.82800000000003	0.15641865591046822
378.973	0.15641865591046822
379.117	0.15641865591046822
379.26	0.15641865591046822
379.404	0.15641865591046822
379.548	0.15641865591046822
379.692	0.1564192383017703
379.836	0.15641982069307236
379.97900000000004	0.15642156786697858
380.123	0.15642447982348895
380.26800000000003	0.15642622699739517
380.411	0.1564297213452076
380.555	0.15643379808432212
380.699	0.15643554525822834
380.843	0.1564361276495304
380.986	0.15643787482343663
381.13	0.15643962199734285
381.274	0.15643962199734285
381.418	0.156440786779947
381.56100000000004	0.156440786779947
381.706	0.15644369873645733
381.85	0.15644369873645733
381.994	0.15644369873645733
382.137	0.15644369873645733
382.281	0.15644369873645733
382.425	0.15644369873645733
382.569	0.15644369873645733
382.71500000000003	0.15644369873645733
382.856	0.15644369873645733
383.0	0.15644369873645733
383.144	0.15644369873645733
383.288	0.15644602830166562
383.432	0.15644602830166562
383.576	0.15644369873645733
383.72	0.15644369873645733
383.86400000000003	0.15644369873645733
384.00800000000004	0.15644369873645733
384.152	0.15644369873645733
384.296	0.156440786779947
384.44	0.15643962199734285
384.584	0.15643962199734285
384.728	0.15643787482343663
384.87100000000004	0.15643787482343663
385.015	0.1564361276495304
385.159	0.1564361276495304
385.303	0.15643787482343663
385.447	0.15643787482343663
385.591	0.15643787482343663
385.735	0.15643962199734285
385.878	0.15643962199734285
386.022	0.15643962199734285
386.166	0.15643962199734285
386.31	0.15643962199734285
386.454	0.15643962199734285
386.599	0.156440786779947
386.741	0.15644369873645733
386.885	0.15644602830166562
387.029	0.1564466106929677
387.17400000000004	0.1564466106929677
387.317	0.1564466106929677
387.461	0.1564466106929677
387.60400000000004	0.1564466106929677
387.748	0.1564466106929677
387.892	0.1564466106929677
388.036	0.1564466106929677
388.18	0.1564466106929677
388.324	0.1564466106929677
388.468	0.1564466106929677
388.611	0.1564466106929677
388.755	0.1564466106929677
388.899	0.15644777547557184
389.043	0.156448940258176
389.187	0.15645068743208218
389.33000000000004	0.1564524346059884
389.475	0.1564524346059884
389.618	0.15645301699729047
389.762	0.1564547641711967
389.906	0.1564565113451029
390.05	0.15645825851900913
390.194	0.15645825851900913
390.337	0.15645942330161328
390.482	0.15645942330161328
390.625	0.15646000569291535
390.769	0.15646058808421742
390.913	0.15646175286682157
391.057	0.15646175286682157
391.201	0.15646175286682157
391.344	0.15646175286682157
391.488	0.15646175286682157
391.632	0.15646175286682157
391.776	0.15646175286682157
391.92	0.15646175286682157
392.064	0.15646175286682157
392.208	0.15646175286682157
392.35200000000003	0.15646175286682157
392.495	0.1564635000407278
392.639	0.1564635000407278
392.783	0.15646874156244642
392.927	0.1564635000407278
393.07	0.15646175286682157
393.21500000000003	0.15646058808421742
393.35900000000004	0.15646058808421742
393.502	0.15646175286682157
393.646	0.1564635000407278
393.79	0.15646815917114434
393.934	0.15646815917114434
394.07800000000003	0.15646815917114434
394.221	0.1564635000407278
394.365	0.1564635000407278
394.509	0.15646408243202983
394.653	0.15646815917114434
394.797	0.15646815917114434
394.94100000000003	0.15647456547546718
395.08500000000004	0.1564780598232796
395.22900000000004	0.15648330134499822
395.372	0.15648737808411273
395.516	0.15648737808411273
395.663	0.15648737808411273
395.80400000000003	0.15649261960583138
395.94800000000004	0.15649261960583138
396.09200000000004	0.15649261960583138
396.236	0.15649902591015416
396.379	0.15650193786666453
396.523	0.15650193786666453
396.66700000000003	0.1565048498231749
396.81100000000004	0.1565048498231749
396.954	0.1565048498231749
397.099	0.1565048498231749
397.242	0.1565065969970811
397.386	0.1565065969970811
397.53000000000003	0.1565065969970811
397.67400000000004	0.1565089265622894
397.81800000000004	0.1565089265622894
397.962	0.1565089265622894
398.105	0.15651183851879974
398.249	0.15651358569270596
398.39300000000003	0.15651416808400803
398.53700000000003	0.15651533286661218
398.68100000000004	0.15651824482312254
398.825	0.15651999199702876
398.969	0.15651999199702876
399.112	0.15652057438833084
399.25600000000003	0.15652115677963288
399.40000000000003	0.15652581591004947
399.54400000000004	0.15653222221437227
399.687	0.1565357165621847
399.832	0.15653862851869507
399.975	0.15653979330129922
400.119	0.15653979330129922
400.26300000000003	0.15654037569260126
400.408	0.15654095808390334
400.551	0.15654212286650748
400.695	0.15654328764911166
400.838	0.15654328764911166
400.983	0.15654503482301785
401.127	0.1565473643882261
401.271	0.1565473643882261
401.415	0.15654911156213233
401.559	0.15655027634473648
401.70300000000003	0.15655085873603855
401.846	0.15655144112734062
401.99	0.15655144112734062
402.134	0.15655260590994477
402.278	0.15655377069254892
402.422	0.1565561002577572
402.56600000000003	0.1565584298229655
402.71000000000004	0.1565584298229655
402.853	0.15656017699687172
402.997	0.15656308895338208
403.141	0.15656425373598623
403.285	0.15656774808379864
403.42900000000003	0.15657240721421523
403.572	0.15657357199681937
403.71700000000004	0.15657415438812144
403.86	0.15657415438812144
404.004	0.15657590156202766
404.148	0.15657764873593388
404.29200000000003	0.15657823112723593
404.43600000000004	0.15657823112723593
404.579	0.15657939590984007
404.726	0.15657939590984007
404.867	0.15658056069244422
405.011	0.1565823078663504
405.15500000000003	0.1565846374315587
405.29900000000004	0.15658813177937114
405.44300000000004	0.15659162612718358
405.586	0.1565933733010898
405.73	0.15659453808369395
405.874	0.15659628525760017
406.01800000000003	0.1565997796054126
406.16200000000003	0.15660327395322504
406.305	0.15660676830103748
406.45	0.1566085154749437
406.594	0.15660968025754785
406.737	0.156611427431454
406.88100000000003	0.15661317460536023
407.02500000000003	0.15661492177926645
407.16900000000004	0.15661725134447474
407.312	0.156618998518381
407.457	0.15662191047489132
407.6	0.15662715199660998
407.744	0.15663064634442242
407.88800000000003	0.15663181112702654
408.03200000000004	0.15663414069223486
408.176	0.1566376350400473
408.32	0.15663879982265144
408.463	0.15663879982265144
408.607	0.15663879982265144
408.75100000000003	0.15663879982265144
408.89500000000004	0.1566399646052556
409.039	0.15664112938785973
409.183	0.15664112938785973
409.327	0.15664112938785973
409.47	0.15664112938785973
409.61400000000003	0.15664112938785973
409.75800000000004	0.15664112938785973
409.902	0.15664171177916178
410.045	0.15664345895306797
410.19	0.1566452061269742
410.334	0.15664578851827626
410.47700000000003	0.1566469533008804
410.62100000000004	0.15664811808348456
410.765	0.15664870047478663
410.909	0.15664870047478663
411.053	0.15665044764869285
411.196	0.15665044764869285
411.34000000000003	0.1566533596052032
411.48400000000004	0.1566533596052032
411.628	0.1566533596052032
411.772	0.1566533596052032
411.916	0.15665510677910943
412.06	0.15665510677910943
412.204	0.15665743634431772
412.34700000000004	0.15665976590952602
412.491	0.15666093069213016
412.635	0.15666209547473428
412.779	0.15666209547473428
412.923	0.15666209547473428
413.071	0.15666209547473428
413.21000000000004	0.15666209547473428
413.35400000000004	0.15666209547473428
413.498	0.15666267786603635
413.642	0.15666326025733843
413.786	0.1566644250399426
413.92900000000003	0.15666617221384882
414.074	0.15666675460515087
414.21700000000004	0.156667919387755
414.361	0.15666908417035916
414.505	0.15666908417035916
414.649	0.15666908417035916
414.793	0.15666908417035916
414.937	0.15666966656166123
415.08000000000004	0.15667141373556745
415.224	0.15667141373556745
415.368	0.15667374330077571
415.512	0.15667374330077571
415.656	0.15667549047468193
415.8	0.156676072865984
415.944	0.156676072865984
416.087	0.15667723764858815
416.231	0.1566784024311923
416.375	0.1566784024311923
416.519	0.15668014960509852
416.663	0.1566824791703068
416.80600000000004	0.15668422634421303
416.95	0.15668539112681718
417.094	0.15668597351811925
417.238	0.15668830308332754
417.382	0.15669179743113998
417.526	0.15669470938765034
417.67	0.15669645656155656
417.813	0.15669645656155656
417.957	0.15669820373546278
418.101	0.1566993685180669
418.245	0.15669995090936895
418.38800000000003	0.15670169808327516
418.533	0.1567028628658793
418.677	0.15670344525718138
418.821	0.15670577482238968
418.96500000000003	0.15670868677890004
419.10900000000004	0.15670868677890004
419.25600000000003	0.15670868677890004
419.396	0.15670868677890004
419.541	0.15670577482238968
419.684	0.15670577482238968
419.82800000000003	0.15670577482238968
419.97200000000004	0.15670344525718138
420.116	0.15670577482238968
420.26	0.15670577482238968
420.404	0.15670577482238968
420.548	0.15670577482238968
420.69100000000003	0.15670868677890004
420.83500000000004	0.15670868677890004
420.97900000000004	0.15670868677890004
421.123	0.15670868677890004
421.267	0.1567098515615042
421.41	0.1567098515615042
421.55400000000003	0.1567098515615042
421.69800000000004	0.1567098515615042
421.84200000000004	0.1567098515615042
421.986	0.1567098515615042
422.13	0.1567098515615042
422.274	0.1567098515615042
422.41700000000003	0.1567098515615042
422.56100000000004	0.1567098515615042
422.70500000000004	0.1567098515615042
422.851	0.15670868677890004
422.993	0.1567098515615042
423.137	0.1567098515615042
423.281	0.1567098515615042
423.42400000000004	0.1567098515615042
423.56800000000004	0.1567098515615042
423.712	0.1567098515615042
423.856	0.1567098515615042
424.0	0.1567098515615042
424.144	0.1567098515615042
424.288	0.15671101634410833
424.43100000000004	0.15671218112671248
424.575	0.15671218112671248
424.719	0.15671276351801455
424.863	0.15671451069192074
425.00600000000003	0.1567156754745249
425.151	0.1567156754745249
425.29400000000004	0.15671625786582696
425.438	0.15671684025712904
425.582	0.15671858743103526
425.726	0.15672033460494147
425.87	0.15672149938754562
426.01300000000003	0.15672149938754562
426.158	0.15672149938754562
426.301	0.15672033460494147
426.445	0.15671858743103526
426.589	0.15671684025712904
426.733	0.15671684025712904
426.877	0.15671858743103526
427.02000000000004	0.15671858743103526
427.164	0.15671858743103526
427.308	0.15671858743103526
427.452	0.15671858743103526
427.596	0.15672033460494147
427.742	0.15672033460494147
427.884	0.15672033460494147
428.027	0.15672149938754562
428.171	0.15672149938754562
428.315	0.15672266417014977
428.459	0.15672266417014977
428.603	0.15672266417014977
428.747	0.15672266417014977
428.891	0.15672266417014977
429.034	0.15672266417014977
429.178	0.15672499373535806
429.322	0.15672907047447257
429.466	0.1567308176483788
429.61	0.1567308176483788
429.754	0.156732564822285
429.897	0.15673431199619123
430.041	0.15673431199619123
430.185	0.15673431199619123
430.329	0.15673431199619123
430.473	0.15673431199619123
430.617	0.15673431199619123
430.761	0.15673605917009742
430.904	0.15673431199619123
431.048	0.15673431199619123
431.192	0.15673431199619123
431.336	0.15673431199619123
431.48	0.15673431199619123
431.624	0.15673431199619123
431.76800000000003	0.15673431199619123
431.913	0.15673431199619123
432.055	0.15673431199619123
432.199	0.15673431199619123
432.343	0.15673372960488915
432.486	0.15673198243098294
432.63	0.15673198243098294
432.774	0.15673198243098294
432.918	0.15673372960488915
433.062	0.15673431199619123
433.206	0.15673605917009742
433.35	0.15673780634400364
433.493	0.15673897112660778
433.637	0.15673780634400364
433.781	0.15673897112660778
433.925	0.1567401359092119
434.069	0.15674188308311812
434.214	0.15674363025702434
434.357	0.1567447950396285
434.5	0.15674595982223263
434.644	0.15674595982223263
434.788	0.1567465422135347
434.932	0.15674828938744093
435.075	0.15674828938744093
435.22	0.15674945417004507
435.36400000000003	0.15674945417004507
435.507	0.15675003656134717
435.651	0.1567517837352534
435.795	0.15675353090915956
435.939	0.15675527808306577
436.083	0.15675644286566995
436.228	0.15675644286566995
436.37100000000004	0.156757025256972
436.515	0.1567587724308782
436.659	0.156757025256972
436.803	0.15675644286566995
436.947	0.15675527808306577
437.09000000000003	0.15675353090915956
437.23400000000004	0.15675353090915956
437.378	0.15675353090915956
437.522	0.15675353090915956
437.666	0.1567517837352534
437.81	0.15675003656134717
437.954	0.15675003656134717
438.09700000000004	0.1567517837352534
438.241	0.15675061895264925
438.385	0.15675061895264925
438.529	0.15675061895264925
438.673	0.15675061895264925
438.817	0.15675061895264925
438.961	0.1567517837352534
439.10400000000004	0.1567517837352534
439.249	0.15675353090915956
439.392	0.15675527808306577
439.536	0.15675644286566995
439.68	0.156757025256972
439.824	0.1567587724308782
439.968	0.15676051960478443
440.111	0.15676051960478443
440.255	0.1567611019960865
440.399	0.1567611019960865
440.543	0.1567611019960865
440.687	0.15676051960478443
440.831	0.1567587724308782
440.978	0.1567587724308782
441.118	0.15676051960478443
441.262	0.15676051960478443
441.406	0.15676051960478443
441.55	0.15676051960478443
441.694	0.15676051960478443
441.838	0.1567611019960865
441.982	0.1567611019960865
442.125	0.1567611019960865
442.269	0.15676226677869065
442.413	0.1567611019960865
442.557	0.15676226677869065
442.701	0.15676401395259687
442.845	0.15676401395259687
442.988	0.15676401395259687
443.132	0.15676401395259687
443.276	0.1567657611265031
443.42	0.15676692590910724
443.563	0.15676867308301345
443.708	0.15677100264822175
443.851	0.15677100264822175
443.995	0.1567715850395238
444.139	0.1567727498221279
444.283	0.15677391460473206
444.427	0.15677449699603413
444.57	0.15677507938733623
444.71500000000003	0.15677624416994038
444.858	0.15677857373514864
445.002	0.1567797385177528
445.146	0.1567797385177528
445.29	0.15678032090905486
445.434	0.15678090330035696
445.577	0.1567820680829611
445.721	0.1567820680829611
445.865	0.1567820680829611
446.009	0.1567820680829611
446.153	0.1567820680829611
446.297	0.1567820680829611
446.44100000000003	0.1567820680829611
446.584	0.1567820680829611
446.728	0.1567820680829611
446.872	0.1567820680829611
447.016	0.15678672721337766
447.16	0.15678672721337766
447.30400000000003	0.15678672721337766
447.44800000000004	0.15678672721337766
447.591	0.15678672721337766
447.735	0.1567902215611901
447.879	0.15679080395249217
448.023	0.1567925511263984
448.16700000000003	0.15679546308290876
448.31100000000004	0.15679779264811705
448.454	0.15679779264811705
448.598	0.15679779264811705
448.742	0.15679779264811705
448.886	0.15679779264811705
449.03000000000003	0.15679837503941912
449.17400000000004	0.15679837503941912
449.31800000000004	0.15679837503941912
449.462	0.15679953982202327
449.605	0.15679953982202327
449.749	0.15680070460462742
449.89300000000003	0.15680070460462742
450.038	0.1568024517785336
450.18100000000004	0.15680070460462742
450.325	0.15680070460462742
450.47	0.15680070460462742
450.612	0.15680070460462742
450.75600000000003	0.15680070460462742
450.90000000000003	0.1568024517785336
451.04400000000004	0.1568041989524398
451.187	0.1568041989524398
451.331	0.1568041989524398
451.475	0.1568041989524398
451.619	0.15680478134374187
451.76300000000003	0.15680536373504395
451.90700000000004	0.1568065285176481
452.051	0.15680769330025227
452.194	0.1568082756915543
452.338	0.1568082756915543
452.482	0.15680885808285638
452.62600000000003	0.15680885808285638
452.77000000000004	0.15680885808285638
452.914	0.1568082756915543
453.058	0.15680885808285638
453.201	0.15681002286546053
453.345	0.15681118764806468
453.48900000000003	0.15681235243066882
453.634	0.156813517213273
453.778	0.156813517213273
453.922	0.156813517213273
454.06600000000003	0.156813517213273
454.209	0.1568152643871792
454.353	0.15681759395238748
454.497	0.15681759395238748
454.641	0.15681817634368955
454.785	0.15681759395238748
454.92900000000003	0.15681817634368955
455.07300000000004	0.15681817634368955
455.216	0.15681817634368955
455.36	0.15681817634368955
455.504	0.1568193411262937
455.648	0.15681817634368955
455.791	0.15681817634368955
455.93600000000004	0.15681817634368955
456.08000000000004	0.1568193411262937
456.223	0.15682050590889784
456.367	0.15682050590889784
456.511	0.1568193411262937
456.65500000000003	0.15682050590889784
456.798	0.15682050590889784
456.94300000000004	0.15682050590889784
457.086	0.15682050590889784
457.23	0.15682050590889784
457.374	0.15682050590889784
457.51800000000003	0.15682050590889784
457.66200000000003	0.15682050590889784
457.805	0.1568193411262937
457.95	0.1568193411262937
458.09700000000004	0.15681817634368955
458.237	0.15681817634368955
458.38100000000003	0.15681759395238748
458.52500000000003	0.1568152643871792
458.66900000000004	0.156813517213273
458.812	0.156813517213273
458.957	0.156813517213273
459.1	0.156813517213273
459.244	0.156813517213273
459.38800000000003	0.156813517213273
459.53200000000004	0.156813517213273
459.676	0.156813517213273
459.819	0.156813517213273
459.963	0.1568152643871792
460.107	0.1568152643871792
460.25100000000003	0.1568152643871792
460.39500000000004	0.1568152643871792
460.539	0.15681759395238748
460.683	0.15681759395238748
460.826	0.1568152643871792
460.97	0.15681409960457504
461.11400000000003	0.15681584677848126
461.25800000000004	0.15681759395238748
461.402	0.15681817634368955
461.546	0.15681817634368955
461.69	0.15681817634368955
461.833	0.1568193411262937
461.97700000000003	0.15682050590889784
462.12100000000004	0.15682050590889784
462.265	0.15682050590889784
462.409	0.15682108830019992
462.553	0.15682283547410614
462.697	0.15682458264801236
462.84000000000003	0.15682283547410614
462.98400000000004	0.15682458264801236
463.128	0.15682516503931446
463.272	0.15682632982191858
463.416	0.15682749460452272
463.56	0.15682749460452272
463.704	0.1568280769958248
463.84700000000004	0.1568280769958248
463.991	0.1568280769958248
464.135	0.15682749460452272
464.278	0.15682749460452272
464.423	0.1568280769958248
464.567	0.1568280769958248
464.711	0.15682749460452272
464.85400000000004	0.15682749460452272
464.998	0.1568280769958248
465.142	0.1568280769958248
465.285	0.1568280769958248
465.43	0.1568280769958248
465.574	0.1568280769958248
465.71700000000004	0.1568280769958248
465.861	0.1568280769958248
466.005	0.1568280769958248
466.149	0.1568280769958248
466.29200000000003	0.1568280769958248
466.437	0.1568280769958248
466.58000000000004	0.15682749460452272
466.724	0.15682749460452272
466.868	0.15682749460452272
467.012	0.15682749460452272
467.156	0.15682749460452272
467.29900000000004	0.15682749460452272
467.444	0.15682749460452272
467.587	0.15682749460452272
467.731	0.1568280769958248
467.875	0.1568280769958248
468.019	0.1568280769958248
468.165	0.15682982416973099
468.30600000000004	0.1568280769958248
468.45	0.1568280769958248
468.594	0.1568280769958248
468.738	0.1568280769958248
468.882	0.1568280769958248
469.026	0.1568280769958248
469.17	0.1568280769958248
469.313	0.15682982416973099
469.457	0.15683098895233513
469.601	0.1568315713436372
469.745	0.15683215373493928
469.889	0.15683390090884552
470.033	0.15683564808275174
470.177	0.15683564808275174
470.32	0.15683564808275174
470.464	0.1568368128653559
470.608	0.1568368128653559
470.752	0.1568368128653559
470.896	0.15683856003926208
471.04	0.1568403072131683
471.185	0.15684147199577245
471.32800000000003	0.1568420543870745
471.47200000000004	0.1568420543870745
471.616	0.1568420543870745
471.76	0.15684263677837654
471.904	0.15684263677837654
472.048	0.15684263677837654
472.19100000000003	0.15684263677837654
472.33500000000004	0.15684263677837654
472.47900000000004	0.15684263677837654
472.623	0.15684263677837654
472.771	0.15684263677837654
472.91200000000003	0.15684263677837654
473.055	0.15684263677837654
473.199	0.15684263677837654
473.34200000000004	0.15684263677837654
473.486	0.15684263677837654
473.63	0.15684263677837654
473.774	0.15684263677837654
473.91700000000003	0.15684263677837654
474.062	0.15684263677837654
474.20500000000004	0.15684263677837654
474.349	0.1568438015609807
474.493	0.15684496634358486
474.637	0.15684496634358486
474.781	0.15684496634358486
474.92400000000004	0.15684496634358486
475.069	0.156846131126189
475.212	0.156846131126189
475.356	0.156846131126189
475.5	0.15684496634358486
475.644	0.15684496634358486
475.788	0.15684496634358486
475.93100000000004	0.15684496634358486
476.076	0.15684496634358486
476.219	0.15684496634358486
476.363	0.15684496634358486
476.507	0.15684496634358486
476.651	0.15684496634358486
476.795	0.156846131126189
476.938	0.156846131126189
477.082	0.156846131126189
477.228	0.156846131126189
477.37	0.156846131126189
477.514	0.15684787830009522
477.658	0.15684787830009522
477.802	0.15684787830009522
477.945	0.15684787830009522
478.089	0.15684787830009522
478.233	0.15684787830009522
478.377	0.15684787830009522
478.521	0.156846131126189
478.665	0.156846131126189
478.809	0.15684787830009522
478.952	0.15685195503920973
479.096	0.15684787830009522
479.24	0.15684787830009522
479.384	0.15684787830009522
479.528	0.15684787830009522
479.672	0.15685195503920973
479.815	0.15685544938702217
479.959	0.15685544938702217
480.103	0.15685544938702217
480.247	0.15685544938702217
480.391	0.15685544938702217
480.535	0.15685544938702217
480.67900000000003	0.15685661416962632
480.822	0.15685661416962632
480.966	0.15685952612613668
481.11	0.15685952612613668
481.254	0.15686185569134498
481.398	0.15685952612613668
481.54200000000003	0.15685661416962632
481.68600000000004	0.15685952612613668
481.83000000000004	0.15685952612613668
481.973	0.15685661416962632
482.117	0.15685952612613668
482.261	0.15685952612613668
482.40500000000003	0.15686185569134498
482.54900000000004	0.1568636028652512
482.692	0.1568636028652512
482.836	0.1568636028652512
482.98	0.1568636028652512
483.124	0.15686476764785534
483.26800000000003	0.15686476764785534
483.411	0.1568636028652512
483.55600000000004	0.1568636028652512
483.7	0.1568636028652512
483.843	0.15686185569134498
483.987	0.1568636028652512
484.13100000000003	0.1568636028652512
484.27500000000003	0.1568636028652512
484.418	0.1568636028652512
484.563	0.15686476764785534
484.706	0.15686476764785534
484.85	0.15686476764785534
484.994	0.15686535003915741
485.13800000000003	0.15686476764785534
485.28200000000004	0.15686535003915741
485.425	0.15686767960436565
485.569	0.15686767960436565
485.713	0.15686767960436565
485.857	0.15687059156087602
486.002	0.15687233873478224
486.14500000000004	0.15687233873478224
486.291	0.15687233873478224
486.432	0.1568729211260843
486.576	0.1568729211260843
486.72	0.1568729211260843
486.86400000000003	0.15687408590868845
487.00800000000004	0.15687408590868845
487.152	0.15687408590868845
487.296	0.15687408590868845
487.439	0.15687408590868845
487.583	0.15687583308259467
487.72700000000003	0.15687641547389675
487.87100000000004	0.15687641547389675
488.014	0.15687641547389675
488.159	0.15687641547389675
488.302	0.15687641547389675
488.446	0.15687641547389675
488.591	0.15687641547389675
488.735	0.15687641547389675
488.879	0.15687641547389675
489.023	0.15687874503910504
489.16700000000003	0.15688165699561538
489.31	0.15688165699561538
489.454	0.15688165699561538
489.598	0.15687874503910504
489.742	0.15687874503910504
489.886	0.15688165699561538
490.029	0.15688165699561538
490.17400000000004	0.15688165699561538
490.317	0.15688165699561538
490.461	0.15688165699561538
490.605	0.15688165699561538
490.749	0.15687874503910504
490.89300000000003	0.15687874503910504
491.036	0.15687874503910504
491.18	0.15688165699561538
491.324	0.15688223938691745
491.468	0.15688223938691745
491.612	0.15688223938691745
491.75600000000003	0.15688223938691745
491.90000000000003	0.15688223938691745
492.043	0.15688165699561538
492.187	0.15687874503910504
492.331	0.15687641547389675
492.475	0.15687874503910504
492.618	0.15687874503910504
492.76300000000003	0.15687874503910504
492.90700000000004	0.15687874503910504
493.05	0.15687641547389675
493.194	0.15687641547389675
493.338	0.15687641547389675
493.482	0.15687583308259467
493.62600000000003	0.15687583308259467
493.77000000000004	0.15687583308259467
493.913	0.15687583308259467
494.057	0.15687641547389675
494.201	0.15687641547389675
494.345	0.15687874503910504
494.48900000000003	0.15687641547389675
494.63300000000004	0.15687641547389675
494.776	0.15687583308259467
494.92	0.15687408590868845
495.064	0.1568729211260843
495.208	0.1568729211260843
495.35400000000004	0.1568729211260843
495.49600000000004	0.1568729211260843
495.639	0.1568729211260843
495.784	0.1568729211260843
495.928	0.1568729211260843
496.071	0.15687408590868845
496.21500000000003	0.15687408590868845
496.35900000000004	0.15687583308259467
496.503	0.15687641547389675
496.646	0.15687641547389675
496.79	0.15687874503910504
496.934	0.15688165699561538
497.07800000000003	0.15688223938691745
497.22200000000004	0.15688223938691745
497.366	0.15688340416952162
497.51	0.15688515134342784
497.653	0.1568857337347299
497.797	0.15688689851733403
497.94100000000003	0.15688806329993818
498.08500000000004	0.15688806329993818
498.22900000000004	0.15688806329993818
498.373	0.15688806329993818
498.516	0.15688689851733403
498.66	0.1568857337347299
498.80400000000003	0.1568857337347299
498.94800000000004	0.15688689851733403
499.09200000000004	0.15688806329993818
499.236	0.15688806329993818
499.38	0.15688689851733403
499.524	0.15688689851733403
499.66700000000003	0.15688689851733403
499.81100000000004	0.15688806329993818
499.95500000000004	0.15688806329993818
500.099	0.15688806329993818
500.243	0.15688864569124025
500.386	0.15688922808254233
500.53000000000003	0.15689039286514647
500.67400000000004	0.15689155764775062
500.81800000000004	0.15689155764775062
500.962	0.1568921400390527
501.105	0.1568938872129589
501.25	0.1568938872129589
501.394	0.1568921400390527
501.53700000000003	0.15689155764775062
501.68100000000004	0.1568921400390527
501.825	0.1568921400390527
501.969	0.15689155764775062
502.112	0.15689155764775062
502.257	0.15689039286514647
502.40000000000003	0.15689039286514647
502.54400000000004	0.15689039286514647
502.688	0.15689039286514647
502.832	0.15689039286514647
502.976	0.15689039286514647
503.125	0.15689155764775062
503.262	0.1568921400390527
503.40700000000004	0.1568938872129589
503.551	0.1568938872129589
503.695	0.15689505199556306
503.839	0.15689505199556306
503.983	0.15689505199556306
504.12600000000003	0.15689505199556306
504.27000000000004	0.15689563438686516
504.414	0.15689621677816723
504.558	0.15689621677816723
504.702	0.15689621677816723
504.846	0.15689738156077138
504.99	0.1568985463433755
505.13300000000004	0.1568985463433755
505.277	0.1568985463433755
505.421	0.15690029351728169
505.565	0.15690029351728169
505.708	0.15690204069118788
505.853	0.15690204069118788
505.99600000000004	0.15690204069118788
506.141	0.15690204069118788
506.285	0.15690204069118788
506.42900000000003	0.15690204069118788
506.57300000000004	0.15690029351728169
506.716	0.15690029351728169
506.86	0.15690029351728169
507.004	0.15690204069118788
507.148	0.15690204069118788
507.29200000000003	0.15690204069118788
507.43600000000004	0.15690204069118788
507.58000000000004	0.15690204069118788
507.723	0.15690204069118788
507.867	0.15690204069118788
508.011	0.15690204069118788
508.15500000000003	0.15690204069118788
508.29900000000004	0.15690204069118788
508.44300000000004	0.15690204069118788
508.587	0.15690262308248995
508.73	0.15690437025639617
508.874	0.15690553503900032
509.01800000000003	0.15690553503900032
509.16200000000003	0.15690553503900032
509.30600000000004	0.15690553503900032
509.45	0.15690553503900032
509.594	0.15690611743030242
509.737	0.15690786460420864
509.88100000000003	0.15690786460420864
510.02500000000003	0.15690786460420864
510.16900000000004	0.15690786460420864
510.313	0.15690611743030242
510.457	0.15690611743030242
510.601	0.15690611743030242
510.744	0.15690611743030242
510.889	0.15690786460420864
511.03200000000004	0.15690786460420864
511.175	0.15690786460420864
511.32	0.15690786460420864
511.464	0.15690786460420864
511.608	0.15690611743030242
511.751	0.15690553503900032
511.895	0.15690553503900032
512.039	0.15690553503900032
512.182	0.15690437025639617
512.327	0.15690262308248995
512.47	0.15690204069118788
512.614	0.15690204069118788
512.758	0.15690204069118788
512.902	0.15690204069118788
513.046	0.15690204069118788
513.19	0.15690204069118788
513.3340000000001	0.15690029351728169
513.479	0.15690204069118788
513.621	0.15690204069118788
513.765	0.15690204069118788
513.909	0.15690204069118788
514.053	0.15690204069118788
514.196	0.15690262308248995
514.341	0.15690262308248995
514.484	0.15690437025639617
514.628	0.15690553503900032
514.772	0.15690553503900032
514.916	0.15690553503900032
515.0600000000001	0.15690553503900032
515.203	0.15690553503900032
515.347	0.15690553503900032
515.491	0.15690553503900032
515.635	0.15690553503900032
515.779	0.15690553503900032
515.923	0.15690553503900032
516.067	0.15690611743030242
516.21	0.15690611743030242
516.354	0.15690611743030242
516.498	0.15690553503900032
516.642	0.15690553503900032
516.7860000000001	0.15690553503900032
516.9300000000001	0.15690553503900032
517.0740000000001	0.15690611743030242
517.217	0.15690611743030242
517.361	0.15690611743030242
517.505	0.15690786460420864
517.649	0.15690961177811485
517.795	0.15690961177811485
517.937	0.15691135895202107
518.08	0.15691135895202107
518.224	0.15691135895202107
518.368	0.15691135895202107
518.5120000000001	0.15691135895202107
518.6560000000001	0.15691135895202107
518.8000000000001	0.15691135895202107
518.944	0.15690961177811485
519.088	0.15690786460420864
519.231	0.15690611743030242
519.375	0.15690553503900032
519.519	0.15690553503900032
519.663	0.15690553503900032
519.806	0.15690553503900032
519.951	0.15690553503900032
520.0980000000001	0.15690553503900032
520.238	0.15690553503900032
520.3820000000001	0.15690437025639617
520.5260000000001	0.15690437025639617
520.67	0.15690437025639617
520.813	0.15690320547379202
520.957	0.15690320547379202
521.101	0.15690320547379202
521.245	0.15690320547379202
521.389	0.15690320547379202
521.533	0.15690320547379202
521.677	0.15690437025639617
521.82	0.15690553503900032
521.964	0.15690553503900032
522.1080000000001	0.15690553503900032
522.2520000000001	0.15690553503900032
522.396	0.15690553503900032
522.54	0.15690553503900032
522.684	0.15690553503900032
522.827	0.15690611743030242
522.971	0.15690786460420864
523.115	0.15690961177811485
523.259	0.15691135895202107
523.403	0.15691135895202107
523.548	0.15691135895202107
523.692	0.15691135895202107
523.835	0.15691135895202107
523.979	0.15691135895202107
524.123	0.15691135895202107
524.267	0.15690961177811485
524.4110000000001	0.15690786460420864
524.5550000000001	0.15690611743030242
524.6990000000001	0.15690553503900032
524.842	0.15690553503900032
524.986	0.15690553503900032
525.13	0.15690437025639617
525.273	0.15690320547379202
525.418	0.15690320547379202
525.561	0.15690320547379202
525.705	0.15690320547379202
525.849	0.15690437025639617
525.993	0.15690553503900032
526.1370000000001	0.15690553503900032
526.28	0.15690553503900032
526.4250000000001	0.15690611743030242
526.568	0.15690786460420864
526.712	0.15690961177811485
526.856	0.15691135895202107
527.0	0.1569131061259273
527.144	0.15691368851722934
527.288	0.15691368851722934
527.431	0.15691368851722934
527.575	0.15691601808243766
527.719	0.15691834764764595
527.863	0.156918930038948
528.0070000000001	0.15691951243025004
528.1510000000001	0.15691951243025004
528.295	0.1569206772128542
528.438	0.15692184199545836
528.582	0.15692184199545836
528.726	0.15692184199545836
528.87	0.15692242438676043
529.014	0.15692417156066663
529.158	0.15692417156066663
529.302	0.15692417156066663
529.445	0.15692417156066663
529.589	0.15692533634327077
529.7330000000001	0.15692533634327077
529.8770000000001	0.15692533634327077
530.021	0.15692533634327077
530.165	0.15692533634327077
530.308	0.15692533634327077
530.452	0.15692533634327077
530.596	0.15692417156066663
530.74	0.15692417156066663
530.883	0.15692417156066663
531.028	0.15692533634327077
531.171	0.15692533634327077
531.315	0.15692533634327077
531.4590000000001	0.15692533634327077
531.606	0.15692533634327077
531.747	0.15692533634327077
531.891	0.15692533634327077
532.035	0.15692533634327077
532.178	0.15692533634327077
532.322	0.15692533634327077
532.466	0.15692533634327077
532.61	0.15692533634327077
532.754	0.15692533634327077
532.897	0.15692358916936455
533.042	0.15692358916936455
533.186	0.15692358916936455
533.3290000000001	0.15692533634327077
533.4730000000001	0.15692533634327077
533.617	0.15692533634327077
533.761	0.156927083517177
533.904	0.156927083517177
534.049	0.1569294130823853
534.192	0.15693116025629153
534.336	0.1569294130823853
534.48	0.156927083517177
534.624	0.15692533634327077
534.768	0.15692533634327077
534.9110000000001	0.15692358916936455
535.0550000000001	0.15692184199545836
535.1990000000001	0.15692184199545836
535.343	0.15692184199545836
535.487	0.15692184199545836
535.631	0.15692358916936455
535.775	0.15692533634327077
535.918	0.15692533634327077
536.062	0.15692533634327077
536.206	0.15692533634327077
536.35	0.15692533634327077
536.494	0.156927083517177
536.638	0.1569294130823853
536.782	0.1569294130823853
536.9250000000001	0.1569294130823853
537.069	0.1569294130823853
537.213	0.1569294130823853
537.357	0.1569294130823853
537.501	0.1569294130823853
537.645	0.15693116025629153
537.789	0.15693116025629153
537.932	0.1569294130823853
538.076	0.1569276659084791
538.22	0.15692591873457284
538.364	0.1569276659084791
538.508	0.1569294130823853
538.652	0.1569294130823853
538.796	0.1569294130823853
538.939	0.15693116025629153
539.083	0.15693232503889568
539.227	0.15693232503889568
539.371	0.15693232503889568
539.514	0.15693232503889568
539.659	0.15693232503889568
539.803	0.15693232503889568
539.946	0.15693232503889568
540.09	0.15693116025629153
540.234	0.1569294130823853
540.378	0.1569294130823853
540.524	0.1569276659084791
540.666	0.1569276659084791
540.809	0.15692591873457284
540.953	0.15692533634327077
541.0980000000001	0.15692533634327077
541.242	0.15692533634327077
541.386	0.15692533634327077
541.529	0.15692533634327077
541.674	0.15692533634327077
541.817	0.15692533634327077
541.961	0.15692591873457284
542.105	0.1569276659084791
542.249	0.1569276659084791
542.393	0.1569276659084791
542.5360000000001	0.1569294130823853
542.681	0.1569294130823853
542.8240000000001	0.1569294130823853
542.968	0.15693116025629153
543.112	0.15693232503889568
543.256	0.15693232503889568
543.4	0.15693232503889568
543.543	0.15693232503889568
543.688	0.15693232503889568
543.831	0.15693232503889568
543.975	0.15693232503889568
544.119	0.15693232503889568
544.263	0.15693290743019772
544.407	0.15693290743019772
544.551	0.15693232503889568
544.695	0.15693232503889568
544.838	0.15693232503889568
544.982	0.15693232503889568
545.126	0.15693232503889568
545.27	0.15693232503889568
545.414	0.15693290743019772
545.557	0.15693348982149977
545.701	0.15693290743019772
545.845	0.15693290743019772
545.989	0.15693290743019772
546.133	0.15693290743019772
546.277	0.15693290743019772
546.421	0.15693348982149977
546.564	0.1569346546041039
546.708	0.15693581938670806
546.852	0.15693581938670806
546.996	0.15693581938670806
547.141	0.15693581938670806
547.284	0.15693581938670806
547.427	0.15693581938670806
547.572	0.1569393137345205
547.716	0.1569393137345205
547.859	0.1569393137345205
548.0020000000001	0.15693581938670806
548.15	0.1569346546041039
548.291	0.15693348982149977
548.434	0.15693290743019772
548.578	0.15693290743019772
548.722	0.15693348982149977
548.866	0.1569346546041039
549.01	0.1569346546041039
549.154	0.1569346546041039
549.297	0.1569346546041039
549.441	0.1569346546041039
549.585	0.15693581938670806
549.729	0.1569393137345205
549.873	0.15694280808233294
550.017	0.15694280808233294
550.1610000000001	0.15694280808233294
550.304	0.15694280808233294
550.448	0.15694280808233294
550.592	0.15694280808233294
550.736	0.15694106090842672
550.88	0.15693756656061428
551.023	0.15693756656061428
551.167	0.15694106090842672
551.311	0.15694280808233294
551.455	0.15694280808233294
551.599	0.15694280808233294
551.743	0.15694280808233294
551.871	0.15694280808233294
552.014	0.15694106090842672
552.159	0.15694106090842672
552.302	0.15694280808233294
552.446	0.15694106090842672
552.59	0.15694106090842672
552.734	0.15693756656061428
552.878	0.15693756656061428
553.021	0.15693756656061428
553.165	0.15693581938670806
553.309	0.15693756656061428
553.453	0.15693756656061428
553.597	0.15694106090842672
553.741	0.15694106090842672
553.885	0.15694106090842672
554.028	0.15694106090842672
554.172	0.15694106090842672
554.316	0.15694106090842672
554.46	0.15694106090842672
554.604	0.15694106090842672
554.748	0.15694106090842672
554.892	0.15693756656061428
555.035	0.15693581938670806
555.179	0.15693581938670806
555.323	0.1569346546041039
555.467	0.1569346546041039
555.61	0.1569346546041039
555.755	0.1569346546041039
555.899	0.1569346546041039
556.042	0.1569346546041039
556.186	0.15693348982149977
556.33	0.15693348982149977
556.474	0.15693348982149977
556.617	0.15693348982149977
556.7620000000001	0.15693348982149977
556.905	0.15693348982149977
557.049	0.15693348982149977
557.193	0.15693348982149977
557.337	0.15693290743019772
557.481	0.15693290743019772
557.624	0.15693290743019772
557.769	0.15693290743019772
557.912	0.15693290743019772
558.056	0.15693290743019772
558.2	0.15693290743019772
558.344	0.15693348982149977
558.489	0.1569346546041039
558.6320000000001	0.15693348982149977
558.78	0.15693348982149977
558.92	0.15693348982149977
559.064	0.15693348982149977
559.208	0.15693290743019772
559.352	0.15693290743019772
559.496	0.15693116025629153
559.639	0.15693116025629153
559.783	0.1569294130823853
559.927	0.1569294130823853
560.071	0.15693116025629153
560.215	0.15693116025629153
560.359	0.15693116025629153
560.503	0.15693116025629153
560.648	0.15693116025629153
560.79	0.15693290743019772
560.934	0.15693348982149977
561.078	0.15693348982149977
561.222	0.15693348982149977
561.366	0.15693348982149977
561.51	0.15693348982149977
561.653	0.1569346546041039
561.797	0.15693581938670806
561.942	0.15693756656061428
562.085	0.15694106090842672
562.229	0.15694280808233294
562.372	0.15694280808233294
562.516	0.156943390473635
562.66	0.1569457200388433
562.806	0.15694746721274952
562.948	0.15694746721274952
563.092	0.15694746721274952
563.236	0.15694863199535367
563.379	0.15695154395186403
563.523	0.1569562030822806
563.667	0.15695911503879095
563.811	0.1569562030822806
563.955	0.15695154395186403
564.0980000000001	0.15694863199535367
564.243	0.15694746721274952
564.386	0.15694746721274952
564.53	0.15694746721274952
564.674	0.15694746721274952
564.818	0.15694746721274952
564.962	0.15694746721274952
565.105	0.15694746721274952
565.249	0.15694746721274952
565.393	0.15694746721274952
565.537	0.15694863199535367
565.681	0.15695154395186403
565.825	0.15695154395186403
565.969	0.15695154395186403
566.112	0.15695154395186403
566.256	0.15694863199535367
566.4	0.15694863199535367
566.544	0.15694863199535367
566.688	0.15695154395186403
566.832	0.1569562030822806
566.976	0.15695911503879095
567.119	0.1569562030822806
567.263	0.15695154395186403
567.407	0.15694863199535367
567.551	0.15694746721274952
567.695	0.15694746721274952
567.84	0.15694746721274952
567.9830000000001	0.15694746721274952
568.126	0.1569457200388433
568.27	0.156943390473635
568.414	0.15694280808233294
568.558	0.15694280808233294
568.701	0.15694280808233294
568.846	0.156943390473635
568.99	0.1569457200388433
569.133	0.15694746721274952
569.277	0.15694746721274952
569.421	0.15694746721274952
569.565	0.15694746721274952
569.708	0.15694746721274952
569.8530000000001	0.15694746721274952
569.996	0.1569457200388433
570.14	0.1569457200388433
570.284	0.15694746721274952
570.428	0.15694746721274952
570.572	0.15694746721274952
570.715	0.15694863199535367
570.859	0.1569497967779578
571.003	0.15695154395186403
571.147	0.15695329112577025
571.291	0.15695154395186403
571.4350000000001	0.15695154395186403
571.5790000000001	0.1569497967779578
571.722	0.1569497967779578
571.866	0.15694863199535367
572.01	0.15694746721274952
572.154	0.15694746721274952
572.298	0.15694746721274952
572.442	0.1569457200388433
572.586	0.15694397286493708
572.729	0.1569457200388433
572.873	0.15694746721274952
573.017	0.15694746721274952
573.1610000000001	0.1569457200388433
573.3050000000001	0.156943390473635
573.4490000000001	0.15694280808233294
573.592	0.156943390473635
573.736	0.156943390473635
573.88	0.156943390473635
574.024	0.156943390473635
574.168	0.156943390473635
574.312	0.156943390473635
574.456	0.156943390473635
574.599	0.156943390473635
574.743	0.1569457200388433
574.8870000000001	0.1569457200388433
575.0310000000001	0.1569457200388433
575.174	0.15694746721274952
575.319	0.15694746721274952
575.463	0.15694746721274952
575.606	0.15694746721274952
575.75	0.15694746721274952
575.894	0.15694746721274952
576.039	0.15694746721274952
576.183	0.15694746721274952
576.327	0.15694746721274952
576.472	0.15694746721274952
576.614	0.15694746721274952
576.758	0.15694746721274952
576.903	0.15694746721274952
577.046	0.15694746721274952
577.189	0.15694746721274952
577.333	0.15694746721274952
577.477	0.15694746721274952
577.621	0.15694746721274952
577.765	0.15694746721274952
577.909	0.15694746721274952
578.053	0.15694746721274952
578.196	0.15694746721274952
578.34	0.15694746721274952
578.484	0.1569457200388433
578.628	0.156943390473635
578.772	0.156943390473635
578.916	0.156943390473635
579.0600000000001	0.156943390473635
579.203	0.156943390473635
579.347	0.156943390473635
579.491	0.15694280808233294
579.635	0.15694280808233294
579.779	0.156943390473635
579.923	0.15694280808233294
580.067	0.156943390473635
580.21	0.1569457200388433
580.354	0.1569457200388433
580.498	0.1569457200388433
580.642	0.1569457200388433
580.7860000000001	0.15694746721274952
580.9300000000001	0.15694746721274952
581.073	0.15694746721274952
581.217	0.15694746721274952
581.361	0.15694746721274952
581.505	0.15694746721274952
581.649	0.15694746721274952
581.792	0.15694746721274952
581.936	0.15694863199535367
582.08	0.1569497967779578
582.224	0.1569497967779578
582.368	0.15695096156056196
582.5120000000001	0.15695096156056196
582.6560000000001	0.1569497967779578
582.799	0.1569497967779578
582.943	0.1569497967779578
583.087	0.1569497967779578
583.231	0.1569497967779578
583.375	0.1569497967779578
583.519	0.1569497967779578
583.663	0.1569497967779578
583.806	0.1569497967779578
583.95	0.1569497967779578
584.094	0.1569497967779578
584.238	0.15695096156056196
584.3820000000001	0.15695096156056196
584.5260000000001	0.15695096156056196
584.67	0.15695096156056196
584.813	0.15695270873446818
584.957	0.15695270873446818
585.101	0.15695270873446818
585.245	0.15695270873446818
585.388	0.15695270873446818
585.533	0.15695270873446818
585.677	0.1569521263431661
585.82	0.1569521263431661
585.966	0.15695096156056196
586.1080000000001	0.1569497967779578
586.2520000000001	0.15694863199535367
586.395	0.15694746721274952
586.54	0.15694746721274952
586.683	0.15694746721274952
586.827	0.15694746721274952
586.971	0.15694746721274952
587.115	0.15694746721274952
587.259	0.15694746721274952
587.402	0.15694688482144745
587.547	0.15694630243014537
587.69	0.15694688482144745
587.8340000000001	0.15694746721274952
587.9780000000001	0.15694746721274952
588.122	0.15694746721274952
588.266	0.15694746721274952
588.409	0.15694746721274952
588.553	0.15694746721274952
588.697	0.15694688482144745
588.841	0.15694746721274952
588.985	0.15694746721274952
589.129	0.15694746721274952
589.273	0.15694746721274952
589.416	0.15694746721274952
589.5600000000001	0.15694746721274952
589.7040000000001	0.15694746721274952
589.8480000000001	0.15694863199535367
589.992	0.15694863199535367
590.136	0.15694863199535367
590.28	0.15695096156056196
590.423	0.15695096156056196
590.568	0.1569521263431661
590.712	0.1569521263431661
590.855	0.1569521263431661
590.999	0.15695096156056196
591.143	0.15695096156056196
591.2860000000001	0.15695096156056196
591.4300000000001	0.1569521263431661
591.5740000000001	0.15695270873446818
591.718	0.15695270873446818
591.862	0.15695329112577025
592.006	0.15695329112577025
592.15	0.15695329112577025
592.293	0.15695329112577025
592.437	0.15695329112577025
592.581	0.15695329112577025
592.725	0.1569544559083744
592.869	0.1569544559083744
593.013	0.1569544559083744
593.159	0.15695620308228062
593.3000000000001	0.1569544559083744
593.445	0.15695620308228062
593.589	0.1569579502561868
593.7330000000001	0.15695911503879095
593.876	0.15695969743009303
594.021	0.15696144460399925
594.164	0.15696493895181168
594.308	0.15696726851701998
594.452	0.15696843329962412
594.596	0.15696843329962412
594.74	0.15696959808222824
594.883	0.15696959808222824
595.027	0.1569701804735303
595.171	0.15697076286483239
595.315	0.15697076286483239
595.4590000000001	0.15697192764743653
595.6030000000001	0.15697192764743653
595.747	0.15697076286483239
595.89	0.15697076286483239
596.034	0.15697076286483239
596.162	0.15697076286483239
596.306	0.15697076286483239
596.45	0.15697192764743653
596.594	0.15697076286483239
596.738	0.15697076286483239
596.881	0.1569701804735303
597.025	0.1569701804735303
597.169	0.15696959808222824
597.313	0.15696959808222824
597.457	0.15696843329962412
597.601	0.15696726851701998
597.745	0.15696493895181168
597.888	0.15696493895181168
598.032	0.15696493895181168
598.176	0.15696843329962412
598.32	0.15696959808222824
598.464	0.15696959808222824
598.6080000000001	0.1569701804735303
598.7520000000001	0.15697076286483239
598.895	0.15697076286483239
599.039	0.15697076286483239
599.183	0.15697076286483239
599.327	0.15697192764743653
599.47	0.15697192764743653
599.615	0.15697076286483239
599.758	0.15697076286483239
599.902	0.15697076286483239
600.046	0.15697076286483239
600.19	0.15697076286483239
600.3340000000001	0.15697076286483239
600.477	0.15697076286483239
600.622	0.15697076286483239
600.765	0.15697076286483239
600.909	0.15697076286483239
601.053	0.15697192764743653
601.197	0.15697309243004068
601.341	0.15697309243004068
601.484	0.15697309243004068
601.629	0.15697309243004068
601.772	0.15697367482134272
601.916	0.1569742572126448
602.0600000000001	0.1569742572126448
602.2040000000001	0.15697542199524894
602.3480000000001	0.1569765867778531
602.491	0.1569783339517593
602.636	0.15698008112566553
602.779	0.1569806635169676
602.923	0.15698241069087385
603.067	0.1569847402560821
603.211	0.15698765221259248
603.355	0.1569847402560821
603.498	0.1569847402560821
603.642	0.15698241069087385
603.7860000000001	0.1569806635169676
603.9300000000001	0.1569806635169676
604.076	0.1569806635169676
604.218	0.1569806635169676
604.362	0.1569806635169676
604.505	0.1569806635169676
604.649	0.1569806635169676
604.793	0.1569806635169676
604.937	0.1569806635169676
605.082	0.1569806635169676
605.225	0.1569812459082697
605.369	0.1569812459082697
605.5120000000001	0.1569806635169676
605.6560000000001	0.1569812459082697
605.8000000000001	0.1569806635169676
605.944	0.15698008112566553
606.088	0.1569783339517593
606.232	0.1569765867778531
606.375	0.15697542199524894
606.519	0.1569765867778531
606.663	0.1569765867778531
606.807	0.1569783339517593
606.951	0.15698008112566553
607.095	0.1569806635169676
607.239	0.1569812459082697
607.3820000000001	0.15698241069087385
607.5260000000001	0.1569847402560821
607.67	0.15698765221259248
607.816	0.15698998177780077
607.957	0.156991728951707
608.102	0.15699289373431116
608.245	0.15699289373431116
608.389	0.15699289373431116
608.533	0.15699289373431116
608.677	0.15699289373431116
608.821	0.15699289373431116
608.965	0.1569934761256132
609.109	0.15699522329951943
609.2520000000001	0.15699697047342562
609.396	0.1569975528647277
609.54	0.1569975528647277
609.684	0.1569975528647277
609.828	0.1569975528647277
609.971	0.1569975528647277
610.116	0.1569975528647277
610.259	0.1569975528647277
610.403	0.1569975528647277
610.547	0.1569975528647277
610.691	0.15699871764733184
610.835	0.15699871764733184
610.979	0.15699871764733184
611.124	0.1569975528647277
611.267	0.1569975528647277
611.4110000000001	0.1569975528647277
611.5550000000001	0.15699697047342562
611.6990000000001	0.15699697047342562
611.843	0.15699697047342562
611.986	0.15699697047342562
612.131	0.15699697047342562
612.274	0.15699522329951943
612.418	0.1569934761256132
612.562	0.15699289373431116
612.706	0.15699289373431116
612.85	0.156991728951707
612.995	0.15698998177780077
613.139	0.15698998177780077
613.2810000000001	0.15698998177780077
613.4250000000001	0.15698998177780077
613.569	0.15698998177780077
613.713	0.15698998177780077
613.857	0.15698998177780077
614.0	0.15698998177780077
614.145	0.156991728951707
614.288	0.15699289373431116
614.432	0.15699289373431116
614.576	0.1569934761256132
614.72	0.1569934761256132
614.864	0.15699522329951943
615.0070000000001	0.15699697047342562
615.1510000000001	0.15699697047342562
615.295	0.15699697047342562
615.439	0.15699697047342562
615.583	0.1569975528647277
615.727	0.1569975528647277
615.871	0.1569975528647277
616.014	0.1569975528647277
616.158	0.1569975528647277
616.302	0.15699871764733184
616.446	0.15699871764733184
616.59	0.15699988242993598
616.734	0.15699988242993598
616.878	0.1570016296038422
617.021	0.1570016296038422
617.165	0.1570016296038422
617.309	0.15699988242993598
617.453	0.15699988242993598
617.596	0.15699988242993598
617.741	0.15699988242993598
617.884	0.15699988242993598
618.028	0.15699988242993598
618.172	0.15699988242993598
618.316	0.1570016296038422
618.46	0.15700337677774842
618.6030000000001	0.15700337677774842
618.748	0.15700337677774842
618.891	0.15700337677774842
619.035	0.15700337677774842
619.1800000000001	0.15700337677774842
619.323	0.1570039591690505
619.467	0.1570039591690505
619.611	0.15700454156035257
619.755	0.1570057063429567
619.898	0.15700745351686293
620.042	0.157008035908165
620.186	0.15700920069076912
620.33	0.15701036547337327
620.474	0.15701036547337327
620.617	0.15701036547337327
620.761	0.15701036547337327
620.905	0.15701036547337327
621.049	0.15701036547337327
621.193	0.15700920069076912
621.337	0.157008035908165
621.481	0.15700745351686293
621.624	0.15700745351686293
621.768	0.157008035908165
621.912	0.15700920069076912
622.056	0.15700920069076912
622.201	0.15701036547337327
622.344	0.15701036547337327
622.488	0.15701036547337327
622.631	0.15701036547337327
622.775	0.15701269503858156
622.919	0.15701502460378985
623.063	0.15701502460378985
623.207	0.15701502460378985
623.351	0.157016189386394
623.494	0.1570185189516023
623.638	0.1570185189516023
623.782	0.15702143090811266
623.926	0.15702376047332095
624.07	0.15702609003852924
624.214	0.15702783721243546
624.3580000000001	0.15702783721243546
624.501	0.15702783721243546
624.645	0.15702783721243546
624.789	0.1570290019950396
624.933	0.15703074916894577
625.076	0.157032496342852
625.221	0.15703366112545614
625.365	0.1570342435167582
625.508	0.1570342435167582
625.652	0.15703482590806028
625.796	0.15703482590806028
625.94	0.1570365730819665
626.083	0.15703832025587275
626.2280000000001	0.15703948503847687
626.371	0.157040649821081
626.515	0.157040649821081
626.659	0.157040649821081
626.803	0.157040649821081
626.947	0.157040649821081
627.091	0.1570429793862893
627.234	0.1570429793862893
627.378	0.1570429793862893
627.522	0.157040649821081
627.666	0.15703948503847687
627.8100000000001	0.15703948503847687
627.9540000000001	0.15703948503847687
628.0980000000001	0.15703948503847687
628.241	0.15703948503847687
628.385	0.15703948503847687
628.53	0.15703948503847687
628.674	0.157040649821081
628.818	0.1570429793862893
628.962	0.15704647373410174
629.106	0.15704647373410174
629.249	0.1570476385167059
629.393	0.1570476385167059
629.537	0.1570476385167059
629.681	0.15704822090800796
629.825	0.15704822090800796
629.969	0.15704822090800796
630.112	0.15704822090800796
630.256	0.15704822090800796
630.4	0.15704822090800796
630.544	0.15704880329931
630.688	0.15704880329931
630.832	0.15704822090800796
630.975	0.1570476385167059
631.119	0.15704822090800796
631.264	0.15704880329931
631.407	0.15704996808191415
631.551	0.15705229764712245
631.694	0.15705404482102867
631.839	0.15705404482102867
631.9830000000001	0.15705404482102867
632.126	0.15705229764712245
632.27	0.15705229764712245
632.414	0.15704996808191415
632.558	0.15704880329931
632.701	0.15704880329931
632.846	0.15704822090800796
632.989	0.15704880329931
633.133	0.15704996808191415
633.277	0.15705229764712245
633.422	0.15705404482102867
633.565	0.15705637438623699
633.7090000000001	0.15705928634274735
633.8530000000001	0.15705928634274735
633.997	0.15706103351665357
634.14	0.15706161590795564
634.284	0.15706161590795564
634.428	0.15706161590795564
634.572	0.15706161590795564
634.715	0.15706161590795564
634.859	0.15706103351665357
635.003	0.15706103351665357
635.147	0.15706103351665357
635.291	0.15706103351665357
635.4350000000001	0.15706103351665357
635.5790000000001	0.15706103351665357
635.722	0.15706103351665357
635.866	0.15706161590795564
636.01	0.15706161590795564
636.154	0.15706336308186183
636.297	0.15706511025576803
636.442	0.15706511025576803
636.585	0.15706511025576803
636.729	0.15706511025576803
636.873	0.15706511025576803
637.017	0.15706511025576803
637.1610000000001	0.15706511025576803
637.304	0.15706511025576803
637.4490000000001	0.15706685742967424
637.592	0.15706685742967424
637.736	0.1570697693861846
637.885	0.1570697693861846
638.024	0.15707151656009083
638.168	0.15707326373399705
638.311	0.1570761756905074
638.456	0.15707792286441363
638.599	0.15707792286441363
638.743	0.15707792286441363
638.8870000000001	0.1570785052557157
639.0310000000001	0.1570785052557157
639.1750000000001	0.15707908764701775
639.318	0.15708025242962192
639.462	0.15708199960352814
639.606	0.15708258199483022
639.75	0.15708374677743436
639.894	0.15708491156003848
640.038	0.15708491156003848
640.182	0.15708491156003848
640.325	0.15708607634264263
640.469	0.15708607634264263
640.613	0.15708724112524677
640.7570000000001	0.15708724112524677
640.9010000000001	0.15708724112524677
641.045	0.157088988299153
641.189	0.1570907354730592
641.332	0.1570907354730592
641.476	0.1570907354730592
641.62	0.15709131786436129
641.764	0.1570907354730592
641.908	0.1570907354730592
642.052	0.15709131786436129
642.195	0.15709131786436129
642.339	0.15709190025566336
642.4830000000001	0.1570930650382675
642.6270000000001	0.15709422982087165
642.771	0.15709422982087165
642.915	0.1570948122121737
643.059	0.157097141777382
643.202	0.15710005373389235
643.346	0.1571012185164965
643.49	0.15710180090779857
643.634	0.15710354808170476
643.778	0.15710354808170476
643.922	0.15710354808170476
644.066	0.15710354808170476
644.2090000000001	0.15710180090779857
644.3530000000001	0.15710180090779857
644.497	0.15710354808170476
644.641	0.15710354808170476
644.784	0.15710180090779857
644.929	0.15710180090779857
645.072	0.15710354808170476
645.216	0.15710354808170476
645.36	0.15710354808170476
645.504	0.15710646003821513
645.648	0.15710995438602757
645.791	0.15711228395123586
645.937	0.1571157782990483
646.08	0.15712043742946488
646.224	0.15712334938597522
646.368	0.15712451416857937
646.5120000000001	0.15712451416857937
646.6560000000001	0.15712626134248558
646.799	0.15712800851639178
646.944	0.15712859090769388
647.087	0.15713092047290217
647.231	0.15713383242941253
647.375	0.15713557960331875
647.519	0.15713557960331875
647.663	0.15713557960331875
647.806	0.15713557960331875
647.951	0.15713557960331875
648.094	0.15713557960331875
648.239	0.15713557960331875
648.3820000000001	0.15713557960331875
648.5260000000001	0.15713557960331875
648.67	0.15713383242941253
648.813	0.15713383242941253
648.957	0.15713383242941253
649.101	0.15713383242941253
649.245	0.15713383242941253
649.39	0.15713383242941253
649.533	0.15713557960331875
649.677	0.15713732677722494
649.82	0.15713907395113116
649.964	0.15713965634243324
650.1080000000001	0.15714082112503736
650.2520000000001	0.1571419859076415
650.4110000000001	0.1571419859076415
650.5550000000001	0.1571419859076415
650.6990000000001	0.15714082112503736
650.843	0.15713965634243324
650.987	0.15713907395113116
651.131	0.15713732677722494
651.275	0.15713557960331875
651.418	0.15713383242941253
651.562	0.15713092047290217
651.706	0.15712859090769388
651.85	0.15712859090769388
651.994	0.15712859090769388
652.138	0.15712800851639178
652.282	0.15712626134248558
652.4250000000001	0.15712451416857937
652.569	0.15712451416857937
652.713	0.15712334938597522
652.859	0.15712043742946488
653.001	0.1571157782990483
653.145	0.1571157782990483
653.289	0.1571157782990483
653.432	0.1571157782990483
653.576	0.1571157782990483
653.72	0.1571157782990483
653.864	0.1571157782990483
654.0070000000001	0.1571157782990483
654.152	0.1571157782990483
654.296	0.1571157782990483
654.439	0.1571157782990483
654.583	0.15711286634253793
654.727	0.15711228395123586
654.871	0.15711286634253793
655.014	0.15711286634253793
655.159	0.1571157782990483
655.302	0.1571157782990483
655.446	0.15712043742946488
655.59	0.15712334938597522
655.734	0.15712334938597522
655.878	0.15712334938597522
656.022	0.15712334938597522
656.165	0.15712334938597522
656.309	0.15712334938597522
656.453	0.15712451416857937
656.597	0.15712451416857937
656.741	0.15712451416857937
656.885	0.15712451416857937
657.028	0.15712451416857937
657.173	0.15712334938597522
657.316	0.15712334938597522
657.46	0.15711869025555866
657.604	0.15711403112514208
657.748	0.15711403112514208
657.892	0.15711286634253793
658.035	0.15711286634253793
658.179	0.15711228395123586
658.323	0.15710995438602757
658.469	0.15710995438602757
658.611	0.15710646003821513
658.755	0.15710995438602757
658.899	0.15710995438602757
659.042	0.15711053677732964
659.186	0.15711053677732964
659.33	0.15711053677732964
659.474	0.15711286634253793
659.618	0.15711286634253793
659.7620000000001	0.15711286634253793
659.9060000000001	0.15711286634253793
660.049	0.15711286634253793
660.193	0.15711403112514208
660.337	0.15711869025555866
660.481	0.15712334938597522
660.625	0.15712451416857937
660.769	0.15712451416857937
660.912	0.15712451416857937
661.056	0.15712626134248558
661.2	0.15712800851639178
661.344	0.15712859090769388
661.488	0.15712859090769388
661.6320000000001	0.15712859090769388
661.775	0.15713092047290217
661.919	0.1571344148207146
662.063	0.1571344148207146
662.207	0.1571344148207146
662.351	0.1571344148207146
662.495	0.15713732677722494
662.639	0.1571384915598291
662.783	0.15713907395113116
662.926	0.15714082112503736
663.07	0.15714256829894357
663.214	0.15714315069024568
663.3580000000001	0.1571448978641519
663.5020000000001	0.15714780982066226
663.646	0.15715072177717263
663.79	0.15715072177717263
663.934	0.15715072177717263
664.078	0.15715072177717263
664.222	0.15715072177717263
664.366	0.15715072177717263
664.509	0.15714780982066226
664.653	0.1571448978641519
664.797	0.15714315069024568
664.941	0.15714256829894357
665.085	0.15714082112503736
665.229	0.15713907395113116
665.373	0.1571384915598291
665.516	0.15713732677722494
665.66	0.1571344148207146
665.804	0.15713092047290217
665.948	0.15712859090769388
666.092	0.15712800851639178
666.236	0.15712626134248558
666.379	0.15712626134248558
666.523	0.15712626134248558
666.667	0.15712800851639178
666.811	0.15712859090769388
666.955	0.15713092047290217
667.099	0.15713092047290217
667.243	0.15713092047290217
667.386	0.1571344148207146
667.533	0.15713732677722494
667.674	0.1571384915598291
667.818	0.15713907395113116
667.962	0.15714082112503736
668.105	0.15714256829894357
668.25	0.15714315069024568
668.393	0.15714606264675604
668.537	0.15715072177717263
668.681	0.15715072177717263
668.825	0.15715305134238092
668.969	0.1571547985162871
669.112	0.15715771047279747
669.256	0.15715771047279747
669.4	0.15715771047279747
669.544	0.15715945764670367
669.688	0.15715945764670367
669.832	0.1571606224293078
669.976	0.1571606224293078
670.119	0.15716236960321403
670.263	0.15716411677712025
670.407	0.15716411677712025
670.551	0.15716411677712025
670.695	0.15716411677712025
670.839	0.15716411677712025
670.9830000000001	0.15716411677712025
671.126	0.15716702873363061
671.27	0.15716877590753683
671.414	0.1571693582988389
671.558	0.15717110547274513
671.702	0.15717227025534927
671.846	0.15717285264665135
671.99	0.15717343503795342
672.133	0.15717343503795342
672.277	0.15717459982055756
672.421	0.15717634699446378
672.565	0.15717692938576586
672.7090000000001	0.15717692938576586
672.8530000000001	0.15717809416836998
672.997	0.15717809416836998
673.14	0.15717809416836998
673.284	0.15717692938576586
673.428	0.15717692938576586
673.572	0.15717692938576586
673.716	0.15717692938576586
673.86	0.15717809416836998
674.004	0.15717925895097412
674.147	0.15717925895097412
674.291	0.15717809416836998
674.4350000000001	0.15717809416836998
674.5790000000001	0.15717809416836998
674.7230000000001	0.15717925895097412
674.867	0.15717925895097412
675.011	0.15718100612488034
675.154	0.15718333569008863
675.298	0.15718100612488034
675.442	0.15717925895097412
675.586	0.15717925895097412
675.729	0.15718100612488034
675.873	0.15718100612488034
676.018	0.15718100612488034
676.1610000000001	0.15718100612488034
676.3050000000001	0.15718100612488034
676.4490000000001	0.15718100612488034
676.596	0.15718333569008863
676.736	0.15718391808139073
676.881	0.15718391808139073
677.025	0.15718391808139073
677.168	0.15718391808139073
677.312	0.15718391808139073
677.456	0.15718391808139073
677.6	0.15718508286399485
677.743	0.157186247646599
677.8870000000001	0.157186247646599
678.0310000000001	0.15718683003790107
678.1750000000001	0.15718683003790107
678.319	0.15718683003790107
678.463	0.15718683003790107
678.607	0.15718683003790107
678.75	0.15718683003790107
678.894	0.15718683003790107
679.038	0.15718683003790107
679.182	0.15718683003790107
679.326	0.15718974199441144
679.47	0.15718974199441144
679.614	0.15718974199441144
679.7570000000001	0.15718974199441144
679.9010000000001	0.15719440112482796
680.045	0.1571978954726404
680.189	0.15719964264654662
680.333	0.15720138982045284
680.477	0.15720138982045284
680.62	0.1572043017769632
680.764	0.15720604895086945
680.909	0.15720604895086945
681.053	0.1572066313421715
681.197	0.15720721373347357
681.341	0.1572089609073798
681.485	0.157210708081286
681.628	0.157210708081286
681.772	0.157210708081286
681.916	0.157210708081286
682.0600000000001	0.15721187286389016
682.203	0.1572130376464943
682.3480000000001	0.1572130376464943
682.492	0.15721362003779638
682.635	0.1572153672117026
682.779	0.1572153672117026
682.926	0.1572153672117026
683.067	0.15721653199430674
683.211	0.15721653199430674
683.354	0.1572153672117026
683.498	0.15721362003779638
683.642	0.15721362003779638
683.7860000000001	0.15721362003779638
683.9300000000001	0.1572153672117026
684.0740000000001	0.1572153672117026
684.217	0.1572153672117026
684.362	0.15721653199430674
684.505	0.15721653199430674
684.649	0.15721827916821296
684.793	0.15722060873342125
684.937	0.1572211911247233
685.081	0.1572211911247233
685.224	0.15722235590732747
685.369	0.15722352068993162
685.5120000000001	0.1572252678638378
685.642	0.157227015037744
685.784	0.15722876221165022
685.928	0.15723050938555644
686.072	0.15723167416816058
686.215	0.1572334213420668
686.359	0.15723400373336888
686.503	0.15723516851597302
686.647	0.15723633329857717
686.791	0.15723633329857717
686.9350000000001	0.15723633329857717
687.0790000000001	0.15723633329857717
687.222	0.1572380804724834
687.366	0.1572398276463896
687.51	0.1572398276463896
687.654	0.15724041003769168
687.798	0.15724099242899375
687.942	0.15724099242899375
688.086	0.1572421572115979
688.229	0.15724332199420205
688.373	0.15724332199420205
688.517	0.15724390438550412
688.6610000000001	0.1572462339507124
688.8050000000001	0.15724914590722278
688.9490000000001	0.157250893081129
689.093	0.15725147547243107
689.236	0.1572532226463373
689.38	0.15725496982024348
689.524	0.15725496982024348
689.668	0.15725496982024348
689.812	0.15725496982024348
689.956	0.15725496982024348
690.1	0.15725496982024348
690.244	0.15725496982024348
690.3870000000001	0.15725496982024348
690.5310000000001	0.15725496982024348
690.6750000000001	0.15725496982024348
690.819	0.15725496982024348
690.963	0.15725496982024348
691.107	0.15725496982024348
691.251	0.15725496982024348
691.394	0.1572561346028476
691.538	0.1572561346028476
691.682	0.1572561346028476
691.826	0.15725729938545174
691.969	0.1572584641680559
692.113	0.1572602113419621
692.2570000000001	0.1572607937332642
692.4010000000001	0.15726195851586833
692.545	0.15726370568977455
692.688	0.15726370568977455
692.833	0.15726370568977455
692.977	0.15726428808107662
693.12	0.15726603525498284
693.264	0.1572689472114932
693.408	0.15727011199409732
693.552	0.15727011199409732
693.696	0.15727011199409732
693.839	0.15727011199409732
693.9830000000001	0.15727011199409732
694.1270000000001	0.15727069438539942
694.271	0.15727302395060772
694.415	0.15727477112451393
694.559	0.15727593590711808
694.703	0.15727884786362845
694.846	0.15728059503753467
694.99	0.15728117742883674
695.134	0.15728175982013878
695.278	0.15728292460274293
695.422	0.15728467177664915
695.566	0.15728525416795122
695.71	0.15728641895055537
695.8530000000001	0.15728816612446156
695.997	0.15728874851576363
696.141	0.15729282525487814
696.285	0.15729690199399265
696.429	0.15729690199399265
696.573	0.15729690199399265
696.717	0.15729690199399265
696.86	0.15729690199399265
697.004	0.15729748438529473
697.148	0.15729748438529473
697.292	0.15729748438529473
697.436	0.15729748438529473
697.5790000000001	0.15729806677659677
697.724	0.15729923155920095
697.869	0.1573003963418051
698.011	0.15730272590701339
698.155	0.15730622025482582
698.299	0.15730738503742994
698.444	0.15730913221133616
698.588	0.15731146177654445
698.731	0.15731204416784653
698.875	0.15731320895045067
699.019	0.15731437373305482
699.163	0.15731437373305482
699.307	0.1573149561243569
699.451	0.1573167032982631
699.595	0.15731845047216933
699.738	0.15731845047216933
699.8820000000001	0.15731845047216933
700.0260000000001	0.15731845047216933
700.17	0.15731845047216933
700.313	0.15731845047216933
700.458	0.15731845047216933
700.601	0.15732019764607552
700.745	0.1573219448199817
700.889	0.1573219448199817
701.033	0.15732252721128379
701.177	0.15732252721128379
701.321	0.15732369199388793
701.464	0.15732369199388793
701.6080000000001	0.15732369199388793
701.7520000000001	0.15732369199388793
701.896	0.15732369199388793
702.04	0.15732369199388793
702.184	0.15732369199388793
702.327	0.15732369199388793
702.472	0.15732369199388793
702.615	0.15732369199388793
702.759	0.15732369199388793
702.903	0.15732369199388793
703.047	0.15732369199388793
703.191	0.15732369199388793
703.3340000000001	0.15732369199388793
703.4780000000001	0.15732369199388793
703.622	0.15732602155909622
703.768	0.15732718634170037
703.91	0.15732718634170037
704.054	0.15732776873300244
704.198	0.15732776873300244
704.341	0.15732776873300244
704.485	0.15732835112430452
704.629	0.15732835112430452
704.773	0.15732951590690866
704.916	0.1573306806895128
705.061	0.1573306806895128
705.205	0.1573312630808149
705.3480000000001	0.1573335926460232
705.493	0.1573353398199294
705.6370000000001	0.15733650460253357
705.7810000000001	0.15733825177643979
705.924	0.15733883416774183
706.068	0.15733999895034598
706.211	0.1573417461242522
706.355	0.1573440756894605
706.499	0.15734698764597083
706.643	0.15734873481987705
706.787	0.15734931721117912
706.9300000000001	0.15735048199378326
707.075	0.15735164677638744
707.218	0.15735164677638744
707.362	0.15735222916768948
707.506	0.1573539763415957
707.65	0.15735688829810604
707.794	0.15735863547201226
707.937	0.15735863547201226
708.082	0.15735980025461638
708.225	0.15736096503722052
708.369	0.1573615474285226
708.513	0.15736387699373092
708.657	0.15736737134154336
708.801	0.15737086568935577
708.944	0.15737610721107442
709.088	0.1573796015588869
709.232	0.1573796015588869
709.376	0.15738076634149104
709.52	0.15738251351539723
709.664	0.15738251351539723
709.808	0.1573830959066993
709.951	0.1573830959066993
710.095	0.15738426068930345
710.239	0.15738600786320966
710.383	0.15738600786320966
710.527	0.15738600786320966
710.671	0.15738833742841793
710.815	0.15738833742841793
710.958	0.1573912493849283
711.102	0.1573929965588345
711.246	0.1573929965588345
711.39	0.1573929965588345
711.534	0.1573929965588345
711.678	0.1573935789501366
711.821	0.15739649090664692
711.965	0.1573994028631573
712.109	0.1574011500370635
712.253	0.15740289721096973
712.397	0.15740464438487595
712.541	0.15740639155878217
712.6850000000001	0.15740639155878217
712.832	0.1574075563413863
712.972	0.15740930351529253
713.116	0.15740930351529253
713.26	0.15740930351529253
713.403	0.15741105068919875
713.547	0.15741279786310497
713.691	0.15741338025440704
713.835	0.1574145450370112
713.979	0.1574162922109174
714.123	0.15741687460221948
714.267	0.15741687460221948
714.41	0.15741687460221948
714.554	0.15741803938482363
714.698	0.15741920416742775
714.842	0.15741920416742775
714.986	0.15742095134133396
715.13	0.15742328090654223
715.274	0.1574238632978443
715.417	0.15742677525435467
715.561	0.15743085199346918
715.705	0.15743201677607332
715.85	0.1574325991673754
715.994	0.15743318155867747
716.138	0.15743318155867747
716.282	0.15743318155867747
716.4250000000001	0.15743434634128162
716.569	0.15743609351518784
716.713	0.1574366759064899
716.857	0.15743842308039613
717.001	0.15744366460211479
717.145	0.15744832373253137
717.289	0.1574494885151355
717.432	0.15745123568904168
717.576	0.1574529828629479
717.72	0.15745356525424997
717.864	0.15745414764555205
718.0070000000001	0.15745414764555205
718.152	0.1574553124281562
718.295	0.15745822438466656
718.44	0.15745997155857278
718.583	0.15746055394987485
718.727	0.15746230112378107
718.871	0.15746637786289558
719.014	0.15746987221070802
719.158	0.15747336655852046
719.302	0.15747686090633287
719.446	0.15747744329763494
719.59	0.15747860808023909
719.735	0.15748326721065564
719.878	0.15748676155846808
720.022	0.1574885087323743
720.166	0.1574885087323743
720.309	0.1574908382975826
720.453	0.1574908382975826
720.597	0.1574908382975826
720.741	0.1574908382975826
720.885	0.1574925854714888
721.028	0.1574925854714888
721.172	0.1574925854714888
721.316	0.15749375025409296
721.46	0.15749375025409296
721.604	0.15749433264539503
721.748	0.15749607981930125
721.894	0.15749433264539503
722.035	0.15749433264539503
722.179	0.15749607981930125
722.323	0.15749607981930125
722.467	0.15749433264539503
722.611	0.15749375025409296
722.755	0.15749375025409296
722.898	0.15749375025409296
723.042	0.15749375025409296
723.186	0.15749375025409296
723.33	0.15749375025409296
723.4730000000001	0.15749375025409296
723.618	0.15749375025409296
723.7620000000001	0.15749375025409296
723.905	0.15749375025409296
724.049	0.15749375025409296
724.193	0.15749375025409296
724.337	0.15749375025409296
724.48	0.15749375025409296
724.624	0.15749375025409296
724.768	0.15749375025409296
724.912	0.15749433264539503
725.056	0.15749607981930125
725.2	0.15749840938450954
725.344	0.15750306851492613
725.487	0.15750831003664476
725.6320000000001	0.15751005721055097
725.775	0.15751063960185308
725.919	0.1575123867757593
726.063	0.15751413394966546
726.207	0.15751413394966546
726.351	0.15751413394966546
726.495	0.15751413394966546
726.638	0.15751588112357168
726.782	0.15751588112357168
726.926	0.15751588112357168
727.07	0.15751588112357168
727.214	0.15751588112357168
727.3580000000001	0.15751704590617582
727.501	0.15751704590617582
727.645	0.1575176282974779
727.789	0.15751821068877997
727.936	0.1575199578626862
728.077	0.1575217050365924
728.221	0.15752345221049863
728.365	0.1575281113409152
728.509	0.1575321880800297
728.652	0.1575321880800297
728.796	0.15753393525393591
728.94	0.15753393525393591
729.0840000000001	0.15753568242784213
729.2280000000001	0.15753568242784213
729.371	0.15753684721044628
729.515	0.15753684721044628
729.659	0.15753742960174835
729.803	0.15753917677565457
729.947	0.1575409239495608
730.09	0.15754150634086286
730.235	0.15754150634086286
730.378	0.15754325351476908
730.522	0.15754325351476908
730.666	0.1575450006886753
730.8100000000001	0.1575450006886753
730.955	0.1575450006886753
731.097	0.15754616547127942
731.242	0.15754907742778976
731.385	0.15755082460169598
731.529	0.1575525717756022
731.673	0.1575525717756022
731.817	0.1575549013408105
731.961	0.15755548373211256
732.104	0.15755548373211256
732.248	0.15755548373211256
732.393	0.15755723090601878
732.5360000000001	0.157558978079925
732.6800000000001	0.157558978079925
732.8240000000001	0.15756072525383125
732.968	0.15756480199294573
733.111	0.157567131558154
733.255	0.157567131558154
733.4	0.15756771394945607
733.544	0.15756829634075817
733.688	0.15756829634075817
733.832	0.15756946112336231
733.976	0.15757062590596646
734.119	0.15757412025377887
734.264	0.15757819699289338
734.408	0.15757819699289338
734.552	0.15757819699289338
734.695	0.1575799441667996
734.839	0.15758110894940372
734.9830000000001	0.15758110894940372
735.126	0.1575816913407058
735.27	0.15758227373200787
735.414	0.15758227373200787
735.558	0.15758227373200787
735.702	0.15758227373200787
735.846	0.157583438514612
735.989	0.157583438514612
736.133	0.157583438514612
736.277	0.157583438514612
736.421	0.157583438514612
736.565	0.157583438514612
736.708	0.157583438514612
736.852	0.157583438514612
736.996	0.157583438514612
737.14	0.157583438514612
737.284	0.157583438514612
737.428	0.157583438514612
737.572	0.157583438514612
737.715	0.157583438514612
737.859	0.15758460329721616
738.003	0.15758460329721616
738.147	0.15758460329721616
738.291	0.15758460329721616
738.4350000000001	0.15758460329721616
738.5790000000001	0.15758460329721616
738.722	0.15758635047112238
738.866	0.1575880976450286
739.01	0.15758868003633067
739.154	0.15759042721023686
739.298	0.157591591992841
739.442	0.157591591992841
739.586	0.15759217438414308
739.729	0.15759392155804933
739.873	0.1576003278623721
740.019	0.1576067341666949
740.1610000000001	0.15760848134060113
740.3050000000001	0.15760848134060113
740.4490000000001	0.15760848134060113
740.593	0.1576090637319032
740.736	0.1576090637319032
740.88	0.1576090637319032
741.024	0.1576090637319032
741.168	0.1576090637319032
741.312	0.1576090637319032
741.456	0.1576090637319032
741.599	0.15760848134060113
741.743	0.1576067341666949
741.8870000000001	0.15760848134060113
742.0310000000001	0.15760848134060113
742.1750000000001	0.1576067341666949
742.319	0.15760382221018454
742.463	0.1575985806884659
742.607	0.1575985806884659
742.75	0.15759392155804933
742.896	0.15759392155804933
743.038	0.15759392155804933
743.181	0.15759217438414308
743.326	0.15759217438414308
743.47	0.15759217438414308
743.613	0.15759392155804933
743.7570000000001	0.15759392155804933
743.9010000000001	0.15759392155804933
744.045	0.1575985806884659
744.188	0.15760382221018454
744.332	0.15760382221018454
744.476	0.15760382221018454
744.62	0.15760556938409073
744.764	0.15760556938409073
744.908	0.1576067341666949
745.052	0.1576067341666949
745.195	0.15760556938409073
745.34	0.15760382221018454
745.4830000000001	0.15760382221018454
745.6270000000001	0.15760382221018454
745.771	0.15760382221018454
745.915	0.15760382221018454
746.059	0.15760382221018454
746.202	0.15760382221018454
746.346	0.15760382221018454
746.49	0.15760382221018454
746.634	0.15760382221018454
746.778	0.15760382221018454
746.922	0.15760382221018454
747.066	0.15760382221018454
747.2090000000001	0.15760556938409073
747.3530000000001	0.1576067341666949
747.497	0.15760848134060113
747.641	0.1576090637319032
747.785	0.1576090637319032
747.929	0.1576090637319032
748.073	0.1576090637319032
748.216	0.1576090637319032
748.36	0.1576090637319032
748.504	0.1576090637319032
748.649	0.1576090637319032
748.792	0.1576090637319032
748.936	0.1576090637319032
749.08	0.1576090637319032
749.2230000000001	0.1576090637319032
749.367	0.1576090637319032
749.511	0.1576090637319032
749.655	0.1576090637319032
749.798	0.1576090637319032
749.943	0.1576090637319032
750.086	0.1576090637319032
750.23	0.15761022851450734
750.374	0.15761139329711146
750.518	0.15761139329711146
750.662	0.15761197568841354
750.807	0.15761372286231976
750.95	0.15761547003622597
751.094	0.15761547003622597
751.238	0.15761547003622597
751.3820000000001	0.15761779960143427
751.5260000000001	0.15761954677534049
751.67	0.15761954677534049
751.813	0.1576207115579446
751.957	0.1576207115579446
752.101	0.15762187634054875
752.245	0.15762187634054875
752.389	0.15762245873185082
752.533	0.1576230411231529
752.677	0.15762478829705912
752.82	0.1576294474274757
752.964	0.15763410655789228
753.1080000000001	0.1576358537317985
753.2520000000001	0.15763701851440265
753.396	0.1576381832970068
753.54	0.15763993047091301
753.684	0.1576416776448192
753.827	0.15764342481872543
753.971	0.15764517199263164
754.115	0.15764517199263164
754.259	0.15764517199263164
754.403	0.15764517199263164
754.547	0.15764517199263164
754.691	0.15764517199263164
754.8340000000001	0.15764517199263164
754.9780000000001	0.15764517199263164
755.122	0.15764517199263164
755.266	0.15764517199263164
755.41	0.15764517199263164
755.554	0.15764517199263164
755.698	0.15764517199263164
755.841	0.15764517199263164
755.985	0.15764342481872543
756.129	0.15764517199263164
756.273	0.15764517199263164
756.417	0.1576457543839337
756.561	0.1576457543839337
756.705	0.1576457543839337
756.8480000000001	0.1576457543839337
756.992	0.15764633677523576
757.136	0.15764633677523576
757.28	0.1576457543839337
757.424	0.1576457543839337
757.568	0.15764517199263164
757.711	0.15764342481872543
757.855	0.15764342481872543
757.999	0.1576416776448192
758.146	0.15763993047091301
758.287	0.1576381832970068
758.4300000000001	0.1576381832970068
758.575	0.1576381832970068
758.718	0.1576381832970068
758.862	0.1576381832970068
759.006	0.15763701851440265
759.15	0.15763701851440265
759.294	0.15763701851440265
759.437	0.1576358537317985
759.581	0.15763468894919436
759.725	0.15763294177528814
759.869	0.15763119460138192
760.013	0.15762828264487155
760.157	0.15762595307966326
760.301	0.15762828264487155
760.444	0.15762828264487155
760.588	0.15762828264487155
760.732	0.15762828264487155
760.876	0.15762828264487155
761.02	0.15762828264487155
761.164	0.15762595307966326
761.308	0.15762595307966326
761.451	0.15762595307966326
761.595	0.15762595307966326
761.739	0.15762595307966326
761.883	0.15762595307966326
762.027	0.15762595307966326
762.171	0.15762595307966326
762.315	0.15762595307966326
762.458	0.15762828264487155
762.602	0.157631776992684
762.746	0.15763468894919436
762.89	0.15763468894919436
763.034	0.15763468894919436
763.178	0.15763468894919436
763.322	0.157631776992684
763.465	0.15763002981877777
763.609	0.15763002981877777
763.753	0.157631776992684
763.897	0.157631776992684
764.041	0.15763002981877777
764.1850000000001	0.15763002981877777
764.328	0.15763002981877777
764.472	0.15763002981877777
764.616	0.15763002981877777
764.76	0.157631776992684
764.904	0.157631776992684
765.048	0.15763468894919436
765.192	0.15763468894919436
765.336	0.15763468894919436
765.479	0.15763701851440265
765.623	0.15763468894919436
765.767	0.157631776992684
765.91	0.15763468894919436
766.0550000000001	0.15763468894919436
766.1990000000001	0.15763468894919436
766.342	0.15763468894919436
766.486	0.15763468894919436
766.63	0.15763468894919436
766.774	0.15763468894919436
766.917	0.15763468894919436
767.062	0.15763468894919436
767.207	0.15763468894919436
767.349	0.15763468894919436
767.493	0.15763468894919436
767.6370000000001	0.15763701851440265
767.7810000000001	0.1576381832970068
767.924	0.15763993047091301
768.069	0.15764342481872543
768.213	0.1576457543839337
768.357	0.1576475015578399
768.501	0.1576457543839337
768.645	0.1576457543839337
768.789	0.1576475015578399
768.932	0.15764924873174613
769.076	0.15764924873174613
769.22	0.15765099590565235
769.364	0.15765099590565235
769.508	0.15765099590565235
769.652	0.15765041351435027
769.796	0.15765041351435027
769.939	0.1576475015578399
770.083	0.1576457543839337
770.227	0.1576475015578399
770.371	0.15765041351435027
770.515	0.15765041351435027
770.659	0.15764866634044405
770.803	0.15764866634044405
770.946	0.15764866634044405
771.09	0.15764866634044405
771.234	0.15764866634044405
771.378	0.15764866634044405
771.522	0.15764866634044405
771.666	0.15764866634044405
771.8100000000001	0.15764866634044405
771.953	0.15764866634044405
772.097	0.15765041351435027
772.241	0.1576521606882565
772.3870000000001	0.1576521606882565
772.528	0.1576521606882565
772.673	0.1576539078621627
772.817	0.15765565503606893
772.961	0.15765565503606893
773.104	0.15765565503606893
773.248	0.15765565503606893
773.392	0.157656237427371
773.535	0.157656237427371
773.6800000000001	0.157656237427371
773.8240000000001	0.157656237427371
773.967	0.15765681981867305
774.111	0.15765681981867305
774.255	0.15765798460127722
774.399	0.15765973177518344
774.542	0.15766322612299585
774.687	0.15766672047080832
774.83	0.1576673028621104
774.974	0.15766846764471454
775.118	0.15767079720992283
775.2620000000001	0.15767196199252695
775.4060000000001	0.15767196199252695
775.549	0.15767196199252695
775.694	0.15767196199252695
775.837	0.15767196199252695
775.981	0.15767254438382905
776.125	0.15767254438382905
776.271	0.15767254438382905
776.413	0.15767254438382905
776.556	0.15767312677513112
776.7	0.15767312677513112
776.844	0.15767312677513112
776.988	0.15767429155773527
777.1320000000001	0.15767545634033941
777.2760000000001	0.15767603873164146
777.419	0.1576766211229435
777.563	0.15767778590554765
777.708	0.15767953307945387
777.851	0.15767953307945387
777.995	0.15767778590554765
778.139	0.1576766211229435
778.283	0.1576766211229435
778.427	0.15767603873164146
778.57	0.15767545634033941
778.714	0.15767429155773527
778.8580000000001	0.15767545634033941
779.001	0.15767429155773527
779.146	0.15767312677513112
779.29	0.15767312677513112
779.433	0.15767312677513112
779.577	0.15767254438382905
779.721	0.15767196199252695
779.865	0.15767196199252695
780.008	0.15767196199252695
780.153	0.15767196199252695
780.296	0.15767196199252695
780.44	0.15767254438382905
780.5840000000001	0.15767196199252695
780.7280000000001	0.15767254438382905
780.872	0.15767254438382905
781.015	0.15767312677513112
781.16	0.15767312677513112
781.303	0.15767312677513112
781.447	0.15767312677513112
781.591	0.15767312677513112
781.735	0.15767312677513112
781.879	0.15767312677513112
782.022	0.15767312677513112
782.167	0.15767312677513112
782.3100000000001	0.15767312677513112
782.4540000000001	0.15767312677513112
782.5980000000001	0.15767312677513112
782.742	0.15767254438382905
782.886	0.15767254438382905
783.029	0.15767254438382905
783.173	0.15767254438382905
783.317	0.15767254438382905
783.461	0.15767254438382905
783.605	0.15767312677513112
783.749	0.15767254438382905
783.893	0.15767196199252695
784.0360000000001	0.15767079720992283
784.1800000000001	0.15767079720992283
784.3240000000001	0.15766846764471454
784.468	0.15766672047080832
784.612	0.15766846764471454
784.756	0.15766846764471454
784.9	0.15767079720992283
785.043	0.15767079720992283
785.187	0.15767079720992283
785.333	0.15767079720992283
785.475	0.15767079720992283
785.619	0.15767079720992283
785.764	0.15767079720992283
785.907	0.15767196199252695
786.051	0.15767254438382905
786.195	0.15767196199252695
786.339	0.15767196199252695
786.4830000000001	0.15767196199252695
786.626	0.15767196199252695
786.771	0.15767254438382905
786.914	0.15767312677513112
787.058	0.15767312677513112
787.202	0.15767312677513112
787.346	0.15767429155773527
787.49	0.15767545634033941
787.633	0.15767603873164146
787.778	0.1576766211229435
787.924	0.15767778590554765
788.065	0.15768069786205802
788.2090000000001	0.15768419220987046
788.3530000000001	0.15768419220987046
788.497	0.15768652177507875
788.64	0.15768652177507875
788.784	0.15768652177507875
788.928	0.15768652177507875
789.072	0.15768652177507875
789.216	0.15768652177507875
789.36	0.15768419220987046
789.504	0.15768244503596424
789.647	0.1576812802533601
789.791	0.15768244503596424
789.9350000000001	0.15768244503596424
790.0790000000001	0.15768244503596424
790.2230000000001	0.1576812802533601
790.367	0.1576812802533601
790.51	0.15768244503596424
790.654	0.15768244503596424
790.798	0.15768419220987046
790.944	0.15768419220987046
791.086	0.15768419220987046
791.229	0.15768244503596424
791.374	0.15768244503596424
791.517	0.15768244503596424
791.6610000000001	0.15768244503596424
791.806	0.15768244503596424
791.95	0.15768244503596424
792.092	0.15768244503596424
792.236	0.15768244503596424
792.381	0.15768244503596424
792.524	0.15768244503596424
792.668	0.15768244503596424
792.812	0.15768244503596424
792.956	0.1576812802533601
793.1	0.1576812802533601
793.243	0.1576812802533601
793.3870000000001	0.1576812802533601
793.5310000000001	0.1576812802533601
793.6750000000001	0.15767953307945387
793.819	0.15767778590554765
793.963	0.15767603873164146
794.107	0.15767545634033941
794.25	0.15767429155773527
794.397	0.15767312677513112
794.538	0.15767312677513112
794.682	0.15767312677513112
794.826	0.15767312677513112
794.97	0.15767254438382905
795.114	0.15767254438382905
795.2570000000001	0.15767312677513112
795.4010000000001	0.15767254438382905
795.545	0.15767254438382905
795.689	0.15767312677513112
795.833	0.15767312677513112
795.976	0.15767312677513112
796.12	0.15767429155773527
796.264	0.15767545634033941
796.408	0.15767603873164146
796.552	0.15767778590554765
796.696	0.15767953307945387
796.84	0.1576812802533601
796.984	0.15768244503596424
797.1270000000001	0.15768419220987046
797.271	0.15768593938377667
797.415	0.15768593938377667
797.559	0.1576876865576829
797.702	0.1576876865576829
797.847	0.15768593938377667
797.991	0.15768593938377667
798.134	0.15768593938377667
798.278	0.15768419220987046
798.422	0.15768419220987046
798.566	0.15768244503596424
798.7090000000001	0.1576812802533601
798.8530000000001	0.1576812802533601
798.997	0.15768244503596424
799.141	0.15768244503596424
799.285	0.15768244503596424
799.429	0.15768244503596424
799.573	0.15768244503596424
799.716	0.15768244503596424
799.86	0.15768244503596424
800.004	0.15768244503596424
800.148	0.15768244503596424
800.292	0.15768419220987046
800.436	0.15768244503596424
800.58	0.1576812802533601
800.7230000000001	0.1576812802533601
800.867	0.1576812802533601
801.011	0.15767953307945387
801.155	0.1576772035142456
801.299	0.1576772035142456
801.443	0.15767953307945387
801.587	0.1576812802533601
801.73	0.1576812802533601
801.874	0.1576812802533601
802.018	0.1576812802533601
802.162	0.1576812802533601
802.306	0.15768419220987046
802.45	0.15768419220987046
802.593	0.15768419220987046
802.737	0.1576812802533601
802.881	0.15767953307945387
803.025	0.1576772035142456
803.171	0.1576772035142456
803.313	0.15767545634033941
803.458	0.15767545634033941
803.601	0.15767545634033941
803.745	0.15767429155773527
803.889	0.15767312677513112
804.033	0.15767312677513112
804.177	0.15767312677513112
804.32	0.15767312677513112
804.464	0.15767429155773527
804.6080000000001	0.15767545634033941
804.7520000000001	0.15767545634033941
804.896	0.15767545634033941
805.04	0.15767778590554768
805.184	0.1576812802533601
805.327	0.15768419220987046
805.471	0.15768593938377667
805.615	0.15768652177507875
805.759	0.15768826894898497
805.903	0.1576894337315891
806.047	0.15769001612289119
806.191	0.15769059851419326
806.335	0.1576917632967974
806.4780000000001	0.1576917632967974
806.622	0.15769292807940155
806.766	0.15769351047070362
806.91	0.15769351047070362
807.054	0.15769351047070362
807.197	0.15769351047070362
807.341	0.15769409286200567
807.485	0.15769409286200567
807.629	0.15769409286200567
807.773	0.15769409286200567
807.917	0.15769409286200567
808.061	0.15769409286200567
808.2040000000001	0.15769409286200567
808.3480000000001	0.15769525764460982
808.492	0.15769642242721396
808.636	0.15769642242721396
808.78	0.15769642242721396
808.924	0.15769642242721396
809.067	0.15769642242721396
809.211	0.15769642242721396
809.355	0.15769642242721396
809.499	0.15769642242721396
809.643	0.15769700481851603
809.7860000000001	0.15769875199242225
809.931	0.1576999167750264
810.0740000000001	0.15770166394893262
810.218	0.15770457590544298
810.362	0.15770574068804713
810.506	0.1577063230793492
810.65	0.1577063230793492
810.793	0.1577063230793492
810.938	0.1577063230793492
811.082	0.15770574068804713
811.225	0.15770457590544298
811.369	0.15770457590544298
811.513	0.15770457590544298
811.657	0.15770457590544298
811.8000000000001	0.15770457590544298
811.944	0.15770457590544298
812.088	0.15770457590544298
812.232	0.15770574068804713
812.376	0.15770574068804713
812.524	0.15770457590544298
812.664	0.15770457590544298
812.807	0.15770457590544298
812.951	0.15770457590544298
813.095	0.15770457590544298
813.239	0.15770457590544298
813.383	0.15770457590544298
813.527	0.15770574068804713
813.671	0.15770574068804713
813.814	0.15770574068804713
813.958	0.1577063230793492
814.102	0.15770690547065128
814.246	0.15770690547065128
814.39	0.1577080702532554
814.534	0.1577080702532554
814.678	0.1577098174271616
814.821	0.1577103998184637
814.965	0.1577103998184637
815.109	0.1577103998184637
815.253	0.15771156460106783
815.396	0.15771331177497405
815.541	0.1577138941662761
815.684	0.1577138941662761
815.828	0.15771331177497405
815.972	0.1577138941662761
816.116	0.1577138941662761
816.26	0.1577138941662761
816.404	0.1577138941662761
816.548	0.1577138941662761
816.692	0.15771331177497405
816.835	0.15771331177497405
816.979	0.15771156460106783
817.123	0.1577103998184637
817.267	0.1577103998184637
817.41	0.1577098174271616
817.554	0.1577080702532554
817.698	0.15770690547065128
817.842	0.15770690547065128
817.989	0.15770690547065128
818.13	0.15770690547065128
818.274	0.15770690547065128
818.417	0.15770690547065128
818.561	0.15770690547065128
818.705	0.15770690547065128
818.849	0.15770690547065128
818.993	0.15770690547065128
819.1370000000001	0.1577080702532554
819.2810000000001	0.1577080702532554
819.424	0.1577098174271616
819.568	0.1577103998184637
819.712	0.1577103998184637
819.856	0.1577103998184637
820.0	0.1577103998184637
820.144	0.1577098174271616
820.288	0.1577098174271616
820.432	0.1577098174271616
820.575	0.1577098174271616
820.72	0.1577080702532554
820.864	0.1577080702532554
821.008	0.1577080702532554
821.152	0.1577080702532554
821.296	0.1577080702532554
821.439	0.1577080702532554
821.585	0.1577098174271616
821.727	0.1577098174271616
821.871	0.1577103998184637
822.015	0.1577103998184637
822.159	0.1577103998184637
822.302	0.1577103998184637
822.446	0.1577098174271616
822.59	0.1577080702532554
822.734	0.15770690547065128
822.8770000000001	0.15770690547065128
823.022	0.15770690547065128
823.165	0.1577063230793492
823.309	0.1577063230793492
823.453	0.15770690547065128
823.597	0.15770690547065128
823.741	0.15770690547065128
823.885	0.1577080702532554
824.028	0.1577098174271616
824.173	0.1577103998184637
824.316	0.15771156460106783
824.46	0.15771156460106783
824.604	0.15771156460106783
824.748	0.15771156460106783
824.892	0.1577103998184637
825.035	0.1577098174271616
825.179	0.1577080702532554
825.323	0.15770690547065128
825.467	0.15770690547065128
825.611	0.1577063230793492
825.755	0.1577063230793492
825.899	0.1577063230793492
826.042	0.15770574068804713
826.186	0.15770574068804713
826.33	0.15770574068804713
826.474	0.15770574068804713
826.618	0.15770457590544298
826.7620000000001	0.15770457590544298
826.9060000000001	0.15770166394893262
827.049	0.15770166394893262
827.193	0.15770457590544298
827.337	0.15770457590544298
827.481	0.15770457590544298
827.625	0.15770457590544298
827.769	0.15770457590544298
827.913	0.15770457590544298
828.056	0.15770457590544298
828.2	0.15770457590544298
828.344	0.15770457590544298
828.488	0.15770457590544298
828.6320000000001	0.15770457590544298
828.7760000000001	0.15770457590544298
828.919	0.15770457590544298
829.063	0.15770457590544298
829.207	0.15770457590544298
829.351	0.15770574068804713
829.495	0.15770574068804713
829.639	0.1577063230793492
829.783	0.15770690547065128
829.926	0.15770690547065128
830.07	0.1577080702532554
830.214	0.1577080702532554
830.3580000000001	0.15770690547065128
830.5020000000001	0.15770690547065128
830.648	0.15770690547065128
830.789	0.1577063230793492
830.933	0.15770690547065128
831.077	0.1577063230793492
831.221	0.1577063230793492
831.365	0.1577063230793492
831.508	0.15770690547065128
831.653	0.15770690547065128
831.796	0.15770690547065128
831.94	0.1577080702532554
832.0840000000001	0.1577080702532554
832.2280000000001	0.15770690547065128
832.372	0.15770690547065128
832.515	0.15770690547065128
832.66	0.1577063230793492
832.803	0.15770574068804713
832.9490000000001	0.1577063230793492
833.091	0.15770690547065128
833.235	0.15770690547065128
833.379	0.15770690547065128
833.522	0.15770690547065128
833.666	0.15770690547065128
833.8100000000001	0.15770690547065128
833.9540000000001	0.1577063230793492
834.0980000000001	0.1577063230793492
834.243	0.15770690547065128
834.386	0.15770690547065128
834.529	0.1577080702532554
834.674	0.1577092350358595
834.817	0.1577098174271616
834.961	0.1577098174271616
835.105	0.1577103998184637
835.249	0.1577103998184637
835.393	0.15771156460106783
835.5360000000001	0.15771156460106783
835.6800000000001	0.15771156460106783
835.8240000000001	0.1577103998184637
835.968	0.1577103998184637
836.112	0.1577103998184637
836.256	0.1577103998184637
836.4	0.1577103998184637
836.543	0.1577103998184637
836.687	0.1577103998184637
836.831	0.15771156460106783
836.975	0.15771272938367198
837.118	0.15771272938367198
837.263	0.15771272938367198
837.407	0.15771272938367198
837.5500000000001	0.15771272938367198
837.694	0.15771156460106783
837.838	0.1577103998184637
837.982	0.1577103998184637
838.126	0.1577098174271616
838.271	0.1577092350358595
838.414	0.1577080702532554
838.558	0.1577080702532554
838.702	0.1577092350358595
838.846	0.1577092350358595
838.99	0.1577092350358595
839.133	0.1577092350358595
839.278	0.1577098174271616
839.422	0.1577103998184637
839.565	0.1577103998184637
839.711	0.1577103998184637
839.8530000000001	0.1577103998184637
839.997	0.1577103998184637
840.14	0.1577098174271616
840.284	0.1577098174271616
840.428	0.1577098174271616
840.572	0.1577098174271616
840.716	0.1577098174271616
840.86	0.1577092350358595
841.004	0.1577098174271616
841.147	0.1577098174271616
841.291	0.1577103998184637
841.4350000000001	0.1577103998184637
841.5790000000001	0.15771156460106783
841.7230000000001	0.15771272938367198
841.867	0.15771272938367198
842.011	0.15771331177497405
842.154	0.1577138941662761
842.298	0.15771505894888027
842.442	0.15771622373148442
842.586	0.1577168061227865
842.73	0.1577203004705989
842.874	0.1577203004705989
843.018	0.15772379481841137
843.1610000000001	0.15772554199231759
843.3050000000001	0.15772554199231759
843.4490000000001	0.15772554199231759
843.593	0.15772554199231759
843.737	0.15772554199231759
843.881	0.15772554199231759
844.025	0.1577267067749217
844.168	0.1577267067749217
844.312	0.1577267067749217
844.456	0.1577272891662238
844.6	0.1577296187314321
844.744	0.1577313659053383
844.888	0.1577313659053383
845.0310000000001	0.1577325306879424
845.1750000000001	0.15773427786184863
845.319	0.15773486025315073
845.463	0.15773486025315073
845.607	0.15773486025315073
845.751	0.15773486025315073
845.895	0.15773486025315073
846.038	0.15773486025315073
846.182	0.15773486025315073
846.326	0.15773486025315073
846.47	0.15773427786184863
846.614	0.15773427786184863
846.758	0.1577325306879424
846.902	0.1577313659053383
847.046	0.1577313659053383
847.189	0.1577313659053383
847.333	0.1577313659053383
847.477	0.1577313659053383
847.621	0.1577296187314321
847.765	0.1577296187314321
847.908	0.1577272891662238
848.052	0.1577272891662238
848.198	0.1577272891662238
848.34	0.1577272891662238
848.485	0.1577267067749217
848.6270000000001	0.1577267067749217
848.772	0.1577267067749217
848.915	0.1577272891662238
849.059	0.1577296187314321
849.203	0.1577313659053383
849.347	0.1577313659053383
849.492	0.1577313659053383
849.634	0.1577313659053383
849.778	0.1577313659053383
849.922	0.1577313659053383
850.066	0.1577331130792445
850.21	0.1577313659053383
850.354	0.1577296187314321
850.498	0.1577272891662238
850.641	0.1577272891662238
850.785	0.1577272891662238
850.929	0.1577272891662238
851.073	0.1577267067749217
851.216	0.1577267067749217
851.361	0.1577267067749217
851.505	0.1577272891662238
851.648	0.1577272891662238
851.792	0.1577272891662238
851.936	0.1577272891662238
852.08	0.1577272891662238
852.224	0.1577272891662238
852.368	0.1577272891662238
852.5120000000001	0.1577272891662238
852.655	0.1577272891662238
852.799	0.1577272891662238
852.943	0.1577296187314321
853.087	0.1577313659053383
853.23	0.1577313659053383
853.375	0.1577325306879424
853.518	0.15773427786184863
853.662	0.15773486025315073
853.806	0.157737189818359
853.95	0.157737189818359
854.094	0.157737189818359
854.237	0.157737189818359
854.3820000000001	0.15773486025315073
854.525	0.15773427786184863
854.669	0.15773427786184863
854.813	0.1577325306879424
854.957	0.15773427786184863
855.101	0.1577325306879424
855.244	0.1577325306879424
855.389	0.1577313659053383
855.532	0.1577296187314321
855.676	0.1577296187314321
855.821	0.1577313659053383
855.965	0.1577313659053383
856.109	0.1577313659053383
856.2520000000001	0.1577313659053383
856.397	0.1577325306879424
856.54	0.1577325306879424
856.684	0.1577325306879424
856.828	0.1577325306879424
856.972	0.1577325306879424
857.116	0.1577325306879424
857.259	0.15773427786184863
857.403	0.15773486025315073
857.547	0.15773486025315073
857.691	0.15773486025315073
857.836	0.15773602503575485
857.979	0.15773486025315073
858.123	0.15773486025315073
858.266	0.15773486025315073
858.41	0.15773486025315073
858.554	0.15773486025315073
858.698	0.15773486025315073
858.841	0.15773427786184863
858.986	0.15773427786184863
859.13	0.15773486025315073
859.273	0.15773486025315073
859.417	0.15773486025315073
859.561	0.15773602503575485
859.705	0.15773835460096314
859.8480000000001	0.15773602503575485
859.992	0.15773486025315073
860.136	0.15773486025315073
860.28	0.15773486025315073
860.424	0.15773486025315073
860.568	0.15773427786184863
860.712	0.1577325306879424
860.855	0.1577325306879424
860.999	0.1577325306879424
861.143	0.1577313659053383
861.287	0.1577313659053383
861.431	0.1577325306879424
861.575	0.15773427786184863
861.719	0.15773427786184863
861.862	0.15773427786184863
862.006	0.15773427786184863
862.15	0.1577325306879424
862.294	0.1577313659053383
862.438	0.1577296187314321
862.582	0.1577272891662238
862.726	0.1577267067749217
862.869	0.1577272891662238
863.016	0.1577296187314321
863.157	0.1577313659053383
863.301	0.1577325306879424
863.446	0.1577325306879424
863.589	0.1577325306879424
863.7330000000001	0.1577313659053383
863.8770000000001	0.1577296187314321
864.02	0.1577313659053383
864.164	0.1577325306879424
864.307	0.1577325306879424
864.452	0.1577325306879424
864.595	0.1577325306879424
864.739	0.1577313659053383
864.883	0.1577313659053383
865.027	0.1577313659053383
865.171	0.1577313659053383
865.314	0.1577313659053383
865.4590000000001	0.1577313659053383
865.602	0.1577313659053383
865.746	0.1577313659053383
865.89	0.1577313659053383
866.034	0.15773078351403624
866.178	0.1577313659053383
866.321	0.1577313659053383
866.466	0.15773078351403624
866.609	0.15772903634013002
866.753	0.15773078351403624
866.899	0.15773078351403624
867.041	0.15773078351403624
867.1850000000001	0.1577313659053383
867.328	0.1577325306879424
867.472	0.15773427786184863
867.616	0.15773486025315073
867.76	0.15773602503575485
867.904	0.15773602503575485
868.048	0.15773602503575485
868.192	0.15773835460096314
868.335	0.15773951938356728
868.479	0.15773951938356728
868.623	0.15774010177486936
868.767	0.15773835460096314
868.91	0.15773835460096314
869.0550000000001	0.15773602503575485
869.1990000000001	0.15773486025315073
869.342	0.15773427786184863
869.486	0.1577325306879424
869.63	0.1577325306879424
869.774	0.1577313659053383
869.917	0.15773078351403624
870.061	0.15773078351403624
870.205	0.1577313659053383
870.349	0.1577325306879424
870.493	0.15773427786184863
870.6370000000001	0.15773486025315073
870.7810000000001	0.15773486025315073
870.924	0.15773486025315073
871.068	0.15773486025315073
871.212	0.15773486025315073
871.356	0.15773486025315073
871.5	0.15773486025315073
871.644	0.15773486025315073
871.788	0.15773486025315073
871.931	0.15773427786184863
872.075	0.15773427786184863
872.219	0.1577325306879424
872.363	0.1577325306879424
872.5070000000001	0.15773427786184863
872.6510000000001	0.15773486025315073
872.795	0.15773486025315073
872.938	0.15773602503575485
873.082	0.15773602503575485
873.227	0.15773602503575485
873.371	0.15773602503575485
873.515	0.15773835460096314
873.659	0.15773835460096314
873.803	0.15773835460096314
873.946	0.1577389369922652
874.09	0.1577389369922652
874.234	0.1577389369922652
874.378	0.15773602503575485
874.522	0.15773602503575485
874.666	0.15773602503575485
874.809	0.15773602503575485
874.953	0.15773602503575485
875.097	0.15773602503575485
875.241	0.1577389369922652
875.384	0.15774068416617146
875.529	0.15774184894877558
875.672	0.15774301373137972
875.816	0.15774301373137972
875.962	0.15774301373137972
876.104	0.15774476090528594
876.248	0.15774476090528594
876.391	0.15774650807919213
876.5360000000001	0.15774650807919213
876.679	0.1577470904704942
876.823	0.15774767286179628
876.967	0.1577494200357025
877.111	0.1577494200357025
877.255	0.1577494200357025
877.398	0.1577494200357025
877.543	0.15774767286179628
877.686	0.15774767286179628
877.83	0.1577470904704942
877.974	0.1577470904704942
878.119	0.1577470904704942
878.2620000000001	0.1577470904704942
878.405	0.1577470904704942
878.549	0.1577470904704942
878.693	0.1577470904704942
878.837	0.1577470904704942
878.981	0.1577470904704942
879.125	0.1577470904704942
879.269	0.1577470904704942
879.412	0.15774767286179628
879.556	0.1577494200357025
879.7	0.1577494200357025
879.844	0.1577494200357025
879.988	0.1577494200357025
880.1320000000001	0.1577494200357025
880.2760000000001	0.1577494200357025
880.42	0.15774767286179628
880.563	0.1577470904704942
880.707	0.1577470904704942
880.851	0.15774650807919213
880.994	0.15774650807919213
881.139	0.15774650807919213
881.282	0.15774650807919213
881.426	0.15774650807919213
881.57	0.1577470904704942
881.714	0.1577470904704942
881.8580000000001	0.1577470904704942
882.001	0.1577470904704942
882.146	0.1577470904704942
882.289	0.15774650807919213
882.433	0.15774650807919213
882.577	0.15774650807919213
882.721	0.15774650807919213
882.865	0.1577470904704942
883.008	0.1577470904704942
883.153	0.1577470904704942
883.296	0.15774767286179628
883.44	0.1577470904704942
883.5840000000001	0.15774650807919213
883.7280000000001	0.15774650807919213
883.872	0.15774476090528594
884.015	0.15774476090528594
884.159	0.15774476090528594
884.303	0.15774650807919213
884.447	0.15774650807919213
884.591	0.15774650807919213
884.735	0.15774476090528594
884.879	0.15774301373137972
885.023	0.15774301373137972
885.166	0.15774301373137972
885.3100000000001	0.15774301373137972
885.4540000000001	0.15774301373137972
885.5980000000001	0.15774301373137972
885.742	0.15774301373137972
885.886	0.15774301373137972
886.029	0.15774301373137972
886.173	0.15774476090528594
886.317	0.15774476090528594
886.461	0.15774650807919213
886.605	0.15774650807919213
886.749	0.15774476090528594
886.892	0.15774650807919213
887.0360000000001	0.1577470904704942
887.1800000000001	0.1577470904704942
887.3240000000001	0.15774650807919213
887.468	0.15774476090528594
887.612	0.15774476090528594
887.756	0.15774650807919213
887.899	0.15774650807919213
888.043	0.1577470904704942
888.187	0.1577470904704942
888.331	0.1577470904704942
888.474	0.1577470904704942
888.619	0.15774767286179628
888.7620000000001	0.15774767286179628
888.9060000000001	0.15774767286179628
889.0500000000001	0.15774767286179628
889.194	0.15774767286179628
889.338	0.15774767286179628
889.482	0.1577494200357025
889.625	0.1577494200357025
889.769	0.15774767286179628
889.913	0.1577494200357025
890.057	0.15775116720960872
890.201	0.15775291438351494
890.345	0.15775291438351494
890.489	0.15775466155742116
890.6320000000001	0.15775466155742116
890.777	0.15775466155742116
890.921	0.15775466155742116
891.065	0.15775291438351494
891.2090000000001	0.15775291438351494
891.3530000000001	0.15775291438351494
891.497	0.15775291438351494
891.64	0.15775291438351494
891.784	0.15775291438351494
891.928	0.15775291438351494
892.072	0.15775291438351494
892.217	0.15775291438351494
892.36	0.15775291438351494
892.504	0.15775291438351494
892.648	0.15775291438351494
892.791	0.15775291438351494
892.9350000000001	0.15775116720960872
893.0790000000001	0.1577494200357025
893.236	0.1577494200357025
893.383	0.1577494200357025
893.527	0.15774767286179628
893.67	0.15774767286179628
893.814	0.15774767286179628
893.958	0.15774767286179628
894.102	0.15774767286179628
894.246	0.1577494200357025
894.39	0.15774767286179628
894.533	0.15774767286179628
894.677	0.15774767286179628
894.821	0.15774767286179628
894.965	0.15774767286179628
895.109	0.15774767286179628
895.253	0.1577470904704942
895.396	0.15774650807919213
895.54	0.15774650807919213
895.684	0.15774650807919213
895.828	0.15774650807919213
895.972	0.15774650807919213
896.116	0.1577470904704942
896.26	0.1577470904704942
896.403	0.1577470904704942
896.547	0.15774767286179628
896.691	0.15774767286179628
896.835	0.15774767286179628
896.979	0.15774767286179628
897.122	0.1577494200357025
897.266	0.15775116720960872
897.41	0.15775116720960872
897.554	0.15775116720960872
897.698	0.15775291438351494
897.842	0.15775466155742116
897.986	0.15775466155742116
898.129	0.15775466155742116
898.273	0.15775466155742116
898.417	0.15775466155742116
898.561	0.15775466155742116
898.705	0.15775466155742116
898.849	0.15775466155742116
898.993	0.15775466155742116
899.136	0.15775466155742116
899.2810000000001	0.15775466155742116
899.424	0.15775466155742116
899.568	0.15775466155742116
899.712	0.15775291438351494
899.856	0.15775116720960872
900.0	0.15775116720960872
900.143	0.15775116720960872
900.287	0.15775116720960872
900.431	0.15775116720960872
900.575	0.15775116720960872
900.719	0.15775291438351494
900.863	0.15775466155742116
901.0070000000001	0.15775466155742116
901.15	0.15775466155742116
901.294	0.1577558263400253
901.438	0.1577558263400253
901.582	0.1577558263400253
901.726	0.1577558263400253
901.87	0.15775466155742116
902.014	0.15775466155742116
902.157	0.15775466155742116
902.301	0.15775466155742116
902.445	0.15775466155742116
902.589	0.15775291438351494
902.732	0.15775291438351494
902.876	0.15775291438351494
903.02	0.15775291438351494
903.166	0.15775291438351494
903.308	0.15775291438351494
903.452	0.15775291438351494
903.596	0.15775466155742116
903.739	0.15775466155742116
903.884	0.15775291438351494
904.027	0.15775116720960872
904.171	0.15775116720960872
904.315	0.15775116720960872
904.4590000000001	0.15775116720960872
904.6030000000001	0.15775116720960872
904.746	0.15775116720960872
904.891	0.15775116720960872
905.034	0.15775116720960872
905.178	0.15775116720960872
905.322	0.15775291438351494
905.466	0.15775466155742116
905.61	0.15775466155742116
905.753	0.15775466155742116
905.897	0.15775466155742116
906.041	0.1577558263400253
906.1850000000001	0.1577558263400253
906.3290000000001	0.1577558263400253
906.4730000000001	0.1577558263400253
906.617	0.15775757351393152
906.761	0.15775757351393152
906.905	0.1577558263400253
907.0500000000001	0.15775466155742116
907.192	0.15775466155742116
907.336	0.15775466155742116
907.48	0.15775466155742116
907.624	0.15775466155742116
907.767	0.15775466155742116
907.914	0.15775466155742116
908.0550000000001	0.15775466155742116
908.2	0.15775466155742116
908.344	0.1577558263400253
908.488	0.1577558263400253
908.631	0.15775757351393152
908.775	0.15775757351393152
908.919	0.15775757351393152
909.063	0.15775757351393152
909.207	0.1577581559052336
909.351	0.1577581559052336
909.495	0.1577581559052336
909.639	0.1577581559052336
909.782	0.1577581559052336
909.926	0.1577581559052336
910.07	0.1577581559052336
910.214	0.1577581559052336
910.357	0.15775932068783774
910.5020000000001	0.15776106786174396
910.645	0.15776106786174396
910.789	0.15775932068783774
910.933	0.15775932068783774
911.077	0.15775932068783774
911.221	0.15775932068783774
911.364	0.15775932068783774
911.509	0.15775932068783774
911.652	0.15775932068783774
911.796	0.1577581559052336
911.94	0.15775932068783774
912.0840000000001	0.15776106786174396
912.23	0.15776106786174396
912.371	0.15776106786174396
912.516	0.15776165025304603
912.659	0.15776165025304603
912.803	0.15776165025304603
912.947	0.15776165025304603
913.091	0.15776165025304603
913.235	0.15776106786174396
913.378	0.15775932068783774
913.523	0.1577581559052336
913.666	0.1577581559052336
913.8100000000001	0.15775757351393152
913.9540000000001	0.1577558263400253
914.0980000000001	0.15775757351393152
914.242	0.15775757351393152
914.385	0.1577558263400253
914.529	0.1577558263400253
914.673	0.1577558263400253
914.817	0.1577558263400253
914.961	0.1577558263400253
915.105	0.15775757351393152
915.2330000000001	0.1577558263400253
915.376	0.15775466155742116
915.52	0.15775466155742116
915.664	0.15775466155742116
915.808	0.15775466155742116
915.952	0.15775466155742116
916.096	0.15775466155742116
916.239	0.15775466155742116
916.383	0.15775466155742116
916.527	0.15775466155742116
916.671	0.15775466155742116
916.815	0.15775466155742116
916.9590000000001	0.15775466155742116
917.1030000000001	0.15775466155742116
917.246	0.15775466155742116
917.39	0.15775466155742116
917.534	0.15775466155742116
917.678	0.15775466155742116
917.822	0.15775466155742116
917.966	0.15775466155742116
918.11	0.15775466155742116
918.253	0.15775466155742116
918.397	0.15775466155742116
918.541	0.15775466155742116
918.6850000000001	0.15775466155742116
918.8290000000001	0.15775466155742116
918.9730000000001	0.15775466155742116
919.117	0.1577558263400253
919.26	0.15775757351393152
919.404	0.1577581559052336
919.548	0.1577581559052336
919.693	0.1577581559052336
919.835	0.1577581559052336
919.979	0.1577581559052336
920.123	0.1577581559052336
920.267	0.1577581559052336
920.4110000000001	0.15775757351393152
920.556	0.1577558263400253
920.6990000000001	0.1577558263400253
920.842	0.15775466155742116
920.986	0.15775291438351494
921.131	0.15775291438351494
921.2760000000001	0.15775291438351494
921.418	0.15775291438351494
921.562	0.15775466155742116
921.706	0.1577558263400253
921.849	0.15775757351393152
921.993	0.15775757351393152
922.1370000000001	0.1577581559052336
922.2810000000001	0.1577581559052336
922.4250000000001	0.1577581559052336
922.569	0.15775932068783774
922.713	0.15775932068783774
922.856	0.15776106786174396
923.001	0.15775932068783774
923.144	0.15775932068783774
923.288	0.15776106786174396
923.432	0.15776106786174396
923.576	0.15776106786174396
923.72	0.15775932068783774
923.863	0.1577581559052336
924.0070000000001	0.1577581559052336
924.1510000000001	0.1577581559052336
924.295	0.1577581559052336
924.439	0.1577581559052336
924.583	0.15775640873132737
924.727	0.1577581559052336
924.87	0.15775640873132737
925.014	0.15775466155742116
925.158	0.15775291438351494
925.302	0.15775116720960872
925.445	0.15775116720960872
925.59	0.15775116720960872
925.734	0.15775116720960872
925.878	0.15775058481830664
926.022	0.15775058481830664
926.166	0.15775116720960872
926.3100000000001	0.15775116720960872
926.453	0.15775116720960872
926.5980000000001	0.15775116720960872
926.741	0.15775116720960872
926.885	0.15775116720960872
927.029	0.15775116720960872
927.173	0.15775116720960872
927.317	0.15775116720960872
927.46	0.15775116720960872
927.605	0.15775116720960872
927.748	0.15775291438351494
927.892	0.15775466155742116
928.0360000000001	0.15775640873132737
928.1800000000001	0.15775640873132737
928.3240000000001	0.15775466155742116
928.467	0.15775466155742116
928.611	0.15775466155742116
928.755	0.15775466155742116
928.899	0.15775640873132737
929.043	0.15775640873132737
929.187	0.15775640873132737
929.331	0.15775640873132737
929.474	0.15775640873132737
929.618	0.15775640873132737
929.7620000000001	0.15775640873132737
929.9060000000001	0.15775291438351494
930.0500000000001	0.15775116720960872
930.194	0.15775116720960872
930.338	0.15775058481830664
930.481	0.15775000242700457
930.625	0.15775000242700457
930.769	0.15775058481830664
930.913	0.15775116720960872
931.057	0.15775116720960872
931.2	0.15775116720960872
931.344	0.15775291438351494
931.488	0.15775291438351494
931.6320000000001	0.15775291438351494
931.7760000000001	0.15775640873132737
931.919	0.15775640873132737
932.064	0.1577581559052336
932.208	0.1577581559052336
932.351	0.15775640873132737
932.495	0.15775291438351494
932.639	0.15775640873132737
932.783	0.15775640873132737
932.926	0.1577581559052336
933.071	0.1577581559052336
933.214	0.1577581559052336
933.3580000000001	0.1577581559052336
933.5020000000001	0.1577581559052336
933.646	0.1577581559052336
933.79	0.1577581559052336
933.933	0.15775932068783774
934.077	0.15775932068783774
934.221	0.15775932068783774
934.365	0.15776048547044189
934.509	0.15776106786174396
934.653	0.15776106786174396
934.797	0.15776165025304603
934.94	0.15776165025304603
935.0840000000001	0.15776165025304603
935.2280000000001	0.15776281503565018
935.372	0.15776165025304603
935.516	0.15776165025304603
935.66	0.15776165025304603
935.804	0.15776165025304603
935.947	0.15776165025304603
936.091	0.15776165025304603
936.235	0.15776165025304603
936.379	0.15776165025304603
936.523	0.15776106786174396
936.667	0.15776048547044189
936.811	0.15775932068783774
936.9540000000001	0.1577581559052336
937.0980000000001	0.1577581559052336
937.242	0.1577581559052336
937.386	0.1577581559052336
937.53	0.1577581559052336
937.674	0.1577581559052336
937.817	0.1577581559052336
937.961	0.1577581559052336
938.105	0.1577581559052336
938.2520000000001	0.1577581559052336
938.393	0.1577581559052336
938.5360000000001	0.1577581559052336
938.681	0.1577581559052336
938.8240000000001	0.1577581559052336
938.968	0.1577581559052336
939.112	0.1577581559052336
939.256	0.1577581559052336
939.4	0.1577581559052336
939.543	0.1577581559052336
939.687	0.1577581559052336
939.831	0.1577581559052336
939.975	0.15775640873132737
940.119	0.15775640873132737
940.263	0.15775407916611908
940.407	0.15775233199221286
940.5500000000001	0.15775233199221286
940.694	0.15775407916611908
940.838	0.15775407916611908
940.982	0.15775407916611908
941.126	0.15775233199221286
941.27	0.15775407916611908
941.413	0.15775407916611908
941.557	0.15775407916611908
941.701	0.15775407916611908
941.845	0.15775233199221286
941.989	0.15775116720960872
942.133	0.15775116720960872
942.277	0.15775116720960872
942.42	0.15775058481830664
942.564	0.15775000242700457
942.708	0.15775000242700457
942.852	0.15775000242700457
942.996	0.15775000242700457
943.141	0.15775000242700457
943.285	0.15775000242700457
943.428	0.15775000242700457
943.572	0.15775000242700457
943.716	0.15775000242700457
943.86	0.15775000242700457
944.003	0.15775000242700457
944.148	0.15775000242700457
944.291	0.15775058481830664
944.4350000000001	0.15775116720960872
944.5790000000001	0.15775116720960872
944.7230000000001	0.15775116720960872
944.867	0.15775116720960872
945.01	0.15775058481830664
945.155	0.15775000242700457
945.298	0.15775000242700457
945.442	0.15775000242700457
945.586	0.15775000242700457
945.73	0.15775000242700457
945.874	0.15774883764440042
946.017	0.15774767286179628
946.162	0.1577470904704942
946.3050000000001	0.15774650807919213
946.4490000000001	0.15774534329658801
946.593	0.15774534329658801
946.737	0.15774534329658801
946.881	0.1577435961226818
947.024	0.1577435961226818
947.168	0.15774301373137972
947.312	0.15774301373137972
947.456	0.1577412665574735
947.6	0.15773951938356728
947.744	0.157737189818359
947.888	0.15773486025315073
948.0310000000001	0.15773486025315073
948.1750000000001	0.15773427786184863
948.319	0.1577325306879424
948.465	0.1577325306879424
948.607	0.1577325306879424
948.751	0.1577325306879424
948.895	0.1577325306879424
949.039	0.15773427786184863
949.182	0.15773486025315073
949.326	0.15773427786184863
949.47	0.1577325306879424
949.613	0.1577325306879424
949.758	0.1577325306879424
949.902	0.1577325306879424
950.046	0.1577325306879424
950.189	0.1577325306879424
950.333	0.1577325306879424
950.477	0.15773427786184863
950.62	0.15773427786184863
950.765	0.1577325306879424
950.908	0.1577325306879424
951.052	0.1577325306879424
951.196	0.15773078351403624
951.34	0.15773020112273417
951.484	0.15773020112273417
951.6270000000001	0.15772903634013002
951.771	0.15772903634013002
951.915	0.15772903634013002
952.059	0.15772903634013002
952.203	0.15773020112273417
952.347	0.15773020112273417
952.491	0.15773020112273417
952.634	0.15773020112273417
952.778	0.15773020112273417
952.926	0.15773020112273417
953.066	0.15772903634013002
953.21	0.15772787155752588
953.354	0.1577272891662238
953.498	0.1577272891662238
953.641	0.15772554199231759
953.785	0.15772263003580722
953.929	0.15772088286190097
954.073	0.1577203004705989
954.216	0.1577203004705989
954.361	0.1577203004705989
954.505	0.15771971807929683
954.648	0.15771971807929683
954.792	0.15771971807929683
954.936	0.15771971807929683
955.08	0.15771971807929683
955.224	0.15771855329669268
955.368	0.15771855329669268
955.511	0.15771389416627613
955.655	0.1577098174271616
955.799	0.1577080702532554
955.943	0.15770690547065128
956.087	0.1577063230793492
956.23	0.15770574068804713
956.374	0.15770574068804713
956.518	0.15770457590544298
956.662	0.15770341112283884
956.806	0.15770341112283884
956.95	0.15770166394893262
957.094	0.1576999167750264
957.237	0.1576999167750264
957.381	0.15769875199242225
957.527	0.15769700481851603
957.669	0.15769525764460982
957.813	0.15769409286200567
957.957	0.15769409286200567
958.101	0.15769351047070362
958.244	0.1576917632967974
958.388	0.15769001612289119
958.532	0.1576894337315891
958.676	0.15768826894898497
958.82	0.15768826894898497
958.964	0.15768710416638082
959.1080000000001	0.15768710416638082
959.251	0.15768710416638082
959.395	0.15768652177507875
959.539	0.15768593938377667
959.683	0.15768477460117253
959.827	0.1576830274272663
959.971	0.1576812802533601
960.115	0.15767953307945387
960.258	0.1576789506881518
960.402	0.15767778590554765
960.546	0.1576731267751311
960.691	0.15766963242731868
960.835	0.15766846764471454
960.9780000000001	0.15766672047080832
961.122	0.15766613807950622
961.266	0.15766613807950622
961.41	0.15766613807950622
961.554	0.15766613807950622
961.698	0.1576649732969021
961.842	0.15766322612299588
961.985	0.15766264373169378
962.129	0.15766147894908963
962.273	0.15765856699257927
962.417	0.15765507264476686
962.561	0.15765332547086067
962.7040000000001	0.15765332547086067
962.849	0.15765332547086067
962.993	0.15765274307955857
963.136	0.15765274307955857
963.28	0.15765274307955857
963.424	0.15765274307955857
963.568	0.15765041351435027
963.711	0.1576457543839337
963.855	0.15764284242742335
964.0	0.15764109525351716
964.143	0.15763760090570472
964.287	0.15763294177528814
964.432	0.1576294474274757
964.575	0.15762595307966326
964.718	0.15761954677534046
964.862	0.15761605242752805
965.006	0.15761547003622597
965.15	0.1576148876449239
965.294	0.15761372286231976
965.438	0.1576125580797156
965.582	0.1576125580797156
965.725	0.15761197568841354
965.869	0.15760964612320527
966.013	0.15760789894929905
966.157	0.1576067341666949
966.301	0.1576026574275804
966.445	0.15759100960153896
966.591	0.1575816913407058
966.732	0.1575799441667996
966.876	0.15757703221028924
967.02	0.1575712082972685
967.164	0.15756596677554985
967.308	0.15756480199294573
967.452	0.15756480199294573
967.596	0.15756480199294573
967.739	0.1575613076451333
967.883	0.1575566485147167
968.027	0.15755198938430012
968.171	0.15754849503648768
968.314	0.1575479126451856
968.4590000000001	0.15754616547127942
968.602	0.15753975916695664
968.746	0.15753277047133177
968.89	0.15753102329742555
969.034	0.15752752894961314
969.178	0.15752286981919655
969.321	0.15752112264529033
969.466	0.15751937547138412
969.609	0.1575176282974779
969.753	0.15751704590617582
969.897	0.15751588112357168
970.041	0.15751588112357168
970.1850000000001	0.15751588112357168
970.328	0.15751413394966546
970.4730000000001	0.15751413394966546
970.617	0.15751413394966546
970.76	0.1575123867757593
970.904	0.1575077276453427
971.048	0.1575077276453427
971.192	0.15750073894971783
971.335	0.15749607981930125
971.479	0.15749607981930125
971.624	0.15749433264539503
971.767	0.15749200308018674
971.9110000000001	0.1574902559062805
972.0550000000001	0.15748909112367637
972.1990000000001	0.157486179167166
972.342	0.15748268481935357
972.486	0.15748093764544738
972.63	0.15747919047154116
972.774	0.15747569612372872
972.918	0.15747336655852046
973.062	0.15746928981940594
973.206	0.15746288351508314
973.349	0.15745880677596863
973.493	0.15745414764555205
973.6370000000001	0.15745007090643753
973.7810000000001	0.15744832373253137
973.9250000000001	0.15744657655862515
974.069	0.1574430822108127
974.213	0.15744017025430235
974.356	0.15743958786300027
974.5	0.15743784068909406
974.644	0.1574366759064899
974.788	0.1574349287325837
974.932	0.1574325991673754
975.076	0.15742968721086503
975.22	0.15742677525435467
975.363	0.15742444568914638
975.509	0.157421533732636
975.6510000000001	0.15741687460221945
975.795	0.1574058091674801
975.939	0.157397073297949
976.083	0.15739241416753244
976.227	0.15738775503711586
976.37	0.15737319525456406
976.514	0.1573598002546164
976.658	0.15735805308071021
976.802	0.15735281155899156
976.946	0.15734698764597083
977.09	0.15733999895034595
977.234	0.1573330102547211
977.3770000000001	0.15732136242867967
977.521	0.1573102969939403
977.666	0.15724798112461863
977.809	0.15577394873907466
977.953	0.1502307483259544
978.097	0.14238302553053567
978.241	0.13508624490687698
978.385	0.1283275938463327
978.529	0.12223927517447317
978.674	0.11638041867562995
978.817	0.11122625565229372
978.961	0.10686647436498353
979.104	0.096630364839768
979.248	0.08689394705173015
979.392	0.08454865727828664
979.5360000000001	0.08264074337269914
979.6800000000001	0.0806483827283112
979.823	0.07926345621198425
979.967	0.07777078730477398
980.112	0.07599973535517336
980.255	0.07452104383921285
980.399	0.07327356167017485
980.543	0.06919274581655711
980.687	0.06540894952699605
980.83	0.06473221083398852
980.974	0.0637899017072362
981.118	0.06264492040736287
981.2620000000001	0.0619582810622201
981.4060000000001	0.0613904495427
981.5500000000001	0.06029613628610692
981.694	0.05935557433326083
981.837	0.058791237161553156
981.981	0.05691069564716303
982.125	0.05520137717558203
982.269	0.05452988000429314
982.413	0.05363998609472729
982.557	0.053150195009684834
982.701	0.052737861967817934
982.844	0.05214091088319425
982.988	0.051680821754557446
983.1320000000001	0.05133138697331431
983.28	0.05040596719432208
983.42	0.04863899198383598
983.564	0.04755050264026361
983.708	0.047284932206518825
983.851	0.04671593590439459
983.995	0.04628496634086139
984.139	0.046059580906959566
984.283	0.045586679169677194
984.427	0.045232002866715415
984.571	0.04509455851942644
984.715	0.04455759373891616
984.8580000000001	0.04357044048190431
985.0020000000001	0.04298339004941584
985.146	0.04277489396327411
985.29	0.04242196483421855
985.434	0.04215639440047376
985.578	0.041939744836103014
985.722	0.04154197157678791
985.865	0.04124669918663747
986.009	0.0412129204911173
986.153	0.0407633144059178
986.297	0.039856531148591876
986.44	0.0393463563679769
986.585	0.03925026180313503
986.7280000000001	0.03894101202173486
986.872	0.03865622267502171
987.016	0.038590412457887587
987.16	0.038353961589246394
987.304	0.03809654463373062
987.447	0.03801559224274262
987.591	0.0377133311569673
987.735	0.03718976137640468
987.879	0.03685721594292163
988.023	0.03673025463906996
988.167	0.03651709942251165
988.311	0.0362777365973601
988.4540000000001	0.036151357684810495
988.5980000000001	0.03594460877257498
988.742	0.03575649638200576
988.886	0.035604492252165
989.03	0.035268452470869516
989.174	0.03497492725462529
989.318	0.03486019616811713
989.461	0.03476002486416076
989.605	0.034540463343279655
989.749	0.03433779117015864
989.893	0.03426440986609758
990.037	0.03422538964885876
990.181	0.03412114160578789
990.325	0.03397787334547821
990.468	0.03362610899902679
990.612	0.03313922987049469
990.756	0.032906273349665935
990.9	0.032811343567428215
991.043	0.03274728052420031
991.188	0.03268147030706618
991.332	0.03263895574201493
991.475	0.032502093786028044
991.619	0.03230466313462567
991.763	0.03223244661316876
991.907	0.031916790527445796
992.0500000000001	0.03160754074604562
992.195	0.031549301615838424
992.338	0.03148523857261052
992.482	0.03134080552969669
992.626	0.031192878138970433
992.771	0.031136386182669458
992.914	0.030959921618141678
993.058	0.030814323792623707
993.202	0.030764820531947595
993.345	0.030263964012165766
993.489	0.029743888579415567
993.635	0.029628575101605336
993.777	0.029565676840981575
993.921	0.02948123010218115
994.064	0.029375234885204066
994.2090000000001	0.02933912662447561
994.352	0.029277393146455985
994.496	0.02921507727713429
994.64	0.029146355103489806
994.784	0.02895882510422266
994.928	0.02882021597432955
995.071	0.02881031532219433
995.215	0.028793425974434246
995.359	0.02873576923552913
995.503	0.028577358801365575
995.648	0.028455639019232547
995.792	0.02844690314970147
995.936	0.028398564671629503
996.0790000000001	0.028320524237151867
996.2230000000001	0.028064854455542312
996.367	0.027803360760912034
996.511	0.027738715326382057
996.655	0.02770610141346603
996.799	0.02767814663096658
996.943	0.02765426858758163
997.086	0.027643785544144338
997.231	0.027596611848676515
997.374	0.02755235010971905
997.518	0.02747023293612691
997.662	0.027304833806338497
997.806	0.027162147937330884
997.953	0.027082360328947033
998.093	0.027052658372541366
998.237	0.02702412119873984
998.381	0.026985100981501024
998.524	0.026944915981658067
998.669	0.026901236634002672
998.813	0.026873864242805294
998.956	0.026728266417287323
999.1	0.02657800946135277
999.244	0.026523264678958016
999.388	0.026476673374792266
999.5310000000001	0.026353788810055095
999.676	0.026196543158495685
999.82	0.026145875115215426
999.963	0.026133644897871924
1000.107	0.026062593159019154
1000.251	0.025961257072458645
1000.395	0.025925731203032258
1000.538	0.02570384011694287
1000.683	0.02548078424824933
1000.826	0.02543011620496908
1000.97	0.025382360118199186
1001.114	0.025354405335699735
1001.258	0.025258310770857873
1001.402	0.02517153446684916
1001.545	0.025136008597422772
1001.69	0.025061462510757575
1001.833	0.02498924598930066
1001.977	0.024946149032947337
1002.121	0.024875097294094567
1002.265	0.0248040455552418
1002.409	0.024707950990399935
1002.552	0.024631075338526445
1002.698	0.024608944469047715
1002.84	0.024580407295246194
1002.984	0.02456468273009025
1003.131	0.02451576186071621
1003.272	0.02438647099165625
1003.416	0.02428164055728331
1003.559	0.02418845794895181
1003.703	0.024109835123172104
1003.847	0.0240871218623913
1003.991	0.024070232514631217
1004.135	0.024067320558120858
1004.278	0.023942106428175403
1004.423	0.02379126708093878
1004.566	0.023730115994221233
1004.71	0.023678283168336832
1004.854	0.023603737081671634
1004.998	0.02353559729932922
1005.142	0.02351696077766292
1005.2860000000001	0.023482017299538607
1005.429	0.023453480125737083
1005.573	0.02344707382141429
1005.717	0.0234033944737589
1005.861	0.02335272643047865
1006.005	0.02333700186532271
1006.148	0.023331760343604062
1006.292	0.023330013169697846
1006.436	0.02332593643058334
1006.58	0.02327060925688651
1006.724	0.023212370126679323
1006.868	0.023200722300637886
1007.0120000000001	0.023188492083294376
1007.1560000000001	0.023176844257252936
1007.3000000000001	0.023169855561628074
1007.444	0.023164031648607353
1007.587	0.023101715779285662
1007.731	0.02302134577959974
1007.874	0.022960777084184265
1008.019	0.022874000780175555
1008.162	0.02281750882387458
1008.306	0.022790718823979275
1008.45	0.02273655643288659
1008.594	0.022682394041793903
1008.738	0.02265094491148202
1008.8820000000001	0.022539125781484218
1009.025	0.02243778969492371
1009.17	0.022416241216747047
1009.313	0.02233994795617563
1009.457	0.022258995565187636
1009.601	0.02221706339143846
1009.744	0.02218794382633487
1009.889	0.022166977739460282
1010.033	0.02213669339175254
1010.176	0.02209010208758679
1010.32	0.02204409317472311
1010.464	0.022019632740036092
1010.6080000000001	0.02196081121852683
1010.7520000000001	0.021900242523111353
1010.895	0.02188044121884091
1011.039	0.021854816001549746
1011.183	0.021839091436393804
1011.327	0.021798906436550844
1011.471	0.02174124969764573
1011.615	0.021713877306448352
1011.761	0.021680098610928178
1011.902	0.021599728611242257
1012.046	0.021524017741972913
1012.19	0.021456460350932575
1012.3340000000001	0.021380749481663228
1012.4780000000001	0.02130096187327938
1012.621	0.02123981078656183
1012.766	0.02121593274317688
1012.909	0.0211699238303132
1013.054	0.021119838178335022
1013.198	0.0210913010045335
1013.342	0.021072082091565126
1013.486	0.021055775135107112
1013.63	0.02100510709182686
1013.773	0.02095676861375489
1013.917	0.02094977991813003
1014.061	0.020945120787713455
1014.205	0.020936967309484446
1014.349	0.020920077961724362
1014.492	0.02090318861396428
1014.6370000000001	0.020883387309693836
1014.78	0.020867080353235822
1014.924	0.02085776209240267
1015.068	0.020845531875059158
1015.212	0.02082631296209079
1015.356	0.020782051223133327
1015.5	0.020737207092873793
1015.643	0.020707505136468123
1015.787	0.02069061578870804
1015.931	0.020655089919281652
1016.075	0.020608498615115902
1016.218	0.020581126223918524
1016.363	0.020545017963190068
1016.506	0.020504832963347104
1016.65	0.02048794361558702
1016.794	0.020486196441680808
1016.938	0.02046581274610829
1017.082	0.020429704485379833
1017.226	0.020406408833296953
1017.37	0.020371465355172643
1017.513	0.020288183398976364
1017.657	0.020182770573301353
1017.801	0.020076775356324267
1017.945	0.020002811660961135
1018.088	0.01997078013934718
1018.2330000000001	0.019950396443774665
1018.3770000000001	0.01991778253085864
1018.52	0.019884586226640542
1018.664	0.019871773617994963
1018.808	0.019864784922370097
1018.952	0.019860708183255596
1019.096	0.019851972313724518
1019.239	0.019817028835600204
1019.383	0.019710451227321048
1019.527	0.01960096166253153
1019.671	0.0195456344888347
1019.815	0.019504284706387598
1019.9590000000001	0.019483901010815083
1020.1030000000001	0.01946060535873221
1020.246	0.01942682666321204
1020.39	0.019412849271962313
1020.534	0.019392465576389795
1020.678	0.019370917098213133
1020.8240000000001	0.019369169924306918
1020.966	0.01936625796779656
1021.109	0.01935053340264062
1021.253	0.01931966666363081
1021.398	0.01929870057675622
1021.541	0.01929578862024586
1021.6850000000001	0.01929171188113136
1021.8290000000001	0.01928588796811064
1021.9730000000001	0.019282393620298207
1022.116	0.019278899272485776
1022.26	0.019272492968162986
1022.404	0.01926084514212155
1022.548	0.019252109272590467
1022.692	0.019243955794361462
1022.835	0.019225901663997236
1022.98	0.01920901231623715
1023.123	0.019199111664101928
1023.267	0.019178727968529413
1023.4110000000001	0.019115829707905648
1023.554	0.019068073621135752
1023.6990000000001	0.019057590577698458
1023.842	0.019006922534418207
1023.986	0.01894169470858615
1024.1299999999999	0.01888927949139968
1024.274	0.018822886882963484
1024.418	0.01875125275280864
1024.562	0.018699419926924244
1024.705	0.018661564492289572
1024.849	0.01863943362281084
1024.993	0.01862429144895697
1025.137	0.018608566883801032
1025.281	0.018594589492551307
1025.425	0.018579447318697435
1025.569	0.01856488753614564
1025.713	0.01854683340578141
1025.856	0.01853110884062547
1026.0	0.01848509992776179
1026.144	0.018399488406357224
1026.288	0.018347073189170754
1026.4309999999998	0.01829407558068221
1026.5759999999998	0.01822651818964187
1026.7189999999998	0.01820147536365278
1026.8629999999998	0.01818924514630927
1027.0069999999998	0.018157796015997388
1027.1509999999998	0.018121105363966862
1027.2949999999998	0.018078590798915613
1027.4389999999999	0.017981913842771678
1027.5829999999999	0.017907367756106476
1027.7259999999999	0.01788756645183603
1027.87	0.01784738145199307
1028.014	0.01781651471298326
1028.158	0.01781302036517083
1028.3049999999998	0.017810108408660468
1028.446	0.01777924166965066
1028.589	0.017743133408922203
1028.734	0.017734979930693194
1028.877	0.01772973840897455
1029.021	0.01772100253944347
1029.165	0.01770818993079789
1029.309	0.01769188297433988
1029.452	0.017678487974392226
1029.596	0.017672664061371503
1029.74	0.017665092974444567
1029.8839999999998	0.017638885365851335
1030.0279999999998	0.017612677757258097
1030.1719999999998	0.01760335949642495
1030.3159999999998	0.0175981179747063
1030.4589999999998	0.017594623626893874
1030.6039999999998	0.017549197105332263
1030.7479999999998	0.017490375583823
1030.8919999999998	0.01746300319262562
1031.0359999999998	0.017448443410073827
1031.1799999999998	0.01743330123621996
1031.3229999999999	0.017414082323251586
1031.4669999999999	0.017405346453720508
1031.6109999999999	0.01740068732330393
1031.7549999999999	0.017373314932106552
1031.899	0.01732206449752423
1032.043	0.017288285802004057
1032.187	0.017277220367264694
1032.33	0.01727314362815019
1032.474	0.017269066889035685
1032.618	0.017265572541223254
1032.762	0.017235288193515514
1032.906	0.01718636732414148
1033.049	0.01716248928075653
1033.194	0.01715200623731923
1033.337	0.017142687976486083
1033.481	0.01713569928086122
1033.625	0.017093184715809975
1033.769	0.017054164498571157
1033.913	0.017051834933362868
1034.0569999999998	0.017040769498623504
1034.2009999999998	0.01702795688997792
1034.3439999999998	0.01702096819435306
1034.4879999999998	0.01701223232482198
1034.6319999999998	0.017001749281384686
1034.7759999999998	0.01698427754232253
1034.9189999999999	0.016963893846750015
1035.0639999999999	0.016952246020708578
1035.2069999999999	0.016945839716385788
1035.3519999999999	0.016933027107740202
1035.4959999999999	0.016902742760032466
1035.639	0.016881776673157878
1035.783	0.016878282325345446
1035.927	0.016850327542845996
1036.07	0.01682470232555483
1036.214	0.016815966456023755
1036.358	0.01680548341258646
1036.502	0.01678044058659737
1036.645	0.016754232978004133
1036.79	0.016745497108473055
1036.934	0.016740255586754408
1037.077	0.01673501406503576
1037.221	0.016724531021598467
1037.365	0.016708806456442522
1037.5089999999998	0.016695993847796943
1037.6529999999998	0.016680851673943075
1037.7969999999998	0.016653479282745694
1037.9399999999998	0.01663367797847525
1038.0839999999998	0.01658068036998671
1038.2279999999998	0.016496233631186286
1038.3719999999998	0.01645779580524954
1038.5159999999998	0.016440906457489458
1038.6599999999999	0.016421105153219012
1038.8039999999999	0.01639955667504235
1038.9499999999998	0.016379172979469836
1039.091	0.016372184283844973
1039.235	0.016358206892595248
1039.379	0.01634597667525174
1039.523	0.01634306471874138
1039.666	0.01633957037092895
1039.811	0.01633724080572066
1039.954	0.016332581675304082
1040.098	0.016313945153637783
1040.242	0.016297055805877696
1040.386	0.016287155153742475
1040.53	0.01627492493639897
1040.674	0.01626677145816996
1040.817	0.016259782762545097
1040.961	0.016253958849524377
1041.1049999999998	0.016249882110409876
1041.2489999999998	0.01624405819738916
1041.395	0.016233575153951865
1041.5359999999998	0.016212609067077277
1041.6809999999998	0.016196884501921336
1041.8239999999998	0.016193972545410974
1041.9699999999998	0.01619280776280683
1042.1119999999999	0.016190478197598543
1042.2559999999999	0.016182324719369534
1042.3999999999999	0.016171259284630174
1042.5449999999998	0.01616427058900531
1042.687	0.016160776241192876
1042.831	0.016157281893380445
1042.9779999999998	0.016152040371661798
1043.119	0.016148546023849367
1043.263	0.016145051676036935
1043.408	0.016138062980412073
1043.551	0.016133403849995502
1043.694	0.01613049189348514
1043.838	0.01612699754567271
1043.984	0.0161147673283292
1044.126	0.016102537110985686
1044.27	0.016092636458850465
1044.414	0.016079241458902813
1044.5569999999998	0.016073999937184162
1044.7009999999998	0.016065264067653087
1044.8449999999998	0.016055363415517866
1044.9889999999998	0.016052451459007504
1045.1329999999998	0.01605070428510129
1045.2769999999998	0.01605070428510129
1045.4209999999998	0.01605070428510129
1045.5649999999998	0.016040803632966068
1045.7089999999998	0.01602915580692463
1045.8519999999999	0.01602333189390391
1045.9959999999999	0.016014596024372833
1046.1399999999999	0.01600818972005004
1046.283	0.01600527776353968
1046.4279999999999	0.016000618633123107
1046.571	0.015989553198383744
1046.715	0.015980234937550592
1046.859	0.015961598415884293
1047.003	0.0159406323290097
1047.147	0.015935973198593127
1047.291	0.015912095155208177
1047.434	0.01588821711182323
1047.578	0.015885887546614946
1047.722	0.01587482211187558
1047.866	0.01584453776416784
1048.012	0.015811923851251818
1048.154	0.0157956168947938
1048.299	0.0157769803731275
1048.442	0.015749607981930123
1048.59	0.015721070808128602
1048.731	0.01569428080823329
1048.8739999999998	0.015677391460473207
1049.0179999999998	0.0156651612431297
1049.1619999999998	0.01565351341708826
1049.3059999999998	0.015643030373650967
1049.4499999999998	0.015627305808495025
1049.5929999999998	0.015590615156464496
1049.7369999999999	0.015560330808756757
1049.8809999999999	0.015538782330580099
1050.0249999999999	0.015493355809018491
1050.1689999999999	0.015465983417821114
1050.312	0.015438611026623734
1050.456	0.015409491461520139
1050.6	0.01540133798329113
1050.7469999999998	0.015394931678968339
1050.8899999999999	0.015386195809437262
1051.0339999999999	0.01537280080948961
1051.1809999999998	0.015368141679073034
1051.322	0.015347757983500517
1051.465	0.015315144070584492
1051.61	0.01530174907063684
1051.752	0.015296507548918191
1051.896	0.015291266027199543
1052.038	0.015262728853398022
1052.183	0.015201577766680475
1052.3259999999998	0.015151492114702294
1052.4699999999998	0.0151078127670469
1052.6139999999998	0.01507752841933916
1052.7579999999998	0.01507112211501637
1052.9019999999998	0.015065880593297724
1053.0449999999998	0.01505830950637079
1053.1889999999999	0.01505248559335007
1053.3329999999999	0.015050738419443854
1053.4769999999999	0.015037343419496202
1053.6209999999999	0.01502453081085062
1053.7649999999999	0.01502161885434026
1053.9089999999999	0.015017542115225758
1054.0529999999999	0.015005311897882248
1054.196	0.014983763419705587
1054.34	0.014972115593664148
1054.484	0.014970368419757931
1054.628	0.014968621245851715
1054.771	0.014967456463247573
1054.916	0.014964544506737214
1055.06	0.01496046776762271
1055.203	0.014956973419810279
1055.347	0.014955226245904065
1055.491	0.01495347907199785
1055.635	0.014947072767675058
1055.779	0.01493891928944605
1055.923	0.014925524289498398
1056.0659999999998	0.014914458854759033
1056.2099999999998	0.014912711680852817
1056.357	0.014908634941738313
1056.4979999999998	0.014905140593925881
1056.6419999999998	0.01490164624611345
1056.7859999999998	0.014888251246165798
1056.9299999999998	0.01486437320278085
1057.0759999999998	0.014850395811531126
1057.2169999999999	0.014849813420229055
1057.3609999999999	0.014838747985489686
1057.5049999999999	0.014827100159448246
1057.649	0.014823605811635818
1057.793	0.014817199507313028
1057.936	0.014813122768198524
1058.08	0.01480846363778195
1058.224	0.014783420811792857
1058.368	0.014758960377105838
1058.512	0.014752554072783046
1058.656	0.014749059724970617
1058.8	0.01474090624674161
1058.943	0.014724599290283595
1059.087	0.014715863420752515
1059.231	0.01471353385554423
1059.375	0.014708292333825583
1059.519	0.014703633203409009
1059.667	0.014698974072992433
1059.8069999999998	0.01469547972518
1059.9499999999998	0.014691985377367569
1060.0939999999998	0.01468324950783649
1060.2379999999998	0.014669854507888838
1060.3819999999998	0.014658789073149471
1060.5259999999998	0.01465529472533704
1060.6689999999999	0.014645976464503892
1060.8139999999999	0.014630834290650024
1060.9569999999999	0.014622680812421015
1061.1009999999999	0.014610450595077505
1061.245	0.014597055595129853
1061.389	0.014578419073463553
1061.533	0.014561529725703468
1061.677	0.014551629073568245
1061.821	0.014537069291016447
1061.965	0.014523674291068794
1062.108	0.014516103204141859
1062.253	0.014515520812839787
1062.395	0.014509114508516996
1062.54	0.014478830160809258
1062.683	0.014450292987007736
1062.827	0.014426997334924859
1062.971	0.014407778421956487
1063.117	0.014407196030654415
1063.2589999999998	0.014400789726331624
1063.4029999999998	0.014386229943779829
1063.5469999999998	0.01437458211773839
1063.6899999999998	0.014369340596019742
1063.8339999999998	0.014367011030811453
1063.9779999999998	0.014366428639509382
1064.1219999999998	0.014365263856905237
1064.2659999999998	0.014364099074301095
1064.4089999999999	0.014354198422165874
1064.5529999999999	0.014340221030916148
1064.697	0.014322749291853992
1064.841	0.014304695161489763
1064.985	0.014296541683260756
1065.129	0.014293047335448323
1065.2759999999998	0.014291300161542108
1065.416	0.014289552987635892
1065.562	0.01428489385721932
1065.705	0.014279652335500673
1065.849	0.014277905161594457
1065.993	0.014270916465969594
1066.1409999999998	0.0142604334225323
1066.2839999999999	0.014252279944303295
1066.426	0.01423597298784528
1066.57	0.014219666031387267
1066.715	0.014209182987949974
1066.859	0.01420161190102304
1067.003	0.014197535161908536
1067.146	0.01419287603149196
1067.289	0.014186469727169169
1067.4309999999998	0.01418006342284638
1067.5749999999998	0.014177151466336019
1067.7189999999998	0.014171909944617374
1067.8639999999998	0.01416783320550287
1068.0069999999998	0.014160844509878007
1068.1499999999999	0.014154438205555215
1068.2949999999998	0.014151526249044855
1068.4379999999999	0.014148614292534495
1068.5819999999999	0.01414686711862828
1068.7259999999999	0.014145119944722064
1068.87	0.014145119944722064
1069.014	0.014142790379513777
1069.158	0.014138713640399274
1069.301	0.014135801683888916
1069.445	0.014134054509982702
1069.589	0.014130560162170269
1069.733	0.01412531864045162
1069.877	0.014120077118732973
1070.021	0.014113670814410183
1070.164	0.014099693423160458
1070.308	0.014088045597119021
1070.452	0.01408513364060866
1070.596	0.014081639292796228
1070.74	0.014076980162379654
1070.8829999999998	0.014070573858056865
1071.0279999999998	0.014065332336338218
1071.1709999999998	0.01406300277112993
1071.3149999999998	0.0140595084233175
1071.4589999999998	0.014054849292900923
1071.6029999999998	0.014051937336390562
1071.7469999999998	0.014047278205973988
1071.8909999999998	0.014037959945140836
1072.0339999999999	0.014025729727797327
1072.1779999999999	0.014018158640870394
1072.322	0.01401699385826625
1072.466	0.014011752336547601
1072.61	0.014004763640922738
1072.754	0.014000686901808237
1072.898	0.013997192553995806
1073.041	0.013992533423579232
1073.185	0.013988456684464728
1073.3339999999998	0.013986709510558512
1073.473	0.013985544727954368
1073.616	0.013982632771444008
1073.761	0.013977973641027432
1073.904	0.013975644075819145
1074.048	0.013973314510610856
1074.192	0.013966325814985994
1074.336	0.013959337119361134
1074.4799999999998	0.013954677988944559
1074.6239999999998	0.013951183641132126
1074.7669999999998	0.013950601249830054
1074.9109999999998	0.013944194945507263
1075.0559999999998	0.013936041467278256
1075.2009999999998	0.013932547119465826
1075.3429999999998	0.013927305597747179
1075.4869999999999	0.013922646467330602
1075.6309999999999	0.013921481684726459
1075.7749999999999	0.013920899293424386
1075.918	0.013917404945611956
1076.062	0.013908086684778807
1076.206	0.013898186032643582
1076.35	0.013894109293529078
1076.493	0.013891779728320792
1076.637	0.013888867771810434
1076.781	0.01388770298920629
1076.925	0.013887120597904219
1077.069	0.013885373423998003
1077.213	0.013883626250091787
1077.357	0.013883043858789716
1077.501	0.013880714293581429
1077.644	0.013876637554466924
1077.788	0.01387256081535242
1077.9319999999998	0.013870231250144133
1078.0759999999998	0.013869066467539989
1078.2199999999998	0.013867901684935844
1078.3639999999998	0.013863824945821342
1078.5079999999998	0.013856836250196479
1078.6519999999998	0.01385042994587369
1078.7949999999998	0.013845770815457114
1078.9389999999999	0.013828881467697032
1079.0829999999999	0.013808497772124513
1079.2259999999999	0.013794520380874788
1079.3709999999999	0.013781125380927135
1079.514	0.013776466250510561
1079.658	0.013774719076604346
1079.802	0.013769477554885697
1079.946	0.013765400815771192
1080.09	0.013764236033167048
1080.233	0.013760741685354617
1080.378	0.01374909385931318
1080.521	0.013729292555042736
1080.665	0.013714732772490938
1080.809	0.013704249729053646
1080.953	0.01367221820743969
1081.097	0.013643681033638168
1081.241	0.013613979077232502
1081.3839999999998	0.013580200381712332
1081.5279999999998	0.013572046903483325
1081.6719999999998	0.013565640599160534
1081.818	0.013556904729629456
1081.963	0.013551080816608736
1082.107	0.013542344947077659
1082.2469999999998	0.01353302668624451
1082.3909999999998	0.013522543642807215
1082.5349999999999	0.013513807773276137
1082.6789999999999	0.013510895816765775
1082.8229999999999	0.013498665599422267
1082.966	0.013471293208224891
1083.1119999999999	0.013450909512652372
1083.2549999999999	0.013446250382235798
1083.399	0.013439844077913005
1083.5439999999999	0.013431108208381927
1083.687	0.013426449077965353
1083.831	0.013424701904059137
1083.975	0.01341946038234049
1084.118	0.013411306904111485
1084.264	0.01340082386067419
1084.406	0.013392087991143112
1084.55	0.01338509929551825
1084.694	0.013376945817289243
1084.839	0.013363550817341589
1084.981	0.01334840864348772
1085.125	0.013338507991352496
1085.269	0.013333266469633849
1085.413	0.01332453060010277
1085.5569999999998	0.013305894078436471
1085.6999999999998	0.01329308146979089
1085.8449999999998	0.013287839948072245
1085.9889999999998	0.01328085125244738
1086.1319999999998	0.013276192122030805
1086.2759999999998	0.013274444948124589
1086.4199999999998	0.013272697774218375
1086.5639999999999	0.013272115382916304
1086.7079999999999	0.013269785817708015
1086.8509999999999	0.0132680386438018
1086.995	0.013266873861197655
1087.1399999999999	0.01326221473078108
1087.283	0.013256973209062432
1087.427	0.01324998451343757
1087.571	0.013234842339583702
1087.715	0.013223776904844334
1087.858	0.01322261212224019
1088.0049999999999	0.013222029730938119
1088.146	0.013216788209219473
1088.29	0.01320688755708425
1088.434	0.013201063644063532
1088.578	0.013199316470157317
1088.722	0.013198151687553172
1088.865	0.013195239731042812
1089.012	0.01319174538323038
1089.1529999999998	0.013189415818022092
1089.2969999999998	0.013185921470209663
1089.4409999999998	0.013184174296303447
1089.5839999999998	0.013183009513699304
1089.7279999999998	0.013181262339793089
1089.8719999999998	0.013177767991980656
1090.0159999999998	0.013174273644168222
1090.1599999999999	0.013171944078959935
1090.3039999999999	0.013168449731147506
1090.4479999999999	0.013165537774637148
1090.591	0.013162625818126788
1090.735	0.013157966687710212
1090.879	0.01315447233989778
1091.024	0.013150977992085347
1091.167	0.01314282451385634
1091.311	0.013137000600835624
1091.455	0.013134671035627335
1091.599	0.01313292386172112
1091.742	0.013131759079116977
1091.886	0.013128847122606618
1092.03	0.013120693644377613
1092.174	0.013112540166148604
1092.317	0.013110210600940317
1092.461	0.013108463427034102
1092.6049999999998	0.013105551470523742
1092.7489999999998	0.013103221905315453
1092.8929999999998	0.013099145166200952
1093.0369999999998	0.013093321253180232
1093.1809999999998	0.013090991687971945
1093.3259999999998	0.013090409296669873
1093.4679999999998	0.01307992625323258
1093.6119999999999	0.013066531253284924
1093.7559999999999	0.013054301035941414
1093.8999999999999	0.013044400383806193
1094.0439999999999	0.013040906035993761
1094.1879999999999	0.013033917340368899
1094.331	0.013029258209952323
1094.475	0.013027511036046107
1094.619	0.013022851905629532
1094.763	0.013019357557817102
1094.907	0.01301877516651503
1095.05	0.013017027992608815
1095.195	0.013013533644796382
1095.338	0.013010039296983952
1095.482	0.013001303427452874
1095.626	0.012993149949223867
1095.77	0.012987326036203149
1095.914	0.012982084514484502
1096.058	0.012978007775369997
1096.2009999999998	0.012969854297140992
1096.3449999999998	0.012965195166724416
1096.4889999999998	0.012955294514589193
1096.6329999999998	0.012930251688600104
1096.7759999999998	0.012905791253913083
1096.9209999999998	0.012876089297507415
1097.0649999999998	0.01284929929761211
1097.2079999999999	0.012817267775998157
1097.3519999999999	0.012784071471780057
1097.4959999999999	0.012774170819644836
1097.6399999999999	0.012770094080530333
1097.7849999999999	0.012761358210999255
1097.9279999999999	0.012752622341468177
1098.071	0.01274446886323917
1098.215	0.012736897776312234
1098.359	0.012733403428499802
1098.503	0.0127293266893853
1098.647	0.012721173211156293
1098.791	0.01271360212422936
1098.934	0.012712437341625216
1099.078	0.012711854950323145
1099.222	0.012710107776416927
1099.366	0.012708360602510712
1099.5089999999998	0.012706031037302425
1099.654	0.012702536689489995
1099.798	0.012699042341677562
1099.9409999999998	0.012696130385167202
1100.0849999999998	0.012692636037354772
1100.2289999999998	0.012690306472146484
1100.3729999999998	0.012683900167823694
1100.5179999999998	0.012674581906990542
1100.6619999999998	0.012671669950480182
1100.8059999999998	0.012671087559178111
1100.9489999999998	0.012669340385271895
1101.0929999999998	0.012668175602667751
1101.2369999999999	0.01266759321136568
1101.3809999999999	0.012661769298344961
1101.5249999999999	0.012654780602720097
1101.668	0.012651286254907667
1101.812	0.012643715167980733
1101.956	0.012636144081053798
1102.1	0.012632067341939295
1102.244	0.012627990602824792
1102.3909999999998	0.012626243428918577
1102.532	0.012623331472408216
1102.675	0.01261808995068957
1102.82	0.012615760385481282
1102.963	0.012613430820272994
1103.107	0.012605859733346058
1103.251	0.012598871037721195
1103.395	0.012594794298606694
1103.539	0.012592464733398406
1103.6819999999998	0.012589552776888047
1103.8259999999998	0.012586058429075616
1103.9699999999998	0.012583728863867327
1104.1139999999998	0.012576157776940395
1104.2579999999998	0.01256858669001346
1104.4009999999998	0.012566839516107242
1104.5449999999998	0.012565092342201028
1104.6889999999999	0.01256276277699274
1104.8329999999999	0.012558686037878236
1104.9769999999999	0.012548785385743014
1105.1209999999999	0.01254121429881608
1105.2659999999998	0.012534807994493288
1105.4089999999999	0.012529566472774643
1105.5529999999999	0.01252607212496221
1105.696	0.012522577777149779
1105.84	0.012515589081524916
1105.984	0.01250743560329591
1106.128	0.012505688429389695
1106.272	0.012492875820744114
1106.416	0.012477733646890244
1106.559	0.012473074516473668
1106.703	0.012469580168661239
1106.847	0.012463173864338447
1106.991	0.012458514733921872
1107.135	0.0124579323426198
1107.279	0.012456185168713585
1107.4219999999998	0.012454437994807367
1107.5659999999998	0.012450943646994936
1107.7099999999998	0.012448031690484578
1107.8539999999998	0.012448031690484578
1107.9979999999998	0.01244279016876593
1108.1419999999998	0.012429395168818276
1108.2849999999999	0.012414252994964407
1108.4289999999999	0.012405517125433328
1108.5729999999999	0.012398528429808467
1108.7169999999999	0.01239328690808982
1108.8609999999999	0.012391539734183605
1109.0049999999999	0.012388045386371171
1109.149	0.012381639082048382
1109.292	0.012374650386423519
1109.436	0.012372320821215232
1109.58	0.012371156038611088
1109.724	0.012368826473402799
1109.868	0.012367079299496585
1110.012	0.012363584951684155
1110.156	0.012360090603871724
1110.299	0.012359508212569651
1110.443	0.012351354734340646
1110.587	0.012341454082205421
1110.731	0.012336212560486774
1110.875	0.012332718212674343
1111.0179999999998	0.012332718212674343
1111.163	0.012330971038768127
1111.308	0.01232572951704948
1111.452	0.012321070386632906
1111.5939999999998	0.012318158430122546
1111.7379999999998	0.012314664082310115
1111.8819999999998	0.012310587343195612
1112.0249999999999	0.012302433864966605
1112.1689999999999	0.012294862778039671
1112.3129999999999	0.012292533212831382
1112.4569999999999	0.012290786038925167
1112.6009999999999	0.012289621256321024
1112.745	0.012289038865018951
1112.889	0.012288456473716878
1113.033	0.012288456473716878
1113.176	0.012281467778092017
1113.32	0.01227273190856094
1113.464	0.01226690799554022
1113.608	0.012259336908613284
1113.751	0.01225409538689464
1113.896	0.012250601039082206
1114.039	0.012248271473873919
1114.183	0.012237788430436625
1114.327	0.012224975821791044
1114.471	0.012222063865280686
1114.615	0.012219734300072397
1114.7579999999998	0.012215657560957893
1114.9019999999998	0.01220866886533303
1115.0459999999998	0.012200515387104025
1115.1899999999998	0.012197603430593664
1115.3339999999998	0.012191197126270873
1115.4779999999998	0.012182461256739795
1115.6219999999998	0.012178966908927363
1115.7659999999998	0.01217430777851079
1115.9089999999999	0.012170813430698356
1116.0529999999999	0.012151594517729986
1116.197	0.012128298865647109
1116.341	0.012121892561324319
1116.484	0.012116651039605672
1116.629	0.012111409517887025
1116.773	0.012106167996168378
1116.917	0.012099761691845587
1117.06	0.012089278648408294
1117.204	0.012078795604971
1117.348	0.012070059735439922
1117.491	0.01203278669210732
1117.636	0.011978041909712562
1117.779	0.011954746257629687
1117.923	0.011954163866327614
1118.0729999999999	0.011951251909817256
1118.212	0.011943098431588249
1118.356	0.011935527344661315
1118.5	0.011932032996848883
1118.6429999999998	0.011930868214244739
1118.7869999999998	0.011927373866432308
1118.9309999999998	0.01191863799690123
1119.0749999999998	0.011913396475182582
1119.2189999999998	0.011909902127370153
1119.3629999999998	0.011904660605651506
1119.5069999999998	0.011901166257839074
1119.6509999999998	0.011896507127422499
1119.7939999999999	0.011888936040495564
1119.9379999999999	0.011882529736172771
1120.0819999999999	0.011871464301433406
1120.2259999999999	0.011859234084089898
1120.37	0.011853410171069178
1120.513	0.011848168649350531
1120.657	0.011841179953725668
1120.801	0.011835938432007021
1120.945	0.011821961040757296
1121.089	0.011807401258205499
1121.233	0.011803906910393066
1121.376	0.011800412562580635
1121.521	0.011784105606122624
1121.664	0.011764886693154251
1121.808	0.011754403649716957
1121.952	0.011746832562790022
1122.096	0.01174333821497759
1122.24	0.011729943215029938
1122.3839999999998	0.011717130606384355
1122.5269999999998	0.01171305386726985
1122.6709999999998	0.011707812345551204
1122.8149999999998	0.011702570823832558
1122.9589999999998	0.011699076476020127
1123.1029999999998	0.011695582128207694
1123.2469999999998	0.011690340606489047
1123.3909999999998	0.011687428649978689
1123.5339999999999	0.011687428649978689
1123.6799999999998	0.011687428649978689
1123.822	0.011683934302166257
1123.966	0.011675198432635179
1124.11	0.011669956910916532
1124.254	0.011668209737010316
1124.398	0.011665297780499958
1124.541	0.011658891476177166
1124.685	0.011653067563156448
1124.829	0.011648408432739872
1124.973	0.011643749302323297
1125.117	0.01164141973711501
1125.26	0.011637925389302578
1125.404	0.011634431041490147
1125.548	0.011629771911073571
1125.692	0.011623365606750782
1125.836	0.011619288867636277
1125.9799999999998	0.011614629737219703
1126.1239999999998	0.0116105529981052
1126.2669999999998	0.0116105529981052
1126.4109999999998	0.011608805824198983
1126.5549999999998	0.011606476258990696
1126.6989999999998	0.01160472908508448
1126.8429999999998	0.011603564302480336
1126.9869999999999	0.011602981911178265
1127.1309999999999	0.011599487563365833
1127.274	0.011596575606855473
1127.418	0.011594246041647186
1127.562	0.0115919164764389
1127.706	0.01158609256341818
1127.85	0.011579686259095388
1127.994	0.011574444737376743
1128.138	0.011572697563470527
1128.281	0.011569203215658096
1128.425	0.011563961693939449
1128.569	0.011559302563522875
1128.713	0.011554061041804228
1128.857	0.011547654737481435
1129.0	0.011544742780971076
1129.144	0.01153717169404414
1129.288	0.011530182998419278
1129.4319999999998	0.01152727104190892
1129.578	0.011525523868002704
1129.7199999999998	0.011523776694096488
1129.8639999999998	0.011522029520190272
1130.0079999999998	0.011521447128888201
1130.1509999999998	0.011519699954981985
1130.2949999999998	0.011518535172377841
1130.4389999999999	0.011517952781075768
1130.5829999999999	0.011517370389773697
1130.7259999999999	0.011516205607169552
1130.8709999999999	0.011513293650659194
1131.0149999999999	0.011510381694148836
1131.1589999999999	0.011505140172430189
1131.302	0.011501063433315684
1131.446	0.011499898650711542
1131.59	0.011498151476805326
1131.733	0.011496404302899109
1131.878	0.011494657128992891
1132.021	0.011492909955086677
1132.165	0.011489997998576319
1132.309	0.011489997998576319
1132.453	0.011488250824670103
1132.597	0.011488250824670103
1132.741	0.011483591694253528
1132.8839999999998	0.011473691042118307
1133.031	0.01146611995519137
1133.1719999999998	0.011463790389983084
1133.3159999999998	0.01146262560737894
1133.4599999999998	0.011460878433472724
1133.6049999999998	0.011458548868264435
1133.7479999999998	0.011455054520452005
1133.8919999999998	0.011452142563941645
1134.0349999999999	0.01145039539003543
1134.1789999999999	0.011446901042222998
1134.3229999999999	0.011442241911806423
1134.4669999999999	0.011440494737900207
1134.61	0.011437582781389847
1134.7549999999999	0.011432341259671202
1134.898	0.01142884691185877
1135.042	0.011427099737952553
1135.186	0.011425352564046337
1135.33	0.011422440607535979
1135.475	0.01142011104232769
1135.618	0.011418363868421478
1135.763	0.011416616694515262
1135.906	0.011414287129306974
1136.05	0.011412539955400758
1136.194	0.011411375172796613
1136.338	0.011409045607588326
1136.482	0.011407880824984182
1136.626	0.01140729843368211
1136.769	0.011406716042380038
1136.913	0.011405551259775895
1137.0569999999998	0.01140438647717175
1137.2009999999998	0.01140380408586968
1137.3449999999998	0.011402056911963464
1137.4889999999998	0.011398562564151032
1137.6319999999998	0.011393321042432385
1137.7759999999998	0.011389826694619954
1137.9199999999998	0.011389244303317881
1138.0639999999999	0.011388079520713737
1138.2079999999999	0.011386914738109592
1138.3509999999999	0.011386914738109592
1138.4959999999999	0.011386332346807521
1138.6409999999998	0.01138574995550545
1138.783	0.011384002781599234
1138.927	0.011381090825088876
1139.071	0.011379926042484731
1139.215	0.011378178868578516
1139.359	0.01137351973816194
1139.502	0.01137060778165158
1139.646	0.011368278216443293
1139.79	0.011364201477328792
1139.934	0.01136128952081843
1140.078	0.011358377564308072
1140.222	0.011356630390401856
1140.366	0.011356630390401856
1140.5089999999998	0.011356047999099783
1140.6529999999998	0.011352553651287352
1140.7969999999998	0.011349641694776993
1140.9409999999998	0.011347894520870778
1141.0849999999998	0.011345564955662489
1141.2289999999998	0.011343817781756273
1141.3729999999998	0.01134265299915213
1141.5159999999998	0.01134265299915213
1141.6599999999999	0.011341488216547986
1141.8039999999999	0.01133974104264177
1141.9479999999999	0.011337993868735555
1142.0919999999999	0.011336246694829338
1142.235	0.011335664303527266
1142.379	0.011334499520923122
1142.523	0.011332752347016908
1142.667	0.011331005173110692
1142.811	0.011329840390506548
1142.955	0.011329257999204475
1143.099	0.011328675607902404
1143.242	0.01132692843399619
1143.386	0.011325181260089974
1143.53	0.011323434086183758
1143.674	0.011319939738371327
1143.818	0.011316445390558894
1143.962	0.011313533434048534
1144.106	0.011312368651444391
1144.25	0.01131178626014232
1144.3929999999998	0.01130887430363196
1144.5369999999998	0.01130887430363196
1144.6809999999998	0.01130887430363196
1144.8249999999998	0.011304797564517457
1144.9679999999998	0.011303050390611242
1145.1139999999998	0.01130246799930917
1145.2569999999998	0.011300138434100881
1145.3999999999999	0.011298391260194668
1145.5439999999999	0.011298391260194668
1145.6879999999999	0.011297226477590523
1145.8319999999999	0.011296061694986379
1145.9759999999999	0.011295479303684307
1146.119	0.011293732129778092
1146.263	0.011291984955871876
1146.407	0.011291402564569803
1146.551	0.01129023778196566
1146.695	0.011288490608059445
1146.839	0.011286743434153229
1146.983	0.011284996260247013
1147.126	0.01128441386894494
1147.27	0.01128441386894494
1147.415	0.011283249086340798
1147.559	0.011278589955924222
1147.704	0.01127218365160143
1147.846	0.011269271695091072
1147.99	0.011267524521184857
1148.1329999999998	0.011265777347278641
1148.2769999999998	0.011265777347278641
1148.4209999999998	0.011265194955976568
1148.5649999999998	0.011264612564674497
1148.7089999999998	0.011263447782070352
1148.8519999999999	0.011262282999466208
1148.9959999999999	0.011262282999466208
1149.1399999999999	0.011261700608164137
1149.2839999999999	0.011261118216862065
1149.4279999999999	0.01125937104295585
1149.572	0.01125645908644549
1149.716	0.011253547129935131
1149.859	0.011251217564726843
1150.003	0.011249470390820627
1150.147	0.011247723216914411
1150.291	0.011242481695195764
1150.434	0.01123782256477919
1150.579	0.011236075390872974
1150.722	0.011233163434362614
1150.866	0.01123199865175847
1151.01	0.01123199865175847
1151.154	0.011231416260456399
1151.298	0.011230833869154327
1151.442	0.011229086695248112
1151.5849999999998	0.011224427564831536
1151.7289999999998	0.011221515608321178
1151.8729999999998	0.011221515608321178
1152.0169999999998	0.011221515608321178
1152.1609999999998	0.011220933217019106
1152.3049999999998	0.011218603651810818
1152.4489999999998	0.01121569169530046
1152.5919999999999	0.011213944521394244
1152.7359999999999	0.011212197347488026
1152.8799999999999	0.011210450173581809
1153.0249999999999	0.011208702999675595
1153.1689999999999	0.011206955825769381
1153.3129999999999	0.011206373434467308
1153.456	0.011205208651863164
1153.6	0.011202296695352804
1153.744	0.01120054952144659
1153.888	0.011199384738842445
1154.032	0.011198219956238301
1154.176	0.01119763756493623
1154.319	0.011197055173634158
1154.463	0.011195890391030014
1154.607	0.011194143217123798
1154.751	0.011193560825821725
1154.895	0.011192396043217583
1155.039	0.011190648869311367
1155.183	0.011188901695405151
1155.3259999999998	0.011187154521498936
1155.4699999999998	0.011186572130196864
1155.6139999999998	0.011184824956290649
1155.7579999999998	0.011181912999780289
1155.9019999999998	0.011180748217176144
1156.0459999999998	0.011180165825874073
1156.1899999999998	0.011179583434572002
1156.3329999999999	0.011177836260665784
1156.4769999999999	0.011174924304155426
1156.6209999999999	0.011172012347645066
1156.7669999999998	0.011169100391134707
1156.9089999999999	0.011167935608530565
1157.052	0.011167353217228494
1157.197	0.01116677082592642
1157.34	0.011165023652020205
1157.484	0.011163276478113989
1157.628	0.011161529304207773
1157.772	0.011159782130301556
1157.916	0.011158617347697412
1158.059	0.011157452565093269
1158.204	0.01115512299988498
1158.347	0.011151628652072549
1158.491	0.01114813430426012
1158.635	0.011145804739051832
1158.779	0.011145804739051832
1158.923	0.011144639956447688
1159.0659999999998	0.011143475173843544
1159.2099999999998	0.01113881604342697
1159.3539999999998	0.011132409739104178
1159.4979999999998	0.011130662565197963
1159.6419999999998	0.011123673869573098
1159.7849999999999	0.011116102782646166
1159.9299999999998	0.011115520391344095
1160.0729999999999	0.011115520391344095
1160.2169999999999	0.011115520391344095
1160.3609999999999	0.011112026043531661
1160.5049999999999	0.01110853169571923
1160.649	0.01110853169571923
1160.792	0.011107366913115087
1160.937	0.011107366913115087
1161.081	0.011107366913115087
1161.224	0.011107366913115087
1161.368	0.011107366913115087
1161.513	0.011107366913115087
1161.657	0.011105619739208872
1161.8	0.011105619739208872
1161.943	0.011105619739208872
1162.087	0.011105619739208872
1162.231	0.011105619739208872
1162.375	0.011102707782698512
1162.519	0.011099795826188152
1162.663	0.011098048652281936
1162.8069999999998	0.011091642347959145
1162.9499999999998	0.011085818434938426
1163.097	0.011082324087125995
1163.2379999999998	0.011078829739313564
1163.3819999999998	0.011074753000199061
1163.5259999999998	0.01107125865238663
1163.6689999999999	0.011070093869782485
1163.8129999999999	0.011064269956761765
1163.9569999999999	0.011059610826345191
1164.1009999999999	0.011057863652438975
1164.245	0.011055534087230688
1164.389	0.011053204522022402
1164.533	0.011049710174209968
1164.676	0.011046215826397539
1164.82	0.011038062348168532
1164.964	0.011030491261241596
1165.108	0.01102874408733538
1165.252	0.011028161696033309
1165.396	0.011026414522127093
1165.54	0.011023502565616735
1165.683	0.01102175539171052
1165.829	0.01101942582650223
1165.971	0.011014184304783584
1166.115	0.01100719560915872
1166.2589999999998	0.011003701261346291
1166.4019999999998	0.011002536478742147
1166.5459999999998	0.011000789304835931
1166.6899999999998	0.01099787734832557
1166.8339999999998	0.010995547783117282
1166.9779999999998	0.010993800609211068
1167.1219999999998	0.010986811913586206
1167.2659999999998	0.010979823217961343
1167.4089999999999	0.010977493652753054
1167.5529999999999	0.010975746478846839
1167.697	0.010973999304940623
1167.841	0.010973416913638552
1167.985	0.010970504957128192
1168.129	0.01096701060931576
1168.273	0.010964098652805402
1168.416	0.010948956478951532
1168.56	0.010934979087701809
1168.704	0.010933814305097664
1168.848	0.010933231913795593
1168.992	0.01093264952249352
1169.135	0.010930319957285231
1169.28	0.010927990392076944
1169.423	0.010925660826868657
1169.567	0.010922166479056226
1169.711	0.010921001696452081
1169.8549999999998	0.010916924957337579
1169.9989999999998	0.010905859522598213
1170.1419999999998	0.010887805392233985
1170.2859999999998	0.010874992783588402
1170.4309999999998	0.010869168870567682
1170.5749999999998	0.010859268218432461
1170.7189999999998	0.010846455609786879
1170.8629999999998	0.010825489522912292
1171.0069999999998	0.010809764957756351
1171.1509999999998	0.01080627060994392
1171.2939999999999	0.010795205175204554
1171.4379999999999	0.010780645392652756
1171.5819999999999	0.0107631736535906
1171.7259999999999	0.010749778653642947
1171.869	0.010746284305830515
1172.014	0.010740460392809795
1172.158	0.010735801262393221
1172.301	0.010734636479789077
1172.445	0.01073230691458079
1172.589	0.010727065392862143
1172.733	0.010722406262445567
1172.876	0.010720659088539352
1173.021	0.010715417566820705
1173.164	0.010707264088591698
1173.308	0.01070202256687305
1173.452	0.010696198653852332
1173.596	0.010695033871248188
1173.74	0.010691539523435756
1173.8839999999998	0.010688627566925398
1174.0269999999998	0.010683968436508824
1174.1709999999998	0.010680474088696393
1174.3149999999998	0.01067989169739432
1174.4589999999998	0.01067989169739432
1174.6029999999998	0.010678726914790175
1174.7469999999998	0.010676979740883958
1174.894	0.010676979740883958
1175.0339999999999	0.010675232566977744
1175.1779999999999	0.010674067784373601
1175.322	0.010674067784373601
1175.466	0.010672320610467384
1175.609	0.010669991045259097
1175.754	0.01066766148005081
1175.897	0.010659508001821803
1176.041	0.010651354523592796
1176.185	0.010648442567082438
1176.329	0.010645530610572078
1176.473	0.01064320104536379
1176.617	0.010636212349738928
1176.76	0.010629223654114065
1176.908	0.01062747648020785
1177.048	0.01062456452369749
1177.192	0.010622817349791274
1177.336	0.010621070175885058
1177.4799999999998	0.010619323001978842
1177.6239999999998	0.010612916697656051
1177.7669999999998	0.010606510393333261
1177.9109999999998	0.010605928002031188
1178.058	0.010605345610729117
1178.1989999999998	0.010603598436822901
1178.3419999999999	0.010601851262916686
1178.4869999999999	0.010601851262916686
1178.6309999999999	0.010600686480312541
1178.774	0.010597774523802183
1178.918	0.010592533002083536
1179.062	0.010587291480364889
1179.206	0.010587291480364889
1179.349	0.010587291480364889
1179.494	0.010585544306458671
1179.637	0.010580302784740026
1179.7649999999999	0.010580302784740026
1179.9089999999999	0.01057506126302138
1180.0529999999999	0.010572149306511019
1180.197	0.010568654958698588
1180.341	0.010565160610886156
1180.484	0.010562248654375796
1180.628	0.010561666263073725
1180.772	0.010559919089167511
1180.916	0.010558171915261295
1181.06	0.010553512784844718
1181.203	0.010549436045730215
1181.348	0.010549436045730215
1181.492	0.010547106480521928
1181.635	0.010543612132709497
1181.779	0.010542447350105353
1181.923	0.010541864958803281
1182.067	0.010541282567501208
1182.2099999999998	0.010541282567501208
1182.3549999999998	0.010540117784897066
1182.4979999999998	0.01053837061099085
1182.6419999999998	0.010537788219688779
1182.7869999999998	0.010536623437084634
1182.9299999999998	0.010533711480574274
1183.0739999999998	0.010531381915365987
1183.2169999999999	0.010531381915365987
1183.3609999999999	0.010530799524063914
1183.5049999999999	0.010530799524063914
1183.649	0.010529052350157699
1183.793	0.01052614039364734
1183.9389999999999	0.010524975611043196
1184.081	0.010522646045834909
1184.224	0.010520316480626622
1184.368	0.010520316480626622
1184.512	0.010517986915418335
1184.656	0.010515074958907975
1184.8	0.010512745393699688
1184.944	0.010509833437189326
1185.088	0.010506921480678968
1185.231	0.010505174306772752
1185.375	0.01050459191547068
1185.519	0.010502844741564465
1185.663	0.010497603219845818
1185.8069999999998	0.010493526480731315
1185.9509999999998	0.010493526480731315
1186.0949999999998	0.010492361698127171
1186.2379999999998	0.01048886735031474
1186.3819999999998	0.010486537785106453
1186.5259999999998	0.010485373002502308
1186.6699999999998	0.010481296263387804
1186.8139999999999	0.010477801915575373
1186.9579999999999	0.010477219524273301
1187.1019999999999	0.010476054741669159
1187.245	0.010474307567762943
1187.389	0.010472560393856727
1187.533	0.010469648437346367
1187.677	0.010467901263440152
1187.821	0.010467901263440152
1187.966	0.010467901263440152
1188.11	0.01046731887213808
1188.254	0.010465571698231865
1188.397	0.01046440691562772
1188.541	0.01046440691562772
1188.685	0.010463824524325649
1188.828	0.01046149495911736
1188.972	0.010459747785211145
1189.116	0.010459747785211145
1189.26	0.010458000611304929
1189.404	0.01045508865479457
1189.549	0.01045217669828421
1189.693	0.010450429524377995
1189.836	0.010447517567867635
1189.9789999999998	0.01044285843745106
1190.1229999999998	0.010440528872242772
1190.2669999999998	0.010438781698336556
1190.4109999999998	0.01043703452443034
1190.5549999999998	0.01043645213312827
1190.6989999999998	0.010434704959222054
1190.8419999999999	0.010431793002711694
1190.9869999999999	0.010430045828805478
1191.1299999999999	0.010428298654899262
1191.274	0.010425386698388902
1191.418	0.010423639524482687
1191.562	0.010423639524482687
1191.706	0.010423639524482687
1191.849	0.010423639524482687
1191.993	0.010423639524482687
1192.137	0.010418980394066111
1192.281	0.010413738872347466
1192.425	0.010413156481045394
1192.569	0.01041199169844125
1192.713	0.010410826915837106
1192.856	0.010410244524535033
1193.003	0.010408497350628817
1193.144	0.010406750176722601
1193.288	0.01040616778542053
1193.4319999999998	0.010405003002816385
1193.5759999999998	0.010403838220212243
1193.7199999999998	0.010403838220212243
1193.8629999999998	0.010401508655003956
1194.0069999999998	0.010398014307191526
1194.1509999999998	0.01039626713328531
1194.2949999999998	0.010393937568077022
1194.4389999999999	0.01039044322026459
1194.5829999999999	0.010388696046358375
1194.7269999999999	0.010388696046358375
1194.87	0.010388696046358375
1195.014	0.010388696046358375
1195.158	0.01038753126375423
1195.302	0.010386366481150086
1195.445	0.010385784089848015
1195.59	0.010385201698545943
1195.734	0.010382872133337655
1195.877	0.010379960176827296
1196.021	0.010376465829014865
1196.165	0.010373553872504505
1196.309	0.010373553872504505
1196.452	0.010372971481202434
1196.597	0.01037238908990036
1196.74	0.01037238908990036
1196.8839999999998	0.010367729959483787
1197.0279999999998	0.010363070829067211
1197.1719999999998	0.010363070829067211
1197.3159999999998	0.01036248843776514
1197.4589999999998	0.010360741263858924
1197.6029999999998	0.010357829307348564
1197.7469999999998	0.010354334959536133
1197.8909999999998	0.010352587785629917
1198.0349999999999	0.010352587785629917
1198.1789999999999	0.010352005394327846
1198.3229999999999	0.010352005394327846
1198.466	0.01035025822042163
1198.61	0.010348511046515414
1198.754	0.010347928655213341
1198.898	0.010346763872609199
1199.042	0.010345599090005054
1199.186	0.01034443430740091
1199.33	0.010343269524796767
1199.473	0.010343269524796767
1199.617	0.010343269524796767
1199.761	0.010342687133494694
1199.905	0.010342687133494694
1200.049	0.010342687133494694
1200.193	0.010342687133494694
1200.337	0.010342687133494694
1200.4799999999998	0.010342687133494694
1200.6239999999998	0.010342687133494694
1200.7679999999998	0.010342687133494694
1200.9119999999998	0.010342687133494694
1201.0559999999998	0.010342687133494694
1201.1999999999998	0.010342687133494694
1201.3429999999998	0.010342687133494694
1201.4869999999999	0.010342687133494694
1201.6309999999999	0.010342687133494694
1201.7749999999999	0.010342687133494694
1201.9189999999999	0.010340939959588479
1202.0639999999999	0.010339775176984336
1202.2069999999999	0.010339775176984336
1202.3509999999999	0.01033802800307812
1202.495	0.010336280829171903
1202.638	0.010336280829171903
1202.783	0.010335698437869831
1202.927	0.010333368872661544
1203.07	0.010329874524849113
1203.214	0.010329874524849113
1203.358	0.010328709742244969
1203.501	0.01032579778573461
1203.646	0.010324050611828395
1203.789	0.010324050611828395
1203.933	0.010318809090109748
1204.077	0.010314732350995243
1204.221	0.010312985177089028
1204.3639999999998	0.010311820394484885
1204.5079999999998	0.010308326046672454
1204.6519999999998	0.010303666916255878
1204.7959999999998	0.010302502133651734
1204.9389999999999	0.010302502133651734
1205.0839999999998	0.010302502133651734
1205.2269999999999	0.01030191974234966
1205.3719999999998	0.01030133735104759
1205.5159999999998	0.010299590177141374
1205.6599999999999	0.010297843003235158
1205.8039999999999	0.010297843003235158
1205.947	0.010296678220631014
1206.091	0.0102949310467248
1206.235	0.010293183872818584
1206.379	0.01029201909021444
1206.523	0.01029201909021444
1206.667	0.010290271916308224
1206.811	0.01028852474240201
1206.954	0.010287942351099939
1207.098	0.010286195177193721
1207.242	0.010284448003287506
1207.386	0.010278041698964714
1207.53	0.010272217785943996
1207.674	0.01027047061203778
1207.818	0.010261734742506703
1207.961	0.01025474604688184
1208.108	0.010254163655579768
1208.2489999999998	0.010252416481673552
1208.3929999999998	0.010250669307767336
1208.5369999999998	0.01024892213386112
1208.6809999999998	0.010247174959954905
1208.8249999999998	0.010243680612142474
1208.9679999999998	0.010240768655632114
1209.1119999999999	0.01023960387302797
1209.2559999999999	0.01023960387302797
1209.3999999999999	0.010234362351309322
1209.5439999999999	0.010229120829590675
1209.6879999999999	0.01022737365568446
1209.8319999999999	0.010223296916569959
1209.975	0.010223296916569959
1210.119	0.010223296916569959
1210.263	0.010223296916569959
1210.407	0.010215143438340952
1210.55	0.01020873713401816
1210.695	0.01020233082969537
1210.838	0.010195924525372577
1210.982	0.01019068300365393
1211.128	0.01018660626453943
1211.27	0.01018427669933114
1211.414	0.010182529525424925
1211.5569999999998	0.010181364742820782
1211.702	0.010173793655893847
1211.8449999999998	0.010165640177664841
1211.9889999999998	0.010161563438550337
1212.1329999999998	0.01015632191683169
1212.2769999999998	0.010152827569019258
1212.4209999999998	0.010152827569019258
1212.5639999999999	0.010152827569019258
1212.7089999999998	0.010151080395113043
1212.8519999999999	0.010146421264696467
1212.9959999999999	0.010142926916884036
1213.1399999999999	0.010139432569071606
1213.2839999999999	0.010130696699540528
1213.4279999999999	0.010124290395217735
1213.571	0.010122543221311519
1213.716	0.010122543221311519
1213.859	0.010122543221311519
1214.003	0.010120796047405303
1214.147	0.010120796047405303
1214.291	0.010120796047405303
1214.435	0.010120796047405303
1214.578	0.01011904887349909
1214.722	0.010117301699592874
1214.866	0.010113807351780442
1215.01	0.010111477786572155
1215.154	0.01010973061266594
1215.298	0.01010390669964522
1215.442	0.010099247569228646
1215.5849999999998	0.010096918004020357
1215.7289999999998	0.010093423656207925
1215.8729999999998	0.010090511699697567
1216.0169999999998	0.010087017351885136
1216.1609999999998	0.010084687786676849
1216.3049999999998	0.010084687786676849
1216.4489999999998	0.010083523004072704
1216.5919999999999	0.010077116699749913
1216.7359999999999	0.010071875178031266
1216.8799999999999	0.010068963221520906
1217.024	0.010066051265010548
1217.168	0.010066051265010548
1217.312	0.010065468873708475
1217.456	0.010065468873708475
1217.599	0.010065468873708475
1217.744	0.010065468873708475
1217.888	0.010058480178083612
1218.031	0.01005149148245875
1218.175	0.010049161917250462
1218.318	0.010047414743344247
1218.462	0.010046249960740102
1218.606	0.010044502786833887
1218.75	0.01004275561292767
1218.894	0.010038678873813168
1219.0369999999998	0.010035766917302808
1219.1819999999998	0.010035184526000735
1219.3259999999998	0.010031690178188304
1219.4689999999998	0.010028778221677945
1219.6129999999998	0.010028778221677945
1219.7569999999998	0.010028195830375874
1219.9009999999998	0.010027613439073803
1220.0439999999999	0.010026448656469658
1220.1909999999998	0.010025283873865514
1220.3319999999999	0.010022954308657227
1220.4759999999999	0.010019459960844796
1220.62	0.010018295178240651
1220.764	0.010015965613032364
1220.908	0.010010724091313717
1221.051	0.010003153004386783
1221.196	0.009990922787043274
1221.339	0.009982186917512195
1221.483	0.009978692569699764
1221.627	0.009975198221887333
1221.771	0.009973451047981117
1221.915	0.009971703874074901
1222.058	0.009970539091470759
1222.202	0.009965879961054181
1222.346	0.009958891265429318
1222.49	0.009955396917616887
1222.618	0.009952484961106529
1222.762	0.009950737787200313
1222.907	0.00995015539589824
1223.0529999999999	0.009948408221992024
1223.194	0.009947243439387882
1223.338	0.009946661048085809
1223.482	0.009944913874179593
1223.626	0.009941419526367162
1223.77	0.00993792517855473
1223.913	0.009935595613346445
1224.0569999999998	0.00993384843944023
1224.2009999999998	0.009930354091627796
1224.3449999999998	0.009923947787305005
1224.4889999999998	0.009918706265586358
1224.6319999999998	0.00991637670037807
1224.7769999999998	0.009914629526471857
1224.9199999999998	0.009912882352565641
1225.0639999999999	0.00990938800475321
1225.2079999999999	0.00990647604824285
1225.3519999999999	0.009905893656940779
1225.4959999999999	0.009905311265638705
1225.639	0.009904146483034563
1225.7839999999999	0.009901816917826274
1225.927	0.00990065213522213
1226.071	0.009900069743920058
1226.215	0.009898322570013843
1226.359	0.009896575396107627
1226.503	0.009895993004805556
1226.646	0.009894828222201411
1226.793	0.009893081048295196
1226.934	0.009890751483086907
1227.078	0.009887257135274477
1227.222	0.009884345178764117
1227.366	0.009883180396159975
1227.5089999999998	0.009881433222253759
1227.6529999999998	0.009879686048347543
1227.7969999999998	0.00987910365704547
1227.9409999999998	0.009876774091837183
1228.0849999999998	0.009873862135326823
1228.2289999999998	0.009870367787514392
1228.3729999999998	0.00986687343970196
1228.5159999999998	0.009865708657097816
1228.6599999999999	0.009864543874493672
1228.8039999999999	0.009862796700587458
1228.9479999999999	0.009861049526681242
1229.0919999999999	0.00985755517886881
1229.2359999999999	0.009854060831056378
1229.3799999999999	0.009852896048452235
1229.524	0.009850566483243946
1229.667	0.009846489744129445
1229.811	0.00984474257022323
1229.955	0.00984474257022323
1230.098	0.009842995396317014
1230.243	0.009840083439806652
1230.386	0.009838336265900437
1230.53	0.009836589091994221
1230.674	0.009834841918088007
1230.818	0.009831929961577647
1230.962	0.009827853222463144
1231.106	0.009824358874650713
1231.25	0.00982086452683828
1231.394	0.00982086452683828
1231.538	0.009819117352932064
1231.6819999999998	0.009817370179025849
1231.8259999999998	0.009815040613817563
1231.9689999999998	0.009813293439911348
1232.1119999999999	0.009811546266005132
1232.2569999999998	0.009809216700796843
1232.3999999999999	0.009806304744286485
1232.5439999999999	0.009803392787776125
1232.6879999999999	0.00980164561386991
1232.8319999999999	0.009801063222567838
1232.9759999999999	0.009795821700849191
1233.119	0.009788250613922255
1233.2669999999998	0.009788250613922255
1233.407	0.009788250613922255
1233.551	0.009788250613922255
1233.695	0.009788250613922255
1233.839	0.009788250613922255
1233.983	0.009788250613922255
1234.126	0.009788250613922255
1234.27	0.009783009092203608
1234.414	0.009783009092203608
1234.558	0.009783009092203608
1234.702	0.009783009092203608
1234.846	0.009779514744391177
1234.9889999999998	0.009779514744391177
1235.1329999999998	0.009777767570484961
1235.2769999999998	0.009775438005276674
1235.4209999999998	0.009773690831370458
1235.5649999999998	0.009772526048766314
1235.7089999999998	0.009769614092255956
1235.8529999999998	0.009764954961839378
1235.9959999999999	0.009761460614026949
1236.1399999999999	0.009760878222724877
1236.2839999999999	0.009759131048818662
1236.4279999999999	0.009753889527100015
1236.572	0.009749230396683439
1236.716	0.009747483222777222
1236.859	0.009743406483662719
1237.003	0.009739912135850287
1237.147	0.009739912135850287
1237.291	0.009738164961944074
1237.435	0.009736417788037858
1237.579	0.009735253005433714
1237.723	0.00973408822282957
1237.866	0.009733505831527498
1238.01	0.009733505831527498
1238.154	0.009733505831527498
1238.301	0.009732923440225427
1238.442	0.009732923440225427
1238.586	0.009731758657621282
1238.7289999999998	0.009731758657621282
1238.8729999999998	0.009730593875017138
1239.0169999999998	0.009729429092412993
1239.1609999999998	0.009729429092412993
1239.3049999999998	0.009729429092412993
1239.4489999999998	0.009729429092412993
1239.5929999999998	0.009729429092412993
1239.7359999999999	0.009729429092412993
1239.8799999999999	0.009728264309808849
1240.024	0.00972768191850678
1240.168	0.009725934744600564
1240.312	0.00972476996199642
1240.4569999999999	0.00972476996199642
1240.6	0.009724187570694348
1240.745	0.009722440396788132
1240.888	0.009720693222881917
1241.032	0.009718946048975701
1241.176	0.009717781266371557
1241.32	0.00971545170116327
1241.464	0.00971545170116327
1241.607	0.009713704527257054
1241.751	0.009713704527257054
1241.895	0.009711957353350838
1242.039	0.009710210179444623
1242.183	0.009706715831632191
1242.327	0.00970322148381976
1242.4699999999998	0.009701474309913544
1242.6139999999998	0.0097003095273094
1242.7579999999998	0.0097003095273094
1242.9019999999998	0.009699727136007329
1243.0449999999998	0.009699144744705256
1243.1899999999998	0.009699144744705256
1243.3339999999998	0.009699144744705256
1243.4769999999999	0.009699144744705256
1243.6209999999999	0.009699144744705256
1243.7649999999999	0.009699144744705256
1243.9089999999999	0.009697979962101113
1244.0539999999999	0.009696815179496969
1244.197	0.009696815179496969
1244.34	0.009695650396892824
1244.484	0.00969448561428868
1244.628	0.00969448561428868
1244.772	0.009693903222986609
1244.916	0.009693320831684537
1245.06	0.009693320831684537
1245.204	0.009693320831684537
1245.347	0.009693320831684537
1245.492	0.009693320831684537
1245.636	0.009693320831684537
1245.779	0.009693320831684537
1245.923	0.009693320831684537
1246.067	0.009693320831684537
1246.2099999999998	0.009692156049080393
1246.3539999999998	0.009692156049080393
1246.4979999999998	0.00969099126647625
1246.6419999999998	0.009689244092570035
1246.7859999999998	0.009689244092570035
1246.9299999999998	0.009689244092570035
1247.0739999999998	0.009689244092570035
1247.2169999999999	0.009686914527361746
1247.3629999999998	0.009686332136059675
1247.5049999999999	0.00968516735345553
1247.649	0.00968516735345553
1247.793	0.00968516735345553
1247.937	0.009681673005643099
1248.08	0.009678178657830667
1248.224	0.009676431483924452
1248.368	0.00967584909262238
1248.512	0.009674684310018236
1248.656	0.009673519527414094
1248.8	0.00967293713611202
1248.944	0.009669442788299589
1249.087	0.009665948440487158
1249.232	0.009665366049185086
1249.376	0.009665366049185086
1249.519	0.009664201266580942
1249.663	0.009662454092674726
1249.8069999999998	0.00966070691876851
1249.9499999999998	0.009659542136164368
1250.0939999999998	0.009659542136164368
1250.2379999999998	0.009658377353560225
1250.3819999999998	0.009657212570956081
1250.5259999999998	0.009657212570956081
1250.6699999999998	0.00965663017965401
1250.8139999999999	0.009656047788351937
1250.9569999999999	0.009654300614445721
1251.107	0.009651388657935361
1251.245	0.009651388657935361
1251.389	0.009650223875331217
1251.533	0.00964789431012293
1251.677	0.00964789431012293
1251.82	0.00964789431012293
1251.964	0.009644399962310498
1252.108	0.009644399962310498
1252.252	0.009642652788404283
1252.396	0.009642652788404283
1252.54	0.009642652788404283
1252.684	0.009642652788404283
1252.827	0.009640905614498069
1252.971	0.009640905614498069
1253.115	0.009640905614498069
1253.2589999999998	0.009640905614498069
1253.4029999999998	0.009640905614498069
1253.5469999999998	0.009640905614498069
1253.6899999999998	0.009642652788404283
1253.8339999999998	0.009642652788404283
1253.9779999999998	0.009642652788404283
1254.1219999999998	0.009644399962310498
1254.2659999999998	0.00964789431012293
1254.4099999999999	0.009648476701425001
1254.5539999999999	0.009650223875331217
1254.697	0.009651388657935361
1254.841	0.009654300614445721
1254.985	0.00965663017965401
1255.129	0.00965663017965401
1255.273	0.009658377353560225
1255.417	0.009659542136164368
1255.56	0.00966070691876851
1255.704	0.00966361887527887
1255.848	0.00966361887527887
1255.992	0.00966361887527887
1256.136	0.00966361887527887
1256.28	0.00966361887527887
1256.425	0.009665366049185086
1256.567	0.009665948440487158
1256.711	0.00966361887527887
1256.8549999999998	0.00966361887527887
1256.9989999999998	0.00966361887527887
1257.1429999999998	0.00966361887527887
1257.2869999999998	0.00966361887527887
1257.4299999999998	0.00966361887527887
1257.5739999999998	0.00966361887527887
1257.7179999999998	0.00966361887527887
1257.865	0.00966361887527887
1258.0069999999998	0.00966361887527887
1258.1509999999998	0.00966361887527887
1258.2949999999998	0.00966361887527887
1258.4399999999998	0.00966361887527887
1258.5829999999999	0.00966361887527887
1258.7259999999999	0.00966361887527887
1258.87	0.009665948440487158
1259.014	0.009665948440487158
1259.158	0.009665948440487158
1259.302	0.009665948440487158
1259.445	0.00966361887527887
1259.589	0.00966361887527887
1259.734	0.00966070691876851
1259.878	0.009659542136164368
1260.021	0.009658377353560225
1260.165	0.00965663017965401
1260.308	0.009654300614445721
1260.452	0.009651388657935361
1260.596	0.009650223875331217
1260.74	0.009648476701425001
1260.8839999999998	0.0096443999623105
1261.0279999999998	0.009640905614498069
1261.1709999999998	0.009639740831893924
1261.3159999999998	0.009639740831893924
1261.4589999999998	0.009639158440591853
1261.6029999999998	0.009637411266685637
1261.7469999999998	0.009636246484081493
1261.8909999999998	0.009636246484081493
1262.0349999999999	0.009636246484081493
1262.1779999999999	0.009636246484081493
1262.322	0.009636246484081493
1262.466	0.009635664092779422
1262.61	0.009635081701477349
1262.754	0.009635081701477349
1262.898	0.009633916918873204
1263.041	0.00963275213626906
1263.185	0.009632169744966989
1263.329	0.009630422571060775
1263.473	0.009627510614550413
1263.617	0.009627510614550413
1263.761	0.009625763440644197
1263.905	0.009625763440644197
1264.048	0.009625763440644197
1264.192	0.009625763440644197
1264.336	0.009625763440644197
1264.4799999999998	0.009625763440644197
1264.6239999999998	0.009625763440644197
1264.7679999999998	0.009624016266737982
1264.9119999999998	0.009622269092831766
1265.0559999999998	0.009622269092831766
1265.1989999999998	0.009621104310227623
1265.3429999999998	0.009619357136321408
1265.4889999999998	0.009618774745019336
1265.6309999999999	0.009617027571113119
1265.7749999999999	0.009612368440696545
1265.918	0.009608874092884113
1266.062	0.009608874092884113
1266.206	0.009608291701582042
1266.35	0.009607126918977898
1266.494	0.009605962136373753
1266.638	0.009605962136373753
1266.781	0.009605962136373753
1266.926	0.009605379745071682
1267.069	0.009604797353769609
1267.213	0.009603632571165466
1267.357	0.009603632571165466
1267.501	0.00960188539725925
1267.645	0.00960130300595718
1267.789	0.00960130300595718
1267.933	0.00960130300595718
1268.079	0.00960130300595718
1268.2199999999998	0.00960130300595718
1268.3639999999998	0.009599555832050962
1268.5079999999998	0.009596643875540604
1268.6519999999998	0.009595479092936461
1268.7949999999998	0.009593731919030245
1268.9389999999999	0.009590819962519884
1269.0829999999999	0.009589655179915741
1269.2269999999999	0.009587908006009525
1269.3709999999999	0.009587908006009525
1269.5149999999999	0.009582084092988807
1269.658	0.009576260179968089
1269.8029999999999	0.009576260179968089
1269.946	0.009573348223457727
1270.09	0.009570436266947369
1270.234	0.009570436266947369
1270.378	0.009566941919134937
1270.522	0.009565194745228722
1270.666	0.009565194745228722
1270.81	0.009565194745228722
1270.953	0.009564612353926649
1271.097	0.009562865180020433
1271.241	0.009561118006114219
1271.385	0.009560535614812148
1271.5279999999998	0.009559370832208003
1271.673	0.009556458875697643
1271.8159999999998	0.009553546919187283
1271.9599999999998	0.009551799745281067
1272.1039999999998	0.009551799745281067
1272.2489999999998	0.009553546919187283
1272.3919999999998	0.009553546919187283
1272.5359999999998	0.009553546919187283
1272.6799999999998	0.009551799745281067
1272.8259999999998	0.009550052571374852
1272.971	0.009548887788770707
1273.115	0.009548887788770707
1273.261	0.009548887788770707
1273.398	0.009548887788770707
1273.543	0.009548887788770707
1273.686	0.009548887788770707
1273.831	0.009548887788770707
1273.975	0.009548887788770707
1274.118	0.009548305397468636
1274.262	0.009548887788770707
1274.406	0.009548887788770707
1274.551	0.009548887788770707
1274.693	0.009548887788770707
1274.837	0.009548887788770707
1274.981	0.009548887788770707
1275.125	0.009548305397468636
1275.269	0.009547723006166565
1275.414	0.009546558223562422
1275.5569999999998	0.009545393440958278
1275.7009999999998	0.009544811049656206
1275.8449999999998	0.009543063875749989
1275.9889999999998	0.009539569527937558
1276.1329999999998	0.009536075180125126
1276.2769999999998	0.009534910397520982
1276.4209999999998	0.009534910397520982
1276.5659999999998	0.009534910397520982
1276.7079999999999	0.009534910397520982
1276.8519999999999	0.009534910397520982
1276.9959999999999	0.009534910397520982
1277.139	0.009534910397520982
1277.2839999999999	0.009534910397520982
1277.427	0.009534910397520982
1277.571	0.009534910397520982
1277.715	0.00953432800621891
1277.859	0.009530833658406481
1278.003	0.00952733931059405
1278.147	0.009525592136687832
1278.29	0.009522680180177472
1278.434	0.009520933006271258
1278.578	0.009520933006271258
1278.722	0.009520933006271258
1278.866	0.009520933006271258
1279.01	0.009520933006271258
1279.154	0.009519768223667114
1279.298	0.009519768223667114
1279.4409999999998	0.00951860344106297
1279.5849999999998	0.00951860344106297
1279.7289999999998	0.00951860344106297
1279.8729999999998	0.00951860344106297
1280.0169999999998	0.00951860344106297
1280.1609999999998	0.00951860344106297
1280.3039999999999	0.00951860344106297
1280.4479999999999	0.00951860344106297
1280.5919999999999	0.009518021049760898
1280.7359999999999	0.009518021049760898
1280.8799999999999	0.009515691484552611
1281.024	0.009511032354136036
1281.168	0.009506373223719462
1281.311	0.009504626049813246
1281.455	0.00950287887590703
1281.599	0.009501131702000813
1281.743	0.009500549310698742
1281.887	0.00949996691939667
1282.031	0.00949996691939667
1282.174	0.009498802136792526
1282.318	0.00949705496288631
1282.462	0.00949705496288631
1282.606	0.009496472571584237
1282.75	0.009496472571584237
1282.894	0.009496472571584237
1283.0369999999998	0.009493560615073879
1283.1809999999998	0.009489483875959374
1283.3249999999998	0.009486571919449016
1283.473	0.009484242354240727
1283.6129999999998	0.009483659962938656
1283.7569999999998	0.009483659962938656
1283.9009999999998	0.009482495180334512
1284.0439999999999	0.009480748006428296
1284.1879999999999	0.009476671267313793
1284.3319999999999	0.009472012136897218
1284.4759999999999	0.00946910018038686
1284.619	0.009467353006480644
1284.764	0.009467353006480644
1284.9109999999998	0.009466770615178572
1285.051	0.009466188223876501
1285.195	0.009465023441272357
1285.339	0.00946327626736614
1285.483	0.009462693876064068
1285.627	0.009462693876064068
1285.771	0.009462693876064068
1285.914	0.009462693876064068
1286.058	0.009461529093459924
1286.202	0.00945978191955371
1286.346	0.00945686996304335
1286.49	0.009453958006532991
1286.6329999999998	0.00945337561523092
1286.7779999999998	0.00945337561523092
1286.9209999999998	0.009448716484814344
1287.0649999999998	0.009443474963095697
1287.2089999999998	0.009442892571793624
1287.3529999999998	0.009441145397887409
1287.4969999999998	0.009437651050074977
1287.6399999999999	0.009437651050074977
1287.7849999999999	0.009437651050074977
1287.9289999999999	0.009437651050074977
1288.072	0.009437651050074977
1288.216	0.009434739093564619
1288.36	0.009433574310960475
1288.504	0.009433574310960475
1288.647	0.009433574310960475
1288.792	0.009432991919658403
1288.935	0.009430662354450114
1289.079	0.009428915180543899
1289.223	0.009427750397939756
1289.367	0.00942600322403354
1289.511	0.009425420832731467
1289.654	0.009424256050127325
1289.798	0.00942309126752318
1289.942	0.00942250887622111
1290.086	0.009421926484919036
1290.2299999999998	0.009419596919710749
1290.3739999999998	0.009417267354502462
1290.5179999999998	0.009416684963200389
1290.6609999999998	0.009414937789294173
1290.8049999999998	0.00941377300669003
1290.9489999999998	0.00941377300669003
1291.0929999999998	0.00941377300669003
1291.2369999999999	0.00941377300669003
1291.3809999999999	0.00941377300669003
1291.524	0.00941377300669003
1291.668	0.00941377300669003
1291.812	0.00941377300669003
1291.956	0.00941377300669003
1292.1	0.00941377300669003
1292.244	0.00941377300669003
1292.388	0.009413190615387958
1292.531	0.00941086105017967
1292.6599999999999	0.009409113876273455
1292.8039999999999	0.009406201919763095
1292.9479999999999	0.009403289963252737
1293.0919999999999	0.009403289963252737
1293.2359999999999	0.009402707571950664
1293.3799999999999	0.009402125180648592
1293.523	0.009400960398044448
1293.667	0.009399213224138232
1293.811	0.009397466050232017
1293.955	0.009396301267627874
1294.098	0.009395718876325801
1294.243	0.00939513648502373
1294.386	0.00939513648502373
1294.53	0.00939513648502373
1294.674	0.00939513648502373
1294.818	0.00939513648502373
1294.962	0.00939513648502373
1295.1049999999998	0.009393971702419585
1295.2489999999998	0.009392806919815443
1295.3929999999998	0.00939222452851337
1295.5369999999998	0.009389894963305083
1295.6809999999998	0.009386983006794723
1295.8249999999998	0.009384071050284364
1295.9689999999998	0.009381159093774004
1296.1119999999999	0.009379994311169862
1296.2569999999998	0.009379994311169862
1296.3999999999999	0.00937941191986779
1296.5439999999999	0.009378829528565717
1296.6899999999998	0.009375917572055357
1296.8319999999999	0.009373005615544997
1296.9759999999999	0.009372423224242924
1297.1209999999999	0.00937067605033671
1297.263	0.009368928876430496
1297.407	0.009367181702524279
1297.551	0.009365434528618061
1297.695	0.009363687354711847
1297.839	0.009363687354711847
1297.982	0.009361940180805634
1298.129	0.009361940180805634
1298.27	0.009361940180805634
1298.414	0.009361940180805634
1298.558	0.009363687354711847
1298.702	0.009365434528618061
1298.846	0.009367181702524279
1298.9889999999998	0.009368928876430496
1299.1329999999998	0.009369511267732568
1299.2769999999998	0.00937067605033671
1299.4209999999998	0.009372423224242924
1299.5649999999998	0.009373005615544997
1299.7089999999998	0.009373005615544997
1299.8529999999998	0.009373005615544997
1299.9959999999999	0.009373005615544997
1300.1399999999999	0.009373005615544997
1300.2839999999999	0.009375917572055357
1300.4279999999999	0.009375917572055357
1300.572	0.009375917572055357
1300.716	0.009374752789451213
1300.859	0.009374752789451213
1301.003	0.009377664745961573
1301.147	0.009374752789451213
1301.291	0.009374752789451213
1301.435	0.009373005615544997
1301.579	0.009372423224242924
1301.725	0.00937067605033671
1301.867	0.009369511267732568
1302.011	0.009367181702524279
1302.154	0.009363687354711847
1302.298	0.009361940180805634
1302.442	0.00936135778950356
1302.586	0.009359610615597345
1302.7289999999998	0.009357863441691129
1302.875	0.009356698659086985
1303.0169999999998	0.00935553387648284
1303.1609999999998	0.00935553387648284
1303.3049999999998	0.00935553387648284
1303.4489999999998	0.009354951485180769
1303.5929999999998	0.009354369093878698
1303.7359999999999	0.009353204311274555
1303.8799999999999	0.009353204311274555
1304.024	0.009353204311274555
1304.168	0.009353204311274555
1304.312	0.009353204311274555
1304.456	0.009353204311274555
1304.599	0.009353204311274555
1304.743	0.009353204311274555
1304.887	0.009353204311274555
1305.031	0.009353204311274555
1305.175	0.009353204311274555
1305.319	0.009353204311274555
1305.463	0.009350874746066266
1305.606	0.00934912757216005
1305.75	0.009348545180857978
1305.894	0.009348545180857978
1306.038	0.009348545180857978
1306.1809999999998	0.009348545180857978
1306.3259999999998	0.009348545180857978
1306.4689999999998	0.009347380398253835
1306.6129999999998	0.00934563322434762
1306.7569999999998	0.009345050833045548
1306.9009999999998	0.009345050833045548
1307.0449999999998	0.009345050833045548
1307.1879999999999	0.009345050833045548
1307.3319999999999	0.009345050833045548
1307.4759999999999	0.009345050833045548
1307.62	0.009345050833045548
1307.764	0.009345050833045548
1307.908	0.009345050833045548
1308.052	0.009345050833045548
1308.195	0.009345050833045548
1308.339	0.009345050833045548
1308.483	0.009345050833045548
1308.627	0.009345050833045548
1308.771	0.009345050833045548
1308.915	0.009345050833045548
1309.059	0.009343886050441404
1309.202	0.00934272126783726
1309.346	0.00934272126783726
1309.49	0.00934272126783726
1309.6339999999998	0.00934272126783726
1309.7769999999998	0.00934272126783726
1309.9219999999998	0.009340974093931044
1310.0649999999998	0.009340974093931044
1310.2089999999998	0.009340974093931044
1310.3539999999998	0.009340974093931044
1310.4979999999998	0.009340974093931044
1310.6419999999998	0.009339226920024828
1310.7869999999998	0.009339226920024828
1310.9299999999998	0.009340974093931044
1311.0729999999999	0.009340974093931044
1311.2169999999999	0.009340974093931044
1311.3609999999999	0.009340974093931044
1311.5049999999999	0.009339226920024828
1311.649	0.009340974093931044
1311.792	0.009340974093931044
1311.937	0.009340974093931044
1312.08	0.009340974093931044
1312.224	0.009340974093931044
1312.368	0.00934272126783726
1312.512	0.00934272126783726
1312.656	0.009343886050441404
1312.799	0.009345050833045548
1312.943	0.009345050833045548
1313.09	0.009345050833045548
1313.231	0.009345050833045548
1313.375	0.009345050833045548
1313.519	0.009345050833045548
1313.663	0.009345050833045548
1313.8059999999998	0.009345050833045548
1313.9499999999998	0.009345050833045548
1314.0939999999998	0.009345050833045548
1314.2379999999998	0.009345050833045548
1314.3819999999998	0.009343886050441404
1314.5259999999998	0.00934272126783726
1314.6689999999999	0.00934272126783726
1314.8129999999999	0.00934272126783726
1314.9569999999999	0.009340974093931044
1315.1009999999999	0.009338644528722757
1315.245	0.009336897354816541
1315.389	0.009333985398306181
1315.533	0.009332238224399965
1315.677	0.00933049105049375
1315.82	0.009328743876587534
1315.965	0.009328743876587534
1316.108	0.009328743876587534
1316.252	0.009328161485285463
1316.396	0.009328161485285463
1316.54	0.009327579093983391
1316.683	0.009327579093983391
1316.827	0.009326414311379247
1316.971	0.009326414311379247
1317.115	0.009325249528775103
1317.2579999999998	0.009325249528775103
1317.4029999999998	0.009325249528775103
1317.5459999999998	0.009325249528775103
1317.6899999999998	0.009325249528775103
1317.8349999999998	0.009325249528775103
1317.9779999999998	0.009325249528775103
1318.1219999999998	0.009325249528775103
1318.2649999999999	0.009325249528775103
1318.4099999999999	0.009325249528775103
1318.5529999999999	0.009325249528775103
1318.697	0.009325249528775103
1318.841	0.009325249528775103
1318.985	0.009322919963566816
1319.129	0.009320590398358527
1319.272	0.009319425615754384
1319.417	0.009316513659244026
1319.56	0.009314766485337809
1319.704	0.009314766485337809
1319.8509999999999	0.009313601702733664
1319.992	0.009312436920129522
1320.136	0.009311854528827448
1320.279	0.009310107354921233
1320.423	0.009308360181015017
1320.567	0.009307777789712946
1320.711	0.00930603061580673
1320.8549999999998	0.00930603061580673
1320.9989999999998	0.009304283441900514
1321.1429999999998	0.00930311865929637
1321.2859999999998	0.009300206702786012
1321.4299999999998	0.009300206702786012
1321.5739999999998	0.009298459528879796
1321.7179999999998	0.009298459528879796
1321.8619999999999	0.009298459528879796
1322.0059999999999	0.009298459528879796
1322.1499999999999	0.009298459528879796
1322.293	0.009298459528879796
1322.437	0.009298459528879796
1322.581	0.009298459528879796
1322.725	0.009298459528879796
1322.868	0.009298459528879796
1323.013	0.009298459528879796
1323.156	0.009298459528879796
1323.3	0.009298459528879796
1323.444	0.009298459528879796
1323.588	0.009298459528879796
1323.732	0.009298459528879796
1323.875	0.009298459528879796
1324.019	0.009298459528879796
1324.163	0.009298459528879796
1324.3069999999998	0.009298459528879796
1324.4509999999998	0.009298459528879796
1324.5949999999998	0.009296129963671507
1324.7389999999998	0.00929380039846322
1324.8819999999998	0.00929380039846322
1325.0259999999998	0.00929380039846322
1325.1699999999998	0.009292053224557005
1325.3139999999999	0.009290306050650789
1325.4579999999999	0.009289141268046645
1325.6019999999999	0.009287976485442502
1325.7459999999999	0.009287394094140429
1325.889	0.009287394094140429
1326.033	0.009286811702838358
1326.1779999999999	0.00928448213763007
1326.321	0.009281570181119712
1326.465	0.009281570181119712
1326.609	0.009281570181119712
1326.754	0.00928098778981764
1326.896	0.009279823007213497
1327.04	0.009279823007213497
1327.184	0.009279823007213497
1327.328	0.009279823007213497
1327.472	0.009279823007213497
1327.616	0.009279823007213497
1327.761	0.009279823007213497
1327.904	0.009278658224609352
1328.048	0.009278658224609352
1328.192	0.009278658224609352
1328.336	0.009278658224609352
1328.484	0.009278658224609352
1328.6239999999998	0.009278658224609352
1328.7679999999998	0.009278075833307281
1328.9109999999998	0.009277493442005208
1329.0549999999998	0.009277493442005208
1329.1989999999998	0.009276328659401064
1329.3429999999998	0.009276328659401064
1329.4869999999999	0.009274581485494848
1329.615	0.009273999094192777
1329.7579999999998	0.009273999094192777
1329.9029999999998	0.009272834311588634
1330.0459999999998	0.009271087137682418
1330.1899999999998	0.009270504746380345
1330.3339999999998	0.009269339963776201
1330.4779999999998	0.009270504746380345
1330.6209999999999	0.009270504746380345
1330.7649999999999	0.009270504746380345
1330.9089999999999	0.009270504746380345
1331.0529999999999	0.009270504746380345
1331.197	0.009270504746380345
1331.34	0.009270504746380345
1331.485	0.009270504746380345
1331.628	0.009270504746380345
1331.772	0.009270504746380345
1331.917	0.009270504746380345
1332.06	0.009270504746380345
1332.204	0.009270504746380345
1332.347	0.009269339963776201
1332.492	0.009269339963776201
1332.635	0.009269339963776201
1332.779	0.009264680833359625
1332.923	0.009264680833359625
1333.067	0.009264680833359625
1333.211	0.009264680833359625
1333.3539999999998	0.009264680833359625
1333.4989999999998	0.009264680833359625
1333.6419999999998	0.009264680833359625
1333.7859999999998	0.009264680833359625
1333.9299999999998	0.009264680833359625
1334.0739999999998	0.009264680833359625
1334.2179999999998	0.009260604094245124
1334.3609999999999	0.009264680833359625
1334.5059999999999	0.009269339963776201
1334.649	0.009269339963776201
1334.793	0.009264680833359625
1334.937	0.009264680833359625
1335.081	0.009264680833359625
1335.225	0.009260604094245124
1335.368	0.009260021702943051
1335.512	0.009260021702943051
1335.656	0.009260021702943051
1335.8	0.009260021702943051
1335.944	0.009260021702943051
1336.088	0.009260021702943051
1336.232	0.009260021702943051
1336.375	0.009260021702943051
1336.519	0.009260604094245124
1336.663	0.009264680833359625
1336.8069999999998	0.009269339963776201
1336.9499999999998	0.009269339963776201
1337.0949999999998	0.009271087137682418
1337.2389999999998	0.009272834311588634
1337.3819999999998	0.009273999094192777
1337.5269999999998	0.009273999094192777
1337.6699999999998	0.009273999094192777
1337.8139999999999	0.009273999094192777
1337.9579999999999	0.009273999094192777
1338.1019999999999	0.009273999094192777
1338.2469999999998	0.009273999094192777
1338.389	0.009273999094192777
1338.533	0.009272834311588634
1338.677	0.009271087137682418
1338.821	0.009270504746380345
1338.964	0.009269339963776201
1339.109	0.009264680833359625
1339.253	0.009261186485547196
1339.396	0.009261186485547196
1339.54	0.009261186485547196
1339.684	0.009260604094245124
1339.828	0.009260021702943051
1339.971	0.009260021702943051
1340.115	0.009260021702943051
1340.2589999999998	0.009260021702943051
1340.4029999999998	0.009260021702943051
1340.5469999999998	0.009260021702943051
1340.6909999999998	0.009260021702943051
1340.8349999999998	0.009260021702943051
1340.9779999999998	0.009260021702943051
1341.1219999999998	0.009260021702943051
1341.2659999999998	0.009260021702943051
1341.4099999999999	0.009258856920338907
1341.5539999999999	0.009258856920338907
1341.6979999999999	0.009257109746432691
1341.8419999999999	0.009257109746432691
1341.985	0.009253615398620262
1342.129	0.009250703442109902
1342.273	0.009250703442109902
1342.417	0.009250703442109902
1342.562	0.009247791485599541
1342.705	0.00924429713778711
1342.849	0.009243714746485039
1342.992	0.009243714746485039
1343.139	0.009242549963880894
1343.28	0.009242549963880894
1343.424	0.009242549963880894
1343.568	0.009242549963880894
1343.712	0.009242549963880894
1343.856	0.009242549963880894
1344.0	0.00924138518127675
1344.1429999999998	0.00924138518127675
1344.2869999999998	0.00924138518127675
1344.4309999999998	0.00924138518127675
1344.5759999999998	0.00924138518127675
1344.7189999999998	0.00924138518127675
1344.8629999999998	0.00924138518127675
1345.0079999999998	0.00924138518127675
1345.1499999999999	0.00924138518127675
1345.2949999999998	0.00924138518127675
1345.4389999999999	0.00924138518127675
1345.5829999999999	0.00924138518127675
1345.7269999999999	0.00924138518127675
1345.87	0.00924138518127675
1346.014	0.00924138518127675
1346.158	0.00924138518127675
1346.302	0.00924138518127675
1346.446	0.00924138518127675
1346.59	0.009242549963880894
1346.734	0.009243714746485039
1346.877	0.009243714746485039
1347.021	0.009243714746485039
1347.165	0.009243714746485039
1347.31	0.009243714746485039
1347.453	0.009243714746485039
1347.597	0.009243714746485039
1347.741	0.009243714746485039
1347.8839999999998	0.009243714746485039
1348.0279999999998	0.009242549963880894
1348.1719999999998	0.00924138518127675
1348.3159999999998	0.009240802789974679
1348.4589999999998	0.009240220398672606
1348.6039999999998	0.009240220398672606
1348.7469999999998	0.009237308442162247
1348.8909999999998	0.009233814094349816
1349.0349999999999	0.009233231703047745
1349.1789999999999	0.009231484529141527
1349.3229999999999	0.009228572572631169
1349.466	0.00922566061612081
1349.6109999999999	0.009223913442214593
1349.754	0.009223913442214593
1349.898	0.009223331050912522
1350.042	0.009222748659610449
1350.186	0.009221583877006306
1350.33	0.009220419094402162
1350.473	0.00921983670310009
1350.618	0.00921925431179802
1350.761	0.00921925431179802
1350.905	0.00921925431179802
1351.049	0.009218089529193875
1351.193	0.00921634235528766
1351.336	0.009215759963985588
1351.4799999999998	0.009214595181381444
1351.6239999999998	0.009214595181381444
1351.7679999999998	0.009214595181381444
1351.9119999999998	0.009215759963985588
1352.0559999999998	0.009215759963985588
1352.1999999999998	0.009215759963985588
1352.3439999999998	0.009214595181381444
1352.4879999999998	0.009214595181381444
1352.6309999999999	0.009212265616173155
1352.7749999999999	0.009212265616173155
1352.9189999999999	0.009212265616173155
1353.0629999999999	0.009212265616173155
1353.2069999999999	0.009212265616173155
1353.3509999999999	0.009212265616173155
1353.495	0.009212265616173155
1353.638	0.009212265616173155
1353.782	0.009212265616173155
1353.926	0.009212265616173155
1354.069	0.009212265616173155
1354.213	0.009212265616173155
1354.358	0.009212265616173155
1354.501	0.009212265616173155
1354.645	0.009212265616173155
1354.789	0.009212265616173155
1354.933	0.009212265616173155
1355.0759999999998	0.009212265616173155
1355.221	0.009212265616173155
1355.366	0.009212265616173155
1355.5079999999998	0.009212265616173155
1355.6519999999998	0.009212265616173155
1355.7959999999998	0.009212265616173155
1355.9399999999998	0.009214595181381444
1356.0839999999998	0.00921634235528766
1356.2279999999998	0.00921634235528766
1356.3739999999998	0.00921634235528766
1356.5149999999999	0.00921634235528766
1356.6589999999999	0.00921634235528766
1356.8029999999999	0.009218089529193875
1356.947	0.00921925431179802
1357.09	0.00921925431179802
1357.234	0.00921925431179802
1357.378	0.00921925431179802
1357.522	0.00921925431179802
1357.666	0.00921925431179802
1357.81	0.00921925431179802
1357.954	0.00921925431179802
1358.098	0.00921925431179802
1358.241	0.00921925431179802
1358.385	0.00921925431179802
1358.529	0.00921925431179802
1358.673	0.00921925431179802
1358.817	0.00921925431179802
1358.961	0.00921925431179802
1359.1039999999998	0.00921925431179802
1359.2479999999998	0.00921925431179802
1359.3919999999998	0.00921925431179802
1359.5359999999998	0.00921925431179802
1359.6789999999999	0.00921925431179802
1359.8239999999998	0.00921925431179802
1359.9669999999999	0.00921925431179802
1360.1109999999999	0.00921925431179802
1360.2549999999999	0.00921983670310009
1360.399	0.00921983670310009
1360.543	0.00921983670310009
1360.687	0.00921983670310009
1360.831	0.00921983670310009
1360.974	0.009221583877006306
1361.118	0.009222748659610449
1361.262	0.009222748659610449
1361.406	0.009223331050912522
1361.55	0.009223331050912522
1361.693	0.009223331050912522
1361.838	0.009223331050912522
1361.981	0.009223331050912522
1362.125	0.009223331050912522
1362.269	0.009223331050912522
1362.413	0.009221583877006306
1362.5569999999998	0.00921983670310009
1362.6999999999998	0.00921983670310009
1362.8449999999998	0.00921925431179802
1362.9889999999998	0.00921925431179802
1363.1329999999998	0.009218089529193875
1363.2769999999998	0.00921634235528766
1363.4209999999998	0.009214595181381444
1363.5649999999998	0.009212265616173155
1363.7079999999999	0.009211100833569012
1363.8519999999999	0.009209353659662797
1363.9959999999999	0.009207024094454508
1364.1399999999999	0.009206441703152437
1364.2839999999999	0.009206441703152437
1364.4279999999999	0.009205276920548292
1364.572	0.00920411213794415
1364.715	0.009203529746642078
1364.859	0.009201782572735863
1365.003	0.009200617790131718
1365.147	0.009200035398829647
1365.291	0.009198288224923431
1365.437	0.009195376268413071
1365.578	0.009195376268413071
1365.722	0.009195376268413071
1365.866	0.009195376268413071
1366.01	0.009195376268413071
1366.154	0.009193629094506856
1366.298	0.009193629094506856
1366.442	0.009193046703204784
1366.586	0.009193046703204784
1366.7289999999998	0.009193046703204784
1366.8729999999998	0.009191299529298569
1367.0169999999998	0.009190134746694424
1367.1599999999999	0.009189552355392351
1367.3049999999998	0.00918896996409028
1367.4489999999998	0.00918896996409028
1367.5919999999999	0.00918896996409028
1367.7359999999999	0.00918896996409028
1367.8799999999999	0.00918896996409028
1368.024	0.00918896996409028
1368.167	0.00918896996409028
1368.311	0.00918896996409028
1368.4569999999999	0.00918896996409028
1368.599	0.00918896996409028
1368.743	0.009189552355392351
1368.887	0.009189552355392351
1369.031	0.009189552355392351
1369.174	0.009190134746694424
1369.319	0.009191299529298569
1369.462	0.009191299529298569
1369.606	0.009190134746694424
1369.75	0.009189552355392351
1369.894	0.00918896996409028
1370.038	0.00918896996409028
1370.1809999999998	0.00918896996409028
1370.3249999999998	0.00918896996409028
1370.4689999999998	0.00918896996409028
1370.6129999999998	0.009187222790184064
1370.7569999999998	0.009187222790184064
1370.9009999999998	0.009187222790184064
1371.0449999999998	0.009184310833673704
1371.1879999999999	0.00918256365976749
1371.3319999999999	0.009181981268465419
1371.4759999999999	0.009180816485861274
1371.62	0.009180816485861274
1371.764	0.009178486920652987
1371.908	0.009177322138048843
1372.052	0.009176739746746772
1372.195	0.009176157355444699
1372.339	0.009176157355444699
1372.483	0.009174992572840556
1372.627	0.009173827790236412
1372.77	0.009173827790236412
1372.915	0.00917324539893434
1373.058	0.009172663007632267
1373.202	0.009172663007632267
1373.346	0.009172663007632267
1373.494	0.009171498225028125
1373.6339999999998	0.00917033344242398
1373.7769999999998	0.009168003877215693
1373.9219999999998	0.009165674312007405
1374.0649999999998	0.009165674312007405
1374.2089999999998	0.009165674312007405
1374.3529999999998	0.009164509529403262
1374.4969999999998	0.00916101518159083
1374.6409999999998	0.009156938442476326
1374.7839999999999	0.009154026485965968
1374.9279999999999	0.009152279312059752
1375.072	0.009152279312059752
1375.216	0.009152279312059752
1375.36	0.009148784964247321
1375.504	0.009145873007736961
1375.648	0.009142961051226601
1375.791	0.00914004909471624
1375.935	0.00914004909471624
1376.079	0.00914004909471624
1376.223	0.00914004909471624
1376.367	0.00913946670341417
1376.511	0.009137719529507954
1376.655	0.009136554746903811
1376.798	0.009136554746903811
1376.942	0.009135972355601738
1377.086	0.009135972355601738
1377.2299999999998	0.009134225181695522
1377.3739999999998	0.009133060399091378
1377.5179999999998	0.009133060399091378
1377.6619999999998	0.009131313225185164
1377.8049999999998	0.009129566051278949
1377.9489999999998	0.009128983659976875
1378.0929999999998	0.00912723648607066
1378.2369999999999	0.0091243245295603
1378.3809999999999	0.009122577355654084
1378.5249999999999	0.009121994964352013
1378.668	0.009121412573049941
1378.812	0.00911791822523751
1378.956	0.00911791822523751
1379.1	0.009113259094820934
1379.244	0.009112094312216792
1379.388	0.009112094312216792
1379.532	0.009110929529612647
1379.675	0.009107435181800214
1379.819	0.009102193660081567
1379.963	0.009102193660081567
1380.107	0.009102193660081567
1380.251	0.009102193660081567
1380.396	0.009102193660081567
1380.54	0.009102193660081567
1380.683	0.009102193660081567
1380.827	0.009102193660081567
1380.971	0.009107435181800214
1381.115	0.009102193660081567
1381.2579999999998	0.009102193660081567
1381.4019999999998	0.009102193660081567
1381.5459999999998	0.009102193660081567
1381.6899999999998	0.009102193660081567
1381.8339999999998	0.009106852790498145
1381.9779999999998	0.009109182355706432
1382.1219999999998	0.009110929529612647
1382.2649999999999	0.009110929529612647
1382.4089999999999	0.009110929529612647
1382.5529999999999	0.009112094312216792
1382.697	0.009112094312216792
1382.841	0.009112094312216792
1382.985	0.009112094312216792
1383.129	0.009110929529612647
1383.272	0.009110929529612647
1383.416	0.009110929529612647
1383.5629999999999	0.009110929529612647
1383.704	0.009110929529612647
1383.847	0.009109182355706432
1383.992	0.009106852790498145
1384.135	0.009109182355706432
1384.279	0.009109182355706432
1384.423	0.009109182355706432
1384.567	0.009109182355706432
1384.711	0.00910859996440436
1384.8549999999998	0.009106852790498145
1384.9989999999998	0.009106852790498145
1385.1419999999998	0.009106852790498145
1385.2859999999998	0.009106852790498145
1385.4299999999998	0.009106852790498145
1385.5739999999998	0.009106852790498145
1385.7189999999998	0.009106852790498145
1385.8609999999999	0.009106852790498145
1386.0059999999999	0.009106852790498145
1386.1499999999999	0.009106852790498145
1386.293	0.009106852790498145
1386.437	0.009106852790498145
1386.581	0.009102193660081567
1386.725	0.009102193660081567
1386.868	0.009102193660081567
1387.012	0.009102193660081567
1387.156	0.009102193660081567
1387.3	0.009102193660081567
1387.444	0.009102193660081567
1387.588	0.009102193660081567
1387.732	0.009102193660081567
1387.875	0.009102193660081567
1388.019	0.009102193660081567
1388.166	0.009102193660081567
1388.3069999999998	0.009102193660081567
1388.4499999999998	0.009102193660081567
1388.5949999999998	0.009102193660081567
1388.7389999999998	0.009102193660081567
1388.8819999999998	0.009099281703571209
1389.0259999999998	0.009099281703571209
1389.1699999999998	0.009099281703571209
1389.3139999999999	0.009099281703571209
1389.4569999999999	0.009098699312269136
1389.6019999999999	0.009098116920967065
1389.745	0.009098699312269136
1389.889	0.009098699312269136
1390.033	0.009098699312269136
1390.177	0.009099281703571209
1390.321	0.009099281703571209
1390.464	0.009102193660081567
1390.609	0.009105105616591927
1390.753	0.009105688007893999
1390.896	0.009105688007893999
1391.04	0.009105688007893999
1391.184	0.009105688007893999
1391.328	0.009105688007893999
1391.471	0.009105105616591927
1391.616	0.009105105616591927
1391.7589999999998	0.009105105616591927
1391.9029999999998	0.009105105616591927
1392.0469999999998	0.009105688007893999
1392.1909999999998	0.009105688007893999
1392.3349999999998	0.009107435181800216
1392.4779999999998	0.009107435181800216
1392.6229999999998	0.00910859996440436
1392.7659999999998	0.009109182355706432
1392.9099999999999	0.009109182355706432
1393.0539999999999	0.009109182355706432
1393.1979999999999	0.009109182355706432
1393.3419999999999	0.009109182355706432
1393.485	0.009110929529612647
1393.629	0.009112094312216792
1393.773	0.009112094312216792
1393.917	0.009113259094820934
1394.061	0.00911791822523751
1394.205	0.009121994964352013
1394.349	0.009122577355654084
1394.492	0.009123742138258228
1394.636	0.009124906920862373
1394.78	0.009125489312164444
1394.924	0.009127818877372733
1395.068	0.009129566051278949
1395.212	0.009129566051278949
1395.3549999999998	0.009130730833883091
1395.4989999999998	0.009132478007789307
1395.6429999999998	0.009134225181695522
1395.7869999999998	0.009135972355601738
1395.9309999999998	0.009135972355601738
1396.0749999999998	0.009136554746903811
1396.2189999999998	0.009136554746903811
1396.3639999999998	0.009136554746903811
1396.5059999999999	0.009138301920810027
1396.6499999999999	0.009138301920810027
1396.7939999999999	0.009138301920810027
1396.937	0.009138301920810027
1397.0819999999999	0.009138301920810027
1397.2259999999999	0.009138301920810027
1397.369	0.009142961051226601
1397.513	0.009147037790341105
1397.657	0.00914820257294525
1397.802	0.009148784964247321
1397.945	0.009150532138153535
1398.09	0.009152279312059752
1398.233	0.009152279312059752
1398.377	0.009154026485965968
1398.521	0.009155773659872184
1398.665	0.0091575208337784
1398.809	0.009160432790288758
1398.952	0.009160432790288758
1399.097	0.009163927138101189
1399.241	0.009166256703309478
1399.3839999999998	0.009166256703309478
1399.5279999999998	0.009166256703309478
1399.673	0.009166256703309478
1399.8159999999998	0.009168003877215693
1399.9599999999998	0.009168003877215693
1400.1039999999998	0.009168003877215693
1400.2469999999998	0.009168003877215693
1400.3909999999998	0.009168003877215693
1400.5349999999999	0.009169751051121909
1400.6789999999999	0.00917033344242398
1400.8229999999999	0.009172080616330196
1400.966	0.009172080616330196
1401.11	0.009172080616330196
1401.254	0.009172080616330196
1401.398	0.009174992572840556
1401.542	0.009176739746746772
1401.6889999999999	0.009176739746746772
1401.83	0.009176739746746772
1401.973	0.009176739746746772
1402.117	0.009174992572840556
1402.261	0.009172080616330196
1402.405	0.009172080616330196
1402.548	0.009172080616330196
1402.693	0.009174992572840556
1402.837	0.009175574964142627
1402.9799999999998	0.009177322138048843
1403.1239999999998	0.009177322138048843
1403.2679999999998	0.009177322138048843
1403.4119999999998	0.009177322138048843
1403.5549999999998	0.009177322138048843
1403.6999999999998	0.009177322138048843
1403.8439999999998	0.009177322138048843
1403.9869999999999	0.009177322138048843
1404.1309999999999	0.009177322138048843
1404.2749999999999	0.009177322138048843
1404.4189999999999	0.009177322138048843
1404.5629999999999	0.009177322138048843
1404.7069999999999	0.009177322138048843
1404.85	0.009177322138048843
1404.994	0.009177322138048843
1405.138	0.009177322138048843
1405.282	0.009177322138048843
1405.426	0.009177322138048843
1405.569	0.009177322138048843
1405.713	0.009177322138048843
1405.857	0.009177322138048843
1406.001	0.009175574964142627
1406.145	0.009172080616330196
1406.289	0.009172080616330196
1406.433	0.009172080616330196
1406.5759999999998	0.009172080616330196
1406.7199999999998	0.009172080616330196
1406.8639999999998	0.009172080616330196
1407.0079999999998	0.009169751051121909
1407.1519999999998	0.009169751051121909
1407.2959999999998	0.009169751051121909
1407.4399999999998	0.009169751051121909
1407.5849999999998	0.009169751051121909
1407.7269999999999	0.009169751051121909
1407.8709999999999	0.009169751051121909
1408.0149999999999	0.009169751051121909
1408.1589999999999	0.009169751051121909
1408.3029999999999	0.009169751051121909
1408.447	0.009169751051121909
1408.59	0.009169751051121909
1408.735	0.009169751051121909
1408.878	0.009169751051121909
1409.022	0.009169751051121909
1409.166	0.009169751051121909
1409.31	0.009169751051121909
1409.453	0.009168003877215693
1409.597	0.009166256703309478
1409.741	0.009163927138101189
1409.885	0.009162179964194973
1410.029	0.009159268007684615
1410.173	0.009152861703361822
1410.317	0.009148784964247321
1410.461	0.00914820257294525
1410.6039999999998	0.009147037790341105
1410.7489999999998	0.009142961051226601
1410.8919999999998	0.00914004909471624
1411.0349999999999	0.00913946670341417
1411.1799999999998	0.009137719529507954
1411.3239999999998	0.009136554746903811
1411.4669999999999	0.009136554746903811
1411.6109999999999	0.009134807572997596
1411.7549999999999	0.009132478007789307
1411.899	0.009130730833883091
1412.043	0.009129566051278949
1412.187	0.009127818877372733
1412.331	0.009125489312164444
1412.474	0.009124906920862373
1412.618	0.009124906920862373
1412.762	0.009124906920862373
1412.906	0.009125489312164444
1413.049	0.009124906920862373
1413.194	0.009124906920862373
1413.337	0.009125489312164444
1413.481	0.009125489312164444
1413.625	0.009125489312164444
1413.77	0.009127818877372733
1413.913	0.009127818877372733
1414.0559999999998	0.009127818877372733
1414.2009999999998	0.009125489312164444
1414.3439999999998	0.009125489312164444
1414.4879999999998	0.009124906920862373
1414.6319999999998	0.009124906920862373
1414.7759999999998	0.009125489312164444
1414.9199999999998	0.009125489312164444
1415.0629999999999	0.009125489312164444
1415.2079999999999	0.009125489312164444
1415.3519999999999	0.009127818877372733
1415.4959999999999	0.009127818877372733
1415.6399999999999	0.009127818877372733
1415.7839999999999	0.009127818877372733
1415.9279999999999	0.009127818877372733
1416.071	0.009127818877372733
1416.215	0.00912723648607066
1416.359	0.00912723648607066
1416.503	0.00912723648607066
1416.647	0.009124906920862373
1416.791	0.009124906920862373
1416.935	0.009124906920862373
1417.078	0.009124906920862373
1417.223	0.009124906920862373
1417.366	0.009124906920862373
1417.51	0.009124906920862373
1417.654	0.009124906920862373
1417.798	0.009124906920862373
1417.942	0.009124906920862373
1418.0849999999998	0.009124906920862373
1418.2289999999998	0.009124906920862373
1418.3729999999998	0.009124906920862373
1418.521	0.009124906920862373
1418.6599999999999	0.009124906920862373
1418.8049999999998	0.009124906920862373
1418.9489999999998	0.009124906920862373
1419.0919999999999	0.009124906920862373
1419.2359999999999	0.009123742138258228
1419.3799999999999	0.009119083007841653
1419.524	0.009113841486123007
1419.667	0.009110347138310576
1419.812	0.00910859996440436
1419.956	0.00910859996440436
1420.099	0.009107435181800216
1420.243	0.009107435181800216
1420.387	0.009107435181800216
1420.531	0.009107435181800216
1420.674	0.009107435181800216
1420.819	0.009107435181800216
1420.962	0.009107435181800216
1421.106	0.00910859996440436
1421.25	0.009110347138310576
1421.396	0.009113841486123007
1421.538	0.009119083007841653
1421.6809999999998	0.009119083007841653
1421.8259999999998	0.009123742138258228
1421.9689999999998	0.009124906920862373
1422.1129999999998	0.009124906920862373
1422.2569999999998	0.009124906920862373
1422.4009999999998	0.009124906920862373
1422.5449999999998	0.009124906920862373
1422.6879999999999	0.009124906920862373
1422.8329999999999	0.009124906920862373
1422.9759999999999	0.009124906920862373
1423.12	0.009124906920862373
1423.264	0.009124906920862373
1423.408	0.009124906920862373
1423.552	0.009124906920862373
1423.695	0.009124906920862373
1423.839	0.00912723648607066
1423.983	0.009130730833883091
1424.127	0.009132478007789307
1424.271	0.009135972355601738
1424.415	0.00913946670341417
1424.559	0.00914004909471624
1424.702	0.009141213877320385
1424.846	0.009144125833830745
1424.99	0.009144125833830745
1425.1339999999998	0.009144125833830745
1425.2779999999998	0.009144125833830745
1425.4219999999998	0.009144125833830745
1425.5659999999998	0.009144125833830745
1425.7089999999998	0.009144125833830745
1425.8529999999998	0.009144125833830745
1425.9969999999998	0.009144125833830745
1426.1409999999998	0.009144125833830745
1426.2849999999999	0.009144125833830745
1426.4309999999998	0.009144125833830745
1426.5739999999998	0.009144125833830745
1426.716	0.009144125833830745
1426.86	0.009144125833830745
1427.004	0.009144125833830745
1427.148	0.009144125833830745
1427.291	0.009144125833830745
1427.436	0.009144125833830745
1427.58	0.009144125833830745
1427.723	0.009144125833830745
1427.868	0.009144125833830745
1428.012	0.009144125833830745
1428.155	0.009144125833830745
1428.298	0.009144125833830745
1428.442	0.009144125833830745
1428.586	0.009144125833830745
1428.7299999999998	0.009144125833830745
1428.876	0.009144125833830745
1429.0179999999998	0.009144125833830745
1429.1619999999998	0.009144125833830745
1429.3049999999998	0.009144125833830745
1429.4489999999998	0.009144125833830745
1429.5929999999998	0.009144125833830745
1429.7369999999999	0.009144125833830745
1429.8809999999999	0.009144125833830745
1430.0249999999999	0.009144125833830745
1430.1689999999999	0.009144125833830745
1430.312	0.009141213877320385
1430.456	0.00914004909471624
1430.6	0.00913946670341417
1430.744	0.00913946670341417
1430.888	0.009135972355601738
1431.032	0.009132478007789307
1431.176	0.009132478007789307
1431.319	0.009128401268674804
1431.463	0.009132478007789307
1431.607	0.009132478007789307
1431.751	0.009128401268674804
1431.895	0.009128401268674804
1432.039	0.009124906920862373
1432.1819999999998	0.009124906920862373
1432.3259999999998	0.009124906920862373
1432.4699999999998	0.009124906920862373
1432.6139999999998	0.009123742138258228
1432.7589999999998	0.009122577355654084
1432.9029999999998	0.009120247790445797
1433.0469999999998	0.009116753442633366
1433.195	0.009116753442633366
1433.3339999999998	0.009116753442633366
1433.4779999999998	0.009116753442633366
1433.6219999999998	0.009116753442633366
1433.7659999999998	0.009116753442633366
1433.9099999999999	0.009116753442633366
1434.0529999999999	0.009116753442633366
1434.197	0.009116753442633366
1434.341	0.009116753442633366
1434.485	0.009113841486123007
1434.629	0.009113841486123007
1434.773	0.009113841486123007
1434.917	0.009112094312216792
1435.06	0.009112094312216792
1435.204	0.009112094312216792
1435.348	0.009109182355706432
1435.492	0.009105688007893999
1435.636	0.009102193660081567
1435.779	0.009099281703571209
1435.924	0.009098699312269136
1436.067	0.009098116920967065
1436.211	0.009098116920967065
1436.3549999999998	0.009096952138362922
1436.4989999999998	0.009093457790550492
1436.6429999999998	0.00908996344273806
1436.7859999999998	0.009088216268831842
1436.9299999999998	0.00908763387752977
1437.0739999999998	0.00908763387752977
1437.2179999999998	0.009086469094925628
1437.3619999999999	0.00908064518190491
1437.5059999999999	0.009072491703675903
1437.6499999999999	0.0090684149645614
1437.793	0.009067832573259329
1437.9389999999999	0.009066667790655184
1438.081	0.009064920616748968
1438.225	0.009064338225446895
1438.369	0.009063173442842753
1438.513	0.009061426268936537
1438.657	0.009059679095030321
1438.8	0.009058514312426177
1438.944	0.009058514312426177
1439.088	0.009058514312426177
1439.232	0.009057931921124106
1439.376	0.00905618474721789
1439.52	0.009054437573311674
1439.664	0.009054437573311674
1439.8069999999998	0.009053855182009601
1439.9509999999998	0.009053855182009601
1440.0949999999998	0.009050943225499243
1440.2389999999998	0.009050943225499243
1440.3829999999998	0.009050943225499243
1440.5269999999998	0.009048031268988883
1440.6709999999998	0.009048031268988883
1440.8139999999999	0.009047448877686812
1440.9579999999999	0.009045701703780596
1441.1019999999999	0.009041624964666092
1441.2459999999999	0.009038713008155733
1441.389	0.009036965834249518
1441.5339999999999	0.009035218660343302
1441.677	0.009035218660343302
1441.821	0.009034636269041229
1441.966	0.009034053877739158
1442.11	0.009032889095135013
1442.254	0.009029977138624655
1442.396	0.009027647573416366
1442.54	0.00902590039951015
1442.684	0.009024735616906008
1442.828	0.009024735616906008
1442.972	0.009024735616906008
1443.116	0.009022988442999792
1443.26	0.009021241269093577
1443.4029999999998	0.009021241269093577
1443.5469999999998	0.009018911703885288
1443.6909999999998	0.009018911703885288
1443.8349999999998	0.009014834964770785
1443.9789999999998	0.00901308779086457
1444.1229999999998	0.009011923008260425
1444.2669999999998	0.009010758225656283
1444.4109999999998	0.009010758225656283
1444.5539999999999	0.009009593443052138
1444.6979999999999	0.009009593443052138
1444.8419999999999	0.009006681486541778
1444.9859999999999	0.009003187138729347
1445.1299999999999	0.009003187138729347
1445.273	0.009003187138729347
1445.417	0.009001439964823131
1445.561	0.00900085757352106
1445.705	0.00899736322570863
1445.849	0.00899736322570863
1445.993	0.00899445126919827
1446.137	0.00899445126919827
1446.28	0.00899445126919827
1446.424	0.00899445126919827
1446.568	0.00899445126919827
1446.712	0.00899445126919827
1446.8549999999998	0.00899445126919827
1447.002	0.00899445126919827
1447.1429999999998	0.00899445126919827
1447.288	0.00899445126919827
1447.4309999999998	0.00899445126919827
1447.5749999999998	0.00899445126919827
1447.7189999999998	0.00899445126919827
1447.8619999999999	0.00899445126919827
1448.0059999999999	0.008993868877896199
1448.1499999999999	0.008993286486594126
1448.2939999999999	0.00899153931268791
1448.4379999999999	0.008988627356177552
1448.5819999999999	0.008986880182271336
1448.7259999999999	0.00898513300836512
1448.869	0.008983968225760976
1449.014	0.008983385834458905
1449.157	0.008983385834458905
1449.3029999999999	0.008981638660552687
1449.445	0.008978726704042327
1449.589	0.008978726704042327
1449.733	0.008976397138834042
1449.876	0.008975814747531969
1450.02	0.008975814747531969
1450.165	0.008975814747531969
1450.309	0.00897348518232368
1450.453	0.008971155617115393
1450.597	0.008971155617115393
1450.741	0.008970573225813322
1450.8839999999998	0.00896999083451125
1451.0279999999998	0.00896999083451125
1451.1719999999998	0.008968826051907106
1451.3159999999998	0.00896707887800089
1451.4599999999998	0.00896649648669882
1451.6039999999998	0.008965331704094675
1451.7479999999998	0.00896416692149053
1451.8909999999998	0.008962419747584315
1452.0349999999999	0.008962419747584315
1452.1789999999999	0.008962419747584315
1452.3229999999999	0.00896416692149053
1452.466	0.00896416692149053
1452.61	0.00896416692149053
1452.754	0.00896416692149053
1452.898	0.00896416692149053
1453.042	0.00896416692149053
1453.186	0.00896416692149053
1453.33	0.00896416692149053
1453.474	0.00896416692149053
1453.618	0.00896416692149053
1453.761	0.00896416692149053
1453.905	0.00896416692149053
1454.049	0.00896416692149053
1454.193	0.00896416692149053
1454.337	0.00896416692149053
1454.4799999999998	0.00896416692149053
1454.6239999999998	0.00896416692149053
1454.7679999999998	0.00896416692149053
1454.9119999999998	0.00896416692149053
1455.0559999999998	0.00896416692149053
1455.1999999999998	0.00896416692149053
1455.3439999999998	0.00896416692149053
1455.4869999999999	0.00896416692149053
1455.6309999999999	0.00896416692149053
1455.7749999999999	0.00896416692149053
1455.9189999999999	0.00896416692149053
1456.0649999999998	0.00896416692149053
1456.2069999999999	0.00896416692149053
1456.3509999999999	0.00896416692149053
1456.494	0.00896416692149053
1456.638	0.00896416692149053
1456.782	0.00896416692149053
1456.926	0.00896416692149053
1457.069	0.00896416692149053
1457.214	0.00896416692149053
1457.358	0.00896416692149053
1457.501	0.00896416692149053
1457.645	0.00896416692149053
1457.789	0.00896416692149053
1457.933	0.00896416692149053
1458.0759999999998	0.00896416692149053
1458.221	0.00896416692149053
1458.3639999999998	0.00896416692149053
1458.5079999999998	0.00896416692149053
1458.6519999999998	0.00896416692149053
1458.7959999999998	0.00896416692149053
1458.9399999999998	0.00896416692149053
1459.0829999999999	0.008962419747584315
1459.2279999999998	0.0089606725736781
1459.3709999999999	0.008960090182376028
1459.5149999999999	0.008960090182376028
1459.6589999999999	0.008959507791073957
1459.8029999999999	0.008959507791073957
1459.947	0.008960090182376028
1460.09	0.0089606725736781
1460.234	0.008962419747584315
1460.378	0.008962419747584315
1460.522	0.00896416692149053
1460.666	0.008965331704094675
1460.81	0.00896416692149053
1460.954	0.008965331704094675
1461.097	0.008965331704094675
1461.241	0.008965331704094675
1461.385	0.008965331704094675
1461.529	0.008965331704094675
1461.673	0.008965331704094675
1461.817	0.008965331704094675
1461.9599999999998	0.00896416692149053
1462.1039999999998	0.008962419747584315
1462.2479999999998	0.0089606725736781
1462.3919999999998	0.0089606725736781
1462.5359999999998	0.0089606725736781
1462.6799999999998	0.0089606725736781
1462.8239999999998	0.008962419747584315
1462.9679999999998	0.008962419747584315
1463.1109999999999	0.008962419747584315
1463.2549999999999	0.0089606725736781
1463.399	0.008960090182376028
1463.5469999999998	0.008959507791073957
1463.687	0.008959507791073957
1463.83	0.008958343008469812
1463.974	0.008958343008469812
1464.118	0.008957178225865668
1464.262	0.008957178225865668
1464.406	0.008956595834563597
1464.549	0.00895484866065738
1464.694	0.008953101486751165
1464.837	0.00895135431284495
1464.983	0.00895135431284495
1465.125	0.00895135431284495
1465.269	0.00895135431284495
1465.413	0.008949607138938734
1465.5559999999998	0.008949607138938734
1465.7009999999998	0.008949607138938734
1465.8449999999998	0.00895135431284495
1465.9879999999998	0.008949607138938734
1466.1319999999998	0.008949607138938734
1466.2759999999998	0.008947277573730445
1466.4199999999998	0.008947277573730445
1466.5649999999998	0.008947277573730445
1466.7079999999999	0.00894553039982423
1466.8509999999999	0.008944365617220087
1466.995	0.008944365617220087
1467.139	0.00894553039982423
1467.283	0.00894553039982423
1467.427	0.008944365617220087
1467.57	0.008942618443313871
1467.715	0.0089420360520118
1467.859	0.0089420360520118
1468.003	0.0089420360520118
1468.147	0.0089420360520118
1468.291	0.0089420360520118
1468.435	0.0089420360520118
1468.578	0.0089420360520118
1468.722	0.008939706486803513
1468.866	0.008939706486803513
1469.01	0.008939706486803513
1469.154	0.008939706486803513
1469.298	0.008939706486803513
1469.4409999999998	0.008939706486803513
1469.5849999999998	0.008939706486803513
1469.7289999999998	0.008939706486803513
1469.8729999999998	0.008939706486803513
1470.0169999999998	0.008937376921595224
1470.1609999999998	0.008936794530293151
1470.3049999999998	0.008936794530293151
1470.4479999999999	0.008936794530293151
1470.5919999999999	0.008936794530293151
1470.7359999999999	0.00893330018248072
1470.8799999999999	0.00893330018248072
1471.024	0.008928641052064146
1471.167	0.008928641052064146
1471.312	0.00892689387815793
1471.455	0.008926311486855857
1471.599	0.008926311486855857
1471.743	0.008924564312949641
1471.887	0.008924564312949641
1472.031	0.008924564312949641
1472.174	0.008922817139043426
1472.318	0.008922234747741354
1472.462	0.00892106996513721
1472.606	0.008919905182533067
1472.75	0.008918158008626852
1472.894	0.008915828443418565
1473.038	0.008915246052116493
1473.1809999999998	0.008914081269512349
1473.3249999999998	0.008912916486908205
1473.4689999999998	0.008912334095606132
1473.6129999999998	0.008910586921699916
1473.7569999999998	0.008910586921699916
1473.9009999999998	0.008909422139095773
1474.0449999999998	0.0089088397477937
1474.1899999999998	0.008907092573887485
1474.3319999999999	0.008905927791283342
1474.4759999999999	0.0089047630086792
1474.62	0.008903598226075055
1474.764	0.008903015834772984
1474.908	0.008903015834772984
1475.052	0.00890243344347091
1475.195	0.008901268660866768
1475.339	0.008901268660866768
1475.483	0.008901268660866768
1475.627	0.00890243344347091
1475.771	0.00890243344347091
1475.915	0.00890243344347091
1476.059	0.00890243344347091
1476.202	0.00890243344347091
1476.346	0.008901268660866768
1476.49	0.00890243344347091
1476.6329999999998	0.00890243344347091
1476.7779999999998	0.00890243344347091
1476.9219999999998	0.00890243344347091
1477.0649999999998	0.008901268660866768
1477.2089999999998	0.008901268660866768
1477.3529999999998	0.008901268660866768
1477.4969999999998	0.008901268660866768
1477.6409999999998	0.008901268660866768
1477.7849999999999	0.008901268660866768
1477.9279999999999	0.008901268660866768
1478.072	0.008901268660866768
1478.2189999999998	0.008901268660866768
1478.36	0.008901268660866768
1478.504	0.008901268660866768
1478.648	0.008900103878262624
1478.792	0.008900103878262624
1478.936	0.008900103878262624
1479.079	0.008899521486960552
1479.223	0.00889893909565848
1479.367	0.00889893909565848
1479.511	0.008897191921752264
1479.654	0.008895444747846048
1479.799	0.008893697573939832
1479.942	0.008893697573939832
1480.086	0.008891950400033617
1480.2299999999998	0.008891950400033617
1480.3739999999998	0.008890785617429474
1480.5179999999998	0.008890785617429474
1480.6619999999998	0.008890785617429474
1480.8059999999998	0.008889038443523258
1480.9489999999998	0.00888670887831497
1481.0929999999998	0.00888379692180461
1481.2369999999999	0.008882049747898394
1481.3809999999999	0.008882049747898394
1481.5249999999999	0.008881467356596322
1481.668	0.008881467356596322
1481.8129999999999	0.008881467356596322
1481.956	0.008881467356596322
1482.1	0.008881467356596322
1482.244	0.008879720182690107
1482.388	0.008879720182690107
1482.532	0.008879720182690107
1482.675	0.008876808226179748
1482.819	0.008876808226179748
1482.963	0.008875643443575604
1483.107	0.008875643443575604
1483.252	0.008875061052273533
1483.395	0.008875061052273533
1483.539	0.008875061052273533
1483.6819999999998	0.008873313878367315
1483.8259999999998	0.00886865474795074
1483.9699999999998	0.008863995617534166
1484.1139999999998	0.008862830834930023
1484.2579999999998	0.008862830834930023
1484.4029999999998	0.008862830834930023
1484.5459999999998	0.008862830834930023
1484.6889999999999	0.008862830834930023
1484.8329999999999	0.00886224844362795
1484.9769999999999	0.008861666052325879
1485.1219999999998	0.008861666052325879
1485.2649999999999	0.008861666052325879
1485.4099999999999	0.008861666052325879
1485.5529999999999	0.008861666052325879
1485.697	0.008861666052325879
1485.841	0.008861666052325879
1485.985	0.008860501269721734
1486.129	0.00885933648711759
1486.272	0.008858754095815519
1486.417	0.008858754095815519
1486.56	0.008858171704513447
1486.704	0.008858171704513447
1486.848	0.008858171704513447
1486.992	0.008858171704513447
1487.136	0.008858171704513447
1487.279	0.008858171704513447
1487.424	0.008858171704513447
1487.567	0.008858171704513447
1487.711	0.008858171704513447
1487.8549999999998	0.008858171704513447
1487.9989999999998	0.008858171704513447
1488.1429999999998	0.008858171704513447
1488.288	0.008858171704513447
1488.4309999999998	0.008858754095815519
1488.5739999999998	0.008858754095815519
1488.7179999999998	0.00885933648711759
1488.8619999999999	0.00885933648711759
1489.0059999999999	0.00885933648711759
1489.1499999999999	0.008860501269721734
1489.293	0.008860501269721734
1489.437	0.008861666052325879
1489.581	0.008861666052325879
1489.725	0.008861666052325879
1489.869	0.00886224844362795
1490.013	0.008862830834930023
1490.157	0.008862830834930023
1490.3	0.008862830834930023
1490.444	0.008862830834930023
1490.588	0.008862830834930023
1490.732	0.008865742791440381
1490.876	0.008865742791440381
1491.02	0.008870401921856955
1491.165	0.008870401921856955
1491.3069999999998	0.008870401921856955
1491.4509999999998	0.008870401921856955
1491.5949999999998	0.008870401921856955
1491.7389999999998	0.008865742791440381
1491.8819999999998	0.008865742791440381
1492.0269999999998	0.008870401921856955
1492.1709999999998	0.008873313878367315
1492.317	0.00887447866097146
1492.4579999999999	0.008873313878367315
1492.6019999999999	0.008870401921856955
1492.7459999999999	0.008870401921856955
1492.8899999999999	0.008870401921856955
1493.0339999999999	0.008870401921856955
1493.177	0.008865742791440381
1493.321	0.008862830834930023
1493.465	0.008862830834930023
1493.609	0.008862830834930023
1493.753	0.008862830834930023
1493.896	0.008862830834930023
1494.04	0.008862830834930023
1494.184	0.008862830834930023
1494.328	0.008862830834930023
1494.472	0.008862830834930023
1494.616	0.008862830834930023
1494.76	0.008862830834930023
1494.9029999999998	0.008862830834930023
1495.0469999999998	0.008862830834930023
1495.1909999999998	0.00886224844362795
1495.3349999999998	0.008861666052325879
1495.4789999999998	0.008861666052325879
1495.6229999999998	0.008860501269721734
1495.7669999999998	0.008858754095815519
1495.9099999999999	0.008858171704513447
1496.0539999999999	0.008858171704513447
1496.1979999999999	0.008857006921909303
1496.3419999999999	0.008855842139305159
1496.4859999999999	0.008855842139305159
1496.6299999999999	0.008855259748003087
1496.774	0.008854677356701016
1496.917	0.008853512574096872
1497.061	0.008851765400190656
1497.205	0.00885001822628444
1497.349	0.008848271052378225
1497.493	0.008847688661076153
1497.638	0.008846523878472009
1497.781	0.008844776704565793
1497.925	0.008843029530659578
1498.068	0.008841282356753362
1498.213	0.008838370400243004
1498.356	0.008836040835034715
1498.5	0.008835458443732644
1498.644	0.008835458443732644
1498.788	0.008834876052430572
1498.9309999999998	0.008834876052430572
1499.0749999999998	0.008833711269826428
1499.2189999999998	0.008833711269826428
1499.3629999999998	0.008833711269826428
1499.5069999999998	0.00883196409592021
1499.6509999999998	0.00883138170461814
1499.7939999999999	0.00883138170461814
1499.9379999999999	0.008830216922013995
1500.0819999999999	0.008830216922013995
1500.2259999999999	0.008826722574201565
1500.37	0.008823228226389134
1500.514	0.008823228226389134
1500.657	0.008819733878576702
1500.801	0.008819733878576702
1500.945	0.008819733878576702
1501.089	0.008819733878576702
1501.233	0.008819733878576702
1501.378	0.008819733878576702
1501.521	0.008817404313368415
1501.665	0.008816239530764271
1501.808	0.008815074748160127
1501.952	0.008814492356858054
1502.096	0.008813909965555982
1502.24	0.008813909965555982
1502.3829999999998	0.008812745182951838
1502.5279999999998	0.008811580400347695
1502.6719999999998	0.008810998009045624
1502.8159999999998	0.008810415617743553
1502.9599999999998	0.008809250835139408
1503.1039999999998	0.008809250835139408
1503.2479999999998	0.008809250835139408
1503.3909999999998	0.008809250835139408
1503.5349999999999	0.008805174096024906
1503.6789999999999	0.008805174096024906
1503.8239999999998	0.008805174096024906
1503.9669999999999	0.008805174096024906
1504.1109999999999	0.008805174096024906
1504.2549999999999	0.008805174096024906
1504.398	0.008805174096024906
1504.542	0.008805174096024906
1504.686	0.008805174096024906
1504.83	0.008805174096024906
1504.974	0.008805174096024906
1505.118	0.008805174096024906
1505.262	0.008805174096024906
1505.405	0.008805174096024906
1505.549	0.008801679748212474
1505.693	0.008799932574306259
1505.837	0.008797020617795899
1505.981	0.008797020617795899
1506.125	0.008795273443889683
1506.269	0.008795273443889683
1506.4119999999998	0.008795273443889683
1506.5559999999998	0.008795273443889683
1506.6999999999998	0.008795273443889683
1506.8439999999998	0.008795273443889683
1506.9879999999998	0.008795273443889683
1507.1319999999998	0.008795273443889683
1507.2759999999998	0.008794691052587612
1507.4189999999999	0.008792361487379323
1507.5629999999999	0.008792361487379323
1507.7069999999999	0.008792361487379323
1507.8509999999999	0.008792361487379323
1507.995	0.008792361487379323
1508.139	0.008789449530868965
1508.282	0.008787702356962749
1508.426	0.008785955183056533
1508.5749999999998	0.008784790400452389
1508.714	0.008784208009150318
1508.858	0.008783625617848245
1509.001	0.008782460835244102
1509.146	0.008781296052639958
1509.289	0.008781296052639958
1509.433	0.008780713661337886
1509.577	0.008777219313525455
1509.721	0.008777219313525455
1509.865	0.008774307357015095
1510.0079999999998	0.008773724965713024
1510.1519999999998	0.008771977791806808
1510.2959999999998	0.008770813009202664
1510.4399999999998	0.00876964822659852
1510.5849999999998	0.00876964822659852
1510.7289999999998	0.008768483443994377
1510.8719999999998	0.008767901052692303
1511.0149999999999	0.008767901052692303
1511.1589999999999	0.008767901052692303
1511.3029999999999	0.008767901052692303
1511.447	0.008768483443994377
1511.591	0.008768483443994377
1511.735	0.008768483443994377
1511.879	0.008768483443994377
1512.022	0.008768483443994377
1512.166	0.008768483443994377
1512.31	0.00876964822659852
1512.454	0.00876964822659852
1512.598	0.00876964822659852
1512.742	0.00876964822659852
1512.886	0.008770813009202664
1513.029	0.008770813009202664
1513.173	0.00876964822659852
1513.317	0.008768483443994377
1513.461	0.008768483443994377
1513.6049999999998	0.008768483443994377
1513.7479999999998	0.008767901052692303
1513.8919999999998	0.008767901052692303
1514.0359999999998	0.008767901052692303
1514.1799999999998	0.008768483443994377
1514.3239999999998	0.00876964822659852
1514.4679999999998	0.008770813009202664
1514.6109999999999	0.008771977791806808
1514.7559999999999	0.008773724965713024
1514.899	0.008773724965713024
1515.043	0.008774307357015095
1515.187	0.008774307357015095
1515.331	0.008774307357015095
1515.475	0.008774307357015095
1515.618	0.008773724965713024
1515.763	0.008771977791806808
1515.906	0.00876964822659852
1516.05	0.008768483443994377
1516.194	0.008767901052692303
1516.338	0.008767318661390232
1516.482	0.008767318661390232
1516.625	0.008766153878786088
1516.769	0.008764989096181945
1516.914	0.008764406704879872
1517.0569999999998	0.0087638243135778
1517.2009999999998	0.008762659530973656
1517.3449999999998	0.008761494748369514
1517.4889999999998	0.008761494748369514
1517.6319999999998	0.008761494748369514
1517.7759999999998	0.008761494748369514
1517.9199999999998	0.008761494748369514
1518.0639999999999	0.00876091235706744
1518.2079999999999	0.00876032996576537
1518.3519999999999	0.008759165183161225
1518.4959999999999	0.00875800040055708
1518.639	0.00875800040055708
1518.783	0.00875800040055708
1518.927	0.00875800040055708
1519.071	0.00875741800925501
1519.215	0.00875741800925501
1519.359	0.008756835617952938
1519.5049999999999	0.008756835617952938
1519.646	0.008756835617952938
1519.79	0.008756835617952938
1519.934	0.008756835617952938
1520.079	0.008756835617952938
1520.223	0.008756835617952938
1520.367	0.008756835617952938
1520.51	0.008756835617952938
1520.654	0.00875741800925501
1520.798	0.00875800040055708
1520.942	0.00875800040055708
1521.0849999999998	0.00875800040055708
1521.2299999999998	0.00875800040055708
1521.3739999999998	0.00875800040055708
1521.5169999999998	0.00875800040055708
1521.6609999999998	0.00875741800925501
1521.8049999999998	0.008756835617952938
1521.9489999999998	0.008756835617952938
1522.0919999999999	0.008756835617952938
1522.2369999999999	0.008756835617952938
1522.3799999999999	0.008756835617952938
1522.524	0.008756835617952938
1522.668	0.008756835617952938
1522.812	0.008756835617952938
1522.956	0.00875741800925501
1523.099	0.00875800040055708
1523.2459999999999	0.00875800040055708
1523.387	0.00875800040055708
1523.531	0.00875800040055708
1523.675	0.00875800040055708
1523.819	0.008759165183161225
1523.963	0.00876032996576537
1524.106	0.00876091235706744
1524.25	0.008761494748369514
1524.394	0.008761494748369514
1524.538	0.008761494748369514
1524.6819999999998	0.008761494748369514
1524.8259999999998	0.008761494748369514
1524.9689999999998	0.008761494748369514
1525.1129999999998	0.00876091235706744
1525.2569999999998	0.00876032996576537
1525.4009999999998	0.00876032996576537
1525.5449999999998	0.00876032996576537
1525.6879999999999	0.008759165183161225
1525.8329999999999	0.00875800040055708
1525.9769999999999	0.00875800040055708
1526.12	0.00875800040055708
1526.264	0.00875741800925501
1526.4089999999999	0.008756835617952938
1526.552	0.008756835617952938
1526.695	0.008755670835348794
1526.84	0.008753923661442578
1526.983	0.008752176487536362
1527.127	0.008752176487536362
1527.271	0.008752176487536362
1527.415	0.008752176487536362
1527.559	0.008749264531026004
1527.702	0.008748682139723931
1527.846	0.008748682139723931
1527.99	0.008748682139723931
1528.1339999999998	0.008748682139723931
1528.2779999999998	0.008748682139723931
1528.423	0.008748682139723931
1528.5659999999998	0.008748682139723931
1528.7089999999998	0.008748682139723931
1528.8529999999998	0.008748682139723931
1528.9969999999998	0.008748682139723931
1529.1409999999998	0.008748682139723931
1529.2849999999999	0.008748682139723931
1529.4289999999999	0.008748682139723931
1529.5729999999999	0.008748682139723931
1529.716	0.008748682139723931
1529.86	0.008748682139723931
1530.004	0.008752176487536362
1530.148	0.008752176487536362
1530.292	0.008755088444046722
1530.436	0.008756835617952938
1530.579	0.008756835617952938
1530.723	0.008756835617952938
1530.867	0.00875741800925501
1531.011	0.00875800040055708
1531.155	0.00875800040055708
1531.299	0.008759165183161225
1531.443	0.00876032996576537
1531.586	0.00876032996576537
1531.7299999999998	0.00876032996576537
1531.8739999999998	0.00876032996576537
1532.0179999999998	0.00876032996576537
1532.1609999999998	0.008759165183161225
1532.3059999999998	0.00875800040055708
1532.4489999999998	0.00875800040055708
1532.5929999999998	0.00875741800925501
1532.7369999999999	0.008756835617952938
1532.8809999999999	0.008756835617952938
1533.0249999999999	0.008755088444046722
1533.168	0.008755088444046722
1533.3129999999999	0.008752176487536362
1533.456	0.00875101170493222
1533.6	0.00875101170493222
1533.744	0.008748682139723931
1533.888	0.008746352574515644
1534.032	0.008743440618005284
1534.175	0.008743440618005284
1534.32	0.008743440618005284
1534.463	0.008743440618005284
1534.607	0.008739946270192853
1534.751	0.008739363878890781
1534.895	0.008735287139776279
1535.039	0.008735287139776279
1535.1819999999998	0.008735287139776279
1535.3259999999998	0.008735287139776279
1535.4699999999998	0.008731210400661774
1535.6139999999998	0.008727716052849343
1535.7579999999998	0.008731210400661774
1535.9019999999998	0.008731210400661774
1536.0459999999998	0.008731210400661774
1536.1889999999999	0.008731210400661774
1536.3329999999999	0.008735287139776279
1536.4769999999999	0.008735287139776279
1536.6209999999999	0.008735287139776279
1536.7649999999999	0.008735287139776279
1536.9089999999999	0.008735287139776279
1537.0529999999999	0.008735287139776279
1537.196	0.008731210400661774
1537.34	0.008727716052849343
1537.4889999999998	0.008724221705036912
1537.629	0.008724221705036912
1537.772	0.008722474531130696
1537.917	0.00872014496592241
1538.06	0.008717815400714122
1538.204	0.008712573878995475
1538.348	0.008709079531183044
1538.492	0.008707332357276828
1538.636	0.008705585183370612
1538.779	0.008703838009464396
1538.924	0.00870209083555818
1539.067	0.008700926052954038
1539.212	0.00869859648774575
1539.3549999999998	0.008697431705141605
1539.4989999999998	0.008697431705141605
1539.6429999999998	0.008697431705141605
1539.7859999999998	0.008697431705141605
1539.9309999999998	0.008696849313839534
1540.0739999999998	0.008696849313839534
1540.2189999999998	0.008695102139933318
1540.3629999999998	0.008693937357329174
1540.5069999999998	0.008693937357329174
1540.6499999999999	0.008693937357329174
1540.793	0.008693354966027102
1540.937	0.008691025400818814
1541.081	0.008687531053006382
1541.225	0.008685783879100167
1541.369	0.008685783879100167
1541.513	0.008684619096496024
1541.657	0.008682871922589808
1541.8	0.008682289531287737
1541.944	0.008681124748683593
1542.088	0.008677630400871161
1542.232	0.008681124748683593
1542.376	0.008677630400871161
1542.52	0.00867413605305873
1542.664	0.00867413605305873
1542.8069999999998	0.008677630400871161
1542.9509999999998	0.008677630400871161
1543.0949999999998	0.008677630400871161
1543.2389999999998	0.008677630400871161
1543.3829999999998	0.008677630400871161
1543.5269999999998	0.008681124748683593
1543.6699999999998	0.008682289531287737
1543.8139999999999	0.008682871922589808
1543.9579999999999	0.008684619096496024
1544.1019999999999	0.008684619096496024
1544.2459999999999	0.008685783879100167
1544.3899999999999	0.008685783879100167
1544.5339999999999	0.008685783879100167
1544.677	0.008685783879100167
1544.821	0.008685783879100167
1544.965	0.008685783879100167
1545.109	0.008685783879100167
1545.252	0.008685783879100167
1545.398	0.008685783879100167
1545.541	0.008685783879100167
1545.684	0.008685783879100167
1545.828	0.008685783879100167
1545.972	0.008685783879100167
1546.116	0.008685783879100167
1546.261	0.008685783879100167
1546.404	0.008685783879100167
1546.549	0.008687531053006382
1546.6909999999998	0.008689860618214671
1546.8349999999998	0.008691607792120887
1546.9789999999998	0.008693354966027102
1547.1229999999998	0.008693354966027102
1547.2659999999998	0.008693354966027102
1547.4099999999999	0.008693937357329174
1547.5539999999999	0.008693937357329174
1547.6979999999999	0.008693937357329174
1547.8419999999999	0.008693937357329174
1547.9859999999999	0.008695102139933318
1548.1299999999999	0.00869626692253746
1548.274	0.00869626692253746
1548.417	0.008696849313839534
1548.561	0.00869859648774575
1548.705	0.00869859648774575
1548.849	0.008699761270349894
1548.993	0.008700926052954038
1549.137	0.008700926052954038
1549.28	0.008700926052954038
1549.424	0.008699761270349894
1549.568	0.00869859648774575
1549.712	0.00869859648774575
1549.856	0.00869859648774575
1550.0	0.00869859648774575
1550.144	0.008699761270349894
1550.2869999999998	0.008699761270349894
1550.4309999999998	0.008700926052954038
1550.5749999999998	0.008700926052954038
1550.7189999999998	0.008699761270349894
1550.8629999999998	0.008699761270349894
1551.0069999999998	0.008699761270349894
1551.1509999999998	0.008700926052954038
1551.2939999999999	0.008700926052954038
1551.4379999999999	0.008700926052954038
1551.5819999999999	0.008700926052954038
1551.7259999999999	0.008700926052954038
1551.869	0.008700926052954038
1552.014	0.008700926052954038
1552.158	0.008700926052954038
1552.301	0.008700926052954038
1552.445	0.008700926052954038
1552.589	0.008700926052954038
1552.733	0.008700926052954038
1552.877	0.008700926052954038
1553.021	0.008700926052954038
1553.1689999999999	0.008699761270349894
1553.308	0.00869859648774575
1553.452	0.008696849313839534
1553.596	0.008695102139933318
1553.74	0.008693937357329174
1553.8829999999998	0.008693937357329174
1554.0279999999998	0.008693354966027102
1554.1709999999998	0.008691607792120887
1554.3149999999998	0.008689860618214671
1554.461	0.008688113444308455
1554.6029999999998	0.00868636627040224
1554.7489999999998	0.008684619096496024
1554.8899999999999	0.008682871922589808
1555.0339999999999	0.008681124748683593
1555.1789999999999	0.008678212792173233
1555.3229999999999	0.008676465618267017
1555.4669999999999	0.008674718444360801
1555.6109999999999	0.008672971270454586
1555.7559999999999	0.008672388879152514
1555.898	0.008671806487850443
1556.043	0.008671806487850443
1556.186	0.008670641705246299
1556.33	0.008668894531340083
1556.474	0.008668894531340083
1556.618	0.008667147357433867
1556.762	0.008665982574829723
1556.905	0.008664817792225579
1557.049	0.008663653009621436
1557.193	0.008663653009621436
1557.337	0.008663070618319363
1557.481	0.008662488227017292
1557.625	0.008662488227017292
1557.769	0.008660741053111076
1557.9119999999998	0.008660741053111076
1558.0559999999998	0.00865899387920486
1558.1999999999998	0.008657829096600716
1558.3439999999998	0.008657829096600716
1558.4879999999998	0.008657829096600716
1558.6319999999998	0.00865899387920486
1558.7759999999998	0.00865899387920486
1558.9189999999999	0.008657829096600716
1559.0629999999999	0.008657829096600716
1559.2069999999999	0.00865899387920486
1559.3509999999999	0.008657829096600716
1559.494	0.00865899387920486
1559.639	0.008659576270506932
1559.783	0.008659576270506932
1559.926	0.008659576270506932
1560.07	0.008659576270506932
1560.214	0.008659576270506932
1560.358	0.008659576270506932
1560.502	0.008659576270506932
1560.645	0.00865899387920486
1560.789	0.008657829096600716
1560.933	0.0086560819226945
1561.077	0.0086560819226945
1561.221	0.008653752357486213
1561.365	0.008650840400975853
1561.5079999999998	0.00864967561837171
1561.6529999999998	0.00864909322706964
1561.7959999999998	0.008648510835767568
1561.9399999999998	0.008647346053163424
1562.0839999999998	0.008647346053163424
1562.2279999999998	0.008647346053163424
1562.3719999999998	0.008647346053163424
1562.5149999999999	0.008647346053163424
1562.6599999999999	0.008647346053163424
1562.8029999999999	0.008647346053163424
1562.947	0.00864618127055928
1563.091	0.00864618127055928
1563.235	0.00864618127055928
1563.379	0.00864618127055928
1563.522	0.00864618127055928
1563.666	0.00864618127055928
1563.81	0.00864618127055928
1563.954	0.00864618127055928
1564.098	0.008645598879257206
1564.242	0.008645598879257206
1564.386	0.008645016487955135
1564.529	0.008645016487955135
1564.677	0.00864385170535099
1564.817	0.00864385170535099
1564.961	0.008642104531444775
1565.1049999999998	0.008641522140142703
1565.2489999999998	0.008640357357538559
1565.3929999999998	0.008636863009726128
1565.5359999999998	0.00863453344451784
1565.6799999999998	0.00863453344451784
1565.8239999999998	0.00863453344451784
1565.9679999999998	0.00863453344451784
1566.1119999999999	0.00863453344451784
1566.2559999999999	0.008636863009726128
1566.3999999999999	0.008640357357538559
1566.543	0.008641522140142703
1566.687	0.008642104531444775
1566.831	0.00864385170535099
1566.975	0.008645016487955135
1567.119	0.008645016487955135
1567.263	0.008645598879257206
1567.407	0.00864618127055928
1567.551	0.00864618127055928
1567.694	0.008647346053163424
1567.838	0.008648510835767568
1567.983	0.00864909322706964
1568.126	0.00864967561837171
1568.273	0.00864967561837171
1568.414	0.00864967561837171
1568.558	0.00864967561837171
1568.7009999999998	0.00864967561837171
1568.8449999999998	0.00864967561837171
1568.9879999999998	0.00864967561837171
1569.1329999999998	0.00864967561837171
1569.2759999999998	0.00864967561837171
1569.4199999999998	0.00864967561837171
1569.5639999999999	0.00864967561837171
1569.7079999999999	0.00864967561837171
1569.8519999999999	0.00864967561837171
1569.9959999999999	0.00864967561837171
1570.1399999999999	0.00864967561837171
1570.283	0.00864967561837171
1570.427	0.00864967561837171
1570.571	0.00864967561837171
1570.715	0.00864909322706964
1570.859	0.00864909322706964
1571.002	0.008647346053163424
1571.147	0.00864618127055928
1571.291	0.00864618127055928
1571.434	0.00864618127055928
1571.578	0.00864618127055928
1571.722	0.00864618127055928
1571.866	0.008647346053163424
1572.0089999999998	0.00864618127055928
1572.1529999999998	0.00864618127055928
1572.2969999999998	0.00864618127055928
1572.4409999999998	0.00864618127055928
1572.586	0.00864618127055928
1572.7299999999998	0.00864618127055928
1572.8739999999998	0.008645598879257206
1573.0169999999998	0.008645016487955135
1573.1609999999998	0.008645016487955135
1573.3049999999998	0.008643269314048919
1573.4489999999998	0.008640357357538559
1573.5929999999998	0.008636863009726128
1573.7389999999998	0.00863453344451784
1573.8809999999999	0.00863453344451784
1574.024	0.00863453344451784
1574.168	0.008633368661913696
1574.312	0.008632203879309554
1574.456	0.008629291922799195
1574.6	0.008626379966288835
1574.744	0.008625797574986764
1574.888	0.008625797574986764
1575.031	0.008623468009778475
1575.175	0.00862172083587226
1575.319	0.00862172083587226
1575.463	0.00862172083587226
1575.607	0.00862172083587226
1575.751	0.008619973661966044
1575.895	0.008618226488059828
1576.038	0.008616479314153613
1576.1819999999998	0.008615314531549468
1576.3259999999998	0.008615314531549468
1576.4699999999998	0.008617061705455684
1576.6129999999998	0.008617061705455684
1576.7579999999998	0.008617061705455684
1576.9019999999998	0.008617061705455684
1577.0449999999998	0.008618226488059828
1577.1889999999999	0.008619973661966044
1577.3329999999999	0.00862172083587226
1577.4769999999999	0.00862172083587226
1577.62	0.008623468009778475
1577.7649999999999	0.008623468009778475
1577.908	0.008623468009778475
1578.052	0.008623468009778475
1578.196	0.008623468009778475
1578.34	0.008623468009778475
1578.484	0.008623468009778475
1578.627	0.008623468009778475
1578.772	0.008623468009778475
1578.915	0.008623468009778475
1579.059	0.008623468009778475
1579.203	0.008623468009778475
1579.347	0.008623468009778475
1579.491	0.008623468009778475
1579.6339999999998	0.008623468009778475
1579.7779999999998	0.008623468009778475
1579.9219999999998	0.008623468009778475
1580.0659999999998	0.008623468009778475
1580.2099999999998	0.00862172083587226
1580.3539999999998	0.00862172083587226
1580.4979999999998	0.00862172083587226
1580.6409999999998	0.00862172083587226
1580.7849999999999	0.00862172083587226
1580.9289999999999	0.00862172083587226
1581.0729999999999	0.008619973661966044
1581.2169999999999	0.008617061705455684
1581.3609999999999	0.008617061705455684
1581.5049999999999	0.008615314531549468
1581.648	0.008614732140247397
1581.792	0.008614732140247397
1581.936	0.008614732140247397
1582.081	0.008614732140247397
1582.223	0.008614732140247397
1582.368	0.008614732140247397
1582.512	0.008614732140247397
1582.655	0.008614732140247397
1582.802	0.008614732140247397
1582.943	0.008615314531549468
1583.087	0.008617061705455684
1583.2299999999998	0.008617061705455684
1583.375	0.008617061705455684
1583.5179999999998	0.008615314531549468
1583.6619999999998	0.008615314531549468
1583.8059999999998	0.008615314531549468
1583.9499999999998	0.008615314531549468
1584.0939999999998	0.008615314531549468
1584.2369999999999	0.008615314531549468
1584.3809999999999	0.008615314531549468
1584.5249999999999	0.008615314531549468
1584.6689999999999	0.008617061705455684
1584.8129999999999	0.008619973661966044
1584.9569999999999	0.00862172083587226
1585.1009999999999	0.00862172083587226
1585.244	0.00862172083587226
1585.388	0.00862172083587226
1585.532	0.00862172083587226
1585.676	0.008619973661966044
1585.82	0.008619973661966044
1585.964	0.008617061705455684
1586.108	0.008615314531549468
1586.251	0.008614732140247397
1586.395	0.008614732140247397
1586.539	0.008614732140247397
1586.683	0.008613567357643254
1586.827	0.00861240257503911
1586.971	0.008611820183737039
1587.115	0.008611237792434966
1587.2579999999998	0.008610073009830823
1587.4019999999998	0.008608325835924607
1587.5459999999998	0.008608325835924607
1587.6899999999998	0.008608325835924607
1587.8339999999998	0.008607743444622534
1587.9769999999999	0.008608325835924607
1588.1219999999998	0.008610073009830823
1588.2649999999999	0.008610073009830823
1588.4089999999999	0.008611237792434966
1588.5529999999999	0.008610073009830823
1588.697	0.008610073009830823
1588.841	0.008610073009830823
1588.984	0.008610073009830823
1589.128	0.008611237792434966
1589.272	0.008611820183737039
1589.416	0.008611820183737039
1589.56	0.00861240257503911
1589.703	0.008611820183737039
1589.848	0.008611237792434966
1589.992	0.008611237792434966
1590.136	0.008611237792434966
1590.28	0.008610073009830823
1590.425	0.008608325835924607
1590.568	0.008608325835924607
1590.711	0.008608325835924607
1590.856	0.008608325835924607
1591.0	0.008608325835924607
1591.1429999999998	0.008608325835924607
1591.2869999999998	0.008608325835924607
1591.4309999999998	0.008608325835924607
1591.5749999999998	0.008608325835924607
1591.7179999999998	0.008607743444622534
1591.8619999999999	0.008607743444622534
1592.0059999999999	0.008607743444622534
1592.1499999999999	0.008607743444622534
1592.2939999999999	0.008607743444622534
1592.4379999999999	0.008605996270716319
1592.5819999999999	0.00860308431420596
1592.725	0.008601919531601816
1592.869	0.008601919531601816
1593.013	0.008601919531601816
1593.1589999999999	0.008600172357695599
1593.301	0.008598425183789383
1593.445	0.008596678009883167
1593.588	0.008593766053372809
1593.732	0.008592018879466593
1593.876	0.008591436488164522
1594.02	0.008590271705560378
1594.164	0.008586777357747946
1594.308	0.008583283009935515
1594.452	0.00858211822733137
1594.5949999999998	0.00858211822733137
1594.74	0.00858211822733137
1594.8829999999998	0.00858211822733137
1595.0269999999998	0.00858211822733137
1595.1709999999998	0.00858211822733137
1595.3139999999999	0.00858211822733137
1595.4589999999998	0.00858211822733137
1595.6019999999999	0.00858211822733137
1595.7459999999999	0.00858211822733137
1595.8899999999999	0.00858211822733137
1596.0349999999999	0.008580371053425155
1596.1779999999999	0.008580371053425155
1596.321	0.008580371053425155
1596.465	0.008578623879518939
1596.61	0.008576876705612725
1596.753	0.00857512953170651
1596.897	0.00857512953170651
1597.041	0.00857512953170651
1597.185	0.00857512953170651
1597.328	0.00857512953170651
1597.472	0.00857512953170651
1597.616	0.00857512953170651
1597.76	0.00857512953170651
1597.904	0.00857512953170651
1598.048	0.00857512953170651
1598.196	0.00857512953170651
1598.3349999999998	0.00857512953170651
1598.4799999999998	0.00857512953170651
1598.6229999999998	0.00857512953170651
1598.7669999999998	0.00857512953170651
1598.9109999999998	0.00857512953170651
1599.0549999999998	0.00857512953170651
1599.1989999999998	0.00857512953170651
1599.3419999999999	0.00857512953170651
1599.4859999999999	0.00857512953170651
1599.6299999999999	0.008574547140404436
1599.774	0.008574547140404436
1599.918	0.008574547140404436
1600.062	0.008574547140404436
1600.205	0.008574547140404436
1600.349	0.008574547140404436
1600.493	0.008574547140404436
1600.637	0.008574547140404436
1600.781	0.008574547140404436
1600.925	0.008574547140404436
1601.069	0.008574547140404436
1601.212	0.008574547140404436
1601.356	0.008574547140404436
1601.5	0.008574547140404436
1601.644	0.00857512953170651
1601.7869999999998	0.00857512953170651
1601.9319999999998	0.00857512953170651
1602.0749999999998	0.00857512953170651
1602.2189999999998	0.00857512953170651
1602.3629999999998	0.008574547140404436
1602.5069999999998	0.008574547140404436
1602.6509999999998	0.008574547140404436
1602.7939999999999	0.008574547140404436
1602.9379999999999	0.008574547140404436
1603.0819999999999	0.008574547140404436
1603.2259999999999	0.008574547140404436
1603.37	0.008574547140404436
1603.514	0.008574547140404436
1603.658	0.008574547140404436
1603.801	0.008574547140404436
1603.946	0.008573964749102365
1604.089	0.008571052792592005
1604.233	0.008571052792592005
1604.377	0.008571052792592005
1604.521	0.008571052792592005
1604.665	0.008568140836081647
1604.808	0.008568140836081647
1604.952	0.008568140836081647
1605.096	0.008568140836081647
1605.24	0.008568140836081647
1605.3839999999998	0.008568140836081647
1605.5279999999998	0.008568140836081647
1605.6709999999998	0.008568140836081647
1605.8149999999998	0.008568140836081647
1605.9589999999998	0.008568140836081647
1606.1029999999998	0.008568140836081647
1606.2469999999998	0.008571052792592005
1606.3899999999999	0.008571052792592005
1606.5339999999999	0.008571052792592005
1606.6779999999999	0.008573964749102365
1606.822	0.008573964749102365
1606.966	0.008573964749102365
1607.1109999999999	0.008573964749102365
1607.254	0.008573964749102365
1607.397	0.008573964749102365
1607.543	0.008573964749102365
1607.686	0.008573964749102365
1607.83	0.008573964749102365
1607.974	0.008573964749102365
1608.118	0.008571052792592005
1608.262	0.008568140836081647
1608.405	0.008571052792592005
1608.549	0.008573964749102365
1608.693	0.00857279996649822
1608.837	0.008573964749102365
1608.981	0.00857279996649822
1609.125	0.008569888009987862
1609.269	0.008569888009987862
1609.4119999999998	0.008568140836081647
1609.5559999999998	0.008568140836081647
1609.6999999999998	0.008563481705665071
1609.8439999999998	0.008558822575248495
1609.99	0.008558240183946424
1610.1319999999998	0.008558240183946424
1610.2759999999998	0.008558240183946424
1610.4189999999999	0.008558822575248495
1610.5639999999999	0.008558822575248495
1610.7069999999999	0.008558822575248495
1610.8509999999999	0.008558822575248495
1610.995	0.008558822575248495
1611.139	0.008563481705665071
1611.282	0.008563481705665071
1611.426	0.008568140836081647
1611.57	0.008568140836081647
1611.714	0.008568140836081647
1611.858	0.008568140836081647
1612.002	0.008568140836081647
1612.146	0.008568140836081647
1612.289	0.008568140836081647
1612.433	0.008568140836081647
1612.577	0.008568140836081647
1612.721	0.008568140836081647
1612.865	0.008568140836081647
1613.0079999999998	0.008568140836081647
1613.1529999999998	0.008568140836081647
1613.299	0.008568140836081647
1613.4399999999998	0.008568140836081647
1613.5839999999998	0.008568140836081647
1613.7279999999998	0.008568140836081647
1613.8719999999998	0.008568140836081647
1614.0149999999999	0.008563481705665071
1614.1599999999999	0.008563481705665071
1614.3029999999999	0.008562899314363
1614.447	0.008558822575248495
1614.591	0.008558822575248495
1614.735	0.008558822575248495
1614.879	0.008558822575248495
1615.022	0.008558822575248495
1615.166	0.008558240183946424
1615.31	0.008558240183946424
1615.454	0.008558240183946424
1615.598	0.008558240183946424
1615.742	0.008556493010040208
1615.886	0.008555328227436064
1616.029	0.008555328227436064
1616.173	0.008554745836133991
1616.317	0.00855416344483192
1616.461	0.008552998662227775
1616.6049999999998	0.008551833879623633
1616.7489999999998	0.008551251488321561
1616.8929999999998	0.008551251488321561
1617.0359999999998	0.008549504314415346
1617.1819999999998	0.008548339531811201
1617.3239999999998	0.008548339531811201
1617.4669999999999	0.008547757140509128
1617.6119999999999	0.008544262792696697
1617.7559999999999	0.008543098010092554
1617.899	0.008541350836186339
1618.043	0.008540768444884267
1618.187	0.008540768444884267
1618.331	0.008540186053582196
1618.474	0.008540186053582196
1618.619	0.008540186053582196
1618.763	0.008540186053582196
1618.906	0.008540186053582196
1619.051	0.008540186053582196
1619.196	0.008540768444884267
1619.338	0.008541350836186339
1619.483	0.008543098010092554
1619.626	0.008546009966602913
1619.769	0.008547757140509128
1619.913	0.008548339531811201
1620.0569999999998	0.008548339531811201
1620.2009999999998	0.008548339531811201
1620.3449999999998	0.008549504314415346
1620.4879999999998	0.008549504314415346
1620.6319999999998	0.008549504314415346
1620.7759999999998	0.008549504314415346
1620.9199999999998	0.008548339531811201
1621.0639999999999	0.008548339531811201
1621.2079999999999	0.008548339531811201
1621.3519999999999	0.008548339531811201
1621.495	0.008548339531811201
1621.639	0.008548339531811201
1621.783	0.008548339531811201
1621.927	0.008550086705717417
1622.071	0.008550086705717417
1622.215	0.008548339531811201
1622.359	0.008548339531811201
1622.502	0.008548339531811201
1622.646	0.008550086705717417
1622.79	0.008550086705717417
1622.934	0.008550086705717417
1623.078	0.008550086705717417
1623.222	0.008550086705717417
1623.366	0.008552998662227775
1623.5089999999998	0.008554745836133991
1623.6529999999998	0.008555328227436064
1623.7969999999998	0.008556493010040208
1623.9409999999998	0.008557657792644353
1624.0849999999998	0.008557657792644353
1624.2299999999998	0.008557657792644353
1624.3729999999998	0.008557657792644353
1624.5169999999998	0.008558240183946424
1624.6609999999998	0.008558822575248495
1624.8039999999999	0.008558822575248495
1624.9479999999999	0.008558822575248495
1625.0929999999998	0.008562899314363
1625.2369999999999	0.008567558444779574
1625.3809999999999	0.008568140836081647
1625.524	0.008568140836081647
1625.668	0.00856930561868579
1625.812	0.008571052792592005
1625.956	0.00857279996649822
1626.1	0.008573964749102365
1626.243	0.008573964749102365
1626.387	0.00857571192300858
1626.531	0.008573964749102365
1626.675	0.008573964749102365
1626.819	0.00857279996649822
1626.963	0.00857279996649822
1627.107	0.008573964749102365
1627.251	0.008573964749102365
1627.394	0.008573964749102365
1627.538	0.008573964749102365
1627.6819999999998	0.008573964749102365
1627.8259999999998	0.008573964749102365
1627.9699999999998	0.008573964749102365
1628.116	0.008573964749102365
1628.2569999999998	0.008573964749102365
1628.4009999999998	0.008573964749102365
1628.5449999999998	0.00857571192300858
1628.6889999999999	0.008577459096914796
1628.8329999999999	0.008577459096914796
1628.9769999999999	0.008578041488216868
1629.12	0.008578041488216868
1629.264	0.008578041488216868
1629.408	0.008578041488216868
1629.552	0.008578041488216868
1629.696	0.008578041488216868
1629.84	0.008577459096914796
1629.984	0.008577459096914796
1630.127	0.008577459096914796
1630.271	0.008577459096914796
1630.415	0.008577459096914796
1630.559	0.008577459096914796
1630.703	0.008577459096914796
1630.847	0.008577459096914796
1630.991	0.00857571192300858
1631.1339999999998	0.008573964749102365
1631.2779999999998	0.008573964749102365
1631.4219999999998	0.008573964749102365
1631.5659999999998	0.008573964749102365
1631.7099999999998	0.008573964749102365
1631.8539999999998	0.00857279996649822
1631.9979999999998	0.00857279996649822
1632.1409999999998	0.00857279996649822
1632.2849999999999	0.008571052792592005
1632.4289999999999	0.00856930561868579
1632.5729999999999	0.008568140836081647
1632.7169999999999	0.008568140836081647
1632.8609999999999	0.008568140836081647
1633.004	0.008568140836081647
1633.148	0.008568140836081647
1633.292	0.008568140836081647
1633.436	0.008568140836081647
1633.58	0.008568140836081647
1633.724	0.008568140836081647
1633.868	0.008568140836081647
1634.012	0.00856930561868579
1634.155	0.008571052792592005
1634.299	0.00857279996649822
1634.443	0.008573964749102365
1634.588	0.008573964749102365
1634.731	0.00857571192300858
1634.8739999999998	0.008577459096914796
1635.0179999999998	0.008577459096914796
1635.1619999999998	0.008577459096914796
1635.3059999999998	0.008577459096914796
1635.4499999999998	0.008577459096914796
1635.5929999999998	0.00857571192300858
1635.7379999999998	0.008573964749102365
1635.8819999999998	0.008573964749102365
1636.0249999999999	0.008573964749102365
1636.1689999999999	0.008573964749102365
1636.3129999999999	0.008573964749102365
1636.4569999999999	0.008573964749102365
1636.6	0.008573964749102365
1636.745	0.008573964749102365
1636.888	0.008573964749102365
1637.032	0.008573964749102365
1637.1779999999999	0.008573964749102365
1637.32	0.008573964749102365
1637.464	0.008573964749102365
1637.607	0.008573964749102365
1637.752	0.008573964749102365
1637.895	0.008573964749102365
1638.039	0.00857279996649822
1638.183	0.008571052792592005
1638.327	0.00856930561868579
1638.471	0.008568140836081647
1638.615	0.008568140836081647
1638.7589999999998	0.008568140836081647
1638.9019999999998	0.008568140836081647
1639.0459999999998	0.008567558444779574
1639.1899999999998	0.008564646488269215
1639.3339999999998	0.008564646488269215
1639.4779999999998	0.008564646488269215
1639.6209999999999	0.008560569749154711
1639.7649999999999	0.008560569749154711
1639.9089999999999	0.008558822575248495
1640.0529999999999	0.008558822575248495
1640.197	0.008560569749154711
1640.341	0.008560569749154711
1640.485	0.008560569749154711
1640.628	0.008560569749154711
1640.772	0.008564646488269215
1640.916	0.008564646488269215
1641.06	0.008567558444779574
1641.204	0.008568140836081647
1641.348	0.008568140836081647
1641.492	0.008568140836081647
1641.635	0.008568140836081647
1641.779	0.008568140836081647
1641.923	0.00856930561868579
1642.067	0.008570470401289932
1642.211	0.008570470401289932
1642.3549999999998	0.008571052792592005
1642.5	0.00857279996649822
1642.6429999999998	0.00857279996649822
1642.7869999999998	0.008571052792592005
1642.9309999999998	0.008571052792592005
1643.0749999999998	0.00857279996649822
1643.221	0.00857279996649822
1643.3629999999998	0.00857279996649822
1643.5069999999998	0.00857279996649822
1643.6499999999999	0.00857279996649822
1643.7939999999999	0.00857279996649822
1643.9379999999999	0.00857279996649822
1644.0819999999999	0.00857279996649822
1644.2259999999999	0.00857279996649822
1644.37	0.00857279996649822
1644.513	0.00857279996649822
1644.657	0.008573964749102365
1644.801	0.00857571192300858
1644.945	0.008577459096914796
1645.089	0.008577459096914796
1645.232	0.008577459096914796
1645.377	0.008577459096914796
1645.52	0.008577459096914796
1645.664	0.00857571192300858
1645.808	0.008573964749102365
1645.952	0.00857279996649822
1646.096	0.008571052792592005
1646.24	0.008570470401289932
1646.3829999999998	0.008570470401289932
1646.5269999999998	0.00856930561868579
1646.6709999999998	0.008568140836081647
1646.8149999999998	0.008568140836081647
1646.9589999999998	0.008568140836081647
1647.1029999999998	0.008568140836081647
1647.2459999999999	0.008567558444779574
1647.3899999999999	0.008564646488269215
1647.5339999999999	0.00855998735785264
1647.6779999999999	0.008557657792644353
1647.822	0.008556493010040208
1647.966	0.008555328227436064
1648.11	0.008554745836133991
1648.253	0.008554745836133991
1648.397	0.008552416270925706
1648.541	0.008549504314415346
1648.685	0.008548339531811201
1648.829	0.008547757140509128
1648.973	0.008547174749207057
1649.117	0.008546009966602913
1649.26	0.008544262792696697
1649.404	0.008542515618790481
1649.548	0.008540768444884267
1649.692	0.008539021270978052
1649.836	0.008539021270978052
1649.9799999999998	0.008539021270978052
1650.1239999999998	0.008539021270978052
1650.2669999999998	0.008539021270978052
1650.4109999999998	0.008539021270978052
1650.5549999999998	0.008539021270978052
1650.6989999999998	0.008539021270978052
1650.8429999999998	0.008539021270978052
1650.9869999999999	0.008539021270978052
1651.1309999999999	0.008539021270978052
1651.274	0.008539021270978052
1651.418	0.008539021270978052
1651.562	0.008539021270978052
1651.706	0.008539021270978052
1651.849	0.008539021270978052
1651.993	0.008539021270978052
1652.139	0.008539021270978052
1652.281	0.008539021270978052
1652.425	0.008539021270978052
1652.5529999999999	0.008539021270978052
1652.697	0.008540768444884267
1652.841	0.008542515618790481
1652.985	0.008542515618790481
1653.128	0.008544262792696697
1653.272	0.008546009966602913
1653.416	0.008547174749207057
1653.56	0.008547757140509128
1653.703	0.008548339531811201
1653.847	0.008549504314415346
1653.991	0.008552416270925706
1654.135	0.008554745836133991
1654.279	0.008555328227436064
1654.423	0.008556493010040208
1654.567	0.008557657792644353
1654.7099999999998	0.00855998735785264
1654.8539999999998	0.008564646488269215
1654.9979999999998	0.008567558444779574
1655.1419999999998	0.00856930561868579
1655.288	0.008570470401289932
1655.4299999999998	0.008570470401289932
1655.5739999999998	0.008571052792592005
1655.7169999999999	0.00857279996649822
1655.8609999999999	0.00857571192300858
1656.0049999999999	0.008577459096914796
1656.149	0.008578041488216868
1656.292	0.008579788662123083
1656.437	0.008581535836029299
1656.581	0.008581535836029299
1656.724	0.00858211822733137
1656.868	0.008583283009935515
1657.012	0.008583283009935515
1657.156	0.00858444779253966
1657.3	0.00858503018384173
1657.445	0.008585612575143804
1657.587	0.008585612575143804
1657.731	0.008586777357747946
1657.875	0.008589689314258304
1658.019	0.008592018879466593
1658.163	0.008592601270768664
1658.309	0.008593766053372809
1658.4509999999998	0.008595513227279025
1658.5939999999998	0.008600172357695599
1658.7379999999998	0.008600172357695599
1658.8819999999998	0.008600172357695599
1659.0259999999998	0.008604249096810103
1659.1699999999998	0.008604249096810103
1659.3129999999999	0.008604831488112174
1659.4579999999999	0.00860657866201839
1659.6009999999999	0.00860949061852875
1659.745	0.008611820183737039
1659.889	0.008613567357643254
1660.0339999999999	0.008615314531549468
1660.1779999999999	0.00861589692285154
1660.321	0.008617061705455684
1660.465	0.008618226488059828
1660.609	0.008618808879361901
1660.753	0.008620556053268117
1660.897	0.00862172083587226
1661.041	0.008624050401080548
1661.185	0.008624050401080548
1661.328	0.008624050401080548
1661.472	0.008624050401080548
1661.616	0.008624050401080548
1661.76	0.008624050401080548
1661.904	0.00862754474889298
1662.048	0.00862754474889298
1662.192	0.00862754474889298
1662.3349999999998	0.00862754474889298
1662.4789999999998	0.00862754474889298
1662.6229999999998	0.00862754474889298
1662.7669999999998	0.00862754474889298
1662.9109999999998	0.00862754474889298
1663.0549999999998	0.00862754474889298
1663.1979999999999	0.008628709531497122
1663.3419999999999	0.008628709531497122
1663.4859999999999	0.008628709531497122
1663.6299999999999	0.008628709531497122
1663.774	0.008629291922799195
1663.917	0.008632203879309554
1664.061	0.008632203879309554
1664.205	0.00863453344451784
1664.349	0.00863453344451784
1664.495	0.00863453344451784
1664.637	0.00863453344451784
1664.781	0.00863453344451784
1664.924	0.00863453344451784
1665.068	0.00863453344451784
1665.212	0.008635115835819912
1665.356	0.008638610183632343
1665.5	0.008645016487955137
1665.644	0.008648510835767568
1665.788	0.008650840400975855
1665.9309999999998	0.008650840400975855
1666.0749999999998	0.008653169966184142
1666.2189999999998	0.008654334748788284
1666.3629999999998	0.0086560819226945
1666.5069999999998	0.008656664313996573
1666.6519999999998	0.008657829096600716
1666.7949999999998	0.008660741053111076
1666.9379999999999	0.008663070618319363
1667.0819999999999	0.008664817792225579
1667.2259999999999	0.008665982574829723
1667.37	0.008665982574829723
1667.514	0.008667729748735939
1667.6599999999999	0.00867122409654837
1667.801	0.008672971270454586
1667.945	0.00867413605305873
1668.089	0.008675300835662874
1668.233	0.008675300835662874
1668.376	0.008675883226964946
1668.521	0.008675883226964946
1668.665	0.008677630400871161
1668.808	0.008678795183475304
1668.952	0.00868054235738152
1669.096	0.008682289531287737
1669.24	0.008684036705193951
1669.3839999999998	0.008689278226912598
1669.5279999999998	0.008693354966027102
1669.6709999999998	0.008695102139933318
1669.8149999999998	0.00869626692253746
1669.9589999999998	0.008698014096443676
1670.1029999999998	0.008702673226860254
1670.2469999999998	0.008702673226860254
1670.3899999999999	0.008707332357276828
1670.5349999999999	0.008712573878995475
1670.6779999999999	0.008716650618109978
1670.822	0.008720144965922409
1670.966	0.008725386487641058
1671.11	0.008728880835453489
1671.254	0.008734704748474206
1671.397	0.008741693444099068
1671.541	0.0087451877919115
1671.685	0.0087451877919115
1671.829	0.008746934965817715
1671.973	0.008749264531026004
1672.117	0.00875101170493222
1672.245	0.00876091235706744
1672.388	0.00877547213961924
1672.532	0.008783625617848245
1672.676	0.008794108661285539
1672.82	0.008801679748212474
1672.964	0.008805174096024906
1673.108	0.008809250835139408
1673.252	0.008810998009045624
1673.395	0.008810998009045624
1673.541	0.008812745182951838
1673.683	0.00881623953076427
1673.827	0.008829634530711925
1673.971	0.008829634530711925
1674.115	0.008848271052378225
1674.2589999999998	0.008857589313211374
1674.4019999999998	0.00886224844362795
1674.5459999999998	0.008865160400138308
1674.6899999999998	0.008865742791440381
1674.8339999999998	0.008870401921856955
1674.9779999999998	0.008877973008783891
1675.1219999999998	0.008905927791283342
1675.2659999999998	0.008905927791283342
1675.4089999999999	0.008905927791283342
1675.5529999999999	0.008905927791283342
1675.697	0.008905927791283342
1675.84	0.008905927791283342
1675.985	0.008905927791283342
1676.129	0.008905927791283342
1676.272	0.008905927791283342
1676.416	0.008905927791283342
1676.56	0.008940288878105582
1676.704	0.008955431051959452
1676.848	0.00896358453018846
1676.992	0.008975232356229898
1677.136	0.00899736322570863
1677.279	0.009010758225656283
1677.424	0.009039295399457806
1677.568	0.00907482126888419
1677.712	0.009092293007946346
1677.8549999999998	0.009173827790236413
1678.0	0.009257692137734764
1678.1429999999998	0.009276328659401065
1678.2869999999998	0.009286229311536286
1678.4309999999998	0.009292635615859076
1678.5749999999998	0.009296129963671507
1678.7189999999998	0.009299624311483939
1678.8619999999999	0.009304865833202586
1679.0059999999999	0.009311272137525377
1679.1499999999999	0.009317678441848169
1679.2939999999999	0.009320590398358527
1679.4379999999999	0.00932757909398339
1679.5819999999999	0.009336314963514468
1679.7259999999999	0.009345050833045546
1679.869	0.00935553387648284
1680.013	0.009360193006899416
1680.157	0.009363687354711847
1680.301	0.00936776409382635
1680.445	0.009372423224242928
1680.589	0.009379411919867789
1680.733	0.009383488658982291
1680.876	0.009383488658982291
1681.02	0.009384653441586436
1681.164	0.009387565398096796
1681.308	0.009390477354607154
1681.4509999999998	0.009391642137211298
1681.596	0.00939222452851337
1681.74	0.009395718876325801
1681.8829999999998	0.009398630832836161
1682.0269999999998	0.009399213224138232
1682.1709999999998	0.009401542789346521
1682.3149999999998	0.00940445474585688
1682.4579999999999	0.009406201919763095
1682.6049999999998	0.009406784311065168
1682.7459999999999	0.00940794909366931
1682.8899999999999	0.009409113876273455
1683.0339999999999	0.009409696267575526
1683.1779999999999	0.009411443441481742
1683.322	0.009413190615387958
1683.465	0.009414937789294173
1683.61	0.009416684963200389
1683.753	0.009419596919710749
1683.897	0.00942250887622111
1684.041	0.009424838441429396
1684.185	0.009426585615335612
1684.329	0.009426585615335612
1684.472	0.009426585615335612
1684.616	0.009426585615335612
1684.76	0.009426585615335612
1684.904	0.009426585615335612
1685.048	0.009426585615335612
1685.192	0.009427750397939756
1685.336	0.00943240952835633
1685.4789999999998	0.009435903876168762
1685.6229999999998	0.009439980615283266
1685.7669999999998	0.009445804528303984
1685.9109999999998	0.0094475517022102
1686.0549999999998	0.0094475517022102
1686.1989999999998	0.0094475517022102
1686.3429999999998	0.0094475517022102
1686.4859999999999	0.0094475517022102
1686.6299999999999	0.0094475517022102
1686.774	0.0094475517022102
1686.918	0.0094475517022102
1687.062	0.0094475517022102
1687.206	0.0094475517022102
1687.35	0.0094475517022102
1687.493	0.0094475517022102
1687.637	0.0094475517022102
1687.781	0.0094475517022102
1687.925	0.0094475517022102
1688.069	0.0094475517022102
1688.213	0.0094475517022102
1688.359	0.0094475517022102
1688.5	0.0094475517022102
1688.644	0.0094475517022102
1688.788	0.0094475517022102
1688.9319999999998	0.0094475517022102
1689.0749999999998	0.009449298876116416
1689.2199999999998	0.009451046050022631
1689.3629999999998	0.009453958006532991
1689.5069999999998	0.009458034745647494
1689.6509999999998	0.009461529093459925
1689.7949999999998	0.009465023441272357
1689.9389999999999	0.009466770615178572
1690.0819999999999	0.00946910018038686
1690.2259999999999	0.00947259452819929
1690.37	0.009477836049917938
1690.514	0.009477836049917938
1690.658	0.009477836049917938
1690.802	0.009479000832522082
1690.946	0.009479000832522082
1691.089	0.009479000832522082
1691.234	0.009479000832522082
1691.377	0.009479000832522082
1691.521	0.009479000832522082
1691.666	0.009479000832522082
1691.809	0.009479000832522082
1691.953	0.009479000832522082
1692.096	0.009479000832522082
1692.24	0.009479000832522082
1692.3839999999998	0.009479000832522082
1692.5279999999998	0.009479000832522082
1692.6719999999998	0.009479000832522082
1692.8159999999998	0.009483077571636585
1692.9599999999998	0.009483077571636585
1693.1029999999998	0.009483077571636585
1693.2469999999998	0.009483077571636585
1693.3909999999998	0.009483077571636585
1693.5349999999999	0.009483077571636585
1693.6789999999999	0.009483077571636585
1693.8229999999999	0.009483077571636585
1693.966	0.009483077571636585
1694.11	0.009483077571636585
1694.254	0.009483077571636585
1694.399	0.009483077571636585
1694.542	0.009483077571636585
1694.686	0.009483077571636585
1694.83	0.009483077571636585
1694.974	0.009483077571636585
1695.118	0.009483077571636585
1695.262	0.009483077571636585
1695.406	0.009483077571636585
1695.549	0.009483077571636585
1695.694	0.009483077571636585
1695.837	0.009483077571636585
1695.981	0.009483077571636585
1696.125	0.009483077571636585
1696.269	0.009483077571636585
1696.413	0.009483077571636585
1696.5559999999998	0.009483077571636585
1696.7009999999998	0.009483077571636585
1696.8439999999998	0.009483077571636585
1696.9879999999998	0.009483077571636585
1697.1319999999998	0.009483077571636585
1697.2759999999998	0.009483077571636585
1697.4199999999998	0.009483077571636585
1697.5629999999999	0.009483077571636585
1697.7069999999999	0.009483077571636585
1697.8509999999999	0.009483077571636585
1697.995	0.009483077571636585
1698.139	0.009483077571636585
1698.283	0.009483077571636585
1698.427	0.009483077571636585
1698.57	0.009483077571636585
1698.714	0.009483077571636585
1698.858	0.009483077571636585
1699.002	0.009483077571636585
1699.146	0.009483077571636585
1699.29	0.009483077571636585
1699.434	0.009483077571636585
1699.577	0.009483077571636585
1699.721	0.009483077571636585
1699.865	0.009483077571636585
1700.0089999999998	0.009483077571636585
1700.1529999999998	0.009483077571636585
1700.2969999999998	0.009483077571636585
1700.4409999999998	0.009483077571636585
1700.5839999999998	0.009483077571636585
1700.7299999999998	0.009483077571636585
1700.8719999999998	0.009483077571636585
1701.0159999999998	0.009483077571636585
1701.1599999999999	0.009483077571636585
1701.3039999999999	0.009483077571636585
1701.4479999999999	0.009483077571636585
1701.591	0.009483077571636585
1701.735	0.009483077571636585
1701.879	0.009483077571636585
1702.023	0.009483077571636585
1702.167	0.009483077571636585
1702.311	0.009483077571636585
1702.455	0.009483077571636585
1702.598	0.009483077571636585
1702.742	0.009483077571636585
1702.886	0.009483077571636585
1703.03	0.009483077571636585
1703.175	0.009483077571636585
1703.32	0.009483077571636585
1703.462	0.009483077571636585
1703.6049999999998	0.009483077571636585
1703.751	0.009479000832522082
1703.895	0.00947550648470965
1704.041	0.00947259452819929
1704.1799999999998	0.00946910018038686
1704.3249999999998	0.009467353006480644
1704.4679999999998	0.009466770615178572
1704.6119999999999	0.009465023441272357
1704.7559999999999	0.009463858658668212
1704.8999999999999	0.009461529093459925
1705.0439999999999	0.009458034745647494
1705.1879999999999	0.009453958006532991
1705.3319999999999	0.009451046050022631
1705.475	0.009449298876116416
1705.619	0.0094475517022102
1705.763	0.0094475517022102
1705.907	0.0094475517022102
1706.05	0.0094475517022102
1706.195	0.0094475517022102
1706.339	0.009445804528303984
1706.482	0.009443474963095697
1706.626	0.009442892571793624
1706.77	0.009439398223981193
1706.914	0.009435903876168762
1707.058	0.009434739093564619
1707.205	0.009431244745752188
1707.346	0.009428915180543899
1707.49	0.009427750397939756
1707.6329999999998	0.009426585615335612
1707.7769999999998	0.009424838441429396
1707.9209999999998	0.00942250887622111
1708.0649999999998	0.009421926484919036
1708.2099999999998	0.009421926484919036
1708.3519999999999	0.009419596919710749
1708.4959999999999	0.009416684963200389
1708.6399999999999	0.009414937789294173
1708.7849999999999	0.009413190615387958
1708.927	0.009412608224085886
1709.072	0.009411443441481742
1709.215	0.009409696267575526
1709.36	0.009409113876273455
1709.503	0.00940794909366931
1709.647	0.009406784311065168
1709.792	0.009406784311065168
1709.934	0.009406201919763095
1710.079	0.00940445474585688
1710.222	0.009403289963252737
1710.366	0.009401542789346521
1710.51	0.009399213224138232
1710.654	0.009398630832836161
1710.798	0.009395718876325801
1710.9409999999998	0.00939222452851337
1711.0849999999998	0.009391642137211298
1711.2289999999998	0.009391642137211298
1711.3729999999998	0.009390477354607154
1711.5169999999998	0.009388730180700938
1711.6609999999998	0.009386983006794723
1711.8049999999998	0.009384653441586436
1711.9479999999999	0.009383488658982291
1712.0929999999998	0.009379411919867789
1712.2359999999999	0.009375335180753286
1712.3799999999999	0.009372423224242928
1712.5249999999999	0.009368928876430496
1712.6689999999999	0.009367181702524279
1712.8129999999999	0.009366016919920134
1712.956	0.009364269746013919
1713.1019999999999	0.009361940180805634
1713.2459999999999	0.009360193006899416
1713.388	0.009359028224295272
1713.532	0.009357281050389056
1713.676	0.009353786702576625
1713.82	0.00935203952867041
1713.963	0.00935203952867041
1714.107	0.00934912757216005
1714.251	0.009342138876535188
1714.395	0.009336314963514468
1714.539	0.009331655833097894
1714.683	0.009326996702681318
1714.827	0.009324667137473031
1714.9699999999998	0.009322337572264743
1715.1139999999998	0.009320590398358527
1715.2579999999998	0.009319425615754384
1715.4019999999998	0.009316513659244026
1715.5459999999998	0.009311272137525377
1715.6899999999998	0.009301371485390154
1715.8329999999999	0.009292635615859076
1715.9769999999999	0.009289141268046645
1716.1209999999999	0.009287976485442502
1716.2649999999999	0.009287394094140429
1716.4089999999999	0.009285646920234213
1716.552	0.009283317355025928
1716.697	0.009276328659401065
1716.8529999999998	0.00926875757247413
1717.0	0.009265845615963771
1717.144	0.009264098442057554
1717.288	0.009261768876849267
1717.4319999999998	0.00925652735513062
1717.5749999999998	0.009248956268203686
1717.7189999999998	0.009239638007370536
1717.8629999999998	0.009234396485651887
1718.0069999999998	0.00922915496393324
1718.1509999999998	0.009213430398777301
1718.2949999999998	0.009201782572735863
1718.4389999999999	0.009188969964090282
1718.587	0.009163344746799116
1718.7259999999999	0.00914936735554939
1718.87	0.009148784964247321
1719.014	0.00914820257294525
1719.158	0.009140631486018314
1719.302	0.009123742138258228
1719.446	0.009105105616591929
1719.589	0.009083557138415268
1719.733	0.009066667790655184
1719.877	0.009060261486332393
1720.021	0.009056767138519961
1720.165	0.009050943225499243
1720.309	0.009044536921176452
1720.453	0.00903813061685366
1720.596	0.009030559529926726
1720.74	0.00901599974737493
1720.8839999999998	0.009002604747427277
1721.0279999999998	0.008999110399614844
1721.1719999999998	0.008992121703989981
1721.3159999999998	0.008986297790969263
1721.4599999999998	0.008982803443156832
1721.6029999999998	0.008977561921438185
1721.7469999999998	0.008975814747531969
1721.8909999999998	0.008971738008417465
1722.0349999999999	0.008967661269302962
1722.1789999999999	0.00896358453018846
1722.3229999999999	0.00895776061716774
1722.4669999999999	0.00895776061716774
1722.61	0.008954266269355308
1722.754	0.008947277573730447
1722.898	0.008940871269407655
1723.042	0.008939706486803511
1723.1979999999999	0.008937959312897295
1723.346	0.008929223443366217
1723.4889999999998	0.008919322791230994
1723.6329999999998	0.00891466366081442
1723.7769999999998	0.00891466366081442
1723.9209999999998	0.008912916486908205
1724.0649999999998	0.008912916486908205
1724.2079999999999	0.008911169313001989
1724.3529999999998	0.0089088397477937
1724.504	0.008908257356491629
1724.6409999999998	0.008907092573887485
1724.7839999999999	0.0089047630086792
1724.9279999999999	0.008903015834772984
1725.072	0.00890243344347091
1725.215	0.008899521486960552
1725.36	0.008896609530450192
1725.503	0.008896027139148121
1725.647	0.008894279965241905
1725.791	0.00889311518263776
1725.935	0.008891368008731545
1726.079	0.008886126487012896
1726.222	0.008882632139200465
1726.366	0.008880302573992178
1726.494	0.008876808226179748
1726.638	0.008875061052273533
1726.782	0.00887447866097146
1726.926	0.008873313878367315
1727.07	0.008870984313159028
1727.213	0.00886807235664867
1727.357	0.008866325182742453
1727.501	0.008865742791440381
1727.644	0.008863995617534166
1727.791	0.008861083661023807
1727.933	0.008857589313211374
1728.0759999999998	0.008855259748003087
1728.2199999999998	0.008854677356701016
1728.3639999999998	0.00885001822628444
1728.5079999999998	0.00884361192196165
1728.6519999999998	0.008838370400243004
1728.7959999999998	0.008834876052430572
1728.9399999999998	0.008833711269826428
1729.0829999999999	0.008832546487222283
1729.2269999999999	0.00883196409592021
1729.3709999999999	0.00883138170461814
1729.5149999999999	0.00883138170461814
1729.658	0.00883138170461814
1729.8029999999999	0.00883138170461814
1729.947	0.008829634530711925
1730.091	0.00882788735680571
1730.235	0.008826722574201565
1730.379	0.00882497540029535
1730.523	0.008823228226389134
1730.666	0.008818569095972558
1730.811	0.008813327574253911
1730.954	0.00880983322644148
1731.098	0.008805174096024906
1731.242	0.008801679748212474
1731.386	0.008799932574306259
1731.53	0.008797020617795899
1731.673	0.008794691052587612
1731.817	0.008794108661285539
1731.961	0.00879119670477518
1732.1049999999998	0.008787702356962749
1732.2489999999998	0.008787702356962749
1732.3929999999998	0.008787119965660676
1732.5369999999998	0.008785955183056533
1732.6799999999998	0.008784790400452389
1732.8239999999998	0.008784790400452389
1732.9679999999998	0.008782460835244102
1733.1119999999999	0.00877896648743167
1733.2579999999998	0.008777219313525455
1733.3999999999999	0.008773724965713024
1733.5439999999999	0.008770813009202664
1733.687	0.008770813009202664
1733.831	0.00876964822659852
1733.975	0.008766153878786088
1734.119	0.008762659530973656
1734.263	0.008759747574463298
1734.407	0.00875741800925501
1734.55	0.008755670835348794
1734.694	0.008754506052744651
1734.838	0.008753923661442578
1734.982	0.008751594096234291
1735.126	0.008749846922328075
1735.27	0.008749846922328075
1735.414	0.008748682139723931
1735.5569999999998	0.008747517357119787
1735.7009999999998	0.008747517357119787
1735.846	0.008746934965817715
1735.9889999999998	0.0087451877919115
1736.1329999999998	0.008742275835401141
1736.2759999999998	0.008740528661494924
1736.4209999999998	0.008740528661494924
1736.5649999999998	0.008739946270192853
1736.7079999999999	0.008738199096286637
1736.8529999999998	0.008735287139776279
1736.9979999999998	0.008730045618057632
1737.1399999999999	0.0087265512702452
1737.283	0.0087265512702452
1737.427	0.008724804096338985
1737.571	0.008721892139828626
1737.715	0.008720727357224482
1737.859	0.008718980183318265
1738.003	0.008715485835505833
1738.148	0.008713738661599617
1738.29	0.008711991487693402
1738.434	0.008709661922485117
1738.578	0.008709079531183044
1738.722	0.008709079531183044
1738.866	0.0087079147485789
1739.01	0.008705002792068539
1739.1529999999998	0.008702673226860254
1739.2969999999998	0.00870209083555818
1739.4409999999998	0.008700926052954038
1739.5849999999998	0.008700926052954038
1739.7289999999998	0.00869859648774575
1739.8729999999998	0.008696849313839534
1740.0159999999998	0.00869626692253746
1740.1599999999999	0.00869626692253746
1740.3039999999999	0.00869626692253746
1740.4479999999999	0.00869626692253746
1740.5919999999999	0.00869626692253746
1740.7359999999999	0.00869626692253746
1740.8799999999999	0.00869626692253746
1741.023	0.008695102139933318
1741.1689999999999	0.008693354966027102
1741.311	0.008693354966027102
1741.455	0.008691025400818814
1741.599	0.008691025400818814
1741.742	0.008691025400818814
1741.887	0.008691025400818814
1742.031	0.008691025400818814
1742.174	0.008691025400818814
1742.318	0.008691025400818814
1742.462	0.008691025400818814
1742.606	0.008691025400818814
1742.7489999999998	0.008691025400818814
1742.8929999999998	0.008691025400818814
1743.0369999999998	0.008691025400818814
1743.1809999999998	0.008691025400818814
1743.3249999999998	0.008691025400818814
1743.4689999999998	0.008691025400818814
1743.6129999999998	0.008691025400818814
1743.7559999999999	0.008691025400818814
1743.8999999999999	0.008691025400818814
1744.0439999999999	0.008688113444308455
1744.1879999999999	0.008688113444308455
1744.3319999999999	0.008688113444308455
1744.4759999999999	0.008688113444308455
1744.619	0.00868636627040224
1744.763	0.008685783879100167
1744.907	0.008684619096496024
1745.0529999999999	0.008682871922589808
1745.195	0.008682289531287737
1745.339	0.008682289531287737
1745.483	0.008681124748683593
1745.626	0.008679377574777377
1745.77	0.008679377574777377
1745.914	0.008675883226964946
1746.06	0.008672971270454586
1746.202	0.008672971270454586
1746.346	0.008672971270454586
1746.49	0.008672388879152514
1746.6329999999998	0.008672388879152514
1746.7779999999998	0.008672388879152514
1746.9209999999998	0.008672388879152514
1747.0649999999998	0.008671806487850443
1747.2089999999998	0.008671806487850443
1747.3519999999999	0.008671806487850443
1747.501	0.008671806487850443
1747.6409999999998	0.008671806487850443
1747.7849999999999	0.008671806487850443
1747.9289999999999	0.008671806487850443
1748.0729999999999	0.008671806487850443
1748.216	0.008671806487850443
1748.365	0.008671806487850443
1748.504	0.008671806487850443
1748.6519999999998	0.008670059313944226
1748.792	0.008667147357433867
1748.936	0.008664817792225579
1749.08	0.008664817792225579
1749.223	0.008664817792225579
1749.368	0.008664817792225579
1749.511	0.008667147357433867
1749.655	0.008664817792225579
1749.799	0.008664817792225579
1749.945	0.008664817792225579
1750.087	0.008664817792225579
1750.2299999999998	0.008667147357433867
1750.376	0.008667147357433867
1750.5179999999998	0.008667147357433867
1750.664	0.008667147357433867
1750.8059999999998	0.008670059313944226
1750.9509999999998	0.008670059313944226
1751.0939999999998	0.008670059313944226
1751.2369999999999	0.008670059313944226
1751.3809999999999	0.008670059313944226
1751.5249999999999	0.008668894531340083
1751.6689999999999	0.008668894531340083
1751.812	0.008668894531340083
1751.9569999999999	0.008668894531340083
1752.1009999999999	0.008668894531340083
1752.244	0.008668894531340083
1752.388	0.008664817792225579
1752.532	0.008664817792225579
1752.676	0.008664817792225579
1752.819	0.008664817792225579
1752.964	0.00866190583571522
1753.107	0.00866190583571522
1753.251	0.008660158661809005
1753.395	0.008660158661809005
1753.539	0.008660158661809005
1753.683	0.008660158661809005
1753.8259999999998	0.008660158661809005
1753.971	0.008660158661809005
1754.1139999999998	0.008660158661809005
1754.2579999999998	0.008660158661809005
1754.4019999999998	0.008660158661809005
1754.5459999999998	0.00866190583571522
1754.6899999999998	0.008664817792225579
1754.8329999999999	0.008664817792225579
1754.9769999999999	0.008664817792225579
1755.1239999999998	0.008664817792225579
1755.2649999999999	0.008664817792225579
1755.4089999999999	0.00866190583571522
1755.5529999999999	0.00866190583571522
1755.697	0.00866190583571522
1755.84	0.008660158661809005
1755.984	0.008660158661809005
1756.128	0.008660158661809005
1756.272	0.008660158661809005
1756.416	0.008660158661809005
1756.56	0.008660158661809005
1756.704	0.008660158661809005
1756.847	0.008660158661809005
1756.991	0.008659576270506932
1757.135	0.00865899387920486
1757.279	0.00865899387920486
1757.423	0.00865899387920486
1757.567	0.00865899387920486
1757.711	0.008655499531392429
1757.8539999999998	0.008655499531392429
1758.0	0.008655499531392429
1758.1419999999998	0.008655499531392429
1758.2859999999998	0.00865899387920486
1758.4299999999998	0.008659576270506932
1758.5739999999998	0.00865899387920486
1758.7169999999999	0.008659576270506932
1758.8609999999999	0.008659576270506932
1759.0049999999999	0.008659576270506932
1759.149	0.008659576270506932
1759.293	0.008659576270506932
1759.437	0.008659576270506932
1759.58	0.00865899387920486
1759.724	0.00865899387920486
1759.868	0.008655499531392429
1760.012	0.00865899387920486
1760.156	0.008655499531392429
1760.299	0.008655499531392429
1760.444	0.008655499531392429
1760.588	0.008655499531392429
1760.731	0.008655499531392429
1760.875	0.008655499531392429
1761.019	0.00865899387920486
1761.163	0.008659576270506932
1761.3059999999998	0.008659576270506932
1761.4509999999998	0.008659576270506932
1761.5949999999998	0.00865899387920486
1761.7379999999998	0.00865899387920486
1761.8819999999998	0.008659576270506932
1762.0259999999998	0.008660158661809005
1762.1699999999998	0.008660158661809005
1762.3129999999999	0.008659576270506932
1762.4579999999999	0.008659576270506932
1762.6009999999999	0.008659576270506932
1762.745	0.008659576270506932
1762.889	0.008660158661809005
1763.033	0.008659576270506932
1763.177	0.008659576270506932
1763.32	0.008660158661809005
1763.465	0.008660158661809005
1763.6129999999998	0.008660158661809005
1763.752	0.008659576270506932
1763.896	0.00865899387920486
1764.04	0.008655499531392429
1764.184	0.008650258009673784
1764.327	0.008647346053163424
1764.472	0.00864618127055928
1764.615	0.00864618127055928
1764.76	0.008645598879257206
1764.904	0.008645598879257206
1765.048	0.00864385170535099
1765.1909999999998	0.008642686922746848
1765.3349999999998	0.008642104531444775
1765.4789999999998	0.008641522140142703
1765.6229999999998	0.008641522140142703
1765.7669999999998	0.008640357357538559
1765.9099999999999	0.008640357357538559
1766.0549999999998	0.008640357357538559
1766.1979999999999	0.008640357357538559
1766.3419999999999	0.008640357357538559
1766.4859999999999	0.008638610183632343
1766.6299999999999	0.008636863009726128
1766.774	0.008636863009726128
1766.917	0.00863395105321577
1767.061	0.00863395105321577
1767.205	0.008631039096705411
1767.349	0.008631039096705411
1767.493	0.008631039096705411
1767.637	0.008628127140195051
1767.781	0.008626379966288835
1767.924	0.008626379966288835
1768.069	0.008625797574986764
1768.212	0.008625215183684691
1768.356	0.008625215183684691
1768.5	0.008625215183684691
1768.644	0.008625215183684691
1768.788	0.008625215183684691
1768.9309999999998	0.008625215183684691
1769.0749999999998	0.008625215183684691
1769.2189999999998	0.008624050401080547
1769.3629999999998	0.008622885618476402
1769.5069999999998	0.008621138444570187
1769.6509999999998	0.008618808879361901
1769.7949999999998	0.008618226488059828
1769.9379999999999	0.008617061705455684
1770.0819999999999	0.008615314531549468
1770.2259999999999	0.008613567357643254
1770.37	0.00861240257503911
1770.514	0.008611820183737039
1770.658	0.008611237792434966
1770.802	0.008610073009830823
1770.945	0.008608325835924607
1771.089	0.008607743444622534
1771.233	0.008607743444622534
1771.377	0.008605996270716319
1771.521	0.008604249096810103
1771.666	0.008604249096810103
1771.809	0.008604249096810103
1771.952	0.008602501922903887
1772.096	0.008598425183789383
1772.24	0.008596095618581096
1772.3839999999998	0.00859434844467488
1772.5279999999998	0.008592018879466593
1772.6719999999998	0.008591436488164522
1772.8149999999998	0.008591436488164522
1772.9589999999998	0.008591436488164522
1773.1049999999998	0.008591436488164522
1773.2469999999998	0.008591436488164522
1773.3909999999998	0.008591436488164522
1773.5339999999999	0.008591436488164522
1773.6789999999999	0.008591436488164522
1773.822	0.008591436488164522
1773.966	0.008591436488164522
1774.11	0.008591436488164522
1774.254	0.008591436488164522
1774.398	0.008591436488164522
1774.541	0.008591436488164522
1774.685	0.008591436488164522
1774.829	0.008591436488164522
1774.973	0.008591436488164522
1775.117	0.008592018879466593
1775.261	0.00859434844467488
1775.405	0.008596095618581096
1775.548	0.008598425183789383
1775.692	0.008602501922903887
1775.836	0.008602501922903887
1775.9799999999998	0.008602501922903887
1776.1239999999998	0.008602501922903887
1776.2679999999998	0.008598425183789383
1776.4119999999998	0.008596095618581096
1776.5549999999998	0.00859434844467488
1776.6989999999998	0.008592018879466593
1776.8429999999998	0.008591436488164522
1776.9869999999999	0.008591436488164522
1777.1309999999999	0.008591436488164522
1777.2749999999999	0.008591436488164522
1777.4189999999999	0.008590271705560378
1777.562	0.008590271705560378
1777.706	0.008588524531654162
1777.85	0.008588524531654162
1777.994	0.008588524531654162
1778.138	0.008590271705560378
1778.2839999999999	0.008591436488164522
1778.426	0.008591436488164522
1778.569	0.008591436488164522
1778.713	0.008591436488164522
1778.8629999999998	0.008591436488164522
1779.004	0.008592018879466593
1779.147	0.00859434844467488
1779.289	0.00859434844467488
1779.433	0.00859434844467488
1779.5759999999998	0.00859434844467488
1779.7199999999998	0.008592018879466593
1779.8639999999998	0.008592018879466593
1780.0079999999998	0.008592018879466593
1780.1519999999998	0.008592018879466593
1780.2959999999998	0.008592018879466593
1780.4399999999998	0.008592018879466593
1780.5829999999999	0.008591436488164522
1780.7269999999999	0.008591436488164522
1780.8709999999999	0.008591436488164522
1781.0149999999999	0.008591436488164522
1781.1589999999999	0.008591436488164522
1781.302	0.008591436488164522
1781.446	0.008591436488164522
1781.59	0.008591436488164522
1781.734	0.008591436488164522
1781.878	0.008591436488164522
1782.023	0.008591436488164522
1782.167	0.008591436488164522
1782.31	0.008591436488164522
1782.454	0.008590271705560378
1782.598	0.008588524531654162
1782.742	0.008587942140352089
1782.886	0.008587942140352089
1783.029	0.008586777357747946
1783.174	0.008587942140352089
1783.317	0.008587942140352089
1783.461	0.008587942140352089
1783.6049999999998	0.008587942140352089
1783.7489999999998	0.008587942140352089
1783.8929999999998	0.008587942140352089
1784.0359999999998	0.008587942140352089
1784.1809999999998	0.008587942140352089
1784.3239999999998	0.008587942140352089
1784.4679999999998	0.008587942140352089
1784.6119999999999	0.008587942140352089
1784.7559999999999	0.008587942140352089
1784.8999999999999	0.008587942140352089
1785.043	0.008587942140352089
1785.1879999999999	0.008587942140352089
1785.331	0.008587942140352089
1785.475	0.008586777357747946
1785.619	0.008586777357747946
1785.763	0.008587942140352089
1785.907	0.008587942140352089
1786.05	0.008587942140352089
1786.195	0.008588524531654162
1786.338	0.008590271705560378
1786.482	0.008591436488164522
1786.626	0.008591436488164522
1786.77	0.008591436488164522
1786.914	0.008591436488164522
1787.0569999999998	0.008591436488164522
1787.2009999999998	0.008591436488164522
1787.3449999999998	0.008591436488164522
1787.4889999999998	0.008591436488164522
1787.6329999999998	0.008591436488164522
1787.7769999999998	0.008592018879466593
1787.9209999999998	0.008596678009883167
1788.0639999999999	0.008596678009883167
1788.2079999999999	0.008602501922903887
1788.3519999999999	0.008604249096810103
1788.4959999999999	0.008605996270716319
1788.6399999999999	0.008605996270716319
1788.7839999999999	0.008607743444622534
1788.9279999999999	0.008607743444622534
1789.071	0.008607743444622534
1789.215	0.008607743444622534
1789.359	0.008605996270716319
1789.503	0.008605996270716319
1789.647	0.008607743444622534
1789.791	0.008607743444622534
1789.934	0.008607743444622534
1790.078	0.008607743444622534
1790.222	0.008607743444622534
1790.366	0.008607743444622534
1790.51	0.008605996270716319
1790.6529999999998	0.008604249096810103
1790.798	0.008598425183789383
1790.9409999999998	0.008598425183789383
1791.0849999999998	0.008592018879466593
1791.233	0.008591436488164522
1791.3729999999998	0.008591436488164522
1791.5169999999998	0.008591436488164522
1791.6599999999999	0.008591436488164522
1791.8049999999998	0.008591436488164522
1791.9479999999999	0.008591436488164522
1792.0919999999999	0.008591436488164522
1792.2359999999999	0.008591436488164522
1792.3799999999999	0.008591436488164522
1792.524	0.008591436488164522
1792.668	0.008591436488164522
1792.812	0.008591436488164522
1792.955	0.008591436488164522
1793.099	0.008591436488164522
1793.243	0.008591436488164522
1793.387	0.008591436488164522
1793.531	0.008591436488164522
1793.674	0.008590271705560378
1793.818	0.008590271705560378
1793.962	0.008590271705560378
1794.106	0.008590271705560378
1794.25	0.008590271705560378
1794.394	0.008588524531654162
1794.538	0.008587942140352089
1794.6809999999998	0.00858503018384173
1794.8249999999998	0.008581535836029299
1794.9689999999998	0.008581535836029299
1795.1129999999998	0.008581535836029299
1795.2569999999998	0.008581535836029299
1795.4009999999998	0.008581535836029299
1795.5449999999998	0.008581535836029299
1795.6879999999999	0.008581535836029299
1795.8319999999999	0.008581535836029299
1795.9759999999999	0.008581535836029299
1796.12	0.008580953444727228
1796.264	0.008580953444727228
1796.408	0.008579788662123083
1796.551	0.008578041488216868
1796.695	0.00857571192300858
1796.839	0.008572217575196148
1796.983	0.008570470401289932
1797.126	0.008568723227383716
1797.271	0.008564064096967142
1797.414	0.008559987357852638
1797.558	0.008558822575248495
1797.702	0.008558822575248495
1797.846	0.008558240183946424
1797.99	0.008557657792644353
1798.1329999999998	0.008556493010040208
1798.2779999999998	0.008553581053529848
1798.4209999999998	0.008551251488321561
1798.5649999999998	0.008549504314415346
1798.7089999999998	0.008547757140509128
1798.8529999999998	0.008546009966602913
1798.9969999999998	0.00854484518399877
1799.1409999999998	0.008543098010092554
1799.2849999999999	0.008543098010092554
1799.4279999999999	0.008541350836186339
1799.572	0.008539603662280123
1799.716	0.008537856488373907
1799.8609999999999	0.008537856488373907
1800.0049999999999	0.008537856488373907
1800.148	0.008539603662280123
1800.2949999999998	0.008539603662280123
1800.436	0.008539603662280123
1800.58	0.008537856488373907
1800.724	0.008537274097071834
1800.868	0.008537274097071834
1801.012	0.008537274097071834
1801.155	0.008537274097071834
1801.299	0.008537274097071834
1801.443	0.008537856488373907
1801.587	0.008537856488373907
1801.731	0.008539603662280123
1801.875	0.008539603662280123
1802.019	0.008541350836186339
1802.1619999999998	0.008543098010092554
1802.3059999999998	0.00854484518399877
1802.4499999999998	0.00854484518399877
1802.5939999999998	0.00854484518399877
1802.7369999999999	0.00854484518399877
1802.8819999999998	0.00854484518399877
1803.0259999999998	0.008546009966602913
1803.1689999999999	0.008548921923113274
1803.3129999999999	0.008548921923113274
1803.4569999999999	0.008548921923113274
1803.6009999999999	0.008552998662227777
1803.745	0.008556493010040208
1803.889	0.008557657792644353
1804.032	0.008558240183946424
1804.176	0.008558822575248495
1804.32	0.008558822575248495
1804.464	0.008559987357852638
1804.608	0.008559987357852638
1804.752	0.008559987357852638
1804.896	0.008559987357852638
1805.039	0.008559987357852638
1805.183	0.008559987357852638
1805.327	0.008559987357852638
1805.471	0.008559987357852638
1805.615	0.008559987357852638
1805.7579999999998	0.008559987357852638
1805.9019999999998	0.008559987357852638
1806.0459999999998	0.008559987357852638
1806.1899999999998	0.008559987357852638
1806.3339999999998	0.008559987357852638
1806.4789999999998	0.008559987357852638
1806.6219999999998	0.008559987357852638
1806.7659999999998	0.008559987357852638
1806.9099999999999	0.008562899314362998
1807.0539999999999	0.008562899314362998
1807.197	0.008562899314362998
1807.341	0.008567558444779574
1807.485	0.008567558444779574
1807.629	0.008567558444779574
1807.772	0.008567558444779574
1807.916	0.008562899314362998
1808.06	0.008559987357852638
1808.204	0.008559987357852638
1808.348	0.008559987357852638
1808.492	0.008558822575248495
1808.6399999999999	0.008558240183946424
1808.779	0.008558240183946424
1808.923	0.008558240183946424
1809.067	0.008558240183946424
1809.211	0.008558240183946424
1809.3539999999998	0.008557657792644353
1809.4989999999998	0.008557657792644353
1809.6419999999998	0.008556493010040208
1809.7859999999998	0.008556493010040208
1809.9299999999998	0.008556493010040208
1810.0739999999998	0.008556493010040208
1810.2179999999998	0.008552998662227777
1810.3609999999999	0.008549504314415346
1810.5059999999999	0.008549504314415346
1810.649	0.008547757140509128
1810.793	0.008547757140509128
1810.937	0.008547757140509128
1811.081	0.008547757140509128
1811.225	0.008547757140509128
1811.368	0.008546009966602913
1811.512	0.00854484518399877
1811.656	0.00854484518399877
1811.8	0.00854484518399877
1811.944	0.00854484518399877
1812.088	0.00854484518399877
1812.232	0.00854484518399877
1812.375	0.008543098010092554
1812.519	0.008539603662280123
1812.663	0.008537274097071834
1812.8069999999998	0.008535526923165618
1812.9509999999998	0.008533779749259403
1813.0949999999998	0.008533197357957331
1813.2389999999998	0.008532032575353187
1813.3819999999998	0.008530285401446973
1813.5259999999998	0.008527373444936613
1813.6699999999998	0.008524461488426255
1813.8139999999999	0.00852271431452004
1813.9579999999999	0.00852271431452004
1814.1019999999999	0.008521549531915895
1814.245	0.008521549531915895
1814.389	0.008521549531915895
1814.533	0.008521549531915895
1814.677	0.008521549531915895
1814.821	0.008521549531915895
1814.965	0.008520967140613823
1815.109	0.008519219966707608
1815.252	0.008519219966707608
1815.396	0.008519219966707608
1815.54	0.008519219966707608
1815.684	0.008519219966707608
1815.827	0.008519219966707608
1815.972	0.008519219966707608
1816.116	0.00852038474931175
1816.261	0.008520967140613823
1816.404	0.008525626271030397
1816.549	0.008530285401446973
1816.6909999999998	0.008532032575353187
1816.8339999999998	0.008533197357957331
1816.9789999999998	0.008533197357957331
1817.1219999999998	0.008533197357957331
1817.2659999999998	0.008533779749259403
1817.4109999999998	0.008535526923165618
1817.5549999999998	0.008537274097071834
1817.6989999999998	0.008539603662280123
1817.8419999999999	0.008543098010092554
1817.9859999999999	0.00854484518399877
1818.1299999999999	0.008546009966602913
1818.274	0.008547174749207057
1818.4199999999998	0.008547757140509128
1818.562	0.008548339531811201
1818.706	0.008549504314415346
1818.849	0.008552998662227777
1818.993	0.008556493010040208
1819.137	0.008557657792644353
1819.281	0.008558240183946424
1819.425	0.008558822575248495
1819.569	0.008558822575248495
1819.712	0.008558822575248495
1819.856	0.008559987357852638
1820.0	0.008562899314362998
1820.144	0.008567558444779574
1820.288	0.008570470401289932
1820.4319999999998	0.008571052792592005
1820.5759999999998	0.008571635183894076
1820.7199999999998	0.008571635183894076
1820.8639999999998	0.008571635183894076
1821.0079999999998	0.008571635183894076
1821.1509999999998	0.008571635183894076
1821.2949999999998	0.008571635183894076
1821.4379999999999	0.008571635183894076
1821.5829999999999	0.008571635183894076
1821.7259999999999	0.008571635183894076
1821.87	0.008571635183894076
1822.014	0.00857279996649822
1822.158	0.00857571192300858
1822.302	0.00857571192300858
1822.445	0.00857571192300858
1822.589	0.008579206270821012
1822.733	0.008580953444727228
1822.877	0.008580953444727228
1823.021	0.008581535836029299
1823.165	0.008581535836029299
1823.311	0.008583283009935515
1823.452	0.008581535836029299
1823.596	0.008580953444727228
1823.74	0.008579206270821012
1823.8839999999998	0.00857571192300858
1824.0279999999998	0.00857279996649822
1824.1719999999998	0.008571635183894076
1824.3159999999998	0.008571635183894076
1824.4589999999998	0.008571635183894076
1824.6029999999998	0.008571635183894076
1824.7469999999998	0.008571635183894076
1824.8909999999998	0.008571635183894076
1825.0349999999999	0.008571635183894076
1825.1789999999999	0.008571635183894076
1825.3229999999999	0.008571635183894076
1825.466	0.008571635183894076
1825.61	0.008571635183894076
1825.754	0.008571635183894076
1825.898	0.008571635183894076
1826.042	0.008571052792592005
1826.186	0.008571635183894076
1826.329	0.008571635183894076
1826.473	0.008571635183894076
1826.617	0.00857279996649822
1826.764	0.00857279996649822
1826.908	0.00857571192300858
1827.051	0.00857571192300858
1827.192	0.00857571192300858
1827.336	0.00857571192300858
1827.482	0.00857571192300858
1827.6239999999998	0.00857571192300858
1827.7679999999998	0.00857571192300858
1827.9119999999998	0.00857571192300858
1828.0559999999998	0.00857571192300858
1828.1989999999998	0.00857571192300858
1828.3429999999998	0.00857571192300858
1828.4869999999999	0.00857279996649822
1828.6309999999999	0.00857279996649822
1828.7749999999999	0.00857279996649822
1828.918	0.00857279996649822
1829.0629999999999	0.00857279996649822
1829.206	0.008571635183894076
1829.35	0.008571052792592005
1829.494	0.008567558444779574
1829.638	0.008561734531758854
1829.782	0.008561734531758854
1829.925	0.008561734531758854
1830.069	0.008561734531758854
1830.213	0.008561734531758854
1830.357	0.008561734531758854
1830.501	0.008561734531758854
1830.645	0.008561734531758854
1830.789	0.008561734531758854
1830.9319999999998	0.008561734531758854
1831.0759999999998	0.008567558444779574
1831.2199999999998	0.008571052792592005
1831.3639999999998	0.008571052792592005
1831.5069999999998	0.008571635183894076
1831.6519999999998	0.008571635183894076
1831.7959999999998	0.00857279996649822
1831.9389999999999	0.00857571192300858
1832.0829999999999	0.008579206270821012
1832.2269999999999	0.008581535836029299
1832.3709999999999	0.008583283009935515
1832.514	0.008583283009935515
1832.6589999999999	0.008583283009935515
1832.8029999999999	0.00858503018384173
1832.946	0.008585612575143804
1833.09	0.008586777357747946
1833.234	0.008587942140352089
1833.378	0.008589689314258304
1833.521	0.008587942140352089
1833.666	0.008587942140352089
1833.81	0.008589689314258304
1833.954	0.008589689314258304
1834.097	0.008591436488164522
1834.241	0.008591436488164522
1834.385	0.008591436488164522
1834.5279999999998	0.008591436488164522
1834.673	0.008591436488164522
1834.818	0.008591436488164522
1834.962	0.008593183662070738
1835.1049999999998	0.008594930835976953
1835.2489999999998	0.008596678009883167
1835.3929999999998	0.008598425183789383
1835.5359999999998	0.008598425183789383
1835.6799999999998	0.008600172357695599
1835.8239999999998	0.00860308431420596
1835.9679999999998	0.008604249096810103
1836.1119999999999	0.008604249096810103
1836.2559999999999	0.008604249096810103
1836.3999999999999	0.008604249096810103
1836.5459999999998	0.008604249096810103
1836.687	0.008604249096810103
1836.831	0.008604249096810103
1836.975	0.008604249096810103
1837.119	0.008604249096810103
1837.263	0.008604249096810103
1837.407	0.008604249096810103
1837.55	0.008604249096810103
1837.694	0.008604249096810103
1837.838	0.008604249096810103
1837.982	0.008604249096810103
1838.126	0.008604249096810103
1838.27	0.008604249096810103
1838.414	0.008604249096810103
1838.5569999999998	0.008604249096810103
1838.7009999999998	0.008604249096810103
1838.8449999999998	0.008604249096810103
1838.9889999999998	0.008604249096810103
1839.1329999999998	0.008604249096810103
1839.2769999999998	0.008604249096810103
1839.4209999999998	0.008604249096810103
1839.5639999999999	0.008604249096810103
1839.7079999999999	0.008604249096810103
1839.8519999999999	0.008604249096810103
1839.9959999999999	0.008604249096810103
1840.139	0.008604249096810103
1840.2839999999999	0.008604249096810103
1840.4279999999999	0.008604249096810103
1840.571	0.008604249096810103
1840.715	0.008604831488112174
1840.859	0.00860657866201839
1841.003	0.008607743444622534
1841.148	0.008607743444622534
1841.29	0.008607743444622534
1841.434	0.008610073009830823
1841.578	0.008610073009830823
1841.722	0.00861240257503911
1841.866	0.00861240257503911
1842.01	0.00861240257503911
1842.1529999999998	0.008613567357643254
1842.2969999999998	0.008613567357643254
1842.4409999999998	0.008613567357643254
1842.5849999999998	0.008613567357643254
1842.7289999999998	0.008613567357643254
1842.8729999999998	0.008613567357643254
1843.0169999999998	0.008613567357643254
1843.1609999999998	0.008613567357643254
1843.3049999999998	0.008613567357643254
1843.4479999999999	0.008613567357643254
1843.5919999999999	0.00861240257503911
1843.7359999999999	0.008610073009830823
1843.8799999999999	0.008607743444622534
1844.024	0.008607743444622534
1844.167	0.008607743444622534
1844.311	0.008607743444622534
1844.455	0.008607743444622534
1844.599	0.008607743444622534
1844.743	0.008607743444622534
1844.887	0.008607743444622534
1845.031	0.008607743444622534
1845.174	0.008607743444622534
1845.318	0.008607743444622534
1845.462	0.008607743444622534
1845.607	0.008607743444622534
1845.75	0.008607743444622534
1845.894	0.008610073009830823
1846.038	0.008610073009830823
1846.1809999999998	0.008610073009830823
1846.3249999999998	0.00861240257503911
1846.4689999999998	0.00861240257503911
1846.6129999999998	0.00861240257503911
1846.7569999999998	0.008613567357643254
1846.9009999999998	0.008613567357643254
1847.0439999999999	0.008618226488059828
1847.1879999999999	0.00862172083587226
1847.3319999999999	0.00862172083587226
1847.4759999999999	0.00862172083587226
1847.62	0.008623468009778475
1847.764	0.008625215183684691
1847.908	0.008625797574986764
1848.051	0.00862754474889298
1848.195	0.008628709531497122
1848.339	0.008629291922799195
1848.484	0.008631039096705411
1848.627	0.008633368661913696
1848.771	0.008635115835819912
1848.916	0.0086374454010282
1849.059	0.008640357357538559
1849.202	0.008641522140142703
1849.346	0.008641522140142703
1849.49	0.008641522140142703
1849.6329999999998	0.00864385170535099
1849.7779999999998	0.008647346053163424
1849.9209999999998	0.008647346053163424
1850.0649999999998	0.008647346053163424
1850.2089999999998	0.008647346053163424
1850.3529999999998	0.008647346053163424
1850.4969999999998	0.008647346053163424
1850.6399999999999	0.008647346053163424
1850.7849999999999	0.008647346053163424
1850.9279999999999	0.008647346053163424
1851.0729999999999	0.008647346053163424
1851.216	0.00864385170535099
1851.36	0.00864385170535099
1851.504	0.008641522140142703
1851.647	0.008641522140142703
1851.792	0.008641522140142703
1851.935	0.008640357357538559
1852.079	0.0086374454010282
1852.223	0.008635115835819912
1852.368	0.008633368661913696
1852.512	0.008632203879309554
1852.655	0.008631039096705411
1852.799	0.008629291922799195
1852.943	0.008629291922799195
1853.087	0.008629291922799195
1853.231	0.008628709531497122
1853.375	0.008628709531497122
1853.519	0.00862754474889298
1853.666	0.00862754474889298
1853.8059999999998	0.00862754474889298
1853.9499999999998	0.008626379966288835
1854.0939999999998	0.008625797574986764
1854.2379999999998	0.008625797574986764
1854.3819999999998	0.008625797574986764
1854.5259999999998	0.008625797574986764
1854.6689999999999	0.008625797574986764
1854.8139999999999	0.008625797574986764
1854.9569999999999	0.008625797574986764
1855.1009999999999	0.008625797574986764
1855.244	0.008625797574986764
1855.389	0.008625797574986764
1855.532	0.008625797574986764
1855.676	0.008625797574986764
1855.82	0.008623468009778475
1855.964	0.008623468009778475
1856.1119999999999	0.008623468009778475
1856.2549999999999	0.00862172083587226
1856.396	0.00862172083587226
1856.539	0.00862172083587226
1856.683	0.00862172083587226
1856.827	0.00862172083587226
1856.971	0.008619973661966044
1857.115	0.008618226488059828
1857.2579999999998	0.008618226488059828
1857.4029999999998	0.008618226488059828
1857.5459999999998	0.008618226488059828
1857.6899999999998	0.008618226488059828
1857.8339999999998	0.008618226488059828
1857.9779999999998	0.008619973661966044
1858.1219999999998	0.008619973661966044
1858.2649999999999	0.00862172083587226
1858.4089999999999	0.00862172083587226
1858.5529999999999	0.00862172083587226
1858.697	0.00862172083587226
1858.841	0.00862172083587226
1858.985	0.00862172083587226
1859.129	0.00862172083587226
1859.272	0.00862172083587226
1859.417	0.00862172083587226
1859.56	0.008619973661966044
1859.704	0.008619973661966044
1859.848	0.008619973661966044
1859.992	0.008619973661966044
1860.136	0.008618226488059828
1860.279	0.008616479314153613
1860.423	0.008613567357643254
1860.567	0.008616479314153613
1860.711	0.008618226488059828
1860.8549999999998	0.008618226488059828
1860.9989999999998	0.008619973661966044
1861.1429999999998	0.008619973661966044
1861.2859999999998	0.008619973661966044
1861.4299999999998	0.008618226488059828
1861.5739999999998	0.008619973661966044
1861.7179999999998	0.008619973661966044
1861.8619999999999	0.00862172083587226
1862.0059999999999	0.00862172083587226
1862.1499999999999	0.00862172083587226
1862.293	0.00862172083587226
1862.437	0.00862172083587226
1862.581	0.00862172083587226
1862.725	0.00862172083587226
1862.869	0.00862172083587226
1863.014	0.008624050401080548
1863.157	0.008626379966288835
1863.3	0.008626379966288835
1863.444	0.008626379966288835
1863.588	0.008626379966288835
1863.734	0.008626379966288835
1863.876	0.008626379966288835
1864.02	0.008626379966288835
1864.163	0.008626379966288835
1864.3069999999998	0.008626379966288835
1864.4509999999998	0.008626379966288835
1864.5949999999998	0.008626379966288835
1864.7389999999998	0.008626379966288835
1864.8829999999998	0.008626379966288835
1865.0269999999998	0.008626379966288835
1865.1699999999998	0.008626379966288835
1865.3139999999999	0.008626379966288835
1865.4579999999999	0.008626379966288835
1865.6019999999999	0.008626379966288835
1865.7459999999999	0.008626379966288835
1865.8899999999999	0.008626379966288835
1866.0339999999999	0.008626379966288835
1866.177	0.008626379966288835
1866.321	0.008626379966288835
1866.465	0.008626379966288835
1866.609	0.008626379966288835
1866.752	0.008626379966288835
1866.896	0.008626379966288835
1867.04	0.008626379966288835
1867.184	0.008626379966288835
1867.328	0.00862754474889298
1867.472	0.00862754474889298
1867.616	0.00862754474889298
1867.7589999999998	0.00862754474889298
1867.904	0.008626379966288835
1868.0469999999998	0.008626379966288835
1868.1909999999998	0.00862754474889298
1868.337	0.00862754474889298
1868.4789999999998	0.00862754474889298
1868.6229999999998	0.00862754474889298
1868.7659999999998	0.008626379966288835
1868.9109999999998	0.008624632792382618
1869.0539999999999	0.008622885618476402
1869.1979999999999	0.008622303227174331
1869.3419999999999	0.00862172083587226
1869.4859999999999	0.00862172083587226
1869.6299999999999	0.00862172083587226
1869.774	0.008620556053268117
1869.918	0.008618808879361901
1870.062	0.008618808879361901
1870.206	0.008618226488059828
1870.35	0.008616479314153613
1870.494	0.008616479314153613
1870.638	0.008616479314153613
1870.781	0.008616479314153613
1870.925	0.008618226488059828
1871.069	0.008618808879361901
1871.213	0.008620556053268117
1871.356	0.00862172083587226
1871.501	0.00862172083587226
1871.645	0.008622303227174331
1871.788	0.008622885618476402
1871.9319999999998	0.008624632792382618
1872.0759999999998	0.00862754474889298
1872.2199999999998	0.008628709531497122
1872.3629999999998	0.008630456705403338
1872.5069999999998	0.008632203879309554
1872.6509999999998	0.008632203879309554
1872.7969999999998	0.008632203879309554
1872.9389999999999	0.008630456705403338
1873.0829999999999	0.008630456705403338
1873.2269999999999	0.008632203879309554
1873.37	0.008630456705403338
1873.5149999999999	0.008630456705403338
1873.658	0.008630456705403338
1873.802	0.008630456705403338
1873.946	0.008630456705403338
1874.09	0.008630456705403338
1874.234	0.008630456705403338
1874.377	0.008630456705403338
1874.521	0.008630456705403338
1874.665	0.008628709531497122
1874.809	0.008628709531497122
1874.953	0.00862754474889298
1875.097	0.008624632792382618
1875.241	0.008622885618476402
1875.3839999999998	0.008622303227174331
1875.5279999999998	0.00862172083587226
1875.6719999999998	0.00862172083587226
1875.8159999999998	0.008620556053268117
1875.9599999999998	0.008618808879361901
1876.1039999999998	0.008618226488059828
1876.2479999999998	0.008618226488059828
1876.3909999999998	0.008618226488059828
1876.5369999999998	0.008618226488059828
1876.6789999999999	0.008618226488059828
1876.8229999999999	0.008618226488059828
1876.9679999999998	0.008618226488059828
1877.1109999999999	0.008618226488059828
1877.2549999999999	0.008616479314153613
1877.398	0.008616479314153613
1877.542	0.008616479314153613
1877.686	0.008616479314153613
1877.83	0.008616479314153613
1877.974	0.008616479314153613
1878.118	0.008616479314153613
1878.261	0.008616479314153613
1878.405	0.008616479314153613
1878.549	0.008618226488059828
1878.693	0.008618808879361901
1878.837	0.008618808879361901
1878.981	0.008618808879361901
1879.125	0.008618808879361901
1879.2679999999998	0.008618808879361901
1879.4119999999998	0.008620556053268117
1879.5559999999998	0.00862172083587226
1879.6999999999998	0.008622303227174331
1879.8429999999998	0.008622885618476402
1879.9879999999998	0.008624632792382618
1880.1309999999999	0.00862754474889298
1880.2749999999999	0.008628709531497122
1880.4189999999999	0.008628709531497122
1880.5629999999999	0.008630456705403338
1880.7069999999999	0.008632203879309554
1880.85	0.008633368661913696
1880.994	0.00863453344451784
1881.138	0.008635115835819912
1881.282	0.008635698227121985
1881.426	0.008635698227121985
1881.57	0.0086374454010282
1881.714	0.008640357357538559
1881.86	0.008641522140142703
1882.002	0.008642104531444775
1882.145	0.008642104531444775
1882.289	0.008642104531444775
1882.433	0.008642104531444775
1882.577	0.008642104531444775
1882.721	0.008642104531444775
1882.8639999999998	0.008642686922746848
1883.0079999999998	0.008644434096653063
1883.1519999999998	0.008647346053163424
1883.2959999999998	0.008650258009673784
1883.4399999999998	0.008652005183579997
1883.5839999999998	0.008652005183579997
1883.7279999999998	0.008652005183579997
1883.8709999999999	0.008652005183579997
1884.0149999999999	0.008652005183579997
1884.1589999999999	0.008652005183579997
1884.3029999999999	0.008652005183579997
1884.447	0.008652005183579997
1884.591	0.008652005183579997
1884.735	0.008652005183579997
1884.878	0.008652005183579997
1885.022	0.008652005183579997
1885.166	0.008652005183579997
1885.31	0.008652005183579997
1885.453	0.008652005183579997
1885.598	0.008652005183579997
1885.742	0.008653752357486213
1885.885	0.008655499531392429
1886.029	0.008655499531392429
1886.173	0.008655499531392429
1886.317	0.008655499531392429
1886.4599999999998	0.008655499531392429
1886.6049999999998	0.008655499531392429
1886.7479999999998	0.008655499531392429
1886.8919999999998	0.008655499531392429
1887.0359999999998	0.008655499531392429
1887.1799999999998	0.008655499531392429
1887.3249999999998	0.008655499531392429
1887.4679999999998	0.008655499531392429
1887.6119999999999	0.008655499531392429
1887.7559999999999	0.008653752357486213
1887.8999999999999	0.008653752357486213
1888.0439999999999	0.008653752357486213
1888.1879999999999	0.008652005183579997
1888.3319999999999	0.008652005183579997
1888.475	0.008652005183579997
1888.619	0.008650258009673784
1888.763	0.008647346053163424
1888.907	0.008647346053163424
1889.051	0.008647346053163424
1889.195	0.008647346053163424
1889.339	0.008647346053163424
1889.482	0.008647346053163424
1889.626	0.008647346053163424
1889.77	0.008647346053163424
1889.914	0.008647346053163424
1890.0569999999998	0.008647346053163424
1890.202	0.008647346053163424
1890.346	0.008647346053163424
1890.4889999999998	0.008644434096653063
1890.6329999999998	0.008642686922746848
1890.7769999999998	0.008642686922746848
1890.9219999999998	0.008644434096653063
1891.0639999999999	0.008642686922746848
1891.2089999999998	0.008640939748840632
1891.3519999999999	0.008640939748840632
1891.4959999999999	0.008638610183632343
1891.6399999999999	0.008636863009726128
1891.7839999999999	0.008636863009726128
1891.9279999999999	0.008636863009726128
1892.071	0.008636863009726128
1892.215	0.008636863009726128
1892.359	0.008636863009726128
1892.503	0.008635698227121985
1892.647	0.008635698227121985
1892.791	0.008635698227121985
1892.935	0.008635698227121985
1893.078	0.008635698227121985
1893.222	0.008635698227121985
1893.366	0.008635698227121985
1893.51	0.008635698227121985
1893.654	0.008635115835819912
1893.798	0.00863453344451784
1893.942	0.00863453344451784
1894.0849999999998	0.00863453344451784
1894.2289999999998	0.00863453344451784
1894.3729999999998	0.00863453344451784
1894.5169999999998	0.00863453344451784
1894.6609999999998	0.008635115835819912
1894.8049999999998	0.008635698227121985
1894.9489999999998	0.008635698227121985
1895.0919999999999	0.008636863009726128
1895.2359999999999	0.008638610183632343
1895.3799999999999	0.008640939748840632
1895.524	0.008642686922746848
1895.668	0.008644434096653063
1895.812	0.008644434096653063
1895.955	0.008647346053163424
1896.099	0.008650258009673784
1896.243	0.008650258009673784
1896.387	0.008652005183579997
1896.531	0.008652005183579997
1896.675	0.008652005183579997
1896.818	0.008653752357486213
1896.962	0.008657246705298645
1897.106	0.00865899387920486
1897.25	0.008659576270506932
1897.394	0.008659576270506932
1897.538	0.008659576270506932
1897.6819999999998	0.00865899387920486
1897.8259999999998	0.00865899387920486
1897.9689999999998	0.00865899387920486
1898.1129999999998	0.008657246705298645
1898.2569999999998	0.008653752357486213
1898.4009999999998	0.008652005183579997
1898.5439999999999	0.008652005183579997
1898.6909999999998	0.008652005183579997
1898.8319999999999	0.008650258009673784
1898.9759999999999	0.008647346053163424
1899.12	0.008645598879257206
1899.264	0.008645598879257206
1899.408	0.008645598879257206
1899.551	0.008645598879257206
1899.695	0.00864385170535099
1899.839	0.008642686922746848
1899.983	0.008640939748840632
1900.127	0.008639192574934416
1900.271	0.008640939748840632
1900.415	0.008640939748840632
1900.558	0.008640939748840632
1900.702	0.008640939748840632
1900.846	0.008642686922746848
1900.99	0.008642686922746848
1901.1339999999998	0.00864385170535099
1901.2779999999998	0.008645598879257206
1901.4219999999998	0.008647346053163424
1901.567	0.008650258009673784
1901.7089999999998	0.008652005183579997
1901.8529999999998	0.008652005183579997
1901.9969999999998	0.008652005183579997
1902.1409999999998	0.008652005183579997
1902.2849999999999	0.008652005183579997
1902.4279999999999	0.008653752357486213
1902.572	0.008657246705298645
1902.716	0.00865899387920486
1902.86	0.00865899387920486
1903.004	0.00865899387920486
1903.147	0.008659576270506932
1903.292	0.00865899387920486
1903.435	0.008657829096600716
1903.579	0.008657829096600716
1903.723	0.0086560819226945
1903.867	0.0086560819226945
1904.011	0.008653752357486213
1904.154	0.008652005183579997
1904.299	0.008653752357486213
1904.442	0.0086560819226945
1904.587	0.0086560819226945
1904.731	0.008653752357486213
1904.875	0.008652005183579997
1905.019	0.008652005183579997
1905.163	0.008652005183579997
1905.3069999999998	0.008650258009673784
1905.4499999999998	0.008647346053163424
1905.5939999999998	0.008645598879257206
1905.7379999999998	0.00864385170535099
1905.8819999999998	0.008642686922746848
1906.0259999999998	0.008642686922746848
1906.1689999999999	0.008642686922746848
1906.3129999999999	0.008640939748840632
1906.4569999999999	0.008640939748840632
1906.6009999999999	0.008640939748840632
1906.745	0.008640939748840632
1906.889	0.008640939748840632
1907.033	0.008640939748840632
1907.176	0.008642686922746848
1907.32	0.008642686922746848
1907.464	0.00864385170535099
1907.608	0.00864385170535099
1907.752	0.00864385170535099
1907.896	0.00864385170535099
1908.039	0.00864385170535099
1908.183	0.00864385170535099
1908.327	0.00864385170535099
1908.471	0.00864385170535099
1908.615	0.008642686922746848
1908.7589999999998	0.008640939748840632
1908.9029999999998	0.008640939748840632
1909.048	0.008640939748840632
1909.1899999999998	0.008639192574934416
1909.3339999999998	0.008640939748840632
1909.4779999999998	0.008642686922746848
1909.6209999999999	0.00864385170535099
1909.7659999999998	0.008645598879257206
1909.9099999999999	0.008647346053163424
1910.0529999999999	0.008650258009673784
1910.197	0.008652005183579997
1910.341	0.008652005183579997
1910.485	0.008652005183579997
1910.628	0.008652005183579997
1910.773	0.008652005183579997
1910.917	0.008652005183579997
1911.06	0.008650258009673784
1911.204	0.008647346053163424
1911.348	0.008647346053163424
1911.492	0.008647346053163424
1911.635	0.008650258009673784
1911.78	0.008652005183579997
1911.923	0.008650258009673784
1912.067	0.008652005183579997
1912.211	0.008650258009673784
1912.3549999999998	0.008650258009673784
1912.4989999999998	0.008650258009673784
1912.6419999999998	0.008647346053163424
1912.7869999999998	0.008647346053163424
1912.9299999999998	0.008647346053163424
1913.0739999999998	0.008650258009673784
1913.2179999999998	0.008650258009673784
1913.367	0.008652005183579997
1913.5059999999999	0.008649093227069637
1913.649	0.008649093227069637
1913.793	0.008652005183579997
1913.937	0.008652005183579997
1914.081	0.008652587574882069
1914.225	0.008652587574882069
1914.369	0.008652587574882069
1914.513	0.008652587574882069
1914.656	0.008652587574882069
1914.8	0.008652587574882069
1914.944	0.008652587574882069
1915.088	0.008652587574882069
1915.232	0.008652587574882069
1915.376	0.008652587574882069
1915.52	0.008652587574882069
1915.663	0.008652587574882069
1915.8069999999998	0.008652587574882069
1915.9509999999998	0.008652587574882069
1916.0949999999998	0.008652587574882069
1916.2379999999998	0.008652587574882069
1916.3829999999998	0.008652587574882069
1916.5269999999998	0.008652587574882069
1916.6699999999998	0.008652587574882069
1916.8139999999999	0.008652587574882069
1916.9579999999999	0.008652587574882069
1917.1019999999999	0.008652005183579997
1917.2459999999999	0.008652005183579997
1917.3899999999999	0.008649093227069637
1917.533	0.00864618127055928
1917.677	0.008645598879257206
1917.821	0.008645016487955135
1917.965	0.00864385170535099
1918.11	0.008642686922746848
1918.252	0.008642686922746848
1918.396	0.008640939748840632
1918.54	0.008639192574934416
1918.685	0.008639192574934416
1918.829	0.008639192574934416
1918.973	0.008638610183632343
1919.116	0.008638610183632343
1919.26	0.008638610183632343
1919.4029999999998	0.008638610183632343
1919.5469999999998	0.008638610183632343
1919.6909999999998	0.008638610183632343
1919.8349999999998	0.008638610183632343
1919.9789999999998	0.008638610183632343
1920.1229999999998	0.008638610183632343
1920.2659999999998	0.008638610183632343
1920.4099999999999	0.008638610183632343
1920.5539999999999	0.008638610183632343
1920.6979999999999	0.008638610183632343
1920.8419999999999	0.008638027792330272
1920.9859999999999	0.008636280618424056
1921.1299999999999	0.008638027792330272
1921.273	0.008638027792330272
1921.417	0.008638027792330272
1921.561	0.008636280618424056
1921.705	0.008636280618424056
1921.849	0.008636280618424056
1921.993	0.008636280618424056
1922.137	0.008636280618424056
1922.281	0.00863453344451784
1922.425	0.00863453344451784
1922.569	0.008633368661913696
1922.713	0.008633368661913696
1922.857	0.008632203879309554
1923.001	0.008633368661913696
1923.145	0.00863453344451784
1923.288	0.00863453344451784
1923.4319999999998	0.00863453344451784
1923.5759999999998	0.00863453344451784
1923.7199999999998	0.008636280618424056
1923.8629999999998	0.008638027792330272
1924.0079999999998	0.008638610183632343
1924.1509999999998	0.008639192574934416
1924.2949999999998	0.008640939748840632
1924.4389999999999	0.00864385170535099
1924.5829999999999	0.008645016487955135
1924.7269999999999	0.008645598879257206
1924.87	0.008647928444465495
1925.0149999999999	0.008651422792277926
1925.158	0.008651422792277926
1925.302	0.008651422792277926
1925.446	0.008651422792277926
1925.59	0.008652587574882069
1925.734	0.008652587574882069
1925.877	0.008652587574882069
1926.022	0.008654334748788284
1926.165	0.008655499531392429
1926.309	0.0086560819226945
1926.453	0.008656664313996573
1926.597	0.008656664313996573
1926.741	0.008656664313996573
1926.8839999999998	0.008657829096600716
1927.0279999999998	0.008657829096600716
1927.176	0.008657829096600716
1927.3159999999998	0.00865899387920486
1927.4599999999998	0.00865899387920486
1927.6039999999998	0.00865899387920486
1927.7479999999998	0.00865899387920486
1927.8909999999998	0.00865899387920486
1928.0349999999999	0.008659576270506932
1928.1809999999998	0.008661323444413147
1928.3229999999999	0.008662488227017292
1928.4669999999999	0.008662488227017292
1928.6109999999999	0.008662488227017292
1928.7549999999999	0.008663070618319363
1928.898	0.008663070618319363
1929.042	0.008664817792225579
1929.186	0.008667729748735939
1929.33	0.008664817792225579
1929.474	0.008667729748735939
1929.618	0.008669476922642154
1929.762	0.008669476922642154
1929.905	0.008669476922642154
1930.049	0.008667729748735939
1930.193	0.008664817792225579
1930.337	0.008663070618319363
1930.481	0.008662488227017292
1930.625	0.008662488227017292
1930.7679999999998	0.008662488227017292
1930.9119999999998	0.008662488227017292
1931.0559999999998	0.008661323444413147
1931.1999999999998	0.008659576270506932
1931.3439999999998	0.008659576270506932
1931.4879999999998	0.00865899387920486
1931.6319999999998	0.00865899387920486
1931.7759999999998	0.00865899387920486
1931.9189999999999	0.00865899387920486
1932.0649999999998	0.008657829096600716
1932.2069999999999	0.008657829096600716
1932.35	0.008656664313996573
1932.495	0.0086560819226945
1932.639	0.008655499531392429
1932.783	0.008655499531392429
1932.927	0.008654334748788284
1933.071	0.008652587574882069
1933.215	0.008650840400975853
1933.358	0.00864967561837171
1933.502	0.008647928444465495
1933.645	0.00864618127055928
1933.79	0.008645598879257206
1933.933	0.008645016487955135
1934.077	0.008645016487955135
1934.221	0.008642104531444775
1934.3639999999998	0.008642104531444775
1934.5089999999998	0.008639192574934416
1934.6519999999998	0.008642104531444775
1934.7959999999998	0.008642104531444775
1934.9399999999998	0.008645016487955135
1935.0839999999998	0.008645598879257206
1935.2279999999998	0.00864618127055928
1935.3709999999999	0.00864618127055928
1935.5159999999998	0.00864618127055928
1935.6589999999999	0.00864618127055928
1935.8029999999999	0.00864618127055928
1935.947	0.00864618127055928
1936.091	0.00864618127055928
1936.2359999999999	0.00864618127055928
1936.378	0.00864618127055928
1936.522	0.00864618127055928
1936.666	0.00864618127055928
1936.81	0.00864618127055928
1936.954	0.00864618127055928
1937.098	0.00864618127055928
1937.242	0.00864618127055928
1937.385	0.00864618127055928
1937.529	0.00864618127055928
1937.673	0.00864618127055928
1937.817	0.00864618127055928
1937.961	0.00864618127055928
1938.1049999999998	0.008647928444465495
1938.2489999999998	0.008647928444465495
1938.3919999999998	0.008647928444465495
1938.5359999999998	0.00864967561837171
1938.6799999999998	0.008650840400975853
1938.8239999999998	0.008652587574882069
1938.9679999999998	0.008654334748788284
1939.1119999999999	0.008655499531392429
1939.2559999999999	0.008655499531392429
1939.399	0.008655499531392429
1939.543	0.008655499531392429
1939.6879999999999	0.008654334748788284
1939.8319999999999	0.008652587574882069
1939.9759999999999	0.008650840400975853
1940.12	0.00864967561837171
1940.264	0.008647928444465495
1940.407	0.00864618127055928
1940.551	0.008645598879257206
1940.695	0.008645016487955135
1940.839	0.008645016487955135
1940.982	0.008645016487955135
1941.127	0.00864385170535099
1941.27	0.008640939748840632
1941.414	0.008640939748840632
1941.558	0.008640939748840632
1941.702	0.008639192574934416
1941.846	0.008640939748840632
1941.9889999999998	0.00864385170535099
1942.1329999999998	0.008640939748840632
1942.2769999999998	0.008640939748840632
1942.4209999999998	0.008639192574934416
1942.5649999999998	0.008639192574934416
1942.7089999999998	0.008639192574934416
1942.8529999999998	0.008639192574934416
1942.9959999999999	0.008639192574934416
1943.1399999999999	0.008638610183632343
1943.2839999999999	0.008636863009726128
1943.4279999999999	0.008635698227121985
1943.572	0.008635115835819912
1943.7199999999998	0.008633368661913696
1943.86	0.008633368661913696
1944.003	0.008635115835819912
1944.147	0.008635698227121985
1944.291	0.008636863009726128
1944.435	0.008636863009726128
1944.579	0.008638610183632343
1944.723	0.008638610183632343
1944.867	0.008636863009726128
1945.01	0.008635698227121985
1945.154	0.008635115835819912
1945.298	0.008633368661913696
1945.442	0.008632203879309554
1945.586	0.008632203879309554
1945.7299999999998	0.008631039096705411
1945.8739999999998	0.008631039096705411
1946.0179999999998	0.008631039096705411
1946.1609999999998	0.008631039096705411
1946.3049999999998	0.008631039096705411
1946.4489999999998	0.008631039096705411
1946.5929999999998	0.008631039096705411
1946.7369999999999	0.008629874314101267
1946.8809999999999	0.008629874314101267
1947.0249999999999	0.008629874314101267
1947.168	0.008629874314101267
1947.3129999999999	0.008629874314101267
1947.455	0.008629874314101267
1947.6	0.008629874314101267
1947.744	0.008629874314101267
1947.887	0.008629874314101267
1948.031	0.008629874314101267
1948.175	0.008629874314101267
1948.319	0.008629874314101267
1948.462	0.008629874314101267
1948.607	0.008631039096705411
1948.751	0.008632203879309554
1948.894	0.008632203879309554
1949.038	0.008633368661913696
1949.1819999999998	0.008635115835819912
1949.3259999999998	0.008635698227121985
1949.4689999999998	0.008636863009726128
1949.6129999999998	0.008636863009726128
1949.7569999999998	0.008636863009726128
1949.9009999999998	0.008636863009726128
1950.0449999999998	0.008636863009726128
1950.1889999999999	0.008636863009726128
1950.3329999999999	0.008638610183632343
1950.4759999999999	0.008639192574934416
1950.62	0.008639192574934416
1950.764	0.008640357357538559
1950.908	0.008642104531444775
1951.052	0.00864385170535099
1951.196	0.00864385170535099
1951.34	0.008645598879257206
1951.483	0.008645598879257206
1951.627	0.008645598879257206
1951.771	0.008645598879257206
1951.915	0.008645598879257206
1952.059	0.008645598879257206
1952.203	0.00864618127055928
1952.347	0.00864618127055928
1952.49	0.008645598879257206
1952.6339999999998	0.00864618127055928
1952.7779999999998	0.00864618127055928
1952.9219999999998	0.00864618127055928
1953.0659999999998	0.00864618127055928
1953.2099999999998	0.00864618127055928
1953.3539999999998	0.00864618127055928
1953.4969999999998	0.00864618127055928
1953.6409999999998	0.008647346053163424
1953.7849999999999	0.00864909322706964
1953.9289999999999	0.00864967561837171
1954.072	0.008650840400975853
1954.2169999999999	0.008652587574882069
1954.3619999999999	0.008654334748788284
1954.504	0.008655499531392429
1954.648	0.008655499531392429
1954.792	0.008655499531392429
1954.936	0.008655499531392429
1955.079	0.008655499531392429
1955.223	0.0086560819226945
1955.367	0.008657829096600716
1955.511	0.00865899387920486
1955.655	0.008659576270506932
1955.799	0.008661323444413147
1955.943	0.008662488227017292
1956.086	0.008662488227017292
1956.2299999999998	0.008667147357433867
1956.3739999999998	0.008671806487850443
1956.5179999999998	0.008671806487850443
1956.6619999999998	0.008672388879152514
1956.8059999999998	0.008672971270454586
1956.9499999999998	0.00867413605305873
1957.0929999999998	0.008675300835662874
1957.2379999999998	0.008675883226964946
1957.3819999999998	0.008676465618267017
1957.5259999999998	0.008676465618267017
1957.6699999999998	0.008676465618267017
1957.8139999999999	0.008678212792173233
1957.9569999999999	0.008678212792173233
1958.1009999999999	0.008678212792173233
1958.245	0.008678212792173233
1958.3919999999998	0.008678212792173233
1958.533	0.008678212792173233
1958.677	0.008679959966079448
1958.821	0.008679959966079448
1958.964	0.008681124748683593
1959.108	0.008684036705193951
1959.252	0.008685783879100167
1959.396	0.00868636627040224
1959.54	0.008686948661704311
1959.683	0.008688113444308455
1959.828	0.008688113444308455
1959.972	0.008689278226912598
1960.116	0.008689860618214671
1960.2589999999998	0.008689860618214671
1960.4029999999998	0.008689860618214671
1960.5469999999998	0.008689860618214671
1960.6899999999998	0.008691607792120887
1960.8349999999998	0.008694519748631245
1960.9779999999998	0.00869626692253746
1961.1229999999998	0.00869626692253746
1961.2669999999998	0.008698014096443676
1961.4099999999999	0.008699761270349894
1961.5539999999999	0.008700926052954038
1961.697	0.008700926052954038
1961.841	0.00870209083555818
1961.985	0.008702673226860254
1962.129	0.008703255618162325
1962.273	0.00870442040076647
1962.417	0.008707332357276828
1962.56	0.00871082670508926
1962.704	0.008713156270297544
1962.848	0.008713156270297544
1962.992	0.008713738661599617
1963.136	0.008714903444203762
1963.28	0.008714903444203762
1963.426	0.008714903444203762
1963.568	0.008716650618109978
1963.711	0.008716650618109978
1963.8549999999998	0.008717233009412049
1963.9989999999998	0.008718397792016193
1964.1429999999998	0.00872014496592241
1964.2869999999998	0.00872014496592241
1964.4309999999998	0.00872014496592241
1964.5739999999998	0.008721892139828626
1964.7179999999998	0.008724804096338985
1964.8619999999999	0.008728880835453487
1965.0059999999999	0.008734122357172134
1965.149	0.008737034313682494
1965.2939999999999	0.008741693444099068
1965.437	0.008746934965817715
1965.581	0.008748682139723931
1965.725	0.008749846922328075
1965.869	0.008750429313630147
1966.013	0.008753923661442578
1966.156	0.008756835617952938
1966.301	0.00875741800925501
1966.446	0.00875800040055708
1966.588	0.008761494748369514
1966.732	0.008764989096181945
1966.876	0.008764989096181945
1967.02	0.008766153878786088
1967.163	0.008767901052692303
1967.308	0.008768483443994377
1967.4509999999998	0.00876964822659852
1967.5949999999998	0.008771977791806808
1967.7389999999998	0.008773724965713024
1967.8829999999998	0.00877605453092131
1968.0269999999998	0.008779548878733742
1968.1699999999998	0.008782460835244102
1968.3139999999999	0.008783625617848245
1968.4579999999999	0.008783625617848245
1968.6019999999999	0.008783625617848245
1968.7459999999999	0.00878537279175446
1968.8899999999999	0.008787702356962749
1969.0339999999999	0.00878828474826482
1969.177	0.008790031922171036
1969.321	0.008794691052587612
1969.465	0.008799350183004186
1969.609	0.008801097356910401
1969.753	0.008801679748212474
1969.897	0.008804591704722833
1970.041	0.008806921269931121
1970.184	0.008807503661233193
1970.328	0.008808086052535264
1970.472	0.008809250835139408
1970.616	0.008812162791649768
1970.76	0.0088156571394622
1970.904	0.008817404313368415
1971.0469999999998	0.008819151487274631
1971.1909999999998	0.008823228226389132
1971.3349999999998	0.008826722574201565
1971.4789999999998	0.008826722574201565
1971.6229999999998	0.008826722574201565
1971.7669999999998	0.008826722574201565
1971.9109999999998	0.00882846974810778
1972.0539999999999	0.008829052139409852
1972.1979999999999	0.008829052139409852
1972.3419999999999	0.008829052139409852
1972.4879999999998	0.008830216922013995
1972.6299999999999	0.00883487605243057
1972.773	0.008839535182847146
1972.918	0.008841282356753362
1973.061	0.008841864748055435
1973.205	0.00884361192196165
1973.349	0.008845359095867866
1973.493	0.008846523878472009
1973.637	0.008851183008888585
1973.78	0.008857006921909303
1973.925	0.00885933648711759
1974.068	0.00885933648711759
1974.213	0.00886224844362795
1974.356	0.008866907574044524
1974.502	0.008869237139252813
1974.645	0.008870984313159028
1974.788	0.008873313878367315
1974.9319999999998	0.00887447866097146
1975.0759999999998	0.008875061052273533
1975.2199999999998	0.008878555400085964
1975.365	0.008883214530502538
1975.5079999999998	0.00888670887831497
1975.6519999999998	0.008893697573939832
1975.7949999999998	0.008899521486960552
1975.9389999999999	0.008900103878262624
1976.0829999999999	0.008907674965189558
1976.2269999999999	0.008915828443418565
1976.3709999999999	0.008918158008626852
1976.5149999999999	0.008921652356439283
1976.658	0.008929805834668288
1976.802	0.008943200834615942
1976.946	0.0089606725736781
1977.09	0.008975814747531969
1977.234	0.008997363225708627
1977.378	0.009046284095082667
1977.521	0.009120247790445797
1977.665	0.009164509529403262
1977.809	0.009221001485704233
1977.953	0.00940794909366931
1978.097	0.010348511046515414
1978.24	0.011874958649245839
1978.385	0.013242413426510636
1978.529	0.014453204943518094
1978.6719999999998	0.015548100591413249
1978.8159999999998	0.017426312540595096
1978.9599999999998	0.020408738398505245
1979.1039999999998	0.022326552956227978
1979.2469999999998	0.023037652736057755
1979.3909999999998	0.02382854012427138
1979.5349999999999	0.024540804686705303
1979.6789999999999	0.025244915770910217
1979.8229999999999	0.025963004246364857
1979.9669999999999	0.026663038591455274
1980.1109999999999	0.02732812945842137
1980.254	0.028529020323293606
1980.398	0.030134090751803733
1980.542	0.031249370095271404
1980.686	0.031951151614268036
1980.83	0.0325382020467565
1980.974	0.03294238161039439
1981.118	0.03343159030413478
1981.261	0.033922546171781386
1981.406	0.034301682909430184
1981.552	0.03478856203796228
1981.693	0.03597431072898065
1981.837	0.037493187244784135
1981.981	0.03836677419789197
1982.125	0.038879278543715236
1982.2679999999998	0.03926365680308268
1982.4119999999998	0.03970103267093868
1982.5559999999998	0.04028342397301057
1982.6999999999998	0.04089901157930055
1982.8439999999998	0.041307850273355026
1982.9879999999998	0.04168756940230589
1983.1319999999998	0.04291932700618794
1983.2749999999999	0.0443828763482946
1983.4189999999999	0.04509805286723888
1983.5629999999999	0.04566413721285276
1983.7069999999999	0.04614111568924964
1983.85	0.04651151655736736
1983.995	0.0468877413385058
1984.139	0.04741946459729743
1984.282	0.04787140024770522
1984.4279999999999	0.04821442872462557
1984.57	0.04969079067537781
1984.714	0.05111881414805808
1984.857	0.05159521023315288
1985.002	0.05224981805668169
1985.145	0.052790859576306484
1985.289	0.05306749544479063
1985.433	0.053477498921449235
1985.577	0.05405756065831284
1985.721	0.05456016435200088
1985.8639999999998	0.05489096261157771
1986.0089999999998	0.0563020967364979
1986.1519999999998	0.05756938020980633
1986.2959999999998	0.05787630042599822
1986.4399999999998	0.058512854119162794
1986.5839999999998	0.05901487542154876
1986.7279999999998	0.05952912694127825
1986.8709999999999	0.060073080417413396
1987.0159999999998	0.06071312845839039
1987.1589999999999	0.0612000075869225
1987.3029999999999	0.06144402954249062
1987.447	0.06315451279667575
1987.591	0.06477763735555012
1987.735	0.06515036778887613
1987.878	0.06570480430844858
1988.022	0.0662406043063547
1988.166	0.06662090582660765
1988.31	0.06700644886857925
1988.454	0.06770065930064895
1988.599	0.06823412973334679
1988.745	0.06863656212307848
1988.887	0.07002440059591578
1989.031	0.07132429798214024
1989.174	0.07194745667535717
1989.317	0.07239473319534837
1989.462	0.07250305797753373
1989.6049999999998	0.07293810428018144
1989.7489999999998	0.0737680118856339
1989.8919999999998	0.07423276014468727
1990.0359999999998	0.07460432579540913
1990.1799999999998	0.07557691926986917
1990.3239999999998	0.07699620687301838
1990.4679999999998	0.07799151360825923
1990.6119999999999	0.07854245578001923
1990.7549999999999	0.07906835512579016
1990.899	0.07925646751635938
1991.0449999999998	0.07952786186312488
1991.187	0.08010675881738434
1991.331	0.08052782772878231
1991.475	0.08084406620580736
1991.619	0.08165999642001008
1991.763	0.08306297706670127
1991.906	0.08393248728069458
1992.05	0.08440364184407075
1992.195	0.0849289587985396
1992.338	0.08519103488447194
1992.483	0.08548106575290373
1992.626	0.08602036009862232
1992.77	0.08648685553158189
1992.914	0.08680950031292972
1993.058	0.08767959291822514
1993.202	0.0890412237824692
1993.3449999999998	0.08979716769255852
1993.49	0.09026366312551809
1993.6329999999998	0.0908582846449335
1993.7769999999998	0.09106911029628352
1993.9209999999998	0.09138534877330856
1994.0649999999998	0.09190076507564218
1994.2089999999998	0.09227407790027028
1994.3519999999999	0.09245228963870428
1994.4969999999998	0.09319600333145006
1994.6399999999999	0.094361950718198
1994.7839999999999	0.09491464006386421
1994.9279999999999	0.09521806593224368
1995.072	0.09574513006061874
1995.216	0.0960462263637899
1995.359	0.09639740831893924
1995.504	0.0972849726632968
1995.647	0.09790288983479509
1995.791	0.09801179700828253
1995.935	0.09889586700482766
1996.079	0.10004900178293
1996.223	0.10035650439042396
1996.366	0.10056616525916984
1996.51	0.10105013243119157
1996.654	0.1013541406908731
1996.798	0.1015282756901926
1996.942	0.1020524278620573
1997.086	0.10246068416480969
1997.2299999999998	0.10261909459897324
1997.3739999999998	0.10355849176921521
1997.5169999999998	0.10459980741731975
1997.6609999999998	0.10489915654658472
1997.8049999999998	0.10523810828439055
1997.9489999999998	0.10576866676057803
1998.0929999999998	0.10613091415046674
1998.2369999999999	0.106262534584735
1998.3809999999999	0.10667486762660189
1998.524	0.10708603588586466
1998.668	0.10714136305956146
1998.812	0.1080108732735548
1998.956	0.10908946196499195
1999.1	0.10936318587696572
1999.243	0.1095874065282634
1999.387	0.10997353196153709
1999.531	0.11017795130856431
1999.6789999999999	0.11019076391720989
1999.819	0.11063862282850317
1999.963	0.11108706413109853
2000.107	0.11113132587005599
2000.251	0.11203810912738194
2000.394	0.11300487868882128
2000.538	0.11318076086204698
2000.6819999999998	0.1134288595567296
2000.8259999999998	0.11379285412052455
2000.9689999999998	0.11404386477171753
2001.1139999999998	0.11414520085827802
2001.2579999999998	0.11462683846509149
2001.4009999999998	0.11506945585466613
2001.5449999999998	0.11509391628935314
2001.6889999999999	0.1157269756347053
2001.8329999999999	0.11645205280578479
2001.9759999999999	0.1165656191096888
2002.12	0.11673101823947721
2002.264	0.11713345062920888
2002.408	0.11748288541045201
2002.552	0.11767740410534405
2002.696	0.117993060191067
2002.84	0.1182481475813745
2002.983	0.11833142953757078
2003.1319999999998	0.11919744540375168
2003.272	0.12003608887873521
2003.4189999999999	0.12012985387836878
2003.559	0.1202201245301899
2003.703	0.12037678779044726
2003.847	0.1205293743115901
2003.991	0.1208980280058016
2004.1339999999998	0.12125736343917995
2004.2779999999998	0.1213080314824602
2004.4219999999998	0.12172560604604574
2004.5659999999998	0.12253512995592569
2004.7099999999998	0.123015602780135
2004.8529999999998	0.12306801799732146
2004.9969999999998	0.12329573299643157
2005.1409999999998	0.12359449973439444
2005.2849999999999	0.12373310886428757
2005.4289999999999	0.12401906299360485
2005.5729999999999	0.12425027234052738
2005.7169999999999	0.12432074168807809
2005.8609999999999	0.12470511994744554
2006.004	0.1254249555968064
2006.148	0.12589261581237013
2006.292	0.12603937842049223
2006.436	0.12623739146319668
2006.579	0.12636842950616287
2006.724	0.12639172515824576
2006.868	0.12667360254844856
2007.011	0.1269811051559425
2007.155	0.12704167385135798
2007.299	0.12733461667630014
2007.443	0.12786226319597727
2007.587	0.128248971020553
2007.7299999999998	0.12838583297653988
2007.8739999999998	0.12847377406315275
2008.0179999999998	0.128605394497421
2008.1619999999998	0.12873876210559546
2008.3059999999998	0.12882612080090625
2008.4499999999998	0.12893561036569576
2008.5939999999998	0.1291441064518375
2008.7379999999998	0.12950285949391377
2008.8809999999999	0.12995013601390498
2009.0249999999999	0.13015630253483843
2009.1689999999999	0.1304469157945723
2009.3129999999999	0.13090467535800082
2009.4569999999999	0.1312028597046616
2009.6	0.1313956312256474
2009.7459999999999	0.13197103383209444
2009.889	0.13255750187328083
2010.033	0.13269960535098635
2010.177	0.13341885860904515
2010.321	0.1343809690400679
2010.465	0.134705943386624
2010.608	0.1348200920818301
2010.752	0.1349138570814637
2010.896	0.13508973925468942
2011.04	0.13538734121004814
2011.184	0.1355294446877537
2011.328	0.1356325279482204
2011.471	0.13613396685930432
2011.616	0.13768021576630518
2011.7589999999998	0.13928295662960702
2011.9029999999998	0.1397576055407956
2012.0469999999998	0.1398938851054804
2012.1909999999998	0.14010704032203875
2012.3349999999998	0.1401949814086516
2012.4789999999998	0.14024739662583807
2012.6219999999998	0.14030796532125353
2012.7659999999998	0.1403231074951074
2012.9099999999999	0.14039998314698088
2013.0539999999999	0.14049491292921862
2013.1979999999999	0.1405286916247388
2013.3419999999999	0.14060789684182057
2013.485	0.14070340901536035
2013.629	0.1407727135803069
2013.773	0.14095849640566782
2013.917	0.14116116857878885
2014.061	0.14122581401331885
2014.205	0.14126017510014108
2014.348	0.14138364205618031
2014.493	0.14155777705549982
2014.636	0.1416492124899251
2014.78	0.14173365922872552
2014.924	0.14186003814127512
2015.068	0.14205688640137543
2015.212	0.1422665472701213
2015.356	0.14234109335678652
2015.4989999999998	0.14263228900782243
2015.6429999999998	0.14328689683135126
2015.7869999999998	0.14369049400368708
2015.9309999999998	0.1438063898727994
2016.0749999999998	0.14389782530722467
2016.2179999999998	0.14391122030717232
2016.3619999999999	0.14392578008972412
2016.5059999999999	0.14399100791555616
2016.6499999999999	0.14404982943706546
2016.7939999999999	0.14405565335008616
2016.9379999999999	0.1440795313934711
2017.0819999999999	0.14411331008899128
2017.2259999999999	0.14415291269753217
2017.37	0.14418028508872954
2017.514	0.14419542726258341
2017.657	0.14422105247987457
2017.8039999999999	0.1442373594363326
2017.944	0.14427113813185277
2018.089	0.14430724639258122
2018.232	0.14432588291424753
2018.376	0.1443445194359138
2018.52	0.14435150813153869
2018.664	0.14435267291414283
2018.808	0.14435383769674698
2018.952	0.14438819878356923
2019.096	0.14443071334862045
2019.2389999999998	0.1444551737833075
2019.3829999999998	0.1444784694353904
2019.5269999999998	0.14448720530492143
2019.6709999999998	0.14450292987007735
2019.8149999999998	0.14453030226127475
2019.9589999999998	0.1445501035655452
2020.1029999999998	0.1445768935654405
2020.2459999999999	0.144597277261013
2020.3899999999999	0.14460950747835655
2020.5339999999999	0.14470793160840667
2020.6779999999999	0.14480169660804026
2020.822	0.14486051812954953
2020.965	0.1449502063900686
2021.109	0.14500029204204679
2021.253	0.14501252225939026
2021.397	0.14502358769412962
2021.541	0.14504863052011874
2021.685	0.14508066204173267
2021.829	0.14510162812860727
2021.972	0.1451051224764197
2022.116	0.14510628725902386
2022.26	0.14510919921553422
2022.404	0.14511618791115907
2022.548	0.14514181312845026
2022.692	0.1451738446500642
2022.8349999999998	0.14518549247610563
2022.9789999999998	0.1452023818238657
2023.1229999999998	0.1452227655194382
2023.2669999999998	0.1452687744323019
2023.4109999999998	0.1453514739971961
2023.5549999999998	0.14543184399688203
2023.6979999999999	0.14549765421401617
2023.8419999999999	0.1455355096486508
2023.9859999999999	0.14555589334422336
2024.1299999999999	0.1455774418224
2024.274	0.14564150486562794
2024.418	0.14574633530000086
2024.561	0.14598919247296482
2024.706	0.14622739051551223
2024.849	0.14628155290660494
2024.993	0.1462885416022298
2025.137	0.1463194083412396
2025.281	0.14638696573227994
2025.425	0.14642598594951872
2025.569	0.14646850051456997
2025.712	0.1465343107317041
2025.856	0.14656459507941183
2026.0	0.14671019290492981
2026.144	0.1468686033390934
2026.288	0.146905876382426
2026.4309999999998	0.1469431494257586
2026.5749999999998	0.14698449920820572
2026.7189999999998	0.14700837725159066
2026.865	0.1470363320340901
2027.0069999999998	0.14707011072961026
2027.1519999999998	0.1470794289904434
2027.2959999999998	0.14708408812086
2027.4399999999998	0.14709923029471386
2027.5829999999999	0.14711786681638017
2027.7269999999999	0.1471312618163278
2027.8709999999999	0.14714989833799413
2028.0149999999999	0.14716737007705627
2028.1589999999999	0.1471755235552853
2028.3029999999999	0.14717843551179563
2028.447	0.14719532485955572
2028.59	0.1472308507289821
2028.734	0.14725647594627328
2028.878	0.14727511246793956
2029.022	0.14730423203304316
2029.166	0.14734150507637578
2029.309	0.1473613063806462
2029.453	0.14744750029335285
2029.597	0.1475476715973092
2029.741	0.14756456094506928
2029.886	0.1475849446406418
2030.029	0.14760241637970395
2030.173	0.1476327007274117
2030.317	0.14772996007485772
2030.4599999999998	0.1478312961614182
2030.6039999999998	0.14787555790037568
2030.7479999999998	0.14792389637844766
2030.8919999999998	0.147983300291259
2031.0359999999998	0.14801707898677915
2031.1789999999999	0.1480491105083931
2031.3239999999998	0.14812423898636037
2031.4679999999998	0.14820344420344217
2031.6109999999999	0.14825352985542034
2031.7549999999999	0.14829546202916952
2031.899	0.14832166963776278
2032.043	0.14834438289854357
2032.186	0.1483595250723974
2032.33	0.1483816559418762
2032.474	0.14840320442005284
2032.618	0.14843814789817714
2032.762	0.1484736737676035
2032.906	0.14851910028916512
2033.049	0.14857675702807022
2033.193	0.14862393072353805
2033.337	0.14869672963629704
2033.4859999999999	0.1487398265926504
2033.625	0.14874448572306698
2033.769	0.14875263920129594
2033.913	0.14878001159249332
2034.0569999999998	0.1488038896358783
2034.1999999999998	0.14881087833150314
2034.3439999999998	0.14886445833129375
2034.4879999999998	0.1489279389832196
2034.6319999999998	0.14894715789618795
2034.7749999999999	0.14895356420051076
2034.9189999999999	0.1489815189830102
2035.0629999999999	0.14902112159155112
2035.2069999999999	0.14904965876535264
2035.3509999999999	0.149093338113008
2035.495	0.14912536963462197
2035.639	0.1491393470258717
2035.783	0.1492278705037866
2035.926	0.14931581159039947
2036.07	0.14933736006857615
2036.214	0.14935366702503416
2036.358	0.14936939159019008
2036.502	0.14940491745961648
2036.645	0.149441608111647
2036.789	0.14947713398107337
2036.933	0.14950450637227075
2037.077	0.14951673658961429
2037.221	0.14952547245914535
2037.365	0.14953828506779093
2037.5089999999998	0.1495615807198738
2037.6519999999998	0.14958545876325874
2037.7959999999998	0.14961574311096648
2037.9399999999998	0.14968155332810062
2038.0839999999998	0.1497531874582555
2038.2279999999998	0.14981608571887925
2038.356	0.14987316006648227
2038.5	0.14990053245767965
2038.6429999999998	0.14991916897934593
2038.7869999999998	0.14992906963148117
2038.9309999999998	0.14999313267470907
2039.0749999999998	0.15005544854403077
2039.2189999999998	0.15007233789179086
2039.3629999999998	0.15009738071777995
2039.5059999999999	0.15011135810902967
2039.6499999999999	0.1501212587611649
2039.7939999999999	0.15016843245663272
2039.9379999999999	0.15021327658689226
2040.0819999999999	0.1502225948477254
2040.2259999999999	0.15023424267376684
2040.37	0.15024356093459998
2040.513	0.15025695593454763
2040.657	0.15027559245621397
2040.801	0.150324513325588
2040.945	0.15036411593412888
2041.089	0.15037984049928482
2041.233	0.15045089223813757
2041.376	0.15054349245516702
2041.521	0.1506017315853742
2041.664	0.15066521223730003
2041.808	0.15072927528052793
2041.952	0.1507630539760481
2042.096	0.15077819614990198
2042.24	0.15078751441073512
2042.3829999999998	0.15080440375849524
2042.5269999999998	0.15082478745406774
2042.6709999999998	0.1508463359322444
2042.8149999999998	0.15086963158432726
2042.9589999999998	0.150883608975577
2043.1019999999999	0.15088885049729567
2043.2459999999999	0.1509127285406806
2043.3899999999999	0.15094941919271113
2043.5339999999999	0.15096922049698158
2043.6779999999999	0.1509849450621375
2043.822	0.15099659288817893
2043.9669999999999	0.15102163571416805
2044.11	0.1510472609314592
2044.253	0.15105424962708408
2044.397	0.15106065593140686
2044.541	0.15106240310531308
2044.686	0.15106473267052137
2044.83	0.1510763804965628
2044.975	0.15108802832260426
2045.117	0.15108977549651048
2045.262	0.15110841201817676
2045.406	0.1511282133224472
2045.549	0.15113986114848865
2045.693	0.15115558571364457
2045.837	0.15116606875708188
2045.9799999999998	0.15117247506140463
2046.1239999999998	0.151175387017915
2046.2679999999998	0.15117888136572746
2046.4119999999998	0.15118237571353987
2046.5559999999998	0.1511858700613523
2046.6989999999998	0.15119111158307097
2046.8439999999998	0.1512109128873414
2046.9879999999998	0.15123479093072634
2047.1309999999999	0.15124352680025743
2047.2749999999999	0.151248185930674
2047.4189999999999	0.15125983375671542
2047.5629999999999	0.1512755583218714
2047.7069999999999	0.1512895357131211
2047.8499999999997	0.15130060114786048
2047.994	0.151312831365204
2048.138	0.1513250615825475
2048.282	0.15133962136509926
2048.4280000000003	0.15139378375619197
2048.569	0.15144270462556603
2048.714	0.15145609962551365
2048.857	0.15146658266895097
2049.001	0.1515015261470753
2049.146	0.1515422935382203
2049.289	0.15157956658155292
2049.433	0.1516162572335834
2049.577	0.15162382832051036
2049.7200000000003	0.15162615788571868
2049.8650000000002	0.15163722332045804
2050.0080000000003	0.15167740832030097
2050.152	0.15171468136363359
2050.2960000000003	0.1517251644070709
2050.44	0.15173331788529987
2050.5840000000003	0.1517636022330076
2050.7270000000003	0.15179621614592365
2050.871	0.15181310549368374
2051.0150000000003	0.15183814831967282
2051.159	0.15185620245003706
2051.3030000000003	0.1518864867977448
2051.447	0.1519505498409727
2051.59	0.15199015244951358
2051.734	0.15202800788414828
2051.878	0.15206702810138706
2052.022	0.15207867592742852
2052.166	0.15208974136216785
2052.31	0.15211128984034453
2052.454	0.1521305087533129
2052.598	0.15213225592721913
2052.741	0.152147398101073
2052.885	0.15216137549232273
2053.029	0.15216661701404138
2053.1730000000002	0.15217535288357248
2053.3160000000003	0.15218001201398904
2053.4610000000002	0.1521864183183118
2053.6040000000003	0.1522015604921657
2053.75	0.15223009766596723
2053.8920000000003	0.15224989897023766
2054.0370000000003	0.15225805244846669
2054.1800000000003	0.15227494179622675
2054.324	0.1523005670135179
2054.467	0.15231978592648626
2054.6110000000003	0.15232502744820492
2054.755	0.15235822375242303
2054.8990000000003	0.15241413331742193
2055.043	0.15244208809992138
2055.186	0.1524455824477338
2055.331	0.15245024157815038
2055.474	0.15247004288242083
2055.618	0.1524933385345037
2055.762	0.15250848070835757
2055.906	0.15252595244741973
2056.05	0.15253992983866943
2056.194	0.15254458896908601
2056.337	0.15256671983856476
2056.481	0.15258768592543936
2056.627	0.1525888507080435
2056.7690000000002	0.15264126592522997
2056.913	0.1526925163598123
2057.0570000000002	0.15270882331627028
2057.2000000000003	0.15273852527267595
2057.344	0.15275192027262363
2057.4880000000003	0.15276065614215473
2057.632	0.15277579831600857
2057.7760000000003	0.15279094048986244
2057.92	0.15282355440277845
2058.063	0.15284917962006964
2058.208	0.15285209157657997
2058.351	0.1528538387504862
2058.4950000000003	0.1528555859243924
2058.639	0.15285849788090278
2058.782	0.152860245054809
2058.927	0.15287072809824628
2059.071	0.1528829583155898
2059.215	0.15288819983730845
2059.359	0.15289285896772503
2059.503	0.15289402375032918
2059.646	0.1528957709242354
2059.79	0.1529039244024644
2059.935	0.1529120778806934
2060.078	0.15291964896762034
2060.221	0.15292663766324519
2060.3650000000002	0.15292954961975555
2060.509	0.1529342087501721
2060.6530000000002	0.15293770309798455
2060.797	0.15293945027189076
2060.9410000000003	0.15294236222840113
2061.0840000000003	0.15294585657621357
2061.228	0.15294993331532808
2061.3720000000003	0.1529551748370467
2061.516	0.15295866918485915
2061.6600000000003	0.15296391070657778
2061.804	0.1529697346195985
2061.947	0.1529743937500151
2062.092	0.15298662396735857
2062.2360000000003	0.15299768940209796
2062.38	0.1530011837499104
2062.5240000000003	0.1530035133151187
2062.668	0.15301050201074354
2062.8120000000004	0.1530192378802746
2062.955	0.1530256441845974
2063.103	0.15302972092371192
2063.243	0.15303496244543058
2063.387	0.1530460278801699
2063.53	0.15306000527141964
2063.676	0.1530716530974611
2063.819	0.1530774770104818
2063.962	0.15308854244522116
2064.106	0.15309960787996052
2064.25	0.15310251983647089
2064.3940000000002	0.1531065965755854
2064.538	0.15311009092339783
2064.681	0.15312290353204341
2064.8250000000003	0.15314969353193872
2064.969	0.1531724067927195
2065.1130000000003	0.15318405461876095
2065.257	0.15318987853178168
2065.4010000000003	0.15320210874912518
2065.545	0.15322016287948942
2065.6890000000003	0.15324345853157229
2065.8320000000003	0.1532638422271448
2065.976	0.15327781961839454
2066.1200000000003	0.1532935441835505
2066.264	0.15330810396610228
2066.408	0.1533197517921437
2066.551	0.15332557570516442
2066.696	0.1533389707051121
2066.839	0.15335061853115353
2066.983	0.15335877200938253
2067.127	0.15336925505281984
2067.271	0.15337973809625713
2067.415	0.15339313309620478
2067.558	0.15339953940052756
2067.702	0.15340303374833997
2067.846	0.1534088576613607
2067.9900000000002	0.15341351679177728
2068.134	0.15341817592219387
2068.2780000000002	0.15343040613953737
2068.422	0.15344729548729746
2068.5660000000003	0.15345544896552646
2068.7090000000003	0.15345544896552646
2068.853	0.15347233831328655
2068.9970000000003	0.153492139617557
2069.141	0.15349563396536942
2069.288	0.15350145787839015
2069.429	0.15350669940010878
2069.572	0.15351135853052536
2069.7160000000003	0.1535358189652124
2069.86	0.15357250961724295
2070.004	0.1535917285302113
2070.148	0.1535940580954196
2070.292	0.1535940580954196
2070.435	0.15359522287802374
2070.579	0.15360162918234652
2070.723	0.1536121122257838
2070.867	0.15362608961703353
2071.011	0.15363482548656462
2071.155	0.15363773744307496
2071.299	0.1536412317908874
2071.442	0.1536453085300019
2071.5860000000002	0.1536563739647413
2071.73	0.15366743939948063
2071.8740000000003	0.15367151613859512
2072.018	0.1536720985298972
2072.163	0.15367326331250133
2072.3050000000003	0.1536761752690117
2072.4500000000003	0.15367850483422
2072.5950000000003	0.15368374635593865
2072.737	0.15368840548635523
2072.8810000000003	0.15369830613849045
2073.025	0.15370820679062566
2073.1690000000003	0.15370878918192774
2073.3120000000004	0.153711118747136
2073.456	0.15371403070364636
2073.601	0.15371752505145883
2073.744	0.1537227665731775
2073.888	0.15372567852968785
2074.032	0.15372684331229197
2074.176	0.1537303376601044
2074.319	0.15373383200791682
2074.463	0.15373557918182304
2074.607	0.1537361615731251
2074.751	0.1537361615731251
2074.896	0.15373732635572926
2075.038	0.15374373266005203
2075.183	0.1537530509208852
2075.327	0.1537635339643225
2075.4700000000003	0.15377285222515563
2075.614	0.15377634657296807
2075.7580000000003	0.1537798409207805
2075.902	0.1537845000511971
2076.045	0.15378682961640538
2076.1890000000003	0.15378857679031158
2076.333	0.15379032396421782
2076.4770000000003	0.1537932359207282
2076.621	0.15379614787723855
2076.7650000000003	0.153800224616353
2076.909	0.15380371896416542
2077.0530000000003	0.1538048837467696
2077.196	0.15380837809458203
2077.34	0.15381245483369654
2077.484	0.1538153667902069
2077.628	0.15382293787713386
2077.771	0.1538316737466649
2077.916	0.15383400331187316
2078.059	0.15383400331187316
2078.203	0.15383691526838353
2078.347	0.1538398272248939
2078.494	0.15384215679010219
2078.637	0.15384448635531048
2078.779	0.1538462335292167
2078.9230000000002	0.15384914548572706
2079.068	0.1538543870074457
2079.21	0.1538584637465602
2079.3540000000003	0.1538584637465602
2079.498	0.1538584637465602
2079.643	0.15385962852916435
2079.7870000000003	0.15386195809437264
2079.9300000000003	0.15386370526827886
2080.074	0.15386778200739337
2080.2180000000003	0.15387651787692447
2080.362	0.15388350657254932
2080.5060000000003	0.15388641852905968
2080.65	0.1538881657029659
2080.7940000000003	0.15389282483338246
2080.938	0.15390039592030938
2081.081	0.15390389026812182
2081.228	0.15390563744202804
2081.369	0.1539108789637467
2081.513	0.15391786765937154
2081.657	0.15392194439848605
2081.801	0.15392660352890264
2081.944	0.15393068026801712
2082.088	0.15393126265931917
2082.232	0.1539330098332254
2082.376	0.15393766896364197
2082.52	0.15394174570275648
2082.663	0.15394232809405858
2082.8070000000002	0.15394349287666273
2082.951	0.15394465765926688
2083.0950000000003	0.15394524005056895
2083.239	0.1539475696157772
2083.3830000000003	0.15395106396358965
2083.527	0.1539545583114021
2083.6710000000003	0.15395747026791246
2083.8140000000003	0.1539586350505166
2083.958	0.15396154700702694
2084.1020000000003	0.15396678852874557
2084.246	0.153970282876558
2084.3900000000003	0.15397203005046423
2084.534	0.15397610678957874
2084.677	0.15398426026780776
2084.821	0.1539912489634326
2084.965	0.15399474331124502
2085.109	0.15399590809384917
2085.253	0.15399649048515124
2085.397	0.15399998483296368
2085.541	0.1540058087459844
2085.684	0.15401105026770306
2085.828	0.15401512700681758
2085.972	0.15402328048504657
2086.116	0.15403143396327557
2086.26	0.15403609309369215
2086.404	0.15404482896322322
2086.547	0.15405065287624395
2086.692	0.1540518176588481
2086.8360000000002	0.15405705918056672
2086.9790000000003	0.15406288309358743
2087.123	0.15406870700660816
2087.2670000000003	0.1540745309196289
2087.413	0.15407860765874337
2087.5550000000003	0.1540821020065558
2087.6980000000003	0.1540867611369724
2087.842	0.1540908378760869
2087.9860000000003	0.15409142026738895
2088.13	0.15409316744129517
2088.2740000000003	0.1540966617891076
2088.418	0.15409957374561797
2088.561	0.15410248570212834
2088.705	0.154107727223847
2088.849	0.154115880702076
2088.993	0.1541257813542112
2089.137	0.15413801157155474
2089.28	0.15414500026717962
2089.424	0.1541467474410858
2089.568	0.15415490091931483
2089.712	0.15416829591926245
2089.856	0.15417644939749148
2090.0	0.15418867961483498
2090.1440000000002	0.1542009098321785
2090.289	0.15423235896249038
2090.431	0.15426788483191675
2090.5750000000003	0.15429700439702035
2090.719	0.15432787113603016
2090.8630000000003	0.15433602461425916
2091.007	0.15435116678811303
2091.1510000000003	0.1543709680923835
2091.295	0.154391351787956
2091.438	0.15441581222264303
2091.5820000000003	0.15443037200519483
2091.726	0.15443736070081968
2091.8700000000003	0.1544426022225383
2092.013	0.1544472613529549
2092.158	0.15445599722248599
2092.301	0.15447463374415227
2092.445	0.1544862815701937
2092.589	0.15448919352670407
2092.733	0.15449792939623513
2092.877	0.15450550048316208
2093.02	0.1545136539613911
2093.164	0.15453986156998434
2093.308	0.1545631572220672
2093.454	0.15456723396118172
2093.596	0.15456898113508794
2093.741	0.15457247548290035
2093.884	0.1545794641785252
2094.0280000000002	0.15458528809154592
2094.1710000000003	0.1545882000480563
2094.315	0.15459169439586873
2094.4590000000003	0.15459751830888946
2094.603	0.15460275983060812
2094.746	0.15460625417842053
2094.891	0.154610330917535
2095.034	0.15461848439576403
2095.1780000000003	0.1546301322218055
2095.322	0.15463653852612824
2095.4660000000003	0.1546394504826386
2095.61	0.1546417800478469
2095.753	0.15464352722175312
2095.898	0.15464935113477385
2096.041	0.15466099896081528
2096.185	0.15466857004774226
2096.329	0.15466915243904433
2096.473	0.1546708996129505
2096.617	0.15467730591727327
2096.761	0.15468371222159608
2096.904	0.15468837135201266
2097.049	0.15469477765633544
2097.193	0.15469827200414787
2097.337	0.15469885439544995
2097.481	0.15469885439544995
2097.625	0.15469943678675205
2097.768	0.15470118396065824
2097.9120000000003	0.15470409591716858
2098.056	0.1547058430910748
2098.2000000000003	0.15470642548237687
2098.344	0.1547081726562831
2098.487	0.15471341417800175
2098.632	0.15471807330841833
2098.7760000000003	0.15472040287362662
2098.9190000000003	0.15472389722143906
2099.063	0.15472739156925147
2099.2070000000003	0.15473030352576184
2099.353	0.15473263309097013
2099.4950000000003	0.15473438026487635
2099.638	0.15473554504748047
2099.783	0.15474078656919912
2099.926	0.15475068722133434
2100.07	0.15475942309086543
2100.214	0.1547646646125841
2100.358	0.15476582939518824
2100.502	0.1547664117864903
2100.645	0.15476815896039647
2100.789	0.1547699061343027
2100.933	0.15477340048211513
2101.077	0.15477689482992757
2101.221	0.1547786420038338
2101.3650000000002	0.15477980678643793
2101.509	0.15478213635164623
2101.6530000000002	0.15478446591685452
2101.7960000000003	0.1547891250472711
2101.94	0.1547955313515939
2102.0840000000003	0.15479727852550013
2102.228	0.15479902569940632
2102.3720000000003	0.15480193765591665
2102.5150000000003	0.15480310243852083
2102.659	0.15480484961242702
2102.8030000000003	0.15481009113414568
2102.947	0.15481707982977055
2103.0910000000003	0.15482173896018714
2103.235	0.15482290374279128
2103.378	0.15482523330799958
2103.522	0.154828727655812
2103.666	0.15482989243841613
2103.81	0.15483047482971823
2103.954	0.1548310572210203
2104.099	0.15483280439492647
2104.242	0.15483455156883266
2104.385	0.15483571635143684
2104.529	0.15483746352534306
2104.6730000000002	0.15483804591664513
2104.817	0.15483804591664513
2104.9610000000002	0.15483921069924927
2105.1040000000003	0.1548409578731555
2105.2490000000003	0.1548427050470617
2105.3920000000003	0.15484386982966586
2105.536	0.15484386982966586
2105.6800000000003	0.15484561700357208
2105.824	0.1548473641774783
2105.9680000000003	0.15484911135138452
2106.1110000000003	0.15485085852529074
2106.255	0.15485085852529074
2106.3990000000003	0.1548537704818011
2106.543	0.1548572648296135
2106.6870000000004	0.1548595943948218
2106.831	0.15486250635133217
2106.975	0.15486425352523836
2107.118	0.15486600069914458
2107.262	0.1548671654817487
2107.406	0.1548677478730508
2107.55	0.1548700774382591
2107.694	0.1548735717860715
2107.837	0.15487531895997772
2107.982	0.15487648374258187
2108.125	0.15487823091648809
2108.2690000000002	0.1548799780903943
2108.415	0.15488521961211296
2108.5570000000002	0.15489395548164403
2108.701	0.15489861461206061
2108.8450000000003	0.15489977939466476
2108.9880000000003	0.15490094417726888
2109.132	0.15490443852508132
2109.2760000000003	0.15490793287289376
2109.42	0.1549085152641958
2109.5640000000003	0.1549108448294041
2109.708	0.15491259200331034
2109.851	0.15491259200331034
2109.9950000000003	0.15491433917721656
2110.139	0.15491725113372692
2110.283	0.15491725113372692
2110.427	0.15491725113372692
2110.57	0.15491899830763314
2110.715	0.15492074548153936
2110.858	0.15492249265544555
2111.002	0.15492307504674763
2111.146	0.15492307504674763
2111.29	0.15492540461195592
2111.434	0.15492773417716424
2111.578	0.15492831656846628
2111.721	0.15492889895976833
2111.8650000000002	0.15493064613367455
2112.009	0.154934140481487
2112.1530000000002	0.15493705243799735
2112.297	0.15493879961190357
2112.4410000000003	0.1549405467858098
2112.585	0.15494171156841394
2112.7290000000003	0.15494345874232013
2112.8720000000003	0.15494578830752842
2113.016	0.15494753548143464
2113.1600000000003	0.15494928265534086
2113.304	0.15495161222054915
2113.4480000000003	0.15495335939445537
2113.5910000000003	0.15495452417705952
2113.735	0.15495568895966366
2113.879	0.15495627135096574
2114.023	0.1549568537422678
2114.167	0.15495801852487195
2114.311	0.1549591833074761
2114.454	0.1549591833074761
2114.599	0.15496093048138232
2114.743	0.1549644248291947
2114.887	0.15496617200310092
2115.031	0.15496733678570507
2115.176	0.1549690839596113
2115.319	0.15497257830742373
2115.463	0.1549772374378403
2115.607	0.15498131417695482
2115.75	0.15498480852476723
2115.8940000000002	0.15498655569867348
2116.0370000000003	0.1549883028725797
2116.1820000000002	0.1549923796116942
2116.3250000000003	0.1549958739595066
2116.469	0.15499645635080866
2116.6130000000003	0.15499936830731903
2116.757	0.15500402743773561
2116.9010000000003	0.1550063570029439
2117.045	0.1550086865681522
2117.188	0.15501043374205842
2117.3320000000003	0.15501159852466256
2117.4770000000003	0.1550127633072667
2117.6200000000003	0.15501334569856878
2117.764	0.155015092872475
2117.908	0.15501684004638122
2118.052	0.1550191696115895
2118.196	0.1550209167854957
2118.339	0.1550209167854957
2118.483	0.15502208156809985
2118.627	0.15502382874200607
2118.771	0.15502732308981848
2118.915	0.15503023504632885
2119.058	0.15503198222023507
2119.202	0.15503489417674543
2119.346	0.15503664135065165
2119.4900000000002	0.1550372237419537
2119.634	0.15503838852455787
2119.78	0.1550401356984641
2119.9210000000003	0.1550401356984641
2120.065	0.1550401356984641
2120.2090000000003	0.1550401356984641
2120.353	0.15504071808976613
2120.4970000000003	0.15504188287237028
2120.641	0.15504537722018275
2120.7850000000003	0.15504770678539104
2120.929	0.15504887156799518
2121.072	0.15505003635059933
2121.2160000000003	0.1550506187419014
2121.36	0.15505236591580762
2121.504	0.15505353069841177
2121.648	0.15505411308971384
2121.791	0.1550546954810159
2121.935	0.15505586026362003
2122.079	0.15505702504622418
2122.223	0.15505702504622418
2122.367	0.15505877222013037
2122.511	0.1550622665679428
2122.654	0.15506517852445317
2122.799	0.15506634330705732
2122.942	0.15506809048096354
2123.0860000000002	0.15507042004617183
2123.23	0.15507042004617183
2123.3740000000003	0.15507216722007805
2123.521	0.15507333200268217
2123.6620000000003	0.15507333200268217
2123.8050000000003	0.15507566156789046
2123.949	0.1550791559157029
2124.0930000000003	0.15508206787221326
2124.237	0.15508381504611948
2124.3810000000003	0.15508381504611948
2124.525	0.15508439743742156
2124.6690000000003	0.15508672700262985
2124.8120000000004	0.15508847417653607
2124.956	0.15508963895914019
2125.1	0.1550937156982547
2125.244	0.15509662765476503
2125.388	0.1550972100460671
2125.532	0.15509895721997333
2125.675	0.15510012200257747
2125.819	0.15510012200257747
2125.963	0.15510012200257747
2126.107	0.1551018691764837
2126.251	0.155104198741692
2126.395	0.1551065283069003
2126.54	0.1551082754808065
2126.6820000000002	0.1551100226547127
2126.826	0.15511293461122305
2126.9700000000003	0.15511468178512927
2127.114	0.1551164289590355
2127.2580000000003	0.15511759374163964
2127.402	0.15511759374163964
2127.545	0.15511992330684793
2127.6890000000003	0.1551269120024728
2127.833	0.15513157113288936
2127.9770000000003	0.15513273591549348
2128.121	0.15513390069809763
2128.2650000000003	0.1551344830893997
2128.409	0.1551350654807018
2128.552	0.15513623026330595
2128.697	0.15513797743721217
2128.84	0.15513972461111838
2128.984	0.1551414717850246
2129.128	0.15514205417632668
2129.271	0.15514321895893082
2129.416	0.15514496613283701
2129.56	0.15514671330674323
2129.704	0.1551478780893474
2129.847	0.1551478780893474
2129.991	0.15514846048064945
2130.135	0.15514904287195153
2130.2780000000002	0.15515020765455567
2130.422	0.15515311961106604
2130.5660000000003	0.15515486678497226
2130.71	0.15515486678497226
2130.8540000000003	0.15515544917627433
2130.998	0.15515603156757637
2131.1420000000003	0.15515719635018052
2131.286	0.15515894352408674
2131.429	0.15516069069799296
2131.5730000000003	0.15516476743710747
2131.717	0.15516767939361784
2131.8610000000003	0.15516767939361784
2132.005	0.15516767939361784
2132.15	0.15516826178491988
2132.2940000000003	0.15517059135012817
2132.4370000000004	0.15517059135012817
2132.581	0.15517350330663854
2132.725	0.15517466808924268
2132.869	0.15517466808924268
2133.012	0.15517699765445098
2133.157	0.15518049200226341
2133.3	0.15518223917616963
2133.444	0.1551828215674717
2133.588	0.15518398635007585
2133.732	0.15518573352398207
2133.876	0.15518748069788826
2134.02	0.15518922787179446
2134.163	0.1551909750457007
2134.3070000000002	0.15519272221960692
2134.453	0.15519446939351314
2134.5950000000003	0.15519621656741933
2134.739	0.1551967989587214
2134.8830000000003	0.15519796374132555
2135.027	0.15519912852392972
2135.17	0.15520087569783592
2135.3140000000003	0.15520437004564835
2135.458	0.15520728200215872
2135.6040000000003	0.15520902917606494
2135.746	0.15521077634997116
2135.889	0.15521252352387738
2136.033	0.15521310591517945
2136.177	0.15521485308908567
2136.321	0.15521485308908567
2136.465	0.15521660026299186
2136.609	0.1552195122195022
2136.753	0.15522300656731464
2136.896	0.1552235889586167
2137.04	0.15522475374122086
2137.184	0.15522650091512707
2137.328	0.15522708330642915
2137.472	0.1552282480890333
2137.616	0.15522941287163744
2137.76	0.1552299952629395
2137.904	0.1552346543933561
2138.047	0.15524047830637683
2138.1910000000003	0.1552428078715851
2138.335	0.1552445550454913
2138.481	0.15524630221939753
2138.6220000000003	0.1552468846106996
2138.7670000000003	0.15524804939330375
2138.9100000000003	0.15524979656720997
2139.054	0.15525212613241823
2139.1980000000003	0.15525387330632445
2139.342	0.15525387330632445
2139.4860000000003	0.1552550380889286
2139.63	0.15525795004543894
2139.7740000000003	0.15525969721934516
2139.917	0.15526144439325137
2140.061	0.15526610352366796
2140.205	0.15527076265408457
2140.349	0.15527309221929286
2140.493	0.15527542178450113
2140.637	0.15527833374101147
2140.78	0.15528008091491768
2140.924	0.15528357526273012
2141.068	0.15528357526273012
2141.212	0.15528706961054256
2141.356	0.15528881678444878
2141.5	0.15529347591486536
2141.6440000000002	0.15530395895830265
2141.7870000000003	0.15531211243653167
2141.931	0.15531327721913582
2142.0750000000003	0.1553138596104379
2142.219	0.15531618917564616
2142.3630000000003	0.1553191011321565
2142.507	0.15532084830606274
2142.6510000000003	0.15532143069736482
2142.7940000000003	0.15532492504517725
2142.9390000000003	0.15532958417559378
2143.0820000000003	0.1553313313495
2143.226	0.1553336609147083
2143.3700000000003	0.1553365728712187
2143.514	0.15533773765382283
2143.658	0.15534472634944768
2143.802	0.15535346221897875
2143.945	0.15535637417548911
2144.089	0.1553627804798119
2144.233	0.1553645276537181
2144.377	0.1553645276537181
2144.52	0.15536627482762433
2144.666	0.15536976917543677
2144.808	0.15537268113194713
2144.952	0.15537734026236372
2145.096	0.15538665852319686
2145.2400000000002	0.15539597678403
2145.384	0.15540063591444658
2145.5280000000002	0.1554023830883528
2145.6710000000003	0.15540296547965488
2145.815	0.15540413026225902
2145.9590000000003	0.15540529504486317
2146.103	0.1554064598274673
2146.2470000000003	0.1554082070013735
2146.391	0.15540995417527972
2146.534	0.15540995417527972
2146.6780000000003	0.15541170134918597
2146.822	0.15541170134918597
2146.9660000000003	0.15541170134918597
2147.11	0.15541228374048804
2147.254	0.15541403091439424
2147.397	0.15541403091439424
2147.541	0.15541403091439424
2147.685	0.15542101961001908
2147.829	0.15542800830564396
2147.973	0.15542800830564396
2148.117	0.15542800830564396
2148.261	0.15542800830564396
2148.404	0.15542800830564396
2148.55	0.15542975547955018
2148.692	0.15542975547955018
2148.8360000000002	0.15542975547955018
2148.9790000000003	0.15542975547955018
2149.1240000000003	0.15543092026215433
2149.268	0.15543208504475847
2149.4120000000003	0.1554355793925709
2149.556	0.15544082091428957
2149.7000000000003	0.1554425680881958
2149.844	0.15544373287079993
2149.9880000000003	0.15544664482731024
2150.1310000000003	0.15544897439251854
2150.275	0.15545072156642475
2150.4190000000003	0.1554518863490289
2150.563	0.1554518863490289
2150.7070000000003	0.15545246874033097
2150.851	0.1554542159142372
2150.9950000000003	0.15545538069684134
2151.138	0.15545712787074756
2151.283	0.15545945743595585
2151.426	0.1554600398272579
2151.57	0.1554600398272579
2151.714	0.15546120460986204
2151.858	0.1554641165663724
2152.002	0.15546819330548692
2152.146	0.15547168765329936
2152.289	0.15547401721850765
2152.433	0.15547692917501799
2152.577	0.15547867634892418
2152.721	0.15547925874022628
2152.8650000000002	0.15547984113152835
2153.009	0.15547984113152835
2153.1530000000002	0.1554810059141325
2153.2960000000003	0.15548391787064286
2153.44	0.15548624743585115
2153.5840000000003	0.15549032417496564
2153.734	0.15549381852277808
2153.8720000000003	0.15549498330538222
2154.016	0.15549614808798637
2154.1600000000003	0.1554978952618926
2154.3030000000003	0.15550022482710088
2154.447	0.15550080721840295
2154.5910000000003	0.15550080721840295
2154.735	0.15550080721840295
2154.879	0.1555019720010071
2155.022	0.15550488395751746
2155.166	0.15550779591402783
2155.31	0.15550954308793402
2155.454	0.1555118726531423
2155.598	0.15551536700095472
2155.742	0.15551711417486094
2155.886	0.1555182789574651
2156.029	0.1555200261313713
2156.1730000000002	0.15552352047918375
2156.317	0.1555264324356941
2156.462	0.1555287620009024
2156.605	0.15553400352262103
2156.7490000000003	0.15553982743564176
2156.893	0.15554273939215213
2157.036	0.1555433217834542
2157.181	0.15554390417475625
2157.324	0.15554565134866247
2157.469	0.15555031047907902
2157.612	0.1555549696094956
2157.7560000000003	0.15555671678340183
2157.9	0.1555572991747039
2158.0440000000003	0.155557881566006
2158.1870000000004	0.15555904634861015
2158.331	0.15556254069642256
2158.475	0.15556254069642256
2158.619	0.15556254069642256
2158.763	0.15556254069642256
2158.906	0.15556254069642256
2159.05	0.15556254069642256
2159.194	0.15556254069642256
2159.338	0.15556254069642256
2159.482	0.15556254069642256
2159.626	0.15556254069642256
2159.77	0.15556254069642256
2159.913	0.15556254069642256
2160.0570000000002	0.15556254069642256
2160.201	0.15556254069642256
2160.3450000000003	0.15556254069642256
2160.4880000000003	0.15556254069642256
2160.6330000000003	0.15556254069642256
2160.777	0.15556254069642256
2160.92	0.15556254069642256
2161.0640000000003	0.15556254069642256
2161.208	0.15556254069642256
2161.3520000000003	0.15556254069642256
2161.496	0.15556254069642256
2161.639	0.15556254069642256
2161.783	0.15556254069642256
2161.927	0.15556254069642256
2162.071	0.15556254069642256
2162.215	0.15556254069642256
2162.359	0.15556254069642256
2162.503	0.15556254069642256
2162.646	0.15556254069642256
2162.7940000000003	0.15556254069642256
2162.9370000000004	0.15556254069642256
2163.078	0.15556254069642256
2163.221	0.15556254069642256
2163.366	0.15556254069642256
2163.509	0.15556254069642256
2163.6530000000002	0.15556254069642256
2163.797	0.15556254069642256
2163.9410000000003	0.15556254069642256
2164.085	0.15556254069642256
2164.2290000000003	0.15555904634861015
2164.3720000000003	0.15555904634861015
2164.5170000000003	0.15555904634861015
2164.6600000000003	0.1555572991747039
2164.804	0.15555671678340183
2164.9480000000003	0.15555205765298524
2165.092	0.15555205765298524
2165.2360000000003	0.15555205765298524
2165.379	0.15555205765298524
2165.523	0.15555205765298524
2165.667	0.15555205765298524
2165.811	0.15555205765298524
2165.955	0.1555473985225687
2166.099	0.15554565134866247
2166.243	0.1555433217834542
2166.387	0.15554273939215213
2166.53	0.15554273939215213
2166.674	0.15554273939215213
2166.818	0.15554273939215213
2166.963	0.15554273939215213
2167.106	0.15554273939215213
2167.251	0.15554273939215213
2167.395	0.15554273939215213
2167.538	0.15553982743564176
2167.6820000000002	0.15553400352262103
2167.826	0.1555287620009024
2167.9700000000003	0.1555287620009024
2168.114	0.1555287620009024
2168.257	0.1555287620009024
2168.4010000000003	0.1555287620009024
2168.5480000000002	0.1555287620009024
2168.6890000000003	0.1555287620009024
2168.833	0.1555287620009024
2168.9770000000003	0.1555287620009024
2169.121	0.15552352047918375
2169.264	0.1555200261313713
2169.408	0.1555200261313713
2169.552	0.1555200261313713
2169.696	0.1555200261313713
2169.84	0.1555200261313713
2169.984	0.1555200261313713
2170.127	0.1555200261313713
2170.271	0.1555200261313713
2170.415	0.1555200261313713
2170.559	0.1555200261313713
2170.703	0.1555200261313713
2170.847	0.1555200261313713
2170.991	0.1555200261313713
2171.134	0.1555200261313713
2171.279	0.1555200261313713
2171.4230000000002	0.1555200261313713
2171.567	0.1555200261313713
2171.71	0.1555200261313713
2171.855	0.1555200261313713
2171.9970000000003	0.1555200261313713
2172.141	0.1555200261313713
2172.2850000000003	0.1555200261313713
2172.429	0.1555200261313713
2172.572	0.1555200261313713
2172.717	0.1555200261313713
2172.8610000000003	0.1555200261313713
2173.004	0.1555200261313713
2173.148	0.1555200261313713
2173.292	0.1555200261313713
2173.436	0.1555200261313713
2173.58	0.1555200261313713
2173.724	0.1555200261313713
2173.868	0.1555200261313713
2174.011	0.1555200261313713
2174.155	0.1555200261313713
2174.299	0.1555200261313713
2174.443	0.1555200261313713
2174.587	0.1555200261313713
2174.73	0.1555200261313713
2174.875	0.1555200261313713
2175.018	0.1555200261313713
2175.1620000000003	0.1555200261313713
2175.306	0.1555200261313713
2175.4500000000003	0.1555200261313713
2175.594	0.1555182789574651
2175.7380000000003	0.15551536700095472
2175.8810000000003	0.1555118726531423
2176.025	0.1555118726531423
2176.1690000000003	0.15550954308793402
2176.313	0.1555060487401216
2176.4570000000003	0.1555019720010071
2176.601	0.1555019720010071
2176.744	0.1555019720010071
2176.888	0.1555019720010071
2177.032	0.1555019720010071
2177.176	0.1555019720010071
2177.32	0.1555019720010071
2177.463	0.15550663113142366
2177.607	0.1555118726531423
2177.751	0.15551536700095472
2177.895	0.1555182789574651
2178.039	0.1555182789574651
2178.183	0.1555200261313713
2178.327	0.1555200261313713
2178.471	0.15552585004439204
2178.614	0.15552585004439204
2178.7580000000003	0.15552585004439204
2178.902	0.15553400352262103
2179.0460000000003	0.15553400352262103
2179.1890000000003	0.15553982743564176
2179.3340000000003	0.15553982743564176
2179.478	0.1555433217834542
2179.621	0.15554565134866247
2179.7650000000003	0.1555473985225687
2179.909	0.1555473985225687
2180.0530000000003	0.15555089287038112
2180.196	0.15555555200079768
2180.34	0.15555671678340183
2180.484	0.1555572991747039
2180.628	0.15555904634861015
2180.772	0.15556603504423502
2180.918	0.15557593569637024
2181.06	0.15558001243548472
2181.204	0.15558059482678677
2181.347	0.15558059482678677
2181.491	0.15558292439199506
2181.635	0.15558292439199506
2181.779	0.15558583634850542
2181.922	0.15558758352241164
2182.067	0.1555928250441303
2182.2110000000002	0.1555928250441303
2182.3540000000003	0.15558758352241164
2182.498	0.15558758352241164
2182.6420000000003	0.15558758352241164
2182.786	0.1555928250441303
2182.929	0.15558758352241164
2183.074	0.15558583634850542
2183.217	0.15558583634850542
2183.3610000000003	0.15558583634850542
2183.5080000000003	0.15558583634850542
2183.6490000000003	0.15558758352241164
2183.793	0.15559457221803652
2183.9370000000004	0.15559457221803652
2184.08	0.15559457221803652
2184.224	0.15559457221803652
2184.368	0.15559457221803652
2184.514	0.15559457221803652
2184.657	0.15559457221803652
2184.801	0.15559457221803652
2184.945	0.15558758352241164
2185.089	0.15558758352241164
2185.232	0.15558758352241164
2185.376	0.15558758352241164
2185.521	0.15558583634850542
2185.664	0.15558292439199506
2185.808	0.15558292439199506
2185.951	0.15558059482678677
2186.097	0.15558059482678677
2186.239	0.15558059482678677
2186.3830000000003	0.15558059482678677
2186.527	0.15558059482678677
2186.6710000000003	0.15558059482678677
2186.8140000000003	0.15558292439199506
2186.958	0.15558292439199506
2187.1020000000003	0.15558583634850542
2187.246	0.15558583634850542
2187.3900000000003	0.15558583634850542
2187.534	0.15558583634850542
2187.6780000000003	0.15558583634850542
2187.822	0.15558583634850542
2187.965	0.15558583634850542
2188.109	0.15558583634850542
2188.253	0.15558758352241164
2188.397	0.15558758352241164
2188.541	0.15558758352241164
2188.684	0.1555928250441303
2188.828	0.1555928250441303
2188.972	0.1555992313484531
2189.116	0.15560272569626554
2189.26	0.15560913200058832
2189.404	0.15560913200058832
2189.547	0.15560913200058832
2189.6910000000003	0.15561379113100487
2189.835	0.15561379113100487
2189.981	0.15561379113100487
2190.123	0.15561379113100487
2190.2670000000003	0.15561379113100487
2190.411	0.15561379113100487
2190.554	0.15561379113100487
2190.6980000000003	0.15561379113100487
2190.842	0.15561379113100487
2190.9860000000003	0.15561379113100487
2191.13	0.15561437352230695
2191.2740000000003	0.15561379113100487
2191.418	0.15560913200058832
2191.561	0.15561379113100487
2191.705	0.15560913200058832
2191.849	0.15560913200058832
2191.993	0.15560097852235932
2192.137	0.1555928250441303
2192.28	0.15558758352241164
2192.425	0.1555840891745992
2192.568	0.15558059482678677
2192.712	0.1555776828702764
2192.856	0.1555753533050681
2193.0	0.15557011178334948
2193.1440000000002	0.15557011178334948
2193.288	0.15557011178334948
2193.431	0.15557011178334948
2193.5750000000003	0.15557011178334948
2193.719	0.15557011178334948
2193.8630000000003	0.15557011178334948
2194.007	0.1555753533050681
2194.1510000000003	0.1555753533050681
2194.2940000000003	0.1555753533050681
2194.438	0.1555753533050681
2194.5820000000003	0.1555753533050681
2194.726	0.1555753533050681
2194.8700000000003	0.1555753533050681
2195.013	0.1555753533050681
2195.158	0.1555753533050681
2195.302	0.1555753533050681
2195.445	0.15557011178334948
2195.589	0.1555613759138184
2195.733	0.1555613759138184
2195.877	0.15555613439209978
2196.021	0.15555264004428732
2196.164	0.15554914569647488
2196.308	0.15554506895736042
2196.453	0.15554506895736042
2196.596	0.15554506895736042
2196.7400000000002	0.15554506895736042
2196.884	0.15554506895736042
2197.0280000000002	0.15554506895736042
2197.1710000000003	0.15554506895736042
2197.315	0.15554506895736042
2197.4590000000003	0.15554914569647488
2197.603	0.15555264004428732
2197.7470000000003	0.15555613439209978
2197.891	0.1555613759138184
2198.0350000000003	0.15557011178334948
2198.1780000000003	0.1555753533050681
2198.322	0.1555776828702764
2198.4660000000003	0.15558059482678677
2198.61	0.15558117721808884
2198.757	0.1555840891745992
2198.898	0.15558758352241164
2199.041	0.1555928250441303
2199.185	0.15560097852235932
2199.329	0.15560447287017176
2199.473	0.15560680243538005
2199.618	0.15560447287017176
2199.761	0.15560447287017176
2199.906	0.15560097852235932
2200.0480000000002	0.15559224265282823
2200.192	0.1555840891745992
2200.3360000000002	0.15558117721808884
2200.48	0.15558059482678677
2200.6240000000003	0.1555776828702764
2200.768	0.1555753533050681
2200.911	0.1555753533050681
2201.0550000000003	0.15557011178334948
2201.199	0.15557011178334948
2201.3430000000003	0.15557011178334948
2201.487	0.15557011178334948
2201.63	0.15557011178334948
2201.775	0.15557011178334948
2201.918	0.15557011178334948
2202.063	0.15557011178334948
2202.2070000000003	0.15557011178334948
2202.351	0.15557011178334948
2202.4950000000003	0.15557011178334948
2202.638	0.15557011178334948
2202.783	0.15557011178334948
2202.926	0.15557011178334948
2203.07	0.15557011178334948
2203.214	0.15557011178334948
2203.358	0.15557011178334948
2203.502	0.15557011178334948
2203.646	0.15557011178334948
2203.789	0.15557011178334948
2203.933	0.15557011178334948
2204.077	0.15557011178334948
2204.221	0.15557011178334948
2204.364	0.15557011178334948
2204.5080000000003	0.15557011178334948
2204.652	0.15557011178334948
2204.7960000000003	0.15557011178334948
2204.94	0.15557011178334948
2205.0840000000003	0.15557011178334948
2205.228	0.15557011178334948
2205.371	0.15557011178334948
2205.516	0.15557011178334948
2205.6600000000003	0.15557011178334948
2205.8030000000003	0.15557011178334948
2205.947	0.15557011178334948
2206.0910000000003	0.15557011178334948
2206.235	0.15557011178334948
2206.379	0.15557011178334948
2206.522	0.15557011178334948
2206.666	0.15557011178334948
2206.81	0.15557011178334948
2206.976	0.15557011178334948
2207.114	0.15557011178334948
2207.2580000000003	0.15557011178334948
2207.402	0.15557011178334948
2207.545	0.15557011178334948
2207.6890000000003	0.15557011178334948
2207.893	0.15557011178334948
2208.047	0.15557011178334948
2208.512	0.15557011178334948
2209.0550000000003	0.15557011178334948
2209.21	0.15557011178334948
2209.6710000000003	0.15557011178334948
2209.9100000000003	0.15557011178334948
2210.56	0.1555753533050681
2211.603	0.1555776828702764
2213.0840000000003	0.15558059482678677
2213.992	0.15558117721808884
2215.773	0.1555840891745992
2216.105	0.155590495478922
2216.242	0.15559573700064067
2216.4880000000003	0.15560097852235932
2216.7670000000003	0.15560447287017176
2216.914	0.15560447287017176
2217.0570000000002	0.15560447287017176
2217.201	0.15560680243538005
2217.373	0.15561029678319244
2217.521	0.15561262634840073
2217.675	0.15561262634840073
2217.809	0.15561379113100487
2217.953	0.15561379113100487
2218.158	0.15561379113100487
2218.329	0.15561379113100487
2218.464	0.15561379113100487
2218.6400000000003	0.15561437352230695
2218.784	0.1556196150440256
2219.056	0.1556260213483484
2219.2580000000003	0.15563126287006707
2219.498	0.1556370867830878
2219.632	0.15564116352220225
2219.775	0.15564291069610847
2220.038	0.15564698743522298
2220.2980000000002	0.15564698743522298
2220.447	0.15564698743522298
2220.5950000000003	0.15565164656563957
2220.741	0.1556533937395458
2220.879	0.1556533937395458
2221.0350000000003	0.1556533937395458
2221.188	0.1556533937395458
2221.3830000000003	0.1556533937395458
2221.703	0.1556533937395458
2221.838	0.1556533937395458
2222.397	0.1556533937395458
2222.668	0.1556533937395458
2222.914	0.155655140913452
2223.109	0.1556574704786603
2223.427	0.1556574704786603
2223.589	0.15566038243517066
2223.818	0.15566329439168103
2223.964	0.15567086547860795
2224.108	0.15568134852204524
2224.251	0.15568717243506594
2224.579	0.15569066678287838
2225.094	0.15569299634808667
2225.246	0.15569590830459704
2225.5350000000003	0.1557011498263157
2225.69	0.15570347939152399
2226.003	0.15570347939152399
2226.138	0.1557046441741281
2226.282	0.15570639134803432
2226.427	0.1557087209132426
2226.6690000000003	0.15571454482626332
2226.821	0.15571862156537783
2226.993	0.15571862156537783
2227.135	0.15571862156537783
2227.3250000000003	0.15571862156537783
2227.4680000000003	0.15571862156537783
2227.6330000000003	0.1557192039566799
2227.773	0.1557192039566799
2227.945	0.15572153352188817
2228.1780000000003	0.1557250278697006
2228.3610000000003	0.15572852221751304
2228.525	0.1557320165653255
2228.663	0.1557320165653255
2228.808	0.15573492852183587
2229.045	0.15573492852183587
2229.208	0.15573492852183587
2229.359	0.15573492852183587
2229.545	0.15573492852183587
2229.686	0.15573492852183587
2229.871	0.15573492852183587
2230.0150000000003	0.15573667569574207
2230.15	0.1557372580870441
2230.2980000000002	0.1557372580870441
2230.4370000000004	0.1557372580870441
2230.609	0.1557372580870441
2230.8410000000003	0.1557372580870441
2231.005	0.1557372580870441
2231.1420000000003	0.1557372580870441
2231.284	0.1557372580870441
2231.444	0.15573842286964826
2231.59	0.15573842286964826
2231.7560000000003	0.15573842286964826
2231.949	0.15573842286964826
2232.2780000000002	0.15573842286964826
2232.4610000000002	0.15574482917397106
2232.5950000000003	0.15575123547829386
2232.7580000000003	0.15575414743480423
2232.8990000000003	0.1557564770000125
2233.043	0.1557564770000125
2233.1870000000004	0.15575705939131457
2233.3430000000003	0.1557582241739187
2233.638	0.15576113613042908
2233.784	0.15576346569563737
2233.969	0.15576404808693944
2234.114	0.1557652128695436
2234.358	0.15576637765214774
2234.4970000000003	0.1557669600434498
2234.641	0.1557692896086581
2234.7850000000003	0.1557692896086581
2234.983	0.1557692896086581
2235.1980000000003	0.1557692896086581
2235.348	0.1557710367825643
2235.574	0.1557710367825643
2235.712	0.1557710367825643
2235.856	0.1557710367825643
2236.0	0.1557710367825643
2236.1890000000003	0.1557710367825643
2236.411	0.1557710367825643
2236.561	0.1557710367825643
2236.715	0.1557710367825643
2236.9300000000003	0.1557710367825643
2237.092	0.1557710367825643
2237.3610000000003	0.1557710367825643
2237.569	0.15577278395647048
2237.755	0.15577569591298085
2237.9030000000002	0.15577686069558502
2238.047	0.15577744308688707
2238.175	0.1557791902607933
2238.318	0.1557809374346995
2238.462	0.15578268460860573
2238.607	0.15578268460860573
2238.75	0.15578268460860573
2238.8940000000002	0.15578268460860573
2239.038	0.15578268460860573
2239.186	0.15578268460860573
2239.326	0.15578501417381402
2239.469	0.15578501417381402
2239.6130000000003	0.15578501417381402
2239.7580000000003	0.15578501417381402
2239.9030000000002	0.15578501417381402
2240.0440000000003	0.15578268460860573
2240.1870000000004	0.1557809374346995
2240.3320000000003	0.15578268460860573
2240.476	0.1557809374346995
2240.6200000000003	0.1557809374346995
2240.764	0.15577860786949121
2240.908	0.15577686069558502
2241.051	0.15577569591298085
2241.195	0.15577278395647048
2241.339	0.1557710367825643
2241.4990000000003	0.1557710367825643
2241.643	0.1557692896086581
2241.7870000000003	0.1557669600434498
2241.931	0.15576637765214774
2242.074	0.1557652128695436
2242.2180000000003	0.15576637765214774
2242.362	0.1557652128695436
2242.5060000000003	0.15576404808693944
2242.65	0.15576346569563737
2242.793	0.15576113613042908
2242.9370000000004	0.1557582241739187
2243.081	0.15575705939131457
2243.225	0.1557564770000125
2243.369	0.1557547298261063
2243.513	0.15575298265220008
2243.657	0.15574948830438765
2243.806	0.15574948830438765
2243.955	0.15574948830438765
2244.088	0.15574948830438765
2244.232	0.15574948830438765
2244.376	0.15574948830438765
2244.52	0.15574948830438765
2244.664	0.15575298265220008
2244.8070000000002	0.1557547298261063
2244.951	0.1557547298261063
2245.0950000000003	0.15575298265220008
2245.239	0.15574948830438765
2245.3830000000003	0.15574948830438765
2245.597	0.15574948830438765
2245.7360000000003	0.15574366439136691
2245.8920000000003	0.15574017004355448
2246.038	0.15573842286964826
2246.1820000000002	0.1557372580870441
2246.326	0.15573667569574207
2246.481	0.15573667569574207
2246.632	0.15573492852183587
2246.821	0.1557320165653255
2246.965	0.1557320165653255
2247.109	0.15572852221751304
2247.253	0.15572852221751304
2247.398	0.15572852221751304
2247.545	0.1557320165653255
2247.6980000000003	0.15573492852183587
2247.844	0.15573667569574207
2248.032	0.1557372580870441
2248.1800000000003	0.15573842286964826
2248.324	0.15573842286964826
2248.467	0.15573842286964826
2248.6110000000003	0.15573842286964826
2248.7560000000003	0.15573842286964826
2248.8990000000003	0.15573842286964826
2249.0730000000003	0.1557372580870441
2249.219	0.15573667569574207
2249.3630000000003	0.15573609330444002
2249.5060000000003	0.15573492852183587
2249.65	0.1557320165653255
2249.7940000000003	0.1557320165653255
2249.938	0.1557320165653255
2250.0820000000003	0.1557296870001172
2250.225	0.15572793982621097
2250.369	0.15572677504360682
2250.513	0.15572677504360682
2250.672	0.15572619265230475
2250.818	0.1557238630870965
2250.967	0.15572036873928405
2251.11	0.15571862156537783
2251.2490000000003	0.15571570960886746
2251.3920000000003	0.15571163286975295
2251.536	0.1557104680871488
2251.735	0.15570988569584673
2251.9010000000003	0.15570813852194051
2252.0480000000002	0.15570813852194051
2252.192	0.15570813852194051
2252.335	0.15570988569584673
2252.482	0.1557104680871488
2252.675	0.1557104680871488
2252.815	0.1557104680871488
2252.9590000000003	0.1557104680871488
2253.103	0.1557104680871488
2253.2560000000003	0.1557104680871488
2253.3920000000003	0.1557104680871488
2253.791	0.15571163286975295
2253.935	0.15571163286975295
2254.089	0.15571163286975295
2254.6200000000003	0.15571163286975295
2254.7670000000003	0.15571163286975295
2254.915	0.15571163286975295
2255.06	0.15571163286975295
2255.197	0.15571163286975295
2255.342	0.15571163286975295
2255.4900000000002	0.15571163286975295
2255.6420000000003	0.15571163286975295
2255.789	0.15571163286975295
2255.934	0.15571163286975295
2256.0820000000003	0.15571163286975295
2256.231	0.15571163286975295
2256.382	0.1557104680871488
2256.5280000000002	0.1557104680871488
2256.67	0.15570988569584673
2256.818	0.15570988569584673
2257.004	0.15570813852194051
2257.147	0.15570697373933637
2257.291	0.15570697373933637
2257.438	0.15570697373933637
2257.5910000000003	0.15570697373933637
2257.989	0.15570697373933637
2258.1220000000003	0.15570697373933637
2258.266	0.15570639134803432
2258.42	0.15570639134803432
2258.79	0.15570697373933637
2258.9390000000003	0.15570697373933637
2259.0860000000002	0.15570697373933637
2259.501	0.15570813852194051
2259.641	0.15570988569584673
2259.789	0.1557104680871488
2259.9410000000003	0.15571163286975295
2260.088	0.15571454482626335
2260.232	0.1557174567827737
2260.376	0.15572036873928405
2260.53	0.1557238630870965
2260.685	0.15572619265230475
2260.824	0.15572677504360682
2260.967	0.15572677504360682
2261.116	0.15572793982621097
2261.2670000000003	0.1557296870001172
2261.415	0.1557296870001172
2261.559	0.1557296870001172
2261.702	0.1557296870001172
2261.848	0.1557296870001172
2261.9970000000003	0.1557296870001172
2262.1400000000003	0.15572793982621097
2262.2780000000002	0.15572793982621097
2262.422	0.15572677504360682
2262.579	0.15572619265230475
2262.733	0.15572619265230475
2263.0910000000003	0.15572619265230475
2263.237	0.15572619265230475
2263.389	0.15572619265230475
2263.5550000000003	0.15572619265230475
2263.7070000000003	0.15572619265230475
2263.844	0.15572619265230475
2263.9880000000003	0.15572677504360682
2264.134	0.15572677504360682
2264.277	0.15572677504360682
2264.422	0.15572793982621097
2264.603	0.1557296870001172
2264.739	0.1557296870001172
2264.8830000000003	0.1557320165653255
2265.027	0.1557320165653255
2265.1800000000003	0.1557320165653255
2265.322	0.1557320165653255
2265.46	0.1557320165653255
2265.603	0.1557296870001172
2265.7470000000003	0.1557296870001172
2265.897	0.1557296870001172
2266.0350000000003	0.1557296870001172
2266.1780000000003	0.1557320165653255
2266.3250000000003	0.1557320165653255
2266.473	0.15573492852183587
2266.609	0.15573609330444002
2266.753	0.15573492852183587
2266.8990000000003	0.15573492852183587
2267.052	0.15573492852183587
2267.2000000000003	0.15573492852183587
2267.3450000000003	0.15573492852183587
2267.489	0.15573492852183587
2267.632	0.15573492852183587
2267.7760000000003	0.15573492852183587
2267.92	0.15573492852183587
2268.0640000000003	0.15573492852183587
2268.208	0.15573492852183587
2268.351	0.15573492852183587
2268.4950000000003	0.15573492852183587
2268.639	0.15573492852183587
2268.784	0.15573492852183587
2268.927	0.15573492852183587
2269.071	0.15573492852183587
2269.215	0.15573492852183587
2269.358	0.15573492852183587
2269.503	0.15573492852183587
2269.646	0.15573492852183587
2269.79	0.15573492852183587
2269.934	0.15573492852183587
2270.2400000000002	0.15573492852183587
2270.393	0.15573492852183587
2270.549	0.1557320165653255
2270.685	0.1557320165653255
2270.831	0.1557320165653255
2270.981	0.15573492852183587
2271.123	0.15573667569574207
2271.26	0.15573667569574207
2271.4100000000003	0.15573667569574207
2271.549	0.15573667569574207
2271.693	0.15573667569574207
2271.8430000000003	0.15573667569574207
2271.981	0.15573492852183587
2272.1240000000003	0.15573667569574207
2272.268	0.15573667569574207
2272.416	0.15573667569574207
2272.565	0.15573259895662755
2272.7000000000003	0.15573259895662755
2272.844	0.15573259895662755
2273.0350000000003	0.15573259895662755
2273.3610000000003	0.15573259895662755
2273.4990000000003	0.15573259895662755
2273.648	0.15573259895662755
2273.876	0.15573259895662755
2274.0240000000003	0.15573259895662755
2274.186	0.15573259895662755
2274.33	0.15572793982621097
2274.474	0.15572793982621097
2274.618	0.15572793982621097
2274.766	0.15572793982621097
2274.914	0.15572793982621097
2275.05	0.15572793982621097
2275.193	0.15572677504360682
2275.337	0.15572677504360682
2275.4860000000003	0.15572677504360682
2275.634	0.15572677504360682
2275.77	0.15572793982621097
2275.913	0.15573259895662755
2276.0640000000003	0.15573667569574207
2276.2090000000003	0.15573900526095033
2276.344	0.15573900526095033
2276.4880000000003	0.15573900526095033
2276.637	0.15573900526095033
2276.994	0.15573900526095033
2277.127	0.15573900526095033
2277.2760000000003	0.15573900526095033
2277.4770000000003	0.15573900526095033
2277.623	0.15573900526095033
2277.7670000000003	0.1557419172174607
2277.9100000000003	0.15574482917397106
2278.311	0.15574482917397106
2278.454	0.15574482917397106
2278.598	0.15574657634787728
2278.742	0.15574948830438765
2278.885	0.15575298265220008
2279.03	0.15575356504350216
2279.232	0.1557547298261063
2279.3650000000002	0.15575764178261664
2279.509	0.1557628833043353
2279.658	0.1557669600434498
2279.797	0.1557669600434498
2279.946	0.1557692896086581
2280.0910000000003	0.1557710367825643
2280.2290000000003	0.1557710367825643
2280.3720000000003	0.1557710367825643
2280.516	0.1557710367825643
2280.664	0.1557692896086581
2280.8120000000004	0.1557669600434498
2280.947	0.1557669600434498
2281.094	0.1557669600434498
2281.237	0.1557669600434498
2281.391	0.1557628833043353
2281.539	0.15575764178261664
2281.683	0.15575764178261664
2281.826	0.1557547298261063
2281.98	0.1557547298261063
2282.1220000000003	0.1557547298261063
2282.262	0.1557547298261063
2282.4010000000003	0.1557547298261063
2282.5460000000003	0.1557547298261063
2282.694	0.15575764178261664
2282.9660000000003	0.1557628833043353
2283.107	0.1557669600434498
2283.257	0.1557692896086581
2283.393	0.1557710367825643
2283.536	0.1557710367825643
2283.6800000000003	0.1557710367825643
2283.824	0.1557710367825643
2283.974	0.1557692896086581
2284.213	0.1557710367825643
2284.353	0.1557692896086581
2284.496	0.1557710367825643
2284.641	0.15577278395647048
2284.789	0.15577278395647048
2285.081	0.1557745311303767
2285.237	0.15577627830428292
2285.388	0.15577802547818914
2285.574	0.15577802547818914
2285.7110000000002	0.15577802547818914
2285.867	0.15577977265209536
2286.014	0.15578268460860573
2286.186	0.15578384939120987
2286.338	0.15578384939120987
2286.482	0.15578501417381402
2286.63	0.15578617895641816
2286.7780000000002	0.15578617895641816
2286.931	0.15578617895641816
2287.077	0.15578676134772024
2287.213	0.15578850852162646
2287.357	0.1557896733042306
2287.5	0.15579025569553268
2287.6440000000002	0.15579025569553268
2287.8050000000003	0.15579025569553268
2287.9480000000003	0.1557896733042306
2288.0950000000003	0.15578850852162646
2288.28	0.1557896733042306
2288.434	0.1557896733042306
2288.571	0.15579025569553268
2288.715	0.15579025569553268
2288.859	0.15579025569553268
2289.009	0.15579025569553268
2289.179	0.15579025569553268
2289.473	0.15579025569553268
2289.6110000000003	0.1557896733042306
2289.766	0.15578850852162646
2290.127	0.1557896733042306
2290.2670000000003	0.15579025569553268
2290.415	0.15579083808683478
2290.5660000000003	0.15579083808683478
2290.714	0.1557920028694389
2290.858	0.15579375004334511
2291.003	0.15579433243464721
2291.156	0.15579549721725133
2291.289	0.15579899156506377
2291.438	0.15580132113027204
2291.577	0.15580132113027204
2291.7290000000003	0.15580132113027204
2291.871	0.15580132113027204
2292.009	0.15580248591287618
2292.152	0.15580132113027204
2292.297	0.15580132113027204
2292.445	0.15579899156506377
2292.743	0.15579549721725133
2292.8900000000003	0.15579549721725133
2293.032	0.15579549721725133
2293.186	0.15579433243464721
2293.319	0.15579433243464721
2293.463	0.15579549721725133
2293.608	0.15579899156506377
2293.7560000000003	0.15580132113027204
2293.9590000000003	0.15580132113027204
2294.103	0.15580306830417825
2294.253	0.15580598026068862
2294.4010000000003	0.15580889221719896
2294.5370000000003	0.15581063939110518
2294.6780000000003	0.15581063939110518
2294.822	0.15581063939110518
2294.9660000000003	0.15581122178240725
2295.1150000000002	0.15581122178240725
2295.435	0.15581063939110518
2295.5730000000003	0.15581063939110518
2295.717	0.15581063939110518
2295.8610000000003	0.15581122178240725
2296.005	0.1558147161302197
2296.15	0.1558187928693342
2296.299	0.155825199173657
2296.436	0.15583218786928188
2296.58	0.15583393504318807
2296.724	0.15583393504318807
2296.877	0.15583451743449012
2297.02	0.1558368469996984
2297.156	0.15583975895620877
2297.299	0.155841506130115
2297.443	0.155841506130115
2297.587	0.155841506130115
2297.731	0.15584208852141707
2297.875	0.1558432533040212
2298.023	0.15584441808662536
2298.239	0.15584500047792743
2298.386	0.15584674765183365
2298.53	0.1558479124344378
2298.674	0.15585140678225023
2298.822	0.15585490113006265
2298.971	0.1558560659126668
2299.105	0.155857813086573
2299.2490000000003	0.15585839547787508
2299.3940000000002	0.15585956026047923
2299.543	0.15586072504308338
2299.864	0.15586072504308338
2300.001	0.15586072504308338
2300.1490000000003	0.1558624722169896
2300.385	0.15586480178219791
2300.531	0.1558653841735
2300.779	0.1558653841735
2300.9300000000003	0.1558653841735
2301.079	0.1558665489561041
2301.219	0.1558682961300103
2301.36	0.1558682961300103
2301.507	0.15586887852131234
2301.657	0.15586887852131234
2301.791	0.1558700433039165
2301.973	0.15587179047782274
2302.11	0.15587412004303103
2302.262	0.15587761439084347
2302.406	0.15588052634735383
2302.542	0.15588227352126005
2302.685	0.15588402069516627
2302.831	0.15588635026037456
2302.98	0.15588751504297868
2303.333	0.1558892622168849
2303.469	0.15589100939079112
2303.625	0.15589100939079112
2303.9770000000003	0.15589100939079112
2304.1240000000003	0.1558915917820932
2304.275	0.1558915917820932
2304.4660000000003	0.15589100939079112
2304.608	0.1558915917820932
2304.7490000000003	0.15589392134730148
2304.8940000000002	0.15589508612990563
2305.036	0.1558956685212077
2305.179	0.1558956685212077
2305.3230000000003	0.1558956685212077
2305.467	0.1558974156951139
2305.61	0.15590091004292633
2305.754	0.15590265721683252
2305.898	0.15590265721683252
2306.042	0.15590265721683252
2306.1890000000003	0.15590265721683252
2306.3430000000003	0.15590265721683252
2306.4900000000002	0.15590265721683252
2306.634	0.15590382199943667
2306.777	0.1559055691733429
2306.922	0.1559073163472491
2307.0660000000003	0.15590906352115533
2307.21	0.1559096459124574
2307.353	0.1559096459124574
2307.498	0.15591081069506155
2307.6420000000003	0.1559119754776657
2307.7850000000003	0.15591081069506155
2307.931	0.15591081069506155
2308.099	0.15591081069506155
2308.4610000000002	0.1559096459124574
2308.6	0.15590906352115533
2308.752	0.15590906352115533
2308.9010000000003	0.1559073163472491
2309.0480000000002	0.1559073163472491
2309.192	0.1559073163472491
2309.3360000000002	0.1559073163472491
2309.6220000000003	0.15590906352115533
2309.7670000000003	0.15590906352115533
2309.915	0.15590906352115533
2310.0660000000003	0.15590906352115533
2310.199	0.15590906352115533
2310.3430000000003	0.15590906352115533
2310.4880000000003	0.15590906352115533
2310.638	0.15590906352115533
2310.783	0.15590906352115533
2310.918	0.15590906352115533
2311.0620000000004	0.15590906352115533
2311.206	0.15590906352115533
2311.358	0.15590906352115533
2311.632	0.15590906352115533
2311.7670000000003	0.15590906352115533
2311.909	0.15590906352115533
2312.0620000000004	0.1559096459124574
2312.197	0.15591081069506155
2312.3410000000003	0.15591081069506155
2312.485	0.1559119754776657
2312.6330000000003	0.1559119754776657
2312.784	0.1559119754776657
2312.94	0.1559119754776657
2313.076	0.15591255786896777
2313.219	0.15591314026026984
2313.3630000000003	0.15591314026026984
2313.5080000000003	0.1559160522167802
2313.6620000000003	0.15591896417329057
2313.795	0.15591896417329057
2313.9390000000003	0.1559160522167802
2314.0840000000003	0.1559160522167802
2314.2270000000003	0.1559160522167802
2314.3700000000003	0.1559160522167802
2314.514	0.15591896417329057
2314.658	0.15591896417329057
2314.802	0.15592012895589472
2314.945	0.15591896417329057
2315.09	0.1559160522167802
2315.239	0.1559160522167802
2315.592	0.1559160522167802
2315.731	0.15591314026026984
2315.888	0.15591314026026984
2316.04	0.1559160522167802
2316.177	0.15591896417329057
2316.32	0.15592012895589472
2316.4680000000003	0.15592012895589472
2316.7110000000002	0.15592012895589472
2316.849	0.15592012895589472
2317.184	0.15592012895589472
2317.329	0.15592012895589472
2317.4900000000002	0.15592012895589472
2317.6780000000003	0.15592012895589472
2317.8230000000003	0.15592012895589472
2317.975	0.15592012895589472
2318.1200000000003	0.15592012895589472
2318.254	0.15592012895589472
2318.398	0.15592012895589472
2318.596	0.15592012895589472
2318.737	0.15592012895589472
2318.878	0.15592012895589472
2319.022	0.15592012895589472
2319.166	0.15592012895589472
2319.315	0.15592012895589472
2319.635	0.15591896417329057
2319.773	0.15591896417329057
2319.917	0.15591896417329057
2320.0660000000003	0.15591896417329057
2320.204	0.15591896417329057
2320.348	0.15591896417329057
2320.492	0.15592012895589472
2320.639	0.15592129373849886
2320.795	0.15592187612980093
2320.9390000000003	0.15592362330370715
2321.0860000000002	0.15592537047761335
2321.233	0.15592537047761335
2321.518	0.15592711765151956
2321.659	0.155930611999332
2321.8030000000003	0.155930611999332
2321.9570000000003	0.1559329415645403
2322.09	0.1559329415645403
2322.234	0.1559329415645403
2322.378	0.1559329415645403
2322.5260000000003	0.15593410634714444
2322.672	0.15593585352105066
2322.809	0.15593643591235273
2322.953	0.15593643591235273
2323.1020000000003	0.15593760069495688
2323.2490000000003	0.15593643591235273
2323.387	0.15593585352105066
2323.533	0.15593410634714444
2323.6730000000002	0.1559329415645403
2323.8160000000003	0.1559329415645403
2324.0	0.155930611999332
2324.136	0.15592711765151956
2324.282	0.15592595286891542
2324.467	0.15592537047761335
2324.601	0.15592537047761335
2324.744	0.15592537047761335
2324.888	0.15592537047761335
2325.0350000000003	0.15592537047761335
2325.2110000000002	0.15592537047761335
2325.3520000000003	0.15592362330370715
2325.4970000000003	0.15592362330370715
2325.643	0.15592537047761335
2325.792	0.15592595286891542
2325.927	0.15592711765151956
2326.152	0.155930611999332
2326.297	0.155930611999332
2326.447	0.15592886482542578
2326.592	0.15593119439063408
2326.726	0.1559329415645403
2326.8700000000003	0.1559329415645403
2327.025	0.1559329415645403
2327.255	0.1559329415645403
2327.398	0.15593410634714444
2327.5480000000002	0.15593410634714444
2327.906	0.15593585352105066
2328.0530000000003	0.15593643591235273
2328.206	0.15593760069495688
2328.3410000000003	0.155938765477561
2328.485	0.15593934786886304
2328.628	0.15593993026016512
2328.993	0.15593993026016512
2329.1440000000002	0.15593993026016512
2329.299	0.15593993026016512
2329.443	0.15593993026016512
2329.587	0.15593993026016512
2329.731	0.15593993026016512
2329.885	0.15593993026016512
2330.284	0.15593993026016512
2330.4190000000003	0.15593993026016512
2330.569	0.15594109504276926
2330.713	0.15594225982537344
2330.85	0.15594225982537344
2330.9950000000003	0.15594225982537344
2331.138	0.15594225982537344
2331.288	0.15594225982537344
2331.469	0.15594225982537344
2331.617	0.15594225982537344
2331.762	0.15594109504276926
2331.9120000000003	0.15593993026016512
2332.049	0.15593934786886304
2332.28	0.15593934786886304
2332.416	0.155938765477561
2332.561	0.15593760069495688
2332.704	0.15593760069495688
2332.848	0.15593760069495688
2332.9970000000003	0.15593760069495688
2333.338	0.15593760069495688
2333.474	0.15593760069495688
2333.626	0.15593760069495688
2333.759	0.15593760069495688
2333.902	0.15593934786886304
2334.047	0.15593934786886304
2334.202	0.15593934786886304
2334.346	0.15593934786886304
2334.482	0.15593993026016512
2334.625	0.15593993026016512
2334.782	0.15593993026016512
2335.022	0.15593993026016512
2335.165	0.15593934786886304
2335.319	0.15593934786886304
2335.462	0.15593934786886304
2335.6420000000003	0.15593934786886304
2335.791	0.15593934786886304
2335.934	0.15593934786886304
2336.08	0.15593934786886304
2336.232	0.15593993026016512
2336.367	0.15594109504276926
2336.5080000000003	0.15594458939058173
2336.652	0.15594808373839417
2336.8	0.15594808373839417
2336.994	0.15594808373839417
2337.134	0.15594983091230039
2337.291	0.15595274286881075
2337.435	0.15595507243401904
2337.579	0.15595565482532112
2337.723	0.15595740199922734
2337.873	0.15595740199922734
2338.07	0.15595740199922734
2338.2180000000003	0.15596031395573767
2338.362	0.15596031395573767
2338.5080000000003	0.15596031395573767
2338.654	0.15596264352094596
2338.799	0.15596439069485216
2338.9370000000004	0.15596439069485216
2339.081	0.15596439069485216
2339.2290000000003	0.15596613786875838
2339.569	0.15596613786875838
2339.705	0.15596672026006045
2339.88	0.1559678850426646
2340.0240000000003	0.1559696322165708
2340.168	0.1559702146078729
2340.3120000000004	0.1559719617817791
2340.4660000000003	0.15597487373828947
2340.6	0.15597603852089362
2340.743	0.1559777856947998
2340.887	0.15597953286870603
2341.039	0.15597953286870603
2341.393	0.15597953286870603
2341.527	0.15597953286870603
2341.6710000000003	0.15597953286870603
2341.815	0.15597953286870603
2341.9590000000003	0.15597953286870603
2342.1040000000003	0.1559801152600081
2342.2470000000003	0.15598186243391432
2342.391	0.15598186243391432
2342.5350000000003	0.15598186243391432
2342.685	0.15598186243391432
2342.8340000000003	0.15598186243391432
2342.982	0.15598186243391432
2343.1490000000003	0.15598593917302883
2343.286	0.15598593917302883
2343.4320000000002	0.1559888511295392
2343.702	0.15598943352084127
2343.847	0.1559911806947475
2344.002	0.15599234547735163
2344.1490000000003	0.15599409265125785
2344.293	0.15599409265125785
2344.443	0.15599409265125785
2344.81	0.15599409265125785
2344.9480000000003	0.15599409265125785
2345.101	0.15599409265125785
2345.284	0.15599409265125785
2345.4280000000003	0.1559964222164661
2345.571	0.15599700460776816
2345.715	0.15599991656427853
2345.859	0.15599991656427853
2346.003	0.15599991656427853
2346.147	0.15599991656427853
2346.291	0.15600341091209097
2346.435	0.15600341091209097
2346.578	0.15600341091209097
2346.725	0.15600399330339304
2346.877	0.15600399330339304
2347.273	0.1560051580859972
2347.411	0.15600632286860133
2347.5570000000002	0.15600632286860133
2347.696	0.1560069052599034
2347.926	0.1560074876512055
2348.065	0.15600865243380965
2348.213	0.1560098172164138
2348.364	0.15601039960771584
2348.512	0.15601098199901792
2348.656	0.15601214678162206
2348.8050000000003	0.15601389395552828
2348.951	0.15601447634683036
2349.088	0.1560156411294345
2349.248	0.15601855308594484
2349.3920000000003	0.15601855308594484
2349.5350000000003	0.15601855308594484
2349.685	0.15601855308594484
2349.848	0.15601855308594484
2350.177	0.1560220474337573
2350.319	0.15602495939026767
2350.467	0.1560261241728718
2350.809	0.1560296185206842
2350.958	0.15603311286849664
2351.1020000000003	0.1560336952597987
2351.2450000000003	0.15603427765110078
2351.389	0.156036024825007
2351.533	0.15603777199891322
2351.677	0.15603893678151737
2351.821	0.15604010156412151
2351.965	0.15604010156412151
2352.109	0.15604010156412151
2352.253	0.1560406839554236
2352.396	0.1560406839554236
2352.54	0.1560406839554236
2352.684	0.15604301352063188
2352.828	0.1560447606945381
2352.972	0.1560447606945381
2353.116	0.15604592547714224
2353.26	0.1560470902597464
2353.4030000000002	0.15604767265104846
2353.547	0.15604941982495468
2353.6910000000003	0.1560511669988609
2353.835	0.1560511669988609
2353.978	0.1560511669988609
2354.123	0.1560534965640692
2354.2670000000003	0.15605757330318368
2354.4100000000003	0.15606223243360023
2354.554	0.15606572678141267
2354.6980000000003	0.15606572678141267
2354.842	0.15606572678141267
2354.9860000000003	0.15606572678141267
2355.129	0.1560674739553189
2355.273	0.15607795699875618
2355.402	0.15607795699875618
2355.545	0.15608785765089142
2355.6890000000003	0.15608785765089142
2355.833	0.15608785765089142
2355.9770000000003	0.15608785765089142
2356.1200000000003	0.1560884400421935
2356.264	0.1560884400421935
2356.408	0.1560884400421935
2356.552	0.1560884400421935
2356.696	0.15609018721609969
2356.84	0.15609135199870383
2356.983	0.15609251678130798
2357.127	0.1560942639552142
2357.271	0.1560965935204225
2357.415	0.1560965935204225
2357.559	0.15609950547693285
2357.703	0.1561029998247453
2357.847	0.15610649417255767
2357.991	0.15610765895516182
2358.135	0.1561082413464639
2358.279	0.1561082413464639
2358.509	0.15610998852037014
2358.647	0.15610998852037014
2358.7980000000002	0.15610998852037014
2358.933	0.15611348286818258
2359.077	0.15611755960729706
2359.221	0.15611755960729706
2359.545	0.15611348286818258
2359.686	0.15611348286818258
2359.829	0.15611755960729706
2359.974	0.15612047156380743
2360.118	0.15612047156380743
2360.266	0.15612047156380743
2360.405	0.15612047156380743
2360.551	0.15612047156380743
2360.696	0.15612047156380743
2360.925	0.15612047156380743
2361.0640000000003	0.15612047156380743
2361.355	0.15612047156380743
2361.534	0.15612047156380743
2361.668	0.15612047156380743
2361.9390000000003	0.15612047156380743
2362.088	0.15612047156380743
2362.386	0.15612047156380743
2362.533	0.15612047156380743
2362.6870000000004	0.15611755960729706
2362.835	0.15611755960729706
2362.9790000000003	0.15611755960729706
2363.126	0.15611755960729706
2363.7870000000003	0.15611755960729706
2363.922	0.15611755960729706
2364.282	0.15611348286818258
2364.418	0.15611348286818258
2364.561	0.15611348286818258
2364.717	0.15611348286818258
2364.869	0.15611348286818258
2365.156	0.15611348286818258
2365.3050000000003	0.15611348286818258
2365.592	0.15611348286818258
2365.733	0.15611755960729706
2366.005	0.15612047156380743
2366.147	0.15612047156380743
2366.476	0.1561216363464116
2366.629	0.15612454830292194
2366.9	0.15612746025943228
2367.038	0.15612746025943228
2367.1870000000004	0.15612804265073435
2367.4900000000002	0.15612978982464057
2367.63	0.15612978982464057
2367.7740000000003	0.15612978982464057
2367.917	0.1561315369985468
2368.061	0.15613386656375508
2368.205	0.15613386656375508
2368.349	0.15613386656375508
2368.493	0.15613386656375508
2368.637	0.15613386656375508
2368.78	0.15613386656375508
2368.925	0.15613386656375508
2369.068	0.15613386656375508
2369.212	0.15613386656375508
2369.356	0.15613386656375508
2369.5	0.15613677852026545
2369.6440000000002	0.156141437650682
2369.7870000000003	0.1561455143897965
2369.931	0.15614726156370273
2370.0750000000003	0.15614726156370273
2370.219	0.15614726156370273
2370.3630000000003	0.1561455143897965
2370.507	0.15614726156370273
2370.6510000000003	0.15614900873760895
2370.779	0.15614959112891102
2370.922	0.15615075591151517
2371.0660000000003	0.15615366786802554
2371.212	0.15615541504193176
2371.353	0.1561606565636504
2371.503	0.15616589808536904
2371.7450000000003	0.15616939243318148
2371.882	0.15617405156359807
2372.025	0.15617579873750426
2372.1780000000003	0.15617754591141048
2372.313	0.15618045786792084
2372.458	0.15618278743312913
2372.7200000000003	0.15618686417224364
2372.859	0.15619035852005606
2373.21	0.15619035852005606
2373.356	0.15619035852005606
2373.6130000000003	0.15619035852005606
2373.755	0.15619035852005606
2374.049	0.15619035852005606
2374.188	0.15619035852005606
2374.494	0.15619035852005606
2374.6420000000003	0.15619035852005606
2374.7940000000003	0.15619035852005606
2375.1240000000003	0.15619035852005606
2375.27	0.15619035852005606
2375.414	0.15619035852005606
2375.558	0.15619035852005606
2375.702	0.15619035852005606
2375.8450000000003	0.15619035852005606
2375.989	0.15619035852005606
2376.1330000000003	0.15619035852005606
2376.277	0.15619035852005606
2376.4210000000003	0.15619035852005606
2376.565	0.15619035852005606
2376.7090000000003	0.15619035852005606
2376.853	0.15619035852005606
2376.9970000000003	0.15619035852005606
2377.148	0.15619035852005606
2377.2850000000003	0.15619035852005606
2377.429	0.15619035852005606
2377.572	0.15619035852005606
2377.717	0.15619035852005606
2377.86	0.15619443525917054
2378.004	0.15620025917219127
2378.148	0.15620025917219127
2378.292	0.15620025917219127
2378.4370000000004	0.15620025917219127
2378.58	0.15620025917219127
2378.726	0.1562020063460975
2379.029	0.1562020063460975
2379.172	0.15620258873739956
2379.483	0.15620317112870163
2379.625	0.156206083085212
2379.891	0.15620957743302444
2380.036	0.15621132460693066
2380.337	0.1562124893895348
2380.487	0.15621423656344102
2380.8230000000003	0.15621598373734724
2380.9660000000003	0.15621598373734724
2381.3	0.15621656612864931
2381.444	0.15622530199818038
2381.773	0.15622646678078453
2381.9210000000003	0.15622646678078453
2382.2110000000002	0.15622646678078453
2382.3520000000003	0.15622646678078453
2382.496	0.15622646678078453
2382.639	0.15622646678078453
2382.783	0.15622646678078453
2382.927	0.15622646678078453
2383.071	0.15622646678078453
2383.215	0.15622646678078453
2383.359	0.15622646678078453
2383.503	0.15622646678078453
2383.646	0.15622646678078453
2383.79	0.15622646678078453
2383.934	0.15622646678078453
2384.078	0.15622646678078453
2384.222	0.15622646678078453
2384.366	0.15622646678078453
2384.51	0.15622646678078453
2384.6530000000002	0.15622646678078453
2384.797	0.15622646678078453
2384.9410000000003	0.15622646678078453
2385.085	0.15622646678078453
2385.2290000000003	0.15622646678078453
2385.3720000000003	0.15623345547640938
2385.5170000000003	0.15623345547640938
2385.6600000000003	0.1562352026503156
2385.804	0.15623986178073218
2385.9480000000003	0.15623986178073218
2386.092	0.15624335612854462
2386.2360000000003	0.1562439385198467
2386.38	0.1562439385198467
2386.523	0.1562439385198467
2386.667	0.1562439385198467
2386.811	0.1562439385198467
2386.955	0.1562439385198467
2387.099	0.1562439385198467
2387.243	0.1562439385198467
2387.387	0.15624510330245084
2387.53	0.15625325678067983
2387.674	0.15626082786760676
2387.818	0.15626373982411712
2387.962	0.15626665178062749
2388.105	0.1562683989545337
2388.251	0.15627014612843992
2388.393	0.15627189330234614
2388.5370000000003	0.15627189330234614
2388.681	0.15627189330234614
2388.8250000000003	0.15627189330234614
2388.969	0.15627189330234614
2389.1130000000003	0.15627189330234614
2389.2560000000003	0.15627189330234614
2389.4	0.15627189330234614
2389.5440000000003	0.15627189330234614
2389.688	0.15627189330234614
2389.8320000000003	0.15627189330234614
2389.976	0.15627189330234614
2390.1200000000003	0.15627364047625233
2390.263	0.15627364047625233
2390.407	0.15627364047625233
2390.551	0.15627364047625233
2390.695	0.15627364047625233
2390.838	0.15627189330234614
2390.983	0.15627189330234614
2391.126	0.15627189330234614
2391.27	0.15627189330234614
2391.414	0.15627189330234614
2391.558	0.15627189330234614
2391.702	0.15627189330234614
2391.846	0.15627189330234614
2391.989	0.15627189330234614
2392.1330000000003	0.15627189330234614
2392.277	0.15627189330234614
2392.4210000000003	0.15627189330234614
2392.565	0.15627189330234614
2392.7090000000003	0.15627189330234614
2392.853	0.15627189330234614
2392.996	0.15627189330234614
2393.1400000000003	0.15627189330234614
2393.284	0.15627189330234614
2393.4280000000003	0.15627189330234614
2393.571	0.15627189330234614
2393.7160000000003	0.15627189330234614
2393.866	0.15627189330234614
2394.003	0.15626898134583578
2394.147	0.15626665178062749
2394.292	0.15626373982411712
2394.436	0.15626373982411712
2394.58	0.15626373982411712
2394.724	0.15626373982411712
2394.867	0.1562614102589088
2395.012	0.15625383917198188
2395.155	0.15625383917198188
2395.299	0.15625034482416947
2395.443	0.15624510330245084
2395.587	0.15624510330245084
2395.73	0.1562439385198467
2395.875	0.1562439385198467
2396.018	0.15624335612854462
2396.1620000000003	0.15623986178073218
2396.306	0.15623986178073218
2396.4500000000003	0.15624335612854462
2396.594	0.15624335612854462
2396.737	0.15624335612854462
2396.8810000000003	0.15624335612854462
2397.025	0.15623986178073218
2397.1690000000003	0.15623986178073218
2397.313	0.15623986178073218
2397.4570000000003	0.15623986178073218
2397.601	0.1562352026503156
2397.744	0.15623345547640938
2397.888	0.15623345547640938
2398.032	0.15623345547640938
2398.176	0.15623345547640938
2398.32	0.1562287963459928
2398.465	0.15622180765036797
2398.607	0.15621947808515968
2398.751	0.15621773091125346
2398.895	0.15621598373734724
2399.039	0.15621598373734724
2399.183	0.15621423656344102
2399.327	0.1562124893895348
2399.4700000000003	0.1562124893895348
2399.614	0.15621132460693066
2399.759	0.1562101598243265
2399.902	0.15620957743302444
2400.0460000000003	0.156206083085212
2400.1890000000003	0.15620258873739956
2400.3340000000003	0.1562020063460975
2400.4770000000003	0.1562020063460975
2400.621	0.15619618243307676
2400.7650000000003	0.15619035852005606
2400.909	0.15618511699833743
2401.0530000000003	0.15617812830271255
2401.196	0.15617405156359804
2401.3410000000003	0.15617055721578563
2401.484	0.15617055721578563
2401.63	0.15616939243318148
2401.772	0.1561589093897442
2401.916	0.1561455143897965
2402.059	0.15614085525937996
2402.203	0.15614085525937996
2402.347	0.15614085525937996
2402.491	0.15614085525937996
2402.635	0.15614085525937996
2402.779	0.15614085525937996
2402.9230000000002	0.15614085525937996
2403.067	0.15614085525937996
2403.2110000000002	0.15614085525937996
2403.3540000000003	0.15614085525937996
2403.498	0.15614085525937996
2403.6420000000003	0.15614085525937996
2403.786	0.15614085525937996
2403.9300000000003	0.15614085525937996
2404.074	0.15614085525937996
2404.217	0.15614085525937996
2404.3610000000003	0.15613910808547374
2404.505	0.15613852569417166
2404.6490000000003	0.15613677852026545
2404.793	0.15613503134635923
2404.938	0.15613503134635923
2405.08	0.15613503134635923
2405.224	0.15613503134635923
2405.368	0.15613444895505715
2405.512	0.15613270178115093
2405.656	0.15613095460724472
2405.8	0.15612978982464057
2405.944	0.15612978982464057
2406.087	0.15612862504203642
2406.231	0.15612804265073435
2406.375	0.15612454830292194
2406.5190000000002	0.1561216363464116
2406.6620000000003	0.15611872438990124
2406.8070000000002	0.15611581243339087
2406.951	0.15611581243339087
2407.094	0.15611581243339087
2407.2380000000003	0.15611581243339087
2407.382	0.15611581243339087
2407.529	0.15611581243339087
2407.67	0.15611581243339087
2407.797	0.15611581243339087
2407.9410000000003	0.15611581243339087
2408.085	0.15611581243339087
2408.2290000000003	0.15611581243339087
2408.373	0.15611581243339087
2408.5170000000003	0.15611581243339087
2408.661	0.15611581243339087
2408.804	0.15611581243339087
2408.9480000000003	0.15611581243339087
2409.092	0.15611581243339087
2409.2360000000003	0.15611581243339087
2409.379	0.15611581243339087
2409.5240000000003	0.15611581243339087
2409.668	0.15611581243339087
2409.811	0.15611581243339087
2409.955	0.15611581243339087
2410.099	0.1561152300420888
2410.243	0.1561152300420888
2410.387	0.15611464765078673
2410.53	0.15611464765078673
2410.674	0.15611348286818258
2410.818	0.15611057091167221
2410.962	0.15610707656385978
2411.106	0.15610532938995356
2411.25	0.15610358221604737
2411.3940000000002	0.15610008786823493
2411.5370000000003	0.1560965935204225
2411.681	0.15609309917261005
2411.826	0.15609018721609969
2411.9700000000003	0.15608902243349557
2412.1130000000003	0.1560884400421935
2412.2580000000003	0.15608669286828727
2412.4010000000003	0.15608552808568313
2412.545	0.15608494569438108
2412.6890000000003	0.156084363303079
2412.833	0.15608319852047486
2412.9770000000003	0.1560820337378707
2413.1240000000003	0.1560820337378707
2413.3740000000003	0.15608145134656862
2413.521	0.15608086895526654
2413.78	0.15607795699875618
2413.927	0.1560732978683396
2414.202	0.1560732978683396
2414.3520000000003	0.1560732978683396
2414.496	0.15607155069443338
2414.6400000000003	0.15607155069443338
2414.791	0.15607155069443338
2415.0750000000003	0.1560732978683396
2415.2180000000003	0.15607155069443338
2415.539	0.15607155069443338
2415.683	0.15607155069443338
2416.005	0.1560732978683396
2416.143	0.15607795699875618
2416.435	0.15608145134656862
2416.6040000000003	0.1560820337378707
2417.01	0.1560820337378707
2417.1490000000003	0.1560820337378707
2417.2960000000003	0.15608319852047486
2417.57	0.156084363303079
2417.71	0.15608494569438108
2417.8520000000003	0.15608552808568313
2417.996	0.15608669286828727
2418.1400000000003	0.1560884400421935
2418.284	0.15608902243349557
2418.427	0.15609018721609969
2418.571	0.15609251678130798
2418.715	0.1560942639552142
2418.859	0.1560965935204225
2419.003	0.15609950547693285
2419.146	0.15610125265083907
2419.292	0.15610358221604737
2419.434	0.15610532938995356
2419.578	0.15610649417255767
2419.722	0.15610649417255767
2419.866	0.15610649417255767
2420.01	0.15610649417255767
2420.154	0.15610649417255767
2420.297	0.15610649417255767
2420.4410000000003	0.15610358221604737
2420.585	0.15610125265083907
2420.7290000000003	0.15610125265083907
2420.873	0.15610125265083907
2421.0170000000003	0.15610125265083907
2421.1620000000003	0.15610125265083907
2421.422	0.15610125265083907
2421.561	0.15610125265083907
2421.82	0.15610125265083907
2421.963	0.15610125265083907
2422.2670000000003	0.15610125265083907
2422.408	0.15610125265083907
2422.715	0.15610125265083907
2422.855	0.15610358221604737
2422.998	0.15610649417255767
2423.143	0.1561082413464639
2423.286	0.15611173569427636
2423.4300000000003	0.15611464765078673
2423.574	0.15611464765078673
2423.7180000000003	0.1561152300420888
2423.862	0.15611581243339087
2424.005	0.15611581243339087
2424.15	0.15611581243339087
2424.297	0.15611581243339087
2424.4370000000004	0.15611581243339087
2424.581	0.15611581243339087
2424.725	0.15611581243339087
2424.8700000000003	0.15611581243339087
2425.013	0.15611755960729706
2425.156	0.15611755960729706
2425.3	0.15611755960729706
2425.444	0.15611755960729706
2425.588	0.15611755960729706
2425.731	0.15611755960729706
2425.876	0.15611755960729706
2426.02	0.15611755960729706
2426.163	0.15611755960729706
2426.321	0.15611755960729706
2426.467	0.15611755960729706
2426.6110000000003	0.15611755960729706
2426.7560000000003	0.15611755960729706
2427.0260000000003	0.15611755960729706
2427.184	0.15611755960729706
2427.53	0.15611755960729706
2427.666	0.15611755960729706
2427.815	0.15612047156380743
2428.126	0.15612047156380743
2428.28	0.1561216363464116
2428.4190000000003	0.156125130694224
2428.598	0.15612978982464057
2428.7380000000003	0.15612978982464057
2429.072	0.15612978982464057
2429.221	0.15612978982464057
2429.521	0.15612978982464057
2429.6690000000003	0.15613270178115093
2429.989	0.15613503134635923
2430.137	0.1561356137376613
2430.389	0.15613677852026545
2430.529	0.15613677852026545
2430.763	0.15613677852026545
2430.9120000000003	0.15613677852026545
2431.0550000000003	0.1561379433028696
2431.199	0.1561379433028696
2431.3430000000003	0.15613852569417166
2431.487	0.15613852569417166
2431.6310000000003	0.15613852569417166
2431.775	0.15614085525937996
2431.9190000000003	0.1561460967810986
2432.063	0.15615075591151517
2432.2070000000003	0.15615541504193173
2432.35	0.15616007417234828
2432.494	0.15616531569406697
2432.638	0.15616939243318148
2432.782	0.15616939243318148
2432.926	0.15616939243318148
2433.069	0.15616939243318148
2433.213	0.15616939243318148
2433.357	0.15616939243318148
2433.501	0.15616939243318148
2433.645	0.15616939243318148
2433.789	0.15616939243318148
2433.9320000000002	0.15616939243318148
2434.076	0.15616531569406697
2434.2200000000003	0.15616531569406697
2434.3650000000002	0.15616007417234828
2434.706	0.15615541504193173
2434.8450000000003	0.15615541504193173
2435.136	0.15615541504193173
2435.284	0.15615075591151517
2435.5640000000003	0.15615075591151517
2435.7090000000003	0.15615075591151517
2436.03	0.1561460967810986
2436.174	0.15614085525937996
2436.4500000000003	0.15614085525937996
2436.59	0.15614085525937996
2436.8940000000002	0.15614085525937996
2437.038	0.15614085525937996
2437.3410000000003	0.15614085525937996
2437.482	0.15614085525937996
2437.8120000000004	0.15614085525937996
2437.9610000000002	0.15614085525937996
2438.109	0.15614085525937996
2438.467	0.15614085525937996
2438.6	0.15614085525937996
2438.7490000000003	0.15614085525937996
2439.031	0.1561460967810986
2439.176	0.1561460967810986
2439.319	0.1561460967810986
2439.463	0.1561460967810986
2439.607	0.15615075591151517
2439.751	0.15615541504193173
2439.895	0.15616007417234828
2440.039	0.15616531569406697
2440.1820000000002	0.15616939243318148
2440.326	0.15616939243318148
2440.476	0.15616939243318148
2440.614	0.15616939243318148
2440.7580000000003	0.15616939243318148
2440.902	0.15616939243318148
2441.045	0.15616939243318148
2441.19	0.15616939243318148
2441.3340000000003	0.15616939243318148
2441.478	0.15616939243318148
2441.621	0.15616939243318148
2441.7650000000003	0.15616939243318148
2441.893	0.15616939243318148
2442.036	0.15617055721578563
2442.1800000000003	0.156173469172296
2442.324	0.156173469172296
2442.4680000000003	0.15617055721578563
2442.6150000000002	0.15616939243318148
2442.911	0.15616939243318148
2443.0440000000003	0.15616939243318148
2443.329	0.15616939243318148
2443.476	0.15616531569406697
2443.733	0.15616007417234828
2443.877	0.15615541504193173
2444.184	0.15615075591151517
2444.328	0.15615075591151517
2444.6330000000003	0.1561460967810986
2444.7780000000002	0.1561460967810986
2445.1130000000003	0.1561460967810986
2445.25	0.1561460967810986
2445.397	0.1561460967810986
2445.589	0.1561460967810986
2445.7360000000003	0.1561460967810986
2446.042	0.1561460967810986
2446.1870000000004	0.1561460967810986
2446.4860000000003	0.1561460967810986
2446.629	0.1561420200419841
2446.895	0.1561420200419841
2447.043	0.1561420200419841
2447.353	0.1561460967810986
2447.491	0.15615075591151517
2447.8360000000002	0.15615075591151517
2447.987	0.15615541504193173
2448.322	0.15616007417234828
2448.464	0.15616531569406697
2448.76	0.15616939243318148
2448.895	0.15616939243318148
2449.043	0.15616939243318148
2449.283	0.15616939243318148
2449.427	0.15617055721578563
2449.734	0.156173469172296
2449.876	0.15617579873750426
2450.1980000000003	0.15617754591141048
2450.3340000000003	0.1561792930853167
2450.4770000000003	0.15617987547661877
2450.621	0.15618104025922291
2450.766	0.15618395221573328
2450.908	0.1561856993896395
2451.052	0.15618628178094157
2451.196	0.1561880289548478
2451.3430000000003	0.156189776128754
2451.484	0.15619327047656642
2451.628	0.15619327047656642
2451.772	0.1561973472156809
2451.916	0.15619851199828505
2452.059	0.15619851199828505
2452.203	0.15619851199828505
2452.347	0.15619851199828505
2452.491	0.15619851199828505
2452.635	0.15619851199828505
2452.779	0.15619851199828505
2452.9230000000002	0.15619851199828505
2453.0660000000003	0.1561973472156809
2453.21	0.15619851199828505
2453.3540000000003	0.15619851199828505
2453.498	0.15619851199828505
2453.641	0.1561973472156809
2453.786	0.1561973472156809
2453.9300000000003	0.1561973472156809
2454.077	0.1561973472156809
2454.2200000000003	0.15619268808526438
2454.463	0.15618919373745194
2454.6020000000003	0.1561880289548478
2454.835	0.15618628178094157
2454.969	0.15618628178094157
2455.241	0.15618628178094157
2455.391	0.1561856993896395
2455.6730000000002	0.1561856993896395
2455.821	0.1561856993896395
2456.137	0.1561856993896395
2456.284	0.1561856993896395
2456.4230000000002	0.1561856993896395
2456.57	0.1561856993896395
2456.7180000000003	0.1561856993896395
2457.0240000000003	0.15618628178094157
2457.1620000000003	0.15618628178094157
2457.4770000000003	0.15618628178094157
2457.6310000000003	0.15618686417224364
2458.002	0.1561880289548478
2458.15	0.15618919373745194
2458.4410000000003	0.15618919373745194
2458.585	0.15618919373745194
2458.889	0.15618919373745194
2459.03	0.15619268808526438
2459.175	0.1561973472156809
2459.3990000000003	0.15619851199828505
2459.54	0.15619851199828505
2459.683	0.15619909438958712
2459.827	0.15620084156349334
2459.971	0.1562020063460975
2460.1150000000002	0.15620258873739956
2460.243	0.15620433591130578
2460.387	0.156206083085212
2460.531	0.15620783025911822
2460.674	0.15620899504172236
2460.819	0.15620899504172236
2460.964	0.15620957743302444
2461.106	0.15621190699823273
2461.25	0.15621190699823273
2461.3940000000002	0.15621190699823273
2461.538	0.15620957743302444
2461.6820000000002	0.15620899504172236
2461.8250000000003	0.15620783025911822
2461.969	0.156206083085212
2462.1130000000003	0.156206083085212
2462.257	0.156206083085212
2462.4	0.15620783025911822
2462.545	0.156206083085212
2462.688	0.15620433591130578
2462.8320000000003	0.15620258873739956
2462.98	0.1562020063460975
2463.286	0.15620084156349334
2463.425	0.15619909438958712
2463.685	0.15619851199828505
2463.83	0.15619851199828505
2464.088	0.15619851199828505
2464.224	0.15619851199828505
2464.368	0.15619851199828505
2464.592	0.15619851199828505
2464.7400000000002	0.15619851199828505
2465.118	0.15619851199828505
2465.263	0.1561973472156809
2465.686	0.1561973472156809
2465.822	0.1561973472156809
2465.9660000000003	0.1561973472156809
2466.114	0.1561973472156809
2466.254	0.15619851199828505
2466.398	0.15619851199828505
2466.541	0.15619909438958712
2466.686	0.15620084156349334
2466.829	0.15620258873739956
2466.973	0.15620433591130578
2467.117	0.156206083085212
2467.261	0.15620783025911822
2467.405	0.15620899504172236
2467.5480000000002	0.15620957743302444
2467.692	0.1562101598243265
2467.8360000000002	0.1562101598243265
2467.98	0.1562101598243265
2468.1240000000003	0.1562101598243265
2468.268	0.1562101598243265
2468.4120000000003	0.1562101598243265
2468.5550000000003	0.1562101598243265
2468.699	0.1562101598243265
2468.8430000000003	0.1562101598243265
2468.987	0.1562101598243265
2469.1310000000003	0.1562101598243265
2469.2760000000003	0.1562101598243265
2469.608	0.1562101598243265
2469.755	0.1562101598243265
2470.063	0.1562101598243265
2470.203	0.1562101598243265
2470.483	0.1562101598243265
2470.619	0.1562101598243265
2470.761	0.1562101598243265
2470.916	0.15621190699823273
2471.065	0.1562148189547431
2471.385	0.15621656612864931
2471.532	0.1562171485199514
2471.829	0.1562188956938576
2471.98	0.15622355482427416
2472.215	0.15623170830250316
2472.3610000000003	0.15624044417203425
2472.637	0.15624510330245084
2472.779	0.15624626808505498
2473.0840000000003	0.15624859765026328
2473.223	0.15625442156328395
2473.3700000000003	0.1562596630850026
2473.6130000000003	0.1562614102589088
2473.754	0.15626432221541917
2474.1440000000002	0.1562683989545337
2474.2780000000002	0.15627131091104407
2474.422	0.15627480525885648
2474.5660000000003	0.15627713482406477
2474.838	0.15627713482406477
2474.981	0.15627713482406477
2475.1240000000003	0.15627713482406477
2475.2690000000002	0.15627771721536685
2475.413	0.15627771721536685
2475.556	0.15628121156317928
2475.7000000000003	0.15628470591099172
2475.844	0.15628994743271035
2475.9900000000002	0.156295188954429
2476.132	0.1562975185196373
2476.275	0.15629984808484557
2476.4210000000003	0.15630217765005386
2476.563	0.15630217765005386
2476.708	0.15630217765005386
2476.851	0.15630217765005386
2476.9950000000003	0.15629984808484557
2477.139	0.1562975185196373
2477.282	0.1562975185196373
2477.426	0.1562975185196373
2477.57	0.1562975185196373
2477.714	0.1562975185196373
2477.858	0.1562975185196373
2478.001	0.1562975185196373
2478.146	0.156295188954429
2478.289	0.15628994743271035
2478.434	0.15628470591099172
2478.7070000000003	0.15628121156317928
2478.85	0.15627771721536685
2479.077	0.15627771721536685
2479.2200000000003	0.15627713482406477
2479.549	0.15627480525885648
2479.697	0.15627131091104407
2480.11	0.1562683989545337
2480.255	0.15626432221541917
2480.404	0.1562596630850026
2480.667	0.1562596630850026
2480.8250000000003	0.15625442156328395
2481.2000000000003	0.15625092721547154
2481.342	0.15625092721547154
2481.4860000000003	0.15625092721547154
2481.63	0.15625092721547154
2481.775	0.15625442156328395
2481.918	0.1562596630850026
2482.063	0.15626432221541917
2482.206	0.1562683989545337
2482.35	0.15627131091104407
2482.494	0.15627131091104407
2482.638	0.15627305808495026
2482.782	0.15627305808495026
2482.925	0.15627305808495026
2483.069	0.15627305808495026
2483.213	0.15627131091104407
2483.357	0.1562683989545337
2483.501	0.15626432221541917
2483.645	0.1562596630850026
2483.789	0.15625442156328395
2483.933	0.15625092721547154
2484.076	0.15625092721547154
2484.2200000000003	0.15624859765026328
2484.364	0.15624626808505498
2484.5080000000003	0.15624626808505498
2484.652	0.15624510330245084
2484.8	0.15624044417203425
2485.079	0.15623170830250316
2485.228	0.15622530199818038
2485.371	0.15622239004167002
2485.614	0.1562188956938576
2485.7560000000003	0.1562171485199514
2485.994	0.15621656612864931
2486.152	0.15621598373734724
2486.4030000000002	0.1562148189547431
2486.541	0.15621307178083688
2486.6820000000002	0.15621307178083688
2486.8250000000003	0.1562124893895348
2486.9700000000003	0.15621132460693066
2487.114	0.15621132460693066
2487.257	0.15621132460693066
2487.4010000000003	0.15620957743302444
2487.5550000000003	0.15620957743302444
2487.869	0.15620957743302444
2488.009	0.15620957743302444
2488.31	0.15620899504172236
2488.476	0.15620783025911822
2488.942	0.15620783025911822
2489.0840000000003	0.15620783025911822
2489.436	0.15620783025911822
2489.58	0.15620666547651407
2489.936	0.156206083085212
2490.071	0.156206083085212
2490.3940000000002	0.156206083085212
2490.534	0.15620433591130578
2490.677	0.15620084156349334
2490.822	0.15620084156349334
2490.965	0.15620084156349334
2491.109	0.15620084156349334
2491.253	0.15620084156349334
2491.397	0.15620084156349334
2491.541	0.15620084156349334
2491.6870000000004	0.15619851199828505
2491.828	0.15619851199828505
2491.972	0.15619851199828505
2492.116	0.1562020063460975
2492.26	0.156206083085212
2492.404	0.15620666547651407
2492.5480000000002	0.15620666547651407
2492.692	0.15620666547651407
2492.835	0.15620666547651407
2492.9790000000003	0.15620666547651407
2493.1240000000003	0.15620666547651407
2493.268	0.15620666547651407
2493.411	0.15620783025911822
2493.5550000000003	0.15620783025911822
2493.6980000000003	0.15620783025911822
2493.842	0.15620666547651407
2493.992	0.15620666547651407
2494.306	0.15620666547651407
2494.451	0.15620666547651407
2494.713	0.15620666547651407
2494.85	0.15620666547651407
2495.1600000000003	0.156206083085212
2495.3	0.15620258873739956
2495.647	0.15620258873739956
2495.793	0.15620258873739956
2495.9370000000004	0.15620258873739956
2496.08	0.156206083085212
2496.224	0.15620666547651407
2496.3720000000003	0.15620666547651407
2496.5930000000003	0.15620666547651407
2496.743	0.15620783025911822
2497.049	0.15620783025911822
2497.1870000000004	0.15620783025911822
2497.5350000000003	0.15620957743302444
2497.683	0.15620957743302444
2497.9880000000003	0.15620957743302444
2498.127	0.15621132460693066
2498.4660000000003	0.1562124893895348
2498.61	0.15621307178083688
2498.889	0.1562148189547431
2499.038	0.15621656612864931
2499.3030000000003	0.1562171485199514
2499.438	0.1562188956938576
2499.5820000000003	0.15622239004167002
2499.726	0.15622530199818038
2499.869	0.15622646678078453
2500.013	0.15623170830250316
2500.157	0.15623869699812803
2500.301	0.15624219134594047
2500.445	0.15624510330245084
2500.589	0.15624626808505498
2500.829	0.15624626808505498
2500.972	0.15624626808505498
2501.116	0.15624626808505498
2501.26	0.15624626808505498
2501.404	0.15624510330245084
2501.5480000000002	0.15624626808505498
2501.6910000000003	0.15624626808505498
2501.835	0.15624626808505498
2501.9790000000003	0.15624626808505498
2502.123	0.15624626808505498
2502.2670000000003	0.15624626808505498
2502.4100000000003	0.15624626808505498
2502.5550000000003	0.15624626808505498
2502.699	0.15624626808505498
2502.844	0.15624626808505498
2503.123	0.15624626808505498
2503.261	0.15624626808505498
2503.596	0.15624626808505498
2503.739	0.15624626808505498
2504.036	0.15624626808505498
2504.1890000000003	0.15624626808505498
2504.494	0.15624626808505498
2504.635	0.15624626808505498
2504.9570000000003	0.15624685047635706
2505.097	0.1562474328676591
2505.2400000000002	0.15624918004156532
2505.3900000000003	0.15625092721547154
2505.532	0.15625442156328395
2505.844	0.15626373982411712
2505.992	0.15626956373713785
2506.253	0.15626956373713785
2506.4010000000003	0.15627131091104407
2506.82	0.15627305808495026
2506.9680000000003	0.15627538765015855
2507.331	0.15627771721536685
2507.478	0.15628761786750206
2507.627	0.15629868330224142
2507.914	0.15629984808484557
2508.054	0.15630043047614767
2508.349	0.15630101286744974
2508.485	0.1563062543891684
2508.628	0.15631266069349115
2508.773	0.1563155726500015
2508.916	0.15631906699781395
2509.06	0.1563243085195326
2509.204	0.1563283852586471
2509.348	0.15632896764994916
2509.492	0.15632896764994916
2509.635	0.15632896764994916
2509.779	0.1563301324325533
2509.9230000000002	0.15633304438906367
2510.067	0.1563301324325533
2510.2110000000002	0.1563301324325533
2510.355	0.1563301324325533
2510.4990000000003	0.1563301324325533
2510.643	0.1563301324325533
2510.7870000000003	0.1563301324325533
2510.9300000000003	0.1563301324325533
2511.076	0.1563301324325533
2511.2180000000003	0.1563301324325533
2511.362	0.15632896764994916
2511.5060000000003	0.15632896764994916
2511.65	0.15632896764994916
2511.793	0.15632896764994916
2511.94	0.15632896764994916
2512.145	0.15632896764994916
2512.29	0.15632896764994916
2512.534	0.15632896764994916
2512.6730000000002	0.15632896764994916
2512.929	0.15632896764994916
2513.077	0.15632896764994916
2513.335	0.15632896764994916
2513.475	0.15632896764994916
2513.748	0.15632896764994916
2513.888	0.1563301324325533
2514.031	0.15633304438906367
2514.175	0.15633770351948026
2514.3230000000003	0.15634236264989682
2514.6890000000003	0.1563446922151051
2514.831	0.15635051612812584
2515.226	0.1563592519976569
2515.378	0.1563592519976569
2515.697	0.15636274634546934
2515.839	0.15636391112807346
2516.157	0.15636624069328176
2516.3050000000003	0.15636798786718797
2516.6620000000003	0.15637031743239627
2516.799	0.15637322938890663
2517.155	0.15637497656281285
2517.293	0.15637730612802114
2517.4370000000004	0.1563802180845315
2517.581	0.15638545960625014
2517.725	0.15639070112796877
2517.869	0.156392448301875
2518.012	0.15639710743229157
2518.156	0.15640118417140608
2518.3	0.15640351373661437
2518.444	0.1564070080844268
2518.59	0.15640992004093718
2518.732	0.1564116672148434
2518.875	0.1564116672148434
2519.0190000000002	0.1564116672148434
2519.163	0.15641341438874962
2519.3070000000002	0.15641865591046825
2519.451	0.15642622699739517
2519.5950000000003	0.15643146851911383
2519.739	0.15643379808432212
2519.882	0.15643496286692626
2520.0260000000003	0.15643729243213456
2520.17	0.15643962199734285
2520.3140000000003	0.15643962199734285
2520.458	0.156440786779947
2520.6020000000003	0.15644369873645733
2520.746	0.15644602830166562
2521.0820000000003	0.15644602830166562
2521.226	0.15644602830166562
2521.371	0.15644602830166562
2521.532	0.15644602830166562
2521.674	0.15644602830166562
2521.96	0.15644602830166562
2522.109	0.15644602830166562
2522.3720000000003	0.15644602830166562
2522.5240000000003	0.15644369873645733
2522.759	0.156440786779947
2522.904	0.15644369873645733
2523.047	0.15644369873645733
2523.1910000000003	0.15644369873645733
2523.3360000000002	0.15644602830166562
2523.484	0.1564466106929677
2523.8070000000002	0.15644952264947803
2523.944	0.1564524346059884
2524.339	0.1564524346059884
2524.4860000000003	0.15645301699729047
2524.6330000000003	0.1564547641711967
2524.996	0.1564559289538008
2525.1420000000003	0.15645942330161328
2525.511	0.1564635000407278
2525.6530000000002	0.15646408243202983
2525.81	0.15646524721463398
2525.956	0.1564693239537485
2526.1	0.15647223591025886
2526.2490000000003	0.15647281830156093
2526.469	0.15647514786676925
2526.612	0.15648038938848788
2526.7560000000003	0.15648504851890443
2526.8990000000003	0.15648621330150858
2527.043	0.15648679569281065
2527.192	0.15648854286671687
2527.331	0.1564920372145293
2527.475	0.1564961139536438
2527.618	0.15649902591015416
2527.762	0.1565001906927583
2527.906	0.15650077308406038
2528.051	0.1565025202579666
2528.194	0.1565025202579666
2528.337	0.1565025202579666
2528.482	0.1565048498231749
2528.625	0.15651009134489352
2528.7690000000002	0.15651533286661218
2528.913	0.15651824482312254
2529.0570000000002	0.15651999199702876
2529.201	0.15651999199702876
2529.344	0.15651999199702876
2529.489	0.15652057438833084
2529.632	0.15652406873614325
2529.7760000000003	0.15652406873614325
2529.92	0.1565269806926536
2530.0640000000003	0.1565269806926536
2530.208	0.15652406873614325
2530.3520000000003	0.15652115677963288
2530.4950000000003	0.15652115677963288
2530.639	0.15652115677963288
2530.783	0.15652115677963288
2530.927	0.15652115677963288
2531.071	0.15652115677963288
2531.215	0.15652115677963288
2531.359	0.15652115677963288
2531.503	0.15652115677963288
2531.646	0.15652115677963288
2531.79	0.15652115677963288
2531.934	0.15652115677963288
2532.078	0.15652115677963288
2532.222	0.15652115677963288
2532.366	0.15652115677963288
2532.51	0.15652115677963288
2532.6530000000002	0.15652115677963288
2532.797	0.15652406873614325
2532.9410000000003	0.15652406873614325
2533.085	0.15652406873614325
2533.228	0.15652406873614325
2533.373	0.15652406873614325
2533.5190000000002	0.15652406873614325
2533.724	0.15652406873614325
2533.869	0.15652406873614325
2534.106	0.15652406873614325
2534.257	0.15652406873614325
2534.621	0.15652406873614325
2534.7740000000003	0.1565269806926536
2535.107	0.1565269806926536
2535.2470000000003	0.15652872786655983
2535.61	0.15653047504046605
2535.7580000000003	0.1565328046056743
2535.9	0.1565374637360909
2536.098	0.15654212286650748
2536.2360000000003	0.15654445243171577
2536.384	0.15654445243171577
2536.636	0.156546199605622
2536.784	0.156546199605622
2537.0860000000002	0.156546199605622
2537.2290000000003	0.15654911156213233
2537.5730000000003	0.15655085873603855
2537.722	0.15655260590994477
2538.034	0.15655260590994477
2538.175	0.1565561002577572
2538.454	0.1565584298229655
2538.605	0.15656017699687172
2538.876	0.1565648361272883
2539.016	0.15656949525770486
2539.1600000000003	0.15657124243161108
2539.3030000000003	0.1565729896055173
2539.447	0.15657648395332974
2539.5910000000003	0.15657939590984007
2539.735	0.1565823078663504
2539.879	0.15658405504025663
2540.023	0.1565892965619753
2540.167	0.15659453808369395
2540.31	0.15659512047499602
2540.454	0.15659686764890224
2540.598	0.15660269156192297
2540.742	0.15660793308364163
2540.886	0.1566102626488499
2541.029	0.15661200982275608
2541.174	0.15661200982275608
2541.317	0.1566137569966623
2541.4610000000002	0.15662424004009962
2541.605	0.1566329759096307
2541.7490000000003	0.15663472308353693
2541.893	0.15663647025744315
2542.0370000000003	0.15663879982265144
2542.1800000000003	0.15663879982265144
2542.324	0.15663879982265144
2542.471	0.15663879982265144
2542.668	0.15663879982265144
2542.8050000000003	0.15663879982265144
2543.0910000000003	0.15663879982265144
2543.241	0.15663879982265144
2543.53	0.15663879982265144
2543.6690000000003	0.15664171177916178
2543.962	0.15664404134437004
2544.098	0.15664404134437004
2544.2450000000003	0.15664578851827626
2544.594	0.15664578851827626
2544.739	0.15664578851827626
2545.05	0.15665044764869285
2545.1890000000003	0.15665685395301565
2545.329	0.15665860112692187
2545.473	0.15665860112692187
2545.617	0.1566603483008281
2545.761	0.15666267786603635
2545.904	0.1566644250399426
2546.049	0.15666558982254675
2546.192	0.15666733699645297
2546.3360000000002	0.15667257851817157
2546.48	0.15667723764858815
2546.625	0.15668014960509852
2546.768	0.15668364395291096
2546.911	0.15668597351811925
2547.0550000000003	0.15668772069202544
2547.199	0.15668888547462959
2547.3430000000003	0.15668888547462959
2547.487	0.1566906326485358
2547.6310000000003	0.15669412699634827
2547.775	0.15669820373546275
2547.9190000000003	0.15670344525718138
2548.0620000000004	0.15670693960499382
2548.206	0.15670868677890004
2548.35	0.1567115987354104
2548.494	0.1567133459093166
2548.638	0.1567133459093166
2548.9610000000002	0.15671684025712904
2549.1020000000003	0.15672149938754562
2549.3430000000003	0.15672324656145184
2549.4860000000003	0.1567238289527539
2549.8	0.15672499373535806
2549.952	0.1567261585179622
2550.2960000000003	0.15672674090926428
2550.444	0.15672907047447257
2550.588	0.15672907047447257
2550.732	0.15672907047447257
2550.876	0.15672907047447257
2551.0240000000003	0.15672907047447257
2551.299	0.15672907047447257
2551.4410000000003	0.1567308176483788
2551.7360000000003	0.1567308176483788
2551.884	0.15673198243098294
2552.0370000000003	0.15673372960488915
2552.1780000000003	0.15673605917009742
2552.3160000000003	0.15673780634400364
2552.627	0.15673780634400364
2552.764	0.15673780634400364
2553.0530000000003	0.15673897112660778
2553.1980000000003	0.15674071830051398
2553.54	0.1567424654744202
2553.674	0.15674363025702434
2553.818	0.15674363025702434
2553.967	0.1567447950396285
2554.248	0.15674595982223263
2554.393	0.1567465422135347
2554.5370000000003	0.15674828938744093
2554.6800000000003	0.15674945417004507
2554.824	0.15674945417004507
2554.9680000000003	0.15675003656134717
2555.1150000000002	0.15675061895264925
2555.2560000000003	0.1567517837352534
2555.4	0.15675353090915956
2555.5440000000003	0.15675411330046163
2555.6870000000004	0.15675527808306577
2555.831	0.156757025256972
2555.975	0.15675760764827407
2556.119	0.15675935482218029
2556.263	0.15676284916999272
2556.407	0.15676459634389897
2556.551	0.15676459634389897
2556.694	0.15676459634389897
2556.838	0.1567657611265031
2556.982	0.15676692590910724
2557.126	0.1567675083004093
2557.27	0.15676925547431556
2557.413	0.1567704202569197
2557.5570000000002	0.15677274982212797
2557.701	0.15677507938733623
2557.8450000000003	0.15677624416994038
2557.989	0.15677857373514864
2558.1330000000003	0.15678032090905486
2558.277	0.1567820680829611
2558.4210000000003	0.15678381525686733
2558.565	0.15678614482207562
2558.708	0.15678789199598184
2558.8520000000003	0.15678905677858596
2558.996	0.1567902215611901
2559.1400000000003	0.15679080395249217
2559.284	0.1567925511263984
2559.4280000000003	0.1567942983003046
2559.572	0.15679604547421083
2559.7180000000003	0.15679721025681498
2559.859	0.1567989574307212
2560.003	0.1568012869959295
2560.146	0.1568012869959295
2560.29	0.15680186938723156
2560.434	0.15680186938723156
2560.578	0.15680186938723156
2560.722	0.15680361656113775
2560.866	0.1568065285176481
2561.01	0.15680944047415846
2561.154	0.15681235243066882
2561.297	0.156813517213273
2561.4410000000003	0.156813517213273
2561.585	0.156813517213273
2561.7290000000003	0.156813517213273
2561.8720000000003	0.156813517213273
2562.0170000000003	0.156813517213273
2562.1600000000003	0.156813517213273
2562.304	0.156813517213273
2562.4480000000003	0.156813517213273
2562.592	0.156813517213273
2562.7360000000003	0.156813517213273
2562.879	0.15681409960457504
2563.023	0.15681409960457504
2563.167	0.15681468199587711
2563.311	0.15681468199587711
2563.455	0.15681468199587711
2563.599	0.15681584677848126
2563.743	0.1568170115610854
2563.887	0.15681759395238748
2564.03	0.15681817634368955
2564.174	0.1568193411262937
2564.318	0.15682108830019992
2564.462	0.15682108830019992
2564.606	0.1568234178654082
2564.75	0.15682516503931446
2564.8940000000002	0.15682516503931446
2565.0370000000003	0.15682516503931446
2565.181	0.15682516503931446
2565.309	0.15682516503931446
2565.453	0.15682516503931446
2565.597	0.15682516503931446
2565.741	0.15682516503931446
2565.884	0.15682516503931446
2566.0280000000002	0.15682516503931446
2566.172	0.15682516503931446
2566.3160000000003	0.15682516503931446
2566.46	0.15682516503931446
2566.6040000000003	0.1568234178654082
2566.7490000000003	0.1568234178654082
2566.891	0.1568234178654082
2567.0350000000003	0.15681992351759577
2567.179	0.15681992351759577
2567.3230000000003	0.1568234178654082
2567.467	0.15682516503931446
2567.6110000000003	0.15682516503931446
2567.754	0.15682516503931446
2567.8990000000003	0.15682632982191858
2568.042	0.1568280769958248
2568.186	0.15682982416973099
2568.33	0.15683098895233513
2568.474	0.1568315713436372
2568.618	0.15683331851754342
2568.762	0.15683448330014757
2568.905	0.15683506569144967
2569.049	0.15683564808275174
2569.193	0.1568368128653559
2569.338	0.15683856003926208
2569.481	0.15683914243056415
2569.626	0.1568403072131683
2569.7690000000002	0.15684147199577245
2569.913	0.15684147199577245
2570.0570000000002	0.15684147199577245
2570.201	0.15684147199577245
2570.3450000000003	0.15684147199577245
2570.4880000000003	0.15684147199577245
2570.632	0.15684147199577245
2570.7780000000002	0.15684147199577245
2570.92	0.15684147199577245
2571.0640000000003	0.15684147199577245
2571.208	0.15684147199577245
2571.3520000000003	0.15684147199577245
2571.4950000000003	0.1568420543870745
2571.639	0.15684263677837654
2571.783	0.15684263677837654
2571.927	0.15684263677837654
2572.072	0.15684263677837654
2572.214	0.15684263677837654
2572.359	0.1568438015609807
2572.502	0.1568438015609807
2572.647	0.1568438015609807
2572.791	0.1568438015609807
2572.935	0.15684496634358486
2573.078	0.15684496634358486
2573.222	0.15684496634358486
2573.366	0.15684496634358486
2573.511	0.15684496634358486
2573.6530000000002	0.15684496634358486
2573.797	0.15684496634358486
2573.9410000000003	0.156846131126189
2574.085	0.156846131126189
2574.2290000000003	0.156846131126189
2574.3720000000003	0.156846131126189
2574.516	0.15684729590879315
2574.6600000000003	0.15684729590879315
2574.804	0.15684729590879315
2574.9480000000003	0.156846131126189
2575.092	0.156846131126189
2575.2360000000003	0.15684496634358486
2575.379	0.1568438015609807
2575.523	0.15684263677837654
2575.667	0.15684263677837654
2575.811	0.15684263677837654
2575.954	0.1568420543870745
2576.099	0.15684147199577245
2576.242	0.15684147199577245
2576.386	0.15684147199577245
2576.53	0.15684147199577245
2576.674	0.15684147199577245
2576.818	0.15684147199577245
2576.962	0.15684147199577245
2577.105	0.1568420543870745
2577.2490000000003	0.15684263677837654
2577.393	0.15684263677837654
2577.5370000000003	0.1568438015609807
2577.681	0.15684496634358486
2577.8250000000003	0.156846131126189
2577.969	0.15684729590879315
2578.112	0.15684729590879315
2578.2560000000003	0.15684787830009522
2578.4	0.15684846069139727
2578.5440000000003	0.15685020786530351
2578.688	0.15685311982181388
2578.8320000000003	0.15685311982181388
2578.976	0.15685311982181388
2579.1200000000003	0.15685311982181388
2579.263	0.15685428460441803
2579.407	0.15685428460441803
2579.551	0.15685428460441803
2579.697	0.15685428460441803
2579.838	0.15685428460441803
2579.982	0.15685428460441803
2580.126	0.15685428460441803
2580.27	0.15685428460441803
2580.414	0.15685428460441803
2580.558	0.15685428460441803
2580.702	0.1568548669957201
2580.846	0.1568548669957201
2580.989	0.1568548669957201
2581.1330000000003	0.1568548669957201
2581.277	0.15685428460441803
2581.4210000000003	0.15685428460441803
2581.565	0.15685428460441803
2581.7090000000003	0.15685428460441803
2581.8520000000003	0.15685428460441803
2581.996	0.1568548669957201
2582.1400000000003	0.15685544938702217
2582.284	0.15685544938702217
2582.4280000000003	0.1568548669957201
2582.556	0.1568548669957201
2582.7000000000003	0.15685428460441803
2582.8430000000003	0.15685428460441803
2582.987	0.15685428460441803
2583.1310000000003	0.15685428460441803
2583.275	0.15685428460441803
2583.4190000000003	0.15685428460441803
2583.5620000000004	0.15685428460441803
2583.7070000000003	0.15685428460441803
2583.85	0.15685428460441803
2583.994	0.15685428460441803
2584.138	0.15685428460441803
2584.282	0.15685428460441803
2584.426	0.15685428460441803
2584.57	0.15685428460441803
2584.713	0.15685428460441803
2584.858	0.15685428460441803
2585.001	0.1568548669957201
2585.145	0.15685661416962632
2585.289	0.15685836134353254
2585.433	0.15685836134353254
2585.577	0.15685661416962632
2585.721	0.1568548669957201
2585.864	0.1568548669957201
2586.0080000000003	0.15685661416962632
2586.152	0.15685661416962632
2586.2960000000003	0.15685661416962632
2586.44	0.15685836134353254
2586.585	0.15686010851743876
2586.7290000000003	0.15686185569134498
2586.873	0.15686418525655324
2587.016	0.15686418525655324
2587.1600000000003	0.15686418525655324
2587.304	0.15686418525655324
2587.4480000000003	0.15686418525655324
2587.5910000000003	0.15686418525655324
2587.735	0.15686418525655324
2587.879	0.15686185569134498
2588.023	0.15686010851743876
2588.167	0.15685836134353254
2588.311	0.15685603177832425
2588.455	0.15685428460441803
2588.598	0.15685428460441803
2588.742	0.15685428460441803
2588.886	0.15685428460441803
2589.03	0.15685428460441803
2589.174	0.15685428460441803
2589.318	0.15685428460441803
2589.462	0.15685428460441803
2589.605	0.15685428460441803
2589.75	0.15685428460441803
2589.893	0.15685428460441803
2590.0370000000003	0.15685311982181388
2590.181	0.15685195503920973
2590.3250000000003	0.15685020786530351
2590.4680000000003	0.15684846069139727
2590.6130000000003	0.15684787830009522
2590.7560000000003	0.15684787830009522
2590.9	0.15684729590879315
2591.0440000000003	0.156846131126189
2591.188	0.156846131126189
2591.3340000000003	0.15684496634358486
2591.476	0.15684496634358486
2591.619	0.15684496634358486
2591.763	0.15684496634358486
2591.907	0.15684496634358486
2592.051	0.1568438015609807
2592.195	0.15684263677837654
2592.338	0.1568420543870745
2592.482	0.15684147199577245
2592.626	0.15684147199577245
2592.77	0.15684147199577245
2592.914	0.15684147199577245
2593.058	0.15684147199577245
2593.202	0.15684147199577245
2593.3450000000003	0.15684147199577245
2593.489	0.15684147199577245
2593.6330000000003	0.1568403072131683
2593.777	0.15683914243056415
2593.922	0.15683856003926208
2594.065	0.15683797764796
2594.2090000000003	0.1568368128653559
2594.3520000000003	0.15683506569144967
2594.496	0.15683448330014757
2594.6400000000003	0.15683273612624135
2594.784	0.15683098895233513
2594.9280000000003	0.15683098895233513
2595.072	0.15683098895233513
2595.2160000000003	0.15683098895233513
2595.359	0.15683098895233513
2595.503	0.15683098895233513
2595.647	0.15683098895233513
2595.791	0.15683098895233513
2595.935	0.15683098895233513
2596.079	0.15683098895233513
2596.222	0.15683098895233513
2596.366	0.15683098895233513
2596.51	0.15683098895233513
2596.654	0.15683098895233513
2596.7980000000002	0.15683098895233513
2596.942	0.15683098895233513
2597.085	0.15683098895233513
2597.2290000000003	0.15682924177842894
2597.373	0.15682632982191858
2597.5170000000003	0.15682632982191858
2597.661	0.15682632982191858
2597.804	0.15682516503931446
2597.949	0.15682516503931446
2598.092	0.15682516503931446
2598.2360000000003	0.15682458264801236
2598.38	0.15682400025671028
2598.5240000000003	0.15682225308280406
2598.668	0.1568193411262937
2598.811	0.15681817634368955
2598.956	0.15681817634368955
2599.099	0.15681817634368955
2599.243	0.15681759395238748
2599.387	0.15681759395238748
2599.532	0.15681584677848126
2599.675	0.15681584677848126
2599.818	0.15681584677848126
2599.962	0.15681584677848126
2600.106	0.15681468199587711
2600.25	0.15681409960457504
2600.3940000000002	0.156813517213273
2600.538	0.156813517213273
2600.683	0.156813517213273
2600.826	0.15681235243066882
2600.9700000000003	0.15681118764806468
2601.1130000000003	0.15681118764806468
2601.257	0.15681002286546053
2601.4010000000003	0.15680536373504397
2601.545	0.15680186938723156
2601.6890000000003	0.15680186938723156
2601.8320000000003	0.15680186938723156
2601.9770000000003	0.15680186938723156
2602.1200000000003	0.15680186938723156
2602.264	0.15680186938723156
2602.408	0.15680186938723156
2602.552	0.15680012221332534
2602.696	0.15680012221332534
2602.839	0.15680012221332534
2602.983	0.15679779264811705
2603.127	0.15679779264811705
2603.271	0.15679721025681498
2603.415	0.15679604547421083
2603.559	0.15679604547421083
2603.702	0.15679604547421083
2603.846	0.1567942983003046
2603.9900000000002	0.15679371590900254
2604.135	0.15679371590900254
2604.279	0.15679371590900254
2604.425	0.1567925511263984
2604.5660000000003	0.15679138634379425
2604.71	0.15679080395249217
2604.8540000000003	0.1567902215611901
2604.998	0.15678905677858596
2605.1420000000003	0.15678789199598184
2605.286	0.15678730960467976
2605.429	0.15678498003947147
2605.574	0.1567820680829611
2605.717	0.15678090330035696
2605.8610000000003	0.15678032090905486
2606.005	0.1567797385177528
2606.1490000000003	0.15677857373514864
2606.293	0.15677566177863828
2606.436	0.15677566177863828
2606.581	0.15677391460473206
2606.724	0.1567727498221279
2606.868	0.1567698378656176
2607.012	0.1567675083004093
2607.156	0.1567657611265031
2607.3	0.15676284916999272
2607.443	0.1567611019960865
2607.587	0.15676051960478443
2607.731	0.1567587724308782
2607.875	0.15675586047436785
2608.0190000000002	0.15675236612655544
2608.163	0.15675003656134717
2608.3070000000002	0.15674828938744093
2608.4500000000003	0.15674363025702434
2608.594	0.1567401359092119
2608.7380000000003	0.15673897112660778
2608.882	0.15673780634400364
2609.0260000000003	0.15673605917009742
2609.17	0.15673198243098294
2609.3140000000003	0.15672965286577464
2609.4570000000003	0.1567284880831705
2609.601	0.15672674090926428
2609.7450000000003	0.15672091699624355
2609.873	0.1567139283006187
2610.016	0.15671218112671248
2610.161	0.1567098515615042
2610.3050000000003	0.15670693960499382
2610.4480000000003	0.15670461003978553
2610.592	0.1567028628658793
2610.7360000000003	0.1567028628658793
2610.88	0.1567028628658793
2611.0240000000003	0.15670169808327516
2611.168	0.15669820373546275
2611.311	0.1566958741702545
2611.455	0.1566958741702545
2611.599	0.15669412699634827
2611.743	0.1566871383007234
2611.886	0.15667898482249437
2612.031	0.15667898482249437
2612.175	0.156676072865984
2612.318	0.156676072865984
2612.462	0.156676072865984
2612.606	0.156676072865984
2612.75	0.156676072865984
2612.893	0.15667549047468193
2613.0370000000003	0.15667549047468193
2613.181	0.1566719961268695
2613.3250000000003	0.15666908417035916
2613.469	0.156667919387755
2613.614	0.15666617221384882
2613.76	0.15666617221384882
2613.9030000000002	0.15666558982254675
2614.0440000000003	0.1566644250399426
2614.188	0.15666267786603635
2614.3320000000003	0.15666093069213016
2614.476	0.15665976590952602
2614.621	0.15665918351822394
2614.764	0.1566556891704115
2614.907	0.15665277721390114
2615.051	0.15665103003999492
2615.195	0.15664404134437007
2615.339	0.1566376350400473
2615.482	0.15663472308353693
2615.627	0.15663064634442242
2615.771	0.15662540482270376
2615.915	0.15661666895317267
2616.058	0.15660502112713126
2616.202	0.15659220851848565
2616.346	0.15658347264895456
2616.4900000000002	0.15657357199681937
2616.634	0.15655959460556965
2616.7780000000002	0.15655377069254892
2616.9210000000003	0.15655260590994477
2617.065	0.156546199605622
2617.2090000000003	0.15654095808390334
2617.353	0.15654095808390334
2617.496	0.1565328046056743
2617.641	0.15651591525791425
2617.784	0.15650717938838318
2617.9280000000003	0.15650543221447696
2618.072	0.15650077308406038
2618.2160000000003	0.15649378438843553
2618.36	0.15648854286671687
2618.503	0.15647980699718578
2618.647	0.15646582960593608
2618.791	0.15645767612770706
2618.935	0.1564524346059884
2619.079	0.15644777547557184
2619.223	0.1564466106929677
2619.368	0.1564425339538532
2619.51	0.1564343804756242
2619.654	0.15643030373650968
2619.7980000000002	0.15642506221479102
2619.942	0.15640817286703096
2620.0860000000002	0.1563907011279688
2620.23	0.15638138286713565
2620.3740000000003	0.156376141345417
2620.5170000000003	0.15637089982369834
2620.661	0.1563609991715631
2620.8050000000003	0.15635342808463618
2620.949	0.15634993373682377
2621.0930000000003	0.1563429450411989
2621.237	0.15633304438906365
2621.38	0.15632081417172017
2621.5240000000003	0.15630683678047042
2621.6690000000003	0.15629402417182484
2621.813	0.1562823763457834
2621.9570000000003	0.15627364047625236
2622.101	0.15626723417192956
2622.244	0.15626257504151297
2622.389	0.15625442156328395
2622.532	0.15624510330245084
2622.676	0.15623462025901352
2622.82	0.15621074221562858
2622.963	0.15619501765047264
2623.108	0.1561938528678685
2623.251	0.15618744656354572
2623.395	0.15618104025922291
2623.539	0.15617812830271255
2623.683	0.15617579873750426
2623.827	0.1561752163462022
2623.9700000000003	0.15617405156359807
2624.114	0.1561711396070877
2624.2580000000003	0.15616706286797316
2624.402	0.15616298612885865
2624.5460000000003	0.1561589093897442
2624.69	0.15615075591151517
2624.8340000000003	0.15614318482458822
2624.9770000000003	0.1561379433028696
2625.1220000000003	0.1561210539551095
2625.2650000000003	0.15610649417255767
2625.409	0.1561047469986515
2625.5530000000003	0.15610125265083907
2625.697	0.15609368156391212
2625.8410000000003	0.15608552808568313
2625.984	0.1560820337378707
2626.129	0.1560802865639645
2626.272	0.15607504504224584
2626.416	0.15606572678141267
2626.56	0.15605757330318368
2626.704	0.1560546613466733
2626.848	0.15605291417276712
2626.991	0.15604592547714224
2627.135	0.15603893678151737
2627.279	0.156036024825007
2627.4230000000002	0.15603253047719456
2627.567	0.15602845373808005
2627.7110000000002	0.15602495939026767
2627.855	0.15601913547724694
2628.0	0.15601214678162206
2628.143	0.1560098172164138
2628.286	0.15600108134688273
2628.4300000000003	0.15599059830344542
2628.5730000000003	0.15598477439042469
2628.7180000000003	0.15597720330349774
2628.8610000000003	0.15597312656438325
2629.005	0.15597137939047703
2629.1490000000003	0.15596846743396667
2629.293	0.15596613786875838
2629.4370000000004	0.1559655554774563
2629.58	0.15595914917313353
2629.725	0.15594458939058176
2629.868	0.15593468873844651
2630.012	0.15592944721672786
2630.156	0.15592537047761335
2630.3	0.15592304091240508
2630.444	0.15592012895589472
2630.587	0.15591896417329057
2630.731	0.15591779939068642
2630.875	0.1559160522167802
2631.0190000000002	0.15591430504287399
2631.163	0.15590906352115533
2631.3070000000002	0.15590498678204082
2631.451	0.15590382199943667
2631.594	0.15589858047771804
2631.7380000000003	0.15589159178209316
2631.882	0.1558886798255828
2632.0260000000003	0.1558799439560517
2632.17	0.15586946091261444
2632.3140000000003	0.1558642193908958
2632.4570000000003	0.15585257156485438
2632.601	0.155841506130115
2632.7450000000003	0.1558368469996984
2632.889	0.15583451743449012
2633.033	0.15583393504318807
2633.177	0.15582403439105286
2633.321	0.15581122178240725
2633.464	0.15580132113027206
2633.609	0.15577919026079334
2633.752	0.15576346569563737
2633.896	0.15576171852173115
2634.045	0.15575705939131457
2634.183	0.15574890591308557
2634.327	0.15574249960876277
2634.471	0.15573201656532548
2634.6150000000002	0.15570406178282603
2634.759	0.15567494221772243
2634.9030000000002	0.15566329439168103
2635.047	0.15566038243517066
2635.19	0.15564756982652506
2635.3340000000003	0.15563592200048362
2635.478	0.15560563765277585
2635.6220000000003	0.1555631230877246
2635.766	0.15554914569647488
2635.9100000000003	0.15554565134866247
2636.0550000000003	0.15554390417475625
2636.289	0.1555369154791314
2636.438	0.15552701482699618
2636.7090000000003	0.1555223556965796
2636.8540000000003	0.1555200261313713
2637.098	0.15551303743574646
2637.2400000000002	0.15550313678361125
2637.5190000000002	0.1554897417836636
2637.656	0.1554763467837159
2637.931	0.15546994047939314
2638.07	0.15546120460986207
2638.404	0.1554542159142372
2638.55	0.15545072156642475
2638.853	0.15543849134908125
2638.996	0.15541985482741494
2639.3540000000003	0.15540296547965488
2639.504	0.15539306482751963
2639.9010000000003	0.1553895704797072
2640.036	0.15538782330580098
2640.371	0.15538665852319683
2640.5190000000002	0.15538199939278027
2640.8320000000003	0.15537501069715542
2640.9790000000003	0.15536976917543677
2641.123	0.1553528798276767
2641.272	0.1553528798276767
2641.46	0.15533307852340625
2641.601	0.15532608982778137
2641.7450000000003	0.15532026591476064
2641.889	0.15531560678434408
2642.033	0.15530454134960472
2642.177	0.15528881678444878
2642.32	0.15527134504538662
2642.464	0.15524455504549128
2642.609	0.1552224241760126
2642.7580000000003	0.15519912852392972
2642.896	0.15517699765445098
2643.04	0.1551636026545033
2643.184	0.15514904287195153
2643.327	0.15513972461111838
2643.471	0.1551292415676811
2643.616	0.15511934091554586
2643.759	0.15511060504601476
2643.9030000000002	0.15509721004606714
2644.0460000000003	0.1550791559157029
2644.1910000000003	0.1550267406985164
2644.3340000000003	0.15497432548132994
2644.478	0.15495801852487195
2644.6220000000003	0.15494753548143464
2644.766	0.15488987874252952
2644.9100000000003	0.15483396917753062
2645.054	0.15482989243841613
2645.3610000000003	0.154820574177583
2645.502	0.15479378417768766
2645.751	0.1547291387431577
2645.885	0.15465517504779458
2646.214	0.1545963535262853
2646.353	0.15454160874389053
2646.645	0.15451598352659934
2646.78	0.15449792939623513
2646.931	0.15445192048337147
2647.1730000000002	0.15435058439681099
2647.311	0.15426788483191678
2647.603	0.1541222870063988
2647.743	0.15358357505198228
2648.021	0.15309553114084604
2648.167	0.15299710701079589
2648.5930000000003	0.1529260552719431
2648.731	0.15281481853324735
2649.079	0.15271988875100967
2649.226	0.1526698030990315
2649.373	0.15265174896866726
2649.5730000000003	0.15264126592522997
2649.722	0.15261855266444915
2649.8650000000002	0.15259118027325175
2650.009	0.15257778527330412
2650.158	0.15256904940377305
2650.2960000000003	0.15254400657778394
2650.444	0.15250848070835757
2650.585	0.15245955983898352
2650.728	0.15241995723044263
2650.8720000000003	0.1523995735348701
2651.016	0.15237744266539138
2651.1600000000003	0.15232502744820492
2651.3030000000003	0.1522586348397687
2651.447	0.15223650397028998
2651.5910000000003	0.15223184483987343
2651.735	0.15222835049206102
2651.879	0.1522242737529465
2652.023	0.1522178674486237
2652.166	0.1521998133182595
2652.31	0.1521829239704994
2652.454	0.15216952897055172
2652.598	0.152155551579302
2652.742	0.15214332136195852
2652.886	0.15212992636201084
2653.029	0.15212119049247974
2653.1730000000002	0.15211303701425075
2653.317	0.15209789484039687
2653.4610000000002	0.15208217027524096
2653.605	0.15206702810138706
2653.748	0.15205363310143943
2653.893	0.15203907331888764
2654.038	0.15202393114503376
2654.302	0.15201403049289855
2654.436	0.1520047122320654
2654.722	0.15200238266685712
2654.868	0.15195812092789962
2655.1110000000003	0.15190803527592145
2655.257	0.15189289310206758
2655.518	0.15187833331951578
2655.6710000000003	0.15185445527613084
2655.983	0.15183348918925627
2656.137	0.15182999484144383
2656.38	0.1518241709284231
2656.52	0.15181368788498578
2656.8160000000003	0.1517973809285278
2656.963	0.15178573310248633
2657.244	0.15177816201555938
2657.3920000000003	0.15176884375472627
2657.838	0.15176127266779935
2657.987	0.15175020723305999
2658.2850000000003	0.15174088897222682
2658.44	0.15173157071139365
2658.7200000000003	0.1517187581027481
2658.866	0.15170012158108176
2659.009	0.15168672658113413
2659.152	0.15165760701603057
2659.297	0.15161509245097932
2659.44	0.15158946723368813
2659.5840000000003	0.1515422935382203
2659.712	0.15149744940796075
2659.856	0.15148521919061725
2659.9990000000003	0.15147939527759655
2660.1440000000002	0.15145609962551365
2660.288	0.15142290332129557
2660.431	0.15140717875613963
2660.578	0.1513966957127023
2660.719	0.15139028940837954
2660.8630000000003	0.1513867950605671
2661.007	0.15138155353884847
2661.15	0.15137281766931737
2661.2940000000003	0.1513413685390055
2661.438	0.15130409549567292
2661.5820000000003	0.1512831294087983
2661.726	0.1512732287566631
2661.8700000000003	0.15121790158296627
2662.013	0.15115092658322798
2662.157	0.15109035788781253
2662.301	0.15084109441052573
2662.445	0.15058367745500997
2662.589	0.15040138897746147
2662.733	0.15020570549996531
2662.877	0.15013115941330013
2663.02	0.1501212587611649
2663.164	0.15010961093512348
2663.308	0.15010029267429031
2663.452	0.15009039202215507
2663.5950000000003	0.15005195419621836
2663.7400000000002	0.15000827484856297
2663.884	0.14997915528345934
2664.027	0.14993664071840812
2664.1710000000003	0.149781724632057
2664.315	0.1496326324587266
2664.462	0.14953304354607228
2664.6020000000003	0.14942879550300142
2664.7470000000003	0.14939967593789782
2664.8900000000003	0.14936939159019008
2665.034	0.14932687702513886
2665.1780000000003	0.1492965926774311
2665.322	0.14924767180805706
2665.4660000000003	0.14912944637373649
2665.609	0.14900248506988478
2665.754	0.14895123463530247
2665.897	0.148931433331032
2666.041	0.14890464333113673
2666.188	0.1488673702878041
2666.385	0.1487805939837954
2666.522	0.14849347507187394
2666.781	0.1482174215946919
2666.9210000000003	0.14811433833422516
2667.0640000000003	0.1479250611610518
2667.255	0.14773869594438882
2667.4030000000002	0.14767929203157748
2667.676	0.14748069659757096
2667.8230000000003	0.1472640470332002
2667.9590000000003	0.14716620529445212
2668.103	0.14709864790341176
2668.2470000000003	0.14709282399039106
2668.3920000000003	0.14706195725138127
2668.5350000000003	0.14702526659935072
2668.679	0.14698391681690365
2668.826	0.14695013812138344
2669.039	0.14691286507805085
2669.175	0.1468418133391981
2669.472	0.14679114529591783
2669.608	0.1467591137743039
2669.754	0.14673814768742927
2669.9950000000003	0.1467294118178982
2670.134	0.1466921387745656
2670.416	0.14665370094862884
2670.569	0.1466443826877957
2670.871	0.14664205312258743
2671.013	0.14663157007915012
2671.3120000000004	0.14661701029659835
2671.462	0.14660827442706725
2671.6040000000003	0.14659779138362997
2671.7470000000003	0.14659080268800512
2671.891	0.14658730834019268
2672.0350000000003	0.14656634225331808
2672.179	0.14654828812295384
2672.3230000000003	0.1465325635577979
2672.4660000000003	0.14650344399269433
2672.6110000000003	0.14648946660144457
2672.754	0.14647199486238244
2672.898	0.1464539407320182
2673.042	0.1464457872537892
2673.186	0.14643355703644567
2673.33	0.14642074442780012
2673.473	0.1464125909495711
2673.618	0.14640327268873793
2673.761	0.14638172421056128
2673.905	0.14636192290629085
2674.05	0.14632930899337482
2674.194	0.14629669508045878
2674.338	0.14628795921092771
2674.484	0.14627689377618835
2674.626	0.14626582834144897
2674.7690000000002	0.14626349877624067
2674.915	0.1462326320372309
2675.253	0.1461953589938983
2675.393	0.14617905203744028
2675.659	0.1461493500810346
2675.793	0.14610159399426473
2676.089	0.14605092595098446
2676.231	0.14600724660332906
2676.627	0.14597463269041303
2676.7690000000002	0.1459443483427053
2677.0640000000003	0.14591289921239342
2677.2000000000003	0.14589950421244577
2677.3450000000003	0.14585815442999867
2677.522	0.14579875051718733
2677.6690000000003	0.1457789492129169
2677.806	0.1457597302999485
2677.955	0.14572420443052211
2678.1980000000003	0.14566421812640873
2678.3450000000003	0.14556229964854614
2678.757	0.14526760964969776
2678.9010000000003	0.14495195356397478
2679.2270000000003	0.14486750682517438
2679.3740000000003	0.14478422486897813
2679.755	0.14464445095648085
2679.904	0.1444813813919007
2680.26	0.1443020048708626
2680.396	0.14420066878430204
2680.7400000000002	0.1441663076974798
2680.875	0.14409875030643948
2681.0190000000002	0.14403818161102402
2681.163	0.1440154683502432
2681.3070000000002	0.14398518400253546
2681.451	0.14393975748097387
2681.594	0.14385589313347552
2681.739	0.14379707161196625
2681.882	0.14378251182941443
2682.0260000000003	0.14373883248175906
2682.17	0.14367709900373943
2682.3140000000003	0.14363924356910474
2682.4570000000003	0.14352101813478416
2682.601	0.14338765052660968
2682.7450000000003	0.14334455357025638
2682.889	0.14332649943989217
2683.033	0.14329621509218443
2683.177	0.1432636011792684
2683.321	0.1432507885706228
2683.464	0.1432100211794778
2683.608	0.1431372222667188
2683.752	0.14308830139734474
2683.896	0.14307141204958468
2684.039	0.1430481163975018
2684.184	0.14301375531067956
2684.331	0.1428617511808388
2684.601	0.14220772574861207
2684.744	0.1412205724916002
2684.9970000000003	0.1405822716245294
2685.143	0.1402578796692754
2685.3920000000003	0.13970693749751537
2685.529	0.13928412141221116
2685.808	0.13914376510841184
2685.952	0.13889916076154163
2686.087	0.13870988358836828
2686.23	0.13847285032842502
2686.3740000000003	0.13686253837819623
2686.5170000000003	0.13499772142896205
2686.661	0.13454636816985632
2686.818	0.1344392081702751
2687.152	0.13408161991080297
2687.2850000000003	0.13380847839013127
2687.654	0.1338032368684126
2687.8070000000002	0.13367511078195682
2687.956	0.1334433190437322
2688.212	0.13316202404483146
2688.356	0.13297332926296018
2688.699	0.1329622638282208
2688.837	0.1329500336108773
2689.154	0.1329372210022317
2689.3	0.13290344230671153
2689.57	0.1328399616547857
2689.7160000000003	0.13280385339405726
2689.858	0.13271241795963196
2690.002	0.13259128056880098
2690.146	0.13255458991677047
2690.289	0.13248819730833428
2690.433	0.13242122230859601
2690.577	0.1324031681782318
2690.722	0.1323653127435971
2690.8650000000002	0.13230590883078577
2691.009	0.13213119144016422
2691.1600000000003	0.13198967035376075
2691.2960000000003	0.13194249665829288
2691.44	0.13189881731063752
2691.585	0.13185688513688834
2691.73	0.13176719687636929
2691.873	0.1316711023115274
2692.016	0.13150046166002036
2692.161	0.13133622731283606
2692.3050000000003	0.13124420948710872
2692.4480000000003	0.13118131122648496
2692.592	0.1311615099222145
2692.7360000000003	0.1310834694877369
2692.8810000000003	0.1310019347054468
2693.0240000000003	0.13098038622727015
2693.168	0.13093030057529198
2693.435	0.13088662122763658
2693.5840000000003	0.13082896448873144
2693.866	0.13076956057592012
2694.0150000000003	0.1307579127498787
2694.26	0.1307375290543062
2694.4030000000002	0.13070491514139015
2694.6800000000003	0.13067113644586997
2694.833	0.13065308231550576
2695.1730000000002	0.13060124948962137
2695.309	0.13040673079472936
2695.454	0.13021395927374355
2695.597	0.1301650384043695
2695.741	0.1297032021018265
2695.888	0.12921166384287783
2696.1870000000004	0.1291289642779836
2696.333	0.12877836471413634
2696.476	0.12846969732403823
2696.663	0.12844465449804915
2696.822	0.12842601797638287
2696.96	0.12836370210706116
2697.243	0.12820063254248104
2697.388	0.12808065993425422
2697.705	0.12778364037019754
2697.8540000000003	0.127479632110516
2698.112	0.1274423590671834
2698.251	0.12722279754630234
2698.5170000000003	0.12700032406891087
2698.666	0.12694033776479746
2698.811	0.1267795977654256
2698.953	0.12648898450569174
2699.097	0.12626418146309198
2699.241	0.12617216363736464
2699.385	0.12605044385523162
2699.529	0.12596890907294156
2699.6730000000002	0.12596192037731668
2699.8160000000003	0.12590309885580742
2699.9610000000002	0.12576507211721638
2700.1040000000003	0.12562646298732327
2700.248	0.12555832320498084
2700.3920000000003	0.1254989192921695
2700.536	0.12524790864097654
2700.6800000000003	0.1249130336422852
2700.8230000000003	0.12474181059947607
2700.967	0.1246457160346342
2701.1110000000003	0.1245898064696353
2701.255	0.12442964886156552
2701.398	0.12423513016667351
2701.543	0.12419552755813262
2701.686	0.12418620929729948
2701.83	0.12414311234094616
2701.974	0.12407671973250997
2702.118	0.12367603451668452
2702.262	0.12327709647476526
2702.406	0.1232077919098187
2702.549	0.12303540408440541
2702.693	0.1228967949545123
2702.837	0.12282224886784714
2702.981	0.12274071408555706
2703.125	0.1226737390858188
2703.2690000000002	0.12255609604280028
2703.413	0.1224291347389486
2703.556	0.1223650716957207
2703.7000000000003	0.12236215973921033
2703.844	0.12231615082634664
2703.9880000000003	0.12198477017546774
2704.132	0.1214612003949051
2704.2760000000003	0.12120203626548312
2704.42	0.12100926474449732
2704.565	0.12058237192007862
2704.7070000000003	0.12034592105143743
2704.851	0.12034592105143743
2704.9950000000003	0.12034592105143743
2705.139	0.12034592105143743
2705.282	0.12034592105143743
2705.426	0.12034592105143743
2705.576	0.12034592105143743
2705.868	0.12034592105143743
2706.003	0.12034592105143743
2706.263	0.12034592105143743
2706.402	0.12034592105143743
2706.731	0.12034592105143743
2706.888	0.12034592105143743
2707.261	0.12034592105143743
2707.416	0.12034592105143743
2707.7380000000003	0.12034592105143743
2707.878	0.12034592105143743
2708.1780000000003	0.12034592105143743
2708.3230000000003	0.12034592105143743
2708.683	0.12034592105143743
2708.8320000000003	0.12034592105143743
2709.263	0.12034592105143743
2709.407	0.12034592105143743
2709.559	0.12034592105143743
2709.954	0.12034592105143743
2710.098	0.12034592105143743
2710.418	0.12034592105143743
2710.5620000000004	0.12034592105143743
2710.837	0.12034592105143743
2710.998	0.12034592105143743
2711.134	0.12034592105143743
2711.46	0.12034592105143743
2711.597	0.12034592105143743
2711.741	0.12034592105143743
2711.885	0.12034592105143743
2712.029	0.12034592105143743
2712.1730000000002	0.12034592105143743
2712.3160000000003	0.12034592105143743
2712.464	0.12034592105143743
2712.6040000000003	0.12034592105143743
2712.748	0.12021721257367955
2712.876	0.12005006626998493
2713.02	0.11996387235727829
2713.164	0.11989922692274829
2713.308	0.11978973735795878
2713.451	0.11967442388014854
2713.5950000000003	0.11961269040212891
2713.739	0.11950785996775598
2713.8830000000003	0.1193750747508836
2714.027	0.11930635257723912
2714.1710000000003	0.11925859649046922
2714.3140000000003	0.11907572562161865
2714.458	0.11885965844854998
2714.6020000000003	0.11874318018813561
2714.746	0.11867387562318905
2714.8900000000003	0.11858768171048241
2715.034	0.11839025105908002
2715.369	0.11825338910309313
2715.521	0.1182376645379372
2715.945	0.11822776388580197
2716.0930000000003	0.11817767823382377
2716.402	0.11810662649497103
2716.5370000000003	0.11792899714783911
2716.867	0.11777874019190454
2717.02	0.11776359801805067
2717.293	0.11773622562685332
2717.4410000000003	0.11761916497513687
2717.7380000000003	0.11749977475821212
2717.885	0.11732447497628846
2718.1800000000003	0.11709908954238665
2718.328	0.11703153215134633
2718.4700000000003	0.11702512584702351
2718.6220000000003	0.11691214193442157
2718.7580000000003	0.1164147797624522
2718.911	0.11583180606907822
2719.109	0.11561399172210332
2719.261	0.11555575259189613
2719.6150000000002	0.11551498520075111
2719.771	0.11546781150528329
2720.072	0.11542646172283617
2720.219	0.11539326541861808
2720.4990000000003	0.11533910302752541
2720.6440000000002	0.11531114824502595
2720.788	0.11526397454955811
2720.9320000000002	0.11522087759320482
2721.076	0.11505023694169775
2721.2200000000003	0.1148399936816498
2721.3630000000003	0.11477476585581775
2721.507	0.11473574563857893
2721.6510000000003	0.11471885629081885
2721.795	0.11470021976915254
2721.9390000000003	0.11467692411706967
2722.083	0.11465188129108059
2722.2270000000003	0.11461519063905004
2722.3700000000003	0.11449347085691702
2722.514	0.11433913716186796
2722.658	0.11428206281426492
2722.802	0.1142372186840054
2722.946	0.11418596824942306
2723.09	0.1141684965103609
2723.233	0.11410676303234127
2723.377	0.11404619433692581
2723.521	0.1140421175978113
2723.665	0.11398154890239581
2723.809	0.11380391955526391
2723.953	0.11356630390401856
2724.097	0.11344400173058347
2724.2400000000002	0.11341429977417782
2724.384	0.11334965433964783
2724.5280000000002	0.11328675607902407
2724.672	0.11325647173131634
2724.817	0.11320289173152573
2724.96	0.1131533884708496
2725.1040000000003	0.11314989412303716
2725.248	0.11311320347100665
2725.391	0.11307593042767405
2725.5350000000003	0.1130147793409565
2725.6800000000003	0.11295712260205137
2725.8230000000003	0.11281152477653342
2725.967	0.11264146651632842
2726.1110000000003	0.1125150876037788
2726.254	0.1123782256477919
2726.398	0.11231241543065779
2726.543	0.11226640651779411
2726.6870000000004	0.11219360760503513
2726.831	0.11211381999665128
2726.974	0.11207305260550623
2727.119	0.11205266890993373
2727.262	0.11198161717108096
2727.407	0.11189542325837432
2727.7560000000003	0.11186688608457279
2727.9030000000002	0.11184067847597956
2728.184	0.11175797891108535
2728.318	0.11162752325942124
2728.569	0.11153841739020426
2728.721	0.11149764999905921
2729.0080000000003	0.11148192543390328
2729.155	0.11146037695572662
2729.402	0.11143708130364374
2729.5570000000002	0.11139631391249871
2729.913	0.11132526217364594
2730.0640000000003	0.11127750608687606
2730.33	0.11110861260927521
2730.476	0.11095194934901786
2730.744	0.11079412130615637
2730.895	0.11017736891726224
2731.2180000000003	0.10971436783211509
2731.355	0.10968757783221977
2731.498	0.1092810687033736
2731.6420000000003	0.10888911935707922
2731.791	0.10877264109666485
2732.0550000000003	0.10862879044505308
2732.203	0.1085455084888568
2732.464	0.10849833479338898
2732.6020000000003	0.10779189414397577
2732.7450000000003	0.10674417219154844
2732.889	0.10636445306259756
2733.033	0.10609538828104036
2733.177	0.10573314089115166
2733.32	0.10558987263084196
2733.464	0.1054751415443338
2733.608	0.1052637335016817
2733.752	0.10512512437178859
2733.8990000000003	0.10508610415454978
2734.04	0.10501214045918664
2734.183	0.10487644328580388
2734.327	0.10479490850351382
2734.471	0.104747734808046
2734.6150000000002	0.1045305028523732
2734.759	0.10430977654888794
2734.9030000000002	0.1042649324186284
2735.047	0.1042462958969621
2735.19	0.10420086937540049
2735.3340000000003	0.10413622394087052
2735.478	0.10405235959337217
2735.6220000000003	0.10370933111645184
2735.766	0.1033680498134377
2735.9100000000003	0.10323992372698187
2736.059	0.10252008807762103
2736.3700000000003	0.10162961177675311
2736.518	0.10120038938712612
2736.782	0.10096918004020358
2736.918	0.10077990286703023
2737.1690000000003	0.10064304091104334
2737.32	0.10048055373776528
2737.598	0.10018236939110446
2737.754	0.09996455504412957
2738.034	0.09978110178397694
2738.188	0.09942234874190065
2738.482	0.0986378676580098
2738.632	0.09800655548656388
2738.92	0.09782251983510917
2739.059	0.09765828548792489
2739.21	0.09725760027209944
2739.56	0.09688195788226306
2739.6980000000003	0.09672471223070364
2739.848	0.09658435592690433
2740.1820000000002	0.09653368788362407
2740.321	0.09648301984034383
2740.4660000000003	0.0963985731015434
2740.609	0.09635198179737764
2740.753	0.09608349940712249
2740.902	0.0957620194083788
2741.125	0.09558788440905933
2741.2650000000003	0.095439374627031
2741.4120000000003	0.09521631875833746
2741.626	0.09474807615147166
2741.76	0.09443591441356111
2741.9030000000002	0.09438524637028087
2742.0480000000002	0.0928739409414043
2742.192	0.09116753442633369
2742.3360000000002	0.09091535899253655
2742.48	0.09081751725378848
2742.623	0.09043313899442101
2742.7670000000003	0.07440340079619431
2742.911	0.03203967509218296
2743.0550000000003	-0.003590442377273204
2743.1980000000003	-0.01261459560287714
2743.342	-0.012681570602615409
2743.4860000000003	-0.012692636037354774
2743.6310000000003	-0.012693218428656845
2743.773	-0.012693218428656845
2743.918	-0.012695547993865132
2744.063	-0.012695547993865132
2744.206	-0.012701954298187924
2744.35	-0.012706613428604498
2744.494	-0.01272175560245837
2744.638	-0.012738644950218453
2744.782	-0.012742139298030884
2744.925	-0.012742139298030884
2745.069	-0.012746798428447462
2745.219	-0.012752039950166107
2745.4570000000003	-0.01275611668928061
2745.598	-0.012757863863186827
2745.885	-0.01275902864579097
2746.029	-0.012760775819697184
2746.2740000000003	-0.012761358210999257
2746.416	-0.0127625229936034
2746.714	-0.012763687776207544
2746.867	-0.01276601734141583
2747.252	-0.012770094080530335
2747.387	-0.012771841254436552
2747.703	-0.012776500384853128
2747.855	-0.01278407147178006
2748.114	-0.012789312993498708
2748.2560000000003	-0.012789312993498708
2748.568	-0.012789312993498708
2748.7160000000003	-0.012791642558706995
2749.02	-0.012792807341311139
2749.165	-0.012793972123915285
2749.34	-0.012793972123915285
2749.514	-0.012793972123915285
2749.657	-0.012793972123915285
2749.801	-0.012793972123915285
2749.9790000000003	-0.012793972123915285
2750.1220000000003	-0.012793972123915285
2750.379	-0.012793972123915285
2750.521	-0.012793972123915285
2750.664	-0.012793972123915285
2750.808	-0.012793972123915285
2750.951	-0.012793972123915285
2751.0950000000003	-0.012793972123915285
2751.239	-0.012793972123915285
2751.3830000000003	-0.012793972123915285
2751.527	-0.012793972123915285
2751.6710000000003	-0.012793972123915285
2751.819	-0.012793972123915285
2751.958	-0.012793972123915285
2752.1020000000003	-0.012793972123915285
2752.246	-0.012793972123915285
2752.3900000000003	-0.012793972123915285
2752.534	-0.012793972123915285
2752.677	-0.012793972123915285
2752.822	-0.012793972123915285
2752.965	-0.012793972123915285
2753.109	-0.012793972123915285
2753.253	-0.012793972123915285
2753.397	-0.012793972123915285
2753.541	-0.012793972123915285
2753.685	-0.012793972123915285
2753.828	-0.012793972123915285
2753.972	-0.012793972123915285
2754.116	-0.012793972123915285
2754.26	-0.012793972123915285
2754.404	-0.012793972123915285
2754.55	-0.012793972123915285
2754.692	-0.012793972123915285
2754.835	-0.012793972123915285
2754.9790000000003	-0.012793972123915285
2755.123	-0.012793972123915285
2755.2670000000003	-0.012793972123915285
2755.411	-0.012793972123915285
2755.5550000000003	-0.012793972123915285
2755.6980000000003	-0.012793972123915285
2755.842	-0.012793972123915285
2755.9860000000003	-0.012793972123915285
2756.13	-0.012793972123915285
2756.2740000000003	-0.012793972123915285
2756.418	-0.012793972123915285
2756.5620000000004	-0.012793972123915285
2756.705	-0.012793972123915285
2756.849	-0.012793972123915285
2756.993	-0.012793972123915285
2757.137	-0.012793972123915285
2757.282	-0.012793972123915285
2757.425	-0.012793972123915285
2757.569	-0.012793972123915285
2757.713	-0.012793972123915285
2757.856	-0.012793972123915285
2758.0	-0.012793972123915285
2758.1440000000002	-0.012793972123915285
2758.288	-0.012793972123915285
2758.4320000000002	-0.012793972123915285
2758.5750000000003	-0.012793972123915285
2758.719	-0.012793972123915285
2758.8630000000003	-0.012793972123915285
2759.007	-0.012793972123915285
2759.1510000000003	-0.012793972123915285
2759.2940000000003	-0.012793972123915285
2759.438	-0.012793972123915285
2759.5820000000003	-0.012793972123915285
2759.7270000000003	-0.012793972123915285
2759.8700000000003	-0.012793972123915285
2760.014	-0.012793972123915285
2760.158	-0.012793972123915285
2760.302	-0.012793972123915285
2760.445	-0.012793972123915285
2760.589	-0.012793972123915285
2760.733	-0.012793972123915285
2760.877	-0.012793972123915285
2761.021	-0.012793972123915285
2761.164	-0.012793972123915285
2761.308	-0.012793972123915285
2761.453	-0.012793972123915285
2761.597	-0.012793972123915285
2761.741	-0.012793972123915285
2761.885	-0.012793972123915285
2762.029	-0.012793972123915285
2762.1730000000002	-0.012793972123915285
2762.3160000000003	-0.012793972123915285
2762.46	-0.012793972123915285
2762.6040000000003	-0.012793972123915285
2762.748	-0.012793972123915285
2762.8920000000003	-0.012793972123915285
2763.036	-0.012793972123915285
2763.179	-0.012793972123915285
2763.3230000000003	-0.012793972123915285
2763.467	-0.012793972123915285
2763.6110000000003	-0.012793972123915285
2763.755	-0.012793972123915285
2763.8990000000003	-0.012793972123915285
2764.042	-0.012793972123915285
2764.186	-0.012793972123915285
2764.33	-0.012793972123915285
2764.474	-0.012793972123915285
2764.618	-0.012793972123915285
2764.761	-0.012793972123915285
2764.906	-0.012793972123915285
2765.049	-0.012793972123915285
2765.193	-0.012793972123915285
2765.337	-0.012793972123915285
2765.481	-0.012793972123915285
2765.625	-0.012793972123915285
2765.7690000000002	-0.012793972123915285
2765.9120000000003	-0.012793972123915285
2766.056	-0.012793972123915285
2766.2000000000003	-0.012793972123915285
2766.3450000000003	-0.012793972123915285
2766.4880000000003	-0.012793972123915285
2766.632	-0.012793972123915285
2766.7760000000003	-0.012793972123915285
2766.92	-0.012793972123915285
2767.063	-0.012793972123915285
2767.2070000000003	-0.012793972123915285
2767.351	-0.012793972123915285
2767.4950000000003	-0.012793972123915285
2767.638	-0.012793972123915285
2767.782	-0.012793972123915285
2767.926	-0.012793972123915285
2768.07	-0.012793972123915285
2768.214	-0.012793972123915285
2768.358	-0.012793972123915285
2768.502	-0.012793972123915285
2768.646	-0.012793972123915285
2768.789	-0.012793972123915285
2768.933	-0.012793972123915285
2769.077	-0.012793972123915285
2769.221	-0.012793972123915285
2769.3650000000002	-0.012793972123915285
2769.5080000000003	-0.012793972123915285
2769.654	-0.012793972123915285
2769.868	-0.012793972123915285
2770.004	-0.012793972123915285
2770.1510000000003	-0.012792807341311139
2770.291	-0.012791642558706995
2770.436	-0.012789312993498708
2770.58	-0.01278407147178006
2770.723	-0.012776500384853128
2770.867	-0.012771841254436552
2771.011	-0.012770094080530335
2771.155	-0.012766599732717904
2771.299	-0.012764852558811688
2771.443	-0.012764270167509615
2771.587	-0.012763687776207544
2771.73	-0.0127625229936034
2771.8740000000003	-0.012761358210999257
2772.018	-0.012760775819697184
2772.1620000000003	-0.01275902864579097
2772.306	-0.012757863863186827
2772.449	-0.01275611668928061
2772.5930000000003	-0.012752039950166107
2772.737	-0.012746798428447462
2772.8810000000003	-0.012746798428447462
2773.025	-0.012742139298030884
2773.1690000000003	-0.012738644950218453
2773.313	-0.01272175560245837
2773.456	-0.012706613428604498
2773.6	-0.012701954298187924
2773.744	-0.012695547993865132
2773.888	-0.012693218428656845
2774.032	-0.012681570602615409
2774.175	-0.012670505167876042
2774.319	-0.01265186864620974
2774.463	-0.012631484950637224
2774.607	-0.012622749081106147
2774.751	-0.012611683646366782
2774.895	-0.012601200602929487
2775.039	-0.01259013516819012
2775.1820000000002	-0.012583728863867327
2775.326	-0.012579652124752826
2775.4700000000003	-0.01256800429871139
2775.614	-0.012558103646576169
2775.7580000000003	-0.01254645582053473
2775.902	-0.012533060820587076
2776.0460000000003	-0.01252723690756636
2776.1890000000003	-0.012510347559806274
2776.333	-0.012495787777254476
2776.478	-0.012485304733817182
2776.621	-0.01245443799480737
2776.7650000000003	-0.012417164951474768
2776.908	-0.012400275603714685
2777.052	-0.012363584951684155
2777.196	-0.012326311908351555
2777.34	-0.012319323212726694
2777.484	-0.012314081691008045
2777.628	-0.012305928212779038
2777.772	-0.012297774734550031
2777.916	-0.012296027560643815
2778.059	-0.012291368430227241
2778.203	-0.01227447908246716
2778.347	-0.012257007343405
2778.491	-0.012235458865228338
2778.635	-0.01221391038705168
2778.779	-0.012191197126270877
2778.9230000000002	-0.012164407126375568
2779.07	-0.01215275930033413
2779.2110000000002	-0.012140529082990622
2779.355	-0.012124222126532608
2779.4990000000003	-0.012115486257001531
2779.6420000000003	-0.012109662343980813
2779.7870000000003	-0.012101508865751806
2779.9300000000003	-0.01209626734403316
2780.074	-0.01208461951799172
2780.2180000000003	-0.01207180690934614
2780.362	-0.0120601590833047
2780.5060000000003	-0.01205025843116948
2780.65	-0.012042687344242544
2780.793	-0.012029874735596961
2780.9370000000004	-0.012017062126951378
2781.081	-0.011996096040076794
2781.225	-0.011975129953202207
2781.369	-0.011962317344556626
2781.513	-0.011951251909817258
2781.657	-0.01194018647507789
2781.8	-0.01193086821424474
2781.944	-0.011904078214349436
2782.088	-0.011866805171016834
2782.232	-0.01185282777976711
2782.375	-0.01184991582325675
2782.52	-0.011844674301538101
2782.663	-0.011840015171121526
2782.8070000000002	-0.011829532127684233
2782.951	-0.01181904908424694
2783.079	-0.011809148432111718
2783.223	-0.011800412562580642
2783.366	-0.011789347127841274
2783.511	-0.011774204953987403
2783.654	-0.0117701282148729
2783.7980000000002	-0.011764886693154255
2783.942	-0.01174857973669624
2784.0860000000002	-0.011731690388936154
2784.23	-0.011725866475915435
2784.3740000000003	-0.011724701693311293
2784.5190000000002	-0.011720042562894717
2784.661	-0.011715965823780216
2784.8050000000003	-0.011712471475967785
2784.949	-0.011706647562947063
2785.0930000000003	-0.011703735606436703
2785.237	-0.011703153215134633
2785.3810000000003	-0.011699076476020129
2785.525	-0.011689175823884908
2785.668	-0.011682769519562118
2785.8120000000004	-0.011682187128260045
2785.956	-0.011679275171749683
2786.1	-0.011676363215239325
2786.243	-0.011672868867426894
2786.388	-0.011669374519614462
2786.531	-0.011658309084875095
2786.675	-0.011647826041437801
2786.819	-0.011646661258833658
2786.963	-0.011642584519719154
2787.107	-0.011639090171906724
2787.25	-0.011638507780604655
2787.3940000000002	-0.011638507780604655
2787.538	-0.011628607128469429
2787.6820000000002	-0.011618124085032135
2787.826	-0.011616376911125919
2787.978	-0.011611717780709345
2788.205	-0.011601817128574124
2788.3540000000003	-0.011593663650345117
2788.601	-0.011590169302532684
2788.7380000000003	-0.011586092563418183
2788.9970000000003	-0.011580851041699536
2789.137	-0.011567456041751883
2789.286	-0.011548819520085584
2789.5660000000003	-0.011537754085346217
2789.7160000000003	-0.01153309495492964
2789.9680000000003	-0.011529018215815135
2790.116	-0.011519699954981987
2790.42	-0.011506887346336408
2790.5640000000003	-0.011500481042013616
2790.898	-0.011474855824722453
2791.059	-0.011447483433525075
2791.482	-0.011443989085712642
2791.641	-0.011442241911806424
2791.918	-0.01143758278138985
2792.063	-0.011430011694462915
2792.377	-0.01142244060753598
2792.531	-0.011417199085817335
2793.097	-0.01141253995540076
2793.246	-0.011408463216286253
2793.5440000000003	-0.011405551259775899
2793.692	-0.011402639303265537
2793.8360000000002	-0.01140030973805725
2793.98	-0.011395650607640674
2794.1240000000003	-0.011390991477224097
2794.2670000000003	-0.01138516756420338
2794.411	-0.011381090825088879
2794.5550000000003	-0.011372937346859874
2794.699	-0.011354300825193571
2794.8430000000003	-0.011343817781756277
2794.987	-0.011340905825245917
2795.1310000000003	-0.011333334738318981
2795.275	-0.011325181260089974
2795.418	-0.011321104520975473
2795.5620000000004	-0.011319357347069257
2795.706	-0.011314698216652683
2795.85	-0.01130712712972575
2795.994	-0.011300138434100885
2796.138	-0.011296061694986382
2796.282	-0.011291402564569807
2796.426	-0.011287908216757373
2796.57	-0.011286161042851156
2796.714	-0.01128441386894494
2796.858	-0.011282666695038726
2797.002	-0.01128033712983044
2797.146	-0.011276842782018008
2797.29	-0.011273930825507652
2797.433	-0.011272183651601438
2797.577	-0.011269854086393149
2797.721	-0.011266942129882787
2797.8650000000002	-0.011264030173372425
2798.009	-0.011255294303841347
2798.152	-0.011247140825612343
2798.2960000000003	-0.011246558434310272
2798.44	-0.011241316912591623
2798.5840000000003	-0.011236075390872976
2798.728	-0.011234328216966762
2798.8720000000003	-0.011233163434362618
2799.016	-0.011233163434362618
2799.159	-0.011231998651758474
2799.3030000000003	-0.011229086695248114
2799.447	-0.011225592347435682
2799.5930000000003	-0.011223262782227395
2799.735	-0.01122093321701911
2799.879	-0.011217438869206675
2800.023	-0.011212779738790101
2800.166	-0.01120928539097767
2800.31	-0.011204043869259021
2800.454	-0.011199384738842445
2800.6040000000003	-0.011199384738842445
2800.8	-0.011198219956238303
2800.951	-0.011191231260613442
2801.1690000000003	-0.011185407347592723
2801.318	-0.01118191299978029
2801.543	-0.011177253869363715
2801.6890000000003	-0.011172012347645068
2802.022	-0.011165023652020205
2802.1710000000003	-0.011160946912905702
2802.433	-0.01115978213030156
2802.5840000000003	-0.011159199738999488
2802.9500000000003	-0.011158617347697415
2803.097	-0.011157452565093273
2803.4320000000002	-0.011154540608582914
2803.587	-0.01115046386946841
2803.862	-0.01114696952165598
2804.004	-0.011145222347749763
2804.146	-0.011145222347749763
2804.319	-0.011143475173843544
2804.467	-0.011140563217333185
2804.81	-0.011137068869520754
2804.967	-0.011133574521708324
2805.302	-0.011128332999989679
2805.442	-0.011120179521760674
2805.71	-0.01111377321743788
2805.859	-0.011111443652229592
2806.0	-0.011109696478323376
2806.1440000000002	-0.011106784521813018
2806.288	-0.01110154300009437
2806.4320000000002	-0.011097466260979866
2806.576	-0.011095719087073653
2806.7200000000003	-0.011095719087073653
2806.8650000000002	-0.011093389521865366
2807.01	-0.011093389521865366
2807.1510000000003	-0.011093389521865366
2807.295	-0.011086983217542572
2807.4390000000003	-0.011086983217542572
2807.583	-0.011081159304521856
2807.726	-0.011075917782803209
2807.871	-0.011070676261084558
2808.0150000000003	-0.011070676261084558
2808.159	-0.011070676261084558
2808.302	-0.011070676261084558
2808.446	-0.011070676261084558
2808.59	-0.011070676261084558
2808.734	-0.011070676261084558
2808.877	-0.011070676261084558
2809.022	-0.011070676261084558
2809.165	-0.011070676261084558
2809.31	-0.011070676261084558
2809.594	-0.011070093869782485
2809.742	-0.011067181913272127
2810.038	-0.011063687565459697
2810.1890000000003	-0.011058446043741049
2810.4570000000003	-0.011052039739418259
2810.608	-0.011047380609001685
2810.858	-0.01104272147858511
2811.0080000000003	-0.011038644739470607
2811.27	-0.011035150391658175
2811.427	-0.011032238435147817
2811.734	-0.011030491261241601
2811.887	-0.011030491261241601
2812.156	-0.011030491261241601
2812.299	-0.011029908869939528
2812.538	-0.011026414522127097
2812.699	-0.011020008217804307
2813.027	-0.011016513869991877
2813.1780000000003	-0.011015349087387733
2813.321	-0.011012437130877371
2813.467	-0.011010689956971154
2813.6150000000002	-0.011010689956971154
2813.984	-0.011010689956971154
2814.123	-0.011010689956971154
2814.422	-0.011010689956971154
2814.569	-0.011010689956971154
2814.713	-0.01100894278306494
2814.857	-0.01100894278306494
2815.0	-0.01100894278306494
2815.1440000000002	-0.01100894278306494
2815.288	-0.01100894278306494
2815.4320000000002	-0.011007195609158726
2815.576	-0.011007195609158726
2815.7200000000003	-0.011006613217856651
2815.8650000000002	-0.011006613217856651
2816.0080000000003	-0.011006613217856651
2816.1510000000003	-0.011006613217856651
2816.295	-0.011006613217856651
2816.4390000000003	-0.011004283652648364
2816.583	-0.011000789304835935
2816.7270000000003	-0.010997294957023503
2816.8700000000003	-0.010997294957023503
2817.014	-0.010993218217909
2817.158	-0.010990888652700712
2817.302	-0.010990888652700712
2817.446	-0.010990888652700712
2817.59	-0.010990888652700712
2817.734	-0.010990888652700712
2817.877	-0.010989141478794496
2818.0260000000003	-0.01098681191358621
2818.253	-0.010985064739679994
2818.406	-0.010983317565773778
2818.666	-0.010983317565773778
2818.806	-0.010981570391867559
2819.07	-0.010979823217961345
2819.225	-0.010979240826659275
2819.3650000000002	-0.010979240826659275
2819.521	-0.010978076044055131
2819.672	-0.010978076044055131
2820.039	-0.010976328870148912
2820.185	-0.01097574647884684
2820.435	-0.010973999304940625
2820.5930000000003	-0.010971087348430266
2820.887	-0.010966428218013692
2821.027	-0.010962933870201261
2821.3120000000004	-0.010960021913690901
2821.462	-0.010955362783274327
2821.7940000000003	-0.01095012126155568
2821.938	-0.01095012126155568
2822.081	-0.01095012126155568
2822.225	-0.01095012126155568
2822.373	-0.010946626913743247
2822.625	-0.010946626913743247
2822.77	-0.010946626913743247
2822.9120000000003	-0.010946626913743247
2823.061	-0.010946626913743247
2823.306	-0.010946626913743247
2823.456	-0.010946626913743247
2823.6	-0.010946626913743247
2823.743	-0.010946626913743247
2823.888	-0.010946626913743247
2824.031	-0.010946626913743247
2824.175	-0.010946626913743247
2824.319	-0.010946626913743247
2824.469	-0.010946626913743247
2824.607	-0.010946626913743247
2824.751	-0.010946626913743247
2824.8940000000002	-0.010946626913743247
2825.038	-0.010946626913743247
