0.0	0.142001360817683
0.10499999999999998	0.1420375226578652
0.20899999999999996	0.14250001356124845
0.31299999999999994	0.1430438686050417
0.41700000000000004	0.14315806388982766
0.521	0.14323038757019213
0.625	0.14333839727705222
0.73	0.1434811413830347
0.8350000000000001	0.14368145894509676
0.951	0.14387654255660615
1.0550000000000002	0.14401690759415559
1.1589999999999998	0.1441663130917506
1.2639999999999998	0.14450937475979514
1.3689999999999998	0.14479248390332705
1.4740000000000002	0.14497852705479086
1.5790000000000002	0.14520739343804945
1.6840000000000002	0.1453368147608069
1.7890000000000001	0.145444824467667
1.8940000000000001	0.145572342535678
2.001	0.1457512484818427
2.1060000000000003	0.1458840005004064
2.2110000000000003	0.14594871116178512
2.3160000000000003	0.1462765467918582
2.4210000000000003	0.14661675357778314
2.5260000000000002	0.14669431120870027
2.6310000000000002	0.14679756277869427
2.737	0.14701738870190728
2.842	0.14724768252622567
2.989	0.14737757966266973
3.157	0.14742040289446445
3.298	0.14755648560883444
3.4410000000000003	0.14768257623578565
3.5860000000000003	0.1477905859426457
3.729	0.1479109668053576
3.873	0.14804467045129452
4.017	0.14817361596036538
4.16	0.148279722412479
4.304	0.14841913582265523
4.447	0.14848574973878037
4.591	0.14853428273481442
4.735	0.14859138037720743
4.8790000000000004	0.14864371988273434
5.023	0.1488326179163178
5.166	0.14907861359229427
5.311	0.14919613957288652
5.454	0.14929843951550728
5.598	0.1493964571349486
5.741	0.1494373771119969
5.885	0.14944118362148975
6.029	0.149477345461672
6.172	0.14952683008507922
6.316	0.1496039119023098
6.46	0.1497366639208735
6.604	0.14984657688248
6.748	0.14996695774519186
6.892	0.15007449163836534
7.035	0.15014776694610305
7.179	0.15021057435273533
7.322	0.1502443571244845
7.4670000000000005	0.1502657687403819
7.61	0.1503114468542963
7.754	0.1503523668313446
7.898	0.15035284264503118
8.042	0.15047845745829577
8.186	0.1506135885452925
8.329	0.15062786295589076
8.473	0.15065783921814707
8.617	0.1506987591951954
8.761	0.15073587266275085
8.904	0.15075776009233482
9.048	0.15078297821772507
9.193	0.15082484982214658
9.336	0.15084245492855108
9.479000000000001	0.15084388236961094
9.623	0.15085292282965646
9.767	0.15089146373827172
9.911	0.1509295288332004
10.054	0.15095760184071028
10.198	0.15097853764292105
10.343	0.15099471530826575
10.486	0.15101232041467028
10.629	0.1510841682813481
10.773	0.15117409706811707
10.917	0.15123167052419667
11.062	0.15131922024253258
11.209	0.15138488253128451
11.349	0.15148099689597938
11.5	0.15157187731012156
11.637	0.15161232147348325
11.78	0.15164372517679942
11.924	0.15164658005891907
12.068	0.15165181400947175
12.212	0.15165847540108424
12.356	0.1517179521119103
12.5	0.15177600138167652
12.643	0.15179741299757388
12.787	0.1518202520545311
12.931000000000001	0.1518388087883088
13.075	0.151872591560058
13.222	0.1519130357234197
13.362	0.1519358747803769
13.506	0.15194967337728854
13.65	0.15200486776493508
13.794	0.15207100586737363
13.938	0.15211192584442193
14.08	0.15217853976054707
14.224	0.15228559784003395
14.368	0.15235459082459213
14.511	0.15237838150892255
14.655	0.15239788987007352
14.799	0.15240740614380568
14.943	0.15242786613232984
15.087	0.1524497535619138
15.231	0.15245974564933257
15.374	0.1524721168051844
15.518	0.15249685911688804
15.662	0.15254539211292206
15.805000000000001	0.1525877395310302
15.949	0.1526705311125
16.093	0.15274618548867075
16.237	0.15282754962908074
16.380999999999997	0.15290653470105772
16.523999999999997	0.1529108170242372
16.668	0.15292651887589528
16.811999999999998	0.1529569709518382
16.956	0.15298456814566147
17.099999999999998	0.15302453649533657
17.243	0.1530559401986527
17.386999999999997	0.1530611741492054
17.531	0.1530721178639974
17.677999999999997	0.15311065877261268
17.817999999999998	0.15314206247592882
17.962	0.15314824805385474
18.105999999999998	0.1531939261677691
18.25	0.15324198335011655
18.394	0.15325435450596836
18.537	0.15328718565034433
18.680999999999997	0.15335522700752932
18.825	0.15341946185522146
18.968999999999998	0.15344705904904474
19.112	0.15345372044065725
19.255999999999997	0.15346038183226976
19.4	0.15346561578282245
19.543999999999997	0.15350605994618416
19.688	0.15355554456959142
19.831	0.15356934316650306
19.974999999999998	0.15359884361507276
20.119	0.15362501336783624
20.264	0.15363452964156837
20.407	0.15365213474797287
20.551	0.1536602235806452
20.694999999999997	0.1536606993943318
20.839	0.15366355427645145
20.982	0.1536664091585711
21.125999999999998	0.15366783659963096
21.27	0.15367307055018364
21.413999999999998	0.15368401426497563
21.557	0.15372398261465073
21.700999999999997	0.15376014445483294
21.845	0.15376537840538562
21.988999999999997	0.15376823328750527
22.131999999999998	0.15376966072856513
22.276	0.15377251561068478
22.419999999999998	0.15378250769810353
22.564	0.15379345141289552
22.706999999999997	0.15380154024556786
22.851999999999997	0.15381343558773308
22.994999999999997	0.1538200969793456
23.139	0.15382437930252507
23.282999999999998	0.15383056488045097
23.427	0.1538362746446903
23.569999999999997	0.15384103278155636
23.714	0.15385483137846798
23.857999999999997	0.15387481555330554
24.002	0.15388861415021718
24.145	0.15389813042394934
24.288999999999998	0.15390241274712882
24.433	0.15390621925662168
24.576999999999998	0.15391050157980118
24.721	0.15391525971666725
24.865	0.15391906622616014
25.008	0.15392667924514586
25.151999999999997	0.15393381645044496
25.296	0.1539366713325646
25.439	0.15394523597892357
25.583	0.15396093783058165
25.726999999999997	0.1539747364274933
25.871	0.1539871075833451
26.014999999999997	0.1539994787391969
26.159	0.15400376106237637
26.302999999999997	0.1540051885034362
26.445999999999998	0.1540099466403023
26.59	0.1540223177961541
26.733999999999998	0.15403754383412557
26.877999999999997	0.15404420522573808
27.020999999999997	0.15404706010785774
27.165999999999997	0.1540541973131569
27.308999999999997	0.154061334518456
27.453	0.1540679959100685
27.596	0.15407656055642743
27.741	0.15408179450698012
27.884999999999998	0.15408845589859266
28.028	0.1540951172902052
28.171999999999997	0.15409749635863823
28.316	0.15409939961338465
28.459999999999997	0.1541008270544445
28.604	0.1541131982102963
28.746	0.1541246177387749
28.889999999999997	0.15414507772729905
29.034	0.15416886841162947
29.177	0.15417457817586877
29.320999999999998	0.15418076375379466
29.465	0.15421407071185722
29.608999999999998	0.15424452278780015
29.752	0.15426878928581716
29.895999999999997	0.1542940074112074
30.04	0.1542982897343869
30.183999999999997	0.15430542693968602
30.326999999999998	0.15432683855558338
30.471999999999998	0.1543682343463183
30.615	0.1544129608328595
30.758999999999997	0.15443770314456312
30.903	0.15444674360460867
31.046999999999997	0.1544557840646542
31.189999999999998	0.15446244545626675
31.334	0.15447005847525247
31.477999999999998	0.1544819538174177
31.622	0.1544938491595829
31.764999999999997	0.15450288961962844
31.908999999999995	0.15452953518607854
32.053000000000004	0.15455380168409555
32.197	0.154558084007275
32.341	0.15458996352427776
32.484	0.15463088350132606
32.631	0.15465324674459666
32.772	0.15466466627307526
32.916000000000004	0.15468369882053962
33.059000000000005	0.15470320718169056
33.203	0.15471605415122897
33.347	0.154729376934454
33.491	0.15473175600288702
33.634	0.15473223181657364
33.778	0.15473936902187274
33.922000000000004	0.15475269180509776
34.066	0.15476125645145672
34.209	0.15476411133357637
34.353	0.15476744202938264
34.497	0.1547760066757416
34.641000000000005	0.15478457132210055
34.785000000000004	0.15479075690002644
34.929	0.15479599085057916
35.072	0.15480074898744522
35.216	0.1548050313106247
35.36	0.15480645875168453
35.504000000000005	0.15481502339804348
35.647	0.15482596711283547
35.791000000000004	0.15483024943601495
35.935	0.154832628504448
36.079	0.15484214477818015
36.223	0.15485166105191228
36.366	0.15485546756140517
36.510000000000005	0.15486450802145074
36.654	0.15487212104043646
36.798	0.1548745001088695
36.941	0.15487687917730253
37.085	0.15488354056891507
37.229	0.15489829079319992
37.372	0.15491827496803745
37.516000000000005	0.15493540426075536
37.661	0.1549430172797411
37.805	0.15494539634817414
37.949000000000005	0.15495919494508578
38.093	0.15497489679674384
38.236000000000004	0.15498869539365548
38.38	0.15501438933273232
38.524	0.1550419865265556
38.668	0.1550576883782137
38.812000000000005	0.15506339814245299
38.955000000000005	0.1550700595340655
39.099000000000004	0.15507957580779766
39.243	0.15508480975835034
39.387	0.1550867130130968
39.53	0.15508956789521644
39.674	0.15509765672788878
39.818000000000005	0.15510764881530759
39.962	0.15513524600913087
40.105000000000004	0.15517378691774614
40.249	0.1551913920241506
40.393	0.1551966259747033
40.537	0.15519805341576312
40.68	0.15520138411156936
40.825	0.15520709387580867
40.969	0.15521232782636135
41.113	0.15522993293276588
41.255	0.1552561026855293
41.4	0.1552713287235008
41.545	0.15527513523299366
41.688	0.1552770384877401
41.831	0.1552817966246062
41.975	0.15528893382990533
42.121	0.1552998775446973
42.263000000000005	0.15530939381842945
42.406	0.15532128916059468
42.550000000000004	0.15533366031644646
42.694	0.15533937008068577
42.838	0.15534222496280545
42.982	0.15534698309967152
43.125	0.15535364449128403
43.27	0.15536268495132957
43.413000000000004	0.15537077378400194
43.556000000000004	0.15537267703874835
43.7	0.15537315285243497
43.844	0.15537410447980818
43.987	0.1553764835482412
44.131	0.15538219331248052
44.275	0.15539028214515285
44.419000000000004	0.15539551609570557
44.562000000000005	0.15539837097782522
44.706	0.1554026533010047
44.85	0.1554093146926172
44.994	0.15541359701579666
45.137	0.1554150244568565
45.281	0.15541787933897616
45.425000000000004	0.1554321537495744
45.569	0.1554445249054262
45.713	0.15544690397385924
45.856	0.15545213792441193
46.0	0.15545499280653158
46.144	0.15545499280653158
46.288000000000004	0.15545642024759138
46.431000000000004	0.1554578476886512
46.575	0.15546213001183068
46.719	0.15546736396238342
46.863	0.15546974303081645
47.006	0.15547402535399593
47.15	0.1554783076771754
47.294000000000004	0.155481162559295
47.438	0.15548306581404145
47.583	0.15548782395090754
47.729	0.15549210627408702
47.869	0.15549400952883347
48.013000000000005	0.1555001951067594
48.157000000000004	0.15550495324362545
48.301	0.15550638068468525
48.444	0.1555130420762978
48.588	0.15552113090897013
48.732	0.15552398579108978
48.876000000000005	0.1555254132321496
49.019	0.15552636485952281
49.163000000000004	0.15552826811426926
49.307	0.1555311229963889
49.451	0.15553350206482194
49.594	0.1555354053195684
49.74	0.15553873601537463
49.882000000000005	0.15554159089749428
50.026	0.1555430183385541
50.169000000000004	0.15554777647542017
50.313	0.1555530104259729
50.457	0.15556062344495863
50.601	0.15556728483657112
50.744	0.15556871227763097
50.889	0.15556918809131756
51.032000000000004	0.15557013971869077
51.176	0.15557299460081042
51.321000000000005	0.1555782285513631
51.463	0.155582035060856
51.607	0.15558631738403547
51.751000000000005	0.15559059970721495
51.895	0.1555939304030212
52.038000000000004	0.15560487411781318
52.182	0.15561962434209803
52.326	0.15562676154739716
52.47	0.15563342293900967
52.615	0.15563960851693556
52.758	0.15564008433062218
52.901	0.1556405601443088
53.045	0.155641511771682
53.188	0.15564389084011504
53.333	0.1556486489769811
53.476	0.15566244757389278
53.620000000000005	0.15567291547499817
53.765	0.1556733912886848
53.908	0.15567386710237138
54.051	0.15567910105292407
54.197	0.15568576244453658
54.339	0.15568956895402947
54.484	0.1556919480224625
54.627	0.15569337546352233
54.771	0.15569670615932857
54.914	0.15569956104144822
55.058	0.15570098848250807
55.203	0.15570384336462773
55.347	0.1557090773151804
55.491	0.15571383545204648
55.634	0.15571764196153937
55.778	0.1557200210299724
55.922000000000004	0.15572287591209205
56.065000000000005	0.15572810986264474
56.211	0.15574095683218314
56.354	0.15575475542909478
56.497	0.15575856193858767
56.641000000000005	0.15576141682070732
56.785000000000004	0.1557656991438868
56.929	0.15576712658494662
57.072	0.15576902983969304
57.216	0.1557747396039323
57.363	0.1557809251818582
57.504000000000005	0.15578663494609754
57.647	0.15579091726927702
57.792	0.15579329633771008
57.936	0.155801860984069
58.080000000000005	0.15580994981674134
58.222	0.15581090144411455
58.366	0.15581137725780117
58.509	0.15581328051254761
58.653	0.15581613539466727
58.797000000000004	0.15582279678627978
58.941	0.15582850655051905
59.084	0.15583231306001194
59.228	0.1558361195695048
59.374	0.15583945026531107
59.516000000000005	0.15584230514743072
59.659	0.15584468421586375
59.803000000000004	0.15585134560747627
59.947	0.1558580069990888
60.091	0.15586181350858164
60.235	0.15586942652756736
60.378	0.1558770395465531
60.522	0.15588322512447902
60.666000000000004	0.15588845907503174
60.81	0.1558913139571514
60.954	0.15589369302558442
61.097	0.15589369302558442
61.241	0.1558984511624505
61.385000000000005	0.15590416092668974
61.529	0.1559055883677496
61.672000000000004	0.15590844324986924
61.817	0.15591320138673534
61.96	0.1559170078962282
62.104	0.15592176603309432
62.248000000000005	0.15592604835627377
62.391000000000005	0.1559284274247068
62.535000000000004	0.1559341371889461
62.682	0.15594555671742472
62.822	0.15595412136378367
62.966	0.15595412136378367
63.11	0.1559565004322167
63.254000000000005	0.15596030694170956
63.397	0.15596696833332208
63.541000000000004	0.15597267809756138
63.685	0.15597458135230782
63.829	0.15597458135230782
63.973000000000006	0.15597696042074086
64.11699999999999	0.15598076693023372
64.25999999999999	0.15598409762603999
64.404	0.15598885576290605
64.547	0.15599313808608553
64.692	0.15599551715451856
64.835	0.15600075110507128
64.979	0.15600646086931058
65.124	0.1560102673788034
65.267	0.15601312226092307
65.411	0.1560150255156695
65.55499999999999	0.15601740458410257
65.698	0.15601835621147578
65.842	0.15601835621147578
65.98599999999999	0.15602025946622222
66.12899999999999	0.15602216272096864
66.273	0.15602359016202846
66.417	0.15602882411258115
66.56099999999999	0.15603358224944722
66.704	0.15603358224944722
66.848	0.15603643713156687
66.99199999999999	0.15603976782737314
67.136	0.1560421468958062
67.279	0.1560430985231794
67.423	0.156043574336866
67.567	0.15604500177792582
67.711	0.15604738084635889
67.856	0.1560488082874187
67.999	0.1560492841011053
68.142	0.15605213898322495
68.286	0.15605451805165801
68.42999999999999	0.15605546967903122
68.573	0.15605642130640446
68.717	0.15605689712009105
68.862	0.15605880037483744
69.005	0.1560616552569571
69.149	0.15606451013907674
69.29299999999999	0.1560673650211964
69.437	0.15606974408962945
69.58099999999999	0.15607497804018217
69.72399999999999	0.15608068780442147
69.868	0.1560830668728545
70.012	0.1560840185002277
70.15599999999999	0.1560840185002277
70.29899999999999	0.15608449431391433
70.443	0.15608592175497416
70.58699999999999	0.15608830082340716
70.731	0.1560911557055268
70.875	0.15609258314658664
71.01899999999999	0.15609401058764646
71.16199999999999	0.15609829291082594
71.306	0.1561016236066322
71.44999999999999	0.1561016236066322
71.59299999999999	0.1561016236066322
71.737	0.1561016236066322
71.881	0.1561016236066322
72.02499999999999	0.156103051047692
72.169	0.15610400267506525
72.312	0.15610400267506525
72.45599999999999	0.15610400267506525
72.601	0.15610400267506525
72.744	0.15610400267506525
72.889	0.15610400267506525
73.032	0.1561054301161251
73.17599999999999	0.15610733337087151
73.31899999999999	0.15610733337087151
73.463	0.15610733337087151
73.607	0.15610971243930455
73.75099999999999	0.15611161569405102
73.895	0.15611161569405102
74.038	0.15611161569405102
74.18199999999999	0.15611161569405102
74.326	0.15611161569405102
74.47	0.15611161569405102
74.61399999999999	0.15611161569405102
74.75699999999999	0.15611161569405102
74.901	0.15611161569405102
75.045	0.1561120915077376
75.189	0.1561120915077376
75.333	0.1561120915077376
75.476	0.1561125673214242
75.61999999999999	0.1561135189487974
75.764	0.15611589801723044
75.908	0.15611732545829027
76.05099999999999	0.15611922871303668
76.195	0.15612208359515634
76.339	0.156124938477276
76.482	0.15612684173202243
76.627	0.15612684173202243
76.77	0.15612684173202243
76.914	0.15612684173202243
77.05699999999999	0.15612684173202243
77.201	0.15612684173202243
77.345	0.15612684173202243
77.48899999999999	0.15612684173202243
77.63499999999999	0.15612684173202243
77.777	0.15612684173202243
77.92099999999999	0.15612684173202243
78.064	0.15612684173202243
78.208	0.15612826917308226
78.35199999999999	0.15612826917308226
78.496	0.15612826917308226
78.639	0.1561296966141421
78.783	0.1561296966141421
78.928	0.1561296966141421
79.071	0.1561296966141421
79.214	0.1561296966141421
79.35799999999999	0.1561296966141421
79.502	0.1561296966141421
79.646	0.1561296966141421
79.789	0.1561296966141421
79.93299999999999	0.1561296966141421
80.077	0.1561296966141421
80.22099999999999	0.1561296966141421
80.36399999999999	0.1561296966141421
80.509	0.1561296966141421
80.652	0.1561296966141421
80.79599999999999	0.1561296966141421
80.939	0.1561296966141421
81.083	0.1561296966141421
81.22699999999999	0.1561296966141421
81.371	0.1561296966141421
81.514	0.1561296966141421
81.66	0.1561296966141421
81.80199999999999	0.1561296966141421
81.946	0.1561296966141421
82.08999999999999	0.1561296966141421
82.234	0.1561296966141421
82.377	0.1561296966141421
82.521	0.1561296966141421
82.66499999999999	0.1561296966141421
82.809	0.1561296966141421
82.95299999999999	0.1561296966141421
83.09599999999999	0.1561296966141421
83.24	0.1561296966141421
83.384	0.1561296966141421
83.52799999999999	0.15613112405520194
83.67099999999999	0.15613112405520194
83.815	0.15613112405520194
83.95899999999999	0.15613255149626176
84.103	0.15613255149626176
84.246	0.15613255149626176
84.39	0.15613397893732156
84.53399999999999	0.1561363580057546
84.678	0.1561363580057546
84.821	0.15613826126050104
84.96499999999999	0.15613968870156086
85.109	0.15613968870156086
85.253	0.15614016451524745
85.39699999999999	0.15614016451524745
85.53999999999999	0.15614016451524745
85.684	0.15614016451524745
85.82799999999999	0.15614016451524745
85.972	0.15614111614262066
86.116	0.15614111614262066
86.259	0.15614349521105375
86.40299999999999	0.15614492265211358
86.547	0.15614539846580017
86.69099999999999	0.15614682590685997
86.83399999999999	0.1561477775342332
86.979	0.1561477775342332
87.12299999999999	0.1561477775342332
87.267	0.15614920497529305
87.41	0.15615110823003947
87.55399999999999	0.1561525356710993
87.69699999999999	0.1561525356710993
87.841	0.1561534872984725
87.984	0.1561534872984725
88.128	0.15615396311215912
88.27199999999999	0.15615396311215912
88.416	0.15615443892584574
88.559	0.15615539055321898
88.70299999999999	0.15615681799427877
88.847	0.1561572938079654
88.991	0.1561572938079654
89.134	0.1561582454353386
89.279	0.15616062450377166
89.423	0.15616252775851808
89.56599999999999	0.1561630035722047
89.71	0.1561630035722047
89.854	0.1561630035722047
89.997	0.1561639551995779
90.142	0.15616538264063773
90.286	0.15616681008169753
90.42999999999999	0.15616776170907076
90.574	0.156168713336444
90.717	0.1561696649638172
90.86099999999999	0.15617109240487703
91.005	0.15617251984593683
91.149	0.15617251984593683
91.292	0.15617394728699668
91.43599999999999	0.1561753747280565
91.58	0.1561753747280565
91.72399999999999	0.15617727798280295
91.86699999999999	0.1561801328649226
92.011	0.1561801328649226
92.155	0.15618393937441546
92.29899999999999	0.1561801328649226
92.442	0.15618393937441546
92.58699999999999	0.15618393937441546
92.72999999999999	0.15618679425653512
92.874	0.1561872700702217
93.017	0.1561872700702217
93.161	0.15618774588390832
93.30499999999999	0.1561872700702217
93.449	0.1561872700702217
93.595	0.1561872700702217
93.737	0.1561872700702217
93.881	0.1561872700702217
94.024	0.1561872700702217
94.16799999999999	0.15618774588390832
94.312	0.15618869751128153
94.455	0.15619012495234136
94.59899999999999	0.15619012495234136
94.743	0.15619060076602798
94.887	0.15619060076602798
95.03099999999999	0.15619202820708777
95.17399999999999	0.1561934556481476
95.318	0.1561934556481476
95.46199999999999	0.1561944072755208
95.606	0.1561944072755208
95.749	0.1561944072755208
95.893	0.15619631053026725
96.03699999999999	0.15619631053026725
96.17999999999999	0.15619631053026725
96.324	0.15619631053026725
96.46799999999999	0.15619631053026725
96.612	0.15619631053026725
96.756	0.15619631053026725
96.89999999999999	0.15619726215764046
97.04299999999999	0.15619726215764046
97.187	0.15619726215764046
97.33099999999999	0.15619726215764046
97.475	0.15619726215764046
97.619	0.15619726215764046
97.762	0.15619726215764046
97.90599999999999	0.15619726215764046
98.05	0.15619726215764046
98.19399999999999	0.15619726215764046
98.33699999999999	0.15619726215764046
98.481	0.15619726215764046
98.625	0.15619726215764046
98.76899999999999	0.15619726215764046
98.91199999999999	0.15619773797132708
99.056	0.15619773797132708
99.19999999999999	0.1561982137850137
99.344	0.1561982137850137
99.487	0.15619916541238693
99.631	0.15620011703976014
99.77499999999999	0.15619916541238693
99.919	0.15619916541238693
100.062	0.15619916541238693
100.207	0.15620011703976014
100.35	0.15620011703976014
100.49499999999999	0.15620011703976014
100.63799999999999	0.15620011703976014
100.782	0.15620059285344673
100.925	0.15620154448081996
101.06899999999999	0.15620439936293962
101.213	0.15620439936293962
101.357	0.15620439936293962
101.5	0.15620582680399944
101.64399999999999	0.15620725424505927
101.788	0.15620915749980568
101.93199999999999	0.15620915749980568
102.076	0.15621058494086554
102.22	0.15621296400929857
102.363	0.15621296400929857
102.50699999999999	0.15621439145035837
102.651	0.156214867264045
102.794	0.15621629470510484
102.93799999999999	0.15621629470510484
103.082	0.15621867377353787
103.226	0.15622010121459767
103.369	0.15622010121459767
103.51299999999999	0.15622010121459767
103.65899999999999	0.15622152865565747
103.80099999999999	0.15622438353777712
103.94399999999999	0.15622723841989677
104.088	0.15622723841989677
104.232	0.15622438353777712
104.37599999999999	0.15622438353777712
104.52	0.15622438353777712
104.663	0.15622723841989677
104.80699999999999	0.15622723841989677
104.951	0.15622723841989677
105.095	0.1562296174883298
105.23899999999999	0.15623104492938966
105.38199999999999	0.1562324723704495
105.526	0.1562334239978227
105.67	0.1562334239978227
105.81299999999999	0.1562334239978227
105.957	0.15623485143888252
106.101	0.15623627887994235
106.24499999999999	0.15623627887994235
106.389	0.15623627887994235
106.532	0.15623675469362897
106.67599999999999	0.15623675469362897
106.82	0.15623675469362897
106.964	0.1562381821346888
107.107	0.15624056120312185
107.25099999999999	0.15624056120312185
107.395	0.15624246445786827
107.539	0.1562429402715549
107.68599999999999	0.1562429402715549
107.82799999999999	0.1562429402715549
107.97099999999999	0.1562438918989281
108.115	0.1562448435263013
108.258	0.15624531933998792
108.402	0.15624722259473434
108.54599999999999	0.15624722259473434
108.69	0.15624722259473434
108.83399999999999	0.1562510291042272
108.978	0.15625340817266023
109.121	0.15625340817266023
109.265	0.15625340817266023
109.40899999999999	0.15625435980003344
109.553	0.15625435980003344
109.69699999999999	0.15625531142740667
109.83999999999999	0.1562557872410933
109.984	0.1562557872410933
110.128	0.1562557872410933
110.27199999999999	0.1562557872410933
110.41499999999999	0.1562572146821531
110.559	0.1562572146821531
110.70299999999999	0.15625959375058615
110.847	0.1562629244463924
110.99	0.15626577932851204
111.134	0.15626673095588528
111.27799999999999	0.15626673095588528
111.422	0.15626673095588528
111.565	0.15626673095588528
111.70899999999999	0.15626673095588528
111.853	0.1562672067695719
111.997	0.15626863421063175
112.14	0.15627101327906476
112.28399999999999	0.15627244072012456
112.428	0.15627244072012456
112.57199999999999	0.15627244072012456
112.71499999999999	0.15627244072012456
112.859	0.15627244072012456
113.003	0.15627244072012456
113.14699999999999	0.15627291653381117
113.291	0.1562733923474978
113.43499999999999	0.1562733923474978
113.57799999999999	0.1562733923474978
113.722	0.156274343974871
113.866	0.156274343974871
114.00999999999999	0.15627529560224424
114.15299999999999	0.15627529560224424
114.297	0.15627529560224424
114.44099999999999	0.15627577141593085
114.585	0.15627624722961744
114.729	0.1562781504843639
114.872	0.1562781504843639
115.01599999999999	0.1562781504843639
115.16	0.15628148118017013
115.30399999999999	0.1562781504843639
115.44699999999999	0.1562781504843639
115.591	0.15628148118017013
115.735	0.15628433606228978
115.878	0.15628766675809602
116.02199999999999	0.15628957001284247
116.166	0.15628957001284247
116.30999999999999	0.15628957001284247
116.454	0.15628957001284247
116.598	0.15628957001284247
116.741	0.15628766675809602
116.88499999999999	0.15628766675809602
117.029	0.15628766675809602
117.173	0.15628766675809602
117.31599999999999	0.15628957001284247
117.46	0.15629052164021567
117.604	0.15629052164021567
117.74799999999999	0.15629290070864874
117.892	0.15629432814970856
118.035	0.15629480396339518
118.17899999999999	0.15629480396339518
118.323	0.15629432814970856
118.467	0.15629480396339518
118.61	0.15629527977708177
118.75399999999999	0.15629623140445498
118.898	0.15629718303182819
119.042	0.1562976588455148
119.18499999999999	0.15629813465920142
119.329	0.15629908628657463
119.473	0.15630051372763448
119.61699999999999	0.15630051372763448
119.75999999999999	0.15630051372763448
119.904	0.15630098954132107
120.048	0.15630098954132107
120.192	0.15630098954132107
120.335	0.15630194116869428
120.47999999999999	0.1563028927960675
120.62299999999999	0.15630432023712731
120.767	0.15630669930556038
120.911	0.15630669930556038
121.05499999999999	0.15630669930556038
121.198	0.15630479605081393
121.342	0.15630479605081393
121.48599999999999	0.1563033686097541
121.63	0.1563033686097541
121.774	0.1563033686097541
121.917	0.15630479605081393
122.06099999999999	0.15630669930556038
122.205	0.15630669930556038
122.34899999999999	0.15630669930556038
122.49199999999999	0.15630669930556038
122.63799999999999	0.15630765093293358
122.78	0.1563081267466202
122.92399999999999	0.1563086025603068
123.067	0.1563086025603068
123.211	0.15630955418768
123.35499999999999	0.15631050581505324
123.499	0.15631098162873985
123.642	0.15631145744242647
123.786	0.1563124090697997
123.92999999999999	0.15631336069717292
124.074	0.15631336069717292
124.21799999999999	0.1563138365108595
124.36099999999999	0.1563152639519193
124.505	0.1563152639519193
124.649	0.15631621557929254
124.79299999999999	0.15631621557929254
124.937	0.15631621557929254
125.08099999999999	0.15631764302035236
125.225	0.1563190704614122
125.369	0.15632049790247202
125.51299999999999	0.15632240115721846
125.65599999999999	0.15632287697090505
125.8	0.15632382859827826
125.94399999999999	0.1563247802256515
126.088	0.1563247802256515
126.232	0.1563247802256515
126.375	0.15632382859827826
126.51899999999999	0.15632287697090505
126.663	0.15632382859827826
126.80699999999999	0.15632382859827826
126.94999999999999	0.15632382859827826
127.094	0.1563247802256515
127.238	0.1563247802256515
127.381	0.1563252560393381
127.52499999999999	0.1563252560393381
127.669	0.1563266834803979
127.81299999999999	0.15632953836251756
127.957	0.15632953836251756
128.101	0.1563323932446372
128.244	0.1563323932446372
128.388	0.1563323932446372
128.53199999999998	0.15633429649938363
128.676	0.15633524812675686
128.819	0.15633667556781672
128.963	0.15633810300887654
129.107	0.15633953044993637
129.251	0.15634095789099617
129.39499999999998	0.15634095789099617
129.53799999999998	0.15634238533205602
129.682	0.15634381277311585
129.826	0.15634571602786226
129.97	0.1563485709099819
130.113	0.15634952253735512
130.257	0.1563499983510417
130.40099999999998	0.15635142579210154
130.545	0.15635285323316134
130.688	0.15635570811528102
130.833	0.15635856299740067
130.977	0.15635903881108726
131.12	0.15635903881108726
131.263	0.15635903881108726
131.40699999999998	0.15635903881108726
131.551	0.15635903881108726
131.697	0.15635903881108726
131.838	0.15635903881108726
131.982	0.1563599904384605
132.126	0.15636332113426676
132.26999999999998	0.15636617601638642
132.41299999999998	0.15636617601638642
132.558	0.15636617601638642
132.701	0.15636617601638642
132.845	0.15636665183007303
132.989	0.15636760345744627
133.132	0.15636760345744627
133.27599999999998	0.15636760345744627
133.42	0.15636903089850607
133.564	0.1563704583395659
133.708	0.1563704583395659
133.852	0.1563704583395659
133.995	0.1563704583395659
134.13899999999998	0.1563704583395659
134.283	0.1563704583395659
134.426	0.1563704583395659
134.57	0.1563704583395659
134.714	0.1563704583395659
134.858	0.1563704583395659
135.00199999999998	0.1563714099669391
135.14499999999998	0.1563714099669391
135.289	0.15637188578062572
135.433	0.15637236159431234
135.576	0.15637236159431234
135.72	0.15637331322168557
135.864	0.15637426484905878
136.00799999999998	0.15637426484905878
136.152	0.15637426484905878
136.296	0.15637474066274537
136.439	0.156375216476432
136.583	0.156375216476432
136.726	0.15637616810380517
136.87099999999998	0.1563785471722382
137.01399999999998	0.1563785471722382
137.158	0.15637997461329803
137.302	0.15637997461329803
137.446	0.15637997461329803
137.59	0.15638140205435785
137.73499999999999	0.15638140205435785
137.87699999999998	0.15638187786804447
138.021	0.15638330530910427
138.165	0.1563837811227909
138.308	0.1563837811227909
138.452	0.1563837811227909
138.596	0.15638473275016412
138.73999999999998	0.15638473275016412
138.88299999999998	0.1563837811227909
139.027	0.1563837811227909
139.171	0.1563837811227909
139.315	0.1563837811227909
139.458	0.15638473275016412
139.602	0.15638473275016412
139.74599999999998	0.1563837811227909
139.89	0.1563837811227909
140.033	0.1563837811227909
140.177	0.1563837811227909
140.321	0.1563837811227909
140.465	0.1563837811227909
140.609	0.15638330530910427
140.753	0.15638330530910427
140.896	0.1563837811227909
141.04	0.1563837811227909
141.184	0.1563837811227909
141.327	0.1563837811227909
141.471	0.1563837811227909
141.61499999999998	0.1563837811227909
141.759	0.1563837811227909
141.903	0.1563837811227909
142.046	0.1563837811227909
142.19	0.1563837811227909
142.334	0.1563837811227909
142.478	0.15638473275016412
142.62199999999999	0.15638473275016412
142.766	0.15638616019122392
142.91	0.15638663600491054
143.054	0.15638663600491054
143.198	0.15638758763228378
143.341	0.1563890150733436
143.48499999999999	0.15638949088703022
143.629	0.15638949088703022
143.772	0.15639186995546328
143.916	0.15639424902389631
144.06	0.15639805553338917
144.204	0.15639805553338917
144.347	0.15639805553338917
144.492	0.15640186204288203
144.636	0.15640186204288203
144.779	0.15640186204288203
144.923	0.15640186204288203
145.067	0.15640186204288203
145.21099999999998	0.15640328948394183
145.355	0.15640471692500166
145.498	0.15640519273868825
145.642	0.15640519273868825
145.786	0.15640566855237487
145.929	0.15640566855237487
146.073	0.15640566855237487
146.21699999999998	0.1564066201797481
146.361	0.15640804762080793
146.504	0.15640852343449455
146.648	0.15640852343449455
146.792	0.15640947506186775
146.936	0.15640947506186775
147.079	0.15640947506186775
147.22299999999998	0.15640947506186775
147.367	0.15641042668924096
147.511	0.15641042668924096
147.654	0.15641090250292755
147.798	0.15641137831661417
147.942	0.1564123299439874
148.08599999999998	0.1564132815713606
148.22899999999998	0.1564132815713606
148.373	0.1564132815713606
148.517	0.1564132815713606
148.661	0.1564132815713606
148.804	0.15641518482610706
148.948	0.15641518482610706
149.09199999999998	0.1564180397082267
149.236	0.15642184621771957
149.38	0.15642612854089905
149.524	0.15642612854089905
149.667	0.15642708016827225
149.811	0.15642708016827225
149.95499999999998	0.1564294592367053
150.099	0.1564299350503919
150.243	0.15643278993251156
150.386	0.1564351690009446
150.53	0.1564351690009446
150.674	0.15643564481463118
150.81799999999998	0.15643754806937765
150.96099999999998	0.15643754806937765
151.105	0.15643754806937765
151.249	0.15643754806937765
151.393	0.15643754806937765
151.536	0.15643754806937765
151.68	0.15643897551043748
151.82399999999998	0.15643897551043748
151.96699999999998	0.15643992713781069
152.112	0.1564408787651839
152.255	0.15644230620624372
152.399	0.15644373364730355
152.542	0.15644373364730355
152.689	0.15644420946099016
152.82999999999998	0.15644563690205
152.974	0.1564465885294232
153.118	0.15644801597048302
153.262	0.15644801597048302
153.406	0.15644801597048302
153.549	0.15644944341154285
153.69299999999998	0.15644944341154285
153.837	0.15645087085260267
153.981	0.1564522982936625
154.124	0.15645467736209556
154.268	0.15645467736209556
154.412	0.15645753224421521
154.55599999999998	0.156458959685275
154.7	0.156458959685275
154.843	0.15646038712633484
154.987	0.15646086294002146
155.131	0.15646181456739466
155.274	0.15646324200845452
155.418	0.1564637178221411
155.56199999999998	0.1564637178221411
155.706	0.1564637178221411
155.849	0.15646466944951432
155.993	0.15646562107688752
156.137	0.15646562107688752
156.281	0.15646562107688752
156.42499999999998	0.1564660968905741
156.56799999999998	0.1564660968905741
156.712	0.15646752433163397
156.856	0.15646752433163397
157.0	0.15646847595900717
157.144	0.15647037921375362
157.287	0.15647037921375362
157.43099999999998	0.15647418572324648
157.575	0.15647418572324648
157.719	0.15647418572324648
157.863	0.15647656479167954
158.006	0.15647656479167954
158.15	0.15647799223273934
158.29399999999998	0.1564794196737992
158.438	0.15647989548748578
158.581	0.15648417781066526
158.725	0.15648417781066526
158.869	0.1564913150159644
159.013	0.15649416989808404
159.156	0.15649416989808404
159.29999999999998	0.15649559733914387
159.444	0.15649845222126352
159.588	0.15649845222126352
159.732	0.15650083128969655
159.875	0.15650273454444297
160.019	0.1565036861718162
160.164	0.15650511361287603
160.307	0.15650511361287603
160.451	0.15650511361287603
160.595	0.15650796849499565
160.739	0.15650987174974207
160.88299999999998	0.15650987174974207
161.02599999999998	0.1565103475634287
161.17	0.15651129919080192
161.314	0.15651272663186172
161.458	0.15651415407292157
161.602	0.15651558151398137
161.745	0.15651700895504123
161.88899999999998	0.15651843639610105
162.033	0.15651891220978767
162.177	0.15651891220978767
162.32	0.15651891220978767
162.464	0.15651891220978767
162.608	0.15651891220978767
162.75199999999998	0.15651891220978767
162.89499999999998	0.15651891220978767
163.039	0.15651891220978767
163.183	0.15651891220978767
163.327	0.15651891220978767
163.47	0.15651891220978767
163.614	0.15651891220978767
163.75799999999998	0.15651891220978767
163.902	0.15651891220978767
164.045	0.15651891220978767
164.189	0.15651891220978767
164.333	0.15651891220978767
164.477	0.15651891220978767
164.62099999999998	0.15651891220978767
164.765	0.15651891220978767
164.908	0.15652462197402697
165.052	0.15653223499301272
165.196	0.15653223499301272
165.34	0.1565427028941181
165.483	0.1565565014910297
165.62699999999998	0.15656459032370204
165.771	0.15656934846056814
165.915	0.15657696147955386
166.059	0.15658742938065925
166.202	0.15659361495858515
166.346	0.15659980053651107
166.48999999999998	0.15660551030075037
166.634	0.1566078893691834
166.777	0.15661074425130306
166.921	0.15661217169236288
167.065	0.156619308897662
167.209	0.15663358330826024
167.352	0.15664690609148527
167.49599999999998	0.156654519110471
167.644	0.15666070468839693
167.785	0.1566706967758157
167.927	0.1566768823537416
168.071	0.1566783097948014
168.215	0.15667973723586126
168.359	0.15668354374535412
168.50199999999998	0.1566878260685336
168.647	0.15668972932328
168.79	0.15669020513696663
168.934	0.15669306001908628
169.078	0.1566997214106988
169.222	0.1566997214106988
169.36499999999998	0.15670495536125148
169.509	0.15670495536125148
169.653	0.15670733442968454
169.797	0.15670876187074434
169.94	0.15671589907604347
170.084	0.15672922185926852
170.228	0.15673778650562747
170.37199999999999	0.1567406413877471
170.516	0.1567415930151203
170.659	0.15674206882880692
170.803	0.15674349626986678
170.947	0.15674492371092658
171.091	0.15674825440673285
171.234	0.1567525367299123
171.378	0.15675634323940518
171.522	0.15675634323940518
171.665	0.1567630046310177
171.809	0.1567682385815704
171.953	0.15676919020894362
172.097	0.1567696660226302
172.24099999999999	0.15677014183631682
172.385	0.15677680322792936
172.528	0.1567858436879749
172.673	0.15678869857009456
172.815	0.15679012601115438
172.96	0.15679012601115438
173.103	0.15679250507958742
173.24699999999999	0.15679535996170707
173.391	0.1567972632164535
173.535	0.1567977390301401
173.679	0.1567986906575133
173.822	0.15680249716700617
173.966	0.15680820693124548
174.111	0.15681201344073836
174.254	0.15681296506811157
174.397	0.1568134408817982
174.541	0.15681486832285801
174.685	0.1568201022734107
174.829	0.15682438459659018
174.972	0.15682581203765
175.11599999999999	0.15682581203765
175.26	0.15682581203765
175.404	0.1568286669197696
175.547	0.15683057017451604
175.691	0.15683104598820266
175.835	0.15683342505663572
175.97899999999998	0.15683627993875537
176.12199999999999	0.1568386590071884
176.267	0.1568424655166813
176.41	0.15684532039880095
176.554	0.15684674783986075
176.697	0.1568481752809206
176.84199999999998	0.15685055434935363
176.98499999999999	0.15685388504515985
177.129	0.15685721574096612
177.273	0.15685959480939915
177.417	0.15686102225045898
177.561	0.1568624496915188
177.70499999999998	0.15686387713257866
177.849	0.15686435294626525
177.993	0.15686435294626525
178.136	0.15686530457363845
178.28	0.15686625620101166
178.424	0.15686720782838487
178.56799999999998	0.15686863526944472
178.712	0.15686863526944472
178.855	0.15686863526944472
178.999	0.15686911108313134
179.143	0.15686911108313134
179.287	0.15687006271050458
179.43	0.15687006271050458
179.57399999999998	0.15687006271050458
179.718	0.15687149015156437
179.846	0.1568729175926242
179.989	0.1568729175926242
180.13299999999998	0.15687434503368403
180.277	0.15687434503368403
180.421	0.15687577247474388
180.565	0.15687577247474388
180.709	0.1568767241021171
180.852	0.15687719991580368
180.99599999999998	0.1568791031705501
181.14	0.15688148223898313
181.284	0.15688243386635636
181.427	0.15688290968004298
181.571	0.1568833854937296
181.715	0.15688576456216263
181.859	0.1568895710716555
182.00199999999998	0.15689147432640194
182.146	0.15689195014008853
182.29	0.15689290176746173
182.434	0.15689385339483497
182.577	0.15689385339483497
182.724	0.1568943292085216
182.86499999999998	0.15689575664958139
183.009	0.15689813571801445
183.152	0.15689956315907427
183.296	0.15689956315907427
183.44	0.15689956315907427
183.584	0.1569005147864475
183.728	0.1569019422275073
183.87199999999999	0.1569019422275073
184.015	0.15690241804119393
184.159	0.15690241804119393
184.303	0.15690336966856713
184.447	0.15690432129594034
184.59	0.15690432129594034
184.734	0.15690574873700017
184.878	0.1569076519917466
185.022	0.15690812780543323
185.165	0.15690907943280644
185.309	0.15691050687386626
185.453	0.15691193431492606
185.597	0.15691336175598591
185.74099999999999	0.15691383756967253
185.884	0.15691526501073233
186.028	0.15691669245179216
186.172	0.15691907152022522
186.316	0.15691907152022522
186.459	0.15691907152022522
186.603	0.15692145058865825
186.74699999999999	0.15692192640234487
186.891	0.15692335384340467
187.034	0.15692335384340467
187.178	0.1569243054707779
187.322	0.15692525709815114
187.466	0.15692668453921094
187.60999999999999	0.15692668453921094
187.754	0.15692716035289755
187.897	0.15692716035289755
188.041	0.15692716035289755
188.185	0.15692716035289755
188.329	0.15692716035289755
188.472	0.15692811198027076
188.61599999999999	0.15692811198027076
188.76	0.15692811198027076
188.904	0.1569295394213306
189.047	0.15693096686239041
189.191	0.15693191848976362
189.335	0.15693191848976362
189.47899999999998	0.15693191848976362
189.62199999999999	0.15693191848976362
189.766	0.15693191848976362
189.91	0.15693191848976362
190.054	0.15693191848976362
190.197	0.15693191848976362
190.341	0.15693239430345024
190.48499999999999	0.15693287011713686
190.629	0.15693382174451007
190.772	0.15693477337188327
190.916	0.1569362008129431
191.06	0.15693810406768954
191.204	0.15693857988137616
191.347	0.15693857988137616
191.492	0.15693857988137616
191.635	0.15693857988137616
191.779	0.15693953150874937
191.923	0.15694048313612258
192.067	0.1569409589498092
192.21	0.1569409589498092
192.35399999999998	0.1569409589498092
192.498	0.1569409589498092
192.642	0.15694143476349579
192.786	0.156942386390869
192.929	0.15694333801824223
193.073	0.15694333801824223
193.21699999999998	0.15694333801824223
193.361	0.15694381383192885
193.504	0.15694428964561546
193.648	0.15694428964561546
193.792	0.15694428964561546
193.936	0.15694428964561546
194.079	0.15694524127298867
194.22299999999998	0.15694524127298867
194.367	0.1569466687140485
194.511	0.1569480961551083
194.654	0.15694904778248153
194.798	0.15694952359616815
194.942	0.15695095103722795
195.087	0.1569528542919744
195.23	0.15695523336040745
195.374	0.15695713661515387
195.518	0.15695761242884046
195.662	0.15695761242884046
195.805	0.15695856405621367
195.94899999999998	0.15695856405621367
196.093	0.1569595156835869
196.237	0.15695999149727352
196.381	0.15695999149727352
196.525	0.15695999149727352
196.668	0.15695999149727352
196.81199999999998	0.15695999149727352
196.956	0.15695999149727352
197.1	0.15695999149727352
197.244	0.15695999149727352
197.387	0.1569595156835869
197.531	0.15695856405621367
197.677	0.15695761242884046
197.81799999999998	0.15695856405621367
197.962	0.15695856405621367
198.106	0.15695856405621367
198.25	0.1569595156835869
198.394	0.1569595156835869
198.537	0.1569595156835869
198.68099999999998	0.15695999149727352
198.825	0.1569595156835869
198.968	0.15695856405621367
199.113	0.15695856405621367
199.256	0.15695761242884046
199.4	0.15695761242884046
199.543	0.15695761242884046
199.688	0.15695761242884046
199.831	0.15695761242884046
199.975	0.15695761242884046
200.119	0.15695761242884046
200.263	0.15695761242884046
200.406	0.15695761242884046
200.54999999999998	0.15695856405621367
200.694	0.1569595156835869
200.838	0.15695999149727352
200.982	0.15695999149727352
201.125	0.15695999149727352
201.269	0.1569595156835869
201.41299999999998	0.1569595156835869
201.557	0.1569595156835869
201.7	0.1569595156835869
201.844	0.1569595156835869
201.988	0.15695856405621367
202.132	0.1569595156835869
202.27599999999998	0.15695999149727352
202.41899999999998	0.1569595156835869
202.563	0.1569595156835869
202.708	0.1569595156835869
202.85	0.15695999149727352
202.994	0.1569595156835869
203.138	0.15695856405621367
203.28199999999998	0.15695856405621367
203.42499999999998	0.15695856405621367
203.569	0.15695856405621367
203.713	0.1569595156835869
203.857	0.1569595156835869
204.001	0.1569595156835869
204.14499999999998	0.1569595156835869
204.28799999999998	0.15695999149727352
204.432	0.15695999149727352
204.576	0.15695999149727352
204.72	0.15696141893833332
204.863	0.15696284637939317
205.007	0.15696427382045297
205.15099999999998	0.1569652254478262
205.295	0.1569652254478262
205.44	0.1569652254478262
205.582	0.1569652254478262
205.726	0.15696570126151282
205.87	0.1569652254478262
206.01399999999998	0.1569652254478262
206.15699999999998	0.15696570126151282
206.301	0.15696760451625924
206.445	0.15696760451625924
206.589	0.15696760451625924
206.732	0.1569699835846923
206.876	0.15697093521206554
207.01999999999998	0.15697141102575213
207.16299999999998	0.15697141102575213
207.308	0.15697141102575213
207.451	0.15697093521206554
207.595	0.15697093521206554
207.739	0.15697093521206554
207.88299999999998	0.1569699835846923
208.02599999999998	0.1569699835846923
208.17	0.15697093521206554
208.314	0.15697141102575213
208.458	0.15697188683943872
208.602	0.15697283846681193
208.745	0.15697283846681193
208.88899999999998	0.15697283846681193
209.033	0.15697426590787178
209.177	0.15697569334893163
209.32	0.15697664497630484
209.464	0.15697712078999143
209.608	0.15697712078999143
209.75199999999998	0.15697664497630484
209.89499999999998	0.15697569334893163
210.039	0.15697664497630484
210.183	0.15697569334893163
210.327	0.15697569334893163
210.47	0.15697569334893163
210.614	0.15697569334893163
210.75799999999998	0.15697426590787178
210.902	0.15697426590787178
211.045	0.15697569334893163
211.189	0.15697569334893163
211.333	0.15697569334893163
211.477	0.15697569334893163
211.62	0.15697426590787178
211.765	0.15697426590787178
211.908	0.15697426590787178
212.052	0.15697569334893163
212.195	0.15697569334893163
212.34	0.15697569334893163
212.483	0.15697569334893163
212.631	0.15697569334893163
212.772	0.15697664497630484
212.916	0.15697712078999143
213.059	0.15697712078999143
213.203	0.15697712078999143
213.347	0.15697712078999143
213.49099999999999	0.15697712078999143
213.635	0.15697712078999143
213.778	0.15697664497630484
213.922	0.15697712078999143
214.066	0.15697712078999143
214.21	0.15697712078999143
214.353	0.15697759660367802
214.49699999999999	0.15697759660367802
214.641	0.15697759660367802
214.785	0.15697759660367802
214.928	0.15697759660367802
215.072	0.15697759660367802
215.216	0.15697759660367802
215.35999999999999	0.15697759660367802
215.503	0.15697759660367802
215.647	0.15697759660367802
215.791	0.15697759660367802
215.935	0.15697759660367802
216.079	0.15697759660367802
216.22299999999998	0.15697759660367802
216.36599999999999	0.15697759660367802
216.51	0.15697854823105123
216.654	0.1569804514857977
216.798	0.1569804514857977
216.942	0.1569814031131709
217.08599999999998	0.1569814031131709
217.22899999999998	0.1569814031131709
217.373	0.1569814031131709
217.516	0.15698283055423073
217.66	0.15698473380897715
217.804	0.15698473380897715
217.948	0.15698473380897715
218.091	0.15698330636791732
218.23499999999999	0.15698330636791732
218.379	0.15698330636791732
218.523	0.15698330636791732
218.666	0.15698330636791732
218.81	0.15698330636791732
218.954	0.15698473380897715
219.09799999999998	0.15698473380897715
219.24099999999999	0.15698473380897715
219.385	0.15698473380897715
219.529	0.15698663706372357
219.673	0.15699044357321643
219.817	0.15699329845533608
219.96099999999998	0.1569937742690227
220.10399999999998	0.1569947258963959
220.248	0.15699567752376914
220.392	0.15699615333745576
220.536	0.15699615333745576
220.679	0.15699805659220217
220.823	0.15699805659220217
220.96699999999998	0.15699805659220217
221.111	0.1570004356606352
221.254	0.1570004356606352
221.398	0.1570004356606352
221.542	0.1570004356606352
221.686	0.15699805659220217
221.82999999999998	0.15699805659220217
221.975	0.1570004356606352
222.117	0.1570004356606352
222.261	0.15700186310169506
222.405	0.15700186310169506
222.548	0.15700186310169506
222.692	0.15700186310169506
222.83599999999998	0.15700186310169506
222.98	0.15700186310169506
223.123	0.15700186310169506
223.267	0.15700186310169506
223.411	0.1570032905427549
223.555	0.1570032905427549
223.698	0.1570047179838147
223.84199999999998	0.1570051937975013
223.986	0.1570051937975013
224.13	0.1570051937975013
224.274	0.1570051937975013
224.417	0.1570051937975013
224.561	0.1570051937975013
224.70499999999998	0.1570047179838147
224.849	0.1570047179838147
224.993	0.1570047179838147
225.136	0.1570047179838147
225.28	0.1570051937975013
225.424	0.1570061454248745
225.56799999999998	0.15700804867962095
225.71099999999998	0.15700804867962095
225.855	0.15700900030699416
225.999	0.15700900030699416
226.143	0.15700900030699416
226.287	0.15700947612068078
226.43	0.1570099519343674
226.57399999999998	0.1570099519343674
226.718	0.15701090356174058
226.861	0.15701090356174058
227.005	0.15701185518911379
227.149	0.15701185518911379
227.293	0.15701185518911379
227.436	0.15701185518911379
227.581	0.15701185518911379
227.727	0.1570123310028004
227.868	0.15701185518911379
228.011	0.1570123310028004
228.156	0.1570123310028004
228.299	0.1570123310028004
228.44299999999998	0.1570123310028004
228.587	0.15701185518911379
228.731	0.15701185518911379
228.875	0.1570123310028004
229.018	0.15701375844386023
229.162	0.15701471007123347
229.30599999999998	0.15701613751229326
229.44899999999998	0.15701613751229326
229.593	0.1570175649533531
229.737	0.1570175649533531
229.881	0.1570180407670397
230.02599999999998	0.15701851658072633
230.16899999999998	0.15701851658072633
230.313	0.15701851658072633
230.457	0.15701851658072633
230.601	0.15701946820809953
230.744	0.15702327471759242
230.888	0.15702327471759242
231.03199999999998	0.15702327471759242
231.176	0.1570266054133987
231.319	0.1570266054133987
231.464	0.15702708122708528
231.607	0.15702708122708528
231.751	0.15702708122708528
231.894	0.1570280328544585
232.039	0.15702708122708528
232.182	0.15702708122708528
232.326	0.15702708122708528
232.47	0.15702708122708528
232.614	0.1570280328544585
232.757	0.15702708122708528
232.90099999999998	0.1570280328544585
233.045	0.1570280328544585
233.189	0.15702708122708528
233.332	0.15702708122708528
233.476	0.15702708122708528
233.62	0.1570280328544585
233.76399999999998	0.15702708122708528
233.908	0.15702708122708528
234.051	0.1570266054133987
234.195	0.15702708122708528
234.339	0.15702708122708528
234.483	0.1570280328544585
234.626	0.1570294602955183
234.76999999999998	0.1570280328544585
234.914	0.15702708122708528
235.057	0.15702708122708528
235.201	0.1570266054133987
235.345	0.1570266054133987
235.489	0.1570266054133987
235.63299999999998	0.15702327471759242
235.777	0.1570266054133987
235.92	0.15702708122708528
236.064	0.15702708122708528
236.208	0.15702708122708528
236.352	0.15702708122708528
236.495	0.15702708122708528
236.63899999999998	0.15702708122708528
236.783	0.15702708122708528
236.927	0.1570280328544585
237.071	0.1570294602955183
237.214	0.15702993610920493
237.358	0.15702993610920493
237.50199999999998	0.15702993610920493
237.646	0.15702993610920493
237.789	0.15703088773657814
237.933	0.15703183936395138
238.077	0.15703183936395138
238.221	0.15703183936395138
238.364	0.15703183936395138
238.50799999999998	0.15703183936395138
238.652	0.157032315177638
238.796	0.157034694246071
238.939	0.15703707331450403
239.083	0.15703754912819065
239.227	0.15703707331450403
239.37099999999998	0.15703707331450403
239.51399999999998	0.15703707331450403
239.659	0.15703754912819065
239.802	0.15703754912819065
239.946	0.15703754912819065
240.089	0.15703754912819065
240.234	0.15703754912819065
240.37699999999998	0.15703850075556386
240.521	0.1570399281966237
240.665	0.15703850075556386
240.809	0.15703850075556386
240.952	0.15703850075556386
241.096	0.15703754912819065
241.23999999999998	0.15703754912819065
241.384	0.15703850075556386
241.528	0.15703850075556386
241.671	0.15703850075556386
241.815	0.15703850075556386
241.959	0.1570394523829371
242.103	0.1570399281966237
242.24599999999998	0.1570399281966237
242.39	0.1570404040103103
242.534	0.1570404040103103
242.68099999999998	0.1570404040103103
242.82	0.1570413556376835
242.965	0.1570413556376835
243.109	0.15704230726505672
243.253	0.1570413556376835
243.396	0.15704230726505672
243.54	0.1570413556376835
243.684	0.1570404040103103
243.828	0.1570404040103103
243.972	0.1570404040103103
244.11499999999998	0.1570404040103103
244.259	0.1570404040103103
244.403	0.1570413556376835
244.547	0.1570413556376835
244.691	0.1570404040103103
244.834	0.1570399281966237
244.978	0.1570394523829371
245.12199999999999	0.15703850075556386
245.266	0.15703850075556386
245.409	0.15703850075556386
245.553	0.15703754912819065
245.697	0.15703754912819065
245.841	0.15703754912819065
245.98499999999999	0.15703754912819065
246.128	0.15703754912819065
246.272	0.15703754912819065
246.416	0.15703754912819065
246.559	0.15703850075556386
246.703	0.15703850075556386
246.847	0.15703850075556386
246.99099999999999	0.15703850075556386
247.134	0.15703850075556386
247.279	0.1570394523829371
247.422	0.1570399281966237
247.567	0.1570399281966237
247.71	0.1570399281966237
247.855	0.1570399281966237
247.998	0.1570399281966237
248.142	0.1570394523829371
248.286	0.1570394523829371
248.43	0.1570394523829371
248.573	0.15703850075556386
248.71699999999998	0.15703754912819065
248.861	0.15703754912819065
249.005	0.15703754912819065
249.149	0.15703754912819065
249.292	0.15703754912819065
249.436	0.15703754912819065
249.57999999999998	0.15703754912819065
249.724	0.15703754912819065
249.867	0.15703754912819065
250.011	0.15703754912819065
250.155	0.15703754912819065
250.299	0.15703754912819065
250.442	0.15703754912819065
250.58599999999998	0.15703707331450403
250.73	0.15703707331450403
250.874	0.15703707331450403
251.017	0.1570356458734442
251.161	0.15703707331450403
251.305	0.15703754912819065
251.44899999999998	0.15703707331450403
251.59199999999998	0.15703707331450403
251.737	0.15703707331450403
251.88	0.15703707331450403
252.024	0.15703707331450403
252.168	0.15703707331450403
252.31199999999998	0.15703754912819065
252.45499999999998	0.15703754912819065
252.599	0.15703754912819065
252.743	0.15703754912819065
252.887	0.15703754912819065
253.03	0.15703754912819065
253.174	0.15703754912819065
253.31799999999998	0.15703754912819065
253.462	0.15703850075556386
253.605	0.15703850075556386
253.749	0.15703754912819065
253.893	0.15703754912819065
254.037	0.15703754912819065
254.18099999999998	0.15703707331450403
254.32399999999998	0.15703707331450403
254.468	0.1570356458734442
254.612	0.157034694246071
254.756	0.157034694246071
254.9	0.1570337426186978
255.043	0.1570337426186978
255.18699999999998	0.15703279099132458
255.32999999999998	0.1570337426186978
255.475	0.157034694246071
255.618	0.157034694246071
255.76199999999997	0.1570337426186978
255.90599999999998	0.15703279099132458
256.05	0.15703279099132458
256.19300000000004	0.1570337426186978
256.33700000000005	0.1570337426186978
256.48100000000005	0.1570337426186978
256.625	0.157034694246071
256.769	0.157034694246071
256.913	0.157034694246071
257.05600000000004	0.1570337426186978
257.20000000000005	0.1570337426186978
257.34400000000005	0.1570337426186978
257.487	0.1570337426186978
257.63100000000003	0.1570337426186978
257.778	0.1570337426186978
257.91900000000004	0.1570337426186978
258.062	0.1570337426186978
258.206	0.1570337426186978
258.35	0.15703279099132458
258.494	0.157032315177638
258.637	0.15703183936395138
258.781	0.15703088773657814
258.925	0.15702993610920493
259.069	0.15702993610920493
259.21200000000005	0.15702993610920493
259.35600000000005	0.15702993610920493
259.5	0.15702993610920493
259.644	0.15702993610920493
259.788	0.15702993610920493
259.932	0.15702993610920493
260.076	0.15702993610920493
260.22	0.15702993610920493
260.363	0.15702993610920493
260.507	0.15702993610920493
260.65000000000003	0.15702993610920493
260.79400000000004	0.15702993610920493
260.93800000000005	0.1570294602955183
261.08200000000005	0.1570294602955183
261.226	0.1570294602955183
261.369	0.1570280328544585
261.51300000000003	0.1570280328544585
261.65700000000004	0.1570280328544585
261.80100000000004	0.1570280328544585
261.944	0.1570280328544585
262.088	0.1570280328544585
262.232	0.1570280328544585
262.37600000000003	0.15702708122708528
262.519	0.15702708122708528
262.663	0.15702708122708528
262.807	0.15702708122708528
262.951	0.1570266054133987
263.09400000000005	0.1570266054133987
263.23900000000003	0.15702327471759242
263.382	0.15702041983547277
263.526	0.15701946820809953
263.67	0.15701851658072633
263.814	0.15701851658072633
263.95700000000005	0.15701851658072633
264.101	0.15701851658072633
264.245	0.1570180407670397
264.389	0.1570180407670397
264.53200000000004	0.1570180407670397
264.67600000000004	0.1570180407670397
264.82000000000005	0.1570180407670397
264.96500000000003	0.1570180407670397
265.108	0.1570180407670397
265.252	0.1570175649533531
265.396	0.1570175649533531
265.54	0.1570175649533531
265.684	0.1570175649533531
265.827	0.1570175649533531
265.971	0.1570175649533531
266.115	0.1570175649533531
266.25800000000004	0.1570175649533531
266.40200000000004	0.1570175649533531
266.54600000000005	0.15701613751229326
266.69	0.15701375844386023
266.833	0.15701280681648702
266.978	0.1570123310028004
267.12100000000004	0.15701185518911379
267.26500000000004	0.15701090356174058
267.40900000000005	0.15700947612068078
267.553	0.15700900030699416
267.696	0.15700804867962095
267.84000000000003	0.15700804867962095
267.98400000000004	0.1570047179838147
268.12800000000004	0.15700186310169506
268.271	0.1569999598469486
268.415	0.1569999598469486
268.559	0.15699758077851556
268.70300000000003	0.15699758077851556
268.84700000000004	0.15699758077851556
268.99	0.15699662915114235
269.134	0.15699520171008252
269.278	0.1569937742690227
269.422	0.1569937742690227
269.565	0.1569937742690227
269.709	0.1569937742690227
269.853	0.15699187101427625
269.997	0.15698854031846998
270.14000000000004	0.15698711287741016
270.28400000000005	0.15698568543635033
270.428	0.15698330636791732
270.572	0.15697854823105126
270.71500000000003	0.15697426590787178
270.85900000000004	0.15697426590787178
271.00300000000004	0.15697379009418516
271.14700000000005	0.15697379009418516
271.29	0.15697379009418516
271.435	0.15697379009418516
271.57800000000003	0.15697283846681193
271.72200000000004	0.15697141102575213
271.86600000000004	0.15697141102575213
272.01000000000005	0.15697141102575213
272.153	0.15697141102575213
272.297	0.15697093521206554
272.44100000000003	0.15696855614363248
272.58500000000004	0.15696617707519941
272.73100000000005	0.15696855614363248
272.872	0.15697093521206554
273.016	0.15697093521206554
273.16	0.15697141102575213
273.30400000000003	0.15697283846681193
273.447	0.15697379009418516
273.591	0.15697379009418516
273.735	0.15697379009418516
273.879	0.15697283846681193
274.02200000000005	0.15697141102575213
274.166	0.15697093521206554
274.31	0.1569699835846923
274.45300000000003	0.15696760451625924
274.598	0.15696760451625924
274.74100000000004	0.15696760451625924
274.88500000000005	0.15696760451625924
275.028	0.1569699835846923
275.173	0.15697093521206554
275.31600000000003	0.15697093521206554
275.46000000000004	0.15697093521206554
275.60400000000004	0.15697093521206554
275.74800000000005	0.15697093521206554
275.891	0.15697093521206554
276.035	0.15697093521206554
276.17900000000003	0.15697093521206554
276.32300000000004	0.15697093521206554
276.46700000000004	0.15697141102575213
276.61	0.15697141102575213
276.754	0.15697141102575213
276.898	0.15697093521206554
277.04200000000003	0.15697093521206554
277.185	0.15697093521206554
277.329	0.15697093521206554
277.473	0.1569699835846923
277.617	0.1569699835846923
277.76000000000005	0.1569699835846923
277.904	0.15696760451625924
278.048	0.15696760451625924
278.192	0.15696760451625924
278.33500000000004	0.15696760451625924
278.47900000000004	0.15696760451625924
278.62300000000005	0.15696760451625924
278.767	0.15696760451625924
278.911	0.15696760451625924
279.05400000000003	0.15696760451625924
279.19800000000004	0.15696760451625924
279.34200000000004	0.15696760451625924
279.485	0.15696760451625924
279.63	0.15696760451625924
279.773	0.15696903195731907
279.91700000000003	0.15696903195731907
280.06100000000004	0.15696903195731907
280.20500000000004	0.15696903195731907
280.348	0.15696903195731907
280.492	0.15696903195731907
280.636	0.15696760451625924
280.78000000000003	0.15696760451625924
280.923	0.15696760451625924
281.067	0.15696760451625924
281.211	0.15696903195731907
281.355	0.1569699835846923
281.499	0.1569699835846923
281.642	0.1569699835846923
281.786	0.1569699835846923
281.93	0.1569699835846923
282.074	0.1569699835846923
282.21700000000004	0.1569699835846923
282.36100000000005	0.15697093521206554
282.50600000000003	0.15697093521206554
282.649	0.15697093521206554
282.79400000000004	0.15697093521206554
282.937	0.1569699835846923
283.081	0.1569699835846923
283.225	0.1569699835846923
283.369	0.1569699835846923
283.512	0.1569699835846923
283.656	0.1569699835846923
283.8	0.1569699835846923
283.944	0.1569699835846923
284.088	0.15697093521206554
284.23100000000005	0.15697093521206554
284.375	0.15697093521206554
284.519	0.15697093521206554
284.663	0.15697093521206554
284.80600000000004	0.15697093521206554
284.95000000000005	0.15697093521206554
285.09400000000005	0.15697141102575213
285.238	0.15697283846681193
285.38100000000003	0.15697379009418516
285.52500000000003	0.15697426590787178
285.66900000000004	0.15697426590787178
285.81300000000005	0.15697426590787178
285.956	0.15697426590787178
286.1	0.15697426590787178
286.244	0.15697426590787178
286.38800000000003	0.15697426590787178
286.531	0.15697426590787178
286.675	0.15697426590787178
286.819	0.1569761691626182
286.963	0.1569761691626182
287.10600000000005	0.15697426590787178
287.25100000000003	0.15697283846681193
287.394	0.15697283846681193
287.538	0.15697283846681193
287.684	0.15697283846681193
287.826	0.15697426590787178
287.96900000000005	0.15697426590787178
288.113	0.15697426590787178
288.257	0.15697426590787178
288.401	0.15697426590787178
288.54400000000004	0.15697426590787178
288.68800000000005	0.1569761691626182
288.833	0.1569761691626182
288.976	0.1569747417215584
289.119	0.1569747417215584
289.26300000000003	0.1569747417215584
289.40700000000004	0.1569747417215584
289.55100000000004	0.1569747417215584
289.69500000000005	0.1569761691626182
289.838	0.1569761691626182
289.982	0.1569761691626182
290.12600000000003	0.15697854823105123
290.27000000000004	0.1569761691626182
290.413	0.1569761691626182
290.557	0.1569761691626182
290.701	0.1569747417215584
290.845	0.1569747417215584
290.988	0.1569747417215584
291.132	0.1569761691626182
291.276	0.1569761691626182
291.42	0.15697854823105123
291.564	0.1569809272994843
291.708	0.1569809272994843
291.851	0.1569809272994843
291.995	0.1569809272994843
292.139	0.1569809272994843
292.283	0.1569809272994843
292.42600000000004	0.1569809272994843
292.57000000000005	0.1569809272994843
292.714	0.1569809272994843
292.858	0.15698330636791732
293.00100000000003	0.15698330636791732
293.14500000000004	0.15698330636791732
293.28900000000004	0.15698330636791732
293.43300000000005	0.15698330636791732
293.576	0.1569809272994843
293.72	0.1569809272994843
293.86400000000003	0.15698330636791732
294.00800000000004	0.15698568543635033
294.151	0.15698568543635033
294.295	0.15698568543635033
294.439	0.15698758869109677
294.583	0.15698758869109677
294.726	0.15698758869109677
294.87	0.1569880645047834
295.014	0.15698758869109677
295.158	0.1569880645047834
295.30100000000004	0.1569880645047834
295.446	0.15699091938690304
295.589	0.15699091938690304
295.733	0.15699091938690304
295.877	0.15699520171008252
296.021	0.15699520171008252
296.16400000000004	0.15699520171008252
296.30800000000005	0.15699520171008252
296.452	0.15699520171008252
296.596	0.15699520171008252
296.74	0.15699520171008252
296.88300000000004	0.15699520171008252
297.02700000000004	0.15699520171008252
297.17100000000005	0.15699520171008252
297.315	0.15699520171008252
297.458	0.15699662915114235
297.60200000000003	0.15699662915114235
297.74600000000004	0.15699520171008252
297.89000000000004	0.15699662915114235
298.033	0.15699805659220217
298.177	0.15699805659220217
298.321	0.1570004356606352
298.46500000000003	0.15700281472906827
298.608	0.15700566961118792
298.752	0.15700852449330757
298.896	0.15701280681648705
299.04	0.15701661332597988
299.18300000000005	0.1570180407670397
299.327	0.15701851658072633
299.471	0.15701851658072633
299.615	0.15701851658072633
299.759	0.15701946820809953
299.904	0.15702041983547277
300.047	0.15702184727653257
300.19100000000003	0.157023750531279
300.33500000000004	0.15702422634496563
300.47900000000004	0.15702517797233884
300.622	0.15702612959971207
300.766	0.15702755704077187
300.91	0.15702755704077187
301.05400000000003	0.15702755704077187
301.19800000000004	0.1570294602955183
301.341	0.15702993610920493
301.485	0.15702993610920493
301.629	0.15702993610920493
301.773	0.15703136355026476
301.916	0.15703136355026476
302.06	0.15703136355026476
302.204	0.15702993610920493
302.34700000000004	0.1570294602955183
302.49100000000004	0.15702993610920493
302.63500000000005	0.15702993610920493
302.781	0.15702993610920493
302.923	0.15702993610920493
303.067	0.15702993610920493
303.211	0.15702993610920493
303.355	0.15702993610920493
303.497	0.15702993610920493
303.642	0.1570294602955183
303.785	0.1570294602955183
303.92900000000003	0.1570294602955183
304.07300000000004	0.15702993610920493
304.21700000000004	0.15703136355026476
304.36	0.15703136355026476
304.504	0.15703136355026476
304.648	0.1570294602955183
304.79200000000003	0.1570294602955183
304.935	0.15703136355026476
305.079	0.15703279099132458
305.223	0.15703279099132458
305.367	0.15703279099132458
305.511	0.1570337426186978
305.654	0.1570337426186978
305.798	0.1570337426186978
305.942	0.1570356458734442
306.086	0.1570356458734442
306.22900000000004	0.15703659750081742
306.37300000000005	0.15703945238293707
306.517	0.15703659750081742
306.661	0.15703659750081742
306.80400000000003	0.15703659750081742
306.94800000000004	0.1570356458734442
307.09200000000004	0.15703659750081742
307.23600000000005	0.15703945238293707
307.38	0.15704278307874334
307.524	0.15704421051980316
307.66700000000003	0.1570451621471764
307.81100000000004	0.15704563796086302
307.954	0.15704706540192281
308.09900000000005	0.15704801702929602
308.242	0.15704801702929602
308.386	0.15704801702929602
308.53000000000003	0.15704801702929602
308.67400000000004	0.15704801702929602
308.817	0.15704801702929602
308.961	0.15704801702929602
309.105	0.15704849284298264
309.249	0.15704992028404247
309.39300000000003	0.1570508719114157
309.536	0.15704992028404247
309.68	0.1570508719114157
309.824	0.1570508719114157
309.968	0.1570508719114157
310.11100000000005	0.15705134772510232
310.255	0.1570518235387889
310.399	0.1570518235387889
310.543	0.1570518235387889
310.68600000000004	0.15705277516616212
310.83000000000004	0.15705420260722194
310.97400000000005	0.15705467842090856
311.118	0.15705467842090856
311.262	0.1570575333030282
311.40500000000003	0.1570575333030282
311.54900000000004	0.15706038818514786
311.69300000000004	0.15706133981252107
311.83700000000005	0.1570622914398943
311.98	0.15706324306726752
312.12600000000003	0.15706419469464072
312.26800000000003	0.15706419469464072
312.41200000000003	0.15706419469464072
312.55600000000004	0.15706467050832734
312.699	0.15706609794938714
312.843	0.1570689528315068
312.987	0.1570689528315068
313.13100000000003	0.15707228352731306
313.274	0.1570737109683729
313.418	0.1570737109683729
313.562	0.1570746625957461
313.706	0.15707609003680595
313.84900000000005	0.15707656585049254
313.993	0.15707751747786575
314.137	0.1570789449189256
314.281	0.15708084817367202
314.42400000000004	0.15708084817367202
314.56800000000004	0.15708227561473184
314.71200000000005	0.15708227561473184
314.85600000000005	0.15708227561473184
314.999	0.15708322724210505
315.14300000000003	0.1570846546831649
315.28700000000003	0.1570846546831649
315.43100000000004	0.1570851304968515
315.57500000000005	0.1570851304968515
315.71900000000005	0.1570851304968515
315.862	0.1570851304968515
316.00600000000003	0.1570860821242247
316.15000000000003	0.15708846119265774
316.29400000000004	0.15708846119265774
316.43800000000005	0.15709036444740418
316.58200000000005	0.15709274351583724
316.725	0.15709464677058366
316.869	0.15709464677058366
317.01300000000003	0.15709464677058366
317.156	0.15709464677058366
317.3	0.15709464677058366
317.44500000000005	0.15709512258427027
317.589	0.1570970258390167
317.735	0.1570970258390167
317.87600000000003	0.15709845328007652
318.02000000000004	0.15709845328007652
318.16400000000004	0.15709845328007652
318.307	0.15709988072113634
318.451	0.157102735603256
318.595	0.15710416304431582
318.73900000000003	0.15710416304431582
318.882	0.15710511467168903
319.026	0.15710606629906226
319.17	0.15710654211274888
319.314	0.15710796955380868
319.458	0.15710939699486853
319.601	0.15710939699486853
319.745	0.15710939699486853
319.889	0.15710939699486853
320.033	0.15710987280855512
320.177	0.15710987280855512
320.32000000000005	0.15710987280855512
320.464	0.15711130024961495
320.608	0.15711272769067477
320.752	0.15711272769067477
320.89500000000004	0.15711367931804798
321.03900000000004	0.15711367931804798
321.18300000000005	0.15711463094542122
321.327	0.15711463094542122
321.471	0.15711463094542122
321.61400000000003	0.15711463094542122
321.75800000000004	0.15711510675910784
321.90200000000004	0.15711510675910784
322.045	0.15711510675910784
322.189	0.15711558257279443
322.333	0.15711653420016763
322.47700000000003	0.15711748582754081
322.62100000000004	0.15711748582754081
322.76500000000004	0.15711891326860067
322.908	0.15711891326860067
323.052	0.15711891326860067
323.196	0.1571203407096605
323.34000000000003	0.1571203407096605
323.483	0.1571212923370337
323.627	0.1571203407096605
323.771	0.1571212923370337
323.915	0.15712271977809353
324.05800000000005	0.15712319559178012
324.202	0.15712319559178012
324.346	0.15712414721915335
324.49	0.1571250988465266
324.634	0.1571255746602132
324.77700000000004	0.1571260504738998
324.92100000000005	0.157127002101273
325.065	0.15712795372864624
325.209	0.15712795372864624
325.35200000000003	0.15712795372864624
325.49600000000004	0.15712938116970607
325.64000000000004	0.1571312844244525
325.78400000000005	0.1571327118655123
325.927	0.15713366349288554
326.071	0.15713366349288554
326.21500000000003	0.15713413930657216
326.35900000000004	0.15713413930657216
326.502	0.15713556674763196
326.646	0.1571365183750052
326.79	0.1571365183750052
326.934	0.1571365183750052
327.07800000000003	0.1571365183750052
327.22200000000004	0.1571365183750052
327.365	0.15713699418869181
327.509	0.1571365183750052
327.653	0.1571365183750052
327.797	0.1571365183750052
327.94	0.1571365183750052
328.084	0.15713699418869181
328.228	0.15713699418869181
328.372	0.15713699418869181
328.516	0.1571374700023784
328.65900000000005	0.1571384216297516
328.803	0.15713937325712485
328.947	0.15713937325712485
329.091	0.15713937325712485
329.23400000000004	0.15713984907081147
329.37800000000004	0.15714127651187126
329.52200000000005	0.15714270395293106
329.666	0.15714413139399092
329.809	0.15714413139399092
329.95300000000003	0.15714413139399092
330.09700000000004	0.15714413139399092
330.24100000000004	0.15714508302136412
330.384	0.1571455588350507
330.528	0.1571455588350507
330.672	0.1571455588350507
330.81600000000003	0.1571455588350507
330.96000000000004	0.15714603464873733
331.10400000000004	0.1571455588350507
331.247	0.15714603464873733
331.391	0.15714603464873733
331.535	0.15714603464873733
331.67900000000003	0.15714603464873733
331.82300000000004	0.15714603464873733
331.966	0.15714603464873733
332.10900000000004	0.15714603464873733
332.254	0.15714698627611057
332.39700000000005	0.15714698627611057
332.541	0.15714698627611057
332.68800000000005	0.15714698627611057
332.829	0.1571493653445436
332.973	0.1571493653445436
333.11600000000004	0.15715174441297663
333.26000000000005	0.15715269604034987
333.404	0.1571531718540365
333.547	0.15715364766772308
333.67600000000004	0.15715364766772308
333.819	0.1571545992950963
333.963	0.1571555509224695
334.10600000000005	0.1571555509224695
334.25100000000003	0.1571555509224695
334.394	0.1571545992950963
334.538	0.1571545992950963
334.68100000000004	0.1571545992950963
334.826	0.1571555509224695
334.97	0.15715697836352932
335.11400000000003	0.1571588816182758
335.25800000000004	0.1571588816182758
335.40200000000004	0.1571588816182758
335.545	0.1571588816182758
335.689	0.15715935743196238
335.833	0.1571588816182758
335.97700000000003	0.15715697836352932
336.12100000000004	0.1571555509224695
336.264	0.1571545992950963
336.408	0.1571545992950963
336.552	0.15715364766772308
336.696	0.15715364766772308
336.839	0.15715364766772308
336.983	0.15715364766772308
337.127	0.15715364766772308
337.271	0.1571545992950963
337.41400000000004	0.1571545992950963
337.55800000000005	0.1571545992950963
337.702	0.1571555509224695
337.846	0.1571555509224695
337.99	0.1571555509224695
338.134	0.1571555509224695
338.27700000000004	0.15715697836352932
338.42100000000005	0.15715697836352932
338.565	0.15715697836352932
338.709	0.15715697836352932
338.85200000000003	0.15715697836352932
338.99600000000004	0.15715697836352932
339.14000000000004	0.1571588816182758
339.283	0.15715935743196238
339.427	0.15715935743196238
339.571	0.15715935743196238
339.71500000000003	0.1571607848730222
339.85900000000004	0.15716363975514186
340.002	0.1571660188235749
340.146	0.1571660188235749
340.29	0.15716744626463475
340.434	0.15716744626463475
340.577	0.15716887370569455
340.721	0.15716887370569455
340.865	0.15716982533306775
341.009	0.15716982533306775
341.15200000000004	0.15717030114675434
341.29600000000005	0.1571717285878142
341.44	0.1571726802151874
341.584	0.1571726802151874
341.72700000000003	0.157173156028874
341.87100000000004	0.1571736318425606
342.01500000000004	0.15717458346993385
342.15900000000005	0.15717458346993385
342.303	0.15717458346993385
342.447	0.15717553509730706
342.59000000000003	0.15717553509730706
342.73400000000004	0.15717553509730706
342.87800000000004	0.15717648672468026
343.02200000000005	0.15717791416574012
343.165	0.15717934160679992
343.309	0.15718076904785974
343.45300000000003	0.15718219648891957
343.59700000000004	0.15718219648891957
343.74	0.15718362392997942
343.884	0.157184099743666
344.028	0.157184099743666
344.172	0.157184099743666
344.31600000000003	0.157184099743666
344.459	0.157184099743666
344.603	0.15718505137103922
344.747	0.15718600299841243
344.891	0.15718600299841243
345.03400000000005	0.15718647881209905
345.178	0.15718695462578566
345.322	0.15718790625315887
345.466	0.15718933369421872
345.60900000000004	0.15718980950790531
345.75300000000004	0.15719076113527852
345.89700000000005	0.15719171276265173
346.041	0.15719171276265173
346.184	0.15719171276265173
346.329	0.15719171276265173
346.47200000000004	0.15719171276265173
346.61600000000004	0.15719171276265173
346.76000000000005	0.15719171276265173
346.904	0.15719171276265173
347.047	0.15719218857633832
347.19100000000003	0.15719218857633832
347.33500000000004	0.15719266439002494
347.47900000000004	0.15719361601739817
347.622	0.1571959950858312
347.76800000000003	0.15719789834057762
347.91	0.15719837415426424
348.05400000000003	0.15720075322269728
348.19800000000004	0.15720075322269728
348.341	0.15720408391850355
348.485	0.15720503554587675
348.629	0.15720503554587675
348.773	0.15720551135956337
348.916	0.15720598717325
349.06	0.1572069388006232
349.204	0.1572069388006232
349.34700000000004	0.15720836624168305
349.49100000000004	0.1572112211238027
349.63500000000005	0.15721360019223574
349.779	0.15721407600592235
349.922	0.15721550344698215
350.067	0.15721788251541519
350.21000000000004	0.15721978577016166
350.35400000000004	0.15722026158384825
350.497	0.15722026158384825
350.642	0.15722168902490807
350.785	0.15722311646596787
350.92900000000003	0.1572240680933411
351.07300000000004	0.1572254955344009
351.21700000000004	0.15722597134808752
351.36100000000005	0.15722597134808752
351.504	0.15722597134808752
351.648	0.15722597134808752
351.79200000000003	0.1572254955344009
351.93600000000004	0.15722597134808752
352.079	0.15722597134808752
352.223	0.15722597134808752
352.368	0.15722597134808752
352.512	0.15722597134808752
352.65500000000003	0.15722597134808752
352.79900000000004	0.15722597134808752
352.94500000000005	0.15722597134808752
353.08700000000005	0.15722597134808752
353.23	0.15722597134808752
353.374	0.15722692297546076
353.51800000000003	0.15722787460283397
353.66200000000003	0.15722787460283397
353.805	0.1572293020438938
353.949	0.15723215692601344
354.093	0.15723358436707327
354.237	0.15723358436707327
354.38	0.15723453599444648
354.524	0.15723453599444648
354.668	0.1572369150628795
354.812	0.15723834250393937
354.956	0.15723834250393937
355.1	0.15723881831762598
355.243	0.15723881831762598
355.387	0.15723881831762598
355.531	0.15723834250393937
355.675	0.15723881831762598
355.81800000000004	0.1572407215723724
355.96200000000005	0.15724214901343223
356.10600000000005	0.15724310064080543
356.25	0.15724405226817867
356.394	0.1572469071502983
356.53700000000003	0.15725023784610453
356.68100000000004	0.15725071365979115
356.82500000000005	0.1572516652871644
356.96900000000005	0.15725452016928404
357.112	0.1572573750514037
357.25600000000003	0.15726118156089655
357.40000000000003	0.15726118156089655
357.543	0.15726118156089655
357.687	0.15726118156089655
357.831	0.15726118156089655
357.975	0.15726118156089655
358.119	0.1572640364430162
358.26300000000003	0.1572640364430162
358.406	0.1572640364430162
358.55	0.15726641551144926
358.694	0.1572687945798823
358.838	0.1572687945798823
358.98100000000005	0.15726927039356892
359.125	0.1572697462072555
359.269	0.15727069783462871
359.413	0.15727164946200195
359.557	0.15727164946200195
359.70000000000005	0.15727307690306175
359.84400000000005	0.15727450434412155
359.988	0.15727450434412155
360.132	0.15727450434412155
360.27500000000003	0.1572759317851814
360.41900000000004	0.15727735922624123
360.56300000000005	0.15727783503992782
360.70700000000005	0.15727926248098764
360.85	0.15728021410836085
360.994	0.15728021410836085
361.13800000000003	0.1572816415494207
361.28200000000004	0.15728306899048053
361.42600000000004	0.15728497224522697
361.569	0.15728782712734662
361.713	0.15728877875471983
361.857	0.15728973038209304
362.0	0.1572911578231529
362.144	0.1572911578231529
362.288	0.1572911578231529
362.432	0.1572911578231529
362.576	0.1572911578231529
362.723	0.1572930610778993
362.863	0.1572973434010788
363.007	0.15730162572425826
363.151	0.15730162572425826
363.295	0.1573044806063779
363.43800000000005	0.1573044806063779
363.58200000000005	0.15730733548849754
363.726	0.15730876292955737
363.87	0.15731019037061716
364.014	0.1573125694390502
364.15700000000004	0.15731352106642343
364.30100000000004	0.15731352106642343
364.44500000000005	0.15731352106642343
364.589	0.15731732757591632
364.732	0.1573211340854092
364.87600000000003	0.15732160989909583
365.02000000000004	0.15732351315384224
365.16400000000004	0.15732494059490207
365.307	0.15732494059490207
365.451	0.15732731966333507
365.595	0.15733017454545473
365.73900000000003	0.15733065035914134
365.882	0.15733160198651458
366.026	0.1573325536138878
366.17	0.15733302942757438
366.314	0.15733302942757438
366.458	0.157333505241261
366.601	0.15733445686863423
366.745	0.15733445686863423
366.889	0.15733683593706727
367.033	0.1573382633781271
367.177	0.15733873919181368
367.32000000000005	0.1573430215149932
367.464	0.15734682802448605
367.608	0.1573496829066057
367.752	0.15735253778872535
367.89500000000004	0.15735396522978518
368.03900000000004	0.15735539267084497
368.18300000000005	0.15735539267084497
368.327	0.1573568201119048
368.47	0.15735919918033786
368.61400000000003	0.15736015080771107
368.75800000000004	0.1573615782487709
368.90200000000004	0.1573634815035173
369.045	0.15736490894457716
369.189	0.15736633638563696
369.333	0.15736681219932358
369.47700000000003	0.15736776382669682
369.62	0.15736871545407002
369.764	0.15737109452250306
369.90900000000005	0.15737394940462268
370.053	0.15737870754148878
370.196	0.15738441730572808
370.341	0.1573896512562808
370.48400000000004	0.15739393357946024
370.62800000000004	0.15739440939314686
370.77200000000005	0.1573967884615799
370.916	0.157401546598446
371.06	0.15740440148056561
371.20300000000003	0.15740630473531206
371.34700000000004	0.15740868380374512
371.49100000000004	0.15741439356798442
371.634	0.15742438565540318
371.778	0.15743104704701572
371.922	0.15743247448807554
372.06600000000003	0.15743342611544875
372.21000000000004	0.15743485355650855
372.353	0.15743532937019517
372.497	0.15743532937019517
372.641	0.15743628099756837
372.785	0.15743628099756837
372.928	0.1574415149481211
373.072	0.15744865215342022
373.216	0.1574534102902863
373.36	0.15745626517240596
373.50300000000004	0.15745721679977917
373.64700000000005	0.15745816842715238
373.791	0.15746197493664524
373.935	0.15746530563245148
374.07800000000003	0.1574657814461381
374.223	0.1574667330735113
374.367	0.1574676847008845
374.51000000000005	0.1574676847008845
374.654	0.15746958795563096
374.797	0.15746958795563096
374.942	0.1574724428377506
375.086	0.1574724428377506
375.22900000000004	0.1574724428377506
375.37300000000005	0.1574724428377506
375.516	0.15747624934724347
375.66	0.15748195911148277
375.80400000000003	0.15748481399360245
375.94800000000004	0.15748719306203546
376.091	0.15749099957152832
376.235	0.15749385445364797
376.379	0.1574952818947078
376.523	0.15749670933576762
376.66700000000003	0.15749861259051406
376.81	0.15750004003157386
376.954	0.15750432235475337
377.098	0.15750860467793287
377.242	0.1575109837463659
377.38500000000005	0.15751479025585874
377.529	0.1575176451379784
377.673	0.15751907257903822
377.819	0.15752145164747128
377.961	0.15752430652959093
378.10400000000004	0.15752620978433735
378.24800000000005	0.15752668559802396
378.392	0.15752811303908376
378.536	0.1575304921075168
378.67900000000003	0.15753191954857665
378.82300000000004	0.15753239536226327
378.96700000000004	0.1575338228033231
379.11400000000003	0.15753905675387578
379.255	0.15754429070442846
379.398	0.15754666977286153
379.54200000000003	0.15754809721392132
379.68600000000004	0.15755000046866777
379.83000000000004	0.1575514279097276
379.973	0.1575514279097276
380.117	0.1575514279097276
380.261	0.1575514279097276
380.40500000000003	0.15755380697816063
380.548	0.15755618604659366
380.692	0.15755666186028028
380.836	0.15755951674239993
380.98	0.15756189581083296
381.12300000000005	0.15756237162451958
381.27200000000005	0.157564274879266
381.411	0.15756570232032582
381.555	0.15756808138875888
381.69800000000004	0.15757188789825174
381.84200000000004	0.15757426696668478
381.98600000000005	0.1575795009172375
382.13	0.1575795009172375
382.273	0.1575852106814768
382.418	0.1575852106814768
382.56100000000004	0.1575871139362232
382.70500000000004	0.1575871139362232
382.84900000000005	0.15758758974990983
382.993	0.15758758974990983
383.136	0.15758758974990983
383.28000000000003	0.15758854137728306
383.42400000000004	0.1575909204457161
383.56800000000004	0.1575923478867759
383.71200000000005	0.1575928237004625
383.855	0.15759329951414908
383.999	0.15759567858258214
384.14300000000003	0.15760043671944823
384.28700000000003	0.15760567067000092
384.43	0.1576090013658072
384.574	0.1576094771794938
384.718	0.15761042880686701
384.862	0.15761185624792684
385.005	0.15761185624792684
385.149	0.1576132836889867
385.293	0.1576132836889867
385.437	0.1576132836889867
385.581	0.1576132836889867
385.72400000000005	0.1576147111300465
385.868	0.1576151869437331
386.012	0.1576151869437331
386.156	0.15761613857110632
386.29900000000004	0.15761709019847953
386.44300000000004	0.15761709019847953
386.58700000000005	0.15761756601216612
386.73100000000005	0.1576180418258527
386.875	0.1576180418258527
387.01800000000003	0.1576180418258527
387.16200000000003	0.1576180418258527
387.30600000000004	0.1576180418258527
387.451	0.1576180418258527
387.59400000000005	0.15761899345322594
387.73900000000003	0.15761899345322594
387.882	0.15761994508059915
388.026	0.15761994508059915
388.16900000000004	0.15761994508059915
388.31300000000005	0.15761994508059915
388.45700000000005	0.15762042089428577
388.601	0.1576218483353456
388.744	0.15762422740377863
388.88800000000003	0.15762565484483845
389.03200000000004	0.15762565484483845
389.17600000000004	0.15762660647221166
389.32000000000005	0.15762803391327151
389.464	0.15762946135433134
389.607	0.15763041298170455
389.75100000000003	0.15763041298170455
389.89500000000004	0.157632316236451
390.03900000000004	0.15763517111857064
390.182	0.15763659855963047
390.326	0.15763802600069027
390.47	0.15763945344175012
390.61400000000003	0.15764230832386977
390.757	0.1576451632059894
390.901	0.1576451632059894
391.045	0.15764563901967601
391.189	0.15764563901967601
391.333	0.1576427841375564
391.476	0.1576427841375564
391.62	0.1576427841375564
391.764	0.1576427841375564
391.908	0.1576427841375564
392.05100000000004	0.1576427841375564
392.19500000000005	0.1576427841375564
392.339	0.15763945344175012
392.483	0.15763945344175012
392.62600000000003	0.15763945344175012
392.77200000000005	0.15763945344175012
392.91400000000004	0.15763945344175012
393.05800000000005	0.15763945344175012
393.201	0.15763945344175012
393.345	0.1576389776280635
393.48900000000003	0.1576389776280635
393.63300000000004	0.1576389776280635
393.776	0.1576389776280635
393.92100000000005	0.1576389776280635
394.064	0.1576389776280635
394.208	0.1576389776280635
394.35200000000003	0.1576389776280635
394.49600000000004	0.1576389776280635
394.639	0.15763945344175012
394.783	0.15764230832386977
394.927	0.1576451632059894
395.071	0.1576451632059894
395.21500000000003	0.15764230832386977
395.358	0.15763945344175012
395.502	0.15763945344175012
395.646	0.15763945344175012
395.79	0.15763945344175012
395.93300000000005	0.15763945344175012
396.077	0.15763945344175012
396.221	0.15763945344175012
396.365	0.15763945344175012
396.50800000000004	0.15763945344175012
396.65200000000004	0.15763945344175012
396.79600000000005	0.15763945344175012
396.939	0.15763945344175012
397.084	0.15763802600069027
397.22700000000003	0.15763802600069027
397.37100000000004	0.15763802600069027
397.51500000000004	0.15763802600069027
397.65900000000005	0.15763945344175012
397.802	0.15763945344175012
397.946	0.15763945344175012
398.09000000000003	0.15763945344175012
398.23400000000004	0.15763945344175012
398.37800000000004	0.15763945344175012
398.521	0.15764230832386977
398.665	0.1576451632059894
398.809	0.1576451632059894
398.95300000000003	0.15764563901967601
399.096	0.15764706646073584
399.24	0.15764801808810908
399.384	0.15764801808810908
399.528	0.15764849390179567
399.67100000000005	0.15764849390179567
399.815	0.15764849390179567
399.959	0.15764944552916887
400.103	0.1576508729702287
400.24600000000004	0.1576508729702287
400.39000000000004	0.15765325203866176
400.53400000000005	0.15765325203866176
400.678	0.15765325203866176
400.821	0.15765801017552783
400.96500000000003	0.1576613408713341
401.10900000000004	0.1576618166850207
401.25300000000004	0.1576618166850207
401.39700000000005	0.15766419575345375
401.541	0.15766657482188678
401.684	0.1576670506355734
401.82800000000003	0.1576684780766332
401.97200000000004	0.15766942970400644
402.11600000000004	0.15766990551769305
402.26000000000005	0.15767038133137967
402.403	0.15767038133137967
402.547	0.15767038133137967
402.69100000000003	0.15767180877243947
402.83500000000004	0.15767466365455912
402.978	0.15767751853667877
403.122	0.15767751853667877
403.266	0.1576798976051118
403.41	0.15768084923248502
403.553	0.15768180085985822
403.69800000000004	0.15768322830091808
403.84200000000004	0.1576837041146047
403.985	0.1576846557419779
404.12800000000004	0.1576846557419779
404.27200000000005	0.1576846557419779
404.416	0.1576846557419779
404.56	0.1576846557419779
404.70300000000003	0.1576846557419779
404.848	0.1576846557419779
404.992	0.1576846557419779
405.136	0.1576856073693511
405.28000000000003	0.15768703481041094
405.42400000000004	0.15768988969253062
405.567	0.15769131713359044
405.711	0.15769131713359044
405.855	0.15769131713359044
405.99800000000005	0.15769131713359044
406.142	0.15769131713359044
406.286	0.15769274457465027
406.43	0.15769464782939668
406.574	0.1576965510841431
406.71700000000004	0.15769893015257613
406.86100000000005	0.15770035759363596
407.005	0.15770083340732258
407.149	0.15770178503469579
407.293	0.15770178503469579
407.43600000000004	0.15770178503469579
407.58000000000004	0.15770273666206902
407.726	0.15770321247575564
407.867	0.15770368828944223
408.011	0.15770368828944223
408.15500000000003	0.15770368828944223
408.29900000000004	0.15770463991681544
408.442	0.15770559154418864
408.586	0.15770559154418864
408.73	0.15770559154418864
408.874	0.15770559154418864
409.017	0.15770606735787526
409.16200000000003	0.15770654317156188
409.305	0.1577074947989351
409.449	0.1577074947989351
409.593	0.15770654317156188
409.737	0.15770654317156188
409.88	0.1577074947989351
410.024	0.1577074947989351
410.16700000000003	0.15770987386736812
410.312	0.15771225293580116
410.45500000000004	0.1577132045631744
410.59900000000005	0.1577132045631744
410.743	0.15771463200423425
410.887	0.15771463200423425
411.031	0.15771653525898066
411.17400000000004	0.15771701107266725
411.31800000000004	0.15771701107266725
411.46200000000005	0.15771701107266725
411.60600000000005	0.15771796270004046
411.749	0.1577189143274137
411.89300000000003	0.1577189143274137
412.03700000000003	0.1577189143274137
412.18100000000004	0.1577189143274137
412.324	0.1577189143274137
412.468	0.1577189143274137
412.612	0.1577189143274137
412.75600000000003	0.1577193901411003
412.899	0.15772081758216017
413.043	0.1577193901411003
413.187	0.1577189143274137
413.331	0.15771796270004046
413.475	0.15771701107266725
413.619	0.15771701107266725
413.762	0.15771701107266725
413.906	0.15771701107266725
414.05	0.15771701107266725
414.194	0.15771701107266725
414.33700000000005	0.15771701107266725
414.48100000000005	0.15771701107266725
414.625	0.15771701107266725
414.769	0.15771701107266725
414.91200000000003	0.15771701107266725
415.05600000000004	0.15771701107266725
415.20000000000005	0.15771653525898066
415.34400000000005	0.15771463200423425
415.488	0.1577132045631744
415.63100000000003	0.1577132045631744
415.77500000000003	0.1577132045631744
415.91900000000004	0.1577132045631744
416.06300000000005	0.1577132045631744
416.206	0.157713680376861
416.35	0.157713680376861
416.494	0.15771510781792086
416.63800000000003	0.15771653525898066
416.78200000000004	0.15771701107266725
416.925	0.15771701107266725
417.069	0.15771701107266725
417.213	0.15771701107266725
417.357	0.15771701107266725
417.5	0.15771701107266725
417.644	0.15771701107266725
417.78900000000004	0.15771701107266725
417.932	0.15771701107266725
418.07500000000005	0.15771701107266725
418.22	0.15771701107266725
418.363	0.15771796270004046
418.507	0.15771796270004046
418.651	0.15771796270004046
418.79400000000004	0.15771796270004046
418.93800000000005	0.15771796270004046
419.08200000000005	0.15771796270004046
419.226	0.15771796270004046
419.369	0.15771796270004046
419.51300000000003	0.1577189143274137
419.65700000000004	0.1577193901411003
419.80100000000004	0.15772081758216017
419.944	0.15772081758216017
420.088	0.1577193901411003
420.232	0.1577189143274137
420.37600000000003	0.1577193901411003
420.519	0.1577193901411003
420.663	0.1577193901411003
420.807	0.1577193901411003
420.951	0.1577193901411003
421.09400000000005	0.1577193901411003
421.23900000000003	0.1577193901411003
421.382	0.1577193901411003
421.526	0.1577193901411003
421.66900000000004	0.1577193901411003
421.81300000000005	0.1577193901411003
421.95700000000005	0.1577193901411003
422.101	0.1577193901411003
422.245	0.15772081758216017
422.39000000000004	0.15772081758216017
422.533	0.15772176920953337
422.677	0.15772176920953337
422.82500000000005	0.15772176920953337
422.96500000000003	0.15772176920953337
423.10900000000004	0.15772176920953337
423.252	0.15772176920953337
423.396	0.15772319665059317
423.54	0.15772319665059317
423.684	0.15772319665059317
423.827	0.15772319665059317
423.971	0.15772319665059317
424.115	0.15772509990533956
424.259	0.15772509990533956
424.40200000000004	0.15772509990533956
424.54600000000005	0.15772557571902618
424.69	0.15772700316008603
424.833	0.15772938222851907
424.978	0.15773033385589227
425.12100000000004	0.15773033385589227
425.26500000000004	0.15773080966957886
425.40900000000005	0.15773271292432534
425.553	0.15773509199275837
425.696	0.15773604362013158
425.84000000000003	0.15773604362013158
425.98400000000004	0.15773699524750479
426.12800000000004	0.15773794687487802
426.27200000000005	0.15773794687487802
426.415	0.15773699524750479
426.559	0.15773699524750479
426.70300000000003	0.15773699524750479
426.84700000000004	0.15773699524750479
426.99	0.15773794687487802
427.134	0.15773794687487802
427.278	0.15773699524750479
427.422	0.15773794687487802
427.565	0.15773937431593787
427.709	0.15774222919805753
427.853	0.15773937431593787
427.997	0.15773937431593787
428.14000000000004	0.15773794687487802
428.28400000000005	0.15773794687487802
428.428	0.15773699524750479
428.572	0.15773699524750479
428.71500000000003	0.15773699524750479
428.85900000000004	0.15773699524750479
429.00300000000004	0.15773699524750479
429.14700000000005	0.15773794687487802
429.29	0.15773937431593787
429.435	0.15774080175699767
429.57800000000003	0.15774365663911732
429.72200000000004	0.15774365663911732
429.865	0.15774413245280394
430.01000000000005	0.15774413245280394
430.153	0.15774413245280394
430.297	0.15774413245280394
430.44100000000003	0.15774413245280394
430.58500000000004	0.15774460826649056
430.728	0.15774413245280394
430.872	0.15774365663911732
431.016	0.15774365663911732
431.16	0.15774080175699767
431.30400000000003	0.15773794687487802
431.447	0.15773699524750479
431.591	0.15773509199275837
431.735	0.15773509199275837
431.879	0.15773509199275837
432.02200000000005	0.15773366455169854
432.166	0.15773366455169854
432.31	0.15773223711063872
432.454	0.15773223711063872
432.598	0.15773366455169854
432.74100000000004	0.15773509199275837
432.88500000000005	0.15773699524750479
433.028	0.15773794687487802
433.173	0.15773937431593787
433.31600000000003	0.15774222919805753
433.46000000000004	0.15774365663911732
433.60400000000004	0.15774365663911732
433.74800000000005	0.15774413245280394
433.891	0.15774460826649056
434.035	0.15774460826649056
434.17900000000003	0.15774460826649056
434.32300000000004	0.15774460826649056
434.466	0.1577455598938638
434.61	0.1577455598938638
434.754	0.157746511521237
434.898	0.157746511521237
435.04200000000003	0.157746511521237
435.185	0.15774793896229683
435.329	0.15774984221704322
435.473	0.15775126965810304
435.617	0.15775222128547625
435.76000000000005	0.15775222128547625
435.904	0.15775364872653608
436.048	0.15775650360865573
436.192	0.15775650360865573
436.33500000000004	0.15775793104971556
436.47900000000004	0.15775840686340217
436.62300000000005	0.157759834304462
436.767	0.157759834304462
436.91	0.15776078593183523
437.05400000000003	0.15776078593183523
437.19800000000004	0.15776078593183523
437.34200000000004	0.15776078593183523
437.485	0.15776078593183523
437.63	0.15776126174552182
437.77500000000003	0.15776268918658165
437.91700000000003	0.15776364081395486
438.06100000000004	0.15776364081395486
438.20500000000004	0.15776364081395486
438.348	0.15776506825501468
438.492	0.15776506825501468
438.636	0.15776506825501468
438.78000000000003	0.15776649569607454
438.923	0.15776506825501468
439.067	0.15776649569607454
439.211	0.15776649569607454
439.355	0.15776506825501468
439.499	0.15776364081395486
439.642	0.15776268918658165
439.78700000000003	0.15776268918658165
439.93100000000004	0.15776268918658165
440.07500000000005	0.15776268918658165
440.218	0.15776126174552182
440.362	0.15776078593183523
440.50600000000003	0.15776078593183523
440.65000000000003	0.15776078593183523
440.797	0.15776078593183523
440.937	0.157759834304462
441.081	0.157759834304462
441.225	0.15776078593183523
441.369	0.15776078593183523
441.512	0.15776078593183523
441.656	0.15776078593183523
441.79900000000004	0.15776078593183523
441.944	0.15776078593183523
442.08700000000005	0.15776078593183523
442.23100000000005	0.15776078593183523
442.375	0.15776078593183523
442.519	0.15776078593183523
442.663	0.15776078593183523
442.80600000000004	0.157759834304462
442.95000000000005	0.15775840686340217
443.09400000000005	0.15775793104971556
443.237	0.15775793104971556
443.38100000000003	0.15775793104971556
443.52500000000003	0.15775793104971556
443.66900000000004	0.15775793104971556
443.812	0.15775650360865573
443.95700000000005	0.15775650360865573
444.1	0.15775793104971556
444.244	0.15775793104971556
444.38800000000003	0.15775793104971556
444.53200000000004	0.15775793104971556
444.675	0.15775793104971556
444.819	0.15775793104971556
444.963	0.15775793104971556
445.107	0.15775793104971556
445.25	0.15775793104971556
445.394	0.15775840686340217
445.538	0.157759834304462
445.682	0.15776078593183523
445.82500000000005	0.15776078593183523
445.96900000000005	0.15776078593183523
446.113	0.15776078593183523
446.257	0.15776078593183523
446.401	0.15776078593183523
446.54400000000004	0.15776078593183523
446.68800000000005	0.15776126174552182
446.83200000000005	0.15776268918658165
446.976	0.15776364081395486
447.119	0.15776506825501468
447.26300000000003	0.15776649569607454
447.40700000000004	0.15776744732344775
447.55100000000004	0.15776887476450757
447.69500000000005	0.15776935057819416
447.838	0.15777030220556737
447.982	0.1577712538329406
448.12600000000003	0.15777172964662722
448.269	0.15777315708768705
448.413	0.15777458452874688
448.557	0.15777601196980667
448.701	0.15777696359717988
448.84400000000005	0.15777601196980667
448.98900000000003	0.15777601196980667
449.132	0.15777601196980667
449.276	0.1577750603424335
449.42	0.1577750603424335
449.564	0.15777601196980667
449.70700000000005	0.15777601196980667
449.851	0.15777696359717988
449.995	0.1577774394108665
450.139	0.1577774394108665
450.28200000000004	0.1577774394108665
450.42600000000004	0.15777886685192632
450.57000000000005	0.15777886685192632
450.714	0.15777981847929956
450.857	0.15777981847929956
451.00100000000003	0.15777981847929956
451.14500000000004	0.15778029429298615
451.28900000000004	0.15778029429298615
451.43300000000005	0.15778077010667274
451.576	0.15778077010667274
451.72	0.15778077010667274
451.86400000000003	0.1577821975477326
452.00800000000004	0.1577821975477326
452.15200000000004	0.15778077010667274
452.295	0.15778077010667274
452.439	0.15778077010667274
452.583	0.1577821975477326
452.73100000000005	0.15778362498879242
452.87	0.15778505242985225
453.014	0.1577879073119719
453.158	0.15779028638040493
453.30100000000004	0.15779123800777817
453.44500000000005	0.15779409288989782
453.589	0.15779409288989782
453.733	0.15779409288989782
453.877	0.15779409288989782
454.021	0.15779266544883797
454.16400000000004	0.15779123800777817
454.30800000000005	0.15779266544883797
454.452	0.15779552033095762
454.596	0.15779789939939065
454.73900000000003	0.1577993268404505
454.88300000000004	0.1578007542815103
455.02700000000004	0.15780170590888354
455.17100000000005	0.15780360916362995
455.314	0.15780551241837637
455.458	0.15780551241837637
455.60200000000003	0.1578064640457496
455.74600000000004	0.15780741567312281
455.889	0.15780741567312281
456.033	0.15780741567312281
456.177	0.15780789148680943
456.321	0.15780836730049605
456.46500000000003	0.15780836730049605
456.60900000000004	0.15780789148680943
456.752	0.15780741567312281
456.896	0.15780741567312281
457.04	0.1578064640457496
457.184	0.15780551241837637
457.32800000000003	0.15780551241837637
457.47200000000004	0.15780551241837637
457.61600000000004	0.1578064640457496
457.76000000000005	0.15780741567312281
457.903	0.15780789148680943
458.047	0.15780789148680943
458.19100000000003	0.15780789148680943
458.33500000000004	0.15780789148680943
458.47900000000004	0.15780789148680943
458.622	0.15780789148680943
458.766	0.15780836730049605
458.90900000000005	0.15780789148680943
459.05400000000003	0.15780789148680943
459.197	0.15780789148680943
459.341	0.15780741567312281
459.485	0.1578064640457496
459.629	0.15780551241837637
459.77200000000005	0.1578064640457496
459.916	0.15780789148680943
460.06	0.15780836730049605
460.204	0.15780836730049605
460.34700000000004	0.15780836730049605
460.49100000000004	0.15780836730049605
460.63500000000005	0.15780836730049605
460.779	0.15780836730049605
460.923	0.15780836730049605
461.067	0.15780836730049605
461.21000000000004	0.15780836730049605
461.35400000000004	0.15780836730049605
461.49800000000005	0.15780836730049605
461.642	0.15780836730049605
461.785	0.15780836730049605
461.92900000000003	0.15780836730049605
462.07300000000004	0.15780836730049605
462.21700000000004	0.15780836730049605
462.36	0.15780836730049605
462.504	0.15780836730049605
462.648	0.15780836730049605
462.79200000000003	0.15780836730049605
462.935	0.15780836730049605
463.079	0.15780836730049605
463.223	0.15780931892786926
463.367	0.15780931892786926
463.511	0.15780931892786926
463.65500000000003	0.1578107463689291
463.798	0.1578121738099889
463.942	0.15781360125104874
464.086	0.15781407706473535
464.22900000000004	0.15781407706473535
464.37300000000005	0.15781407706473535
464.517	0.15781502869210856
464.661	0.15781502869210856
464.805	0.15781502869210856
464.94800000000004	0.15781502869210856
465.09200000000004	0.15781502869210856
465.23600000000005	0.15781502869210856
465.379	0.15781645613316841
465.523	0.15781645613316841
465.66700000000003	0.15781645613316841
465.81100000000004	0.15781645613316841
465.954	0.1578178835742282
466.09900000000005	0.15782026264266125
466.242	0.1578216900837211
466.386	0.1578226417110943
466.53000000000003	0.15782359333846752
466.67400000000004	0.15782359333846752
466.81800000000004	0.15782359333846752
466.961	0.15782359333846752
467.105	0.1578226417110943
467.249	0.1578226417110943
467.392	0.1578216900837211
467.536	0.1578216900837211
467.68	0.1578216900837211
467.827	0.15782026264266125
467.96700000000004	0.15782026264266125
468.11100000000005	0.15782026264266125
468.255	0.15782026264266125
468.399	0.15782026264266125
468.543	0.15782026264266125
468.68600000000004	0.1578178835742282
468.83000000000004	0.15781645613316841
468.97400000000005	0.15781502869210856
469.118	0.15781407706473535
469.262	0.15781502869210856
469.40500000000003	0.15781502869210856
469.54900000000004	0.15781502869210856
469.69300000000004	0.15781407706473535
469.83700000000005	0.15781264962367553
469.98	0.1578107463689291
470.124	0.1578107463689291
470.26800000000003	0.15780931892786926
470.41200000000003	0.15780931892786926
470.55600000000004	0.1578107463689291
470.699	0.1578107463689291
470.843	0.15781264962367553
470.987	0.15781264962367553
471.13100000000003	0.15781407706473535
471.274	0.15781407706473535
471.418	0.15781407706473535
471.562	0.15781502869210856
471.706	0.15781645613316841
471.85	0.1578178835742282
471.993	0.15782026264266125
472.137	0.1578216900837211
472.281	0.1578226417110943
472.42400000000004	0.15782359333846752
472.56800000000004	0.15782359333846752
472.71200000000005	0.15782359333846752
472.85600000000005	0.15782359333846752
472.999	0.1578226417110943
473.144	0.15782026264266125
473.28700000000003	0.15782026264266125
473.43100000000004	0.15782026264266125
473.57500000000005	0.1578178835742282
473.71900000000005	0.1578178835742282
473.862	0.15782026264266125
474.00600000000003	0.1578226417110943
474.15000000000003	0.15782359333846752
474.29400000000004	0.15782406915215413
474.437	0.15782454496584072
474.581	0.15782597240690055
474.725	0.15782454496584072
474.87	0.15782406915215413
475.01300000000003	0.15782359333846752
475.15700000000004	0.15782359333846752
475.30100000000004	0.1578226417110943
475.44500000000005	0.1578226417110943
475.589	0.1578226417110943
475.732	0.1578226417110943
475.87600000000003	0.1578226417110943
476.02000000000004	0.15782359333846752
476.16400000000004	0.15782406915215413
476.30800000000005	0.15782406915215413
476.451	0.15782406915215413
476.595	0.15782597240690055
476.73900000000003	0.15782597240690055
476.88300000000004	0.15782835147533358
477.026	0.15782597240690055
477.17	0.15782406915215413
477.314	0.15782406915215413
477.45700000000005	0.15782406915215413
477.586	0.15782406915215413
477.72900000000004	0.15782406915215413
477.87300000000005	0.15782597240690055
478.017	0.15782835147533358
478.161	0.15782930310270682
478.30400000000003	0.15782930310270682
478.44800000000004	0.15782930310270682
478.59200000000004	0.15782930310270682
478.73600000000005	0.15782930310270682
478.879	0.15782930310270682
479.023	0.15782977891639344
479.16700000000003	0.15783025473008003
479.31100000000004	0.15783025473008003
479.454	0.15783025473008003
479.598	0.15783025473008003
479.742	0.15783025473008003
479.886	0.1578326337985131
480.029	0.15783548868063274
480.173	0.15783691612169254
480.317	0.15783691612169254
480.461	0.15783548868063274
480.605	0.1578326337985131
480.749	0.15783025473008003
480.892	0.15782977891639344
481.036	0.15782977891639344
481.18	0.15783025473008003
481.324	0.1578326337985131
481.46700000000004	0.1578326337985131
481.61100000000005	0.1578326337985131
481.755	0.1578326337985131
481.899	0.1578326337985131
482.04200000000003	0.1578326337985131
482.18600000000004	0.1578326337985131
482.33000000000004	0.15783548868063274
482.47400000000005	0.15783691612169254
482.618	0.1578397710038122
482.762	0.1578397710038122
482.90500000000003	0.1578397710038122
483.04900000000004	0.15784262588593184
483.19300000000004	0.15784500495436488
483.336	0.15784643239542473
483.48	0.15784643239542473
483.624	0.15784643239542473
483.76800000000003	0.15784643239542473
483.91200000000003	0.15784785983648453
484.055	0.15785023890491756
484.199	0.1578511905322908
484.343	0.1578511905322908
484.48600000000005	0.15785023890491756
484.63	0.15785023890491756
484.774	0.15784785983648453
484.918	0.15784785983648453
485.062	0.15784785983648453
485.206	0.15784785983648453
485.34900000000005	0.15784785983648453
485.493	0.15784643239542473
485.637	0.15784643239542473
485.781	0.15784500495436488
485.92400000000004	0.15784357751330505
486.06800000000004	0.15784262588593184
486.21200000000005	0.15784262588593184
486.35600000000005	0.1578397710038122
486.499	0.15783644030800592
486.64300000000003	0.1578397710038122
486.78700000000003	0.15784262588593184
486.93100000000004	0.15784262588593184
487.074	0.1578397710038122
487.218	0.1578397710038122
487.362	0.15784262588593184
487.50600000000003	0.15784357751330505
487.65000000000003	0.15784357751330505
487.79400000000004	0.15784357751330505
487.937	0.15784357751330505
488.081	0.15784262588593184
488.225	0.15784357751330505
488.368	0.15784357751330505
488.512	0.15784357751330505
488.656	0.15784262588593184
488.8	0.15784262588593184
488.944	0.15784262588593184
489.08700000000005	0.15784262588593184
489.23100000000005	0.15784357751330505
489.375	0.15784357751330505
489.519	0.15784357751330505
489.663	0.15784357751330505
489.80600000000004	0.15784500495436488
489.95000000000005	0.15784690820911135
490.093	0.15784500495436488
490.238	0.15784357751330505
490.38100000000003	0.15784262588593184
490.52500000000003	0.15784357751330505
490.66900000000004	0.15784500495436488
490.81300000000005	0.15784690820911135
490.95700000000005	0.15784690820911135
491.1	0.15784690820911135
491.244	0.15784690820911135
491.38800000000003	0.15784690820911135
491.531	0.15784833565017115
491.675	0.15785023890491756
491.819	0.15785023890491756
491.963	0.1578511905322908
492.10600000000005	0.1578511905322908
492.252	0.15785166634597741
492.39500000000004	0.15785166634597741
492.53900000000004	0.15785166634597741
492.68300000000005	0.1578511905322908
492.826	0.1578511905322908
492.97	0.15785166634597741
493.11400000000003	0.15785309378703724
493.25800000000004	0.15785309378703724
493.40200000000004	0.15785309378703724
493.545	0.15785309378703724
493.689	0.15785452122809707
493.833	0.15785594866915686
493.97700000000003	0.15785690029653007
494.12	0.15785737611021666
494.264	0.15785785192390328
494.408	0.15785785192390328
494.552	0.15785785192390328
494.696	0.15785785192390328
494.839	0.15785785192390328
494.983	0.15785785192390328
495.127	0.15785785192390328
495.271	0.15785785192390328
495.41400000000004	0.15785737611021666
495.55800000000005	0.15785690029653007
495.702	0.15785690029653007
495.846	0.15785594866915686
495.99	0.15785452122809707
496.13300000000004	0.15785594866915686
496.27700000000004	0.15785594866915686
496.42100000000005	0.15785594866915686
496.565	0.15785690029653007
496.709	0.15785737611021666
496.85200000000003	0.15785785192390328
496.99600000000004	0.15785785192390328
497.139	0.15785880355127652
497.28400000000005	0.15785880355127652
497.427	0.15785880355127652
497.571	0.15786023099233637
497.71500000000003	0.15785880355127652
497.86100000000005	0.15785880355127652
498.002	0.15785785192390328
498.146	0.15785785192390328
498.29	0.15785785192390328
498.434	0.15785785192390328
498.577	0.15785785192390328
498.721	0.15785785192390328
498.865	0.15785785192390328
499.009	0.15785737611021666
499.15200000000004	0.15785785192390328
499.29600000000005	0.15785880355127652
499.44	0.15785880355127652
499.584	0.15786023099233637
499.728	0.15786023099233637
499.87100000000004	0.15785880355127652
500.01500000000004	0.15786023099233637
500.15900000000005	0.15785880355127652
500.303	0.15785880355127652
500.447	0.15785880355127652
500.59000000000003	0.15785880355127652
500.73400000000004	0.15786023099233637
500.87800000000004	0.15786070680602296
501.02200000000005	0.15786070680602296
501.165	0.15786070680602296
501.309	0.15786070680602296
501.45300000000003	0.15786070680602296
501.596	0.15786165843339617
501.74	0.15786165843339617
501.884	0.15786070680602296
502.028	0.15786070680602296
502.17100000000005	0.15786070680602296
502.31600000000003	0.15786070680602296
502.459	0.15786070680602296
502.603	0.15786070680602296
502.747	0.15786070680602296
502.891	0.15786165843339617
503.03400000000005	0.15786165843339617
503.178	0.15786165843339617
503.322	0.15786165843339617
503.466	0.15786165843339617
503.60900000000004	0.15786070680602296
503.75300000000004	0.15786070680602296
503.899	0.15786070680602296
504.04200000000003	0.15786070680602296
504.185	0.15786070680602296
504.32800000000003	0.15786070680602296
504.47200000000004	0.15786070680602296
504.61600000000004	0.15786070680602296
504.76000000000005	0.15786165843339617
504.903	0.15786165843339617
505.047	0.15786261006076938
505.19100000000003	0.15786261006076938
505.33500000000004	0.15786261006076938
505.47900000000004	0.15786261006076938
505.622	0.15786261006076938
505.766	0.15786261006076938
505.91	0.15786261006076938
506.05400000000003	0.15786261006076938
506.197	0.15786165843339617
506.341	0.15786165843339617
506.485	0.15786165843339617
506.62800000000004	0.15786070680602296
506.77200000000005	0.15786070680602296
506.916	0.15786070680602296
507.06	0.15786070680602296
507.204	0.15786070680602296
507.348	0.15786070680602296
507.49100000000004	0.15786070680602296
507.63500000000005	0.15786070680602296
507.779	0.15786070680602296
507.923	0.15786070680602296
508.067	0.15786070680602296
508.21000000000004	0.15786070680602296
508.35400000000004	0.15786070680602296
508.49800000000005	0.15786070680602296
508.641	0.15786070680602296
508.785	0.15786070680602296
508.92900000000003	0.15786070680602296
509.07300000000004	0.15786070680602296
509.216	0.15786070680602296
509.36	0.15786165843339617
509.504	0.15786261006076938
509.648	0.157863085874456
509.793	0.15786451331551582
509.93600000000004	0.15786546494288906
510.08000000000004	0.15786689238394885
510.22400000000005	0.15786689238394885
510.368	0.1578687956386953
510.512	0.1578687956386953
510.65500000000003	0.15786689238394885
510.79900000000004	0.15786546494288906
510.94300000000004	0.15786689238394885
511.08700000000005	0.15786689238394885
511.23	0.15786689238394885
511.374	0.15786689238394885
511.51800000000003	0.15786689238394885
511.66200000000003	0.15786689238394885
511.806	0.15786689238394885
511.949	0.1578687956386953
512.093	0.1578687956386953
512.237	0.15787022307975512
512.381	0.15787022307975512
512.524	0.15787022307975512
512.668	0.15787022307975512
512.8149999999999	0.15787117470712836
512.956	0.15787260214818816
513.0989999999999	0.15787260214818816
513.2429999999999	0.15787402958924798
513.387	0.15787402958924798
513.531	0.15787402958924798
513.674	0.1578745054029346
513.818	0.15787593284399443
513.962	0.15787688447136766
514.106	0.15787688447136766
514.2489999999999	0.15787688447136766
514.3929999999999	0.15787688447136766
514.5369999999999	0.15787688447136766
514.6809999999999	0.15787831191242746
514.8249999999999	0.15787831191242746
514.9689999999999	0.15787831191242746
515.112	0.15787831191242746
515.256	0.15787688447136766
515.4	0.15787593284399443
515.543	0.15787593284399443
515.687	0.15787593284399443
515.831	0.15787593284399443
515.975	0.15787593284399443
516.1189999999999	0.15787593284399443
516.262	0.15787593284399443
516.406	0.15787593284399443
516.55	0.15787593284399443
516.694	0.15787593284399443
516.838	0.1578745054029346
516.981	0.15787593284399443
517.125	0.15787688447136766
517.269	0.15787688447136766
517.413	0.15787688447136766
517.557	0.15787688447136766
517.6999999999999	0.15787688447136766
517.8439999999999	0.15787688447136766
517.9879999999999	0.15787831191242746
518.132	0.1578811667945471
518.275	0.15788354586298015
518.419	0.15788449749035335
518.563	0.15788449749035335
518.707	0.15788449749035335
518.85	0.15788449749035335
518.9939999999999	0.15788449749035335
519.1379999999999	0.15788497330403994
519.2819999999999	0.1578864007450998
519.4259999999999	0.157887352372473
519.569	0.157887352372473
519.713	0.157887352372473
519.857	0.157887352372473
520.0	0.157887352372473
520.144	0.1578878281861596
520.288	0.15788925562721945
520.432	0.15789068306827928
520.576	0.1578911588819659
520.7189999999999	0.1578921105093391
520.8629999999999	0.1578921105093391
521.007	0.1578930621367123
521.151	0.1578935379503989
521.294	0.1578935379503989
521.438	0.1578930621367123
521.582	0.1578935379503989
521.726	0.15789401376408552
521.87	0.15789401376408552
522.0129999999999	0.15789401376408552
522.1569999999999	0.15789496539145875
522.3009999999999	0.15789496539145875
522.4449999999999	0.15789496539145875
522.588	0.15789591701883196
522.732	0.1578973444598918
522.876	0.1578973444598918
523.02	0.1578973444598918
523.164	0.1578973444598918
523.307	0.1578987719009516
523.451	0.15789924771463823
523.5949999999999	0.15789924771463823
523.7379999999999	0.15789924771463823
523.8829999999999	0.15789972352832485
524.026	0.15789972352832485
524.17	0.15789924771463823
524.313	0.15789924771463823
524.458	0.15789972352832485
524.601	0.15789924771463823
524.745	0.1578987719009516
524.889	0.1578987719009516
525.033	0.1578987719009516
525.1759999999999	0.15789924771463823
525.3199999999999	0.15789972352832485
525.4639999999999	0.15789972352832485
525.608	0.15789972352832485
525.751	0.15789972352832485
525.895	0.15789972352832485
526.039	0.15789972352832485
526.183	0.15789972352832485
526.326	0.15789972352832485
526.4699999999999	0.15789972352832485
526.6139999999999	0.15789972352832485
526.7579999999999	0.15789972352832485
526.9019999999999	0.15790067515569806
527.045	0.1579016267830713
527.1899999999999	0.1579016267830713
527.334	0.1579016267830713
527.478	0.1579030542241311
527.622	0.1579030542241311
527.7669999999999	0.15790543329256412
527.909	0.15790638491993736
528.053	0.15790638491993736
528.197	0.15790638491993736
528.3399999999999	0.15790638491993736
528.4839999999999	0.15790638491993736
528.6279999999999	0.15790638491993736
528.7719999999999	0.15790638491993736
528.9159999999999	0.15790638491993736
529.06	0.15790638491993736
529.203	0.15790543329256412
529.347	0.1579030542241311
529.491	0.1579016267830713
529.635	0.1579016267830713
529.778	0.15790067515569806
529.9219999999999	0.15790067515569806
530.0659999999999	0.15790067515569806
530.2099999999999	0.15790067515569806
530.353	0.15790067515569806
530.497	0.15790067515569806
530.641	0.1579016267830713
530.785	0.1579016267830713
530.928	0.1579030542241311
531.072	0.15790543329256412
531.216	0.15790638491993736
531.3589999999999	0.15790638491993736
531.504	0.15790638491993736
531.6469999999999	0.15790638491993736
531.7909999999999	0.15790638491993736
531.935	0.15790638491993736
532.079	0.15790638491993736
532.223	0.15790638491993736
532.366	0.15791114305680343
532.51	0.15791685282104273
532.654	0.15791685282104273
532.7969999999999	0.15791685282104273
532.942	0.15791114305680343
533.086	0.15791114305680343
533.2289999999999	0.15791114305680343
533.372	0.15790638491993736
533.516	0.15790638491993736
533.66	0.15790638491993736
533.804	0.15790638491993736
533.948	0.15790638491993736
534.091	0.15790638491993736
534.235	0.15791114305680343
534.379	0.15791114305680343
534.5229999999999	0.15790638491993736
534.6669999999999	0.15790638491993736
534.81	0.15791114305680343
534.954	0.15791685282104273
535.098	0.15791685282104273
535.242	0.15791685282104273
535.385	0.15791685282104273
535.529	0.15791685282104273
535.673	0.15791923188947576
535.8159999999999	0.15792256258528203
535.9599999999999	0.15792446584002845
536.1039999999999	0.1579258932810883
536.2479999999999	0.15792827234952134
536.3919999999999	0.15792969979058116
536.536	0.15793017560426775
536.68	0.157931127231641
536.823	0.1579330304863874
536.967	0.15793398211376064
537.111	0.15793398211376064
537.255	0.15793398211376064
537.3979999999999	0.15793398211376064
537.5419999999999	0.15793398211376064
537.6859999999999	0.15793398211376064
537.829	0.1579330304863874
537.973	0.157931127231641
538.117	0.15793017560426775
538.261	0.15793017560426775
538.404	0.15793017560426775
538.548	0.15792969979058116
538.692	0.15792969979058116
538.836	0.15792969979058116
538.98	0.15792969979058116
539.1239999999999	0.15792969979058116
539.2669999999999	0.15792969979058116
539.411	0.15792969979058116
539.555	0.15793017560426775
539.699	0.157931127231641
539.842	0.1579330304863874
539.986	0.15793398211376064
540.13	0.15793398211376064
540.274	0.1579330304863874
540.4169999999999	0.1579330304863874
540.5609999999999	0.1579330304863874
540.7049999999999	0.15793398211376064
540.8489999999999	0.15793398211376064
540.9929999999999	0.15793398211376064
541.136	0.1579330304863874
541.28	0.1579330304863874
541.424	0.1579330304863874
541.568	0.1579330304863874
541.712	0.15793398211376064
541.855	0.15793398211376064
541.9989999999999	0.1579330304863874
542.1429999999999	0.15793398211376064
542.2869999999999	0.15793398211376064
542.43	0.15793398211376064
542.574	0.15793445792744726
542.718	0.15793493374113385
542.8639999999999	0.15793493374113385
543.005	0.15793493374113385
543.149	0.15793493374113385
543.293	0.15793588536850706
543.437	0.1579382644369401
543.581	0.1579382644369401
543.7239999999999	0.15794016769168653
543.8679999999999	0.15794016769168653
544.012	0.15794016769168653
544.156	0.1579382644369401
544.299	0.15793588536850706
544.443	0.15793493374113385
544.587	0.15793493374113385
544.732	0.15793493374113385
544.875	0.15793493374113385
545.019	0.15793493374113385
545.163	0.15793493374113385
545.307	0.15793493374113385
545.4499999999999	0.15793493374113385
545.5939999999999	0.15793588536850706
545.7379999999999	0.1579382644369401
545.882	0.15794016769168653
546.026	0.15794016769168653
546.17	0.15794064350537315
546.313	0.15794064350537315
546.457	0.15794064350537315
546.601	0.15794016769168653
546.745	0.1579382644369401
546.8879999999999	0.15793588536850706
547.0319999999999	0.15793588536850706
547.1759999999999	0.15793588536850706
547.3199999999999	0.15793588536850706
547.4639999999999	0.15793588536850706
547.607	0.15793588536850706
547.751	0.1579382644369401
547.895	0.15793588536850706
548.038	0.1579382644369401
548.182	0.1579382644369401
548.326	0.1579382644369401
548.4699999999999	0.1579382644369401
548.6139999999999	0.15794016769168653
548.757	0.15794064350537315
548.901	0.15794064350537315
549.045	0.15794207094643298
549.189	0.15794207094643298
549.333	0.15794207094643298
549.476	0.15794207094643298
549.62	0.15794064350537315
549.764	0.15794064350537315
549.9069999999999	0.15794207094643298
550.0509999999999	0.15794349838749278
550.1949999999999	0.157944450014866
550.3389999999999	0.157944450014866
550.482	0.15794730489698566
550.627	0.15795015977910531
550.77	0.15795253884753835
550.914	0.15795253884753835
551.057	0.15795253884753835
551.202	0.15795396628859817
551.3449999999999	0.15795396628859817
551.4889999999999	0.157955393729658
551.6329999999999	0.15795729698440442
551.7769999999999	0.15795872442546427
551.92	0.15795872442546427
552.064	0.15796062768021069
552.208	0.15796062768021069
552.352	0.1579615793075839
552.495	0.15796300674864372
552.639	0.15796443418970355
552.783	0.15796491000339016
552.927	0.15796538581707678
553.0699999999999	0.15796538581707678
553.2149999999999	0.15796538581707678
553.358	0.15796633744445
553.502	0.15796728907182322
553.646	0.15796728907182322
553.79	0.15796728907182322
553.933	0.15796728907182322
554.077	0.15796728907182322
554.221	0.15796728907182322
554.365	0.15796776488550981
554.5079999999999	0.1579682406991964
554.6519999999999	0.1579682406991964
554.7959999999999	0.1579682406991964
554.9399999999999	0.1579682406991964
555.083	0.15796776488550981
555.227	0.15796728907182322
555.371	0.15796633744445
555.514	0.15796538581707678
555.659	0.15796491000339016
555.802	0.15796491000339016
555.9459999999999	0.15796443418970355
556.0899999999999	0.15796491000339016
556.2339999999999	0.15796538581707678
556.3779999999999	0.15796538581707678
556.521	0.15796633744445
556.665	0.15796633744445
556.809	0.15796728907182322
556.953	0.15796728907182322
557.096	0.15796728907182322
557.24	0.15796728907182322
557.384	0.15796776488550981
557.5269999999999	0.15796776488550981
557.6719999999999	0.15796776488550981
557.817	0.1579682406991964
557.959	0.1579682406991964
558.102	0.1579682406991964
558.246	0.1579682406991964
558.39	0.15797061976762944
558.534	0.15797061976762944
558.678	0.15797061976762944
558.822	0.15797061976762944
558.966	0.1579682406991964
559.1089999999999	0.1579682406991964
559.2529999999999	0.1579682406991964
559.3969999999999	0.1579682406991964
559.54	0.1579682406991964
559.684	0.1579682406991964
559.828	0.1579682406991964
559.956	0.15797061976762944
560.0989999999999	0.1579729988360625
560.2429999999999	0.1579729988360625
560.387	0.1579729988360625
560.531	0.1579734746497491
560.675	0.15797537790449553
560.819	0.1579777569729286
560.962	0.1579787086003018
561.106	0.1579787086003018
561.25	0.1579787086003018
561.394	0.1579787086003018
561.5369999999999	0.15797918441398842
561.683	0.15797918441398842
561.826	0.15797918441398842
561.968	0.15797918441398842
562.112	0.15797918441398842
562.257	0.15797918441398842
562.401	0.15797918441398842
562.544	0.15797918441398842
562.689	0.15797918441398842
562.832	0.15797918441398842
562.976	0.1579787086003018
563.12	0.1579787086003018
563.264	0.1579787086003018
563.4069999999999	0.1579777569729286
563.5509999999999	0.1579777569729286
563.6949999999999	0.15797537790449553
563.8389999999999	0.1579734746497491
563.982	0.1579729988360625
564.126	0.1579729988360625
564.27	0.1579734746497491
564.414	0.1579729988360625
564.557	0.1579729988360625
564.701	0.15797061976762944
564.8449999999999	0.15797061976762944
564.9889999999999	0.1579682406991964
565.1329999999999	0.1579682406991964
565.276	0.1579682406991964
565.42	0.1579682406991964
565.564	0.1579682406991964
565.708	0.1579682406991964
565.852	0.1579682406991964
565.995	0.15797061976762944
566.139	0.1579729988360625
566.283	0.1579729988360625
566.427	0.1579734746497491
566.5699999999999	0.15797537790449553
566.7139999999999	0.1579777569729286
566.858	0.1579787086003018
567.001	0.15797918441398842
567.146	0.15797966022767504
567.289	0.15797966022767504
567.433	0.15797966022767504
567.577	0.15798203929610807
567.721	0.1579844183645411
567.8639999999999	0.1579844183645411
568.0079999999999	0.1579844183645411
568.1519999999999	0.1579844183645411
568.2959999999999	0.1579844183645411
568.439	0.15798203929610807
568.583	0.15797966022767504
568.727	0.15797966022767504
568.871	0.15797966022767504
569.014	0.15798203929610807
569.158	0.1579844183645411
569.302	0.1579844183645411
569.4459999999999	0.1579844183645411
569.5889999999999	0.15798203929610807
569.733	0.15797966022767504
569.877	0.15797966022767504
570.021	0.15797966022767504
570.165	0.15797966022767504
570.309	0.15797966022767504
570.452	0.15797966022767504
570.596	0.15797966022767504
570.74	0.15797966022767504
570.884	0.15797966022767504
571.0269999999999	0.15797966022767504
571.1709999999999	0.15798203929610807
571.3149999999999	0.15798203929610807
571.459	0.1579844183645411
571.602	0.1579844183645411
571.746	0.1579844183645411
571.89	0.1579844183645411
572.033	0.1579844183645411
572.178	0.1579844183645411
572.3209999999999	0.1579844183645411
572.4649999999999	0.15798299092348128
572.6089999999999	0.15798061185504825
572.7529999999999	0.15798061185504825
572.8979999999999	0.15798061185504825
573.04	0.15797966022767504
573.184	0.15797966022767504
573.328	0.15797966022767504
573.472	0.15798061185504825
573.615	0.15798061185504825
573.759	0.15797966022767504
573.903	0.15797966022767504
574.0459999999999	0.15797966022767504
574.1899999999999	0.15797966022767504
574.334	0.15797918441398842
574.478	0.15797918441398842
574.621	0.1579787086003018
574.766	0.1579787086003018
574.909	0.1579787086003018
575.053	0.15797918441398842
575.197	0.15797966022767504
575.341	0.15798061185504825
575.4839999999999	0.15797966022767504
575.6279999999999	0.15798061185504825
575.7719999999999	0.15798299092348128
575.9159999999999	0.15798299092348128
576.059	0.15798299092348128
576.204	0.1579844183645411
576.347	0.15798299092348128
576.491	0.15798061185504825
576.634	0.15797966022767504
576.778	0.15797918441398842
576.9219999999999	0.15797918441398842
577.0659999999999	0.1579787086003018
577.2099999999999	0.1579777569729286
577.353	0.1579777569729286
577.497	0.15797680534555536
577.641	0.15797537790449553
577.785	0.1579734746497491
577.929	0.1579729988360625
578.072	0.15797061976762944
578.216	0.15796776488550981
578.36	0.15796728907182322
578.5029999999999	0.15796633744445
578.6469999999999	0.15796538581707678
578.7909999999999	0.15796491000339016
578.935	0.15796443418970355
579.078	0.15796443418970355
579.222	0.15796443418970355
579.366	0.15796491000339016
579.51	0.15796538581707678
579.654	0.15796538581707678
579.799	0.15796538581707678
579.942	0.15796633744445
580.086	0.15796728907182322
580.23	0.15796728907182322
580.3739999999999	0.15796728907182322
580.5169999999999	0.15796728907182322
580.661	0.15796633744445
580.805	0.15796538581707678
580.949	0.15796491000339016
581.092	0.15796443418970355
581.236	0.15796443418970355
581.38	0.15796443418970355
581.524	0.15796443418970355
581.6669999999999	0.15796443418970355
581.8109999999999	0.15796443418970355
581.9549999999999	0.15796443418970355
582.0989999999999	0.15796443418970355
582.2429999999999	0.15796491000339016
582.386	0.15796538581707678
582.53	0.15796633744445
582.674	0.15796633744445
582.818	0.15796633744445
582.961	0.15796728907182322
583.105	0.15796728907182322
583.2489999999999	0.15796776488550981
583.3929999999999	0.15797061976762944
583.5369999999999	0.1579729988360625
583.68	0.1579734746497491
583.824	0.15797537790449553
583.968	0.15797537790449553
584.111	0.15797537790449553
584.255	0.15797537790449553
584.399	0.15797680534555536
584.543	0.15797680534555536
584.6859999999999	0.15797680534555536
584.831	0.1579777569729286
584.975	0.1579782327866152
585.1179999999999	0.1579782327866152
585.262	0.1579782327866152
585.406	0.15797966022767504
585.549	0.15797966022767504
585.693	0.15798061185504825
585.837	0.15798203929610805
585.981	0.15798203929610805
586.1239999999999	0.15798203929610805
586.2679999999999	0.15798203929610805
586.4119999999999	0.15798203929610805
586.5559999999999	0.15798203929610805
586.699	0.15798203929610805
586.843	0.15798203929610805
586.987	0.15798203929610805
587.131	0.15798203929610805
587.275	0.15798203929610805
587.418	0.15798203929610805
587.562	0.1579834667371679
587.706	0.1579834667371679
587.852	0.1579834667371679
587.9939999999999	0.1579844183645411
588.137	0.1579844183645411
588.265	0.1579844183645411
588.409	0.1579844183645411
588.553	0.1579844183645411
588.6959999999999	0.1579844183645411
588.8399999999999	0.15798489417822772
588.9839999999999	0.15798536999191434
589.127	0.15798632161928755
589.2719999999999	0.15798822487403397
589.415	0.1579896523150938
589.559	0.15799155556984024
589.702	0.15799155556984024
589.847	0.15799155556984024
589.99	0.15799155556984024
590.134	0.15799155556984024
590.278	0.15799155556984024
590.4219999999999	0.15799155556984024
590.5659999999999	0.15799298301090003
590.709	0.1579944104519599
590.853	0.1579958378930197
590.997	0.1579944104519599
591.14	0.1579944104519599
591.284	0.1579958378930197
591.428	0.1579958378930197
591.572	0.1579958378930197
591.7149999999999	0.1579958378930197
591.86	0.1579958378930197
592.0029999999999	0.1579944104519599
592.1469999999999	0.1579944104519599
592.2909999999999	0.1579944104519599
592.434	0.15799298301090003
592.578	0.15799298301090003
592.722	0.15799155556984024
592.866	0.1579901281287804
593.01	0.15799155556984024
593.153	0.1579901281287804
593.2969999999999	0.1579896523150938
593.4409999999999	0.1579901281287804
593.5849999999999	0.15799155556984024
593.728	0.15799298301090003
593.872	0.1579944104519599
594.016	0.1579958378930197
594.159	0.15799678952039292
594.304	0.15799916858882596
594.447	0.15800059602988578
594.591	0.1580020234709456
594.735	0.15800392672569205
594.879	0.15800392672569205
595.0219999999999	0.15800392672569205
595.1659999999999	0.1580058299804385
595.312	0.15800392672569205
595.454	0.1580058299804385
595.598	0.1580072574214983
595.741	0.1580072574214983
595.885	0.1580058299804385
596.029	0.15800392672569205
596.1719999999999	0.15800392672569205
596.317	0.1580058299804385
596.4599999999999	0.1580072574214983
596.6039999999999	0.15800820904887153
596.747	0.15800963648993135
596.891	0.15801011230361797
597.035	0.15801011230361797
597.18	0.15801106393099118
597.324	0.15801106393099118
597.468	0.15801106393099118
597.611	0.15801011230361797
597.755	0.15801011230361797
597.899	0.15801011230361797
598.043	0.15801011230361797
598.1859999999999	0.15801011230361797
598.3299999999999	0.15801011230361797
598.4739999999999	0.15801011230361797
598.6179999999999	0.15801011230361797
598.761	0.15801011230361797
598.905	0.15801011230361797
599.049	0.15801106393099118
599.193	0.15801106393099118
599.337	0.15801011230361797
599.48	0.15801011230361797
599.6239999999999	0.15801106393099118
599.7679999999999	0.15801011230361797
599.9119999999999	0.15801106393099118
600.055	0.15801106393099118
600.199	0.15801106393099118
600.343	0.15801106393099118
600.487	0.15801011230361797
600.631	0.15801011230361797
600.774	0.15801011230361797
600.918	0.15800963648993135
601.062	0.15800916067624474
601.2049999999999	0.15800820904887153
601.3489999999999	0.1580072574214983
601.4929999999999	0.1580058299804385
601.637	0.15800392672569205
601.781	0.1580020234709456
601.925	0.1580020234709456
602.068	0.15800059602988578
602.212	0.15800059602988578
602.356	0.15799916858882596
602.5	0.15800059602988578
602.6429999999999	0.15800059602988578
602.789	0.15800059602988578
602.9309999999999	0.15800059602988578
603.0749999999999	0.15800059602988578
603.218	0.15800059602988578
603.362	0.15800059602988578
603.506	0.15800059602988578
603.65	0.15800059602988578
603.793	0.15800059602988578
603.937	0.1580020234709456
604.081	0.15800392672569205
604.225	0.1580058299804385
604.3689999999999	0.1580072574214983
604.5129999999999	0.15800820904887153
604.6569999999999	0.15800820904887153
604.8	0.15800820904887153
604.9449999999999	0.15800820904887153
605.088	0.15800963648993135
605.231	0.15801011230361797
605.375	0.15801011230361797
605.519	0.15801011230361797
605.663	0.15801106393099118
605.8059999999999	0.1580120155583644
605.9499999999999	0.15801249137205098
606.0939999999999	0.15801439462679742
606.2379999999999	0.15801677369523048
606.382	0.15801677369523048
606.525	0.15801677369523048
606.669	0.15801677369523048
606.813	0.15801772532260366
606.957	0.1580201043910367
607.1	0.15802058020472332
607.2439999999999	0.15802153183209655
607.3879999999999	0.15802295927315638
607.5319999999999	0.15802486252790282
607.6759999999999	0.15802628996896265
607.819	0.15802771741002247
607.963	0.1580291448510823
608.107	0.15803057229214212
608.25	0.15803199973320195
608.394	0.15803295136057516
608.538	0.158034378801635
608.682	0.158034378801635
608.8249999999999	0.15803628205638143
608.9699999999999	0.15803770949744123
609.1129999999999	0.15803866112481446
609.257	0.15804008856587426
609.401	0.15804008856587426
609.545	0.15803866112481446
609.688	0.15803866112481446
609.832	0.15803770949744123
609.976	0.15803628205638143
610.12	0.158034378801635
610.2629999999999	0.15803295136057516
610.4069999999999	0.15803199973320195
610.5509999999999	0.15803199973320195
610.6949999999999	0.15803199973320195
610.841	0.15803199973320195
610.982	0.15803199973320195
611.126	0.15803199973320195
611.27	0.15803199973320195
611.414	0.15803199973320195
611.557	0.15803199973320195
611.701	0.15803199973320195
611.8449999999999	0.15803199973320195
611.9889999999999	0.15803199973320195
612.1329999999999	0.15803199973320195
612.276	0.15803199973320195
612.42	0.15803199973320195
612.564	0.15803199973320195
612.708	0.15803199973320195
612.851	0.15803295136057516
612.995	0.15803295136057516
613.139	0.158034378801635
613.2819999999999	0.15803628205638143
613.4259999999999	0.15803770949744123
613.5699999999999	0.15803866112481446
613.7139999999999	0.15804008856587426
613.857	0.1580429434479939
614.002	0.1580429434479939
614.145	0.1580429434479939
614.289	0.1580429434479939
614.433	0.1580429434479939
614.577	0.1580424676343073
614.722	0.1580424676343073
614.865	0.1580481773985466
615.009	0.15805198390803948
615.153	0.15805198390803948
615.2959999999999	0.15805198390803948
615.4399999999999	0.15805198390803948
615.584	0.15805198390803948
615.728	0.15805198390803948
615.872	0.15805198390803948
616.015	0.15805198390803948
616.159	0.15805198390803948
616.303	0.15805198390803948
616.447	0.15805436297647252
616.5899999999999	0.15805626623121893
616.7339999999999	0.15805626623121893
616.8779999999999	0.15805626623121893
617.0219999999999	0.15805626623121893
617.1659999999999	0.15805626623121893
617.309	0.15805626623121893
617.453	0.15805626623121893
617.597	0.15805626623121893
617.741	0.15805436297647252
617.886	0.15805198390803948
618.028	0.1580481773985466
618.1719999999999	0.1580424676343073
618.3149999999999	0.1580424676343073
618.4599999999999	0.1580424676343073
618.6039999999999	0.1580424676343073
618.747	0.1580481773985466
618.891	0.15805198390803948
619.036	0.15805436297647252
619.178	0.15805626623121893
619.323	0.15805912111333859
619.466	0.15805912111333859
619.61	0.15806197599545824
619.7529999999999	0.15806245180914485
619.8969999999999	0.1580634034365181
620.0409999999999	0.15806483087757794
620.185	0.15806483087757794
620.328	0.15806625831863774
620.472	0.15806625831863774
620.616	0.15806625831863774
620.761	0.15806625831863774
620.903	0.15806625831863774
621.0469999999999	0.15806720994601092
621.1909999999999	0.15806720994601092
621.3349999999999	0.15806720994601092
621.4789999999999	0.15806720994601092
621.6229999999999	0.15806720994601092
621.766	0.15806625831863774
621.91	0.15806720994601092
622.054	0.15806768575969754
622.198	0.15806911320075737
622.341	0.1580705406418172
622.485	0.1580705406418172
622.629	0.15807101645550378
622.7729999999999	0.15807101645550378
622.9159999999999	0.158071968082877
623.06	0.15807291971025023
623.204	0.15807434715131005
623.348	0.1580772020334297
623.492	0.15807862947448953
623.635	0.15807958110186277
623.779	0.15808053272923597
623.923	0.15808053272923597
624.067	0.15808100854292256
624.211	0.15808148435660918
624.3539999999999	0.15808243598398242
624.4979999999999	0.15808386342504221
624.6419999999999	0.15808433923872883
624.786	0.15808433923872883
624.929	0.15808814574822172
625.073	0.1580933796987744
625.217	0.15809528295352082
625.36	0.15809671039458062
625.504	0.15809813783564047
625.6479999999999	0.1580995652767003
625.7919999999999	0.15810194434513333
625.9359999999999	0.15810194434513333
626.0799999999999	0.15810194434513333
626.223	0.1581062266683128
626.367	0.1581119364325521
626.511	0.15811479131467177
626.655	0.158115742942045
626.798	0.1581171703831048
626.942	0.15811907363785124
627.086	0.15812145270628428
627.23	0.15812240433365748
627.3739999999999	0.1581228801473441
627.5169999999999	0.15812335596103072
627.661	0.15812430758840393
627.805	0.15812668665683696
627.948	0.15812906572527002
628.092	0.15813001735264323
628.236	0.15813144479370306
628.38	0.15813287223476288
628.524	0.15813334804844947
628.668	0.15813477548950933
628.8109999999999	0.15813572711688254
628.9549999999999	0.15813572711688254
629.0989999999999	0.15813620293056913
629.2429999999999	0.15813667874425574
629.386	0.15813810618531557
629.53	0.15814048525374863
629.674	0.15814191269480843
629.818	0.15814334013586828
629.961	0.15814476757692808
630.105	0.1581452433906147
630.2489999999999	0.1581452433906147
630.3929999999999	0.15814762245904773
630.5369999999999	0.15815000152748077
630.68	0.15815000152748077
630.824	0.15815142896854062
630.967	0.15815285640960045
631.112	0.15815333222328704
631.255	0.15815380803697365
631.399	0.15815475966434686
631.543	0.15815475966434686
631.687	0.15815475966434686
631.831	0.15815475966434686
631.975	0.15815475966434686
632.1189999999999	0.15815475966434686
632.2629999999999	0.15815475966434686
632.406	0.15815475966434686
632.55	0.15815475966434686
632.694	0.15815475966434686
632.841	0.15815475966434686
632.981	0.15815380803697365
633.126	0.15815380803697365
633.269	0.15815333222328704
633.413	0.15815285640960045
633.558	0.15815285640960045
633.6999999999999	0.15815285640960045
633.8439999999999	0.15815142896854062
633.9879999999999	0.15815142896854062
634.132	0.15815142896854062
634.276	0.15815142896854062
634.419	0.15815142896854062
634.563	0.15815142896854062
634.707	0.15815285640960045
634.851	0.15815142896854062
634.9939999999999	0.15815000152748077
635.1379999999999	0.15815000152748077
635.2819999999999	0.15814762245904773
635.4259999999999	0.1581452433906147
635.5699999999999	0.1581452433906147
635.713	0.1581452433906147
635.857	0.1581452433906147
636.001	0.15814476757692808
636.145	0.15814334013586828
636.288	0.15814191269480843
636.432	0.15814048525374863
636.576	0.15813810618531557
636.7199999999999	0.15813810618531557
636.8629999999999	0.15813810618531557
637.007	0.15813620293056913
637.151	0.15813810618531557
637.295	0.15813620293056913
637.438	0.15813620293056913
637.582	0.15813477548950933
637.726	0.15813334804844947
637.87	0.15813287223476288
638.0129999999999	0.15813287223476288
638.158	0.15813287223476288
638.3009999999999	0.15813287223476288
638.4449999999999	0.15813287223476288
638.5889999999999	0.15813287223476288
638.733	0.15813287223476288
638.877	0.15813287223476288
639.02	0.15813287223476288
639.164	0.15813144479370306
639.308	0.15813144479370306
639.451	0.15813001735264323
639.5949999999999	0.15813001735264323
639.7389999999999	0.15813001735264323
639.8829999999999	0.15813001735264323
640.026	0.15812906572527002
640.17	0.15812573502946375
640.314	0.15812335596103072
640.458	0.15812335596103072
640.602	0.1581228801473441
640.745	0.15812240433365748
640.889	0.15812145270628428
641.033	0.15811907363785124
641.177	0.15811907363785124
641.3209999999999	0.15811907363785124
641.4639999999999	0.15811764619679142
641.608	0.15811764619679142
641.752	0.15811764619679142
641.896	0.15811764619679142
642.039	0.15811764619679142
642.183	0.15811907363785124
642.327	0.15812145270628428
642.4699999999999	0.15812145270628428
642.615	0.15812145270628428
642.7579999999999	0.15812145270628428
642.9019999999999	0.15812145270628428
643.0459999999999	0.15812145270628428
643.1899999999999	0.15812145270628428
643.333	0.15812240433365748
643.477	0.1581228801473441
643.621	0.15812335596103072
643.765	0.15812335596103072
643.908	0.15812335596103072
644.052	0.15812335596103072
644.1959999999999	0.15812335596103072
644.3399999999999	0.1581228801473441
644.483	0.15812240433365748
644.627	0.15812145270628428
644.771	0.15812145270628428
644.915	0.15811907363785124
645.058	0.15811907363785124
645.202	0.15811907363785124
645.346	0.15811907363785124
645.49	0.15811907363785124
645.634	0.15812002526522445
645.778	0.15812002526522445
645.9209999999999	0.15812002526522445
646.0649999999999	0.15812145270628428
646.209	0.15812240433365748
646.353	0.1581228801473441
646.496	0.15812335596103072
646.6239999999999	0.15812335596103072
646.7679999999999	0.15812335596103072
646.9119999999999	0.15812335596103072
647.055	0.15812335596103072
647.199	0.15812335596103072
647.343	0.15812335596103072
647.486	0.15812335596103072
647.631	0.15812335596103072
647.775	0.15812335596103072
647.9209999999999	0.15812573502946375
648.0609999999999	0.1581281140978968
648.206	0.15812906572527002
648.3489999999999	0.15813001735264323
648.4929999999999	0.15813001735264323
648.637	0.15813001735264323
648.781	0.15813001735264323
648.925	0.15813144479370306
649.068	0.15813287223476288
649.212	0.15813287223476288
649.356	0.15813477548950933
649.4989999999999	0.15813810618531557
649.644	0.15813810618531557
649.788	0.15813810618531557
649.932	0.1581395336263754
650.0749999999999	0.1581395336263754
650.2199999999999	0.15814048525374863
650.3629999999999	0.15814143688112184
650.507	0.15814286432218166
650.651	0.15814476757692808
650.794	0.1581452433906147
650.938	0.15814667083167452
651.082	0.15814809827273435
651.226	0.15814904990010756
651.37	0.15815142896854062
651.5129999999999	0.15815333222328704
651.6569999999999	0.15815333222328704
651.8009999999999	0.15815333222328704
651.9449999999999	0.15815380803697365
652.088	0.15815380803697365
652.232	0.15815380803697365
652.376	0.15815380803697365
652.519	0.15815380803697365
652.664	0.15815380803697365
652.807	0.15815380803697365
652.951	0.15815380803697365
653.0949999999999	0.15815380803697365
653.2389999999999	0.15815380803697365
653.382	0.15815333222328704
653.526	0.15815285640960045
653.67	0.15815333222328704
653.814	0.15815380803697365
653.958	0.15815380803697365
654.101	0.15815380803697365
654.245	0.15815333222328704
654.389	0.15815333222328704
654.5319999999999	0.15815285640960045
654.6759999999999	0.15815142896854062
654.8199999999999	0.15814904990010756
654.9639999999999	0.15814809827273435
655.107	0.15814667083167452
655.252	0.1581452433906147
655.395	0.15814476757692808
655.539	0.15814286432218166
655.683	0.15814048525374863
655.827	0.15814048525374863
655.9699999999999	0.15814286432218166
656.1139999999999	0.15814286432218166
656.2579999999999	0.15814286432218166
656.4019999999999	0.15814286432218166
656.545	0.15814286432218166
656.689	0.15814286432218166
656.833	0.15814286432218166
656.977	0.15814286432218166
657.12	0.15814286432218166
657.264	0.15814476757692808
657.408	0.1581452433906147
657.552	0.1581452433906147
657.6959999999999	0.1581452433906147
657.8389999999999	0.1581452433906147
657.983	0.1581452433906147
658.127	0.1581452433906147
658.271	0.1581452433906147
658.415	0.1581452433906147
658.558	0.1581452433906147
658.702	0.15814667083167452
658.846	0.15814809827273435
658.99	0.15814904990010756
659.1329999999999	0.15814904990010756
659.2769999999999	0.15814904990010756
659.4209999999999	0.15815047734116738
659.564	0.15815285640960045
659.709	0.15815333222328704
659.852	0.15815380803697365
659.996	0.15815571129172007
660.139	0.1581576145464665
660.284	0.1581576145464665
660.427	0.15815904198752634
660.572	0.158161896869646
660.716	0.15816332431070582
660.8589999999999	0.1581638001243924
661.0029999999999	0.15816427593807902
661.1469999999999	0.15816427593807902
661.29	0.15816427593807902
661.434	0.15816427593807902
661.578	0.15816427593807902
661.722	0.15816427593807902
661.866	0.15816427593807902
662.01	0.1581638001243924
662.153	0.158161896869646
662.2959999999999	0.15816046942858616
662.4399999999999	0.15815904198752634
662.584	0.1581576145464665
662.728	0.1581576145464665
662.8739999999999	0.1581576145464665
663.015	0.15815571129172007
663.159	0.15815380803697365
663.303	0.15815380803697365
663.447	0.15815333222328704
663.5899999999999	0.15815333222328704
663.7339999999999	0.15815333222328704
663.8779999999999	0.15815333222328704
664.0219999999999	0.15815333222328704
664.165	0.15815380803697365
664.309	0.15815571129172007
664.453	0.15815571129172007
664.597	0.1581576145464665
664.741	0.1581576145464665
664.884	0.15815904198752634
665.028	0.15816046942858616
665.1709999999999	0.15816046942858616
665.3159999999999	0.158161896869646
665.459	0.1581638001243924
665.603	0.15816427593807902
665.747	0.15816570337913888
665.891	0.1581671308201987
666.035	0.1581671308201987
666.178	0.1581680824475719
666.322	0.15816903407494512
666.466	0.15816903407494512
666.6089999999999	0.15816903407494512
666.7529999999999	0.15816903407494512
666.8969999999999	0.1581695098886317
667.0409999999999	0.1581695098886317
667.185	0.15817093732969156
667.3299999999999	0.15817093732969156
667.473	0.15817093732969156
667.617	0.15817093732969156
667.761	0.15817236477075136
667.905	0.15817426802549778
668.048	0.1581766470939308
668.1759999999999	0.15817759872130405
668.3199999999999	0.15817807453499066
668.4639999999999	0.15817807453499066
668.607	0.15817807453499066
668.751	0.1581795019760505
668.895	0.1581795019760505
669.038	0.1581795019760505
669.182	0.15817807453499066
669.326	0.15817807453499066
669.4699999999999	0.15817807453499066
669.6139999999999	0.15817807453499066
669.7579999999999	0.1581795019760505
669.901	0.15818473592660318
670.045	0.15818473592660318
670.189	0.15818473592660318
670.333	0.15818473592660318
670.476	0.15818473592660318
670.62	0.1581899698771559
670.764	0.1581909215045291
670.908	0.15819139731821572
671.0509999999999	0.15819139731821572
671.1949999999999	0.15819139731821572
671.3389999999999	0.15819187313190233
671.483	0.15819187313190233
671.626	0.15819282475927554
671.771	0.15819377638664875
671.914	0.15819377638664875
672.058	0.15819377638664875
672.202	0.15819282475927554
672.3449999999999	0.15819282475927554
672.4889999999999	0.15819282475927554
672.6329999999999	0.15819282475927554
672.7769999999999	0.15819282475927554
672.9209999999999	0.15819282475927554
673.064	0.15819282475927554
673.208	0.15819282475927554
673.352	0.15819282475927554
673.496	0.15819282475927554
673.639	0.15819282475927554
673.783	0.15819282475927554
673.927	0.15819282475927554
674.0709999999999	0.15819282475927554
674.2149999999999	0.15819282475927554
674.358	0.15819282475927554
674.502	0.15819282475927554
674.646	0.15819282475927554
674.79	0.15819282475927554
674.933	0.15819282475927554
675.077	0.15819282475927554
675.221	0.15819282475927554
675.365	0.15819282475927554
675.509	0.15819282475927554
675.6519999999999	0.15819282475927554
675.7959999999999	0.15819187313190233
675.9409999999999	0.15819187313190233
676.083	0.15819187313190233
676.228	0.15819187313190233
676.3729999999999	0.15819187313190233
676.516	0.15819187313190233
676.659	0.15819187313190233
676.803	0.15819187313190233
676.9459999999999	0.15819282475927554
677.0899999999999	0.15819377638664875
677.2339999999999	0.15819377638664875
677.3779999999999	0.15819377638664875
677.521	0.15819377638664875
677.665	0.158197107082455
677.809	0.158197107082455
677.9549999999999	0.158197107082455
678.097	0.158197107082455
678.24	0.158197107082455
678.384	0.158197107082455
678.528	0.158197107082455
678.6709999999999	0.15820138940563444
678.8149999999999	0.15820138940563444
678.959	0.15820138940563444
679.103	0.15820138940563444
679.246	0.15820138940563444
679.39	0.15820138940563444
679.534	0.158197107082455
679.678	0.158197107082455
679.822	0.15819377638664875
679.966	0.15819377638664875
680.1089999999999	0.15819377638664875
680.2529999999999	0.15819377638664875
680.3969999999999	0.15819377638664875
680.5409999999999	0.15819377638664875
680.684	0.15819282475927554
680.828	0.15819282475927554
680.972	0.15819282475927554
681.115	0.15819282475927554
681.26	0.15819282475927554
681.403	0.15819282475927554
681.5469999999999	0.15819282475927554
681.6909999999999	0.15819282475927554
681.8349999999999	0.15819377638664875
681.978	0.15819377638664875
682.122	0.158197107082455
682.266	0.15820138940563444
682.41	0.15820234103300768
682.553	0.1582037684740675
682.697	0.15820519591512733
682.841	0.15820567172881395
682.985	0.15820614754250054
683.129	0.15821138149305325
683.2719999999999	0.15821661544360593
683.4159999999999	0.15821661544360593
683.56	0.15821756707097917
683.703	0.15821851869835238
683.847	0.15821899451203897
683.991	0.15822089776678544
684.135	0.15822327683521847
684.278	0.15822422846259168
684.423	0.1582256559036515
684.567	0.15822851078577113
684.711	0.15823136566789078
684.855	0.15823326892263723
684.9989999999999	0.15823374473632382
685.1419999999999	0.15823469636369702
685.286	0.15823612380475688
685.43	0.1582375512458167
685.574	0.15823897868687653
685.717	0.15824040612793633
685.861	0.15824135775530956
686.005	0.1582423093826828
686.149	0.15824468845111583
686.2919999999999	0.15824659170586225
686.437	0.15824706751954887
686.5799999999999	0.1582480191469221
686.7239999999999	0.1582489707742953
686.8679999999999	0.1582494465879819
687.011	0.15825087402904173
687.155	0.15825230147010155
687.299	0.15825230147010155
687.443	0.15825277728378814
687.587	0.15825372891116135
687.73	0.1582546805385346
687.8739999999999	0.1582551563522212
688.0179999999999	0.15825563216590782
688.1619999999999	0.15825563216590782
688.305	0.15825658379328103
688.449	0.15825801123434086
688.593	0.15825848704802745
688.737	0.15825848704802745
688.881	0.1582613419301471
689.024	0.15826419681226675
689.168	0.15826419681226675
689.3109999999999	0.15826514843963996
689.456	0.1582661000670132
689.5989999999999	0.1582665758806998
689.7429999999999	0.15826705169438643
689.887	0.1582708582038793
690.031	0.15827704378180518
690.175	0.15827942285023822
690.318	0.15827989866392483
690.462	0.15828275354604449
690.606	0.15828513261447752
690.75	0.15828513261447752
690.894	0.15828798749659717
691.038	0.15829131819240344
691.1809999999999	0.15829274563346327
691.324	0.1582941730745231
691.468	0.1582956005155829
691.612	0.15829893121138916
691.756	0.15830321353456867
691.9	0.15830511678931508
692.043	0.15830654423037488
692.187	0.15830939911249453
692.331	0.15831082655355438
692.475	0.15831320562198742
692.6189999999999	0.15831606050410707
692.762	0.1583174879451669
692.911	0.1583184395725401
693.05	0.1583184395725401
693.194	0.15832034282728655
693.337	0.158322246082033
693.481	0.1583231977094062
693.625	0.15832652840521244
693.769	0.1583289074736455
693.913	0.15833223816945174
694.0559999999999	0.1583365204926312
694.1999999999999	0.15833794793369105
694.3439999999999	0.15833937537475085
694.4879999999999	0.15834032700212408
694.631	0.1583408028158107
694.775	0.1583422302568705
694.919	0.15834318188424373
695.063	0.15834365769793035
695.207	0.1583469883937366
695.35	0.15834984327585624
695.4939999999999	0.15835079490322945
695.6379999999999	0.15835412559903572
695.781	0.15835650466746878
695.9259999999999	0.1583593595495884
696.069	0.15836269024539468
696.213	0.15836316605908127
696.356	0.15836411768645448
696.5029999999999	0.1583655451275143
696.644	0.15836602094120092
696.788	0.15836744838226074
696.932	0.15836744838226074
697.076	0.15836982745069378
697.2199999999999	0.1583722065191268
697.3629999999999	0.1583750614012465
697.507	0.15837648884230632
697.651	0.15837696465599294
697.794	0.15837839209705273
697.938	0.15837839209705273
698.082	0.1583798195381126
698.226	0.15838124697917239
698.3689999999999	0.15838124697917239
698.514	0.15838124697917239
698.6569999999999	0.15838219860654562
698.8009999999999	0.15838315023391883
698.9449999999999	0.15838552930235186
699.0889999999999	0.1583874325570983
699.232	0.15838933581184472
699.376	0.15838933581184472
699.52	0.15839076325290455
699.664	0.15839076325290455
699.807	0.15839219069396437
699.951	0.15839504557608403
700.0949999999999	0.15839742464451706
700.2389999999999	0.1583988520855769
700.382	0.1584002795266367
700.526	0.15840170696769654
700.67	0.15840313440875636
700.813	0.1584040860361296
700.958	0.15840694091824925
701.101	0.1584107474277421
701.245	0.15841312649617514
701.389	0.15841312649617514
701.533	0.15841312649617514
701.6759999999999	0.15841312649617514
701.8199999999999	0.15841312649617514
701.9639999999999	0.15841312649617514
702.1089999999999	0.15841312649617514
702.2529999999999	0.15841312649617514
702.396	0.15841312649617514
702.54	0.15841312649617514
702.684	0.15841312649617514
702.827	0.15841312649617514
702.971	0.15841312649617514
703.115	0.15841312649617514
703.259	0.15841312649617514
703.4019999999999	0.15841312649617514
703.5459999999999	0.15841312649617514
703.6899999999999	0.15841312649617514
703.834	0.15841312649617514
703.978	0.15841312649617514
704.122	0.15841312649617514
704.265	0.15841312649617514
704.409	0.15841312649617514
704.553	0.15841312649617514
704.697	0.15841312649617514
704.8399999999999	0.15841312649617514
704.9839999999999	0.15841312649617514
705.1279999999999	0.15841312649617514
705.2719999999999	0.15841312649617514
705.415	0.15841312649617514
705.559	0.15841312649617514
705.703	0.15841312649617514
705.847	0.15841312649617514
705.991	0.15841312649617514
706.134	0.15841312649617514
706.278	0.15841312649617514
706.4219999999999	0.15841312649617514
706.5659999999999	0.15841312649617514
706.7099999999999	0.15841312649617514
706.853	0.15841312649617514
706.997	0.15841312649617514
707.141	0.15841312649617514
707.285	0.15841312649617514
707.428	0.15841312649617514
707.572	0.15841360230986173
707.716	0.15841455393723497
707.861	0.15841455393723497
708.0029999999999	0.1584150297509216
708.1469999999999	0.15841645719198139
708.2909999999999	0.15841645719198139
708.434	0.15841740881935462
708.579	0.15841740881935462
708.722	0.15841931207410104
708.866	0.15842121532884748
709.01	0.15842121532884748
709.154	0.1584226427699073
709.2969999999999	0.15842359439728054
709.4409999999999	0.1584264492794002
709.5849999999999	0.15842930416151985
709.7289999999999	0.15843073160257964
709.872	0.15843168322995285
710.016	0.15843168322995285
710.16	0.15843215904363947
710.304	0.1584326348573261
710.447	0.1584340622983859
710.591	0.15843548973944574
710.735	0.15843644136681895
710.879	0.15843834462156536
711.0229999999999	0.1584392962489386
711.1659999999999	0.1584392962489386
711.31	0.1584392962489386
711.454	0.15843834462156536
711.598	0.1584392962489386
711.742	0.15843977206262522
711.885	0.15843977206262522
712.029	0.15843977206262522
712.173	0.15844119950368502
712.317	0.15844119950368502
712.4599999999999	0.15844119950368502
712.6039999999999	0.15844119950368502
712.7479999999999	0.15844119950368502
712.891	0.15844119950368502
713.036	0.15844119950368502
713.179	0.15844119950368502
713.323	0.15844119950368502
713.466	0.15844119950368502
713.61	0.15844119950368502
713.754	0.15844119950368502
713.8979999999999	0.15844119950368502
714.0419999999999	0.15844119950368502
714.1859999999999	0.15844119950368502
714.3299999999999	0.15844119950368502
714.473	0.15844119950368502
714.617	0.15844119950368502
714.761	0.15844119950368502
714.904	0.15844119950368502
715.048	0.15844119950368502
715.192	0.15843977206262522
715.336	0.15843977206262522
715.4789999999999	0.15843977206262522
715.6229999999999	0.1584392962489386
715.7669999999999	0.15843834462156536
715.911	0.15843644136681895
716.055	0.15843548973944574
716.198	0.15843501392575915
716.342	0.1584335864846993
716.486	0.15843215904363947
716.63	0.15843168322995285
716.774	0.15843073160257964
716.9169999999999	0.15842930416151985
717.0609999999999	0.1584264492794002
717.2049999999999	0.15842359439728054
717.3489999999999	0.1584221669562207
717.492	0.15842121532884748
717.636	0.15842121532884748
717.78	0.15842121532884748
717.924	0.15842121532884748
718.068	0.15842121532884748
718.211	0.15842121532884748
718.355	0.15841931207410104
718.4989999999999	0.15841931207410104
718.6429999999999	0.15841931207410104
718.786	0.15841931207410104
718.93	0.15841931207410104
719.074	0.15841931207410104
719.218	0.15841931207410104
719.361	0.15841931207410104
719.505	0.15841931207410104
719.65	0.15841931207410104
719.795	0.15841931207410104
719.937	0.15841931207410104
720.081	0.15841931207410104
720.225	0.15841931207410104
720.3689999999999	0.15841931207410104
720.512	0.15841931207410104
720.6569999999999	0.15842121532884748
720.8	0.15842121532884748
720.944	0.15842121532884748
721.088	0.15842121532884748
721.232	0.15842121532884748
721.375	0.15842121532884748
721.519	0.15842121532884748
721.663	0.15842121532884748
721.807	0.15842121532884748
721.9499999999999	0.15842121532884748
722.0939999999999	0.1584221669562207
722.2379999999999	0.15842359439728054
722.382	0.1584264492794002
722.525	0.15842930416151985
722.669	0.15843073160257964
722.813	0.15843168322995285
722.959	0.15843168322995285
723.1	0.15843168322995285
723.2439999999999	0.15843168322995285
723.3879999999999	0.15843168322995285
723.5319999999999	0.15843168322995285
723.6759999999999	0.15843168322995285
723.819	0.15843168322995285
723.963	0.15843073160257964
724.107	0.15843073160257964
724.251	0.15843168322995285
724.395	0.15843168322995285
724.538	0.15843168322995285
724.682	0.15843168322995285
724.826	0.15843073160257964
724.9689999999999	0.15843073160257964
725.1129999999999	0.15842930416151985
725.257	0.15842930416151985
725.401	0.15842882834783323
725.544	0.15842882834783323
725.689	0.15842882834783323
725.832	0.15842787672046
725.976	0.15842787672046
726.12	0.15842882834783323
726.264	0.15842930416151985
726.4069999999999	0.15842930416151985
726.5509999999999	0.15842930416151985
726.6949999999999	0.15843073160257964
726.8389999999999	0.15843073160257964
726.982	0.15842930416151985
727.126	0.15842787672046
727.27	0.15842549765202696
727.414	0.15842359439728054
727.557	0.15842359439728054
727.701	0.15842359439728054
727.8449999999999	0.1584221669562207
727.9879999999999	0.1584221669562207
728.1329999999999	0.1584221669562207
728.276	0.15842121532884748
728.42	0.15842121532884748
728.564	0.15842121532884748
728.708	0.15842121532884748
728.851	0.15841931207410104
728.995	0.15841740881935462
729.139	0.15841740881935462
729.283	0.15841740881935462
729.427	0.15841740881935462
729.5699999999999	0.15841740881935462
729.7139999999999	0.15841740881935462
729.858	0.15841740881935462
730.001	0.15841740881935462
730.145	0.15841740881935462
730.289	0.15841740881935462
730.433	0.15841740881935462
730.576	0.15841740881935462
730.721	0.15841740881935462
730.8639999999999	0.15841740881935462
731.0079999999999	0.15841740881935462
731.1519999999999	0.15841740881935462
731.2959999999999	0.15841740881935462
731.439	0.15841740881935462
731.583	0.15841645719198139
731.727	0.15841550556460818
731.871	0.15841550556460818
732.014	0.15841550556460818
732.158	0.15841407812354835
732.303	0.15841217486880194
732.4459999999999	0.1584107474277421
732.5889999999999	0.15840884417299567
732.733	0.1584050376635028
732.877	0.15840170696769654
733.021	0.15840170696769654
733.165	0.1584002795266367
733.308	0.1584002795266367
733.452	0.1583993278992635
733.596	0.1583988520855769
733.74	0.15839599720345726
733.884	0.15839076325290455
734.0269999999999	0.15838600511603845
734.1719999999999	0.15837648884230632
734.3149999999999	0.15836840000963398
734.459	0.15836792419594736
734.602	0.15836792419594736
734.746	0.1583664967548875
734.89	0.15836411768645448
735.033	0.15836316605908127
735.178	0.1583584079222152
735.3209999999999	0.1583517465306027
735.4649999999999	0.15834984327585624
735.6089999999999	0.15834984327585624
735.7529999999999	0.15833794793369105
735.896	0.15832510096415264
736.04	0.1583231977094062
736.184	0.158322246082033
736.328	0.15832081864097314
736.471	0.15831606050410707
736.615	0.1583117781809276
736.759	0.15830939911249453
736.903	0.15830321353456864
737.0469999999999	0.1582960763292695
737.1909999999999	0.15829369726083647
737.3349999999999	0.15829226981977665
737.4789999999999	0.15828656005553735
737.622	0.15828656005553735
737.766	0.15827799540917842
737.9119999999999	0.15827799540917842
738.054	0.15827276145862573
738.198	0.15826895494913285
738.342	0.15826514843963996
738.485	0.1582622935575203
738.629	0.1582561079795944
738.7729999999999	0.15825087402904173
738.9169999999999	0.1582480191469221
739.06	0.15824611589217566
739.204	0.15824516426480245
739.348	0.15824183356899618
739.492	0.15823897868687653
739.635	0.1582385028731899
739.779	0.15823422055001043
739.923	0.15822898659945772
740.067	0.15822898659945772
740.211	0.15822755915839792
740.3539999999999	0.15822755915839792
740.4979999999999	0.15822755915839792
740.6419999999999	0.15822755915839792
740.786	0.15822613171733807
740.929	0.15822518008996486
741.073	0.15822327683521845
741.217	0.15822042195309882
741.361	0.15821804288466576
741.505	0.15821661544360593
741.6479999999999	0.15821661544360593
741.7919999999999	0.15821661544360593
741.937	0.1582151880025461
742.079	0.1582151880025461
742.223	0.1582151880025461
742.3679999999999	0.1582151880025461
742.511	0.1582151880025461
742.654	0.15821280893411305
742.799	0.15821280893411305
742.942	0.15821280893411305
743.086	0.15821280893411305
743.23	0.15821280893411305
743.3739999999999	0.15821280893411305
743.5169999999999	0.15821280893411305
743.661	0.15821280893411305
743.805	0.15821280893411305
743.949	0.15821280893411305
744.092	0.15821280893411305
744.236	0.15821280893411305
744.38	0.15821138149305325
744.524	0.15821138149305325
744.6669999999999	0.15821138149305325
744.8109999999999	0.15821138149305325
744.9549999999999	0.15821138149305325
745.098	0.15821138149305325
745.2429999999999	0.15821138149305325
745.386	0.15821138149305325
745.53	0.15821138149305325
745.674	0.15821138149305325
745.818	0.15821138149305325
745.962	0.15821138149305325
746.105	0.15821138149305325
746.2489999999999	0.15821138149305325
746.3929999999999	0.15821138149305325
746.5369999999999	0.15821138149305325
746.68	0.15821138149305325
746.8249999999999	0.15821138149305325
746.968	0.15821138149305325
747.111	0.15821138149305325
747.255	0.1582094782383068
747.399	0.1582094782383068
747.543	0.15820662335618715
747.687	0.15820662335618715
747.8299999999999	0.1582042442877541
747.975	0.15820329266038088
748.1179999999999	0.15820329266038088
748.262	0.15820329266038088
748.406	0.1582028168466943
748.55	0.15820138940563444
748.693	0.15820043777826123
748.837	0.15819996196457464
748.981	0.15819853452351484
749.1239999999999	0.15819758289614164
749.2679999999999	0.1581961554550818
749.4119999999999	0.15819472801402196
749.5559999999999	0.15819472801402196
749.699	0.15819472801402196
749.8439999999999	0.15819330057296216
749.987	0.15819139731821572
750.131	0.1581909215045291
750.275	0.1581899698771559
750.418	0.15818759080872286
750.562	0.15818759080872286
750.706	0.15818616336766303
750.85	0.15818616336766303
750.9939999999999	0.1581856875539764
751.137	0.1581856875539764
751.281	0.1581856875539764
751.425	0.1581856875539764
751.5699999999999	0.1581856875539764
751.712	0.1581856875539764
751.856	0.1581856875539764
752.0	0.15818616336766303
752.1429999999999	0.15818616336766303
752.288	0.15818616336766303
752.4309999999999	0.15818616336766303
752.5749999999999	0.15818616336766303
752.7189999999999	0.15818759080872286
752.865	0.15818759080872286
753.006	0.15818759080872286
753.15	0.15818759080872286
753.294	0.15818759080872286
753.438	0.1581899698771559
753.582	0.1581909215045291
753.725	0.15819139731821572
753.8689999999999	0.15819330057296216
754.0129999999999	0.15819472801402196
754.156	0.15819472801402196
754.3	0.1581961554550818
754.444	0.15819758289614164
754.5889999999999	0.15819758289614164
754.732	0.15819853452351484
754.876	0.15819996196457464
755.02	0.15819996196457464
755.164	0.15820138940563444
755.308	0.1582028168466943
755.452	0.15820329266038088
755.5949999999999	0.15820329266038088
755.7389999999999	0.1582042442877541
755.8829999999999	0.1582042442877541
756.0269999999999	0.1582042442877541
756.17	0.15820805079724698
756.314	0.15820805079724698
756.458	0.15820805079724698
756.602	0.15820805079724698
756.745	0.15820805079724698
756.889	0.15821233312042646
757.033	0.1582151880025461
757.177	0.15821804288466576
757.3209999999999	0.15822042195309882
757.4639999999999	0.15822327683521845
757.608	0.15822327683521845
757.752	0.15822327683521845
757.896	0.15822327683521845
758.039	0.15822327683521845
758.183	0.15822327683521845
758.327	0.15822327683521845
758.471	0.15822327683521845
758.615	0.15822327683521845
758.7579999999999	0.15822327683521845
758.9019999999999	0.15822327683521845
759.0459999999999	0.15822327683521845
759.189	0.15822327683521845
759.333	0.15822327683521845
759.477	0.15822327683521845
759.621	0.15822327683521845
759.765	0.15822327683521845
759.909	0.15822327683521845
760.052	0.15822327683521845
760.1959999999999	0.15822327683521845
760.3399999999999	0.15822327683521845
760.4839999999999	0.15822327683521845
760.627	0.15822327683521845
760.771	0.15822327683521845
760.915	0.15822327683521845
761.059	0.15822327683521845
761.203	0.15822327683521845
761.346	0.15822327683521845
761.49	0.15822042195309882
761.634	0.15822042195309882
761.7769999999999	0.15822042195309882
761.9209999999999	0.15822042195309882
762.0649999999999	0.15822042195309882
762.209	0.15822042195309882
762.353	0.15822042195309882
762.497	0.15822042195309882
762.641	0.15822042195309882
762.785	0.15822042195309882
762.929	0.15822042195309882
763.072	0.15822327683521845
763.216	0.15822518008996486
763.3589999999999	0.15822613171733807
763.5029999999999	0.15822613171733807
763.6469999999999	0.15822755915839792
763.79	0.1582280349720845
763.934	0.15822898659945772
764.078	0.15822993822683096
764.222	0.15823184148157737
764.366	0.15823517217738364
764.509	0.1582375512458167
764.653	0.1582385028731899
764.7969999999999	0.15823897868687653
764.9409999999999	0.15823897868687653
765.084	0.15823897868687653
765.228	0.15823897868687653
765.372	0.15823945450056312
765.516	0.15824040612793633
765.66	0.15824135775530956
765.803	0.15824564007848904
765.947	0.15825087402904173
766.091	0.15825230147010155
766.2339999999999	0.15825420472484797
766.3779999999999	0.15825705960696762
766.5219999999999	0.15825848704802745
766.6659999999999	0.15825848704802745
766.809	0.15825848704802745
766.954	0.15825848704802745
767.097	0.15825848704802745
767.241	0.15825943867540065
767.385	0.1582603903027739
767.529	0.1582603903027739
767.6719999999999	0.1582603903027739
767.8159999999999	0.1582603903027739
767.963	0.1582603903027739
768.1039999999999	0.1582603903027739
768.247	0.1582603903027739
768.391	0.1582603903027739
768.535	0.1582603903027739
768.679	0.1582603903027739
768.822	0.1582603903027739
768.966	0.1582608661164605
769.11	0.1582608661164605
769.254	0.1582608661164605
769.3979999999999	0.1582608661164605
769.5409999999999	0.1582608661164605
769.685	0.1582608661164605
769.829	0.1582608661164605
769.973	0.1582608661164605
770.117	0.1582608661164605
770.26	0.1582608661164605
770.404	0.1582608661164605
770.548	0.1582608661164605
770.692	0.1582608661164605
770.8349999999999	0.1582608661164605
770.9789999999999	0.1582608661164605
771.1229999999999	0.1582608661164605
771.2669999999999	0.15826134193014713
771.411	0.15826134193014713
771.554	0.15826134193014713
771.698	0.15826229355752033
771.842	0.15826467262595337
771.987	0.15826229355752033
772.13	0.15826229355752033
772.274	0.15826229355752033
772.418	0.15826229355752033
772.562	0.15826134193014713
772.706	0.15826134193014713
772.8489999999999	0.15826134193014713
772.9929999999999	0.1582608661164605
773.137	0.15825943867540065
773.28	0.1582608661164605
773.424	0.15826134193014713
773.568	0.15826229355752033
773.712	0.15826229355752033
773.855	0.15826134193014713
773.9989999999999	0.15826229355752033
774.1429999999999	0.15826229355752033
774.2869999999999	0.15826229355752033
774.4309999999999	0.15826229355752033
774.5749999999999	0.15826134193014713
774.718	0.15826134193014713
774.862	0.15826134193014713
775.006	0.15826134193014713
775.15	0.15826134193014713
775.293	0.15826134193014713
775.437	0.15826134193014713
775.581	0.15826134193014713
775.725	0.15826134193014713
775.8679999999999	0.15826134193014713
776.012	0.15826134193014713
776.156	0.15826134193014713
776.3	0.15826134193014713
776.444	0.15826134193014713
776.587	0.15826134193014713
776.731	0.15826134193014713
776.875	0.15826134193014713
777.019	0.15826134193014713
777.163	0.15826134193014713
777.3059999999999	0.15826229355752033
777.4499999999999	0.15826467262595337
777.5939999999999	0.15826847913544623
777.7379999999999	0.15827133401756588
777.881	0.15827276145862573
778.025	0.15827371308599894
778.169	0.15827561634074538
778.313	0.1582775195954918
778.457	0.158278471222865
778.602	0.15828085029129804
778.7439999999999	0.15828227773235787
778.887	0.15828275354604449
779.031	0.1582846568007909
779.175	0.15828703586922396
779.319	0.1582884633102838
779.463	0.1582903665650302
779.607	0.15829274563346327
779.75	0.15829369726083647
779.894	0.1582941730745231
780.038	0.15829702795664274
780.182	0.1583008344661356
780.3249999999999	0.15830226190719543
780.4689999999999	0.15830321353456867
780.6129999999999	0.15830416516194187
780.757	0.15830464097562846
780.9	0.15830511678931508
781.044	0.1583060684166883
781.188	0.15830749585774812
781.332	0.1583089232988079
781.475	0.15830987492618115
781.6189999999999	0.15831130236724097
781.7629999999999	0.15831415724936063
781.9069999999999	0.15831701213148028
782.0509999999999	0.1583184395725401
782.1949999999999	0.1583184395725401
782.338	0.1583184395725401
782.482	0.1583184395725401
782.626	0.1583184395725401
782.77	0.1583184395725401
782.915	0.1583184395725401
783.057	0.1583184395725401
783.201	0.1583184395725401
783.3439999999999	0.1583184395725401
783.4889999999999	0.1583184395725401
783.632	0.1583184395725401
783.776	0.1583184395725401
783.92	0.1583184395725401
784.064	0.1583184395725401
784.207	0.15831891538622672
784.351	0.1583193911999133
784.495	0.15832034282728652
784.639	0.15832177026834637
784.783	0.1583241493367794
784.9259999999999	0.15832605259152585
785.0699999999999	0.15832652840521244
785.2139999999999	0.1583279558462723
785.357	0.1583293832873321
785.502	0.15833081072839192
785.645	0.15833223816945174
785.789	0.15833271398313833
785.932	0.15833366561051154
786.076	0.15833461723788478
786.2199999999999	0.1583350930515714
786.3639999999999	0.1583365204926312
786.507	0.15833794793369105
786.6519999999999	0.15833842374737764
786.795	0.1583408028158107
786.939	0.1583422302568705
787.083	0.15834318188424373
787.227	0.15834460932530356
787.37	0.15834603676636338
787.514	0.15834603676636338
787.658	0.15834651258005
787.802	0.15834936746216965
787.9449999999999	0.1583517465306027
788.0889999999999	0.1583517465306027
788.233	0.15835269815797592
788.377	0.15835698048115537
788.52	0.15836126280433482
788.664	0.15836221443170806
788.808	0.15836221443170806
788.952	0.15836269024539468
789.096	0.15836316605908127
789.2389999999999	0.1583645935001411
789.3829999999999	0.15836602094120092
789.528	0.15836697256857413
789.6719999999999	0.15836792419594736
789.8159999999999	0.15836982745069378
789.959	0.15837268233281343
790.103	0.15837363396018667
790.247	0.15837363396018667
790.391	0.15837410977387328
790.534	0.1583760130286197
790.678	0.15837839209705273
790.822	0.15837839209705273
790.9649999999999	0.15837839209705273
791.1089999999999	0.15837839209705273
791.2529999999999	0.15837839209705273
791.3979999999999	0.15837839209705273
791.5409999999999	0.15837934372442597
791.685	0.1583807711654858
791.828	0.15838219860654562
791.972	0.15838219860654562
792.116	0.15838315023391883
792.26	0.15838457767497865
792.404	0.15838505348866525
792.5469999999999	0.15838505348866525
792.6909999999999	0.15838600511603845
792.8349999999999	0.15838838418447151
792.978	0.15838981162553134
793.122	0.15839028743921796
793.266	0.15839028743921796
793.41	0.15839171488027776
793.553	0.15839171488027776
793.697	0.15839552138977064
793.841	0.1583988520855769
793.985	0.1583993278992635
794.129	0.1583988520855769
794.2729999999999	0.1583993278992635
794.4159999999999	0.1584002795266367
794.56	0.15840313440875636
794.704	0.1584050376635028
794.848	0.1584050376635028
794.991	0.1584050376635028
795.135	0.1584050376635028
795.279	0.1584050376635028
795.423	0.1584050376635028
795.5659999999999	0.1584050376635028
795.7099999999999	0.1584050376635028
795.8539999999999	0.1584050376635028
795.997	0.15840836835930905
796.1419999999999	0.15840836835930905
796.285	0.15840836835930905
796.429	0.15840836835930905
796.573	0.15840836835930905
796.717	0.15840836835930905
796.86	0.15840836835930905
797.004	0.15841312649617514
797.1479999999999	0.15841312649617514
797.2919999999999	0.15841645719198139
797.435	0.15841836044672783
797.579	0.15841931207410104
797.723	0.1584207395151609
797.8689999999999	0.15842121532884748
798.01	0.1584221669562207
798.154	0.15842311858359392
798.298	0.15842359439728054
798.442	0.15842359439728054
798.5849999999999	0.15842359439728054
798.7289999999999	0.15842359439728054
798.8729999999999	0.15842359439728054
799.0169999999999	0.15842359439728054
799.161	0.15842359439728054
799.305	0.15842359439728054
799.448	0.15842359439728054
799.592	0.15842359439728054
799.736	0.15842359439728054
799.88	0.15842502183834034
800.0229999999999	0.15842502183834034
800.1669999999999	0.15842502183834034
800.3109999999999	0.15842597346571355
800.4549999999999	0.15842787672046
800.598	0.15842977997520644
800.742	0.1584326348573261
800.886	0.15843548973944574
801.03	0.15843739299419218
801.174	0.15843977206262522
801.317	0.15844119950368502
801.461	0.15844215113105825
801.6039999999999	0.15844357857211808
801.7489999999999	0.15844357857211808
801.8919999999999	0.15844357857211808
802.036	0.15844357857211808
802.18	0.15844215113105825
802.324	0.15844215113105825
802.468	0.15844119950368502
802.611	0.15844119950368502
802.755	0.15844119950368502
802.899	0.15844215113105825
803.0419999999999	0.15844215113105825
803.1859999999999	0.15844215113105825
803.3299999999999	0.15844357857211808
803.4739999999999	0.15844548182686452
803.617	0.15844548182686452
803.762	0.15844738508161094
803.905	0.1584502399637306
804.05	0.1584502399637306
804.193	0.15845166740479041
804.337	0.15845166740479041
804.48	0.15845309484585024
804.6239999999999	0.1584545222869101
804.7679999999999	0.1584554739142833
804.9119999999999	0.1584564255416565
805.055	0.15845690135534313
805.199	0.15846118367852258
805.343	0.15846499018801544
805.487	0.15846499018801544
805.63	0.15846499018801544
805.775	0.15847069995225474
805.919	0.15847640971649404
806.0609999999999	0.15847736134386725
806.206	0.1584783129712405
806.3489999999999	0.1584783129712405
806.4929999999999	0.1584783129712405
806.637	0.1584787887849271
806.781	0.15848069203967352
806.924	0.15848211948073335
807.069	0.15848211948073335
807.213	0.15848211948073335
807.357	0.15848211948073335
807.501	0.15848211948073335
807.644	0.15848211948073335
807.788	0.15848211948073335
807.932	0.15848211948073335
808.0749999999999	0.15848069203967352
808.2199999999999	0.15848069203967352
808.3629999999999	0.15848069203967352
808.507	0.15847926459861372
808.65	0.15848069203967352
808.794	0.15848069203967352
808.938	0.15847926459861372
809.082	0.15847926459861372
809.226	0.15848069203967352
809.37	0.15848069203967352
809.5129999999999	0.15848069203967352
809.6569999999999	0.15848069203967352
809.8009999999999	0.15848069203967352
809.9449999999999	0.15848069203967352
810.088	0.15848069203967352
810.232	0.15848069203967352
810.376	0.15848069203967352
810.52	0.15848069203967352
810.663	0.15848069203967352
810.807	0.15848069203967352
810.951	0.15848069203967352
811.0949999999999	0.15848069203967352
811.2389999999999	0.15848211948073335
811.382	0.15848211948073335
811.526	0.15848354692179317
811.67	0.15848354692179317
811.814	0.15848354692179317
811.958	0.15848354692179317
812.101	0.15848354692179317
812.245	0.15848354692179317
812.389	0.15848354692179317
812.533	0.15848354692179317
812.6759999999999	0.15848354692179317
812.8199999999999	0.15848354692179317
812.967	0.15848211948073335
813.107	0.15848354692179317
813.251	0.15848592599022623
813.395	0.15848592599022623
813.539	0.15848592599022623
813.682	0.15848687761759944
813.827	0.15848687761759944
813.9699999999999	0.15848687761759944
814.1139999999999	0.15848687761759944
814.2579999999999	0.15848830505865924
814.4019999999999	0.15848973249971904
814.545	0.15848973249971904
814.689	0.15848973249971904
814.833	0.15848973249971904
814.977	0.15848973249971904
815.12	0.15848830505865924
815.264	0.15848687761759944
815.408	0.15848687761759944
815.552	0.15848687761759944
815.6949999999999	0.15848687761759944
815.8389999999999	0.15848687761759944
815.983	0.15848687761759944
816.127	0.15848687761759944
816.271	0.15848687761759944
816.415	0.15848830505865924
816.558	0.15848973249971904
816.702	0.15848973249971904
816.846	0.15849020831340566
816.99	0.15849068412709227
817.1329999999999	0.15849068412709227
817.2769999999999	0.1584916357544655
817.4209999999999	0.15849353900921193
817.5649999999999	0.15849449063658513
817.708	0.15849496645027172
817.852	0.15849544226395834
817.996	0.15849544226395834
818.14	0.15849544226395834
818.284	0.1584968697050182
818.427	0.15849924877345123
818.5709999999999	0.15850020040082446
818.7149999999999	0.15850067621451108
818.8589999999999	0.15850067621451108
819.002	0.15850210365557088
819.146	0.15850353109663073
819.29	0.15850495853769053
819.434	0.15850591016506377
819.578	0.15850591016506377
819.721	0.15850591016506377
819.865	0.15850591016506377
820.009	0.15850591016506377
820.153	0.15850638597875039
820.2969999999999	0.15850686179243698
820.4399999999999	0.15850781341981018
820.584	0.15851019248824325
820.727	0.15851447481142272
820.872	0.15851732969354235
821.015	0.15851875713460217
821.159	0.15852018457566197
821.303	0.15852018457566197
821.447	0.15852018457566197
821.5899999999999	0.15852161201672182
821.7339999999999	0.15852399108515486
821.8779999999999	0.15852399108515486
822.0219999999999	0.15852399108515486
822.165	0.15852399108515486
822.309	0.15852399108515486
822.453	0.1585249427125281
822.597	0.1585249427125281
822.74	0.1585249427125281
822.884	0.15852541852621468
823.028	0.15852589433990127
823.1709999999999	0.15852589433990127
823.3159999999999	0.15852589433990127
823.4599999999999	0.15852589433990127
823.603	0.15852589433990127
823.747	0.1585268459672745
823.891	0.15852827340833434
824.035	0.15852970084939416
824.178	0.1585306524767674
824.322	0.1585306524767674
824.467	0.15853112829045402
824.611	0.1585325557315138
824.754	0.15853493479994685
824.8979999999999	0.1585363622410067
825.0419999999999	0.1585363622410067
825.1859999999999	0.15853683805469332
825.3299999999999	0.15853826549575312
825.473	0.15853969293681297
825.617	0.1585415961915594
825.761	0.15854397525999242
825.905	0.15854540270105222
826.048	0.15854587851473884
826.192	0.15854587851473884
826.336	0.15854587851473884
826.48	0.15854587851473884
826.6229999999999	0.15854587851473884
826.7669999999999	0.15854587851473884
826.911	0.15854587851473884
827.055	0.15854683014211207
827.198	0.1585492092105451
827.342	0.15855063665160493
827.486	0.15855063665160493
827.63	0.15855063665160493
827.7729999999999	0.15855063665160493
827.919	0.15855063665160493
828.0609999999999	0.15855158827897814
828.2049999999999	0.15855158827897814
828.3489999999999	0.15855063665160493
828.492	0.15855063665160493
828.636	0.15855158827897814
828.78	0.15855158827897814
828.924	0.15855253990635135
829.068	0.15855253990635135
829.211	0.15855301572003797
829.355	0.15855301572003797
829.4989999999999	0.1585544431610978
829.6429999999999	0.15855539478847103
829.786	0.15855539478847103
829.93	0.15855539478847103
830.074	0.15855539478847103
830.218	0.1585544431610978
830.362	0.15855539478847103
830.505	0.15855539478847103
830.649	0.15855587060215764
830.793	0.15855729804321744
830.937	0.15855587060215764
831.081	0.15855539478847103
831.2239999999999	0.15855539478847103
831.3679999999999	0.15855539478847103
831.512	0.15855539478847103
831.656	0.15855539478847103
831.799	0.15855539478847103
831.943	0.15855539478847103
832.088	0.1585544431610978
832.23	0.15855301572003797
832.3739999999999	0.15855253990635135
832.5179999999999	0.15855253990635135
832.6619999999999	0.15855253990635135
832.805	0.15855253990635135
832.949	0.15855301572003797
833.093	0.1585544431610978
833.237	0.15855539478847103
833.381	0.15855539478847103
833.525	0.15855539478847103
833.668	0.15855539478847103
833.813	0.15855539478847103
833.956	0.15855587060215764
834.1	0.15855729804321744
834.2429999999999	0.15855824967059065
834.3879999999999	0.15855824967059065
834.531	0.15855824967059065
834.6759999999999	0.15855872548427727
834.818	0.1585601529253371
834.962	0.1585601529253371
835.106	0.15856110455271033
835.25	0.15856158036639695
835.394	0.15856300780745675
835.54	0.15856395943482995
835.6809999999999	0.15856395943482995
835.8249999999999	0.15856395943482995
835.9689999999999	0.15856300780745675
836.1129999999999	0.15856158036639695
836.256	0.15856110455271033
836.4	0.15855967711165048
836.544	0.15855967711165048
836.688	0.15856110455271033
836.831	0.15856110455271033
836.975	0.15856110455271033
837.1189999999999	0.15856158036639695
837.262	0.15856158036639695
837.406	0.15856110455271033
837.55	0.15856110455271033
837.6959999999999	0.15856110455271033
837.838	0.15856110455271033
837.982	0.15856110455271033
838.125	0.15856110455271033
838.269	0.15856110455271033
838.413	0.15856110455271033
838.557	0.15856110455271033
838.6999999999999	0.15856110455271033
838.8439999999999	0.15855967711165048
838.9879999999999	0.15855967711165048
839.132	0.15855967711165048
839.275	0.15855967711165048
839.419	0.15855967711165048
839.563	0.15855824967059065
839.707	0.15855824967059065
839.85	0.15855824967059065
839.9939999999999	0.15855824967059065
840.1379999999999	0.15855824967059065
840.2819999999999	0.15855824967059065
840.4259999999999	0.15855824967059065
840.5699999999999	0.15855729804321744
840.713	0.15855729804321744
840.857	0.15855587060215764
841.001	0.15855587060215764
841.145	0.15855729804321744
841.288	0.15855824967059065
841.432	0.15855824967059065
841.576	0.15855824967059065
841.7199999999999	0.15855824967059065
841.8629999999999	0.15855967711165048
842.0079999999999	0.15856110455271033
842.1519999999999	0.15856158036639695
842.2959999999999	0.15856300780745675
842.4399999999999	0.15856300780745675
842.584	0.15856158036639695
842.727	0.15856158036639695
842.871	0.15856158036639695
843.016	0.15856300780745675
843.158	0.15856300780745675
843.302	0.15856395943482995
843.4459999999999	0.15856300780745675
843.5899999999999	0.15856205618008354
843.7339999999999	0.15856205618008354
843.877	0.15856205618008354
844.021	0.15856158036639695
844.165	0.15856110455271033
844.308	0.15856158036639695
844.452	0.15856158036639695
844.596	0.15856158036639695
844.74	0.15856158036639695
844.8829999999999	0.15856158036639695
845.028	0.15856158036639695
845.1709999999999	0.15856158036639695
845.3149999999999	0.15856158036639695
845.459	0.15856205618008354
845.603	0.15856300780745675
845.746	0.15856300780745675
845.89	0.15856300780745675
846.034	0.15856300780745675
846.178	0.15856300780745675
846.3209999999999	0.15856300780745675
846.4649999999999	0.15856205618008354
846.6089999999999	0.15856205618008354
846.7529999999999	0.15856205618008354
846.896	0.15856205618008354
847.04	0.15856158036639695
847.184	0.15856158036639695
847.328	0.15856110455271033
847.472	0.15855967711165048
847.615	0.15856110455271033
847.759	0.15856110455271033
847.903	0.15855967711165048
848.0469999999999	0.15855967711165048
848.1909999999999	0.15855967711165048
848.334	0.15855967711165048
848.478	0.15855967711165048
848.622	0.15855967711165048
848.766	0.15855967711165048
848.91	0.15855967711165048
849.054	0.15856110455271033
849.197	0.15856110455271033
849.3399999999999	0.15856110455271033
849.485	0.15856110455271033
849.6279999999999	0.15856158036639695
849.7719999999999	0.15856205618008354
849.915	0.15856300780745675
850.06	0.15856395943482995
850.203	0.15856395943482995
850.347	0.15856395943482995
850.491	0.15856395943482995
850.635	0.15856395943482995
850.779	0.15856395943482995
850.9219999999999	0.15856395943482995
851.0659999999999	0.15856443524851657
851.2099999999999	0.1585658626895764
851.353	0.1585658626895764
851.497	0.1585658626895764
851.641	0.1585658626895764
851.785	0.1585658626895764
851.928	0.1585658626895764
852.072	0.15856443524851657
852.216	0.15856395943482995
852.36	0.15856395943482995
852.504	0.15856395943482995
852.6479999999999	0.15856395943482995
852.7909999999999	0.15856395943482995
852.935	0.15856395943482995
853.079	0.15856395943482995
853.223	0.15856395943482995
853.366	0.15856395943482995
853.51	0.15856395943482995
853.654	0.15856395943482995
853.798	0.15856395943482995
853.9409999999999	0.15856395943482995
854.0849999999999	0.15856300780745675
854.2289999999999	0.15856300780745675
854.372	0.15856205618008354
854.5169999999999	0.15856158036639695
854.66	0.15856110455271033
854.804	0.15855967711165048
854.948	0.15855824967059065
855.092	0.15855729804321744
855.236	0.15855587060215764
855.379	0.1585544431610978
855.5229999999999	0.15855349153372458
855.6669999999999	0.15855301572003797
855.81	0.15855253990635135
855.954	0.15855253990635135
856.098	0.15855158827897814
856.242	0.15855158827897814
856.385	0.15855063665160493
856.529	0.15855063665160493
856.673	0.15855063665160493
856.817	0.15855063665160493
856.9599999999999	0.15855063665160493
857.105	0.15855063665160493
857.2479999999999	0.15855063665160493
857.3919999999999	0.1585492092105451
857.536	0.15854778176948528
857.68	0.15854778176948528
857.823	0.15854683014211207
857.9699999999999	0.15854540270105222
858.111	0.1585449268873656
858.255	0.1585449268873656
858.3979999999999	0.1585449268873656
858.5419999999999	0.1585434994463058
858.6859999999999	0.15854064456418615
858.8299999999999	0.15854064456418615
858.973	0.15854064456418615
859.117	0.15853826549575312
859.261	0.15853826549575312
859.406	0.15853826549575312
859.55	0.15853683805469332
859.694	0.15853493479994685
859.837	0.1585325557315138
859.981	0.15853112829045402
860.125	0.1585306524767674
860.269	0.15852827340833434
860.4119999999999	0.15852446689884148
860.5559999999999	0.15852256364409503
860.6999999999999	0.15852208783040841
860.8439999999999	0.15852018457566197
860.987	0.15852018457566197
861.131	0.15852018457566197
861.275	0.15852018457566197
861.418	0.15852018457566197
861.563	0.15851828132091556
861.706	0.15851828132091556
861.85	0.15851828132091556
861.9939999999999	0.15851828132091556
862.1379999999999	0.15851828132091556
862.281	0.15851828132091556
862.425	0.15851828132091556
862.569	0.15851828132091556
862.713	0.15851828132091556
862.856	0.15851828132091556
863.0	0.15851828132091556
863.145	0.15851828132091556
863.288	0.15851828132091556
863.432	0.15851828132091556
863.5749999999999	0.15851828132091556
863.7189999999999	0.15851828132091556
863.8629999999999	0.15851828132091556
864.006	0.15851828132091556
864.15	0.15851828132091556
864.294	0.15851828132091556
864.438	0.15851828132091556
864.582	0.15851828132091556
864.726	0.15851828132091556
864.8689999999999	0.15851828132091556
865.0129999999999	0.15851780550722894
865.1569999999999	0.15851590225248252
865.3009999999999	0.15851590225248252
865.444	0.15851590225248252
865.588	0.15851780550722894
865.732	0.15851590225248252
865.876	0.15851590225248252
866.019	0.15851590225248252
866.163	0.15851780550722894
866.307	0.15851590225248252
866.4499999999999	0.15851590225248252
866.5949999999999	0.15851590225248252
866.7379999999999	0.15851590225248252
866.882	0.15851590225248252
867.025	0.15851590225248252
867.17	0.15851590225248252
867.313	0.15851590225248252
867.457	0.15851447481142272
867.601	0.15851447481142272
867.745	0.15851447481142272
867.889	0.15851447481142272
868.0319999999999	0.15851447481142272
868.1759999999999	0.15851447481142272
868.3199999999999	0.15851447481142272
868.463	0.15851447481142272
868.607	0.1585130473703629
868.751	0.1585130473703629
868.895	0.15851066830192986
869.038	0.15851066830192986
869.182	0.1585130473703629
869.326	0.1585135231840495
869.4699999999999	0.1585135231840495
869.6139999999999	0.1585135231840495
869.7579999999999	0.1585135231840495
869.901	0.15851447481142272
870.045	0.15851447481142272
870.189	0.15851637806616914
870.333	0.15851637806616914
870.476	0.15851637806616914
870.62	0.15851447481142272
870.764	0.15851447481142272
870.908	0.15851447481142272
871.0509999999999	0.1585135231840495
871.1949999999999	0.1585120957429897
871.3389999999999	0.15851066830192986
871.482	0.15850971667455666
871.627	0.15850971667455666
871.77	0.15851066830192986
871.914	0.15851066830192986
872.058	0.15851066830192986
872.202	0.1585120957429897
872.3449999999999	0.1585135231840495
872.4889999999999	0.15851447481142272
872.6329999999999	0.15851447481142272
872.7769999999999	0.15851447481142272
872.924	0.15851447481142272
873.064	0.15851447481142272
873.208	0.15851447481142272
873.352	0.1585135231840495
873.495	0.1585120957429897
873.639	0.1585120957429897
873.783	0.1585135231840495
873.927	0.1585135231840495
874.0709999999999	0.1585120957429897
874.2139999999999	0.15851066830192986
874.358	0.15851066830192986
874.502	0.15851066830192986
874.646	0.15850924086087004
874.79	0.15850781341981018
874.933	0.15850781341981018
875.077	0.15850638597875039
875.221	0.15850591016506377
875.365	0.15850591016506377
875.5079999999999	0.15850591016506377
875.6519999999999	0.15850591016506377
875.7959999999999	0.15850591016506377
875.9399999999999	0.15850495853769053
876.083	0.1585025794692575
876.227	0.1585025794692575
876.371	0.1585025794692575
876.515	0.1585025794692575
876.659	0.15850495853769053
876.802	0.15850591016506377
876.947	0.15850591016506377
877.091	0.15850638597875039
877.235	0.15850638597875039
877.3779999999999	0.15850638597875039
877.5219999999999	0.15850638597875039
877.6669999999999	0.15850638597875039
877.81	0.15850638597875039
877.954	0.15850591016506377
878.097	0.15850591016506377
878.241	0.15850591016506377
878.385	0.15850495853769053
878.528	0.1585025794692575
878.673	0.1585025794692575
878.8159999999999	0.1585025794692575
878.9599999999999	0.1585025794692575
879.103	0.1585025794692575
879.2479999999999	0.15850115202819767
879.391	0.15850115202819767
879.535	0.15850115202819767
879.679	0.15850115202819767
879.823	0.15850115202819767
879.966	0.15850115202819767
880.11	0.15850115202819767
880.254	0.15850115202819767
880.3979999999999	0.15850115202819767
880.5409999999999	0.15850115202819767
880.685	0.15850115202819767
880.829	0.15850115202819767
880.973	0.15850115202819767
881.116	0.15850115202819767
881.26	0.1585025794692575
881.404	0.15850495853769053
881.548	0.15850495853769053
881.692	0.15850495853769053
881.8349999999999	0.15850495853769053
881.9789999999999	0.15850495853769053
882.1229999999999	0.15850591016506377
882.2669999999999	0.1585073376061236
882.411	0.15850924086087004
882.554	0.15851066830192986
882.698	0.1585120957429897
882.842	0.1585135231840495
882.986	0.15851447481142272
883.129	0.15851447481142272
883.2729999999999	0.15851447481142272
883.4169999999999	0.15851447481142272
883.56	0.15851447481142272
883.7049999999999	0.15851447481142272
883.848	0.15851447481142272
883.992	0.15851447481142272
884.135	0.15851447481142272
884.28	0.15851447481142272
884.423	0.15851447481142272
884.567	0.15851447481142272
884.711	0.15851447481142272
884.855	0.15851447481142272
884.9979999999999	0.15851447481142272
885.1419999999999	0.1585135231840495
885.286	0.1585120957429897
885.43	0.15851066830192986
885.573	0.15850924086087004
885.717	0.15850924086087004
885.861	0.1585073376061236
886.005	0.15850591016506377
886.1479999999999	0.15850591016506377
886.2919999999999	0.15850591016506377
886.4359999999999	0.1585073376061236
886.5799999999999	0.15850924086087004
886.7239999999999	0.15851066830192986
886.867	0.15850924086087004
887.011	0.15850924086087004
887.155	0.15850924086087004
887.299	0.15850924086087004
887.443	0.15850924086087004
887.586	0.15850924086087004
887.73	0.15850924086087004
887.8739999999999	0.15850924086087004
888.019	0.15850924086087004
888.161	0.15850924086087004
888.305	0.15850924086087004
888.449	0.15850924086087004
888.593	0.15851066830192986
888.736	0.15851066830192986
888.88	0.1585120957429897
889.024	0.1585135231840495
889.168	0.15851447481142272
889.312	0.15851447481142272
889.456	0.15851447481142272
889.5989999999999	0.15851637806616914
889.7429999999999	0.15851828132091556
889.887	0.15851828132091556
890.03	0.15851828132091556
890.174	0.15851828132091556
890.318	0.15851828132091556
890.462	0.15851828132091556
890.605	0.15851828132091556
890.75	0.15851828132091556
890.8929999999999	0.15851685387985576
891.0369999999999	0.15851685387985576
891.18	0.15851828132091556
891.324	0.15851828132091556
891.468	0.15851828132091556
891.612	0.15851828132091556
891.756	0.15851828132091556
891.9	0.15851828132091556
892.043	0.15851828132091556
892.187	0.15851828132091556
892.331	0.15851828132091556
892.475	0.15851828132091556
892.6179999999999	0.15851828132091556
892.762	0.15851828132091556
892.906	0.15852018457566197
893.05	0.15852208783040841
893.193	0.15852208783040841
893.337	0.15852018457566197
893.481	0.15851828132091556
893.625	0.15851828132091556
893.769	0.15851828132091556
893.913	0.15851828132091556
894.0559999999999	0.15851828132091556
894.1999999999999	0.15851828132091556
894.3449999999999	0.15851828132091556
894.4879999999999	0.15851828132091556
894.632	0.15851828132091556
894.776	0.15851828132091556
894.92	0.15851828132091556
895.064	0.15852161201672182
895.207	0.15852541852621468
895.351	0.15852827340833434
895.495	0.1585320799178272
895.639	0.1585320799178272
895.7819999999999	0.1585320799178272
895.9259999999999	0.1585320799178272
896.0699999999999	0.15853350735888702
896.2139999999999	0.15853350735888702
896.358	0.15853398317257364
896.501	0.15853445898626026
896.645	0.15853683805469332
896.789	0.15853921712312635
896.933	0.15853969293681297
897.076	0.15853969293681297
897.2199999999999	0.15854112037787277
897.3639999999999	0.1585425478189326
897.5079999999999	0.15854397525999242
897.6519999999999	0.1585449268873656
897.795	0.1585449268873656
897.939	0.1585449268873656
898.083	0.1585449268873656
898.226	0.1585449268873656
898.37	0.1585449268873656
898.514	0.1585449268873656
898.658	0.1585449268873656
898.8009999999999	0.1585449268873656
898.9459999999999	0.1585449268873656
899.0889999999999	0.1585449268873656
899.233	0.15854540270105222
899.377	0.15854540270105222
899.521	0.15854587851473884
899.664	0.15854683014211207
899.808	0.1585501608379183
899.952	0.1585501608379183
900.096	0.1585501608379183
900.2389999999999	0.1585501608379183
900.3829999999999	0.1585501608379183
900.5269999999999	0.1585501608379183
900.6709999999999	0.1585501608379183
900.8149999999999	0.1585544431610978
900.958	0.1585544431610978
901.102	0.1585544431610978
901.246	0.1585544431610978
901.39	0.1585501608379183
901.533	0.15854683014211207
901.677	0.15854683014211207
901.8209999999999	0.15854587851473884
901.9649999999999	0.15854587851473884
902.1089999999999	0.15854540270105222
902.252	0.15854587851473884
902.396	0.15854683014211207
902.54	0.1585501608379183
902.684	0.1585544431610978
902.827	0.15855777385690406
902.9739999999999	0.1585606287390237
903.115	0.15856205618008354
903.2579999999999	0.15856348362114336
903.403	0.15856348362114336
903.5459999999999	0.15856348362114336
903.6899999999999	0.1585649110622032
903.834	0.15856633850326302
903.978	0.15856776594432284
904.121	0.15856871757169605
904.265	0.15856966919906926
904.409	0.15857014501275585
904.553	0.15857062082644247
904.697	0.1585715724538157
904.8399999999999	0.1585725240811889
904.9839999999999	0.1585725240811889
905.1279999999999	0.15857299989487553
905.271	0.15857442733593535
905.415	0.15857585477699515
905.559	0.158577282218055
905.703	0.1585782338454282
905.846	0.15858061291386125
905.991	0.15858727430547376
906.136	0.15859155662865326
906.279	0.15859203244233988
906.423	0.15859203244233988
906.5659999999999	0.15859203244233988
906.709	0.15859345988339968
906.853	0.1585944115107729
906.997	0.1585944115107729
907.1419999999999	0.15859488732445948
907.284	0.15859631476551933
907.428	0.15859869383395236
907.572	0.15859869383395236
907.716	0.15859869383395236
907.8589999999999	0.15859869383395236
908.0029999999999	0.15859869383395236
908.1469999999999	0.15860059708869878
908.2909999999999	0.1586010729023854
908.435	0.15860250034344525
908.578	0.15860392778450508
908.722	0.15860773429399794
908.866	0.1586115408034908
909.01	0.158612492430864
909.154	0.1586134440582372
909.2969999999999	0.15861534731298366
909.4409999999999	0.15861534731298366
909.5849999999999	0.15861534731298366
909.7289999999999	0.15861534731298366
909.872	0.15861534731298366
910.016	0.1586182021951033
910.16	0.15861962963616313
910.303	0.15862010544984975
910.447	0.15862105707722296
910.591	0.15862200870459614
910.735	0.158623436145656
910.8779999999999	0.158623436145656
911.0229999999999	0.15862486358671582
911.1659999999999	0.1586253394004024
911.31	0.1586253394004024
911.454	0.1586253394004024
911.598	0.15862581521408903
911.742	0.15862581521408903
911.886	0.15862676684146226
912.03	0.15862771846883547
912.174	0.15862819428252206
912.317	0.15862819428252206
912.461	0.15862819428252206
912.605	0.15862819428252206
912.7489999999999	0.15862819428252206
912.8919999999999	0.15862819428252206
913.036	0.15862819428252206
913.18	0.15862819428252206
913.324	0.15862819428252206
913.468	0.15862867009620868
913.612	0.15862962172358192
913.755	0.1586310491646417
913.899	0.15863247660570157
914.043	0.15863247660570157
914.187	0.15863247660570157
914.3299999999999	0.1586310491646417
914.4739999999999	0.1586310491646417
914.6179999999999	0.1586310491646417
914.762	0.1586310491646417
914.905	0.1586310491646417
915.049	0.1586310491646417
915.193	0.15863247660570157
915.336	0.15863342823307477
915.48	0.15863342823307477
915.6239999999999	0.15863342823307477
915.7679999999999	0.15863342823307477
915.9119999999999	0.15863342823307477
916.0559999999999	0.15863437986044798
916.199	0.15863437986044798
916.343	0.15863437986044798
916.487	0.15863533148782122
916.631	0.15863580730150784
916.775	0.15863628311519445
916.918	0.15863628311519445
917.062	0.15863628311519445
917.206	0.15863628311519445
917.3489999999999	0.15863628311519445
917.4929999999999	0.15863628311519445
917.637	0.15863628311519445
917.781	0.15863771055625425
917.9259999999999	0.15863771055625425
918.068	0.15863913799731408
918.212	0.15863913799731408
918.356	0.15863913799731408
918.5	0.15863913799731408
918.644	0.15863913799731408
918.7869999999999	0.15864199287943373
918.9309999999999	0.1586462752026132
919.0749999999999	0.158647702643673
919.2189999999999	0.15865008171210604
919.362	0.15865008171210604
919.506	0.15865246078053907
919.65	0.15865388822159893
919.794	0.15865531566265875
919.937	0.15865388822159893
920.081	0.15865388822159893
920.226	0.15865531566265875
920.3689999999999	0.15865388822159893
920.5129999999999	0.15865388822159893
920.6569999999999	0.15865388822159893
920.8009999999999	0.15865388822159893
920.943	0.15865531566265875
921.088	0.15865531566265875
921.231	0.15865531566265875
921.375	0.15865531566265875
921.519	0.15865531566265875
921.663	0.15865579147634534
921.807	0.15865721891740517
921.9499999999999	0.15865817054477838
922.0939999999999	0.15865817054477838
922.2379999999999	0.15865817054477838
922.381	0.15865817054477838
922.525	0.15865817054477838
922.669	0.15865817054477838
922.813	0.158658646358465
922.956	0.158658646358465
923.101	0.15865817054477838
923.2439999999999	0.15865817054477838
923.3879999999999	0.15865817054477838
923.5319999999999	0.15865817054477838
923.6759999999999	0.158658646358465
923.8199999999999	0.158658646358465
923.963	0.158658646358465
924.107	0.158658646358465
924.251	0.15865817054477838
924.394	0.158658646358465
924.538	0.1586591221721516
924.682	0.1586591221721516
924.826	0.1586591221721516
924.9689999999999	0.1586591221721516
925.1129999999999	0.1586591221721516
925.257	0.1586591221721516
925.401	0.1586591221721516
925.545	0.1586591221721516
925.688	0.15866007379952485
925.832	0.15866102542689806
925.976	0.15866102542689806
926.12	0.15866102542689806
926.264	0.15866102542689806
926.4069999999999	0.15866102542689806
926.5509999999999	0.15866102542689806
926.6949999999999	0.15866102542689806
926.8389999999999	0.15866197705427126
926.982	0.15866197705427126
927.126	0.15866197705427126
927.27	0.15866197705427126
927.414	0.15866292868164447
927.558	0.15866292868164447
927.701	0.15866197705427126
927.8449999999999	0.15866197705427126
927.9889999999999	0.15866292868164447
928.1329999999999	0.15866292868164447
928.276	0.15866292868164447
928.42	0.15866292868164447
928.564	0.15866292868164447
928.708	0.15866292868164447
928.852	0.15866292868164447
928.995	0.15866292868164447
929.139	0.15866197705427126
929.283	0.15866197705427126
929.427	0.15866197705427126
929.5709999999999	0.15866197705427126
929.7149999999999	0.15866197705427126
929.8589999999999	0.15866292868164447
930.002	0.15866292868164447
930.146	0.15866292868164447
930.29	0.15866292868164447
930.434	0.1586634044953311
930.578	0.15866483193639092
930.722	0.15866483193639092
930.865	0.15866483193639092
931.009	0.15866483193639092
931.153	0.1586634044953311
931.2969999999999	0.1586634044953311
931.4399999999999	0.15866292868164447
931.584	0.1586634044953311
931.728	0.15866483193639092
931.872	0.15866578356376415
932.015	0.15866578356376415
932.159	0.15866578356376415
932.303	0.15866483193639092
932.4459999999999	0.15866483193639092
932.5899999999999	0.15866483193639092
932.7339999999999	0.1586634044953311
932.8779999999999	0.15866292868164447
933.025	0.15866292868164447
933.1659999999999	0.15866292868164447
933.31	0.15866292868164447
933.453	0.15866292868164447
933.597	0.15866292868164447
933.741	0.15866292868164447
933.885	0.15866292868164447
934.028	0.15866292868164447
934.1719999999999	0.15866292868164447
934.3159999999999	0.15866292868164447
934.4599999999999	0.15866292868164447
934.6039999999999	0.15866197705427126
934.7479999999999	0.15866197705427126
934.891	0.15866197705427126
935.035	0.15866102542689806
935.179	0.15866102542689806
935.322	0.15866102542689806
935.466	0.15866102542689806
935.61	0.15866102542689806
935.754	0.15866102542689806
935.8979999999999	0.15866102542689806
936.0409999999999	0.15866102542689806
936.185	0.15866102542689806
936.329	0.15866102542689806
936.472	0.15866102542689806
936.616	0.15866102542689806
936.76	0.15866197705427126
936.904	0.15866197705427126
937.0469999999999	0.15866197705427126
937.1909999999999	0.15866197705427126
937.3349999999999	0.15866102542689806
937.4789999999999	0.15866007379952485
937.6229999999999	0.1586591221721516
937.7669999999999	0.1586591221721516
937.91	0.1586591221721516
938.054	0.1586591221721516
938.198	0.1586591221721516
938.342	0.1586591221721516
938.485	0.1586591221721516
938.629	0.15866007379952485
938.7729999999999	0.15866007379952485
938.9169999999999	0.15866007379952485
939.06	0.15866007379952485
939.204	0.15866007379952485
939.348	0.15866102542689806
939.491	0.15866197705427126
939.635	0.15866292868164447
939.779	0.15866197705427126
939.923	0.15866197705427126
940.0659999999999	0.15866292868164447
940.211	0.15866292868164447
940.3539999999999	0.15866292868164447
940.4979999999999	0.15866292868164447
940.6419999999999	0.15866292868164447
940.786	0.15866292868164447
940.929	0.15866197705427126
941.073	0.15866007379952485
941.217	0.15866007379952485
941.361	0.15866197705427126
941.504	0.15866292868164447
941.6479999999999	0.15866292868164447
941.7919999999999	0.15866292868164447
941.9359999999999	0.15866197705427126
942.079	0.15866197705427126
942.223	0.15866292868164447
942.367	0.15866292868164447
942.511	0.15866292868164447
942.655	0.15866292868164447
942.799	0.15866292868164447
942.942	0.15866292868164447
943.086	0.15866292868164447
943.23	0.15866292868164447
943.3739999999999	0.15866292868164447
943.5169999999999	0.15866292868164447
943.661	0.15866292868164447
943.805	0.15866292868164447
943.949	0.15866292868164447
944.092	0.15866292868164447
944.236	0.15866292868164447
944.38	0.15866292868164447
944.5229999999999	0.15866292868164447
944.668	0.15866292868164447
944.8109999999999	0.15866197705427126
944.9549999999999	0.15866102542689806
945.0989999999999	0.15866007379952485
945.2429999999999	0.1586591221721516
945.386	0.1586591221721516
945.53	0.15866007379952485
945.674	0.15866102542689806
945.818	0.15866102542689806
945.962	0.15866197705427126
946.105	0.15866197705427126
946.2489999999999	0.15866197705427126
946.3929999999999	0.15866102542689806
946.536	0.15866102542689806
946.68	0.15866102542689806
946.8249999999999	0.15866102542689806
946.9689999999999	0.15866102542689806
947.112	0.15866102542689806
947.256	0.15866102542689806
947.4	0.15866102542689806
947.544	0.15866102542689806
947.688	0.15866007379952485
947.832	0.1586591221721516
947.978	0.1586591221721516
948.1189999999999	0.15866007379952485
948.2629999999999	0.15866102542689806
948.4069999999999	0.15866007379952485
948.5509999999999	0.15866007379952485
948.694	0.15866102542689806
948.838	0.15866102542689806
948.982	0.15866007379952485
949.125	0.1586591221721516
949.27	0.1586591221721516
949.413	0.1586591221721516
949.557	0.1586591221721516
949.701	0.1586591221721516
949.8439999999999	0.158658646358465
949.9879999999999	0.158658646358465
950.132	0.15865817054477838
950.276	0.15865674310371858
950.419	0.15865436403528554
950.563	0.1586534124079123
950.707	0.1586534124079123
950.851	0.1586529365942257
950.9939999999999	0.15865246078053907
951.1379999999999	0.15865246078053907
951.2819999999999	0.1586529365942257
951.4259999999999	0.1586534124079123
951.569	0.1586534124079123
951.713	0.1586534124079123
951.857	0.1586534124079123
952.001	0.1586534124079123
952.144	0.1586534124079123
952.288	0.1586534124079123
952.432	0.1586534124079123
952.576	0.1586534124079123
952.7199999999999	0.1586529365942257
952.8639999999999	0.15865246078053907
953.007	0.15865246078053907
953.151	0.15865246078053907
953.295	0.15865150915316586
953.439	0.15865055752579266
953.582	0.15865055752579266
953.726	0.15865055752579266
953.87	0.15865055752579266
954.014	0.15865055752579266
954.1569999999999	0.15865055752579266
954.3009999999999	0.15865008171210604
954.4449999999999	0.15864865427104624
954.5889999999999	0.158647702643673
954.733	0.1586462752026132
954.876	0.15864437194786676
955.02	0.15864294450680694
955.164	0.15864151706574714
955.308	0.15864151706574714
955.452	0.1586386621836275
955.5949999999999	0.15863628311519445
955.7389999999999	0.15863628311519445
955.8829999999999	0.15863628311519445
956.0269999999999	0.15863628311519445
956.17	0.15863580730150784
956.314	0.15863437986044798
956.458	0.15863342823307477
956.601	0.15863200079201495
956.745	0.15863200079201495
956.889	0.15863200079201495
957.033	0.15863057335095512
957.1759999999999	0.15862962172358192
957.3209999999999	0.15862819428252206
957.4639999999999	0.15862676684146226
957.608	0.15862581521408903
957.752	0.15862581521408903
957.896	0.15862581521408903
958.039	0.15862581521408903
958.183	0.15862581521408903
958.327	0.15862581521408903
958.471	0.1586253394004024
958.6139999999999	0.1586253394004024
958.7579999999999	0.15862486358671582
958.9019999999999	0.1586239119593426
959.0459999999999	0.15862296033196938
959.189	0.15862296033196938
959.333	0.15862248451828276
959.477	0.15862200870459614
959.621	0.15862200870459614
959.765	0.15862200870459614
959.908	0.15862200870459614
960.052	0.15862200870459614
960.1959999999999	0.15862200870459614
960.3399999999999	0.1586196296361631
960.4839999999999	0.1586167747540435
960.627	0.1586162989403569
960.771	0.15861534731298366
960.915	0.15861391987192383
961.059	0.1586134440582372
961.202	0.1586134440582372
961.346	0.158612492430864
961.49	0.1586115408034908
961.6329999999999	0.1586115408034908
961.778	0.1586115408034908
961.9209999999999	0.1586110649898042
962.0649999999999	0.1586105891761176
962.209	0.15860916173505774
962.353	0.1586077342939979
962.496	0.1586077342939979
962.64	0.1586077342939979
962.784	0.1586077342939979
962.93	0.1586077342939979
963.072	0.1586077342939979
963.2149999999999	0.1586077342939979
963.3589999999999	0.1586077342939979
963.5029999999999	0.1586077342939979
963.646	0.1586077342939979
963.7909999999999	0.1586067826666247
963.934	0.1586058310392515
964.078	0.1586058310392515
964.221	0.15860345197081843
964.366	0.1586010729023854
964.51	0.1586010729023854
964.654	0.1586010729023854
964.798	0.1586010729023854
964.942	0.15859916964763898
965.0849999999999	0.15859726639289254
965.2289999999999	0.15859631476551933
965.3729999999999	0.15859488732445948
965.5169999999999	0.15859298406971306
965.66	0.1585901291875934
965.804	0.1585901291875934
965.948	0.1585901291875934
966.092	0.15858870174653358
966.235	0.15858727430547376
966.379	0.15858584686441396
966.5229999999999	0.15858584686441396
966.6669999999999	0.1585844194233541
966.8109999999999	0.15858204035492107
966.954	0.15858061291386127
967.098	0.15858013710017466
967.242	0.15857918547280142
967.386	0.1585768064043684
967.529	0.15857537896330856
967.673	0.15857442733593535
967.817	0.15857347570856214
967.961	0.15857299989487553
968.1039999999999	0.15856966919906929
968.2479999999999	0.15856966919906929
968.3919999999999	0.15856538687588978
968.536	0.15856253199377013
968.679	0.1585601529253371
968.823	0.15855872548427727
968.967	0.15855824967059065
969.111	0.15855682222953082
969.255	0.15855539478847103
969.399	0.15855539478847103
969.5419999999999	0.15855158827897814
969.6859999999999	0.15854778176948528
969.8299999999999	0.15854683014211207
969.9739999999999	0.15854540270105222
970.117	0.15854397525999242
970.261	0.1585430236326192
970.405	0.1585425478189326
970.549	0.15854064456418615
970.692	0.15853826549575312
970.836	0.15853683805469332
970.98	0.1585320799178272
971.1239999999999	0.15852779759464772
971.2669999999999	0.1585263701535879
971.411	0.1585249427125281
971.555	0.1585249427125281
971.699	0.15852351527146824
971.843	0.15851732969354235
971.987	0.15851114411561645
972.13	0.15850971667455666
972.274	0.15850924086087004
972.418	0.15850781341981018
972.562	0.15850495853769053
972.7049999999999	0.15850067621451108
972.8489999999999	0.15849782133239143
972.9929999999999	0.15849401482289854
973.137	0.15849068412709227
973.28	0.15848925668603248
973.424	0.15848735343128606
973.568	0.15848592599022623
973.711	0.1584844985491664
973.856	0.1584840227354798
973.9989999999999	0.1584783129712405
974.1429999999999	0.15847165157962795
974.2869999999999	0.15847069995225474
974.4309999999999	0.15847069995225474
974.574	0.15847022413856815
974.718	0.15846594181538867
974.862	0.15846118367852258
975.006	0.15845880461008954
975.15	0.15845737716902972
975.293	0.15845261903216362
975.437	0.15844643345423773
975.581	0.15844357857211808
975.7239999999999	0.15843548973944574
975.8679999999999	0.1584264492794002
976.012	0.15842407021096716
976.156	0.15842359439728054
976.3	0.15841883626041445
976.4449999999999	0.1584097958003689
976.588	0.15840218278138316
976.731	0.1583993278992635
976.876	0.1583993278992635
977.019	0.1583988520855769
977.1619999999999	0.1583931423213376
977.3059999999999	0.15837934372442594
977.4499999999999	0.15836697256857413
977.5939999999999	0.15836031117696162
977.737	0.1583312865420785
977.881	0.15755951674239993
978.0269999999999	0.1521947174258918
978.169	0.14309811136531503
978.313	0.13438120462665168
978.456	0.12625240360463613
978.6	0.10715704873367339
978.7439999999999	0.0881630421779582
978.8879999999999	0.08205740095140099
979.0319999999999	0.07756191324032612
979.175	0.07331337283260095
979.319	0.0706369208454295
979.463	0.06931035228716564
979.607	0.06767117413680018
979.75	0.0663983725251231
979.894	0.0654833828057754
980.038	0.06170304306567276
980.182	0.05808590742007676
980.3249999999999	0.05756060911006124
980.4689999999999	0.056887332743510544
980.6129999999999	0.05587480121840817
980.757	0.0552200815856352
980.9	0.054786615317135065
981.044	0.05394870741501792
981.188	0.053189308771191136
981.332	0.052754415061631185
981.476	0.05106670391523168
981.6189999999999	0.04943656622491178
981.764	0.04900833390696434
981.908	0.04853204440666947
982.052	0.04817946646489275
982.1949999999999	0.04789588150767422
982.3389999999999	0.04738105109876409
982.483	0.04689619695211027
982.627	0.046615942690698006
982.77	0.04596360212635808
982.914	0.04461895264800313
983.058	0.04377628660901989
983.202	0.043585961134376586
983.3449999999999	0.04311585721200763
983.4889999999999	0.042769464848156816
983.6329999999999	0.04270665744152453
983.7769999999999	0.04241831434743992
983.9209999999999	0.04210427731427847
984.064	0.04202100991912202
984.208	0.041701263121721274
984.352	0.04096660678959811
984.496	0.04047984938819786
984.64	0.04029666111885368
984.783	0.04001069709320212
984.927	0.03985700927242765
985.0709999999999	0.03973662840971576
985.2149999999999	0.039434962532406116
985.358	0.039199434757535026
985.502	0.03914661943832151
985.646	0.038775960576453675
985.79	0.03799895682622238
985.934	0.03758261985044015
986.077	0.0374527227139961
986.221	0.037152960091432895
986.365	0.0369112467386359
986.509	0.03681465656025442
986.6519999999999	0.036677622218511244
986.7959999999999	0.03648444186174829
986.9399999999999	0.036392134006546284
987.084	0.03618087272969222
987.228	0.03573218042322063
987.371	0.0354367001238369
987.515	0.035376271785637646
987.659	0.035228769542789085
987.803	0.03502892779441362
987.9459999999999	0.03494470877188395
988.0899999999999	0.034839078133456915
988.2339999999999	0.0346306717387225
988.377	0.03449696809278558
988.5219999999999	0.03430473936339584
988.665	0.03395406467636555
988.809	0.0337437550268847
988.953	0.033702835049836385
989.097	0.03362147090942638
989.24	0.03345541193280009
989.384	0.03336072500916505
989.528	0.03328364319193451
989.6719999999999	0.03319228696410573
989.8149999999999	0.03315707675129671
989.959	0.032942960592322997
990.103	0.03265889982141786
990.247	0.0325513659282444
990.391	0.032460485514102216
990.534	0.03235866138516805
990.678	0.03230061211540184
990.822	0.03219831217278106
990.966	0.03206984247739683
991.1089999999999	0.03196754253477606
991.2529999999999	0.031897122109158044
991.3969999999999	0.03173296638727818
991.5409999999999	0.031553108813740266
991.685	0.03143843771526768
991.8299999999999	0.031355646133797835
991.972	0.031342799164259416
992.116	0.031309968019883436
992.26	0.03121099877306892
992.403	0.031060641648100712
992.549	0.030981656576123735
992.692	0.030916470101058406
992.8349999999999	0.030851283625993077
992.982	0.0307951376109733
993.122	0.030744225546506215
993.266	0.030685700463053404
993.41	0.03062146561536129
993.554	0.030604812136329998
993.697	0.03051488334956104
993.841	0.030427333631225115
993.985	0.030420196425925992
994.129	0.030383558772057152
994.2729999999999	0.030336929030769545
994.4159999999999	0.030319323924365038
994.56	0.030277452319943512
994.704	0.030219403050177306
994.848	0.03016611191727718
994.991	0.03013185333184138
995.135	0.03012471612654226
995.279	0.03008427196318056
995.4219999999999	0.030042876172445637
995.567	0.030026698507100956
995.7099999999999	0.029785936781677177
995.8539999999999	0.029544223428880183
995.9979999999999	0.029524239254042635
996.1419999999999	0.029368172364835125
996.285	0.029218766867240134
996.429	0.029188314791297205
996.573	0.029146919000562283
996.717	0.02912360412991848
996.86	0.029105999023513976
997.004	0.029098861818214847
997.1479999999999	0.028889027982420608
997.2919999999999	0.028677766705566536
997.435	0.02867443600976028
997.579	0.02858641047773775
997.723	0.02849315099516253
997.867	0.028473642634011594
998.01	0.028441763117008842
998.154	0.028421303128484683
998.298	0.02840036732627392
998.442	0.028380383151436372
998.586	0.02834850363443362
998.73	0.02827951064987542
998.8729999999999	0.028149613513431367
999.0169999999999	0.028043507061317724
999.161	0.028025901954913217
999.3059999999999	0.027998780574776547
999.449	0.027961667107221106
999.593	0.02792265038491923
999.737	0.027857463909853893
999.881	0.027769438377831367
1000.024	0.02765381565198556
1000.168	0.027580064530561277
1000.312	0.027565790119963032
1000.4549999999999	0.0275581771009773
1000.6	0.02755151570936478
1000.7429999999999	0.027529152466094192
1000.887	0.027506789222823607
1001.03	0.027493942253285185
1001.175	0.027458256226789567
1001.318	0.027408771603382308
1001.462	0.027383553477992068
1001.606	0.027368803253707212
1001.75	0.02733882699145089
1001.894	0.027303616778641876
1002.0369999999999	0.027266503311086432
1002.1809999999999	0.027241760999382802
1002.3249999999999	0.027216542873992566
1002.468	0.027189421493855892
1002.612	0.027135654547269163
1002.756	0.027066185749024356
1002.9	0.02702621739934926
1003.0469999999999	0.02700147508764563
1003.188	0.02697197463907592
1003.331	0.026940570935759772
1003.475	0.02685968260903637
1003.6189999999999	0.026762616616968285
1003.762	0.026734543609458393
1003.906	0.026698857582962775
1004.05	0.02665888923328768
1004.194	0.026632719480524227
1004.338	0.026598460895088438
1004.481	0.026541839066382054
1004.625	0.026469991199704203
1004.769	0.026433829359521974
1004.913	0.02642859540896928
1005.057	0.02642621634053624
1005.1999999999999	0.02641622425311747
1005.3439999999999	0.026397667519339748
1005.4879999999999	0.026374352648695944
1005.632	0.0263429489453798
1005.775	0.026319158261049386
1005.919	0.02631249686943687
1006.063	0.02631011780100383
1006.206	0.026299174086211838
1006.351	0.026286802930360023
1006.4939999999999	0.02628204479349394
1006.6379999999999	0.02627681084294125
1006.7819999999999	0.026269197823955516
1006.9259999999999	0.026253971785984053
1007.069	0.02624302807119206
1007.213	0.026242552257505457
1007.357	0.026236842493266153
1007.501	0.026214955063682176
1007.644	0.02619782577096428
1007.788	0.026195922516217843
1007.932	0.02619116437935176
1008.078	0.02617784159612673
1008.2189999999999	0.026164994626588306
1008.3629999999999	0.026156429980229358
1008.507	0.02613692161907842
1008.651	0.026122171394793565
1008.795	0.02611979232636052
1008.938	0.026108848611568532
1009.082	0.026098856524149762
1009.226	0.02609314675991046
1009.37	0.026087436995671162
1009.5129999999999	0.02608458211355151
1009.6569999999999	0.02607982397668543
1009.8009999999999	0.026072686771386307
1009.9449999999999	0.026062694683967533
1010.088	0.026010355178440622
1010.232	0.02596182218240658
1010.376	0.025956112418167282
1010.52	0.025910910117939494
1010.663	0.025868562699831357
1010.807	0.025847151083933984
1010.951	0.02580813436163211
1011.0949999999999	0.025785295304674917
1011.2379999999999	0.025770545080390058
1011.382	0.02573961719076052
1011.526	0.025693939076846126
1011.67	0.025658728864037115
1011.814	0.025604961917450382
1011.958	0.02554215451081809
1012.101	0.02550694429800908
1012.245	0.02548220198630545
1012.389	0.02545508060616878
1012.533	0.025423201089166028
1012.6759999999999	0.025409402492254388
1012.8199999999999	0.02540321691432848
1012.9639999999999	0.02538275692580432
1013.108	0.02535991786884713
1013.252	0.025325183469724726
1013.395	0.025293779766408585
1013.539	0.025284263492676415
1013.683	0.025273319777884426
1013.827	0.025263803504152263
1013.9699999999999	0.025246198397747756
1014.1139999999999	0.025186721686921723
1014.2579999999999	0.02506348594209018
1014.401	0.02495975855840958
1014.5459999999999	0.02492692741403361
1014.689	0.024905991611822848
1014.833	0.02486935395795401
1014.976	0.02484699071468342
1015.12	0.024845087459936986
1015.264	0.024835571186204823
1015.408	0.024797506091276164
1015.552	0.024756110300541246
1015.6959999999999	0.024740884262569783
1015.8389999999999	0.02473279542989744
1015.983	0.024728988920404572
1016.127	0.02472090008773223
1016.271	0.02470852893188042
1016.415	0.02469758521708843
1016.558	0.024688068943356265
1016.702	0.024682359179116965
1016.847	0.024679504296997317
1016.991	0.02466998802326515
1017.134	0.024659044308473158
1017.278	0.024654761985293684
1017.4219999999999	0.02465143128948743
1017.5659999999999	0.02465095547580082
1017.709	0.024648576407367777
1017.853	0.024641915015755262
1017.997	0.024630971300963273
1018.141	0.024619075958798066
1018.284	0.024610511312439118
1018.428	0.02460432573451321
1018.572	0.024594809460781047
1018.716	0.02458719644179531
1018.8589999999999	0.024578631795436363
1019.0029999999999	0.0245634057574649
1019.1469999999999	0.024555316924792563
1019.2909999999999	0.02454913134686665
1019.434	0.024542469955254134
1019.579	0.02452248578041659
1019.722	0.024499170909772786
1019.866	0.0244710979022629
1020.01	0.024447307217932486
1020.154	0.024444928149499445
1020.2969999999999	0.024442549081066405
1020.4409999999999	0.02444112164000658
1020.5849999999999	0.02443636350314049
1020.7289999999999	0.024424943974661897
1020.8729999999999	0.024409717936690434
1021.016	0.024394967712405576
1021.16	0.024385451438673413
1021.304	0.02432597472784738
1021.448	0.024261264066468655
1021.591	0.024246038028497188
1021.735	0.024236521754765025
1021.879	0.024225102226286425
1022.0229999999999	0.02421368269780783
1022.1659999999999	0.024209400374628355
1022.31	0.02419560177771671
1022.454	0.02417656923025238
1022.598	0.02411756833311296
1022.741	0.023968638649204572
1022.885	0.023869193588703444
1023.031	0.023846830345432855
1023.173	0.02382208803372923
1023.317	0.023816854083176537
1023.4599999999999	0.023812095946310452
1023.6039999999999	0.02380686199575776
1023.7479999999999	0.023803055486264893
1023.8919999999999	0.02379591828096577
1024.035	0.023784974566173785
1024.179	0.02376689364608267
1024.323	0.023747861098618338
1024.467	0.02373025599221383
1024.611	0.02371502995424237
1024.7540000000001	0.023710271817376286
1024.8980000000001	0.02369647322046465
1025.0420000000001	0.023672206722447627
1025.1860000000001	0.023659359752909205
1025.3290000000002	0.023647940224430605
1025.4730000000002	0.02361082675687516
1025.6170000000002	0.023577519798812584
1025.761	0.02356800352508042
1025.904	0.023559914692408077
1026.048	0.023543261213376784
1026.192	0.023527083548032103
1026.336	0.023522801224852632
1026.479	0.023517091460613336
1026.623	0.023500913795268655
1026.767	0.023466179396146248
1026.911	0.023434299879143493
1027.054	0.023382912000989804
1027.198	0.023325814358596812
1027.342	0.02329821716477353
1027.486	0.023267765088830605
1027.63	0.02322208697491621
1027.7740000000001	0.023184973507360766
1027.9170000000001	0.023164989332523214
1028.0610000000001	0.02315023910823836
1028.2050000000002	0.023140722834506196
1028.3490000000002	0.023132158188147248
1028.4920000000002	0.023119311218608822
1028.636	0.023108367503816833
1028.78	0.023095520534278415
1028.924	0.023077915427873907
1029.068	0.023066020085708697
1029.211	0.023047463351930975
1029.355	0.02303509219607916
1029.499	0.023017487089674656
1029.643	0.022991317336911204
1029.786	0.022973236416820086
1029.93	0.022960389447281668
1030.074	0.022956107124102194
1030.218	0.022948969918803068
1030.361	0.0229394536450709
1030.505	0.022932792253458387
1030.6490000000001	0.02292850993027891
1030.7930000000001	0.02292422760709944
1030.9360000000001	0.022918993656546746
1031.0800000000002	0.022918042029173528
1031.2240000000002	0.02291471133336727
1031.3680000000002	0.02290376761857528
1031.5120000000002	0.022891872276410076
1031.655	0.02288568669848417
1031.8000000000002	0.02287997693424487
1031.943	0.022875218797378787
1032.087	0.022872839728945746
1032.23	0.0228699848468261
1032.374	0.022867129964706447
1032.518	0.022865226709960017
1032.662	0.02286379926890019
1032.806	0.022859992759407317
1032.949	0.02285190392673498
1033.093	0.022846194162495684
1033.237	0.022840008584569776
1033.381	0.022833347192957258
1033.5240000000001	0.022830968124524217
1033.6680000000001	0.022828113242404566
1033.8120000000001	0.022824306732911703
1033.9560000000001	0.022818596968672406
1034.0990000000002	0.022814314645492932
1034.2440000000001	0.02281145976337328
1034.3880000000001	0.022807177440193803
1034.5330000000001	0.022793854656968773
1034.6760000000002	0.02278148350111696
1034.8200000000002	0.022778628618997307
1034.9640000000002	0.02277577373687766
1035.107	0.022773870482131225
1035.25	0.022773394668444615
1035.395	0.022771015600011577
1035.538	0.02276197513996602
1035.682	0.022751031425174033
1035.826	0.022746749101994555
1035.97	0.022738660269322218
1036.113	0.02272724074084362
1036.257	0.02272391004503736
1036.401	0.022717248653424844
1036.545	0.022703450056513204
1036.688	0.022694885410154256
1036.832	0.022692506341721215
1036.976	0.022691554714347997
1037.1200000000001	0.022683465881675656
1037.2640000000001	0.022673949607943493
1037.4070000000002	0.022668239843704197
1037.5510000000002	0.02265967519734524
1037.6950000000002	0.022648731482553253
1037.8390000000002	0.022637311954074656
1037.9850000000001	0.022607811505504942
1038.126	0.02257926268430845
1038.27	0.022566891528456635
1038.414	0.02255547199997804
1038.557	0.02253263294302084
1038.701	0.02251074551343686
1038.845	0.02250598737657078
1038.989	0.02248838227016627
1039.132	0.022473156232194806
1039.276	0.02244508322468492
1039.42	0.022410824639249125
1039.564	0.022403211620263392
1039.707	0.022390840464411574
1039.851	0.02235991257478204
1039.9950000000001	0.022340404213631104
1040.1390000000001	0.02233517026307841
1040.2830000000001	0.022325653989346245
1040.4270000000001	0.02231042795137478
1040.5700000000002	0.02229948423658279
1040.7140000000002	0.02229948423658279
1040.8580000000002	0.02229377447234349
1041.0020000000002	0.022286637267044367
1041.145	0.022284258198611327
1041.289	0.022281879130178286
1041.4370000000001	0.022278548434372027
1041.5790000000002	0.022275693552252375
1041.721	0.022274741924879157
1041.864	0.0222714112290729
1042.01	0.02226141914165413
1042.152	0.022253330308981786
1042.297	0.02224762054474249
1042.439	0.022235725202577286
1042.585	0.022227636369904945
1042.727	0.022225733115158512
1042.871	0.022223354046725464
1043.0140000000001	0.022221926605665646
1043.1580000000001	0.022221450791979038
1043.3020000000001	0.022220023350919212
1043.4470000000001	0.02221716846879956
1043.5900000000001	0.022210982890873653
1043.7330000000002	0.022202894058201313
1043.8770000000002	0.022199563362395053
1044.0210000000002	0.02219528103921558
1044.1660000000002	0.02219004708866289
1044.308	0.022185764765483416
1044.452	0.022180530814930724
1044.596	0.02217720011912447
1044.74	0.022174345237004817
1044.883	0.022172441982258387
1045.027	0.022169111286452128
1045.171	0.022164828963272654
1045.315	0.022161974081153002
1045.458	0.02216054664009318
1045.602	0.022159119199033354
1045.746	0.022156264316913706
1045.89	0.02215245780742084
1046.034	0.022150078738987798
1046.181	0.022150078738987798
1046.3210000000001	0.02214627222949493
1046.4650000000001	0.022140562465255628
1046.6080000000002	0.022137231769449373
1046.7530000000002	0.0221329494462699
1046.8960000000002	0.022128667123090424
1047.0400000000002	0.022124860613597558
1047.184	0.022120102476731476
1047.328	0.022117723408298436
1047.472	0.022112965271432354
1047.615	0.022107255507193054
1047.76	0.02210297318401358
1047.903	0.022097739233460888
1048.047	0.022095835978714454
1048.19	0.022090126214475155
1048.334	0.022082989009176032
1048.478	0.02208013412705638
1048.622	0.02207585180387691
1048.766	0.022065859716458136
1048.909	0.02205634344272597
1049.053	0.022052061119546496
1049.1970000000001	0.022049206237426844
1049.3400000000001	0.0220463513553072
1049.4840000000002	0.022044448100560766
1049.6280000000002	0.0220406415910679
1049.7720000000002	0.022035883454201814
1049.9150000000002	0.022027794621529474
1050.059	0.022020181602543744
1050.203	0.022018278347797307
1050.347	0.02201447183830444
1050.4920000000002	0.022007810446691926
1050.635	0.02200114905507941
1050.778	0.02199591510452672
1050.922	0.021991632781347244
1051.066	0.02199020534028742
1051.21	0.021985923017107944
1051.353	0.02197640674337578
1051.497	0.021971172792823093
1051.641	0.021968317910703444
1051.786	0.021963559773837363
1051.929	0.021960229078031104
1052.073	0.021956422568538237
1052.217	0.021951188617985548
1052.361	0.021945478853746245
1052.5040000000001	0.021941196530566767
1052.6480000000001	0.021939769089506945
1052.7920000000001	0.021936914207387297
1052.9360000000001	0.021927397933655127
1053.083	0.02191835747360957
1053.2230000000002	0.021913123523056882
1053.3670000000002	0.021910268640937234
1053.511	0.021906937945130975
1053.654	0.021901703994578282
1053.798	0.02189932492614524
1053.942	0.021895042602965768
1054.086	0.021888381211353253
1054.23	0.02188409888817378
1054.374	0.02188076819236752
1054.517	0.021877437496561264
1054.661	0.02187220354600857
1054.805	0.021859832390156757
1054.949	0.02183794496057278
1055.094	0.02182462217734775
1055.236	0.021821767295228098
1055.38	0.021816533344675402
1055.5240000000001	0.02180844451200306
1055.6680000000001	0.021799879865644113
1055.8110000000001	0.021796549169837857
1055.9550000000002	0.021787032896105694
1056.0990000000002	0.021776089181313702
1056.2430000000002	0.021766572907581536
1056.386	0.021757532447535977
1056.53	0.021756105006476154
1056.674	0.02175182268329668
1056.818	0.021743258036937732
1056.961	0.021737072459011825
1057.105	0.02173136269477252
1057.251	0.021726128744219832
1057.393	0.02172470130316001
1057.536	0.021720894793667143
1057.68	0.02170566875569568
1057.824	0.02168711202191796
1057.968	0.021677595748185792
1058.111	0.021669506915513448
1058.256	0.02165570831860181
1058.3990000000001	0.021646667858556255
1058.5430000000001	0.021641433908003563
1058.6870000000001	0.02163144182058479
1058.8310000000001	0.02162525624265888
1058.9740000000002	0.021624780428972274
1059.1180000000002	0.02161573996892672
1059.2620000000002	0.021603368813074904
1059.4060000000002	0.02159908648989543
1059.549	0.02159670742146239
1059.693	0.021594804166715956
1059.837	0.021594328353029345
1059.981	0.021589094402476656
1060.125	0.02158243301086414
1060.268	0.02157957812874449
1060.412	0.021571489296072152
1060.556	0.021563400463399808
1060.7	0.02155816651284712
1060.843	0.021552932562294427
1060.987	0.021549601866488168
1061.131	0.02154103722012922
1061.275	0.02153342420114349
1061.42	0.021531996760083667
1061.5620000000001	0.021528666064277408
1061.7060000000001	0.02152343211372472
1061.8500000000001	0.02151534328105238
1061.9930000000002	0.021507254448380038
1062.1370000000002	0.021501544684140735
1062.2810000000002	0.02149726236096126
1062.4250000000002	0.021495834919901438
1062.5690000000002	0.02148441539142284
1062.7130000000002	0.021469665167137983
1062.857	0.02146395540289868
1063.001	0.021454439129166517
1063.144	0.021445398669120957
1063.288	0.02144397122806113
1063.431	0.02143968890488166
1063.575	0.021425414494283413
1063.719	0.021413994965804817
1063.863	0.021411615897371776
1064.007	0.021408761015252124
1064.15	0.02140543031944587
1064.294	0.02139068009516101
1064.438	0.021375454057189547
1064.582	0.021363082901337732
1064.7250000000001	0.02135261500023235
1064.8690000000001	0.02134452616756001
1065.0130000000001	0.021334534080141236
1065.1560000000002	0.021331679198021588
1065.3000000000002	0.021330251756961766
1065.4440000000002	0.02132834850221533
1065.5880000000002	0.021324541992722462
1065.731	0.021317880601109944
1065.876	0.02130550944525813
1066.019	0.021290759220973274
1066.163	0.021282670388300937
1066.307	0.02128124294724111
1066.451	0.02127933969249468
1066.594	0.02126744435032947
1066.738	0.021257452262910696
1066.882	0.02124841180286514
1067.026	0.021236516460699933
1067.17	0.02122129042272847
1067.313	0.021203209502637356
1067.457	0.0211770397498739
1067.601	0.021145636046557757
1067.7450000000001	0.02113421651807916
1067.8880000000001	0.02113374070439255
1068.036	0.021132313263332723
1068.1760000000002	0.021129934194899683
1068.3200000000002	0.021127555126466642
1068.4630000000002	0.021124224430660386
1068.607	0.021120893734854127
1068.751	0.021116135597988042
1068.895	0.02111090164743535
1069.038	0.021108046765315705
1069.183	0.021096151423150498
1069.327	0.0210847318946719
1069.471	0.021083304453612072
1069.614	0.02108187701255225
1069.758	0.021074263993566517
1069.902	0.021064271906147743
1070.046	0.021056183073475405
1070.19	0.02104809424080306
1070.334	0.02104286029025037
1070.477	0.02103477145757803
1070.621	0.021027634252278906
1070.765	0.021022400301726217
1070.909	0.021017166351173525
1071.0520000000001	0.021012408214307443
1071.1960000000001	0.021009077518501187
1071.3400000000001	0.021003843567948495
1071.4840000000002	0.0209986096173958
1071.6270000000002	0.02099004497103685
1071.7710000000002	0.02097101242357252
1071.9150000000002	0.020957689640347492
1072.059	0.020941036161316203
1072.203	0.02092533430965813
1072.346	0.020915342222239355
1072.49	0.020904398507447366
1072.634	0.0209005919979545
1072.778	0.020893930606341985
1072.921	0.020876801313624085
1073.065	0.02085729295247315
1073.209	0.020848252492427593
1073.353	0.0208373087776356
1073.496	0.020814945534365012
1073.64	0.02079400973215425
1073.784	0.020777832066809568
1073.928	0.020765936724644364
1074.0720000000001	0.020756420450912194
1074.2150000000001	0.020747855804553246
1074.3590000000002	0.020729774884462135
1074.5030000000002	0.020710742336997805
1074.6470000000002	0.020703129318012076
1074.7910000000002	0.020698846994832598
1074.934	0.02069504048533973
1075.078	0.020688379093727213
1075.222	0.020679814447368265
1075.366	0.02066839491888967
1075.509	0.020660306086217328
1075.653	0.020656023763037858
1075.797	0.02064936237142534
1075.941	0.020645555861932473
1076.084	0.020645080048245862
1076.228	0.020639370284006565
1076.372	0.020631281451334228
1076.516	0.020626047500781532
1076.659	0.020623192618661884
1076.804	0.020620337736542236
1076.948	0.020617958668109195
1077.0910000000001	0.020616055413362762
1077.2340000000002	0.020612248903869895
1077.3780000000002	0.020607490767003814
1077.5220000000002	0.020595595424838607
1077.6660000000002	0.020585603337419833
1077.809	0.0205837000826734
1077.953	0.020582748455300184
1078.097	0.020582748455300184
1078.241	0.020582272641613577
1078.384	0.02058179682792697
1078.529	0.020580369386867144
1078.672	0.020577514504747492
1078.816	0.020574659622627844
1078.96	0.020573232181568018
1079.104	0.020573232181568018
1079.247	0.020570853113134977
1079.391	0.020566570789955503
1079.535	0.02056371590783585
1079.679	0.020562288466776026
1079.8220000000001	0.020561812653089418
1079.9660000000001	0.0205608610257162
1080.1100000000001	0.020559433584656374
1080.2540000000001	0.02055800614359655
1080.3980000000001	0.02055562707516351
1080.5410000000002	0.020554199634103685
1080.6850000000002	0.020552772193043863
1080.8290000000002	0.02054848986986439
1080.9730000000002	0.02054563498774474
1081.116	0.020544207546684914
1081.26	0.02054278010562509
1081.404	0.02054182847825187
1081.548	0.020540401037192048
1081.691	0.020538973596132222
1081.835	0.020537546155072396
1081.979	0.020533263831892922
1082.123	0.02052850569502684
1082.267	0.0205261266265938
1082.412	0.020524223371847367
1082.554	0.020516610352861633
1082.698	0.020503287569636604
1082.842	0.02049281966853122
1082.989	0.020488061531665137
1083.1290000000001	0.020487585717978533
1083.2730000000001	0.020486158276918708
1083.4170000000001	0.020483779208485667
1083.5610000000001	0.020480924326366015
1083.7040000000002	0.020476166189499934
1083.8480000000002	0.020473311307380282
1083.9920000000002	0.020466649915767764
1084.136	0.0204571336420356
1084.279	0.020453327132542734
1084.423	0.020450472250423082
1084.567	0.020446189927243612
1084.711	0.02044143179037753
1084.854	0.02043905272194449
1084.998	0.02043857690825788
1085.142	0.020437149467198053
1085.286	0.020433342957705186
1085.429	0.020426205752406064
1085.573	0.020415262037614075
1085.717	0.020383858334297927
1085.861	0.020358640208907687
1086.0040000000001	0.020356736954161257
1086.1480000000001	0.020355309513101435
1086.2920000000001	0.020347220680429094
1086.4360000000001	0.020313913722366517
1086.5800000000002	0.02028298583273698
1086.7250000000001	0.020266332353705688
1086.8680000000002	0.020254437011540484
1087.0120000000002	0.020251582129420832
1087.1560000000002	0.020239210973569018
1087.3000000000002	0.020224460749284162
1087.4440000000002	0.02021637191661182
1087.587	0.020211137966059133
1087.731	0.020199718437580533
1087.875	0.020188774722788544
1088.018	0.020154040323666137
1088.162	0.020119305924543734
1088.306	0.02011835429717052
1088.45	0.020114071973991045
1088.594	0.02010407988657227
1088.737	0.020095991053899927
1088.881	0.02008219245698829
1089.025	0.02006982130113648
1089.169	0.020068393860076653
1089.3120000000001	0.02006649060533022
1089.4560000000001	0.02006125665477753
1089.6000000000001	0.020056022704224838
1089.7440000000001	0.02005174038104536
1089.8870000000002	0.020034135274640853
1090.0310000000002	0.020017957609296175
1090.1760000000002	0.020012247845056876
1090.3190000000002	0.020007489708190794
1090.4640000000002	0.02000415901238454
1090.607	0.020000352502891672
1090.751	0.019991312042846113
1090.894	0.019979892514367513
1091.039	0.01997513437750143
1091.182	0.019968948799575524
1091.325	0.019955150202663887
1091.469	0.019939924164692424
1091.613	0.019932311145706687
1091.757	0.01992898044990043
1091.9	0.019925649754094173
1092.044	0.019923270685661132
1092.188	0.019919464176168265
1092.332	0.019912326970869143
1092.476	0.019897100932897677
1092.6190000000001	0.01988187489492621
1092.7630000000001	0.019875213503313695
1092.9070000000002	0.019872834434880655
1093.0510000000002	0.019869979552761007
1093.1940000000002	0.01986712467064136
1093.3380000000002	0.019865221415894925
1093.482	0.01986093909271545
1093.625	0.019857132583222584
1093.769	0.019854753514789544
1093.913	0.0198523744463565
1094.057	0.019849519564236848
1094.201	0.019841906545251118
1094.345	0.019830962830459126
1094.488	0.019826204693593044
1094.632	0.019825728879906437
1094.775	0.019824301438846614
1094.92	0.019820494929353748
1095.063	0.019816212606174274
1095.207	0.01981430935142784
1095.351	0.019810027028248363
1095.4950000000001	0.019806220518755496
1095.6390000000001	0.019803365636635848
1095.7830000000001	0.019799559127142985
1095.9260000000002	0.019798607499769767
1096.0700000000002	0.01979813168608316
1096.2140000000002	0.01979765587239655
1096.357	0.019796228431336726
1096.501	0.0197948009902769
1096.645	0.019793373549217078
1096.789	0.019788139598664385
1096.932	0.019782905648111693
1097.076	0.019780050765992048
1097.22	0.019771486119633096
1097.364	0.019763397286960756
1097.507	0.019761018218527715
1097.651	0.019754832640601808
1097.795	0.019749122876362508
1097.939	0.019747695435302685
1098.085	0.019744840553183034
1098.226	0.019738654975257126
1098.3700000000001	0.01973484846576426
1098.5140000000001	0.019733421024704434
1098.6580000000001	0.019731517769958004
1098.8020000000001	0.019729614515211567
1098.9450000000002	0.019727235446778527
1099.0890000000002	0.019722953123599056
1099.2330000000002	0.019717243359359753
1099.3770000000002	0.019714864290926712
1099.52	0.01971248522249367
1099.664	0.01971010615406063
1099.808	0.01970963034037402
1099.952	0.01970201732138829
1100.096	0.01969392848871595
1100.239	0.019691073606596297
1100.385	0.019688218724476653
1100.527	0.019687267097103434
1100.671	0.01968346058761057
1100.814	0.01967822663705788
1100.958	0.019675371754938227
1101.102	0.0196739443138784
1101.246	0.019673468500191794
1101.39	0.01967204105913197
1101.5330000000001	0.01966918617701232
1101.6770000000001	0.019664903853832846
1101.8200000000002	0.01966014571696676
1101.9650000000001	0.019656339207473894
1102.1080000000002	0.019653484325354246
1102.2520000000002	0.019650153629547987
1102.3960000000002	0.019647298747428342
1102.5400000000002	0.019645871306368516
1102.684	0.019645395492681905
1102.827	0.019645395492681905
1102.971	0.019643016424248864
1103.115	0.019640161542129213
1103.259	0.019635879218949742
1103.402	0.019628266199964012
1103.546	0.019623032249411317
1103.69	0.01961684667148541
1103.834	0.019612088534619328
1103.977	0.019607330397753246
1104.121	0.019602096447200554
1104.266	0.019598765751394298
1104.41	0.01959591086927465
1104.553	0.01959020110503535
1104.698	0.019584491340796054
1104.842	0.019584491340796054
1104.9850000000001	0.019583063899736228
1105.1280000000002	0.019580684831303184
1105.2720000000002	0.019580684831303184
1105.4160000000002	0.019580684831303184
1105.5600000000002	0.019580684831303184
1105.703	0.019580684831303184
1105.8480000000002	0.019580684831303184
1105.991	0.019580684831303184
1106.135	0.019580684831303184
1106.279	0.019580684831303184
1106.422	0.019580684831303184
1106.566	0.019580684831303184
1106.71	0.019580684831303184
1106.853	0.019580684831303184
1106.998	0.019580684831303184
1107.141	0.019580684831303184
1107.285	0.019580684831303184
1107.429	0.019580684831303184
1107.573	0.019580684831303184
1107.7160000000001	0.019580684831303184
1107.8600000000001	0.019580684831303184
1108.0040000000001	0.019580684831303184
1108.1480000000001	0.019580684831303184
1108.2920000000001	0.019580684831303184
1108.4350000000002	0.019580684831303184
1108.5790000000002	0.019580684831303184
1108.7230000000002	0.019580684831303184
1108.8670000000002	0.019580684831303184
1109.01	0.019580684831303184
1109.154	0.019580684831303184
1109.298	0.019580684831303184
1109.442	0.019580684831303184
1109.585	0.019580684831303184
1109.729	0.019580684831303184
1109.873	0.019580684831303184
1110.017	0.019580684831303184
1110.161	0.019577829949183535
1110.304	0.01957402343969067
1110.448	0.01957402343969067
1110.592	0.01957402343969067
1110.736	0.01957402343969067
1110.88	0.019571644371257628
1111.0230000000001	0.019571644371257628
1111.1670000000001	0.019571644371257628
1111.3110000000001	0.019571644371257628
1111.4550000000002	0.01956974111651119
1111.5980000000002	0.01956974111651119
1111.7420000000002	0.01956736204807815
1111.886	0.01956307972489868
1112.03	0.01956307972489868
1112.174	0.01956307972489868
1112.317	0.01956307972489868
1112.461	0.01956307972489868
1112.605	0.019550708569046865
1112.748	0.019550708569046865
1112.892	0.019550708569046865
1113.037	0.01953738578582183
1113.18	0.019532627648955747
1113.323	0.019530724394209317
1113.467	0.01952929695314949
1113.611	0.01952929695314949
1113.755	0.019528345325776277
1113.8980000000001	0.01952691788471645
1114.0420000000001	0.019525014629970017
1114.1860000000001	0.019522635561536973
1114.3300000000002	0.019521683934163758
1114.4740000000002	0.019521208120477147
1114.6180000000002	0.019519780679417325
1114.761	0.01951787742467089
1114.905	0.019512167660431592
1115.049	0.019505030455132466
1115.193	0.019502175573012818
1115.337	0.019500272318266385
1115.48	0.019500272318266385
1115.624	0.019497893249833344
1115.768	0.019497893249833344
1115.912	0.019497893249833344
1116.055	0.019497893249833344
1116.199	0.019497893249833344
1116.343	0.019497893249833344
1116.487	0.019497893249833344
1116.63	0.019497893249833344
1116.7740000000001	0.019497893249833344
1116.9180000000001	0.019497893249833344
1117.0620000000001	0.019497893249833344
1117.2050000000002	0.019496465808773518
1117.3490000000002	0.019494562554027088
1117.4930000000002	0.019493135112967262
1117.6370000000002	0.01948552209398153
1117.78	0.019476481633935974
1117.924	0.019475054192876148
1118.068	0.019475054192876148
1118.212	0.019475054192876148
1118.355	0.01947457837918954
1118.5	0.019473150938129718
1118.643	0.01947029605601007
1118.787	0.019468392801263633
1118.932	0.0194607797822779
1119.075	0.0194607797822779
1119.218	0.019452690949605562
1119.362	0.019448408626426085
1119.506	0.01944745699905287
1119.651	0.019443174675873393
1119.7930000000001	0.019440319793753748
1119.9370000000001	0.01943841653900731
1120.0810000000001	0.01943698909794749
1120.2250000000001	0.01943365840214123
1120.3680000000002	0.01943127933370819
1120.5120000000002	0.01943127933370819
1120.6560000000002	0.019429851892648363
1120.8000000000002	0.019426997010528715
1120.9440000000002	0.01942556956946889
1121.087	0.01942556956946889
1121.231	0.01942509375578228
1121.375	0.019424617942095677
1121.519	0.019424617942095677
1121.663	0.01942319050103585
1121.807	0.019421763059976026
1121.951	0.019421763059976026
1122.094	0.0194203356189162
1122.239	0.019418908177856374
1122.382	0.019417480736796548
1122.526	0.019416053295736726
1122.67	0.019414625854676903
1122.814	0.019412246786243863
1122.958	0.019411295158870644
1123.101	0.019411295158870644
1123.2450000000001	0.019410819345184037
1123.3890000000001	0.019410819345184037
1123.5320000000002	0.01940939190412421
1123.6760000000002	0.019406061208317952
1123.8200000000002	0.019404633767258126
1123.9640000000002	0.019401778885138478
1124.1080000000002	0.019398924003018826
1124.251	0.01939797237564561
1124.395	0.019396544934585785
1124.539	0.019394641679839356
1124.683	0.01939273842509292
1124.826	0.019390359356659878
1124.97	0.019388931915600052
1125.114	0.019387028660853622
1125.258	0.01938417377873397
1125.401	0.019382746337674145
1125.545	0.01938179471030093
1125.689	0.019380843082927715
1125.833	0.019380367269241104
1125.976	0.019379891455554497
1126.1200000000001	0.019379891455554497
1126.2640000000001	0.019377512387121456
1126.4080000000001	0.019374181691315197
1126.5510000000002	0.019373230063941982
1126.6960000000001	0.01937275425025537
1126.8390000000002	0.019372278436568763
1126.9830000000002	0.01937132680919555
1127.1270000000002	0.0193684719270759
1127.2710000000002	0.019364189603896423
1127.4150000000002	0.019361810535463382
1127.558	0.019361810535463382
1127.702	0.01936133472177677
1127.846	0.019360858908090164
1127.9920000000002	0.019360858908090164
1128.133	0.01935943146703034
1128.277	0.0193570523985973
1128.421	0.019354673330164256
1128.565	0.01935324588910443
1128.708	0.019351818448044608
1128.852	0.019350391006984786
1128.996	0.019350391006984786
1129.14	0.019349439379611567
1129.2830000000001	0.01934801193855174
1129.4270000000001	0.01934610868380531
1129.5710000000001	0.01934372961537227
1129.7150000000001	0.019342302174312445
1129.8590000000002	0.01934087473325262
1130.0020000000002	0.019339923105879404
1130.1460000000002	0.019339447292192793
1130.2900000000002	0.019338971478506186
1130.434	0.019338971478506186
1130.577	0.019338971478506186
1130.721	0.019338971478506186
1130.865	0.019338971478506186
1131.009	0.019334689155326712
1131.153	0.019330406832147238
1131.296	0.019330406832147238
1131.44	0.019329455204774023
1131.584	0.0193280277637142
1131.728	0.01932517288159455
1131.871	0.019321842185788286
1132.015	0.01932089055841507
1132.159	0.019320414744728464
1132.303	0.019319938931041857
1132.4470000000001	0.01931898730366864
1132.5900000000001	0.019317559862608816
1132.7350000000001	0.01931613242154899
1132.8780000000002	0.019315180794175775
1133.0220000000002	0.01931375335311595
1133.1650000000002	0.019311850098369516
1133.309	0.01931137428468291
1133.453	0.01931137428468291
1133.596	0.01931137428468291
1133.74	0.01931137428468291
1133.884	0.019310422657309693
1134.028	0.019307567775190042
1134.172	0.019304237079383786
1134.316	0.019304237079383786
1134.459	0.019304237079383786
1134.603	0.019304237079383786
1134.747	0.019304237079383786
1134.891	0.01929995475620431
1135.034	0.019296148246711442
1135.178	0.01929424499196501
1135.3220000000001	0.019292817550905186
1135.4660000000001	0.019292817550905186
1135.6100000000001	0.019290914296158753
1135.7530000000002	0.019287107786665886
1135.8970000000002	0.019287107786665886
1136.0410000000002	0.019287107786665886
1136.1850000000002	0.019284252904546238
1136.328	0.019284252904546238
1136.472	0.019284252904546238
1136.616	0.019284252904546238
1136.76	0.019287107786665886
1136.905	0.019290914296158753
1137.047	0.019292817550905186
1137.191	0.019292817550905186
1137.335	0.019292817550905186
1137.478	0.019292817550905186
1137.622	0.019292817550905186
1137.766	0.019292817550905186
1137.91	0.019292817550905186
1138.054	0.019292817550905186
1138.198	0.019292817550905186
1138.3410000000001	0.019292817550905186
1138.4850000000001	0.019292817550905186
1138.6290000000001	0.019292817550905186
1138.7730000000001	0.019292817550905186
1138.9170000000001	0.019297099874084657
1139.0600000000002	0.01930185801095074
1139.2050000000002	0.019304237079383786
1139.3490000000002	0.01930851940256326
1139.4940000000001	0.01930851940256326
1139.636	0.01931137428468291
1139.78	0.01931137428468291
1139.924	0.01931137428468291
1140.068	0.01931137428468291
1140.211	0.01931137428468291
1140.355	0.01931137428468291
1140.499	0.01931137428468291
1140.643	0.01931137428468291
1140.786	0.01931137428468291
1140.93	0.01931137428468291
1141.074	0.01931137428468291
1141.218	0.01931137428468291
1141.362	0.019311850098369516
1141.505	0.01931137428468291
1141.6490000000001	0.01930851940256326
1141.7930000000001	0.019304237079383786
1141.9370000000001	0.01930185801095074
1142.0800000000002	0.019296624060398053
1142.2240000000002	0.019290914296158753
1142.3680000000002	0.019287107786665886
1142.5120000000002	0.019284252904546238
1142.6560000000002	0.019284252904546238
1142.799	0.019284252904546238
1142.943	0.019284252904546238
1143.0890000000002	0.019284252904546238
1143.231	0.019284252904546238
1143.374	0.019284252904546238
1143.518	0.019284252904546238
1143.662	0.019284252904546238
1143.806	0.019284252904546238
1143.949	0.019281398022426587
1144.093	0.01927759151293372
1144.237	0.01927283337606764
1144.381	0.01926426872970869
1144.5240000000001	0.019256179897036346
1144.6680000000001	0.019253325014916698
1144.8120000000001	0.019253325014916698
1144.9560000000001	0.019256179897036346
1145.0990000000002	0.019256179897036346
1145.2440000000001	0.019256179897036346
1145.3870000000002	0.019256179897036346
1145.5310000000002	0.019256179897036346
1145.6750000000002	0.019256179897036346
1145.8190000000002	0.019256179897036346
1145.962	0.019256179897036346
1146.106	0.019256179897036346
1146.25	0.019256179897036346
1146.394	0.019256179897036346
1146.537	0.019256179897036346
1146.681	0.019256179897036346
1146.825	0.019256179897036346
1146.969	0.019256179897036346
1147.113	0.019256179897036346
1147.256	0.019256179897036346
1147.4	0.019256179897036346
1147.544	0.019256179897036346
1147.688	0.019256179897036346
1147.8310000000001	0.019256179897036346
1147.9750000000001	0.019256179897036346
1148.1190000000001	0.019256179897036346
1148.2630000000001	0.019256179897036346
1148.4060000000002	0.019256179897036346
1148.5500000000002	0.019256179897036346
1148.6940000000002	0.019256179897036346
1148.8380000000002	0.019256179897036346
1148.981	0.019256179897036346
1149.125	0.019256179897036346
1149.269	0.019256179897036346
1149.413	0.019256179897036346
1149.557	0.019256179897036346
1149.7	0.019256179897036346
1149.844	0.019256179897036346
1149.988	0.019256179897036346
1150.132	0.019256179897036346
1150.275	0.019256179897036346
1150.419	0.019256179897036346
1150.563	0.019256179897036346
1150.707	0.019256179897036346
1150.851	0.019256179897036346
1150.9940000000001	0.019256179897036346
1151.1380000000001	0.019256179897036346
1151.2820000000002	0.019256179897036346
1151.4260000000002	0.019256179897036346
1151.5690000000002	0.019256179897036346
1151.7130000000002	0.019256179897036346
1151.857	0.019256179897036346
1152.001	0.019256179897036346
1152.145	0.019256179897036346
1152.288	0.019256179897036346
1152.432	0.019256179897036346
1152.576	0.019256179897036346
1152.719	0.019253325014916698
1152.863	0.019251897573856876
1153.007	0.01924380874118453
1153.151	0.019234768281138976
1153.294	0.01923096177164611
1153.438	0.019229534330586284
1153.582	0.019229534330586284
1153.726	0.01922810688952646
1153.8690000000001	0.019221921311600554
1154.0140000000001	0.01921621154736125
1154.1570000000002	0.01921478410630143
1154.3010000000002	0.019214308292614824
1154.4450000000002	0.019212880851555
1154.5890000000002	0.019211453410495172
1154.732	0.019210501783121958
1154.876	0.01920526783256927
1155.02	0.019200033882016576
1155.164	0.019199082254643358
1155.308	0.01919860644095675
1155.451	0.019198130627270143
1155.595	0.019198130627270143
1155.739	0.019198130627270143
1155.883	0.019196703186210317
1156.026	0.01919384830409067
1156.17	0.019191469235657628
1156.314	0.01919051760828441
1156.458	0.01919051760828441
1156.585	0.01919051760828441
1156.73	0.01919051760828441
1156.874	0.019188614353537976
1157.018	0.019186711098791543
1157.162	0.019185759471418325
1157.305	0.0191843320303585
1157.449	0.01918385621667189
1157.593	0.019182904589298673
1157.737	0.019181952961925458
1157.881	0.019180525520865632
1158.026	0.019174815756626336
1158.1680000000001	0.019170533433446862
1158.3120000000001	0.019170533433446862
1158.4560000000001	0.019170533433446862
1158.6000000000001	0.019169581806073647
1158.7430000000002	0.019168154365013824
1158.8870000000002	0.019167678551327214
1159.0310000000002	0.019166251110267388
1159.174	0.019164823669207562
1159.318	0.019163396228147736
1159.462	0.019161017159714695
1159.606	0.01915816227759505
1159.749	0.019152928327042358
1159.893	0.01914912181754949
1160.0410000000002	0.01914864600386288
1160.181	0.019144839494370014
1160.324	0.01914055717119054
1160.468	0.01914055717119054
1160.613	0.019140081357503932
1160.757	0.019140081357503932
1160.9	0.019139129730130718
1161.044	0.0191381781027575
1161.1870000000001	0.01913770228907089
1161.3310000000001	0.019136274848011066
1161.4750000000001	0.01913532322063785
1161.6190000000001	0.01913484740695124
1161.7620000000002	0.019133419965891418
1161.9060000000002	0.019131992524831595
1162.0500000000002	0.019131516711144984
1162.1940000000002	0.01913008927008516
1162.337	0.019128661829025333
1162.481	0.019127710201652118
1162.625	0.019125806946905684
1162.769	0.019123427878472644
1162.912	0.019120097182666385
1163.056	0.019117242300546733
1163.2	0.01911581485948691
1163.343	0.01911010509524761
1163.488	0.019103443703635096
1163.631	0.019102016262575273
1163.775	0.019102016262575273
1163.919	0.019100588821515448
1164.063	0.019098209753082407
1164.207	0.01909678231202258
1164.3500000000001	0.019096306498335974
1164.4940000000001	0.019093451616216325
1164.6380000000001	0.019090596734096674
1164.7810000000002	0.019090596734096674
1164.9250000000002	0.01908964510672346
1165.0690000000002	0.019085838597230592
1165.2130000000002	0.019081556274051115
1165.356	0.01908012883299129
1165.5	0.019078701391931466
1165.644	0.019077273950871644
1165.788	0.019077273950871644
1165.931	0.019076798137185033
1166.075	0.019075370696125207
1166.219	0.019073943255065385
1166.363	0.019073467441378777
1166.507	0.01907013674557252
1166.651	0.019066330236079652
1166.794	0.019065854422393044
1166.938	0.01906442698133322
1167.082	0.01906157209921357
1167.226	0.019059193030780526
1167.3690000000001	0.01905824140340731
1167.5130000000001	0.0190577655897207
1167.6570000000002	0.019057289776034093
1167.8010000000002	0.019057289776034093
1167.9440000000002	0.01905586233497427
1168.0880000000002	0.019052055825481407
1168.232	0.019049676757048366
1168.376	0.01904824931598854
1168.52	0.01904491862018228
1168.663	0.01904206373806263
1168.807	0.0190401604833162
1168.951	0.01903920885594298
1169.095	0.01903920885594298
1169.238	0.01903778141488316
1169.382	0.019036353973823333
1169.526	0.019034450719076897
1169.67	0.019032547464330463
1169.814	0.019031595836957245
1169.957	0.019030168395897423
1170.101	0.019029692582210815
1170.2450000000001	0.01902826514115099
1170.3890000000001	0.019024458631658123
1170.5320000000002	0.01902160374953847
1170.6760000000002	0.019021127935851864
1170.8200000000002	0.01902017630847865
1170.9640000000002	0.019019224681105434
1171.1080000000002	0.019018748867418826
1171.251	0.01901827305373222
1171.395	0.019016845612672396
1171.539	0.019013514916866137
1171.683	0.019011135848433093
1171.826	0.019007805152626837
1171.97	0.019002571202074145
1172.114	0.018997337251521453
1172.258	0.018993054928341982
1172.401	0.01899115167359555
1172.545	0.018987345164102686
1172.689	0.01898353865460982
1172.833	0.018983062840923208
1172.976	0.018980683772490167
1173.125	0.018978304704057123
1173.2640000000001	0.018975449821937475
1173.4080000000001	0.018972594939817823
1173.5520000000001	0.018972594939817823
1173.6960000000001	0.018972594939817823
1173.8390000000002	0.018972594939817823
1173.9830000000002	0.018972594939817823
1174.1280000000002	0.018972594939817823
1174.2720000000002	0.018972594939817823
1174.4150000000002	0.018972594939817823
1174.559	0.018972594939817823
1174.7040000000002	0.018972594939817823
1174.847	0.018975449821937475
1174.991	0.018975449821937475
1175.135	0.018975449821937475
1175.278	0.018975449821937475
1175.422	0.018975449821937475
1175.566	0.018975449821937475
1175.709	0.018975449821937475
1175.853	0.018975449821937475
1175.996	0.018975449821937475
1176.14	0.018975449821937475
1176.284	0.018972119126131216
1176.428	0.018970691685071393
1176.5720000000001	0.018970691685071393
1176.7160000000001	0.018970691685071393
1176.8590000000002	0.018970691685071393
1177.0030000000002	0.018969740057698175
1177.1470000000002	0.01896783680295174
1177.2910000000002	0.01896783680295174
1177.434	0.01896783680295174
1177.578	0.018964981920832093
1177.722	0.018963554479772268
1177.866	0.01896212703871244
1178.009	0.01896069959765262
1178.154	0.018959272156592794
1178.297	0.01895832052921958
1178.441	0.01895736890184636
1178.585	0.018956417274473142
1178.728	0.01895498983341332
1178.872	0.018953562392353497
1179.016	0.01895165913760706
1179.16	0.018948804255487412
1179.304	0.01894737681442759
1179.4470000000001	0.018945949373367764
1179.5910000000001	0.018944521932307938
1179.7350000000001	0.018940239609128464
1179.8790000000001	0.018936433099635597
1180.0220000000002	0.01893595728594899
1180.1660000000002	0.018935481472262383
1180.3100000000002	0.018930247521709687
1180.453	0.01892406194378378
1180.5980000000002	0.01892168287535074
1180.741	0.018919779620604305
1180.885	0.018918352179544483
1181.029	0.018916924738484657
1181.173	0.01891644892479805
1181.317	0.018915021483738224
1181.46	0.018912642415305183
1181.604	0.018910263346872142
1181.748	0.018908835905812316
1181.891	0.018906932651065883
1182.035	0.01890027125945337
1182.179	0.018893609867840853
1182.323	0.018890754985721205
1182.4660000000001	0.018888375917288164
1182.6100000000001	0.018885045221481905
1182.7540000000001	0.018882190339362254
1182.8980000000001	0.018880762898302428
1183.0410000000002	0.018879335457242605
1183.1850000000002	0.018876956388809565
1183.3290000000002	0.01887457732037652
1183.4730000000002	0.018873149879316695
1183.6170000000002	0.018868867556137224
1183.761	0.018864585232957753
1183.904	0.018864109419271143
1184.048	0.018862681978211317
1184.192	0.018860302909778276
1184.336	0.018857448027658624
1184.479	0.018854593145538976
1184.623	0.018852214077105935
1184.767	0.018846504312866635
1184.911	0.01884222198968716
1185.054	0.018839367107567513
1185.198	0.01883413315701482
1185.342	0.01883175408858178
1185.486	0.018829850833835347
1185.63	0.0188269959517157
1185.7730000000001	0.018825568510655873
1185.9170000000001	0.018824141069596047
1186.0610000000001	0.018818907119043354
1186.2050000000002	0.018810342472684406
1186.3480000000002	0.018806060149504932
1186.4920000000002	0.01880463270844511
1186.636	0.018801777826325458
1186.78	0.018797495503145988
1186.924	0.01879368899365312
1187.067	0.01879035829784686
1187.211	0.01878512434729417
1187.355	0.01877751132830844
1187.498	0.018771325750382532
1187.642	0.018769898309322706
1187.786	0.018767043427203055
1187.93	0.018763236917710188
1188.076	0.01876133366296376
1188.217	0.018756099712411066
1188.361	0.01874563181130568
1188.505	0.01873801879231995
1188.6490000000001	0.01873801879231995
1188.7930000000001	0.01873801879231995
1188.9370000000001	0.01873801879231995
1189.0810000000001	0.01873801879231995
1189.2250000000001	0.01873801879231995
1189.3680000000002	0.01873801879231995
1189.511	0.01873801879231995
1189.655	0.01873801879231995
1189.799	0.01873801879231995
1189.943	0.018731833214394044
1190.086	0.018731833214394044
1190.23	0.018731833214394044
1190.374	0.018727075077527962
1190.518	0.01872564763646814
1190.662	0.018723744381721707
1190.806	0.018721841126975274
1190.949	0.018718986244855622
1191.093	0.018716131362735974
1191.237	0.01871375229430293
1191.381	0.01871280066692971
1191.5240000000001	0.018712324853243104
1191.669	0.01871089741218328
1191.813	0.01870946997112346
1191.957	0.018708042530063633
1192.1000000000001	0.018707090902690415
1192.2440000000001	0.018705663461630592
1192.3880000000001	0.018701381138451115
1192.5320000000002	0.018697574628958248
1192.6760000000002	0.01869234067840556
1192.8190000000002	0.018687582541539474
1192.9630000000002	0.018687106727852867
1193.106	0.018681872777300178
1193.251	0.01867568719937427
1193.394	0.018674735572001055
1193.538	0.018674259758314445
1193.682	0.018672356503568015
1193.826	0.018669977435134974
1193.97	0.018669025807761756
1194.113	0.018668549994075148
1194.257	0.01866664673932871
1194.401	0.018665219298268886
1194.544	0.01866426767089567
1194.688	0.018662840229835845
1194.832	0.018661412788776022
1194.976	0.018659033720342978
1195.1190000000001	0.018656178838223327
1195.2640000000001	0.018654751397163504
1195.4070000000002	0.018654751397163504
1195.5510000000002	0.018654751397163504
1195.6950000000002	0.018653323956103682
1195.8390000000002	0.018651896515043856
1195.982	0.018649041632924204
1196.126	0.01864523512343134
1196.27	0.01864380768237152
1196.414	0.018641904427625082
1196.557	0.01864047698656526
1196.701	0.01863952535919204
1196.845	0.018638573731818826
1196.989	0.018638097918132215
1197.132	0.018636194663385786
1197.276	0.018633815594952745
1197.42	0.01863238815389292
1197.564	0.01863191234020631
1197.708	0.01863191234020631
1197.851	0.018630960712833093
1197.9950000000001	0.018629533271773267
1198.1390000000001	0.01862810583071345
1198.2830000000001	0.018624299321220582
1198.4270000000001	0.018620016998041104
1198.5700000000002	0.018617637929608064
1198.7140000000002	0.018616686302234845
1198.8580000000002	0.018616686302234845
1199.0020000000002	0.018616686302234845
1199.145	0.018615258861175023
1199.289	0.018613831420115197
1199.433	0.018611928165368764
1199.577	0.018609073283249115
1199.721	0.01860764584218929
1199.864	0.01860717002850268
1200.008	0.018605742587442853
1200.151	0.01860431514638303
1200.296	0.01860431514638303
1200.439	0.018603363519009812
1200.583	0.018601936077949986
1200.727	0.01860050863689016
1200.871	0.01859812956845712
1201.0140000000001	0.018596702127397297
1201.1580000000001	0.01859622631371069
1201.3020000000001	0.01859337143159104
1201.4460000000001	0.018590040735784782
1201.5890000000002	0.018589089108411564
1201.7330000000002	0.018588613294724957
1201.8770000000002	0.01858813748103835
1202.0210000000002	0.01858813748103835
1202.164	0.01858813748103835
1202.308	0.01858813748103835
1202.452	0.01858813748103835
1202.596	0.01858813748103835
1202.74	0.01858813748103835
1202.884	0.01858813748103835
1203.03	0.01858813748103835
1203.171	0.01858813748103835
1203.315	0.01858813748103835
1203.459	0.01858813748103835
1203.602	0.01858813748103835
1203.746	0.01858813748103835
1203.89	0.01858813748103835
1204.034	0.01858813748103835
1204.1770000000001	0.01858813748103835
1204.3210000000001	0.01858813748103835
1204.4650000000001	0.01858813748103835
1204.6080000000002	0.01858813748103835
1204.7520000000002	0.01858813748103835
1204.8960000000002	0.01858813748103835
1205.0400000000002	0.01858813748103835
1205.184	0.01858813748103835
1205.328	0.01858813748103835
1205.471	0.01858813748103835
1205.615	0.01858813748103835
1205.759	0.018586710039978527
1205.903	0.0185852825989187
1206.047	0.0185852825989187
1206.19	0.018584330971545486
1206.334	0.01858290353048566
1206.478	0.018581476089425834
1206.621	0.018579097020992794
1206.765	0.018574814697813316
1206.909	0.01857148400200706
1207.053	0.01856958074726063
1207.1960000000001	0.018568153306200805
1207.3400000000001	0.01856625005145437
1207.4840000000002	0.018564346796707938
1207.6280000000002	0.018563870983021327
1207.7720000000002	0.01856339516933472
1207.9160000000002	0.01856339516933472
1208.059	0.0185624435419615
1208.203	0.018561491914588286
1208.347	0.01856101610090168
1208.491	0.018559588659841853
1208.634	0.018558637032468635
1208.778	0.018558161218782027
1208.922	0.018553878895602553
1209.067	0.01854959657242308
1209.21	0.018548169131363257
1209.354	0.01854674169030343
1209.498	0.01854341099449717
1209.642	0.01854055611237752
1209.786	0.018538652857631087
1209.929	0.018536273789198046
1210.073	0.018534370534451616
1210.217	0.01853056402495875
1210.361	0.018523902633346235
1210.505	0.01851676542804711
1210.6480000000001	0.01851153147749442
1210.7920000000001	0.018508676595374772
1210.9360000000001	0.018502491017448865
1211.0800000000002	0.01849440218477652
1211.2230000000002	0.018491547302656872
1211.3670000000002	0.018491071488970265
1211.511	0.01848964404791044
1211.654	0.0184872649794774
1211.798	0.018485837538417576
1211.942	0.018481555215238102
1212.086	0.01847632126468541
1212.229	0.01847394219625237
1212.374	0.01847299056887915
1212.518	0.018472514755192543
1212.661	0.018469659873072895
1212.805	0.018467280804639854
1212.949	0.018467280804639854
1213.092	0.01846537754989342
1213.236	0.01846204685408716
1213.38	0.01845824034459429
1213.5240000000001	0.01845824034459429
1213.6670000000001	0.018450627325608558
1213.8110000000001	0.018443965933996047
1213.9550000000002	0.018439207797129965
1214.0990000000002	0.018439207797129965
1214.2420000000002	0.018439207797129965
1214.386	0.018433498032890665
1214.53	0.018430643150771017
1214.674	0.018430643150771017
1214.818	0.018430643150771017
1214.961	0.018430643150771017
1215.105	0.01842683664127815
1215.249	0.01842683664127815
1215.394	0.01842683664127815
1215.537	0.018420175249665632
1215.68	0.018416844553859373
1215.824	0.018416844553859373
1215.968	0.018416844553859373
1216.112	0.018416844553859373
1216.255	0.018416844553859373
1216.3990000000001	0.01841589292648616
1216.5430000000001	0.01841589292648616
1216.6870000000001	0.018414465485426336
1216.8310000000001	0.01841398967173973
1216.9740000000002	0.01841303804436651
1217.1180000000002	0.018411610603306684
1217.2620000000002	0.018410183162246862
1217.4060000000002	0.018408755721187036
1217.5500000000002	0.018406852466440603
1217.693	0.018404473398007562
1217.837	0.018403045956947736
1217.981	0.01840257014326113
1218.1270000000002	0.01840161851588791
1218.268	0.018400191074828084
1218.412	0.018399715261141477
1218.556	0.018399715261141477
1218.699	0.018399715261141477
1218.843	0.018399715261141477
1218.987	0.018399715261141477
1219.131	0.018399715261141477
1219.2740000000001	0.018396384565335218
1219.419	0.018396384565335218
1219.5620000000001	0.018396384565335218
1219.7060000000001	0.018396384565335218
1219.8500000000001	0.018396384565335218
1219.9930000000002	0.018396384565335218
1220.1370000000002	0.018396384565335218
1220.2810000000002	0.018391626428469136
1220.4250000000002	0.01839019898740931
1220.5690000000002	0.018388771546349485
1220.712	0.018386868291603055
1220.856	0.01838544085054323
1221.0	0.018384489223170014
1221.144	0.018384489223170014
1221.287	0.018384489223170014
1221.431	0.018384489223170014
1221.575	0.018384489223170014
1221.719	0.018384489223170014
1221.863	0.018384489223170014
1222.006	0.018384489223170014
1222.15	0.018384489223170014
1222.294	0.018384489223170014
1222.438	0.018384489223170014
1222.582	0.018384013409483403
1222.7250000000001	0.018384013409483403
1222.8690000000001	0.018382585968423577
1223.0130000000001	0.018381634341050362
1223.1570000000002	0.018381158527363755
1223.3000000000002	0.01837925527261732
1223.4440000000002	0.0183778278315575
1223.5880000000002	0.0183778278315575
1223.731	0.01837687620418428
1223.876	0.01837449713575124
1224.019	0.018373069694691418
1224.163	0.018373069694691418
1224.306	0.018373069694691418
1224.451	0.018373069694691418
1224.594	0.018373069694691418
1224.738	0.018373069694691418
1224.882	0.018373069694691418
1225.026	0.018373069694691418
1225.169	0.018371642253631592
1225.313	0.018370214812571766
1225.457	0.018370214812571766
1225.601	0.01836878737151194
1225.7440000000001	0.018367359930452114
1225.8880000000001	0.0183664083030789
1226.0320000000002	0.018365456675705685
1226.1760000000002	0.018364980862019077
1226.3190000000002	0.018362125979899425
1226.4630000000002	0.018359746911466385
1226.6080000000002	0.018359746911466385
1226.7520000000002	0.01835831947040656
1226.8960000000002	0.018356892029346733
1227.039	0.018354988774600303
1227.183	0.01835213389248065
1227.327	0.01834975482404761
1227.471	0.018348327382987785
1227.615	0.018347851569301177
1227.758	0.01834737575561457
1227.902	0.01834737575561457
1228.046	0.01834737575561457
1228.19	0.018345948314554744
1228.333	0.01834261761874849
1228.477	0.018340714364002055
1228.621	0.018340238550315448
1228.7640000000001	0.018339762736628837
1228.909	0.01833881110925562
1229.0520000000001	0.0183378594818824
1229.1960000000001	0.0183378594818824
1229.3400000000001	0.018337383668195796
1229.4840000000002	0.01833595622713597
1229.6270000000002	0.01833357715870293
1229.7730000000001	0.018332149717643104
1229.9150000000002	0.018332149717643104
1230.059	0.018332149717643104
1230.202	0.018332149717643104
1230.346	0.018332149717643104
1230.49	0.018331673903956496
1230.634	0.018329770649210063
1230.777	0.018328343208150237
1230.922	0.018328343208150237
1231.065	0.018327391580777022
1231.21	0.018327391580777022
1231.352	0.018326439953403804
1231.496	0.01832453669865737
1231.64	0.01832453669865737
1231.784	0.01832453669865737
1231.9270000000001	0.018321681816537722
1232.0710000000001	0.018320730189164504
1232.2150000000001	0.01831930274810468
1232.3590000000002	0.01831787530704486
1232.5030000000002	0.01831787530704486
1232.6470000000002	0.01831787530704486
1232.7900000000002	0.018317399493358248
1232.934	0.01831692367967164
1233.0800000000002	0.018315972052298422
1233.222	0.01831359298386538
1233.365	0.018310738101745733
1233.509	0.018309310660685908
1233.653	0.018309310660685908
1233.797	0.01830835903331269
1233.94	0.01830835903331269
1234.084	0.01830835903331269
1234.228	0.01830835903331269
1234.371	0.01830835903331269
1234.516	0.01830835903331269
1234.659	0.01830835903331269
1234.803	0.01830835903331269
1234.9470000000001	0.01830835903331269
1235.0910000000001	0.01830835903331269
1235.2350000000001	0.01830835903331269
1235.3780000000002	0.01830835903331269
1235.5220000000002	0.01830835903331269
1235.6660000000002	0.01830835903331269
1235.8100000000002	0.01830835903331269
1235.953	0.01830835903331269
1236.097	0.018307407405939474
1236.241	0.018307407405939474
1236.384	0.018307407405939474
1236.528	0.01830597996487965
1236.672	0.01830407671013322
1236.816	0.01830360089644661
1236.959	0.01830360089644661
1237.103	0.01830360089644661
1237.247	0.01830360089644661
1237.391	0.018302649269073393
1237.535	0.018301697641700178
1237.679	0.018301221828013567
1237.8220000000001	0.01830074601432696
1237.9660000000001	0.018299318573267134
1238.1100000000001	0.018297891132207308
1238.2540000000001	0.018297891132207308
1238.3970000000002	0.018296939504834093
1238.5410000000002	0.018294560436401052
1238.6850000000002	0.018293132995341226
1238.8290000000002	0.01829265718165462
1238.972	0.01829218136796801
1239.116	0.018289326485848363
1239.26	0.01828647160372871
1239.404	0.018284568348982278
1239.548	0.018282665094235845
1239.692	0.018282665094235845
1239.835	0.018282665094235845
1239.979	0.018282665094235845
1240.123	0.018282665094235845
1240.267	0.018282665094235845
1240.41	0.018282189280549237
1240.554	0.01828171346686263
1240.698	0.01828076183948941
1240.842	0.018279810212116193
1240.9850000000001	0.018279810212116193
1241.1290000000001	0.018279810212116193
1241.2730000000001	0.018279810212116193
1241.4160000000002	0.018279810212116193
1241.5600000000002	0.018279810212116193
1241.7040000000002	0.018279810212116193
1241.8480000000002	0.018279810212116193
1241.991	0.018279810212116193
1242.136	0.018279810212116193
1242.2830000000001	0.018279810212116193
1242.423	0.018279810212116193
1242.567	0.018279810212116193
1242.711	0.018279810212116193
1242.854	0.01828076183948941
1242.998	0.01828171346686263
1243.142	0.01828171346686263
1243.286	0.018282189280549237
1243.429	0.018282665094235845
1243.573	0.018282665094235845
1243.717	0.018284568348982278
1243.861	0.018282665094235845
1244.005	0.018282665094235845
1244.1490000000001	0.018282665094235845
1244.2930000000001	0.018282665094235845
1244.4370000000001	0.018282189280549237
1244.5810000000001	0.018282189280549237
1244.7250000000001	0.018282665094235845
1244.8690000000001	0.018282665094235845
1245.0130000000001	0.018284568348982278
1245.1570000000002	0.018284568348982278
1245.3000000000002	0.018284568348982278
1245.443	0.018284568348982278
1245.587	0.018284568348982278
1245.731	0.018284568348982278
1245.875	0.018284568348982278
1246.018	0.01828647160372871
1246.162	0.01828647160372871
1246.306	0.01828647160372871
1246.45	0.01828647160372871
1246.594	0.018287899044788537
1246.737	0.01829075392690819
1246.881	0.01829218136796801
1247.025	0.01829265718165462
1247.169	0.01829265718165462
1247.3120000000001	0.01829265718165462
1247.4560000000001	0.01829265718165462
1247.6000000000001	0.01829265718165462
1247.7440000000001	0.01829265718165462
1247.8870000000002	0.01829218136796801
1248.0310000000002	0.01829075392690819
1248.1770000000001	0.018287899044788537
1248.3190000000002	0.018287899044788537
1248.462	0.018287899044788537
1248.606	0.018287899044788537
1248.75	0.018287899044788537
1248.894	0.018287899044788537
1249.037	0.018287899044788537
1249.181	0.018287899044788537
1249.325	0.01828647160372871
1249.469	0.01828647160372871
1249.613	0.018284568348982278
1249.757	0.018282665094235845
1249.9	0.018282665094235845
1250.044	0.018282189280549237
1250.188	0.018282189280549237
1250.332	0.018282189280549237
1250.4750000000001	0.018282189280549237
1250.6190000000001	0.01828171346686263
1250.7630000000001	0.01828076183948941
1250.9070000000002	0.01828171346686263
1251.0500000000002	0.01828171346686263
1251.1940000000002	0.018282189280549237
1251.3380000000002	0.018282189280549237
1251.481	0.01828171346686263
1251.626	0.018282189280549237
1251.769	0.018282189280549237
1251.913	0.018282189280549237
1252.057	0.018282665094235845
1252.201	0.018282665094235845
1252.344	0.018282665094235845
1252.488	0.018282665094235845
1252.632	0.01828361672160906
1252.776	0.01828361672160906
1252.92	0.018285519976355493
1253.063	0.018285519976355493
1253.207	0.01828647160372871
1253.351	0.01828647160372871
1253.4940000000001	0.01828647160372871
1253.6380000000001	0.01828647160372871
1253.7820000000002	0.018287899044788537
1253.9260000000002	0.018287899044788537
1254.0690000000002	0.018287899044788537
1254.2140000000002	0.018287899044788537
1254.357	0.01829075392690819
1254.501	0.01829218136796801
1254.645	0.018294084622714445
1254.789	0.018294084622714445
1254.932	0.018294560436401052
1255.076	0.018294560436401052
1255.22	0.018294560436401052
1255.364	0.018295987877460878
1255.507	0.018295987877460878
1255.651	0.018295987877460878
1255.795	0.018295987877460878
1255.939	0.018294560436401052
1256.082	0.018294560436401052
1256.226	0.018294560436401052
1256.3700000000001	0.018294560436401052
1256.5140000000001	0.018294560436401052
1256.6580000000001	0.018294560436401052
1256.8010000000002	0.018294560436401052
1256.9450000000002	0.018294560436401052
1257.0890000000002	0.018294560436401052
1257.2330000000002	0.01829265718165462
1257.3770000000002	0.01829265718165462
1257.52	0.01829265718165462
1257.664	0.01829265718165462
1257.808	0.01829265718165462
1257.952	0.01829265718165462
1258.095	0.01829265718165462
1258.239	0.01829265718165462
1258.383	0.01829075392690819
1258.526	0.018287899044788537
1258.671	0.01828647160372871
1258.814	0.01828647160372871
1258.958	0.018285519976355493
1259.101	0.01828361672160906
1259.246	0.01828361672160906
1259.3890000000001	0.018282665094235845
1259.5330000000001	0.018282665094235845
1259.6770000000001	0.018282189280549237
1259.8210000000001	0.018282189280549237
1259.9640000000002	0.018282189280549237
1260.1080000000002	0.018282189280549237
1260.2520000000002	0.01828171346686263
1260.3960000000002	0.01828171346686263
1260.539	0.01828171346686263
1260.683	0.01828171346686263
1260.827	0.018280286025802804
1260.971	0.01827885858474298
1261.114	0.018277906957369763
1261.258	0.018277906957369763
1261.402	0.018277906957369763
1261.547	0.018277906957369763
1261.691	0.01827695532999655
1261.834	0.01827695532999655
1261.978	0.01827695532999655
1262.122	0.01827695532999655
1262.266	0.01827695532999655
1262.41	0.01827695532999655
1262.553	0.01827505207525011
1262.6970000000001	0.018271721379443856
1262.8410000000001	0.018271721379443856
1262.9850000000001	0.018271721379443856
1263.131	0.018271721379443856
1263.2720000000002	0.018273624634190286
1263.4160000000002	0.018275527888936723
1263.559	0.018275527888936723
1263.7040000000002	0.018275527888936723
1263.847	0.018275527888936723
1263.991	0.018275527888936723
1264.135	0.018275527888936723
1264.279	0.018273624634190286
1264.423	0.018271721379443856
1264.566	0.018271721379443856
1264.71	0.018271721379443856
1264.854	0.018271721379443856
1264.998	0.018271721379443856
1265.141	0.018271721379443856
1265.285	0.018271721379443856
1265.429	0.01827029393838403
1265.5720000000001	0.01827029393838403
1265.7160000000001	0.01827029393838403
1265.8600000000001	0.01827029393838403
1266.0040000000001	0.01827029393838403
1266.1470000000002	0.01827029393838403
1266.2920000000001	0.01827029393838403
1266.4350000000002	0.01827029393838403
1266.5790000000002	0.01827029393838403
1266.7230000000002	0.01827029393838403
1266.8670000000002	0.01827029393838403
1267.01	0.018269342311010815
1267.154	0.018269342311010815
1267.298	0.01826791486995099
1267.442	0.018266487428891164
1267.585	0.018266487428891164
1267.729	0.018266487428891164
1267.873	0.018266487428891164
1268.017	0.01826505998783134
1268.16	0.01826505998783134
1268.304	0.01826505998783134
1268.448	0.018266487428891164
1268.592	0.018266487428891164
1268.736	0.018267439056264382
1268.8790000000001	0.018267439056264382
1269.0230000000001	0.018267439056264382
1269.1670000000001	0.018267439056264382
1269.3110000000001	0.01826791486995099
1269.4550000000002	0.018269342311010815
1269.5980000000002	0.01827029393838403
1269.7420000000002	0.01827029393838403
1269.886	0.01827029393838403
1270.03	0.018271721379443856
1270.173	0.018273624634190286
1270.317	0.018271721379443856
1270.461	0.018271721379443856
1270.604	0.018271721379443856
1270.749	0.018271721379443856
1270.892	0.01827029393838403
1271.036	0.018269342311010815
1271.18	0.01826791486995099
1271.323	0.018267439056264382
1271.467	0.018266487428891164
1271.611	0.01826505998783134
1271.755	0.018264584174144734
1271.8990000000001	0.018264584174144734
1272.0420000000001	0.018264584174144734
1272.1860000000001	0.018263632546771515
1272.3300000000002	0.018262680919398297
1272.4740000000002	0.018262680919398297
1272.6170000000002	0.01826220510571169
1272.761	0.01825935022359204
1272.9060000000002	0.018256019527785786
1273.0500000000002	0.01825459208672596
1273.193	0.018253164645666134
1273.336	0.018253164645666134
1273.48	0.018253164645666134
1273.624	0.018253164645666134
1273.768	0.018253164645666134
1273.912	0.018253164645666134
1274.055	0.018253164645666134
1274.199	0.018253164645666134
1274.343	0.01825221301829292
1274.487	0.018251737204606308
1274.63	0.0182512613909197
1274.7740000000001	0.018250309763546482
1274.9180000000001	0.018249358136173267
1275.0620000000001	0.018249358136173267
1275.2050000000002	0.018248882322486656
1275.3490000000002	0.01824840650880005
1275.4930000000002	0.018247454881426834
1275.636	0.018247454881426834
1275.7810000000002	0.018247454881426834
1275.924	0.018247454881426834
1276.068	0.018247454881426834
1276.212	0.018247454881426834
1276.356	0.018247454881426834
1276.5	0.01824650325405362
1276.643	0.01824602744036701
1276.787	0.01824602744036701
1276.931	0.01824602744036701
1277.075	0.01824602744036701
1277.218	0.01824602744036701
1277.362	0.01824602744036701
1277.506	0.01824602744036701
1277.6490000000001	0.01824602744036701
1277.7930000000001	0.01824602744036701
1277.939	0.01824602744036701
1278.083	0.01824602744036701
1278.2240000000002	0.01824602744036701
1278.3690000000001	0.01824602744036701
1278.5120000000002	0.01824602744036701
1278.6560000000002	0.01824602744036701
1278.8000000000002	0.01824602744036701
1278.9440000000002	0.01824602744036701
1279.0880000000002	0.01824602744036701
1279.232	0.01824602744036701
1279.376	0.0182455516266804
1279.52	0.0182455516266804
1279.663	0.0182455516266804
1279.807	0.0182455516266804
1279.951	0.0182455516266804
1280.095	0.018244124185620575
1280.239	0.018241745117187534
1280.382	0.01824031767612771
1280.526	0.0182398418624411
1280.67	0.018238890235067882
1280.814	0.018237462794008057
1280.958	0.018237462794008057
1281.101	0.018237462794008057
1281.2450000000001	0.01823460791188841
1281.3890000000001	0.018230801402395545
1281.5330000000001	0.018228422333962505
1281.6760000000002	0.018227470706589286
1281.8200000000002	0.018225567451842853
1281.9640000000002	0.01822366419709642
1282.1080000000002	0.01822366419709642
1282.251	0.0182227125697232
1282.395	0.0182227125697232
1282.539	0.018219857687603556
1282.683	0.018219857687603556
1282.827	0.018219857687603556
1282.97	0.018217002805483905
1283.114	0.01821557536442408
1283.258	0.01821557536442408
1283.402	0.018214147923364253
1283.545	0.018213196295991038
1283.689	0.018213196295991038
1283.833	0.01821272048230443
1283.977	0.01821272048230443
1284.1200000000001	0.01821272048230443
1284.2640000000001	0.018212244668617823
1284.4080000000001	0.018210817227557997
1284.5520000000001	0.018208438159124957
1284.6950000000002	0.018207486531751742
1284.8390000000002	0.018206059090691916
1284.9830000000002	0.01820463164963209
1285.1270000000002	0.018204155835945483
1285.27	0.018202728394885657
1285.414	0.018200825140139223
1285.558	0.0181993976990794
1285.702	0.018197494444332968
1285.846	0.018196067003273142
1285.99	0.018195115375899927
1286.133	0.0181936879348401
1286.277	0.018192260493780275
1286.421	0.018189405611660624
1286.565	0.018187502356914194
1286.708	0.01818655072954098
1286.852	0.018185123288481153
1286.996	0.018183695847421327
1287.14	0.01818274422004811
1287.284	0.0181822684063615
1287.4270000000001	0.0181822684063615
1287.5710000000001	0.018181792592674894
1287.7150000000001	0.01817941352424185
1287.8590000000002	0.01817941352424185
1288.0020000000002	0.01817941352424185
1288.1460000000002	0.01817941352424185
1288.2900000000002	0.01817941352424185
1288.434	0.0181765586421222
1288.577	0.0181765586421222
1288.721	0.01817513120106238
1288.865	0.01817513120106238
1289.009	0.018173227946315942
1289.153	0.018173227946315942
1289.296	0.018173227946315942
1289.44	0.0181708488778829
1289.584	0.0181708488778829
1289.727	0.0181708488778829
1289.871	0.0181708488778829
1290.015	0.01816942143682308
1290.159	0.018168945623136472
1290.303	0.018166090741016824
1290.4460000000001	0.018163711672583783
1290.5900000000001	0.018163711672583783
1290.7340000000002	0.018162284231523954
1290.8780000000002	0.01816038097677752
1291.0220000000002	0.01816038097677752
1291.1650000000002	0.01816038097677752
1291.309	0.018162284231523954
1291.453	0.01816038097677752
1291.597	0.018158953535717698
1291.74	0.018158001908344483
1291.884	0.018158001908344483
1292.028	0.018157526094657872
1292.172	0.01815562283991144
1292.315	0.018154195398851613
1292.459	0.018154195398851613
1292.603	0.01815038888935875
1292.747	0.018146582379865883
1292.891	0.018145154938806057
1293.034	0.018142300056686413
1293.179	0.018140872615626587
1293.3220000000001	0.01813944517456676
1293.4660000000001	0.01813706610613372
1293.6100000000001	0.01813325959664085
1293.7530000000002	0.01812992890083459
1293.8970000000002	0.01812992890083459
1294.0410000000002	0.01812992890083459
1294.1850000000002	0.01812992890083459
1294.328	0.01812992890083459
1294.472	0.01812992890083459
1294.616	0.01812992890083459
1294.76	0.01812992890083459
1294.904	0.018128501459774765
1295.047	0.01812754983240155
1295.191	0.01812754983240155
1295.335	0.01812754983240155
1295.479	0.01812754983240155
1295.622	0.01812754983240155
1295.766	0.01812754983240155
1295.91	0.01812754983240155
1296.054	0.01812754983240155
1296.198	0.01812754983240155
1296.3410000000001	0.01812754983240155
1296.486	0.01812754983240155
1296.63	0.01812754983240155
1296.7730000000001	0.01812754983240155
1296.9170000000001	0.01812754983240155
1297.0610000000001	0.01812754983240155
1297.2050000000002	0.01812754983240155
1297.3480000000002	0.01812754983240155
1297.4930000000002	0.01812754983240155
1297.636	0.01812754983240155
1297.78	0.01812754983240155
1297.924	0.01812754983240155
1298.068	0.01812754983240155
1298.211	0.01812754983240155
1298.355	0.01812754983240155
1298.499	0.01812754983240155
1298.643	0.01812754983240155
1298.786	0.01812754983240155
1298.93	0.01812754983240155
1299.074	0.01812754983240155
1299.218	0.01812754983240155
1299.361	0.01812754983240155
1299.505	0.01812754983240155
1299.6490000000001	0.01812754983240155
1299.7930000000001	0.01812754983240155
1299.9370000000001	0.018128501459774765
1300.0800000000002	0.018128501459774765
1300.2240000000002	0.018128501459774765
1300.3680000000002	0.018128501459774765
1300.5130000000001	0.018128501459774765
1300.6560000000002	0.018128501459774765
1300.799	0.018128501459774765
1300.943	0.018128501459774765
1301.0880000000002	0.018128501459774765
1301.231	0.018128501459774765
1301.375	0.018128501459774765
1301.518	0.018128501459774765
1301.662	0.018128501459774765
1301.805	0.018128501459774765
1301.949	0.018128501459774765
1302.093	0.018128501459774765
1302.237	0.018128501459774765
1302.38	0.01812754983240155
1302.5240000000001	0.01812754983240155
1302.6680000000001	0.01812754983240155
1302.8120000000001	0.01812754983240155
1302.9560000000001	0.01812754983240155
1303.1000000000001	0.01812754983240155
1303.2430000000002	0.01812754983240155
1303.3870000000002	0.01812754983240155
1303.5310000000002	0.01812754983240155
1303.6750000000002	0.01812754983240155
1303.818	0.01812754983240155
1303.962	0.01812754983240155
1304.106	0.01812754983240155
1304.25	0.01812754983240155
1304.393	0.01812754983240155
1304.537	0.01812754983240155
1304.681	0.01812754983240155
1304.825	0.01812754983240155
1304.969	0.01812754983240155
1305.112	0.01812754983240155
1305.256	0.01812754983240155
1305.4	0.01812754983240155
1305.544	0.01812754983240155
1305.688	0.01812754983240155
1305.8310000000001	0.01812754983240155
1305.9750000000001	0.01812754983240155
1306.1190000000001	0.01812754983240155
1306.2630000000001	0.01812754983240155
1306.4060000000002	0.01812754983240155
1306.5500000000002	0.01812754983240155
1306.6940000000002	0.01812754983240155
1306.8380000000002	0.01812754983240155
1306.981	0.01812754983240155
1307.125	0.018128501459774765
1307.269	0.01812992890083459
1307.412	0.0181304047145212
1307.557	0.01813325959664085
1307.7	0.01813325959664085
1307.844	0.01813325959664085
1307.988	0.01813325959664085
1308.134	0.01813706610613372
1308.275	0.018138493547193543
1308.419	0.01813992098825337
1308.563	0.01813992098825337
1308.707	0.018141348429313194
1308.851	0.018141348429313194
1308.9940000000001	0.018142775870373017
1309.1380000000001	0.018142775870373017
1309.2820000000002	0.018142775870373017
1309.4250000000002	0.018145154938806057
1309.5690000000002	0.018145154938806057
1309.7130000000002	0.018146582379865883
1309.857	0.01814800982092571
1310.0	0.01814800982092571
1310.145	0.01814800982092571
1310.288	0.01814800982092571
1310.432	0.01814800982092571
1310.576	0.01814800982092571
1310.72	0.01814800982092571
1310.863	0.01814800982092571
1311.007	0.01814800982092571
1311.151	0.01814800982092571
1311.295	0.01814800982092571
1311.438	0.01815038888935875
1311.582	0.01815038888935875
1311.726	0.018151816330418572
1311.8700000000001	0.01815229214410518
1312.018	0.01815229214410518
1312.1570000000002	0.01815229214410518
1312.3010000000002	0.018153243771478395
1312.4450000000002	0.018153243771478395
1312.5890000000002	0.018153243771478395
1312.732	0.018153243771478395
1312.876	0.018153243771478395
1313.02	0.018153243771478395
1313.164	0.018153243771478395
1313.308	0.018153243771478395
1313.451	0.018153243771478395
1313.595	0.018153243771478395
1313.739	0.018153243771478395
1313.883	0.018153243771478395
1314.027	0.018153243771478395
1314.171	0.018153243771478395
1314.315	0.018153243771478395
1314.458	0.018153243771478395
1314.602	0.018153243771478395
1314.746	0.018153243771478395
1314.89	0.018153243771478395
1315.034	0.018153243771478395
1315.178	0.018153243771478395
1315.3220000000001	0.018153243771478395
1315.4650000000001	0.018153243771478395
1315.6090000000002	0.018153243771478395
1315.7530000000002	0.018153243771478395
1315.8960000000002	0.018153243771478395
1316.0400000000002	0.018153243771478395
1316.184	0.018153243771478395
1316.328	0.018153243771478395
1316.471	0.018153243771478395
1316.615	0.018153243771478395
1316.759	0.018153243771478395
1316.903	0.018153243771478395
1317.046	0.018153243771478395
1317.19	0.018153243771478395
1317.334	0.018153243771478395
1317.478	0.018153243771478395
1317.622	0.01815467121253822
1317.765	0.018153243771478395
1317.909	0.01815229214410518
1318.053	0.018153243771478395
1318.1970000000001	0.01815562283991144
1318.3400000000001	0.018157526094657872
1318.4840000000002	0.018157526094657872
1318.6280000000002	0.018157526094657872
1318.7720000000002	0.018157526094657872
1318.9160000000002	0.01815562283991144
1319.059	0.018153243771478395
1319.203	0.01815229214410518
1319.347	0.018151816330418572
1319.49	0.01815038888935875
1319.634	0.01814563075249267
1319.778	0.0181418242429998
1319.922	0.018141348429313194
1320.065	0.01813992098825337
1320.21	0.018137541919820324
1320.353	0.018137541919820324
1320.497	0.018137541919820324
1320.641	0.018137541919820324
1320.785	0.018137541919820324
1320.928	0.01813992098825337
1321.0720000000001	0.018141348429313194
1321.2160000000001	0.0181418242429998
1321.3600000000001	0.01814563075249267
1321.5030000000002	0.01814563075249267
1321.6470000000002	0.01815038888935875
1321.7910000000002	0.01815038888935875
1321.9350000000002	0.01815038888935875
1322.078	0.01815038888935875
1322.222	0.018151816330418572
1322.366	0.01815229214410518
1322.51	0.01815229214410518
1322.654	0.018153243771478395
1322.797	0.01815562283991144
1322.941	0.018157526094657872
1323.0880000000002	0.018158001908344483
1323.229	0.018158953535717698
1323.373	0.01816038097677752
1323.516	0.018160856790464128
1323.66	0.018160856790464128
1323.804	0.018162284231523954
1323.948	0.018164663299956994
1324.0910000000001	0.01816561492733021
1324.2350000000001	0.01816609074101682
1324.3790000000001	0.018169421436823076
1324.5220000000002	0.018173227946315942
1324.6670000000001	0.01817513120106238
1324.8100000000002	0.018176082828435594
1324.9540000000002	0.01817513120106238
1325.0980000000002	0.01817513120106238
1325.2420000000002	0.01817513120106238
1325.385	0.01817513120106238
1325.529	0.01817513120106238
1325.673	0.018176082828435594
1325.817	0.018176082828435594
1325.96	0.0181822684063615
1326.104	0.01818845398428741
1326.248	0.01818845398428741
1326.392	0.01818845398428741
1326.535	0.018189405611660624
1326.68	0.018192260493780275
1326.823	0.018192260493780275
1326.967	0.018192260493780275
1327.1100000000001	0.018195115375899927
1327.2540000000001	0.018196067003273142
1327.3980000000001	0.01819654281695975
1327.5420000000001	0.018197018630646357
1327.6860000000001	0.018197018630646357
1327.8300000000002	0.018197018630646357
1327.9730000000002	0.018197018630646357
1328.1170000000002	0.018197018630646357
1328.261	0.018197018630646357
1328.405	0.018197018630646357
1328.548	0.018197018630646357
1328.692	0.018197018630646357
1328.836	0.018197018630646357
1328.981	0.018197018630646357
1329.123	0.018197018630646357
1329.268	0.018197018630646357
1329.412	0.018197018630646357
1329.554	0.018197018630646357
1329.699	0.018197018630646357
1329.842	0.018197018630646357
1329.986	0.018197018630646357
1330.13	0.018197018630646357
1330.2740000000001	0.018197018630646357
1330.4170000000001	0.018197018630646357
1330.5610000000001	0.018197018630646357
1330.7050000000002	0.018197018630646357
1330.8490000000002	0.018197018630646357
1330.9930000000002	0.018197018630646357
1331.136	0.018197018630646357
1331.28	0.018197018630646357
1331.424	0.018197018630646357
1331.568	0.018197018630646357
1331.712	0.018197018630646357
1331.856	0.018197018630646357
1332.0	0.018197018630646357
1332.143	0.018197018630646357
1332.288	0.018197018630646357
1332.431	0.018197018630646357
1332.575	0.018197018630646357
1332.719	0.018197018630646357
1332.863	0.018197018630646357
1333.006	0.018197018630646357
1333.15	0.018197018630646357
1333.294	0.018197018630646357
1333.438	0.018197018630646357
1333.5810000000001	0.018197018630646357
1333.7250000000001	0.018197018630646357
1333.8690000000001	0.018197018630646357
1334.0130000000001	0.018197018630646357
1334.1560000000002	0.018197018630646357
1334.3000000000002	0.018197018630646357
1334.4440000000002	0.018197018630646357
1334.5880000000002	0.018197018630646357
1334.732	0.018197018630646357
1334.876	0.018197018630646357
1335.019	0.018198446071706183
1335.163	0.018201776767512442
1335.307	0.018204155835945483
1335.451	0.01820463164963209
1335.594	0.01820558327700531
1335.738	0.018207010718065134
1335.882	0.018208438159124957
1336.026	0.018211293041244605
1336.169	0.018214147923364253
1336.313	0.01821509955073747
1336.457	0.01821509955073747
1336.601	0.01821509955073747
1336.7440000000001	0.018217002805483905
1336.8880000000001	0.018219857687603556
1337.0320000000002	0.01822128512866338
1337.1750000000002	0.01822128512866338
1337.3200000000002	0.01822128512866338
1337.4630000000002	0.0182227125697232
1337.607	0.018224140010783027
1337.751	0.018224140010783027
1337.895	0.018224615824469638
1338.038	0.018224615824469638
1338.183	0.018224615824469638
1338.326	0.018225567451842853
1338.47	0.018225567451842853
1338.613	0.018226519079216068
1338.757	0.018226519079216068
1338.901	0.018226519079216068
1339.045	0.018227946520275894
1339.189	0.018230801402395545
1339.333	0.018230801402395545
1339.476	0.018230801402395545
1339.6200000000001	0.018230801402395545
1339.7640000000001	0.018230801402395545
1339.9070000000002	0.018230801402395545
1340.0510000000002	0.018230801402395545
1340.1950000000002	0.018230801402395545
1340.3390000000002	0.018230801402395545
1340.4830000000002	0.018230801402395545
1340.626	0.018230801402395545
1340.77	0.018230801402395545
1340.9160000000002	0.018230801402395545
1341.058	0.018230801402395545
1341.201	0.018230801402395545
1341.345	0.018230801402395545
1341.489	0.018230801402395545
1341.633	0.018230801402395545
1341.777	0.018230801402395545
1341.92	0.018230801402395545
1342.064	0.018230801402395545
1342.208	0.018230801402395545
1342.352	0.018230801402395545
1342.4950000000001	0.018230801402395545
1342.6390000000001	0.018230801402395545
1342.7830000000001	0.018230801402395545
1342.9270000000001	0.018230801402395545
1343.0710000000001	0.018230801402395545
1343.2150000000001	0.018230801402395545
1343.3590000000002	0.018230801402395545
1343.5020000000002	0.018230801402395545
1343.645	0.018230801402395545
1343.789	0.018230801402395545
1343.933	0.018230801402395545
1344.077	0.018230801402395545
1344.22	0.018230801402395545
1344.365	0.018230801402395545
1344.508	0.018230801402395545
1344.652	0.018230801402395545
1344.796	0.018230801402395545
1344.94	0.018227946520275894
1345.083	0.018227946520275894
1345.227	0.018227946520275894
1345.371	0.018227946520275894
1345.515	0.018227946520275894
1345.6580000000001	0.018227946520275894
1345.8020000000001	0.018227946520275894
1345.9460000000001	0.018226519079216068
1346.0900000000001	0.018225567451842853
1346.2330000000002	0.018224615824469638
1346.3770000000002	0.018224615824469638
1346.5210000000002	0.018224615824469638
1346.6650000000002	0.018224615824469638
1346.809	0.018224140010783027
1346.952	0.0182227125697232
1347.096	0.0182227125697232
1347.24	0.01822128512866338
1347.384	0.018219857687603556
1347.528	0.018217002805483905
1347.671	0.01821509955073747
1347.815	0.01821509955073747
1347.959	0.018212244668617823
1348.103	0.018208438159124957
1348.246	0.018208438159124957
1348.39	0.018207010718065134
1348.534	0.01820558327700531
1348.6770000000001	0.018203204208572264
1348.8220000000001	0.018199397699079398
1348.9660000000001	0.018197018630646357
1349.1100000000001	0.018197018630646357
1349.2540000000001	0.018197018630646357
1349.3980000000001	0.01819654281695975
1349.5410000000002	0.018196067003273142
1349.6850000000002	0.018195115375899927
1349.8290000000002	0.018192260493780275
1349.9730000000002	0.018184647474794542
1350.1170000000002	0.018177986083182024
1350.26	0.0181765586421222
1350.404	0.018176082828435594
1350.548	0.018176082828435594
1350.691	0.01817417957368916
1350.835	0.018172276318942727
1350.979	0.018172276318942727
1351.123	0.0181708488778829
1351.266	0.018167993995763253
1351.41	0.01816609074101682
1351.554	0.018164187486270387
1351.698	0.018162760045210564
1351.842	0.018161808417837346
1351.986	0.018160856790464128
1352.1290000000001	0.018160856790464128
1352.2730000000001	0.018160856790464128
1352.4170000000001	0.018160856790464128
1352.5610000000001	0.018160856790464128
1352.7040000000002	0.018160856790464128
1352.8480000000002	0.018160856790464128
1352.9920000000002	0.01816038097677752
1353.1370000000002	0.018158953535717698
1353.279	0.018158001908344483
1353.423	0.018158001908344483
1353.567	0.018156098653598046
1353.711	0.018153243771478395
1353.855	0.01815229214410518
1353.998	0.018150864703045354
1354.142	0.01814800982092571
1354.286	0.01814563075249267
1354.43	0.01814467912511945
1354.573	0.018143251684059628
1354.717	0.018141348429313194
1354.861	0.01813944517456676
1355.005	0.01813706610613372
1355.1490000000001	0.01813468703770068
1355.2920000000001	0.018131832155581028
1355.4360000000001	0.01812992890083459
1355.5800000000002	0.018129453087147984
1355.7240000000002	0.01812802564608816
1355.8680000000002	0.018126598205028335
1356.011	0.018121364254475643
1356.155	0.018115178676549736
1356.299	0.01811422704917652
1356.443	0.01811422704917652
1356.586	0.01811422704917652
1356.73	0.01811422704917652
1356.874	0.01811422704917652
1357.018	0.01811422704917652
1357.161	0.01811422704917652
1357.305	0.01811422704917652
1357.45	0.018112799608116695
1357.593	0.018109944725997047
1357.736	0.0181070898438774
1357.88	0.018105662402817576
1358.0240000000001	0.018105662402817576
1358.1680000000001	0.018104234961757747
1358.3110000000001	0.018101380079638095
1358.4550000000002	0.01809852519751845
1358.5990000000002	0.0180956703153988
1358.7430000000002	0.01809376706065237
1358.8870000000002	0.018093291246965758
1359.0310000000002	0.018091863805905932
1359.1750000000002	0.018090436364846106
1359.318	0.01808710566903985
1359.462	0.018083774973233595
1359.606	0.018083774973233595
1359.749	0.01808187171848716
1359.893	0.01807568614056125
1360.037	0.01807045219000856
1360.181	0.01806902474894874
1360.324	0.018063790798396047
1360.468	0.01805760522047014
1360.612	0.018055701965723703
1360.756	0.018054274524663877
1360.9	0.018051419642544232
1361.0430000000001	0.0180495163877978
1361.1870000000001	0.018048088946737973
1361.3300000000002	0.018048088946737973
1361.4750000000001	0.018048088946737973
1361.6180000000002	0.018048088946737973
1361.7620000000002	0.018045234064618325
1361.9060000000002	0.018042379182498673
1362.0500000000002	0.018040000114065632
1362.1940000000002	0.018039048486692418
1362.337	0.018039048486692418
1362.481	0.01803762104563259
1362.625	0.01803762104563259
1362.768	0.01803762104563259
1362.912	0.01803762104563259
1363.056	0.018036193604572766
1363.2	0.01803571779088616
1363.344	0.01803524197719955
1363.488	0.01803524197719955
1363.631	0.01803524197719955
1363.775	0.01803524197719955
1363.919	0.01803524197719955
1364.063	0.01803524197719955
1364.2060000000001	0.01803524197719955
1364.3500000000001	0.01803524197719955
1364.4940000000001	0.01803524197719955
1364.6380000000001	0.01803524197719955
1364.7810000000002	0.01803524197719955
1364.9250000000002	0.018031911281393292
1365.0690000000002	0.018028580585587033
1365.2130000000002	0.018028580585587033
1365.356	0.018025725703467384
1365.5	0.0180209675666013
1365.644	0.018017636870795044
1365.788	0.018016209429735218
1365.932	0.018016209429735218
1366.075	0.018016209429735218
1366.219	0.018016209429735218
1366.363	0.018015257802362003
1366.508	0.018012878733928962
1366.651	0.018010975479182526
1366.795	0.018009548038122703
1366.939	0.018009548038122703
1367.083	0.018009548038122703
1367.227	0.01800812059706288
1367.3700000000001	0.01800812059706288
1367.5140000000001	0.01800812059706288
1367.6580000000001	0.01800812059706288
1367.8010000000002	0.01800764478337627
1367.9460000000001	0.01800764478337627
1368.092	0.018004314087570014
1368.2330000000002	0.01799908013701732
1368.376	0.01799717688227089
1368.52	0.01799717688227089
1368.664	0.017994797813837848
1368.808	0.017992418745404807
1368.952	0.017986708981165507
1369.096	0.01797814433480656
1369.239	0.01797386201162708
1369.383	0.017971007129507433
1369.527	0.01796672480632796
1369.671	0.017960063414715444
1369.814	0.017954829464162752
1369.958	0.01795292620941632
1370.102	0.01795245039572971
1370.246	0.017950547140983278
1370.3890000000001	0.017947216445177022
1370.5330000000001	0.0179457890041172
1370.6770000000001	0.017941506680937726
1370.8210000000001	0.017936748544071637
1370.9650000000001	0.01793341784826538
1371.1090000000002	0.017929611338772515
1371.2530000000002	0.017928183897712693
1371.3960000000002	0.01792628064296626
1371.5400000000002	0.017924853201906434
1371.684	0.017922474133473393
1371.827	0.017920095065040352
1371.971	0.017919143437667134
1372.115	0.01791676436923409
1372.259	0.01791486111448766
1372.402	0.017913433673427834
1372.546	0.017912006232368008
1372.69	0.017907723909188537
1372.833	0.017902489958635845
1372.978	0.017897731821769763
1373.121	0.017893449498590286
1373.265	0.017891070430157245
1373.409	0.017888691361724204
1373.553	0.017886312293291164
1373.6960000000001	0.017884409038544734
1373.8400000000001	0.017881554156425082
1373.9840000000002	0.017875844392185786
1374.1280000000002	0.017871562069006308
1374.2720000000002	0.017868707186886656
1374.4150000000002	0.017868707186886656
1374.559	0.017868707186886656
1374.703	0.01786585230476701
1374.846	0.017863949050020575
1374.99	0.017861569981587534
1375.134	0.0178596667268411
1375.278	0.017857763472094668
1375.421	0.017856336031034842
1375.566	0.017854908589975016
1375.709	0.017850626266795545
1375.855	0.017846343943616068
1376.0	0.017846343943616068
1376.144	0.017846343943616068
1376.284	0.017846343943616068
1376.431	0.017846343943616068
1376.575	0.017846343943616068
1376.719	0.017846343943616068
1376.8590000000002	0.017846343943616068
1377.0030000000002	0.017846343943616068
1377.1470000000002	0.017846343943616068
1377.2910000000002	0.017846343943616068
1377.434	0.017846343943616068
1377.578	0.017841109993063382
1377.722	0.017841109993063382
1377.866	0.017836351856197297
1378.009	0.017834924415137468
1378.153	0.01783206953301782
1378.297	0.01782921465089817
1378.441	0.017827311396151742
1378.585	0.01782445651403209
1378.728	0.01782445651403209
1378.872	0.017820650004539224
1379.016	0.017817795122419572
1379.16	0.017817795122419572
1379.304	0.017817795122419572
1379.4470000000001	0.017817795122419572
1379.5910000000001	0.017817795122419572
1379.7350000000001	0.017820650004539224
1379.8780000000002	0.017823029072972264
1380.0220000000002	0.017823029072972264
1380.1660000000002	0.01782160163191244
1380.3100000000002	0.017819222563479398
1380.453	0.017817795122419572
1380.5980000000002	0.01781636768135975
1380.741	0.017815416053986535
1380.885	0.017815416053986535
1381.029	0.017814940240299927
1381.173	0.01781446442661332
1381.316	0.017812085358180275
1381.46	0.01780970628974723
1381.604	0.01780827884868741
1381.748	0.017803996525507935
1381.891	0.017803996525507935
1382.035	0.017803996525507935
1382.179	0.017803996525507935
1382.323	0.017803996525507935
1382.4660000000001	0.017803996525507935
1382.6100000000001	0.017803996525507935
1382.7540000000001	0.017803996525507935
1382.8980000000001	0.017801141643388287
1383.0420000000001	0.017798762574955246
1383.188	0.0177963835065222
1383.3290000000002	0.017795907692835594
1383.4730000000002	0.01779448025177577
1383.6170000000002	0.017793528624402553
1383.76	0.017793052810715942
1383.905	0.017789722114909687
1384.049	0.01778591560541682
1384.193	0.017784963978043605
1384.337	0.017784963978043605
1384.48	0.017784488164356998
1384.624	0.017782109095923957
1384.768	0.017780205841177524
1384.912	0.017779730027490913
1385.056	0.017778302586431087
1385.2	0.017777350959057872
1385.344	0.01777687514537126
1385.487	0.017775447704311435
1385.631	0.017773068635878395
1385.7740000000001	0.017766883057952487
1385.9180000000001	0.01776069748002658
1386.0620000000001	0.01775403608841407
1386.2060000000001	0.01774737469680155
1386.3490000000002	0.01774499562836851
1386.4930000000002	0.01774214074624886
1386.6370000000002	0.01774214074624886
1386.7810000000002	0.01774214074624886
1386.924	0.01773928586412921
1387.068	0.01773928586412921
1387.212	0.01773928586412921
1387.356	0.01773928586412921
1387.499	0.01773928586412921
1387.643	0.01773928586412921
1387.787	0.01773928586412921
1387.931	0.01773928586412921
1388.074	0.01773928586412921
1388.218	0.01773928586412921
1388.362	0.01773928586412921
1388.506	0.01773928586412921
1388.65	0.01773928586412921
1388.794	0.01773928586412921
1388.9370000000001	0.01773928586412921
1389.0810000000001	0.01773928586412921
1389.2250000000001	0.01773928586412921
1389.3690000000001	0.01773928586412921
1389.5120000000002	0.01773928586412921
1389.6560000000002	0.01773928586412921
1389.8000000000002	0.01773928586412921
1389.9440000000002	0.01773928586412921
1390.087	0.01773928586412921
1390.231	0.01773928586412921
1390.375	0.01773928586412921
1390.519	0.01773928586412921
1390.663	0.01773928586412921
1390.806	0.01773928586412921
1390.95	0.01773928586412921
1391.094	0.01774214074624886
1391.238	0.01774214074624886
1391.382	0.01774214074624886
1391.525	0.01774214074624886
1391.669	0.01774214074624886
1391.813	0.01774214074624886
1391.957	0.01774214074624886
1392.1000000000001	0.01774214074624886
1392.2440000000001	0.01774214074624886
1392.3880000000001	0.01774214074624886
1392.5310000000002	0.01774214074624886
1392.6750000000002	0.01774214074624886
1392.8190000000002	0.01774214074624886
1392.9630000000002	0.01774214074624886
1393.106	0.01774214074624886
1393.251	0.01774214074624886
1393.394	0.01774214074624886
1393.538	0.01774214074624886
1393.682	0.017746423069428335
1393.826	0.017748802137861376
1393.969	0.01775546352947389
1394.113	0.017766883057952487
1394.257	0.017773068635878395
1394.401	0.017775447704311435
1394.544	0.01777687514537126
1394.688	0.017777350959057872
1394.832	0.017778302586431087
1394.976	0.017778302586431087
1395.1190000000001	0.017779730027490913
1395.2630000000001	0.017779730027490913
1395.4070000000002	0.017779730027490913
1395.5510000000002	0.017779730027490913
1395.6950000000002	0.017779730027490913
1395.8390000000002	0.017779730027490913
1395.982	0.017779730027490913
1396.126	0.01778115746855074
1396.27	0.017783060723297172
1396.413	0.017784488164356998
1396.557	0.017784963978043605
1396.701	0.017784963978043605
1396.845	0.017784963978043605
1396.989	0.01778591560541682
1397.132	0.017789722114909687
1397.276	0.017793052810715942
1397.42	0.017793528624402553
1397.563	0.01779448025177577
1397.708	0.017795907692835594
1397.851	0.0177963835065222
1397.9950000000001	0.0177963835065222
1398.141	0.01779733513389542
1398.2830000000001	0.01779733513389542
1398.4260000000002	0.01779733513389542
1398.5700000000002	0.01779733513389542
1398.7140000000002	0.01779733513389542
1398.8580000000002	0.01779733513389542
1399.001	0.01779733513389542
1399.1460000000002	0.01779733513389542
1399.2900000000002	0.01779733513389542
1399.433	0.01779733513389542
1399.576	0.01779733513389542
1399.72	0.01779971420232846
1399.864	0.01779971420232846
1400.008	0.017801141643388287
1400.151	0.017801617457074894
1400.295	0.017804472339194542
1400.439	0.01780732722131419
1400.583	0.017808754662374013
1400.727	0.017808754662374013
1400.8700000000001	0.017808754662374013
1401.0140000000001	0.017808754662374013
1401.1580000000001	0.017808754662374013
1401.3020000000001	0.017808754662374013
1401.4470000000001	0.01780970628974723
1401.5900000000001	0.017811133730807057
1401.7340000000002	0.0178135127992401
1401.8780000000002	0.01781446442661332
1402.0220000000002	0.01781446442661332
1402.1650000000002	0.017814940240299927
1402.309	0.017815416053986535
1402.453	0.017815416053986535
1402.596	0.017815416053986535
1402.741	0.017815416053986535
1402.884	0.01781636768135975
1403.028	0.017817795122419572
1403.172	0.017819222563479398
1403.316	0.01782160163191244
1403.459	0.017823029072972264
1403.603	0.017823504886658875
1403.747	0.0178249323277187
1403.891	0.017827311396151742
1404.034	0.017828738837211564
1404.178	0.01782921465089817
1404.3220000000001	0.017831117905644605
1404.4660000000001	0.01783254534670443
1404.6090000000002	0.017833496974077646
1404.7530000000002	0.017834924415137468
1404.8970000000002	0.017836351856197297
1405.0410000000002	0.01783825511094373
1405.184	0.017839206738316946
1405.328	0.017839206738316946
1405.472	0.017839206738316946
1405.616	0.017839206738316946
1405.76	0.017839206738316946
1405.904	0.01784110999306338
1406.047	0.017843964875183027
1406.191	0.017844916502556245
1406.335	0.017845392316242853
1406.479	0.01784681975730268
1406.622	0.017848247198362505
1406.766	0.017849674639422327
1406.91	0.017850626266795542
1407.054	0.017850626266795542
1407.1970000000001	0.017850626266795542
1407.3410000000001	0.017850626266795542
1407.4850000000001	0.017850626266795542
1407.6290000000001	0.017852053707855368
1407.7730000000001	0.017854908589975016
1407.9160000000002	0.017856336031034842
1408.0600000000002	0.017857763472094668
1408.2040000000002	0.017859190913154493
1408.3480000000002	0.0178596667268411
1408.4920000000002	0.017861094167900923
1408.635	0.017865852304767005
1408.779	0.01786965881425987
1408.923	0.017871086255319697
1409.067	0.017872513696379527
1409.21	0.017872989510066134
1409.354	0.01787346532375274
1409.498	0.017875844392185782
1409.641	0.01787869927430543
1409.785	0.017880602529051867
1409.929	0.017882981597484908
1410.073	0.017883933224858123
1410.217	0.017884409038544734
1410.361	0.01788488485223134
1410.5040000000001	0.017886312293291164
1410.6480000000001	0.017886312293291164
1410.7920000000001	0.017889167175410815
1410.9360000000001	0.01789249787121707
1411.0790000000002	0.01789249787121707
1411.2230000000002	0.01789249787121707
1411.3670000000002	0.01789249787121707
1411.511	0.01789249787121707
1411.654	0.01789249787121707
1411.798	0.01789249787121707
1411.942	0.01789249787121707
1412.086	0.01789249787121707
1412.229	0.01789249787121707
1412.373	0.01789249787121707
1412.517	0.01789249787121707
1412.661	0.01789249787121707
1412.805	0.01789487693965011
1412.949	0.01789487693965011
1413.092	0.01789487693965011
1413.241	0.01789487693965011
1413.38	0.01789487693965011
1413.5240000000001	0.01789487693965011
1413.6670000000001	0.01789487693965011
1413.8110000000001	0.01789487693965011
1413.9550000000002	0.01789487693965011
1414.0990000000002	0.01789487693965011
1414.2420000000002	0.01789487693965011
1414.386	0.01789487693965011
1414.53	0.01789487693965011
1414.674	0.01789487693965011
1414.818	0.01789487693965011
1414.961	0.01789487693965011
1415.105	0.01789487693965011
1415.249	0.01789487693965011
1415.393	0.01789487693965011
1415.536	0.01789487693965011
1415.68	0.01789678019439654
1415.824	0.017899159262829582
1415.968	0.017899159262829582
1416.112	0.017899159262829582
1416.255	0.017899159262829582
1416.3990000000001	0.017899159262829582
1416.5430000000001	0.017899159262829582
1416.6860000000001	0.01790296577232245
1416.8300000000002	0.0179058206544421
1416.9740000000002	0.01790629646812871
1417.1180000000002	0.01790629646812871
1417.261	0.01790629646812871
1417.4060000000002	0.01790629646812871
1417.549	0.01790629646812871
1417.693	0.01790629646812871
1417.837	0.01790629646812871
1417.981	0.01790629646812871
1418.124	0.01790915135024836
1418.268	0.0179115304186814
1418.412	0.01791438530080105
1418.556	0.0179172401829207
1418.699	0.017918667623980526
1418.843	0.017922474133473393
1418.988	0.017926756456652867
1419.132	0.017929611338772515
1419.275	0.01793103877983234
1419.419	0.01793151459351895
1419.563	0.01793151459351895
1419.707	0.01793294203457877
1419.851	0.017934369475638597
1419.9940000000001	0.017935796916698422
1420.1380000000001	0.01793960342619129
1420.2820000000002	0.01794245830831094
1420.4260000000002	0.017943885749370763
1420.5700000000002	0.017946264817803804
1420.7130000000002	0.01794769225886363
1420.857	0.017948168072550237
1421.001	0.017950547140983278
1421.145	0.01795530527784936
1421.288	0.017958635973655615
1421.432	0.017961966669461878
1421.576	0.017965773178954744
1421.719	0.017973386197940477
1421.864	0.0179805234032396
1422.007	0.01798242665798603
1422.151	0.017984805726419074
1422.295	0.017987184794852118
1422.439	0.01798861223591194
1422.582	0.01798861223591194
1422.726	0.017989088049598548
1422.8700000000001	0.017991942931718196
1423.0140000000001	0.01799908013701732
1423.1570000000002	0.018005741528629837
1423.3010000000002	0.018009072224436096
1423.4450000000002	0.018010499665495918
1423.5890000000002	0.018015257802362003
1423.732	0.018020015939228085
1423.876	0.0180209675666013
1424.02	0.018022395007661125
1424.164	0.01802382244872095
1424.307	0.018025249889780777
1424.451	0.018026677330840603
1424.595	0.01802953221296025
1424.739	0.018031435467706684
1424.885	0.018031435467706684
1425.027	0.018033338722453118
1425.17	0.018036669418259377
1425.314	0.018038572673005807
1425.458	0.018040000114065632
1425.602	0.018042379182498673
1425.7450000000001	0.01804666150567815
1425.8890000000001	0.0180495163877978
1426.0330000000001	0.01805094382885762
1426.1770000000001	0.018052847083604055
1426.3200000000002	0.018054750338350488
1426.4640000000002	0.018056177779410314
1426.6080000000002	0.01805760522047014
1426.751	0.018061411729963003
1426.8960000000002	0.01806521823945587
1427.039	0.018067597307888913
1427.183	0.01806902474894874
1427.327	0.01806902474894874
1427.471	0.01807045219000856
1427.614	0.018072831258441602
1427.758	0.018074734513188036
1427.902	0.018076161954247858
1428.046	0.01807758939530768
1428.192	0.018079492650054117
1428.333	0.018081871718487158
1428.477	0.018083299159546984
1428.621	0.018083774973233595
1428.7640000000001	0.018083774973233595
1428.9080000000001	0.018086154041666636
1429.0520000000001	0.018088533110099676
1429.1960000000001	0.018092339619592543
1429.3390000000002	0.018096146129085406
1429.4830000000002	0.018096621942772013
1429.6270000000002	0.01809804938383184
1429.7710000000002	0.018099476824891665
1429.9150000000002	0.018099952638578273
1430.059	0.01810090426595149
1430.202	0.018103283334384532
1430.346	0.018106614030190787
1430.49	0.01810946891231044
1430.634	0.018110896353370265
1430.777	0.018112799608116695
1430.921	0.018117557744982776
1431.065	0.018126598205028335
1431.209	0.01813421122401407
1431.352	0.01813992098825337
1431.496	0.018145154938806057
1431.64	0.018147534007239098
1431.784	0.018148485634612316
1431.928	0.018148961448298924
1432.0710000000001	0.01814943726198553
1432.2150000000001	0.01814943726198553
1432.3590000000002	0.01815229214410518
1432.5030000000002	0.018156098653598046
1432.6470000000002	0.018156098653598046
1432.7900000000002	0.018157526094657872
1432.934	0.018159429349404305
1433.078	0.018162284231523954
1433.222	0.018163711672583783
1433.365	0.018163711672583783
1433.509	0.018164663299956994
1433.653	0.018169897250509687
1433.796	0.018169897250509687
1433.94	0.018169897250509687
1434.084	0.018169897250509687
1434.228	0.018169897250509687
1434.372	0.01817513120106238
1434.516	0.01817513120106238
1434.659	0.01817513120106238
1434.803	0.01817513120106238
1434.9470000000001	0.018176082828435594
1435.0910000000001	0.0181765586421222
1435.2340000000002	0.0181765586421222
1435.3780000000002	0.018177986083182024
1435.5220000000002	0.018177986083182024
1435.6660000000002	0.018177986083182024
1435.809	0.018177986083182024
1435.953	0.018180840965301676
1436.097	0.018185123288481153
1436.241	0.0181879781706008
1436.385	0.01818845398428741
1436.529	0.018189405611660624
1436.673	0.018191784680093668
1436.817	0.018193212121153494
1436.961	0.018194639562213316
1437.105	0.018194639562213316
1437.248	0.018194639562213316
1437.392	0.018197494444332968
1437.536	0.018200349326452616
1437.68	0.018200349326452616
1437.823	0.018200349326452616
1437.967	0.018202728394885657
1438.111	0.018203680022258875
1438.255	0.0182051074633187
1438.3980000000001	0.01820796234543835
1438.5420000000001	0.01820938978649817
1438.6860000000001	0.018209865600184783
1438.8300000000002	0.018211768854931212
1438.9740000000002	0.018213196295991038
1439.1170000000002	0.018213196295991038
1439.261	0.018213196295991038
1439.404	0.018214147923364253
1439.549	0.01821557536442408
1439.692	0.01821605117811069
1439.836	0.018217002805483905
1439.98	0.01821843024654373
1440.124	0.018219857687603556
1440.268	0.01822128512866338
1440.412	0.01822699489290268
1440.555	0.01822699489290268
1440.699	0.01822699489290268
1440.842	0.01822699489290268
1440.986	0.01822699489290268
1441.13	0.01822699489290268
1441.2740000000001	0.018233180470828586
1441.4180000000001	0.018233180470828586
1441.5620000000001	0.018234607911888412
1441.7050000000002	0.01823651116663484
1441.8490000000002	0.018237938607694668
1441.9940000000001	0.018237938607694668
1442.1370000000002	0.018237938607694668
1442.28	0.018238890235067882
1442.424	0.018241269303500927
1442.568	0.01824317255824736
1442.712	0.01824793069511344
1442.855	0.018250785577233093
1442.999	0.01825221301829292
1443.143	0.018253640459352745
1443.287	0.018253640459352745
1443.43	0.018253640459352745
1443.574	0.018256019527785786
1443.718	0.018256971155159
1443.862	0.018256971155159
1444.006	0.018256971155159
1444.1490000000001	0.018256971155159
1444.2930000000001	0.018256971155159
1444.4370000000001	0.018256971155159
1444.5810000000001	0.018256971155159
1444.7240000000002	0.01825935022359204
1444.8680000000002	0.01826220510571169
1445.0120000000002	0.01826220510571169
1445.1560000000002	0.01826220510571169
1445.3000000000002	0.01826220510571169
1445.443	0.01826220510571169
1445.587	0.01826220510571169
1445.731	0.01826220510571169
1445.875	0.01826220510571169
1446.019	0.018264108360458123
1446.162	0.018266487428891164
1446.306	0.01826791486995099
1446.449	0.018269342311010815
1446.594	0.01827314882050368
1446.737	0.018277431143683152
1446.881	0.01827933439842959
1447.025	0.01828076183948941
1447.169	0.01828171346686263
1447.3120000000001	0.01828171346686263
1447.4560000000001	0.018283140907922452
1447.6000000000001	0.018283140907922452
1447.7440000000001	0.018283140907922452
1447.8870000000002	0.018283140907922452
1448.0310000000002	0.018283140907922452
1448.1750000000002	0.018283140907922452
1448.3190000000002	0.018283140907922452
1448.462	0.018283140907922452
1448.606	0.018283140907922452
1448.75	0.018283140907922452
1448.894	0.018283140907922452
1449.038	0.018283140907922452
1449.182	0.018283140907922452
1449.325	0.018283140907922452
1449.469	0.018283140907922452
1449.613	0.018283140907922452
1449.757	0.018283140907922452
1449.9	0.018283140907922452
1450.044	0.018283140907922452
1450.188	0.018283140907922452
1450.332	0.018283140907922452
1450.4750000000001	0.018283140907922452
1450.6190000000001	0.018283140907922452
1450.7630000000001	0.018283140907922452
1450.9060000000002	0.018283140907922452
1451.0500000000002	0.018283140907922452
1451.1940000000002	0.018283140907922452
1451.3380000000002	0.018283140907922452
1451.481	0.018283140907922452
1451.626	0.018283140907922452
1451.769	0.018283140907922452
1451.913	0.018283140907922452
1452.057	0.018283140907922452
1452.201	0.018283140907922452
1452.344	0.018283140907922452
1452.488	0.018284568348982275
1452.632	0.018285519976355493
1452.778	0.018285519976355493
1452.919	0.018285519976355493
1453.063	0.018285519976355493
1453.207	0.018285519976355493
1453.351	0.018285519976355493
1453.4940000000001	0.018285519976355493
1453.6380000000001	0.018285519976355493
1453.7820000000002	0.018285519976355493
1453.9270000000001	0.018285519976355493
1454.0710000000001	0.018285519976355493
1454.2150000000001	0.018285519976355493
1454.3580000000002	0.018285519976355493
1454.5030000000002	0.018284568348982275
1454.6460000000002	0.018283140907922452
1454.7900000000002	0.01828171346686263
1454.933	0.01828171346686263
1455.077	0.01828171346686263
1455.221	0.01828171346686263
1455.365	0.01828171346686263
1455.509	0.01828171346686263
1455.652	0.01828171346686263
1455.796	0.01828171346686263
1455.939	0.01828171346686263
1456.084	0.01828171346686263
1456.227	0.01828171346686263
1456.371	0.01828171346686263
1456.5140000000001	0.01828171346686263
1456.659	0.01828171346686263
1456.8020000000001	0.01828171346686263
1456.9460000000001	0.01828171346686263
1457.0900000000001	0.01828171346686263
1457.2340000000002	0.01828171346686263
1457.3780000000002	0.01828171346686263
1457.5210000000002	0.01828171346686263
1457.6650000000002	0.01828171346686263
1457.809	0.01828171346686263
1457.952	0.01828171346686263
1458.096	0.01828171346686263
1458.2420000000002	0.01828171346686263
1458.384	0.01828171346686263
1458.527	0.01828171346686263
1458.671	0.01828171346686263
1458.815	0.01828171346686263
1458.959	0.01828171346686263
1459.103	0.01828171346686263
1459.247	0.01828171346686263
1459.39	0.01828171346686263
1459.534	0.01828171346686263
1459.678	0.01828171346686263
1459.8220000000001	0.01828076183948941
1459.9650000000001	0.01828076183948941
1460.1090000000002	0.01828076183948941
1460.2530000000002	0.01827933439842959
1460.3970000000002	0.018277431143683152
1460.5400000000002	0.018277431143683152
1460.684	0.018277431143683152
1460.828	0.01827505207525011
1460.972	0.01827505207525011
1461.115	0.01827505207525011
1461.259	0.01827505207525011
1461.403	0.018274100447876897
1461.547	0.018272197193130463
1461.691	0.018269342311010815
1461.835	0.01826553580151795
1461.978	0.01826220510571169
1462.122	0.01826220510571169
1462.268	0.018258398596218826
1462.41	0.018253640459352745
1462.553	0.01825221301829292
1462.6970000000001	0.01825221301829292
1462.8410000000001	0.018250785577233093
1462.9850000000001	0.018248882322486656
1463.1280000000002	0.018246979067740227
1463.2720000000002	0.018244599999307186
1463.4160000000002	0.01824317255824736
1463.559	0.018241269303500927
1463.707	0.018238890235067882
1463.847	0.01823651116663484
1463.9920000000002	0.01823508372557502
1464.136	0.018234607911888412
1464.279	0.01823270465714198
1464.422	0.018230325588708938
1464.566	0.01822699489290268
1464.71	0.018224140010783027
1464.854	0.01822128512866338
1464.997	0.01821843024654373
1465.141	0.018217954432857123
1465.285	0.018217002805483905
1465.428	0.01821557536442408
1465.5720000000001	0.01821509955073747
1465.7160000000001	0.018214147923364253
1465.8600000000001	0.018213196295991038
1466.0040000000001	0.01821272048230443
1466.1480000000001	0.01821129304124461
1466.2910000000002	0.018209865600184783
1466.4350000000002	0.01820938978649817
1466.5790000000002	0.01820796234543835
1466.7230000000002	0.018206534904378527
1466.866	0.018206534904378527
1467.01	0.0182051074633187
1467.154	0.018203680022258875
1467.298	0.018200349326452616
1467.442	0.01819654281695975
1467.585	0.018196067003273142
1467.729	0.018194639562213316
1467.873	0.018193212121153494
1468.017	0.01819083305272045
1468.16	0.01818845398428741
1468.304	0.018187026543227583
1468.448	0.018185123288481153
1468.592	0.018183220033734716
1468.7350000000001	0.018180840965301676
1468.8790000000001	0.01817941352424185
1469.0230000000001	0.018177986083182024
1469.1670000000001	0.0181765586421222
1469.3110000000001	0.018176082828435594
1469.4550000000002	0.018176082828435594
1469.5990000000002	0.01817513120106238
1469.7420000000002	0.01817417957368916
1469.886	0.018173227946315942
1470.029	0.018170373064196298
1470.173	0.018167518182076646
1470.317	0.018166566554703428
1470.461	0.018166566554703428
1470.604	0.01816609074101682
1470.748	0.018164663299956994
1470.892	0.018163711672583783
1471.036	0.018163235858897175
1471.18	0.018161808417837346
1471.325	0.018159429349404305
1471.468	0.018157526094657872
1471.612	0.018157050280971265
1471.756	0.018156098653598046
1471.8990000000001	0.018153719585165005
1472.0430000000001	0.018150864703045354
1472.1870000000001	0.01814943726198553
1472.3310000000001	0.01814943726198553
1472.4740000000002	0.01814943726198553
1472.6180000000002	0.01814943726198553
1472.7620000000002	0.01814943726198553
1472.9060000000002	0.01814705819355249
1473.0500000000002	0.01814705819355249
1473.1960000000001	0.01814467912511945
1473.337	0.01814467912511945
1473.481	0.018143251684059628
1473.625	0.0181418242429998
1473.768	0.0181418242429998
1473.912	0.0181418242429998
1474.056	0.018138493547193543
1474.2	0.01813421122401407
1474.344	0.018131356341894417
1474.488	0.018128501459774765
1474.631	0.018127074018714943
1474.775	0.01812517076396851
1474.919	0.01811993681341582
1475.063	0.018113275421803306
1475.2060000000001	0.018108041471250617
1475.3500000000001	0.018105662402817576
1475.4940000000001	0.01810518658913097
1475.6370000000002	0.018104710775444358
1475.7810000000002	0.01810090426595149
1475.9250000000002	0.018094242874338973
1476.0690000000002	0.018091387992219325
1476.2130000000002	0.018088533110099676
1476.356	0.018083299159546984
1476.5	0.01807378288581482
1476.644	0.01806521823945587
1476.788	0.018061411729963003
1476.932	0.018058556847843354
1477.075	0.01805712940678353
1477.219	0.01805427452466388
1477.363	0.018049516387797795
1477.506	0.018045234064618325
1477.65	0.01803571779088616
1477.794	0.018026677330840603
1477.938	0.018025725703467384
1478.0810000000001	0.018025249889780777
1478.226	0.018024774076094166
1478.3690000000001	0.01802334663503434
1478.5130000000001	0.018016685243421825
1478.6570000000002	0.018008596410749485
1478.8010000000002	0.018004789901256618
1478.9440000000002	0.0179919429317182
1479.0880000000002	0.017969103874761
1479.232	0.017956732718909185
1479.376	0.01795007132729667
1479.519	0.017943409935684156
1479.663	0.01794198249462433
1479.807	0.017941030867251115
1479.951	0.017937224357758248
1480.095	0.017927232270339474
1480.239	0.017919143437667134
1480.382	0.017917715996607308
1480.526	0.0179172401829207
1480.67	0.017915812741860875
1480.813	0.017912006232368008
1480.957	0.017909151350248356
1481.101	0.01790629646812871
1481.2450000000001	0.01789915926282959
1481.3890000000001	0.017892022057530464
1481.5320000000002	0.017885836479604556
1481.6760000000002	0.01788202997011169
1481.8200000000002	0.01787917508799204
1481.9640000000002	0.017874892764812567
1482.107	0.01786823137320005
1482.251	0.017861094167900923
1482.395	0.017856336031034842
1482.539	0.017853481148915194
1482.682	0.017853481148915194
1482.826	0.017847771384675894
1482.97	0.017839682552003557
1483.114	0.017834448601450864
1483.258	0.017830642091957997
1483.402	0.01782683558246513
1483.546	0.017822553259285657
1483.689	0.017820650004539224
1483.833	0.017814940240299924
1483.977	0.017808754662374013
1484.1200000000001	0.017803520711821324
1484.2640000000001	0.01779733513389542
1484.4080000000001	0.01779257699702934
1484.5510000000002	0.017787343046476646
1484.6960000000001	0.017784488164356998
1484.8390000000002	0.01778401235067039
1484.9830000000002	0.01778163328223735
1485.1270000000002	0.01777782677274448
1485.27	0.017776399331684654
1485.414	0.017774020263251613
1485.558	0.0177616491073998
1485.702	0.01774737469680155
1485.846	0.017743092373622076
1485.989	0.017740713305189032
1486.133	0.01773690679569617
1486.277	0.017733576099889913
1486.42	0.01772881796302383
1486.565	0.017725963080904183
1486.708	0.017722632385097924
1486.852	0.017719301689291665
1486.996	0.017718825875605054
1487.14	0.017718350061918447
1487.284	0.0177154951797988
1487.4270000000001	0.017708357974499676
1487.5710000000001	0.017702648210260373
1487.7150000000001	0.01770122076920055
1487.8580000000002	0.017696462632334466
1488.0020000000002	0.017691228681781773
1488.1480000000001	0.017685518917542477
1488.289	0.017678857525929962
1488.434	0.01767172032063084
1488.577	0.017665058929018325
1488.721	0.017660776605838847
1488.866	0.017656494282659373
1489.01	0.017653639400539725
1489.154	0.017650308704733463
1489.297	0.017646502195240596
1489.441	0.017644123126807555
1489.585	0.017641268244687907
1489.728	0.017636034294135218
1489.872	0.017633655225702177
1490.016	0.017633179412015566
1490.16	0.01763175197095574
1490.304	0.017630800343582526
1490.4470000000001	0.0176293729025227
1490.5910000000001	0.01762746964777627
1490.7350000000001	0.017626042206716444
1490.8790000000001	0.017624614765656618
1491.0220000000002	0.01762413895197001
1491.1660000000002	0.017623187324596792
1491.3100000000002	0.01762175988353697
1491.4540000000002	0.017620332442477148
1491.5980000000002	0.017618905001417322
1491.741	0.017615098491924455
1491.885	0.017610340355058374
1492.028	0.017607485472938722
1492.173	0.01760272733607264
1492.316	0.017598445012893163
1492.46	0.017596065944460122
1492.604	0.017594638503400296
1492.748	0.01759321106234047
1492.891	0.017591783621280648
1493.035	0.017590356180220826
1493.179	0.01758845292547439
1493.323	0.01758797711178778
1493.4660000000001	0.01758559804335474
1493.611	0.017580839906488656
1493.7540000000001	0.017578460838055615
1493.8980000000001	0.017577985024369008
1494.0420000000001	0.017576081769622574
1494.1860000000001	0.017574654328562752
1494.3290000000002	0.017574654328562752
1494.4730000000002	0.01757322688750293
1494.6170000000002	0.01756751712326363
1494.76	0.017566089682203804
1494.904	0.017563234800084156
1495.048	0.017563234800084156
1495.192	0.017562283172710937
1495.336	0.01756085573165111
1495.48	0.01755942829059129
1495.623	0.017558000849531463
1495.767	0.017556573408471637
1495.911	0.017555621781098422
1496.055	0.017554670153725208
1496.198	0.01755324271266538
1496.342	0.017551815271605556
1496.486	0.017551815271605556
1496.6290000000001	0.017551815271605556
1496.7740000000001	0.017551815271605556
1496.9170000000001	0.01755038783054573
1497.0610000000001	0.01755038783054573
1497.2050000000002	0.017549912016859123
1497.3490000000002	0.017548960389485904
1497.4930000000002	0.01754800876211269
1497.636	0.017546581321052863
1497.78	0.017544678066306434
1497.924	0.017544678066306434
1498.067	0.017542774811559997
1498.211	0.017542774811559997
1498.355	0.017540395743126956
1498.498	0.01753896830206713
1498.643	0.017538492488380523
1498.786	0.017538492488380523
1498.93	0.017537540861007304
1499.074	0.017536113419947482
1499.218	0.017535637606260875
1499.361	0.017535637606260875
1499.505	0.017533258537827834
1499.6490000000001	0.01753087946939479
1499.7930000000001	0.017530403655708182
1499.9360000000001	0.01752802458727514
1500.0800000000002	0.0175256455188421
1500.227	0.01752516970515549
1500.3670000000002	0.017524218077782275
1500.511	0.017522790636722456
1500.655	0.017522790636722456
1500.799	0.017522790636722456
1500.943	0.017521363195662627
1501.087	0.0175199357546028
1501.23	0.0175199357546028
1501.374	0.0175199357546028
1501.518	0.0175199357546028
1501.662	0.0175199357546028
1501.805	0.0175199357546028
1501.949	0.0175199357546028
1502.093	0.0175199357546028
1502.237	0.0175199357546028
1502.382	0.0175199357546028
1502.5240000000001	0.0175199357546028
1502.6680000000001	0.0175199357546028
1502.8120000000001	0.0175199357546028
1502.9560000000001	0.0175199357546028
1503.1000000000001	0.0175199357546028
1503.246	0.0175199357546028
1503.3870000000002	0.0175199357546028
1503.5310000000002	0.0175199357546028
1503.674	0.0175199357546028
1503.818	0.0175199357546028
1503.962	0.0175199357546028
1504.106	0.0175199357546028
1504.25	0.0175199357546028
1504.393	0.0175199357546028
1504.537	0.0175199357546028
1504.681	0.0175199357546028
1504.825	0.0175199357546028
1504.968	0.0175199357546028
1505.112	0.0175199357546028
1505.256	0.0175199357546028
1505.4	0.0175199357546028
1505.5430000000001	0.0175199357546028
1505.6870000000001	0.0175199357546028
1505.8310000000001	0.0175199357546028
1505.9750000000001	0.0175199357546028
1506.1190000000001	0.0175199357546028
1506.2620000000002	0.0175199357546028
1506.4070000000002	0.0175199357546028
1506.5510000000002	0.0175199357546028
1506.6950000000002	0.0175199357546028
1506.8390000000002	0.0175199357546028
1506.982	0.0175199357546028
1507.126	0.0175199357546028
1507.27	0.0175199357546028
1507.413	0.0175199357546028
1507.557	0.0175199357546028
1507.701	0.0175199357546028
1507.845	0.0175199357546028
1507.989	0.01751850831354298
1508.133	0.01751850831354298
1508.276	0.01751850831354298
1508.42	0.01751850831354298
1508.564	0.01751850831354298
1508.708	0.01751850831354298
1508.851	0.01751850831354298
1508.9950000000001	0.01751850831354298
1509.1390000000001	0.01751850831354298
1509.2820000000002	0.01751755668616976
1509.4260000000002	0.017517080872483153
1509.5700000000002	0.01751517761773672
1509.7140000000002	0.017513750176676893
1509.8580000000002	0.017512798549303675
1510.0020000000002	0.017512798549303675
1510.145	0.017511371108243853
1510.289	0.01750994366718403
1510.433	0.017508992039810812
1510.577	0.017508516226124204
1510.72	0.01750708878506438
1510.864	0.017506137157691164
1511.008	0.01750423390294473
1511.152	0.017500427393451864
1511.296	0.01749852413870543
1511.44	0.01749852413870543
1511.583	0.017496620883958994
1511.728	0.017496620883958994
1511.871	0.017496620883958994
1512.0140000000001	0.017496620883958994
1512.1580000000001	0.017496620883958994
1512.3020000000001	0.017496620883958994
1512.4460000000001	0.017493766001839346
1512.5890000000002	0.017496620883958994
1512.7330000000002	0.01749852413870543
1512.8770000000002	0.01749852413870543
1513.02	0.01749852413870543
1513.1650000000002	0.01749852413870543
1513.308	0.01749852413870543
1513.452	0.01749852413870543
1513.596	0.01749852413870543
1513.74	0.01749852413870543
1513.883	0.01749852413870543
1514.027	0.01749852413870543
1514.171	0.01749852413870543
1514.315	0.01749852413870543
1514.458	0.017496620883958994
1514.602	0.017496620883958994
1514.746	0.017493766001839346
1514.8890000000001	0.017492338560779523
1515.034	0.017491862747092916
1515.1770000000001	0.017491862747092916
1515.3210000000001	0.017491862747092916
1515.4650000000001	0.017491862747092916
1515.6090000000002	0.01749043530603309
1515.7520000000002	0.017488056237600046
1515.8970000000002	0.017486628796540223
1516.0400000000002	0.017486152982853616
1516.184	0.0174852013554804
1516.327	0.017482822287047357
1516.471	0.0174852013554804
1516.615	0.0174852013554804
1516.759	0.017486152982853616
1516.903	0.017486152982853616
1517.047	0.017486628796540223
1517.19	0.017488056237600046
1517.334	0.01749043530603309
1517.478	0.01749043530603309
1517.621	0.017491862747092916
1517.765	0.017491862747092916
1517.909	0.017491862747092916
1518.053	0.017491862747092916
1518.199	0.017491862747092916
1518.3400000000001	0.017491862747092916
1518.4840000000002	0.017491862747092916
1518.6280000000002	0.017492338560779523
1518.7720000000002	0.017492338560779523
1518.9160000000002	0.017492338560779523
1519.059	0.017492338560779523
1519.203	0.017492338560779523
1519.347	0.017493766001839346
1519.49	0.01749614507027239
1519.634	0.01749614507027239
1519.778	0.01749614507027239
1519.922	0.01749614507027239
1520.065	0.01749614507027239
1520.21	0.017498048325018823
1520.353	0.017498048325018823
1520.497	0.017498048325018823
1520.641	0.017498048325018823
1520.785	0.017498048325018823
1520.928	0.017498048325018823
1521.0720000000001	0.017498048325018823
1521.2160000000001	0.017498048325018823
1521.3590000000002	0.017498048325018823
1521.5040000000001	0.017498048325018823
1521.6470000000002	0.017498048325018823
1521.7910000000002	0.017498048325018823
1521.934	0.017498048325018823
1522.078	0.01749852413870543
1522.222	0.01749852413870543
1522.366	0.01749852413870543
1522.51	0.01749852413870543
1522.654	0.01749852413870543
1522.797	0.01749852413870543
1522.941	0.01749852413870543
1523.085	0.01749852413870543
1523.228	0.017500427393451864
1523.372	0.01750423390294473
1523.516	0.017506137157691164
1523.66	0.017506137157691164
1523.804	0.01750708878506438
1523.949	0.017508516226124204
1524.092	0.01750994366718403
1524.236	0.017511371108243853
1524.38	0.017512798549303675
1524.526	0.01751517761773672
1524.6670000000001	0.017517080872483153
1524.8110000000001	0.01751755668616976
1524.9550000000002	0.01751850831354298
1525.0990000000002	0.01752231482303584
1525.2430000000002	0.01752516970515549
1525.3870000000002	0.01752516970515549
1525.53	0.01752802458727514
1525.674	0.01753087946939479
1525.818	0.01753087946939479
1525.961	0.01753087946939479
1526.105	0.01753087946939479
1526.249	0.017533258537827834
1526.393	0.017533258537827834
1526.536	0.017533258537827834
1526.68	0.017533258537827834
1526.824	0.0175370650473207
1526.967	0.017538492488380523
1527.112	0.017538492488380523
1527.255	0.017538492488380523
1527.3990000000001	0.01754134737050017
1527.5430000000001	0.01754134737050017
1527.6870000000001	0.017544678066306434
1527.8300000000002	0.017544678066306434
1527.9740000000002	0.017544678066306434
1528.1180000000002	0.017544678066306434
1528.2620000000002	0.017544678066306434
1528.405	0.017544678066306434
1528.549	0.01754515387999304
1528.693	0.01754515387999304
1528.836	0.01754515387999304
1528.98	0.01754515387999304
1529.124	0.01754515387999304
1529.268	0.01754515387999304
1529.412	0.017544678066306434
1529.556	0.01754134737050017
1529.7	0.0175370650473207
1529.843	0.017533258537827834
1529.987	0.017533258537827834
1530.131	0.017533258537827834
1530.2740000000001	0.0175370650473207
1530.4180000000001	0.0175370650473207
1530.5620000000001	0.0175370650473207
1530.7060000000001	0.017533258537827834
1530.8500000000001	0.017533258537827834
1530.9930000000002	0.017533258537827834
1531.1370000000002	0.0175370650473207
1531.2810000000002	0.0175370650473207
1531.4250000000002	0.0175370650473207
1531.568	0.017533258537827834
1531.712	0.017533258537827834
1531.856	0.017533258537827834
1532.0	0.01753087946939479
1532.143	0.017529452028334967
1532.288	0.017526597146215316
1532.431	0.017529452028334967
1532.575	0.017529452028334967
1532.719	0.017529452028334967
1532.863	0.017526597146215316
1533.006	0.017526597146215316
1533.152	0.017526597146215316
1533.294	0.017526597146215316
1533.438	0.017529452028334967
1533.5810000000001	0.017533258537827834
1533.7250000000001	0.0175370650473207
1533.8690000000001	0.017541823184186782
1534.0120000000002	0.01754515387999304
1534.1570000000002	0.017546105507366256
1534.3000000000002	0.01754753294842608
1534.4440000000002	0.01754753294842608
1534.5880000000002	0.01754753294842608
1534.731	0.01754800876211269
1534.875	0.01755038783054573
1535.019	0.01755276689897877
1535.1660000000002	0.01755324271266538
1535.307	0.017554670153725208
1535.45	0.017556573408471637
1535.594	0.017557525035844856
1535.738	0.01755942829059129
1535.884	0.017562283172710937
1536.025	0.01756466224114398
1536.169	0.017566089682203807
1536.313	0.01756656549589041
1536.4560000000001	0.017567992936950237
1536.601	0.017568944564323452
1536.7440000000001	0.017569420378010063
1536.8880000000001	0.017569420378010063
1537.0320000000002	0.017569420378010063
1537.1760000000002	0.01757275107381632
1537.3190000000002	0.01757275107381632
1537.4630000000002	0.01757275107381632
1537.607	0.01757275107381632
1537.751	0.01757275107381632
1537.894	0.01757275107381632
1538.038	0.01757275107381632
1538.182	0.01757275107381632
1538.326	0.01757275107381632
1538.469	0.01757275107381632
1538.614	0.01757275107381632
1538.757	0.01757275107381632
1538.901	0.01757275107381632
1539.044	0.017577033396995793
1539.188	0.017577033396995793
1539.332	0.017578460838055615
1539.476	0.017579412465428833
1539.6200000000001	0.017579412465428833
1539.7640000000001	0.017579412465428833
1539.9070000000002	0.017580839906488663
1540.0510000000002	0.017580839906488663
1540.1950000000002	0.017582267347548485
1540.3390000000002	0.017583694788608308
1540.482	0.01758417060229492
1540.626	0.01758417060229492
1540.77	0.01758417060229492
1540.914	0.01758417060229492
1541.057	0.017585122229668133
1541.201	0.017585122229668133
1541.3480000000002	0.017585122229668133
1541.49	0.017587025484414567
1541.634	0.01758797711178778
1541.777	0.01758845292547439
1541.921	0.017588928739161
1542.065	0.01759130780759404
1542.209	0.017594162689713692
1542.352	0.01759559013077351
1542.497	0.01759654175814673
1542.64	0.01759654175814673
1542.784	0.017597017571833337
1542.928	0.017598445012893163
1543.0710000000001	0.017600824081326204
1543.2150000000001	0.01760225152238603
1543.3590000000002	0.01760272733607264
1543.5020000000002	0.017603203149759248
1543.6470000000002	0.017604154777132466
1543.7900000000002	0.01760510640450568
1543.934	0.01760510640450568
1544.078	0.017606533845565507
1544.222	0.017607961286625333
1544.365	0.017607961286625333
1544.509	0.01760938872768516
1544.653	0.01761129198243159
1544.797	0.0176117677961182
1544.94	0.017612719423491414
1545.084	0.017615098491924455
1545.228	0.01761652593298428
1545.372	0.017618905001417322
1545.515	0.017621284069850363
1545.659	0.017621284069850363
1545.803	0.01762175988353697
1545.9470000000001	0.017622235697223577
1546.0900000000001	0.017623663138283403
1546.2340000000002	0.017626042206716444
1546.3780000000002	0.01762746964777627
1546.5220000000002	0.017630800343582526
1546.6660000000002	0.017633655225702177
1546.8100000000002	0.017633655225702177
1546.953	0.017633655225702177
1547.097	0.017637461735195044
1547.241	0.01764126824468791
1547.385	0.017644123126807562
1547.528	0.01764697800892721
1547.672	0.01764697800892721
1547.816	0.017648405449987033
1547.96	0.017649832891046855
1548.103	0.017650784518420073
1548.249	0.017651736145793292
1548.391	0.0176522119594799
1548.534	0.01765363940053972
1548.679	0.017656018468972762
1548.8220000000001	0.017657445910032588
1548.9660000000001	0.017657921723719196
1549.1090000000002	0.017659824978465632
1549.2540000000001	0.017661252419525455
1549.3970000000002	0.017662204046898673
1549.5410000000002	0.0176636314879585
1549.6860000000001	0.017667437997451366
1549.8290000000002	0.017671244506944232
1549.9730000000002	0.017672671948004055
1550.116	0.017675051016437095
1550.26	0.01767695427118353
1550.404	0.017678857525929962
1550.547	0.01768171240804961
1550.691	0.017683139849109436
1550.835	0.017683139849109436
1550.979	0.01768409147648265
1551.122	0.01768647054491569
1551.267	0.017689325427035343
1551.41	0.017690752868095166
1551.554	0.017693607750214817
1551.698	0.01769884170076751
1551.842	0.017701696582887158
1551.9850000000001	0.017705027278693414
1552.1290000000001	0.017707882160813065
1552.2730000000001	0.01770930960187289
1552.4170000000001	0.01770930960187289
1552.5600000000002	0.017711688670305932
1552.7040000000002	0.01771264029767915
1552.8480000000002	0.017713116111365758
1552.9920000000002	0.017713116111365758
1553.135	0.017713116111365758
1553.279	0.017713116111365758
1553.423	0.017713116111365758
1553.567	0.017713116111365758
1553.711	0.017713116111365758
1553.854	0.017713116111365758
1553.998	0.017713116111365758
1554.142	0.017713116111365758
1554.286	0.017713116111365758
1554.43	0.017713116111365758
1554.573	0.017713116111365758
1554.717	0.017713116111365758
1554.861	0.017713116111365758
1555.005	0.017713116111365758
1555.1480000000001	0.017713116111365758
1555.2920000000001	0.017713116111365758
1555.4360000000001	0.01771264029767915
1555.5790000000002	0.01771264029767915
1555.7230000000002	0.01771264029767915
1555.8670000000002	0.01771264029767915
1556.011	0.01771264029767915
1556.154	0.017711688670305932
1556.299	0.017710261229246106
1556.442	0.017707882160813065
1556.586	0.017705027278693414
1556.73	0.017705027278693414
1556.874	0.017705027278693414
1557.017	0.017701696582887158
1557.161	0.017701696582887158
1557.305	0.017701696582887158
1557.449	0.017701696582887158
1557.592	0.017701696582887158
1557.736	0.017705027278693414
1557.88	0.017705027278693414
1558.0240000000001	0.017705027278693414
1558.1670000000001	0.01770930960187289
1558.3120000000001	0.017711688670305932
1558.4550000000002	0.01771264029767915
1558.5990000000002	0.017713116111365758
1558.7440000000001	0.017713116111365758
1558.8870000000002	0.01771359192505237
1559.0310000000002	0.017714543552425584
1559.1750000000002	0.01771692262085862
1559.3190000000002	0.017718350061918447
1559.4630000000002	0.017719777502978273
1559.606	0.017723584012471143
1559.75	0.017725963080904183
1559.894	0.017727390521964006
1560.038	0.017730245404083654
1560.181	0.017732148658830087
1560.325	0.017735479354636343
1560.469	0.017741189118875643
1560.612	0.017746423069428335
1560.757	0.017749277951547984
1560.9	0.01774975376523459
1561.044	0.017751657019981028
1561.188	0.01775403608841407
1561.332	0.017755463529473887
1561.4750000000001	0.017756415156847106
1561.6190000000001	0.017756890970533713
1561.7630000000001	0.01775831841159354
1561.9070000000002	0.01776069748002658
1562.0510000000002	0.017762600734773017
1562.1940000000002	0.01776450398951945
1562.3380000000002	0.017765931430579276
1562.482	0.017767358871639098
1562.625	0.017768786312698924
1562.77	0.017771165381131965
1562.913	0.01777497189062483
1563.057	0.01777687514537126
1563.203	0.017778302586431087
1563.345	0.017779730027490913
1563.488	0.01778115746855074
1563.632	0.017782109095923954
1563.776	0.017782109095923954
1563.92	0.01778353653698378
1564.063	0.01778591560541682
1564.207	0.017787343046476646
1564.351	0.017787818860163254
1564.4950000000001	0.017787818860163254
1564.6380000000001	0.017790197928596294
1564.7820000000002	0.017793052810715942
1564.9260000000002	0.01779495606546238
1565.0700000000002	0.01779733513389542
1565.2130000000002	0.017798762574955242
1565.357	0.0178020932707615
1565.501	0.017805899780254368
1565.645	0.01780732722131419
1565.789	0.017808754662374013
1565.932	0.01780970628974723
1566.076	0.01780970628974723
1566.22	0.01780970628974723
1566.364	0.017811133730807057
1566.508	0.017812561171866883
1566.651	0.0178135127992401
1566.795	0.01781446442661332
1566.94	0.017818746749792794
1567.083	0.01782635976877852
1567.226	0.017831117905644605
1567.3700000000001	0.017834924415137475
1567.5140000000001	0.017837303483570516
1567.6580000000001	0.01783825511094373
1567.8020000000001	0.017839206738316946
1567.9450000000002	0.01784063417937677
1568.0890000000002	0.017842537434123205
1568.232	0.017844440688869638
1568.3770000000002	0.017842537434123205
1568.52	0.017842537434123205
1568.664	0.017842537434123205
1568.808	0.017842537434123205
1568.952	0.01784063417937677
1569.095	0.01784063417937677
1569.239	0.017839206738316946
1569.383	0.017839206738316946
1569.527	0.01783825511094373
1569.67	0.017837303483570516
1569.814	0.017834924415137475
1569.958	0.01783254534670443
1570.102	0.01783254534670443
1570.246	0.017834924415137475
1570.3890000000001	0.017834924415137475
1570.5330000000001	0.017834924415137475
1570.6770000000001	0.017834924415137475
1570.8210000000001	0.017834924415137475
1570.9640000000002	0.017834924415137475
1571.1080000000002	0.017834924415137475
1571.2520000000002	0.017834924415137475
1571.3960000000002	0.017834924415137475
1571.5400000000002	0.017837303483570516
1571.683	0.01783825511094373
1571.827	0.017839206738316946
1571.971	0.01784063417937677
1572.115	0.017842537434123205
1572.258	0.017844440688869638
1572.402	0.01784681975730268
1572.546	0.017849674639422327
1572.69	0.017852529521541975
1572.834	0.017859190913154493
1572.977	0.017866328118453616
1573.121	0.017869183000573267
1573.265	0.017871562069006308
1573.409	0.01787441695112596
1573.5520000000001	0.01787441695112596
1573.6960000000001	0.01787441695112596
1573.8400000000001	0.01787441695112596
1573.9840000000002	0.01787441695112596
1574.1280000000002	0.01787441695112596
1574.2710000000002	0.01787441695112596
1574.4150000000002	0.01787441695112596
1574.559	0.01787441695112596
1574.702	0.017876320205872393
1574.846	0.017877271833245608
1574.99	0.017878223460618823
1575.134	0.017882981597484908
1575.277	0.017889167175410815
1575.422	0.017891546243843856
1575.565	0.01789249787121707
1575.709	0.017893449498590286
1575.853	0.017896304380709938
1575.997	0.017899159262829582
1576.14	0.017900586703889408
1576.285	0.01790344158600906
1576.429	0.01790915135024836
1576.573	0.01791248204605462
1576.7160000000001	0.017913433673427834
1576.862	0.017914385300801052
1577.0040000000001	0.01791961925135374
1577.1480000000001	0.017925329015593044
1577.2910000000002	0.01792961133877252
1577.4350000000002	0.01793532110301182
1577.5790000000002	0.017937224357758248
1577.7230000000002	0.01793960342619129
1577.8670000000002	0.017946264817803807
1578.011	0.017951498768356496
1578.154	0.017954353650476144
1578.3000000000002	0.017962918296835093
1578.442	0.017970055502134215
1578.586	0.017970531315820826
1578.729	0.017970531315820826
1578.873	0.01797195875688065
1579.017	0.017974337825313692
1579.161	0.017975289452686907
1579.304	0.017976716893746733
1579.448	0.017979095962179774
1579.592	0.01798290247167264
1579.7350000000001	0.017986233167478903
1579.88	0.017987660608538725
1580.0230000000001	0.017990515490658374
1580.1670000000001	0.017995273627524455
1580.3110000000001	0.01799908013701732
1580.4550000000002	0.01800003176439054
1580.5980000000002	0.01800574152862984
1580.7420000000002	0.018011451292869136
1580.886	0.01801240292024235
1581.03	0.01801335454761557
1581.174	0.018014781988675392
1581.317	0.01801811268448165
1581.461	0.018029056399273644
1581.606	0.0180380968593192
1581.749	0.018040000114065632
1581.892	0.018043330809871888
1582.036	0.018047613133051366
1582.18	0.018050468015171014
1582.323	0.01805427452466388
1582.468	0.018058556847843354
1582.611	0.018059032661529962
1582.755	0.018066645680515695
1582.8990000000001	0.01807568614056125
1583.0420000000001	0.01807758939530768
1583.1860000000001	0.018080444277427332
1583.3300000000002	0.018083299159546984
1583.4740000000002	0.01808520241429342
1583.6180000000002	0.018088533110099676
1583.761	0.018090912178532717
1583.905	0.018092339619592543
1584.049	0.01809614612908541
1584.193	0.018099001011205058
1584.336	0.018103283334384532
1584.48	0.018110896353370265
1584.624	0.018118985186042602
1584.768	0.01812517076396851
1584.912	0.018126598205028335
1585.055	0.01813088052820781
1585.199	0.018135162851387283
1585.343	0.018135638665073894
1585.487	0.018148485634612313
1585.631	0.018161808417837346
1585.7740000000001	0.01816609074101682
1585.9180000000001	0.0181708488778829
1586.0620000000001	0.01818179259267489
1586.2060000000001	0.018191308866407057
1586.3490000000002	0.018194163748526705
1586.4930000000002	0.018197970258019575
1586.6370000000002	0.0181993976990794
1586.78	0.018201776767512442
1586.924	0.018201776767512442
1587.068	0.018201776767512442
1587.212	0.018201776767512442
1587.355	0.018201776767512442
1587.499	0.018201776767512442
1587.643	0.018201776767512442
1587.787	0.018201776767512442
1587.931	0.018201776767512442
1588.075	0.018201776767512442
1588.218	0.018201776767512442
1588.362	0.018201776767512442
1588.506	0.018201776767512442
1588.65	0.018201776767512442
1588.7930000000001	0.018201776767512442
1588.9370000000001	0.018201776767512442
1589.0810000000001	0.018201776767512442
1589.2250000000001	0.018201776767512442
1589.3680000000002	0.018201776767512442
1589.5120000000002	0.018201776767512442
1589.6560000000002	0.018201776767512442
1589.8000000000002	0.018201776767512442
1589.9440000000002	0.018201776767512442
1590.087	0.018201776767512442
1590.231	0.018201776767512442
1590.375	0.018201776767512442
1590.519	0.018201776767512442
1590.662	0.018201776767512442
1590.806	0.018201776767512442
1590.95	0.018201776767512442
1591.094	0.018201776767512442
1591.238	0.018201776767512442
1591.381	0.018201776767512442
1591.525	0.018201776767512442
1591.669	0.018201776767512442
1591.8120000000001	0.018201776767512442
1591.9560000000001	0.018201776767512442
1592.1000000000001	0.018201776767512442
1592.2440000000001	0.018201776767512442
1592.3880000000001	0.018201776767512442
1592.5320000000002	0.018201776767512442
1592.6760000000002	0.0182051074633187
1592.8190000000002	0.0182051074633187
1592.9640000000002	0.0182051074633187
1593.107	0.0182051074633187
1593.2530000000002	0.0182051074633187
1593.394	0.018207010718065134
1593.538	0.018207010718065134
1593.682	0.018207486531751742
1593.826	0.018207486531751742
1593.97	0.018207486531751742
1594.114	0.018207486531751742
1594.258	0.018207486531751742
1594.401	0.018207486531751742
1594.547	0.018207010718065134
1594.689	0.018207010718065134
1594.833	0.018207010718065134
1594.977	0.018207010718065134
1595.121	0.018207010718065134
1595.2640000000001	0.018207010718065134
1595.4080000000001	0.018207010718065134
1595.5520000000001	0.018207010718065134
1595.6960000000001	0.018207010718065134
1595.8390000000002	0.018207010718065134
1595.9830000000002	0.018207010718065134
1596.1270000000002	0.018207010718065134
1596.2710000000002	0.018207010718065134
1596.414	0.018207010718065134
1596.558	0.018207010718065134
1596.702	0.018207010718065134
1596.845	0.018203204208572268
1596.99	0.0181993976990794
1597.133	0.018197970258019575
1597.277	0.018197018630646357
1597.421	0.01819654281695975
1597.565	0.0181936879348401
1597.708	0.018191308866407057
1597.852	0.01819083305272045
1597.996	0.01818892979797402
1598.14	0.018185123288481153
1598.284	0.018180840965301676
1598.4270000000001	0.0181765586421222
1598.5710000000001	0.01817180050525612
1598.7150000000001	0.018167993995763253
1598.8580000000002	0.01816371167258378
1599.0020000000002	0.01816038097677752
1599.1460000000002	0.01815705028097126
1599.2900000000002	0.01814943726198553
1599.433	0.0181418242429998
1599.578	0.018137541919820324
1599.721	0.018135638665073894
1599.865	0.018133735410327458
1600.009	0.018133735410327458
1600.152	0.018135638665073894
1600.296	0.018135638665073894
1600.44	0.018135638665073894
1600.584	0.018135638665073894
1600.728	0.018135638665073894
1600.871	0.018135638665073894
1601.015	0.018133735410327458
1601.159	0.018132307969267635
1601.303	0.01813088052820781
1601.4460000000001	0.018129453087147984
1601.5900000000001	0.01812802564608816
1601.7340000000002	0.01812802564608816
1601.8770000000002	0.01812802564608816
1602.0220000000002	0.01812802564608816
1602.1650000000002	0.01812802564608816
1602.309	0.01812802564608816
1602.453	0.01812802564608816
1602.597	0.01812802564608816
1602.741	0.01812802564608816
1602.884	0.01812802564608816
1603.028	0.01812802564608816
1603.172	0.01812802564608816
1603.316	0.01812802564608816
1603.459	0.01812802564608816
1603.603	0.01812802564608816
1603.747	0.01812802564608816
1603.89	0.01812802564608816
1604.035	0.01812802564608816
1604.178	0.01812802564608816
1604.3220000000001	0.01812802564608816
1604.4650000000001	0.01812802564608816
1604.6090000000002	0.01812802564608816
1604.7530000000002	0.01812802564608816
1604.8970000000002	0.01812802564608816
1605.0410000000002	0.01812802564608816
1605.1850000000002	0.01812802564608816
1605.328	0.01812802564608816
1605.472	0.01812802564608816
1605.616	0.01812802564608816
1605.76	0.01812802564608816
1605.903	0.01812802564608816
1606.047	0.01812802564608816
1606.191	0.01812802564608816
1606.335	0.01812802564608816
1606.478	0.01812802564608816
1606.623	0.01812802564608816
1606.766	0.01812802564608816
1606.91	0.01812802564608816
1607.054	0.01812802564608816
1607.1970000000001	0.01812802564608816
1607.3410000000001	0.01812802564608816
1607.4850000000001	0.01812802564608816
1607.6290000000001	0.01812802564608816
1607.7730000000001	0.01812802564608816
1607.9160000000002	0.01812802564608816
1608.0600000000002	0.01812802564608816
1608.2060000000001	0.01812802564608816
1608.3480000000002	0.01812802564608816
1608.491	0.01812802564608816
1608.635	0.01812802564608816
1608.779	0.01812802564608816
1608.922	0.018123743322908684
1609.067	0.01811946099972921
1609.21	0.018118033558669384
1609.355	0.018118033558669384
1609.499	0.018118033558669384
1609.643	0.01811613030392295
1609.786	0.01811137216705687
1609.929	0.0181070898438774
1610.0720000000001	0.01810518658913097
1610.217	0.018102331707011317
1610.3600000000001	0.018099476824891665
1610.5040000000001	0.018099001011205058
1610.6480000000001	0.018099001011205058
1610.7920000000001	0.018099001011205058
1610.9350000000002	0.01809804938383184
1611.0790000000002	0.0180956703153988
1611.2240000000002	0.01809376706065237
1611.3680000000002	0.018092339619592543
1611.515	0.018091387992219325
1611.6560000000002	0.018090912178532717
1611.799	0.018090436364846106
1611.9440000000002	0.018090436364846106
1612.087	0.018090436364846106
1612.231	0.01808948473747289
1612.374	0.01808758148272646
1612.518	0.01808520241429342
1612.662	0.018083774973233595
1612.806	0.018083299159546984
1612.949	0.018082823345860373
1613.093	0.018079016836367506
1613.237	0.018073782885814817
1613.38	0.01807092800369517
1613.525	0.01806902474894874
1613.6680000000001	0.018067597307888913
1613.8120000000001	0.01806521823945587
1613.9560000000001	0.018061411729963003
1614.1000000000001	0.018058556847843354
1614.2430000000002	0.01805427452466388
1614.3870000000002	0.018047613133051366
1614.5310000000002	0.01804428243724511
1614.6750000000002	0.018042379182498673
1614.818	0.018040000114065632
1614.962	0.018038572673005807
1615.106	0.018033338722453114
1615.249	0.018028580585587033
1615.394	0.018028104771900425
1615.537	0.018024774076094166
1615.681	0.0180209675666013
1615.825	0.01801858849816826
1615.968	0.018017161057108433
1616.112	0.018016685243421825
1616.256	0.018016209429735218
1616.4	0.018016209429735218
1616.544	0.018015257802362003
1616.6870000000001	0.018015257802362003
1616.8310000000001	0.018015257802362003
1616.9750000000001	0.018015257802362003
1617.1180000000002	0.018015257802362003
1617.2630000000001	0.018015257802362003
1617.4060000000002	0.018015257802362003
1617.5500000000002	0.018013830361302177
1617.6940000000002	0.01801240292024235
1617.8380000000002	0.018011451292869136
1617.981	0.018011451292869136
1618.125	0.018011451292869136
1618.269	0.018011451292869136
1618.413	0.018011451292869136
1618.556	0.018011451292869136
1618.7	0.018011451292869136
1618.844	0.018011451292869136
1618.988	0.018011451292869136
1619.132	0.018011451292869136
1619.275	0.018011451292869136
1619.419	0.018011451292869136
1619.563	0.018011451292869136
1619.707	0.018011451292869136
1619.8500000000001	0.018011451292869136
1619.9940000000001	0.018011451292869136
1620.1380000000001	0.018011451292869136
1620.2820000000002	0.018011451292869136
1620.4250000000002	0.018011451292869136
1620.5690000000002	0.018011451292869136
1620.7130000000002	0.018011451292869136
1620.857	0.018011451292869136
1621.001	0.018011451292869136
1621.145	0.018011451292869136
1621.288	0.018011451292869136
1621.432	0.018011451292869136
1621.576	0.018011451292869136
1621.719	0.018011451292869136
1621.863	0.018011451292869136
1622.007	0.018011451292869136
1622.151	0.018011451292869136
1622.294	0.018011451292869136
1622.438	0.018011451292869136
1622.582	0.018009548038122703
1622.726	0.018006693156003055
1622.8700000000001	0.018003362460196796
1623.0130000000001	0.018000983391763755
1623.1570000000002	0.017999555950703933
1623.303	0.017997652695957496
1623.4450000000002	0.01799622525489767
1623.5880000000002	0.017995273627524455
1623.7330000000002	0.017995273627524455
1623.8770000000002	0.017995273627524455
1624.02	0.017994797813837844
1624.163	0.017992894559091414
1624.307	0.017985757353792292
1624.451	0.017980047589552992
1624.595	0.017980047589552992
1624.739	0.017975289452686907
1624.883	0.017970055502134215
1625.026	0.017957684346282404
1625.17	0.0179457890041172
1625.314	0.017943885749370767
1625.457	0.017941030867251115
1625.601	0.017938175985131463
1625.7450000000001	0.01793627273038503
1625.8890000000001	0.01793532110301181
1626.0320000000002	0.01793294203457877
1626.1760000000002	0.017930087152459126
1626.3200000000002	0.01792580482927965
1626.4640000000002	0.017920570878726956
1626.6080000000002	0.017917715996607308
1626.7520000000002	0.017915812741860875
1626.895	0.017911530418681404
1627.039	0.017907248095501926
1627.183	0.01790344158600906
1627.326	0.01789915926282959
1627.47	0.017896304380709938
1627.614	0.01789487693965011
1627.758	0.017893449498590286
1627.901	0.01789011880278403
1628.046	0.017883457411171515
1628.189	0.01787869927430543
1628.333	0.017878223460618823
1628.477	0.017874416951125956
1628.621	0.017870134627946482
1628.765	0.017868707186886656
1628.909	0.017866328118453616
1629.053	0.01786490067739379
1629.1960000000001	0.017863473236333964
1629.3410000000001	0.017861094167900923
1629.4840000000002	0.0178596667268411
1629.6280000000002	0.017856811844721453
1629.7720000000002	0.0178539569626018
1629.9160000000002	0.017853481148915194
1630.059	0.017847771384675894
1630.203	0.017842061620436597
1630.347	0.017841109993063382
1630.491	0.017839682552003557
1630.634	0.01783587604251069
1630.778	0.017831117905644605
1630.922	0.017825408141405305
1631.066	0.017820650004539224
1631.21	0.017817795122419575
1631.353	0.017815416053986535
1631.497	0.0178135127992401
1631.641	0.01780494815288115
1631.785	0.01779733513389542
1631.928	0.017789246301223076
1632.075	0.017779730027490913
1632.2160000000001	0.01777544770431144
1632.3600000000001	0.017773544449565006
1632.5030000000002	0.017770689567445354
1632.6470000000002	0.017765455616892665
1632.7910000000002	0.017763076548459624
1632.9350000000002	0.0177616491073998
1633.078	0.017760221666339972
1633.222	0.017759745852653365
1633.366	0.01775831841159354
1633.51	0.017757366784220324
1633.654	0.017756890970533713
1633.798	0.017753084461040847
1633.941	0.01774975376523459
1634.085	0.01774975376523459
1634.229	0.017746898883114943
1634.373	0.017743568187308684
1634.516	0.017741664932562254
1634.66	0.017737858423069387
1634.804	0.01773405191357652
1634.948	0.01773119703145687
1635.0910000000001	0.017729769590397047
1635.2350000000001	0.0177269147082774
1635.3790000000001	0.017724059826157747
1635.5230000000001	0.01772263238509792
1635.6670000000001	0.01772025331666488
1635.8100000000002	0.017716446807172017
1635.9540000000002	0.017712164483992543
1636.0980000000002	0.017710737042932714
1636.2420000000002	0.017710737042932714
1636.386	0.01770930960187289
1636.529	0.017707406347126458
1636.673	0.017704551465006806
1636.817	0.017700269141827332
1636.961	0.017700269141827332
1637.104	0.017700269141827332
1637.248	0.017700269141827332
1637.392	0.017695986818647858
1637.535	0.017693607750214817
1637.68	0.0176926561228416
1637.824	0.01769027705440856
1637.967	0.017688373799662125
1638.1100000000001	0.017687897985975518
1638.257	0.017687897985975518
1638.3980000000001	0.017686946358602303
1638.5420000000001	0.017685518917542477
1638.6860000000001	0.01768409147648265
1638.8300000000002	0.01768171240804961
1638.9730000000002	0.017678857525929962
1639.1170000000002	0.017678857525929962
1639.261	0.01767695427118353
1639.405	0.017675051016437095
1639.548	0.017672196134317447
1639.692	0.01767076869325762
1639.836	0.01767076869325762
1639.98	0.017669817065884406
1640.123	0.01766791381113797
1640.267	0.017665058929018318
1640.411	0.017662204046898673
1640.555	0.017661252419525455
1640.699	0.017661252419525455
1640.842	0.01765934916477902
1640.986	0.017656494282659373
1641.13	0.017656494282659373
1641.2740000000001	0.017656494282659373
1641.4180000000001	0.017656494282659373
1641.5610000000001	0.017656494282659373
1641.7050000000002	0.017656494282659373
1641.8490000000002	0.017656494282659373
1641.9930000000002	0.017656494282659373
1642.136	0.017656494282659373
1642.28	0.017656494282659373
1642.424	0.017656494282659373
1642.568	0.017656494282659373
1642.712	0.017656494282659373
1642.855	0.017656494282659373
1642.999	0.017656494282659373
1643.143	0.017656494282659373
1643.287	0.017656494282659373
1643.43	0.017656494282659373
1643.574	0.017656494282659373
1643.718	0.017656494282659373
1643.862	0.017656494282659373
1644.006	0.017656494282659373
1644.1490000000001	0.017656494282659373
1644.2930000000001	0.017656494282659373
1644.4370000000001	0.017656494282659373
1644.5800000000002	0.017656494282659373
1644.7240000000002	0.017656494282659373
1644.8680000000002	0.017656494282659373
1645.0120000000002	0.017656494282659373
1645.155	0.017656494282659373
1645.3000000000002	0.017656494282659373
1645.443	0.017656494282659373
1645.587	0.017656494282659373
1645.731	0.017656494282659373
1645.875	0.017656494282659373
1646.018	0.017656494282659373
1646.163	0.017656494282659373
1646.307	0.017656494282659373
1646.451	0.017656494282659373
1646.594	0.017656494282659373
1646.738	0.017656494282659373
1646.882	0.017656494282659373
1647.026	0.017656494282659373
1647.169	0.017656494282659373
1647.313	0.017656494282659373
1647.457	0.017656494282659373
1647.601	0.017656494282659373
1647.7450000000001	0.017656494282659373
1647.8890000000001	0.017656494282659373
1648.0320000000002	0.017656494282659373
1648.1760000000002	0.017656494282659373
1648.3200000000002	0.017656494282659373
1648.4640000000002	0.017656494282659373
1648.607	0.017656494282659373
1648.751	0.017656494282659373
1648.895	0.017656494282659373
1649.039	0.017656494282659373
1649.182	0.017656494282659373
1649.326	0.017656494282659373
1649.47	0.017656494282659373
1649.613	0.017656494282659373
1649.757	0.017656494282659373
1649.901	0.017656494282659373
1650.045	0.017656494282659373
1650.188	0.017656494282659373
1650.333	0.017656494282659373
1650.476	0.017656494282659373
1650.6200000000001	0.017656494282659373
1650.7640000000001	0.017656494282659373
1650.9080000000001	0.017656494282659373
1651.0520000000001	0.017656494282659373
1651.1950000000002	0.017656494282659373
1651.3390000000002	0.017656494282659373
1651.4830000000002	0.017656494282659373
1651.626	0.017656494282659373
1651.7710000000002	0.017656494282659373
1651.9150000000002	0.017656494282659373
1652.058	0.017656494282659373
1652.201	0.017656494282659373
1652.345	0.017656494282659373
1652.489	0.017656494282659373
1652.633	0.017656494282659373
1652.777	0.017656494282659373
1652.92	0.017656494282659373
1653.064	0.017656494282659373
1653.212	0.017656494282659373
1653.352	0.01765934916477902
1653.496	0.017661252419525455
1653.6390000000001	0.017661252419525455
1653.7830000000001	0.017661252419525455
1653.9270000000001	0.017662204046898673
1654.0710000000001	0.017663155674271888
1654.2140000000002	0.01766601055639154
1654.3580000000002	0.017669817065884406
1654.5020000000002	0.017672196134317447
1654.645	0.017675051016437095
1654.7900000000002	0.01767695427118353
1654.933	0.017678857525929962
1655.077	0.017680284966989784
1655.221	0.01768171240804961
1655.365	0.01768409147648265
1655.508	0.017685518917542477
1655.652	0.017686946358602303
1655.796	0.017687897985975518
1655.94	0.017687897985975518
1656.084	0.017688373799662125
1656.227	0.01769027705440856
1656.371	0.0176926561228416
1656.515	0.017693607750214817
1656.6580000000001	0.017695986818647858
1656.8020000000001	0.017700269141827332
1656.9460000000001	0.017704551465006806
1657.0900000000001	0.017707406347126458
1657.2330000000002	0.017707882160813065
1657.3770000000002	0.017707882160813065
1657.5210000000002	0.01770930960187289
1657.6650000000002	0.01770930960187289
1657.809	0.01770930960187289
1657.953	0.01770930960187289
1658.096	0.01770930960187289
1658.24	0.01770930960187289
1658.384	0.01770930960187289
1658.528	0.01770930960187289
1658.671	0.01770930960187289
1658.815	0.01770930960187289
1658.959	0.01770930960187289
1659.103	0.01770930960187289
1659.246	0.01770930960187289
1659.39	0.01770930960187289
1659.534	0.01770930960187289
1659.6770000000001	0.01770930960187289
1659.8220000000001	0.01770930960187289
1659.9650000000001	0.01770930960187289
1660.1090000000002	0.01770930960187289
1660.2530000000002	0.01770930960187289
1660.3970000000002	0.01770930960187289
1660.5410000000002	0.01770930960187289
1660.684	0.01770930960187289
1660.828	0.01770930960187289
1660.972	0.01770930960187289
1661.116	0.01770930960187289
1661.259	0.01770930960187289
1661.403	0.01770930960187289
1661.547	0.01770930960187289
1661.69	0.01770930960187289
1661.834	0.01770930960187289
1661.978	0.01770930960187289
1662.122	0.01770930960187289
1662.265	0.01770930960187289
1662.41	0.01770930960187289
1662.553	0.01770930960187289
1662.6970000000001	0.01770930960187289
1662.8410000000001	0.01770930960187289
1662.9850000000001	0.01770930960187289
1663.1280000000002	0.01770930960187289
1663.2720000000002	0.017710737042932714
1663.4160000000002	0.017710737042932714
1663.5600000000002	0.017710737042932714
1663.7040000000002	0.017710737042932714
1663.8480000000002	0.017712164483992543
1663.9920000000002	0.01771359192505237
1664.136	0.01771787424823184
1664.279	0.01772596308090418
1664.423	0.017732624472516695
1664.567	0.01773690679569617
1664.711	0.01773928586412921
1664.855	0.017741664932562254
1664.999	0.017743568187308684
1665.142	0.017746898883114943
1665.286	0.017754987715787283
1665.43	0.01776117329371319
1665.574	0.017762600734773017
1665.718	0.017763076548459624
1665.862	0.017765455616892665
1666.005	0.017767834685325706
1666.1490000000001	0.017771165381131965
1666.2920000000001	0.017775923517998046
1666.4360000000001	0.017778302586431087
1666.5800000000002	0.017782109095923954
1666.7240000000002	0.017788770487536472
1666.8670000000002	0.0178020932707615
1667.011	0.017812085358180275
1667.155	0.01781398861292671
1667.298	0.017817795122419575
1667.443	0.017825883955091916
1667.586	0.01783349697407765
1667.73	0.017837303483570512
1667.874	0.01785110208048215
1668.018	0.017866328118453616
1668.161	0.017876796019558997
1668.307	0.017884409038544734
1668.449	0.017887263920664382
1668.593	0.01789487693965011
1668.736	0.01790296577232245
1668.88	0.017907248095501926
1669.0240000000001	0.017909151350248356
1669.1680000000001	0.017913433673427834
1669.3110000000001	0.017917715996607308
1669.4560000000001	0.017919143437667134
1669.5990000000002	0.01792675645665287
1669.7430000000002	0.017936272730385033
1669.886	0.01793960342619129
1670.03	0.017940079239877896
1670.174	0.017942458308310937
1670.318	0.017942458308310937
1670.462	0.017944837376743978
1670.606	0.01794531319043059
1670.751	0.017946740631490415
1670.893	0.017948168072550237
1671.037	0.017949595513610063
1671.181	0.017951974582043104
1671.324	0.017955781091535967
1671.468	0.017959587601028837
1671.612	0.017962918296835093
1671.756	0.017965773178954744
1671.8990000000001	0.017968152247387785
1672.0430000000001	0.017970055502134215
1672.1870000000001	0.017974337825313692
1672.3310000000001	0.017979571775866385
1672.4750000000001	0.0179805234032396
1672.6180000000002	0.01798337828535925
1672.7620000000002	0.017986233167478903
1672.905	0.01798670898116551
1673.0500000000002	0.017988136422225333
1673.193	0.017990515490658374
1673.337	0.017992894559091414
1673.4830000000002	0.01799717688227089
1673.625	0.01800003176439054
1673.769	0.018000507578077148
1673.912	0.018000983391763755
1674.056	0.018001935019136973
1674.2	0.018004314087570014
1674.343	0.018006693156003055
1674.487	0.01800764478337627
1674.631	0.01800812059706288
1674.775	0.018009548038122703
1674.92	0.018010499665495918
1675.063	0.018011927106555744
1675.2060000000001	0.018014781988675392
1675.3500000000001	0.018016685243421825
1675.4940000000001	0.01801858849816826
1675.6380000000001	0.0180209675666013
1675.7810000000002	0.018022395007661125
1675.9250000000002	0.018025725703467384
1676.0690000000002	0.018025725703467384
1676.2130000000002	0.018025725703467384
1676.356	0.018025725703467384
1676.5	0.018025725703467384
1676.644	0.018025725703467384
1676.788	0.018028580585587033
1676.931	0.018029532212960248
1677.075	0.018029532212960248
1677.219	0.018029532212960248
1677.363	0.018029532212960248
1677.507	0.018029532212960248
1677.65	0.018029532212960248
1677.794	0.018029532212960248
1677.938	0.018029532212960248
1678.082	0.018029532212960248
1678.226	0.018029532212960248
1678.3690000000001	0.018029532212960248
1678.5130000000001	0.018029532212960248
1678.6570000000002	0.018029532212960248
1678.8010000000002	0.018029532212960248
1678.9440000000002	0.018029532212960248
1679.0880000000002	0.018029532212960248
1679.232	0.018029532212960248
1679.375	0.018029532212960248
1679.52	0.018029532212960248
1679.663	0.018029532212960248
1679.808	0.018029532212960248
1679.95	0.018029532212960248
1680.094	0.018029532212960248
1680.238	0.018029532212960248
1680.382	0.018029532212960248
1680.526	0.018029532212960248
1680.67	0.018029532212960248
1680.813	0.018029532212960248
1680.957	0.018029532212960248
1681.102	0.018029532212960248
1681.246	0.018029532212960248
1681.3890000000001	0.018029532212960248
1681.5330000000001	0.018029532212960248
1681.6770000000001	0.018029532212960248
1681.8210000000001	0.018029532212960248
1681.9640000000002	0.018029532212960248
1682.1080000000002	0.018029532212960248
1682.2520000000002	0.018029532212960248
1682.3960000000002	0.018029532212960248
1682.5400000000002	0.018029532212960248
1682.683	0.018029532212960248
1682.827	0.018029532212960248
1682.971	0.018029532212960248
1683.115	0.018029532212960248
1683.261	0.018029532212960248
1683.402	0.018029532212960248
1683.546	0.018029532212960248
1683.69	0.018029532212960248
1683.834	0.018029532212960248
1683.977	0.018030483840333466
1684.121	0.018030483840333466
1684.265	0.018030483840333466
1684.4080000000001	0.018030483840333466
1684.553	0.018030483840333466
1684.6960000000001	0.018030483840333466
1684.8400000000001	0.018030483840333466
1684.9840000000002	0.018030959654020073
1685.1280000000002	0.018030959654020073
1685.2720000000002	0.018030959654020073
1685.4150000000002	0.018030959654020073
1685.559	0.018030959654020073
1685.703	0.018030959654020073
1685.846	0.018030959654020073
1685.99	0.018030959654020073
1686.134	0.018030959654020073
1686.278	0.018030959654020073
1686.421	0.018030959654020073
1686.565	0.018030959654020073
1686.709	0.018030959654020073
1686.853	0.018030959654020073
1686.996	0.018030959654020073
1687.141	0.018030959654020073
1687.284	0.018030959654020073
1687.428	0.018030959654020073
1687.5720000000001	0.018030959654020073
1687.7160000000001	0.018030959654020073
1687.861	0.018030959654020073
1688.0030000000002	0.018030959654020073
1688.1470000000002	0.018030959654020073
1688.2910000000002	0.018030959654020073
1688.434	0.018030959654020073
1688.578	0.018030959654020073
1688.722	0.018030959654020073
1688.866	0.018030959654020073
1689.009	0.018030959654020073
1689.154	0.018030959654020073
1689.299	0.018030959654020073
1689.441	0.018030959654020073
1689.585	0.018030959654020073
1689.728	0.018030959654020073
1689.872	0.018030959654020073
1690.016	0.018030959654020073
1690.16	0.018030959654020073
1690.303	0.018030959654020073
1690.4470000000001	0.018030959654020073
1690.5910000000001	0.018030959654020073
1690.7350000000001	0.018030959654020073
1690.8790000000001	0.018030959654020073
1691.0220000000002	0.018030959654020073
1691.1660000000002	0.018030959654020073
1691.3100000000002	0.018030959654020073
1691.4540000000002	0.018030959654020073
1691.5980000000002	0.018030959654020073
1691.741	0.018030959654020073
1691.885	0.018030959654020073
1692.029	0.018030959654020073
1692.173	0.018030959654020073
1692.317	0.018030959654020073
1692.461	0.018030959654020073
1692.604	0.018030959654020073
1692.748	0.018030959654020073
1692.891	0.018030483840333466
1693.035	0.018030483840333466
1693.18	0.018029532212960248
1693.323	0.018029532212960248
1693.467	0.018029532212960248
1694.1470000000002	0.018028580585587033
1694.2820000000002	0.018025249889780773
1694.4250000000002	0.0180209675666013
1694.5690000000002	0.0180209675666013
1694.712	0.0180209675666013
1694.856	0.01801811268448165
1695.0	0.018015257802362003
1695.144	0.018013830361302177
1695.287	0.018011927106555744
1695.433	0.018010499665495918
1695.575	0.018009548038122703
1695.719	0.01800812059706288
1695.862	0.018006693156003055
1696.006	0.018004314087570014
1696.15	0.018001935019136973
1696.294	0.018000983391763755
1696.438	0.018000507578077148
1696.582	0.01800003176439054
1696.7250000000001	0.01800003176439054
1696.8690000000001	0.017998604323330714
1697.0130000000001	0.017995749441211063
1697.1570000000002	0.017992894559091414
1697.3000000000002	0.017990515490658374
1697.4440000000002	0.017988136422225333
1697.5880000000002	0.01798670898116551
1697.7330000000002	0.017986233167478903
1697.8780000000002	0.01798337828535925
1698.019	0.0179805234032396
1698.163	0.017979095962179774
1698.309	0.017974337825313692
1698.451	0.017970055502134215
1698.595	0.017968152247387785
1698.739	0.017965773178954744
1698.883	0.017962918296835093
1699.027	0.017959587601028837
1699.172	0.017957208532595793
1699.314	0.01795340202310293
1699.458	0.01795054714098328
1699.602	0.01795054714098328
1699.7450000000001	0.017949595513610063
1699.8890000000001	0.017948168072550237
1700.0330000000001	0.017946740631490415
1700.1760000000002	0.01794531319043059
1700.3210000000001	0.017943885749370763
1700.4640000000002	0.017941506680937722
1700.6080000000002	0.017940079239877896
1700.7520000000002	0.01793960342619129
1700.8960000000002	0.017936272730385033
1701.0400000000002	0.017932466220892167
1701.183	0.01793103877983234
1701.327	0.017929611338772515
1701.471	0.017926756456652867
1701.614	0.017922474133473393
1701.758	0.017919143437667134
1701.902	0.01791486111448766
1702.045	0.017910578791308182
1702.19	0.017909151350248356
1702.334	0.017908675536561752
1702.477	0.017907723909188537
1702.622	0.01790629646812871
1702.765	0.01790296577232245
1702.909	0.017899159262829582
1703.0520000000001	0.017893925312276897
1703.1960000000001	0.017887263920664382
1703.3400000000001	0.017884409038544734
1703.4830000000002	0.01788107834273847
1703.6280000000002	0.01787394113743935
1703.7710000000002	0.017866328118453616
1703.9150000000002	0.017861569981587534
1704.059	0.017855384403661627
1704.203	0.0178482471983625
1704.346	0.017845392316242853
1704.49	0.017841109993063382
1704.634	0.017836351856197297
1704.778	0.017836351856197297
1704.921	0.017836351856197297
1705.065	0.017834924415137468
1705.209	0.017831593719331212
1705.352	0.01782778720983835
1705.497	0.017823980700345483
1705.64	0.017816843495046357
1705.784	0.017812085358180275
1705.928	0.017811609544493665
1706.0710000000001	0.017807803035000798
1706.2150000000001	0.01780399652550793
1706.3590000000002	0.01780161745707489
1706.5030000000002	0.0177963835065222
1706.6470000000002	0.017793052810715942
1706.7900000000002	0.017792576997029335
1706.934	0.017789722114909687
1707.078	0.017784488164356994
1707.222	0.017780681654864128
1707.366	0.01777544770431144
1707.509	0.01777021375375875
1707.653	0.017768786312698924
1707.797	0.017768310499012313
1707.941	0.017767834685325706
1708.084	0.017764979803206057
1708.229	0.017762124921086406
1708.373	0.017759270038966754
1708.517	0.017750229578921202
1708.659	0.017744044000995295
1708.803	0.017744044000995295
1708.9470000000001	0.01774261655993547
1709.0900000000001	0.017740713305189035
1709.2350000000001	0.01773928586412921
1709.3780000000002	0.01773833423675599
1709.5220000000002	0.01773690679569617
1709.6660000000002	0.017728342149337224
1709.8100000000002	0.0177212049440381
1709.953	0.0177212049440381
1710.097	0.01772025331666488
1710.241	0.017719301689291665
1710.385	0.01771739843454523
1710.528	0.017714067738738973
1710.672	0.017708833788186284
1710.816	0.017701696582887158
1710.96	0.017697414259707684
1711.104	0.017689325427035343
1711.248	0.01767980915330318
1711.391	0.01767695427118353
1711.537	0.01767409938906388
1711.683	0.01767172032063084
1711.825	0.017671244506944232
1711.9660000000001	0.01767076869325762
1712.1100000000001	0.017669817065884406
1712.2540000000001	0.01766791381113797
1712.3980000000001	0.01766696218376475
1712.5410000000002	0.017666486370078144
1712.6850000000002	0.017662204046898673
1712.8290000000002	0.017657921723719196
1712.9730000000002	0.017657445910032588
1713.1170000000002	0.01765459102791294
1713.2620000000002	0.017650784518420073
1713.404	0.017647929636300422
1713.548	0.017645074754180774
1713.691	0.017643647313120948
1713.835	0.01764317149943434
1713.979	0.01764126824468791
1714.123	0.017639364989941477
1714.267	0.01763888917625487
1714.41	0.017637461735195044
1714.554	0.01763222778464235
1714.698	0.01762746964777627
1714.842	0.017626042206716444
1714.9850000000001	0.01762509057934323
1715.1290000000001	0.017624614765656618
1715.2730000000001	0.017621284069850363
1715.4170000000001	0.017618429187730714
1715.5600000000002	0.01761700174667089
1715.7050000000002	0.017615574305611063
1715.8480000000002	0.01761367105086463
1715.9920000000002	0.0176117677961182
1716.1370000000002	0.01761129198243159
1716.2810000000002	0.017607009659252115
1716.424	0.01760272733607264
1716.568	0.017600824081326204
1716.712	0.017598445012893163
1716.856	0.017597017571833337
1716.999	0.01759654175814673
1717.143	0.01759654175814673
1717.287	0.01759416268971369
1717.43	0.01759130780759404
1717.574	0.017588452925474393
1717.718	0.017584646415981526
1717.862	0.017581791533861878
1718.006	0.017578936651742226
1718.15	0.0175775092106824
1718.2930000000001	0.017576557583309185
1718.4370000000001	0.01757513014224936
1718.5810000000001	0.017573702701189534
1718.7250000000001	0.01757227526012971
1718.8680000000002	0.01757084781906989
1719.0120000000002	0.017568468750636845
1719.1560000000002	0.01756704130957702
1719.299	0.01756656549589041
1719.4440000000002	0.01756513805483059
1719.587	0.01756418642745737
1719.731	0.017561331545337722
1719.875	0.017558000849531463
1720.019	0.017556573408471637
1720.162	0.017554194340038597
1720.306	0.017551815271605556
1720.45	0.01755038783054573
1720.594	0.017548960389485904
1720.737	0.01754800876211269
1720.881	0.017546581321052863
1721.025	0.017544678066306434
1721.169	0.017543250625246608
1721.313	0.01754229899787339
1721.457	0.017541823184186782
1721.601	0.017541347370500174
1721.746	0.017541347370500174
1721.8880000000001	0.01753896830206713
1722.0320000000002	0.01753658923363409
1722.1750000000002	0.01753325853782783
1722.3190000000002	0.01752802458727514
1722.4640000000002	0.0175256455188421
1722.606	0.01752516970515549
1722.75	0.017523742264095667
1722.894	0.017519459940916193
1723.038	0.017515653431423327
1723.182	0.017515653431423327
1723.325	0.01751279854930368
1723.469	0.01751279854930368
1723.613	0.01751279854930368
1723.757	0.01751279854930368
1723.901	0.01751279854930368
1724.044	0.01751279854930368
1724.188	0.01751279854930368
1724.332	0.01751279854930368
1724.4750000000001	0.01751279854930368
1724.6190000000001	0.01751279854930368
1724.7630000000001	0.01751279854930368
1724.9070000000002	0.01751279854930368
1725.0510000000002	0.01751279854930368
1725.1940000000002	0.01751279854930368
1725.3380000000002	0.01751279854930368
1725.482	0.01751279854930368
1725.626	0.01751279854930368
1725.77	0.01751279854930368
1725.913	0.01751279854930368
1726.057	0.01751279854930368
1726.201	0.01751279854930368
1726.344	0.01751279854930368
1726.488	0.01751279854930368
1726.632	0.01751279854930368
1726.776	0.01751279854930368
1726.92	0.01751279854930368
1727.064	0.01751279854930368
1727.207	0.01751279854930368
1727.351	0.01751279854930368
1727.4950000000001	0.01751279854930368
1727.6390000000001	0.01751279854930368
1727.7820000000002	0.01751279854930368
1727.9260000000002	0.01751279854930368
1728.0700000000002	0.01750946785349742
1728.2140000000002	0.01750946785349742
1728.3600000000001	0.01750946785349742
1728.501	0.017505661344004553
1728.645	0.017502806461884905
1728.789	0.017502806461884905
1728.933	0.017501379020825082
1729.076	0.017499475766078645
1729.22	0.017498048325018823
1729.364	0.01749614507027239
1729.508	0.017498048325018823
1729.651	0.017498048325018823
1729.795	0.01749614507027239
1729.939	0.01749471762921256
1730.082	0.017493766001839346
1730.227	0.017492338560779523
1730.374	0.01748948367865987
1730.517	0.017485677169167005
1730.66	0.017483773914420575
1730.8020000000001	0.01748234647336075
1730.9450000000002	0.017480919032300923
1731.0890000000002	0.017480443218614316
1731.2330000000002	0.01747901577755449
1731.3770000000002	0.017475209268061623
1731.52	0.017470451131195542
1731.664	0.01746664462170268
1731.808	0.017465217180642853
1731.951	0.017465217180642853
1732.096	0.017463789739583027
1732.239	0.017460934857463375
1732.383	0.01745950741640355
1732.527	0.017459031602716946
1732.671	0.01745570090691069
1732.814	0.01745284602479104
1732.958	0.01745284602479104
1733.102	0.01744999114267139
1733.246	0.017445233005805305
1733.3890000000001	0.017443329751058872
1733.5330000000001	0.01744142649631244
1733.678	0.017438571614192787
1733.8220000000001	0.017437619986819572
1733.9660000000001	0.017437619986819572
1734.1100000000001	0.017435716732073142
1734.2530000000002	0.01743381347732671
1734.3970000000002	0.01743381347732671
1734.5410000000002	0.017431434408893665
1734.684	0.017428579526774013
1734.828	0.017425724644654365
1734.957	0.017423345576221324
1735.1000000000001	0.017422869762534716
1735.2440000000001	0.017422869762534716
1735.3870000000002	0.017422393948848112
1735.5310000000002	0.017417635811982028
1735.6750000000002	0.017412401861429335
1735.8190000000002	0.017409546979309687
1735.962	0.017406692097190035
1736.106	0.01740526465613021
1736.251	0.017402409774010565
1736.394	0.017399554891890913
1736.538	0.017398127450831087
1736.681	0.01739765163714448
1736.825	0.017396224196084654
1736.969	0.01739384512765161
1737.113	0.01739146605921857
1737.256	0.017390038618158746
1737.4	0.017389086990785528
1737.544	0.017388135363412313
1737.688	0.017388135363412313
1737.832	0.017387659549725706
1737.9750000000001	0.017385756294979272
1738.121	0.017384328853919447
1738.2630000000001	0.017384328853919447
1738.4060000000002	0.01738290141285962
1738.5500000000002	0.017381473971799795
1738.6940000000002	0.01738052234442658
1738.8380000000002	0.017379570717053365
1738.9850000000001	0.017379094903366758
1739.126	0.017373385139127458
1739.269	0.017368151188574765
1739.414	0.017365296306455117
1739.557	0.01736244142433547
1739.701	0.017361013983275643
1739.844	0.01735815910115599
1739.988	0.017355304219036343
1740.132	0.017352925150603302
1740.276	0.017347215386364002
1740.419	0.017341505622124706
1740.563	0.017340553994751488
1740.707	0.01734007818106488
1740.851	0.017336747485258625
1740.9950000000001	0.017333892603138973
1741.1380000000001	0.017332940975765754
1741.2820000000002	0.01733103772101932
1741.4260000000002	0.017330086093646106
1741.5700000000002	0.017330086093646106
1741.7130000000002	0.01732865865258628
1741.857	0.01732580377046663
1742.001	0.017324376329406806
1742.145	0.017324376329406806
1742.289	0.0173239005157202
1742.432	0.017321997260973762
1742.576	0.01731961819254072
1742.72	0.01731533586936125
1742.863	0.01731200517355499
1743.007	0.017310577732495166
1743.151	0.0173067712230023
1743.298	0.017302964713509436
1743.438	0.017300585645076395
1743.582	0.017298206576643355
1743.726	0.01729677913558353
1743.8700000000001	0.017293448439777273
1744.0140000000001	0.017289166116597796
1744.1580000000001	0.01728773867553797
1744.3010000000002	0.01728726286185136
1744.4450000000002	0.01728440797973171
1744.5890000000002	0.017280125656552237
1744.7330000000002	0.017278698215492414
1744.876	0.017278698215492414
1745.02	0.017277746588119196
1745.164	0.017275843333372762
1745.308	0.01727441589231294
1745.451	0.017270133569133466
1745.595	0.017264899618580774
1745.739	0.01726299636383434
1745.882	0.017261093109087907
1746.027	0.017257286599595044
1746.17	0.017253004276415566
1746.314	0.017250149394295918
1746.458	0.017248246139549485
1746.602	0.01724681869848966
1746.746	0.01724634288480305
1746.8890000000001	0.017245391257429833
1747.0330000000001	0.01724396381637001
1747.1770000000001	0.017242060561623578
1747.3210000000001	0.017240633120563755
1747.4640000000002	0.017240633120563755
1747.6080000000002	0.017239681493190537
1747.7520000000002	0.017237302424757496
1747.895	0.01723539917001106
1748.039	0.017233971728951237
1748.183	0.017233971728951237
1748.327	0.017232544287891415
1748.47	0.017232544287891415
1748.615	0.017232544287891415
1748.758	0.017232544287891415
1748.902	0.017232544287891415
1749.046	0.017232544287891415
1749.19	0.017232544287891415
1749.333	0.017232544287891415
1749.477	0.017232544287891415
1749.621	0.017232544287891415
1749.765	0.017232544287891415
1749.9080000000001	0.017232544287891415
1750.0520000000001	0.017232068474204807
1750.1960000000001	0.017230641033144978
1750.3400000000001	0.01722778615102533
1750.4840000000002	0.017226358709965507
1750.6270000000002	0.017226358709965507
1750.7710000000002	0.01722540708259229
1750.914	0.01722255220047264
1751.0600000000002	0.017217794063606556
1751.203	0.01721398755411369
1751.347	0.01720827778987439
1751.491	0.01720827778987439
1751.635	0.01720827778987439
1751.778	0.01720827778987439
1751.922	0.01720827778987439
1752.066	0.017204947094068133
1752.21	0.017203519653008308
1752.354	0.017203519653008308
1752.497	0.017202092211948485
1752.641	0.017202092211948485
1752.785	0.017202092211948485
1752.928	0.01720066477088866
1753.0720000000001	0.01720066477088866
1753.2160000000001	0.01719923732982883
1753.3600000000001	0.01719923732982883
1753.5030000000002	0.01719923732982883
1753.6470000000002	0.017197809888769008
1753.7910000000002	0.017197809888769008
1753.9350000000002	0.017195430820335967
1754.0790000000002	0.01719257593821632
1754.2230000000002	0.01719257593821632
1754.366	0.01718972105609667
1754.51	0.017188293615036845
1754.654	0.01718686617397702
1754.798	0.017185438732917193
1754.941	0.017182583850797545
1755.085	0.017175922459185027
1755.229	0.017171640136005556
1755.373	0.01717021269494573
1755.516	0.01716783362651269
1755.66	0.01716783362651269
1755.804	0.01716783362651269
1755.948	0.01716783362651269
1756.092	0.01716783362651269
1756.2350000000001	0.01716783362651269
1756.3790000000001	0.01716783362651269
1756.5230000000001	0.01716783362651269
1756.6670000000001	0.01716783362651269
1756.8110000000001	0.01716783362651269
1756.9540000000002	0.01716783362651269
1757.0980000000002	0.01716783362651269
1757.2420000000002	0.01716783362651269
1757.386	0.01716783362651269
1757.529	0.01716783362651269
1757.673	0.01716783362651269
1757.817	0.01716783362651269
1757.96	0.01716783362651269
1758.104	0.01716783362651269
1758.251	0.01716783362651269
1758.392	0.01716783362651269
1758.536	0.01716783362651269
1758.68	0.01716783362651269
1758.823	0.01716783362651269
1758.967	0.01716783362651269
1759.111	0.01716783362651269
1759.255	0.01716593037176626
1759.3990000000001	0.017163551303333215
1759.5420000000001	0.017163551303333215
1759.6860000000001	0.017163551303333215
1759.8300000000002	0.01716117223490017
1759.9730000000002	0.01716117223490017
1760.1170000000002	0.01716117223490017
1760.261	0.01716117223490017
1760.405	0.01716117223490017
1760.548	0.01716117223490017
1760.692	0.01716117223490017
1760.836	0.01716117223490017
1760.98	0.01716117223490017
1761.124	0.01716117223490017
1761.268	0.01716117223490017
1761.411	0.017163551303333215
1761.555	0.01716545455807965
1761.701	0.01716593037176626
1761.846	0.01716783362651269
1761.986	0.01717021269494573
1762.132	0.017171640136005556
1762.2740000000001	0.017173543390751986
1762.4170000000001	0.017177349900244852
1762.5610000000001	0.017182583850797545
1762.7050000000002	0.017185438732917193
1762.8490000000002	0.01718686617397702
1762.9920000000002	0.017188293615036845
1763.1370000000002	0.01718972105609667
1763.28	0.017191148497156496
1763.424	0.017192100124529715
1763.568	0.017193527565589534
1763.712	0.017193527565589534
1763.857	0.017193527565589534
1763.999	0.017193527565589534
1764.144	0.017193527565589534
1764.287	0.017193527565589534
1764.432	0.017193527565589534
1764.578	0.017193527565589534
1764.718	0.017193527565589534
1764.865	0.017193527565589534
1765.009	0.017193527565589534
1765.153	0.017195430820335967
1765.2930000000001	0.017195430820335967
1765.438	0.017195430820335967
1765.5810000000001	0.017195430820335967
1765.7240000000002	0.017195430820335967
1765.8680000000002	0.017195430820335967
1766.0130000000001	0.017197809888769008
1766.1560000000002	0.01719923732982883
1766.3020000000001	0.01719971314351544
1766.443	0.01720066477088866
1766.587	0.017201616398261878
1766.732	0.017202092211948485
1766.8770000000002	0.017203519653008308
1767.018	0.017204471280381526
1767.162	0.017204947094068133
1767.309	0.01720637453512796
1767.45	0.017207326162501174
1767.593	0.017208753603561
1767.737	0.01721065685830743
1767.881	0.017212084299367256
1768.025	0.017214939181486904
1768.1680000000001	0.017217794063606556
1768.3120000000001	0.017220173132039596
1768.4560000000001	0.017222552200472637
1768.601	0.01722493126890568
1768.7450000000001	0.017226358709965507
1768.8880000000001	0.01722778615102533
1769.0320000000002	0.017232068474204804
1769.1760000000002	0.01723539917001106
1769.3200000000002	0.017237302424757496
1769.4640000000002	0.017239681493190537
1769.607	0.017240633120563755
1769.751	0.017240633120563755
1769.895	0.017240633120563755
1770.039	0.017240633120563755
1770.182	0.01724253637531019
1770.326	0.017245391257429833
1770.47	0.017248721953236092
1770.613	0.017253004276415566
1770.758	0.017255859158535218
1770.901	0.017256810785908433
1771.045	0.01725728659959504
1771.189	0.017258714040654866
1771.333	0.017261093109087907
1771.476	0.01726537543226738
1771.6200000000001	0.017270133569133466
1771.7640000000001	0.0172720368238799
1771.9080000000001	0.01727346426493972
1772.0510000000002	0.017274891705999544
1772.1950000000002	0.017278222401805803
1772.3390000000002	0.017281553097612062
1772.4830000000002	0.01728440797973171
1772.626	0.01728726286185136
1772.77	0.01728773867553797
1772.914	0.017289166116597796
1773.058	0.017289166116597796
1773.201	0.017289166116597796
1773.3480000000002	0.017289166116597796
1773.489	0.017289166116597796
1773.633	0.017289166116597796
1773.777	0.017289166116597796
1773.921	0.017289166116597796
1774.066	0.017289166116597796
1774.208	0.017289166116597796
1774.352	0.017289166116597796
1774.496	0.017289166116597796
1774.6390000000001	0.017289166116597796
1774.7830000000001	0.017289166116597796
1774.9270000000001	0.017289166116597796
1775.0710000000001	0.017289166116597796
1775.2140000000002	0.017289166116597796
1775.3580000000002	0.017289166116597796
1775.5020000000002	0.017289166116597796
1775.6460000000002	0.017289166116597796
1775.789	0.017289166116597796
1775.933	0.017289166116597796
1776.077	0.017289166116597796
1776.221	0.017289166116597796
1776.365	0.017289166116597796
1776.508	0.017289166116597796
1776.652	0.017289166116597796
1776.796	0.017289166116597796
1776.94	0.017289166116597796
1777.084	0.017289166116597796
1777.227	0.017289166116597796
1777.371	0.017289166116597796
1777.515	0.017289166116597796
1777.659	0.017289166116597796
1777.8020000000001	0.017289166116597796
1777.9460000000001	0.017289166116597796
1778.0910000000001	0.017289166116597796
1778.2340000000002	0.017289166116597796
1778.3780000000002	0.017289166116597796
1778.5220000000002	0.017289166116597796
1778.6650000000002	0.017289166116597796
1778.808	0.017289166116597796
1778.953	0.017289166116597796
1779.096	0.017289166116597796
1779.24	0.017289166116597796
1779.384	0.017289166116597796
1779.528	0.017289166116597796
1779.672	0.017289166116597796
1779.815	0.017289166116597796
1779.959	0.017289166116597796
1780.103	0.017289166116597796
1780.246	0.017292020998717447
1780.39	0.017289166116597796
1780.534	0.017289166116597796
1780.678	0.017289166116597796
1780.8210000000001	0.017289166116597796
1780.9660000000001	0.017289166116597796
1781.1090000000002	0.017292020998717447
1781.2530000000002	0.017294875880837092
1781.3970000000002	0.017294875880837092
1781.5410000000002	0.017294875880837092
1781.684	0.017297254949270136
1781.828	0.017297254949270136
1781.972	0.017298682390329962
1782.116	0.017298682390329962
1782.259	0.017298682390329962
1782.403	0.017300109831389784
1782.547	0.01730391634088265
1782.691	0.017307722850375518
1782.834	0.0173124809872416
1782.978	0.017315811683047858
1783.122	0.017316763310421073
1783.266	0.017319142378854114
1783.41	0.017321045633600547
1783.553	0.017325803770466632
1783.6970000000001	0.01733198934839254
1783.8410000000001	0.017333892603138973
1783.9850000000001	0.01733436841682558
1784.1280000000002	0.017334844230512188
1784.2720000000002	0.017334844230512188
1784.4160000000002	0.017334844230512188
1784.5600000000002	0.017335795857885403
1784.7040000000002	0.017338174926318447
1784.847	0.01734007818106488
1784.991	0.01734293306318453
1785.135	0.01734578794530418
1785.279	0.017347215386364006
1785.423	0.017347215386364006
1785.566	0.01734578794530418
1785.71	0.017347215386364006
1785.854	0.01734864282742383
1785.998	0.017350070268483654
1786.142	0.017352449336916695
1786.286	0.017353876777976517
1786.43	0.017354352591663125
1786.574	0.017354828405349736
1786.718	0.017354828405349736
1786.861	0.01735578003272295
1787.005	0.017357207473782776
1787.1490000000001	0.017357683287469384
1787.2920000000001	0.017361013983275643
1787.4360000000001	0.017364344679081902
1787.5800000000002	0.017365772120141724
1787.7240000000002	0.017367675374888158
1787.8670000000002	0.017368151188574765
1788.0120000000002	0.01736957862963459
1788.155	0.017372433511754243
1788.3010000000002	0.017374812580187284
1788.443	0.0173757642075605
1788.587	0.017377191648620324
1788.73	0.01738052234442658
1788.874	0.017384804667606057
1789.018	0.017388611177098924
1789.162	0.017390038618158746
1789.305	0.017390038618158746
1789.449	0.01739670000977126
1789.593	0.01740336140138378
1789.737	0.01740383721507039
1789.88	0.017404313028756998
1790.0240000000001	0.01740574046981682
1790.1680000000001	0.01740811953824986
1790.3120000000001	0.01740907116562308
1790.4560000000001	0.017410498606682902
1790.5990000000002	0.017413353488802553
1790.7430000000002	0.017415256743548983
1790.8870000000002	0.01741668418460881
1791.0310000000002	0.017418587439355242
1791.174	0.017420014880415065
1791.318	0.017420490694101676
1791.462	0.0174219181351615
1791.606	0.01742477301728115
1791.75	0.017426200458340976
1791.893	0.01742715208571419
1792.037	0.017428579526774013
1792.181	0.017431434408893665
1792.325	0.01743524091838653
1792.47	0.017436668359446354
1792.614	0.01743714417313296
1792.756	0.017437619986819572
1792.8990000000001	0.017437619986819572
1793.0430000000001	0.017439999055252613
1793.1870000000001	0.017442378123685653
1793.3310000000001	0.01744380556474548
1793.477	0.017446184633178523
1793.622	0.01744761207423835
1793.7630000000001	0.01744903951529817
1793.9060000000002	0.017450466956357998
1794.0500000000002	0.017451894397417823
1794.1940000000002	0.017457128347970512
1794.3400000000001	0.017461410671149986
1794.4830000000002	0.017462838112209812
1794.625	0.017464741366956242
1794.769	0.017467596249075894
1794.912	0.017470451131195545
1795.056	0.01747092694488215
1795.2	0.01747092694488215
1795.344	0.017471878572255364
1795.488	0.01747425764068841
1795.632	0.017475685081748234
1795.775	0.017475685081748234
1795.919	0.01747663670912145
1796.063	0.01747901577755449
1796.207	0.017480919032300923
1796.3500000000001	0.01748234647336075
1796.4940000000001	0.01748472554179379
1796.6380000000001	0.017486152982853616
1796.7820000000002	0.01748758042391344
1796.9250000000002	0.01749043530603309
1797.0690000000002	0.01749043530603309
1797.2130000000002	0.017492338560779523
1797.356	0.017492338560779523
1797.501	0.017492338560779523
1797.644	0.017492338560779523
1797.788	0.017492338560779523
1797.932	0.01749281437446613
1798.076	0.017494241815525953
1798.219	0.017496620883958997
1798.363	0.017498048325018823
1798.507	0.017500427393451864
1798.651	0.01750423390294473
1798.794	0.01750994366718403
1798.938	0.01751517761773672
1799.082	0.017517080872483153
1799.226	0.017521363195662623
1799.3690000000001	0.01752516970515549
1799.5130000000001	0.017528976214648356
1799.6570000000002	0.01753421016520105
1799.8010000000002	0.017536113419947482
1799.9440000000002	0.017538016674693915
1800.0880000000002	0.017540871556813567
1800.232	0.01754229899787339
1800.376	0.017543726438933215
1800.52	0.017546105507366256
1800.664	0.01754991201685912
1800.807	0.01755276689897877
1800.951	0.01755324271266538
1801.095	0.017556097594785033
1801.239	0.017561331545337722
1801.382	0.017565613868517196
1801.526	0.017567992936950237
1801.67	0.017569420378010063
1801.814	0.017571323632756493
1801.957	0.017579412465428837
1802.101	0.017586073857041352
1802.2450000000001	0.017587501298101174
1802.3890000000001	0.017589880366534215
1802.5330000000001	0.01759130780759404
1802.6760000000002	0.01759321106234047
1802.8200000000002	0.017597493385519948
1802.9640000000002	0.017601299895012815
1803.1080000000002	0.01760225152238603
1803.251	0.01760272733607264
1803.3980000000001	0.017606058031878896
1803.5400000000002	0.017609864541371763
1803.684	0.01761129198243159
1803.828	0.017615574305611066
1803.971	0.017622235697223577
1804.115	0.017626518020403055
1804.259	0.017628897088836096
1804.402	0.017629848716209314
1804.546	0.017631276157269136
1804.69	0.017635558480448607
1804.834	0.01763841336256826
1804.977	0.017641268244687907
1805.122	0.017645074754180774
1805.265	0.017646502195240603
1805.409	0.017648405449987033
1805.556	0.017649832891046855
1805.6970000000001	0.017650784518420073
1805.8400000000001	0.017653163586853114
1805.988	0.017657921723719196
1806.13	0.01766267986058528
1806.2720000000002	0.017665058929018325
1806.4160000000002	0.01766886543851119
1806.559	0.017672671948004055
1806.703	0.017674099389063877
1806.847	0.017676002643810314
1806.99	0.01767980915330318
1807.134	0.01768266403542283
1807.278	0.017685994731229084
1807.421	0.017688849613348732
1807.566	0.017691704495468384
1807.709	0.017696462632334466
1807.853	0.017699793328140725
1807.997	0.017703124023946984
1808.141	0.017712164483992543
1808.284	0.017719301689291665
1808.428	0.017719301689291665
1808.5720000000001	0.01772025331666488
1808.7160000000001	0.01772501145353096
1808.8590000000002	0.01773167284514348
1809.0030000000002	0.017734527727263128
1809.1470000000002	0.01773595516832295
1809.2910000000002	0.017737382609382776
1809.434	0.017737858423069384
1809.578	0.01773928586412921
1809.722	0.017740713305189035
1809.866	0.017742140746248858
1810.01	0.0177445198146819
1810.153	0.01774975376523459
1810.297	0.01775356027472746
1810.441	0.01775403608841407
1810.585	0.017754511902100673
1810.729	0.017754511902100673
1810.873	0.017754511902100673
1811.016	0.0177559393431605
1811.16	0.01775831841159354
1811.304	0.017759270038966758
1811.4470000000001	0.017762124921086406
1811.5910000000001	0.017764979803206057
1811.7350000000001	0.01776545561689267
1811.8790000000001	0.017767358871639098
1812.0220000000002	0.017767358871639098
1812.1660000000002	0.01776973794007214
1812.3100000000002	0.017771165381131965
1812.4540000000002	0.01777259282219179
1812.5980000000002	0.01777497189062483
1812.741	0.01777687514537126
1812.885	0.017777350959057872
1813.029	0.017778778400117698
1813.173	0.017782109095923957
1813.318	0.017785439791730213
1813.46	0.017787343046476646
1813.604	0.017787818860163254
1813.748	0.017788770487536472
1813.892	0.017789722114909687
1814.035	0.01779400443808916
1814.179	0.017798762574955242
1814.323	0.01779923838864185
1814.4660000000001	0.017800190016015068
1814.6100000000001	0.017801617457074894
1814.7540000000001	0.017803044898134716
1814.8980000000001	0.01780399652550793
1815.0420000000001	0.017804472339194542
1815.1860000000001	0.017805899780254368
1815.3290000000002	0.017809706289747235
1815.4730000000002	0.0178135127992401
1815.6170000000002	0.017814940240299927
1815.761	0.017815416053986535
1815.904	0.017815416053986535
1816.048	0.017815416053986535
1816.192	0.017815416053986535
1816.3380000000002	0.017815416053986535
1816.479	0.017815416053986535
1816.623	0.017815416053986535
1816.767	0.017816843495046357
1816.911	0.017816843495046357
1817.054	0.017816843495046357
1817.198	0.017816843495046357
1817.342	0.017816843495046357
1817.487	0.017816843495046357
1817.63	0.017816843495046357
1817.7730000000001	0.017816843495046357
1817.9180000000001	0.017816843495046357
1818.0620000000001	0.017816843495046357
1818.2060000000001	0.017816843495046357
1818.354	0.017816843495046357
1818.4950000000001	0.017816843495046357
1818.6370000000002	0.017816843495046357
1818.784	0.017816843495046357
1818.923	0.017816843495046357
1819.0690000000002	0.017816843495046357
1819.2150000000001	0.017816843495046357
1819.3590000000002	0.017816843495046357
1819.498	0.017816843495046357
1819.643	0.017816843495046357
1819.788	0.017816843495046357
1819.93	0.017816843495046357
1820.074	0.017816843495046357
1820.218	0.017816843495046357
1820.362	0.017816843495046357
1820.506	0.017816843495046357
1820.65	0.017816843495046357
1820.7930000000001	0.017816843495046357
1820.9370000000001	0.017816843495046357
1821.0810000000001	0.01781969837716601
1821.2250000000001	0.01782112581822583
1821.3690000000001	0.01782112581822583
1821.5120000000002	0.017823504886658875
1821.6560000000002	0.017823980700345483
1821.8000000000002	0.017828263023524957
1821.9440000000002	0.01782969046458478
1822.0880000000002	0.01782969046458478
1822.231	0.01782969046458478
1822.375	0.01782969046458478
1822.519	0.01782969046458478
1822.662	0.01782969046458478
1822.806	0.017831117905644605
1822.95	0.017831117905644605
1823.094	0.017831117905644605
1823.238	0.017831117905644605
1823.382	0.017831117905644605
1823.526	0.017833496974077646
1823.669	0.017834924415137468
1823.813	0.017834924415137468
1823.957	0.017834924415137468
1824.1000000000001	0.017834924415137468
1824.2440000000001	0.017834924415137468
1824.3880000000001	0.017834924415137468
1824.5310000000002	0.017834924415137468
1824.6760000000002	0.017834924415137468
1824.8190000000002	0.017834924415137468
1824.9630000000002	0.017834924415137468
1825.107	0.017834924415137468
1825.251	0.017834924415137468
1825.394	0.017834924415137468
1825.538	0.01783777929725712
1825.682	0.01783777929725712
1825.826	0.01783777929725712
1825.969	0.01783777929725712
1826.113	0.01783777929725712
1826.257	0.01783777929725712
1826.401	0.01783777929725712
1826.545	0.01783777929725712
1826.689	0.01783777929725712
1826.832	0.01783777929725712
1826.976	0.01783777929725712
1827.1200000000001	0.01783777929725712
1827.2640000000001	0.01783777929725712
1827.4070000000002	0.017840158365690164
1827.5510000000002	0.017840158365690164
1827.6950000000002	0.017840158365690164
1827.8380000000002	0.017840158365690164
1827.982	0.017840158365690164
1828.126	0.017840158365690164
1828.27	0.017840158365690164
1828.414	0.017840158365690164
1828.557	0.017840158365690164
1828.701	0.017840158365690164
1828.845	0.017840158365690164
1828.989	0.017840158365690164
1829.133	0.017840158365690164
1829.276	0.017840158365690164
1829.42	0.017840158365690164
1829.564	0.017840158365690164
1829.707	0.017842537434123205
1829.851	0.017842537434123205
1829.9950000000001	0.017842537434123205
1830.1390000000001	0.017842537434123205
1830.2830000000001	0.017842537434123205
1830.4270000000001	0.017842537434123205
1830.5700000000002	0.017842537434123205
1830.7140000000002	0.017842537434123205
1830.8580000000002	0.017842537434123205
1831.0020000000002	0.017842537434123205
1831.145	0.017842537434123205
1831.289	0.017842537434123205
1831.433	0.017842537434123205
1831.576	0.017842537434123205
1831.721	0.017842537434123205
1831.864	0.017842537434123205
1832.008	0.017842537434123205
1832.152	0.017842537434123205
1832.296	0.017842537434123205
1832.439	0.017842537434123205
1832.583	0.017842537434123205
1832.727	0.017842537434123205
1832.871	0.017843489061496423
1833.0140000000001	0.017843489061496423
1833.159	0.017843489061496423
1833.305	0.017846343943616068
1833.4450000000002	0.017847771384675894
1833.5900000000001	0.017848247198362505
1833.7340000000002	0.017849674639422327
1833.8770000000002	0.017849674639422327
1834.0210000000002	0.017849674639422327
1834.1650000000002	0.017849674639422327
1834.309	0.017849674639422327
1834.452	0.01785110208048215
1834.596	0.01785110208048215
1834.74	0.01785110208048215
1834.883	0.01785110208048215
1835.027	0.01785110208048215
1835.171	0.017852529521541975
1835.315	0.017852529521541975
1835.459	0.017852529521541975
1835.602	0.017852529521541975
1835.747	0.017852529521541975
1835.89	0.017852529521541975
1836.034	0.017852529521541975
1836.1770000000001	0.017852529521541975
1836.3210000000001	0.017852529521541975
1836.4650000000001	0.017852529521541975
1836.6090000000002	0.017852529521541975
1836.7520000000002	0.017852529521541975
1836.8960000000002	0.017852529521541975
1837.0400000000002	0.017852529521541975
1837.184	0.017852529521541975
1837.328	0.017852529521541975
1837.471	0.017852529521541975
1837.615	0.017852529521541975
1837.759	0.017852529521541975
1837.903	0.017852529521541975
1838.046	0.01785110208048215
1838.19	0.01785110208048215
1838.334	0.01785110208048215
1838.479	0.01785110208048215
1838.622	0.01785110208048215
1838.766	0.017852529521541975
1838.91	0.017853481148915194
1839.054	0.017853481148915194
1839.198	0.017852529521541975
1839.342	0.017852529521541975
1839.4850000000001	0.01785110208048215
1839.6290000000001	0.017849674639422327
1839.7730000000001	0.017848723012049112
1839.9160000000002	0.017848247198362505
1840.0600000000002	0.017847771384675894
1840.2040000000002	0.017846343943616068
1840.3480000000002	0.017843489061496423
1840.491	0.017841109993063382
1840.636	0.017840158365690164
1840.779	0.01783777929725712
1840.923	0.01783540022882408
1841.067	0.01783540022882408
1841.211	0.01783540022882408
1841.354	0.01783540022882408
1841.498	0.01783540022882408
1841.642	0.01783540022882408
1841.785	0.01783540022882408
1841.929	0.01783540022882408
1842.073	0.01783540022882408
1842.217	0.01783540022882408
1842.3600000000001	0.01783540022882408
1842.505	0.01783540022882408
1842.6480000000001	0.01783540022882408
1842.7920000000001	0.017833972787764253
1842.9360000000001	0.017833972787764253
1843.0800000000002	0.017833972787764253
1843.2230000000002	0.017833972787764253
1843.3670000000002	0.017833972787764253
1843.511	0.017833972787764253
1843.654	0.017833972787764253
1843.798	0.017832069533017823
1843.942	0.017831593719331216
1844.086	0.017831593719331216
1844.23	0.017831593719331216
1844.374	0.017831593719331216
1844.517	0.017830642091957997
1844.661	0.017830642091957997
1844.805	0.017830642091957997
1844.949	0.017830642091957997
1845.092	0.017830642091957997
1845.236	0.017830642091957997
1845.38	0.017830642091957997
1845.5230000000001	0.017828263023524957
1845.6680000000001	0.017828263023524957
1845.8110000000001	0.017828263023524957
1845.9550000000002	0.017828263023524957
1846.0990000000002	0.01782540814140531
1846.2430000000002	0.017823504886658875
1846.386	0.01782207744559905
1846.53	0.01781969837716601
1846.674	0.017816843495046357
1846.818	0.017816843495046357
1846.961	0.017816843495046357
1847.105	0.017816843495046357
1847.249	0.017816843495046357
1847.393	0.017816843495046357
1847.537	0.017816843495046357
1847.68	0.017816843495046357
1847.824	0.017816843495046357
1847.968	0.017816843495046357
1848.112	0.017816843495046357
1848.256	0.017816843495046357
1848.404	0.017816843495046357
1848.5430000000001	0.017815416053986535
1848.688	0.017815416053986535
1848.8300000000002	0.017815416053986535
1848.9740000000002	0.017814940240299927
1849.1180000000002	0.01781065791712045
1849.2620000000002	0.01781065791712045
1849.405	0.017805899780254368
1849.549	0.017804472339194542
1849.693	0.01780399652550793
1849.837	0.01780399652550793
1849.981	0.01780399652550793
1850.125	0.01780399652550793
1850.268	0.017803044898134716
1850.412	0.017801617457074894
1850.556	0.017800190016015068
1850.7	0.017798762574955242
1850.843	0.01779733513389542
1850.987	0.0177963835065222
1851.131	0.01779495606546238
1851.275	0.017793052810715942
1851.4180000000001	0.017791149555969513
1851.5620000000001	0.017789722114909687
1851.7060000000001	0.017788770487536472
1851.8500000000001	0.017784963978043605
1851.9940000000001	0.017782109095923954
1852.1370000000002	0.017782109095923954
1852.2810000000002	0.01778115746855074
1852.4250000000002	0.017779730027490913
1852.5690000000002	0.017778302586431087
1852.712	0.01777687514537126
1852.856	0.017775447704311435
1853.0	0.017773068635878395
1853.144	0.017771641194818572
1853.288	0.017771165381131965
1853.431	0.017770689567445357
1853.575	0.01776926212638553
1853.719	0.017766407244265883
1853.862	0.017764028175832842
1854.006	0.017763076548459624
1854.15	0.017763076548459624
1854.294	0.017760221666339976
1854.4370000000001	0.017757366784220324
1854.582	0.017757366784220324
1854.7250000000001	0.017756890970533713
1854.8690000000001	0.017756415156847106
1855.0130000000001	0.017754987715787283
1855.1570000000002	0.017751181206294417
1855.3010000000002	0.01774785051048816
1855.4440000000002	0.017746423069428335
1855.5880000000002	0.01774499562836851
1855.732	0.017744044000995295
1855.875	0.01774214074624886
1856.02	0.017740237491502428
1856.164	0.01773928586412921
1856.308	0.01773833423675599
1856.451	0.017737858423069384
1856.595	0.017737382609382776
1856.739	0.01773595516832295
1856.883	0.017734527727263128
1857.027	0.01773357609988991
1857.171	0.017732148658830087
1857.314	0.01773167284514348
1857.458	0.017730721217770265
1857.602	0.01772929377671044
1857.746	0.017727866335650613
1857.8890000000001	0.017726914708277395
1858.0330000000001	0.017725487267217573
1858.1770000000001	0.017723108198784532
1858.3210000000001	0.017721680757724706
1858.4640000000002	0.017719777502978273
1858.6080000000002	0.01771739843454523
1858.7520000000002	0.01771501936611219
1858.8960000000002	0.017712164483992543
1859.0400000000002	0.01770930960187289
1859.183	0.017707882160813065
1859.327	0.017707406347126458
1859.471	0.01770693053343985
1859.615	0.017705978906066636
1859.758	0.017705027278693417
1859.902	0.017705027278693417
1860.046	0.01770455146500681
1860.19	0.0177040756513202
1860.334	0.01770312402394698
1860.477	0.017701696582887158
1860.621	0.01770122076920055
1860.765	0.01769884170076751
1860.9080000000001	0.01769551100496125
1861.055	0.017694559377588036
1861.1960000000001	0.017694083563901425
1861.3400000000001	0.017693607750214817
1861.4830000000002	0.017693607750214817
1861.6270000000002	0.0176926561228416
1861.7710000000002	0.017691228681781773
1861.9150000000002	0.017687897985975518
1862.059	0.01768504310385587
1862.203	0.01768409147648265
1862.347	0.01768409147648265
1862.49	0.01768266403542283
1862.634	0.017680760780676395
1862.778	0.017678381712243355
1862.921	0.01767172032063084
1863.065	0.01766601055639154
1863.209	0.017665058929018325
1863.355	0.017664107301645107
1863.496	0.01766267986058528
1863.64	0.01765697009634598
1863.784	0.01765126033210668
1863.928	0.017649832891046855
1864.0720000000001	0.017648405449987033
1864.2150000000001	0.017646502195240603
1864.3590000000002	0.017646026381553992
1864.5030000000002	0.017644598940494166
1864.6470000000002	0.01764317149943434
1864.7910000000002	0.01764126824468791
1864.934	0.01763888917625487
1865.078	0.01763841336256826
1865.222	0.017637461735195044
1865.366	0.017636510107821825
1865.509	0.017636034294135218
1865.653	0.017634606853075392
1865.797	0.017633179412015566
1865.94	0.01763270359832896
1866.085	0.01763175197095574
1866.23	0.017630800343582526
1866.372	0.01763032452989592
1866.518	0.017628897088836096
1866.66	0.017624614765656618
1866.803	0.017621284069850363
1866.9470000000001	0.017620332442477148
1867.094	0.017617953374044107
1867.236	0.017615098491924455
1867.381	0.017612719423491414
1867.5220000000002	0.0176117677961182
1867.6660000000002	0.0176117677961182
1867.8100000000002	0.01761129198243159
1867.953	0.01761081616874498
1868.097	0.017609864541371763
1868.241	0.01760843710031194
1868.385	0.017607009659252118
1868.528	0.017605582218192292
1868.672	0.017604154777132466
1868.816	0.01760272733607264
1868.96	0.01760225152238603
1869.104	0.017601299895012815
1869.248	0.01759987245395299
1869.391	0.017597969199206556
1869.535	0.01759368687602708
1869.679	0.017590831993907433
1869.823	0.017590831993907433
1869.9660000000001	0.017589880366534215
1870.1100000000001	0.017585122229668133
1870.2540000000001	0.01758131572017527
1870.3980000000001	0.017579412465428837
1870.5410000000002	0.0175775092106824
1870.6850000000002	0.01757513014224936
1870.8290000000002	0.017571323632756493
1870.972	0.017568468750636845
1871.1170000000002	0.017565613868517196
1871.26	0.017561331545337722
1871.404	0.017556097594785033
1871.548	0.017552291085292167
1871.692	0.01755038783054573
1871.835	0.017548960389485904
1871.979	0.017546105507366256
1872.123	0.017544202252619823
1872.267	0.017544202252619823
1872.41	0.017544202252619823
1872.554	0.017544202252619823
1872.698	0.017543250625246608
1872.842	0.01754229899787339
1872.9850000000001	0.01753896830206713
1873.1290000000001	0.01753421016520105
1873.2730000000001	0.017531831096768008
1873.4170000000001	0.017530403655708182
1873.5610000000001	0.017526597146215316
1873.7060000000001	0.017521839009349234
1873.8490000000002	0.017518984127229582
1873.9930000000002	0.017517080872483153
1874.1370000000002	0.017515653431423327
1874.2810000000002	0.017514701804050112
1874.424	0.0175142259903635
1874.568	0.017513750176676893
1874.712	0.017513750176676893
1874.856	0.017512798549303675
1874.999	0.017511371108243853
1875.143	0.01750994366718403
1875.287	0.017508516226124204
1875.431	0.01750708878506438
1875.574	0.017505661344004553
1875.718	0.017505185530317945
1875.862	0.017504233902944727
1876.007	0.017503282275571512
1876.1490000000001	0.017502806461884905
1876.294	0.017502330648198297
1876.438	0.017502330648198297
1876.5810000000001	0.017500427393451864
1876.7250000000001	0.01749852413870543
1876.8680000000002	0.017496620883958994
1877.0120000000002	0.017493290188152738
1877.1560000000002	0.017491862747092916
1877.3000000000002	0.017490911119719697
1877.4440000000002	0.01748995949234648
1877.587	0.01748995949234648
1877.731	0.01748710461022683
1877.875	0.017484249728107183
1878.019	0.017484249728107183
1878.162	0.017484249728107183
1878.308	0.017482822287047357
1878.45	0.01748139484598753
1878.593	0.01748139484598753
1878.737	0.017480919032300923
1878.881	0.017480443218614316
1879.025	0.01747901577755449
1879.169	0.017476160895434842
1879.313	0.0174737818270018
1879.457	0.017471878572255364
1879.6000000000001	0.01747092694488215
1879.7440000000001	0.01747092694488215
1879.8880000000001	0.017469499503822324
1880.0310000000002	0.017467596249075894
1880.1750000000002	0.017464741366956246
1880.3190000000002	0.01746045904377677
1880.4630000000002	0.017457128347970512
1880.606	0.017455700906910687
1880.75	0.017453321838477646
1880.894	0.017450942770044605
1881.038	0.017449515328984783
1881.181	0.017445233005805305
1881.325	0.017440950682625828
1881.469	0.017438571614192787
1881.614	0.017437619986819572
1881.757	0.01743714417313296
1881.901	0.01743524091838653
1882.044	0.01743286184995349
1882.188	0.017426200458340972
1882.332	0.01741906325304185
1882.476	0.017417635811982028
1882.6190000000001	0.017417635811982028
1882.747	0.0174162083709222
1882.891	0.017411926047742728
1883.034	0.01740907116562308
1883.179	0.01740811953824986
1883.3220000000001	0.01740574046981682
1883.4660000000001	0.01740288558769717
1883.6100000000001	0.01740098233295074
1883.7540000000001	0.017399079078204305
1883.8970000000002	0.017396224196084654
1884.0410000000002	0.01739384512765161
1884.1850000000002	0.017392417686591787
1884.3290000000002	0.01739194187290518
1884.472	0.017390990245531965
1884.616	0.017387659549725706
1884.76	0.017384804667606057
1884.904	0.017384328853919447
1885.047	0.01738337722654623
1885.191	0.017379570717053365
1885.335	0.017376715834933713
1885.479	0.01737528839387389
1885.622	0.017373385139127458
1885.766	0.017369102815947984
1885.91	0.017365296306455117
1886.054	0.017365296306455117
1886.198	0.01736482049276851
1886.342	0.017364344679081902
1886.4850000000001	0.017363393051708684
1886.6290000000001	0.01736244142433547
1886.7730000000001	0.017361013983275643
1886.9170000000001	0.017359586542215817
1887.0600000000002	0.017359586542215817
1887.2040000000002	0.017359586542215817
1887.3480000000002	0.017358634914842602
1887.4920000000002	0.017358634914842602
1887.635	0.017357683287469384
1887.779	0.01735625584640956
1887.923	0.017354828405349736
1888.066	0.017354828405349736
1888.211	0.017354352591663125
1888.354	0.017353876777976517
1888.498	0.017352449336916695
1888.642	0.017349594454797047
1888.786	0.01734816701373722
1888.929	0.01734816701373722
1889.073	0.017347215386364006
1889.217	0.01734578794530418
1889.361	0.017343884690557747
1889.505	0.01734245724949792
1889.6480000000001	0.01734245724949792
1889.7920000000001	0.017341505622124706
1889.9360000000001	0.01734007818106488
1890.0790000000002	0.017339602367378273
1890.2240000000002	0.017338650740005054
1890.3670000000002	0.01733722329894523
1890.5120000000002	0.01733674748525862
1890.655	0.01733674748525862
1890.799	0.017334368416825577
1890.943	0.01733056190733271
1891.087	0.01733056190733271
1891.231	0.01733056190733271
1891.375	0.017329134466272888
1891.518	0.017329134466272888
1891.662	0.01732818283889967
1891.806	0.017327231211526455
1891.95	0.017327231211526455
1892.093	0.017327231211526455
1892.237	0.017327231211526455
1892.381	0.017327231211526455
1892.525	0.017327231211526455
1892.6680000000001	0.017324376329406806
1892.8120000000001	0.017327231211526455
1892.9560000000001	0.017327231211526455
1893.0990000000002	0.017327231211526455
1893.2440000000001	0.017327231211526455
1893.392	0.017327231211526455
1893.5310000000002	0.017327231211526455
1893.6750000000002	0.017327231211526455
1893.8190000000002	0.017327231211526455
1893.962	0.01732818283889967
1894.106	0.01732818283889967
1894.25	0.01732818283889967
1894.394	0.01732818283889967
1894.537	0.01732818283889967
1894.681	0.01732818283889967
1894.825	0.01732818283889967
1894.969	0.01732818283889967
1895.112	0.01732818283889967
1895.256	0.01732818283889967
1895.4	0.017327231211526455
1895.544	0.017327231211526455
1895.6870000000001	0.017327231211526455
1895.8310000000001	0.017327231211526455
1895.9750000000001	0.017324376329406806
1896.1190000000001	0.017321045633600547
1896.2630000000001	0.01732056981991394
1896.4070000000002	0.01731961819254072
1896.5500000000002	0.017318190751480896
1896.6940000000002	0.017317714937794288
1896.8380000000002	0.017317714937794288
1896.982	0.017316763310421073
1897.125	0.017315811683047858
1897.2710000000002	0.01731533586936125
1897.4160000000002	0.017313432614614818
1897.5600000000002	0.017311053546181777
1897.7	0.017310101918808562
1897.844	0.01730962610512195
1897.988	0.01730915029143534
1898.131	0.01730915029143534
1898.276	0.017308198664062125
1898.419	0.01730724703668891
1898.567	0.01730724703668891
1898.707	0.017305819595629084
1898.851	0.01730439215456926
1898.9950000000001	0.017302013086136218
1899.1380000000001	0.01729915820401657
1899.2820000000002	0.017298682390329962
1899.4260000000002	0.017298682390329962
1899.5690000000002	0.017298682390329962
1899.7130000000002	0.017298682390329962
1899.857	0.017298682390329962
1900.001	0.017297730762956744
1900.144	0.01729677913558353
1900.289	0.017296303321896918
1900.432	0.017294875880837092
1900.576	0.017293924253463877
1900.72	0.01729344843977727
1900.864	0.017292020998717447
1901.007	0.01729059355765762
1901.151	0.017290117743971014
1901.295	0.017290117743971014
1901.439	0.017290117743971014
1901.582	0.017290117743971014
1901.726	0.017290117743971014
1901.8700000000001	0.01728773867553797
1902.0140000000001	0.017283932166045103
1902.1570000000002	0.017282504724985277
1902.3010000000002	0.01728202891129867
1902.4450000000002	0.017280601470238847
1902.5890000000002	0.01727917402917902
1902.732	0.017278698215492414
1902.876	0.017278698215492414
1903.02	0.017277746588119196
1903.164	0.017275843333372762
1903.308	0.017274891705999544
1903.452	0.017274891705999544
1903.595	0.017274891705999544
1903.739	0.017274891705999544
1903.883	0.017274891705999544
1904.027	0.01727441589231294
1904.171	0.017273940078626333
1904.315	0.017272988451253114
1904.458	0.01727156101019329
1904.602	0.017270133569133463
1904.746	0.017269181941760248
1904.8890000000001	0.01726870612807364
1905.0330000000001	0.017267278687013818
1905.1760000000002	0.017267278687013818
1905.3210000000001	0.017265851245953992
1905.4640000000002	0.01726537543226738
1905.6080000000002	0.01726537543226738
1905.751	0.01726537543226738
1905.8960000000002	0.017264423804894166
1906.039	0.017264423804894166
1906.183	0.01726299636383434
1906.327	0.01726299636383434
1906.471	0.01726299636383434
1906.614	0.01726252055014773
1906.758	0.017261568922774514
1906.902	0.0172606172954013
1907.046	0.017259189854341474
1907.189	0.017257762413281648
1907.333	0.01725728659959504
1907.477	0.017256810785908433
1907.621	0.017255383344848607
1907.7640000000001	0.017253004276415566
1907.9080000000001	0.01725205264904235
1908.0520000000001	0.01725157683535574
1908.1950000000002	0.017250149394295918
1908.3410000000001	0.017249197766922703
1908.4840000000002	0.017249197766922703
1908.6280000000002	0.017248246139549485
1908.7720000000002	0.017248246139549485
1908.9160000000002	0.017248246139549485
1909.0600000000002	0.01724681869848966
1909.2050000000002	0.01724681869848966
1909.3480000000002	0.01724681869848966
1909.491	0.017248246139549485
1909.636	0.017249197766922703
1909.778	0.017249197766922703
1909.922	0.017250149394295918
1910.066	0.01725157683535574
1910.21	0.01725157683535574
1910.354	0.01725157683535574
1910.497	0.01725157683535574
1910.641	0.01725205264904235
1910.785	0.017253004276415566
1910.929	0.017255383344848607
1911.074	0.017256810785908433
1911.2160000000001	0.017256810785908433
1911.3600000000001	0.01725728659959504
1911.5040000000001	0.017257762413281648
1911.6480000000001	0.017259189854341474
1911.7910000000002	0.0172606172954013
1911.9350000000002	0.0172606172954013
1912.0790000000002	0.0172606172954013
1912.222	0.0172606172954013
1912.366	0.0172606172954013
1912.51	0.0172606172954013
1912.654	0.0172606172954013
1912.797	0.0172606172954013
1912.941	0.0172606172954013
1913.085	0.0172606172954013
1913.229	0.0172606172954013
1913.373	0.0172606172954013
1913.517	0.0172606172954013
1913.66	0.0172606172954013
1913.804	0.0172606172954013
1913.948	0.0172606172954013
1914.092	0.017261568922774514
1914.2350000000001	0.017261568922774514
1914.3790000000001	0.01726252055014773
1914.5230000000001	0.017261568922774514
1914.6670000000001	0.0172606172954013
1914.8100000000002	0.017259189854341474
1914.9540000000002	0.017259189854341474
1915.0980000000002	0.017259189854341474
1915.2420000000002	0.017259189854341474
1915.386	0.017259189854341474
1915.529	0.017257762413281648
1915.673	0.01725728659959504
1915.817	0.01725728659959504
1915.961	0.017256810785908433
1916.105	0.017256810785908433
1916.248	0.017256810785908433
1916.392	0.017256810785908433
1916.536	0.017256810785908433
1916.68	0.017254431717475392
1916.823	0.017254431717475392
1916.967	0.017254431717475392
1917.111	0.017254431717475392
1917.2540000000001	0.017254431717475392
1917.3980000000001	0.017254431717475392
1917.5420000000001	0.017254431717475392
1917.6860000000001	0.017254431717475392
1917.8300000000002	0.017256810785908433
1917.9740000000002	0.017256810785908433
1918.1170000000002	0.017256810785908433
1918.261	0.017256810785908433
1918.405	0.017256810785908433
1918.549	0.017256810785908433
1918.693	0.017256810785908433
1918.837	0.01725728659959504
1918.98	0.017257762413281648
1919.124	0.017257762413281648
1919.267	0.017259189854341474
1919.411	0.017259189854341474
1919.555	0.017259189854341474
1919.699	0.017261568922774514
1919.842	0.01726299636383434
1919.986	0.017264423804894166
1920.13	0.017267278687013814
1920.2740000000001	0.017269181941760248
1920.4180000000001	0.017270609382820074
1920.5610000000001	0.017272988451253114
1920.7050000000002	0.017272988451253114
1920.8490000000002	0.017272988451253114
1920.9930000000002	0.017272988451253114
1921.1370000000002	0.017270609382820074
1921.28	0.017269181941760248
1921.424	0.017269181941760248
1921.568	0.017267278687013814
1921.712	0.017264423804894166
1921.855	0.01726299636383434
1922.0	0.017261568922774514
1922.143	0.017259189854341474
1922.287	0.017257762413281648
1922.43	0.01725728659959504
1922.574	0.017256810785908433
1922.718	0.017256810785908433
1922.862	0.017254431717475392
1923.006	0.01725205264904235
1923.1490000000001	0.01725205264904235
1923.2930000000001	0.01725205264904235
1923.44	0.01725205264904235
1923.5810000000001	0.017250625207982526
1923.7240000000002	0.017249197766922703
1923.8680000000002	0.017248246139549485
1924.0120000000002	0.01724681869848966
1924.1560000000002	0.01724634288480305
1924.299	0.01724634288480305
1924.443	0.01724634288480305
1924.587	0.01724634288480305
1924.731	0.01724634288480305
1924.874	0.01724634288480305
1925.018	0.01724634288480305
1925.162	0.01724634288480305
1925.306	0.01724634288480305
1925.45	0.017245391257429833
1925.594	0.01724396381637001
1925.737	0.01724396381637001
1925.882	0.01724396381637001
1926.026	0.01724396381637001
1926.17	0.01724396381637001
1926.313	0.01724396381637001
1926.457	0.01724396381637001
1926.601	0.01724396381637001
1926.7450000000001	0.017245391257429833
1926.8880000000001	0.01724634288480305
1927.0320000000002	0.01724634288480305
1927.1760000000002	0.01724681869848966
1927.3200000000002	0.01724634288480305
1927.4630000000002	0.01724634288480305
1927.607	0.017245391257429833
1927.751	0.01724396381637001
1927.8960000000002	0.01724396381637001
1928.039	0.01724253637531019
1928.182	0.017241108934250363
1928.326	0.017240633120563755
1928.47	0.017240633120563755
1928.614	0.017240633120563755
1928.758	0.017239681493190537
1928.901	0.017238729865817322
1929.045	0.01723825405213071
1929.189	0.017236826611070885
1929.333	0.01723587498369767
1929.476	0.01723587498369767
1929.6200000000001	0.01723587498369767
1929.7640000000001	0.01723587498369767
1929.9070000000002	0.01723587498369767
1930.0510000000002	0.01723587498369767
1930.1950000000002	0.01723587498369767
1930.3390000000002	0.01723587498369767
1930.4830000000002	0.01723587498369767
1930.6270000000002	0.01723587498369767
1930.77	0.01723587498369767
1930.914	0.01723587498369767
1931.058	0.01723587498369767
1931.202	0.01723587498369767
1931.346	0.01723587498369767
1931.489	0.01723587498369767
1931.634	0.01723587498369767
1931.777	0.01723587498369767
1931.92	0.01723587498369767
1932.064	0.01723587498369767
1932.208	0.01723587498369767
1932.352	0.01723587498369767
1932.496	0.01723587498369767
1932.6390000000001	0.01723587498369767
1932.784	0.01723587498369767
1932.9270000000001	0.01723587498369767
1933.0710000000001	0.017236826611070885
1933.2150000000001	0.01723825405213071
1933.3580000000002	0.01723825405213071
1933.5020000000002	0.01723825405213071
1933.6460000000002	0.017238729865817322
1933.7900000000002	0.017239681493190537
1933.933	0.017240633120563755
1934.077	0.01724253637531019
1934.221	0.017245391257429833
1934.365	0.01724634288480305
1934.508	0.01724634288480305
1934.652	0.01724681869848966
1934.796	0.017248246139549485
1934.939	0.017249197766922703
1935.084	0.017250149394295918
1935.227	0.01725157683535574
1935.371	0.01725157683535574
1935.515	0.01725157683535574
1935.659	0.017250149394295918
1935.803	0.01725157683535574
1935.9460000000001	0.01725157683535574
1936.0900000000001	0.017250149394295918
1936.2340000000002	0.01725157683535574
1936.3780000000002	0.01725157683535574
1936.5210000000002	0.01725157683535574
1936.6650000000002	0.01725157683535574
1936.809	0.01725157683535574
1936.952	0.01725157683535574
1937.1000000000001	0.017250149394295918
1937.2430000000002	0.017249197766922703
1937.3880000000001	0.017248246139549485
1937.527	0.017247294512176266
1937.672	0.01724681869848966
1937.815	0.01724634288480305
1937.961	0.017245391257429833
1938.106	0.017245391257429833
1938.247	0.01724634288480305
1938.393	0.01724634288480305
1938.534	0.01724634288480305
1938.678	0.01724634288480305
1938.8220000000001	0.01724634288480305
1938.9650000000001	0.01724634288480305
1939.1090000000002	0.01724634288480305
1939.2530000000002	0.01724634288480305
1939.3970000000002	0.01724634288480305
1939.5400000000002	0.01724634288480305
1939.684	0.01724634288480305
1939.828	0.01724634288480305
1939.972	0.01724634288480305
1940.116	0.01724634288480305
1940.26	0.01724634288480305
1940.403	0.01724681869848966
1940.547	0.01724634288480305
1940.691	0.017245391257429833
1940.835	0.017243012188996792
1940.978	0.017241108934250363
1941.122	0.017241108934250363
1941.266	0.017241108934250363
1941.41	0.017239681493190537
1941.553	0.017238729865817322
1941.6970000000001	0.017238729865817322
1941.8410000000001	0.017238729865817322
1941.9840000000002	0.01723825405213071
1942.1290000000001	0.017236826611070885
1942.2720000000002	0.01723587498369767
1942.4180000000001	0.01723587498369767
1942.5600000000002	0.01723587498369767
1942.7040000000002	0.01723539917001106
1942.847	0.01723254428789141
1942.991	0.01723016521945837
1943.135	0.017229689405771763
1943.279	0.01722778615102533
1943.424	0.01722493126890568
1943.567	0.017223503827845855
1943.711	0.017221124759412815
1943.855	0.017217794063606556
1943.998	0.017216842436233337
1944.142	0.017216842436233337
1944.286	0.017216842436233337
1944.43	0.01721636662254673
1944.573	0.017215890808860122
1944.718	0.017214939181486907
1944.861	0.017214939181486907
1945.005	0.017213987554113692
1945.1490000000001	0.017213987554113692
1945.2930000000001	0.01721351174042708
1945.4360000000001	0.01721351174042708
1945.5800000000002	0.01721351174042708
1945.7240000000002	0.017212084299367256
1945.8680000000002	0.01721113267199404
1946.011	0.01721113267199404
1946.155	0.01721113267199404
1946.3000000000002	0.01721113267199404
1946.443	0.01721113267199404
1946.587	0.01721113267199404
1946.731	0.01721113267199404
1946.875	0.01721113267199404
1947.018	0.01721113267199404
1947.162	0.01721113267199404
1947.305	0.01721113267199404
1947.449	0.01721113267199404
1947.593	0.01721113267199404
1947.737	0.017212084299367256
1947.881	0.017212084299367256
1948.0240000000001	0.01721351174042708
1948.1680000000001	0.017213987554113692
1948.3120000000001	0.017214939181486907
1948.4560000000001	0.017214939181486907
1948.5990000000002	0.017214939181486907
1948.7430000000002	0.017215890808860122
1948.8870000000002	0.01721636662254673
1949.03	0.017216842436233337
1949.174	0.017216842436233337
1949.318	0.017216842436233337
1949.462	0.017216842436233337
1949.605	0.017216842436233337
1949.75	0.017216842436233337
1949.893	0.017216842436233337
1950.037	0.017216842436233337
1950.181	0.017216842436233337
1950.325	0.017216842436233337
1950.468	0.01721636662254673
1950.612	0.01721636662254673
1950.756	0.01721636662254673
1950.9	0.01721636662254673
1951.0430000000001	0.01721636662254673
1951.1870000000001	0.01721636662254673
1951.3310000000001	0.017215890808860122
1951.4750000000001	0.017215890808860122
1951.6180000000002	0.017214939181486907
1951.7620000000002	0.017214939181486907
1951.9060000000002	0.017215890808860122
1952.0500000000002	0.017215890808860122
1952.1940000000002	0.017215890808860122
1952.337	0.01721636662254673
1952.481	0.017216842436233337
1952.625	0.017216842436233337
1952.769	0.017216842436233337
1952.913	0.017217794063606556
1953.056	0.017221124759412815
1953.2	0.017221124759412815
1953.346	0.017221124759412815
1953.488	0.017223503827845855
1953.631	0.01722493126890568
1953.775	0.017228261964711937
1953.919	0.01723016521945837
1954.0620000000001	0.01723016521945837
1954.2060000000001	0.01723016521945837
1954.351	0.01723016521945837
1954.4940000000001	0.01723254428789141
1954.6370000000002	0.017236350797384278
1954.7820000000002	0.01723825405213071
1954.9250000000002	0.017240157306877148
1955.0690000000002	0.017243012188996792
1955.2130000000002	0.017245867071116444
1955.357	0.017247294512176266
1955.5	0.017247294512176266
1955.644	0.017247294512176266
1955.788	0.017248246139549485
1955.932	0.017249197766922703
1956.075	0.017250149394295918
1956.219	0.01725252846272896
1956.363	0.017255383344848607
1956.507	0.01725728659959504
1956.65	0.01726014148171469
1956.794	0.01726299636383434
1956.938	0.017264423804894166
1957.082	0.017266802873327207
1957.226	0.017268230314387033
1957.3700000000001	0.01726870612807364
1957.5130000000001	0.017270133569133463
1957.6570000000002	0.01727394007862633
1957.8010000000002	0.01727679496074598
1957.9450000000002	0.01727679496074598
1958.0880000000002	0.017277746588119196
1958.232	0.017278698215492414
1958.376	0.01727917402917902
1958.52	0.017280601470238847
1958.663	0.017281553097612062
1958.807	0.01728488379341832
1958.951	0.01728821448922458
1959.095	0.017289166116597796
1959.239	0.017291545185030836
1959.382	0.01729344843977727
1959.526	0.01729344843977727
1959.67	0.01729344843977727
1959.814	0.01729344843977727
1959.957	0.01729344843977727
1960.101	0.01729344843977727
1960.2450000000001	0.01729344843977727
1960.3890000000001	0.01729344843977727
1960.5330000000001	0.01729344843977727
1960.6770000000001	0.01729344843977727
1960.8200000000002	0.01729344843977727
1960.9650000000001	0.01729344843977727
1961.1100000000001	0.01729344843977727
1961.2530000000002	0.01729344843977727
1961.3960000000002	0.01729344843977727
1961.5400000000002	0.01729344843977727
1961.683	0.01729344843977727
1961.827	0.01729344843977727
1961.971	0.01729344843977727
1962.115	0.01729344843977727
1962.261	0.01729344843977727
1962.403	0.01729344843977727
1962.546	0.01729344843977727
1962.69	0.01729344843977727
1962.834	0.01729344843977727
1962.978	0.01729344843977727
1963.121	0.01729344843977727
1963.265	0.01729344843977727
1963.409	0.01729344843977727
1963.553	0.01729344843977727
1963.6960000000001	0.01729344843977727
1963.8400000000001	0.01729344843977727
1963.9840000000002	0.01729344843977727
1964.1280000000002	0.01729344843977727
1964.2720000000002	0.01729344843977727
1964.4160000000002	0.01729344843977727
1964.559	0.01729344843977727
1964.703	0.01729344843977727
1964.847	0.01729677913558353
1964.99	0.017299634017703177
1965.134	0.017299634017703177
1965.278	0.017301061458763003
1965.422	0.017301061458763003
1965.566	0.017301061458763003
1965.712	0.01730486796825587
1965.853	0.01730724703668891
1966.0	0.017308674477748736
1966.141	0.017310101918808562
1966.285	0.017312480987241603
1966.428	0.017316287496734466
1966.5720000000001	0.017316287496734466
1966.7150000000001	0.017319142378854114
1966.862	0.017325327956780025
1967.007	0.01733103772101932
1967.1470000000002	0.017332940975765754
1967.2910000000002	0.017332940975765754
1967.4350000000002	0.017332940975765754
1967.5790000000002	0.017332940975765754
1967.722	0.017332940975765754
1967.866	0.017332940975765754
1968.01	0.017332940975765754
1968.153	0.017332940975765754
1968.297	0.017332940975765754
1968.442	0.017332940975765754
1968.585	0.017332940975765754
1968.728	0.017332940975765754
1968.872	0.017332940975765754
1969.016	0.017332940975765754
1969.16	0.017332940975765754
1969.304	0.017332940975765754
1969.4470000000001	0.017332940975765754
1969.5910000000001	0.017332940975765754
1969.7350000000001	0.017332940975765754
1969.8790000000001	0.017332940975765754
1970.0220000000002	0.017332940975765754
1970.1660000000002	0.017332940975765754
1970.3100000000002	0.017332940975765754
1970.4540000000002	0.017332940975765754
1970.5980000000002	0.017332940975765754
1970.741	0.017332940975765754
1970.885	0.017332940975765754
1971.029	0.017333892603138973
1971.172	0.01733436841682558
1971.317	0.01733722329894523
1971.46	0.017339602367378273
1971.604	0.017341505622124706
1971.748	0.017346263758990788
1971.892	0.017350070268483654
1972.035	0.01735149770954348
1972.179	0.017352925150603302
1972.323	0.017356731660096165
1972.467	0.017361965610648858
1972.6100000000001	0.017368627002261376
1972.7540000000001	0.01737861908968015
1972.8980000000001	0.017385756294979272
1973.0420000000001	0.01739241768659179
1973.1850000000002	0.01740240977401056
1973.3290000000002	0.01740811953824986
1973.4730000000002	0.017409546979309687
1973.6170000000002	0.017410974420369513
1973.76	0.017413353488802553
1973.904	0.0174162083709222
1974.048	0.017422869762534716
1974.192	0.017428579526774013
1974.3380000000002	0.01743048278152045
1974.48	0.01743571673207314
1974.623	0.01744142649631244
1974.767	0.01744856370161156
1974.912	0.01745522509322408
1975.054	0.017459031602716946
1975.198	0.017461886484836597
1975.342	0.017462362298523205
1975.486	0.017463789739583027
1975.63	0.017467596249075894
1975.7730000000001	0.0174737818270018
1975.9170000000001	0.01749852413870543
1976.0610000000001	0.0175199357546028
1976.2050000000002	0.01752279063672245
1976.3480000000002	0.01752516970515549
1976.4920000000002	0.01752802458727514
1976.636	0.017541823184186782
1976.779	0.01755324271266538
1976.924	0.017555621781098422
1977.067	0.01756180735902433
1977.211	0.01756751712326363
1977.355	0.017569420378010063
1977.499	0.0175832189749217
1977.642	0.017604154777132466
1977.786	0.017636034294135218
1977.93	0.017705978906066632
1978.074	0.01806521823945587
1978.217	0.01949028023084761
1978.362	0.02273152306402309
1978.506	0.027268882379519473
1978.65	0.030171345867829873
1978.7930000000001	0.0311462881116902
1978.9370000000001	0.03194660673256529
1979.0810000000001	0.03265652075298482
1979.2250000000001	0.0334211533473643
1979.3690000000001	0.034158188747920495
1979.5130000000001	0.03481386000806668
1979.6560000000002	0.03534296482757507
1979.8000000000002	0.03629459220079159
1979.9440000000002	0.037591660310485706
1980.0880000000002	0.03834106686689372
1980.231	0.03871553223825443
1980.375	0.03917564407320462
1980.519	0.039545351307699234
1980.663	0.03982941207860437
1980.806	0.04011252122213628
1980.95	0.04035280713387346
1981.094	0.04071014321251626
1981.237	0.04146240465104392
1981.382	0.042427354807485475
1981.525	0.04310015536034956
1981.669	0.043579775556450685
1981.813	0.04401609670707046
1981.957	0.04436201325723467
1982.1000000000001	0.044687469818874725
1982.2440000000001	0.04503576543747197
1982.3880000000001	0.045376448037083475
1982.5320000000002	0.04568049298282616
1982.6760000000002	0.046526965531302256
1982.8190000000002	0.047650361645384366
1982.9630000000002	0.04828842779912605
1983.107	0.04866146572942692
1983.25	0.048999293446918786
1983.3970000000002	0.049363766730860716
1983.538	0.04967209399978287
1983.682	0.05001420404045421
1983.825	0.050383911274948824
1983.969	0.050714125973454954
1984.113	0.05191841041426047
1984.257	0.05337868261846122
1984.401	0.054132371498048705
1984.545	0.05464196795640615
1984.688	0.055062587255367855
1984.832	0.05540660055078564
1984.976	0.055778686853713295
1985.1200000000001	0.0561940722021223
1985.2630000000001	0.05655569060394459
1985.4070000000002	0.05696679362917413
1985.5510000000002	0.05824768407352357
1985.6950000000002	0.059675125133348356
1985.8380000000002	0.06033127220718115
1985.9830000000002	0.060842771920285026
1986.126	0.06131192421528077
1986.269	0.061892892726629456
1986.414	0.06240486825341995
1986.557	0.06284927823671208
1986.701	0.06339741560368478
1986.845	0.06397457760554061
1986.989	0.06567703897622497
1987.132	0.06735713710363873
1987.276	0.0679423879381669
1987.42	0.06852954202744149
1987.564	0.06912621239044825
1987.708	0.06973192321350058
1987.851	0.07002835514025751
1987.9950000000001	0.07008450115527728
1988.1390000000001	0.07022248712439369
1988.2820000000002	0.07047419256460946
1988.4270000000001	0.07120313913249332
1988.5700000000002	0.07214287116354463
1988.7150000000001	0.07285944657557666
1988.8580000000002	0.07346182670282274
1989.0020000000002	0.07371067726091886
1989.145	0.07408514263227955
1989.289	0.07475556411671061
1989.433	0.07509196439314264
1989.577	0.0754402600117399
1989.72	0.07636571763219296
1989.864	0.07775128708759621
1990.008	0.07872670514514316
1990.152	0.07926580205207032
1990.295	0.07974684968923126
1990.439	0.07996191747557818
1990.583	0.08036873817762827
1990.727	0.08101584479141549
1990.8700000000001	0.08138602783959673
1991.0140000000001	0.08171053277386356
1991.1580000000001	0.08254844067598072
1991.3020000000001	0.08378174975166933
1991.4460000000001	0.08461109300742752
1991.5900000000001	0.08515447223753415
1991.7330000000002	0.08570308541819348
1991.8770000000002	0.08593718575200474
1992.0210000000002	0.08630023159488684
1992.1650000000002	0.08691117636849185
1992.308	0.0872247375879667
1992.452	0.0874436118838065
1992.596	0.08835764997578098
1992.74	0.08955527302497396
1992.883	0.09018334709129687
1993.027	0.09069484680440076
1993.171	0.09126915392413693
1993.315	0.09156939236038673
1993.459	0.09203616558694944
1993.602	0.09266090895746609
1993.746	0.0930249064277214
1993.89	0.09323283700876922
1994.034	0.09416352857977499
1994.178	0.09536495813846084
1994.3210000000001	0.09585599786304057
1994.4650000000001	0.096341327823381
1994.6090000000002	0.09679002012985259
1994.7530000000002	0.09702078976785761
1994.8960000000002	0.09744664301737198
1995.0400000000002	0.09801952269604833
1995.184	0.0983340355428964
1995.327	0.09840778666432068
1995.471	0.09948883536029465
1995.615	0.10067694213575548
1995.759	0.1010009712563357
1995.903	0.10143634077958226
1996.048	0.10188408145868064
1996.191	0.10223428033202431
1996.335	0.10260160849808589
1996.479	0.10319256909685334
1996.623	0.10362841443378651
1996.766	0.10375926319760378
1996.91	0.10498781413642631
1997.054	0.10637814172869565
1997.198	0.10668789643867764
1997.3410000000001	0.10706474087847137
1997.4850000000001	0.10761287824544409
1997.6290000000001	0.10787314833201882
1997.7730000000001	0.10815149933868465
1997.9160000000002	0.10881145292201032
1998.0600000000002	0.10925110476843636
1998.207	0.10929868613709717
1998.352	0.11031549998537903
1998.4920000000002	0.1113970244950396
1998.636	0.11160685833083384
1998.78	0.11188283026906662
1998.923	0.11213881803246187
1999.0690000000002	0.1123814830126321
1999.2130000000002	0.11255420338087088
1999.354	0.11296768547453348
1999.498	0.11336736897128441
1999.642	0.11338925640086839
1999.786	0.11432803680454649
1999.929	0.115255397679746
2000.073	0.11540718224577404
2000.217	0.11574263089483285
2000.3600000000001	0.11610044278716225
2000.5040000000001	0.11631836545562885
2000.65	0.11642780260354874
2000.7920000000001	0.11681083262126839
2000.9350000000002	0.11717816078732997
2001.0800000000002	0.11727332352465164
2001.2230000000002	0.11833438804578805
2001.3670000000002	0.11936690374572798
2001.511	0.11944684044507817
2001.655	0.11961908499963037
2001.798	0.11991171041689444
2001.942	0.12013677029066015
2002.086	0.12029140973880784
2002.23	0.12064398768058457
2002.373	0.12096563773273175
2002.517	0.12109791393760885
2002.661	0.12183970747503112
2002.805	0.12263384051798029
2002.949	0.12289458641824164
2003.096	0.12311917047832073
2003.237	0.12326001132955677
2003.38	0.12349316003599481
2003.5230000000001	0.12383003612611346
2003.6670000000001	0.12403653926610145
2003.8110000000001	0.12414407315927492
2003.9550000000002	0.12449998179685792
2004.0990000000002	0.1250623935744289
2004.2430000000002	0.12547539985440484
2004.386	0.12567809648489997
2004.53	0.12599974653704715
2004.674	0.1262666780152344
2004.818	0.126324251471314
2004.961	0.1265264722881225
2005.105	0.12685668698662864
2005.249	0.12706556919504963
2005.393	0.12742195364631925
2005.537	0.12794201800578206
2005.68	0.12825748248000335
2005.824	0.12841402518289746
2005.968	0.12853868836878884
2006.112	0.12863052041030423
2006.255	0.1287946761321841
2006.3990000000001	0.1290145020553971
2006.5430000000001	0.1291938838152484
2006.6860000000001	0.1293261600201255
2006.8300000000002	0.12970776259678535
2006.9740000000002	0.13030633621453852
2007.1180000000002	0.1306332202172384
2007.2620000000002	0.13076787549054852
2007.4060000000002	0.13086303822787018
2007.549	0.13106050090781263
2007.693	0.13126510079305415
2007.837	0.131347892374524
2007.981	0.13149111229419308
2008.125	0.1316072108337255
2008.268	0.13191934461214055
2008.412	0.13224908349696007
2008.556	0.13238421458395677
2008.7	0.13251268427934104
2008.844	0.13253171682680537
2008.987	0.1326654204727423
2009.131	0.132798172491306
2009.275	0.13286383478005792
2009.4180000000001	0.13300039330811453
2009.5620000000001	0.13314741973727645
2009.7060000000001	0.133259711767316
2009.8500000000001	0.13340816563753777
2009.9930000000002	0.13354472416559435
2010.1370000000002	0.13366129851881337
2010.2810000000002	0.13378405844995828
2010.4250000000002	0.13389587466631125
2010.5690000000002	0.13404623179127945
2010.712	0.13424036377541562
2010.856	0.13438548694983116
2011.0	0.1344344957595518
2011.143	0.13494551965896906
2011.288	0.13566494995312078
2011.431	0.13590190516905168
2011.575	0.1359085665606642
2011.719	0.1360065841801055
2011.863	0.13618644175364342
2012.006	0.13629349983313027
2012.15	0.1364329132433065
2012.294	0.13663227917799536
2012.438	0.1367907251356359
2012.582	0.1371413998226662
2012.7250000000001	0.13743592849467673
2012.8690000000001	0.1374692354527393
2013.0130000000001	0.13751158287084744
2013.1570000000002	0.1375491721520895
2013.3010000000002	0.1377014325318041
2013.448	0.13792125845501713
2013.5890000000002	0.13809493045062915
2013.7330000000002	0.13826717500518132
2013.876	0.1383456842634717
2014.02	0.13855646972663915
2014.164	0.13880817516685495
2014.308	0.1390251462079483
2014.451	0.13924497213116133
2014.596	0.139320626507332
2014.739	0.13939104693295007
2014.883	0.13947716921022618
2015.026	0.1395704286928014
2015.17	0.13975409277583217
2015.314	0.13989778850918788
2015.458	0.14006860562268025
2015.602	0.14026511667524943
2015.746	0.14033981942404694
2015.8890000000001	0.14038454591058813
2016.0330000000001	0.14047257144261066
2016.1770000000001	0.14057629882629125
2016.3210000000001	0.14062673507707174
2016.4640000000002	0.14070524433536208
2016.6080000000002	0.14088129539940714
2016.7530000000002	0.1410406929844209
2016.8960000000002	0.14111587154690503
2017.039	0.1413238021279528
2017.183	0.14150556295623717
2017.327	0.1415707494313025
2017.471	0.14161785498627671
2017.615	0.1417320502710627
2017.758	0.1419271338825721
2017.902	0.14201563522828126
2018.046	0.14204846637265722
2018.189	0.14208367658546622
2018.334	0.1421759844406682
2018.477	0.14228637321596133
2018.621	0.1423939071091348
2018.765	0.14247669869060464
2018.909	0.14259136978907722
2019.0520000000001	0.14273506552243292
2019.1960000000001	0.1427736064310482
2019.3400000000001	0.14280738920279737
2019.4840000000002	0.14290683426329853
2019.6280000000002	0.14298439189421566
2019.7710000000002	0.14307146579886496
2019.9150000000002	0.14323419407968496
2020.059	0.1433683735393085
2020.203	0.14343118094594082
2020.346	0.14345164093446494
2020.49	0.1434887544020204
2020.634	0.14351920647796335
2020.778	0.14357820737510277
2020.921	0.14363245013537612
2021.065	0.14373237100956382
2021.209	0.14391175276941515
2021.353	0.14403118200475382
2021.496	0.1440987475482522
2021.64	0.14422436236151678
2021.784	0.14432761393151078
2021.928	0.1444213492277726
2022.0710000000001	0.14453887520836484
2022.2150000000001	0.1445698030979944
2022.3590000000002	0.14463832026886597
2022.5030000000002	0.14478820158014755
2022.6460000000002	0.1449623493894462
2022.7910000000002	0.14510128698593583
2022.934	0.14515505393252254
2023.078	0.14529399152901218
2023.222	0.1454762281709831
2023.366	0.14552999511756987
2023.509	0.14557567323148424
2023.653	0.14572603035645246
2023.797	0.14584736284653757
2023.941	0.14586972608980817
2024.084	0.14589875072469127
2024.228	0.1459539451123378
2024.372	0.1460105669410442
2024.516	0.1460405432033005
2024.66	0.14606005156445145
2024.803	0.14609478596357386
2024.9470000000001	0.14612285897108374
2025.0910000000001	0.14615902081126597
2025.2350000000001	0.1462361026284965
2025.3780000000002	0.14629986166250203
2025.5220000000002	0.14633031373844496
2025.6660000000002	0.14634887047222267
2025.8100000000002	0.14640501648724247
2025.953	0.1465463331521651
2026.097	0.1466433991442332
2026.241	0.14667765772966898
2026.384	0.1467142953835378
2026.529	0.1467376102541816
2026.672	0.14678376418178263
2026.816	0.14683277299150327
2026.96	0.14685466042108725
2027.104	0.14686370088113282
2027.248	0.14688273342859715
2027.391	0.14691461294559988
2027.535	0.14695933943214107
2027.679	0.14698693662596435
2027.823	0.14704926821891004
2027.9660000000001	0.14712539840876734
2028.1100000000001	0.14714252770148523
2028.2540000000001	0.1471463342109781
2028.4	0.14715394722996383
2028.5410000000002	0.1471748830321746
2028.6850000000002	0.1472724248379293
2028.8290000000002	0.14736758757525098
2028.9730000000002	0.14740660429755284
2029.116	0.14745894380307972
2029.26	0.14751413819072628
2029.404	0.14754363863929604
2029.548	0.1475935990763899
2029.691	0.14765307578721593
2029.835	0.14768971344108475
2029.979	0.1477667952583153
2030.123	0.14782532034176812
2030.267	0.14785672404508426
2030.41	0.14790763610955132
2030.555	0.14795331422346575
2030.698	0.14797567746673634
2030.843	0.1479842421130953
2030.987	0.14799994396475336
2031.13	0.14803467836387574
2031.2740000000001	0.1480617997440124
2031.4180000000001	0.14807559834092404
2031.5620000000001	0.1481027197210607
2031.7050000000002	0.14814078481598936
2031.8490000000002	0.14819026943939662
2031.9930000000002	0.1482459396407298
2032.1370000000002	0.1483139809979148
2032.28	0.14839153862883195
2032.424	0.14845339440809102
2032.568	0.1485209599515894
2032.712	0.14858281573084847
2032.856	0.14861802594365747
2032.999	0.14866417987125846
2033.143	0.14870414822093356
2033.287	0.14872222914102468
2033.431	0.14876172167701318
2033.574	0.14881263374148024
2033.718	0.1488606909238277
2033.862	0.1489254015852064
2034.006	0.14896251505276184
2034.151	0.14900391084349676
2034.295	0.1490467340752915
2034.4370000000001	0.14906481499538266
2034.5810000000001	0.14908717823865322
2034.7240000000002	0.14912857402938812
2034.871	0.1491713972611829
2035.015	0.14920993816979816
2035.159	0.14924990651947323
2035.303	0.14926798743956435
2035.443	0.14929272975126798
2035.587	0.14931366555347875
2035.731	0.1493393594925556
2035.875	0.1493693357548119
2036.019	0.14939740876232177
2036.162	0.14941786875084595
2036.306	0.1494250059561451
2036.45	0.14944451431729602
2036.594	0.14946640174688
2036.737	0.14948067615747826
2036.881	0.14949161987227025
2037.025	0.1495106524197346
2037.169	0.14954062868199092
2037.313	0.14956299192526148
2037.4560000000001	0.1495867826095919
2037.6000000000001	0.14964150118355185
2037.7440000000001	0.14968289697428677
2037.8870000000002	0.1497009778943779
2038.0310000000002	0.14972762346082794
2038.1750000000002	0.14974142205773955
2038.3190000000002	0.14979185830852004
2038.462	0.14984277037298716
2038.607	0.14984610106879342
2038.75	0.14990415033855958
2038.894	0.14996600611781868
2039.037	0.14997266750943122
2039.182	0.15000978097698664
2039.325	0.1500602172277671
2039.469	0.15010304045956185
2039.613	0.1501634687977611
2039.757	0.15019629994213707
2039.9	0.15019725156951028
2040.044	0.1502324617823193
2040.188	0.1502890836110257
2040.332	0.15031525336378915
2040.4750000000001	0.1503223905690883
2040.6190000000001	0.15033428591125347
2040.7630000000001	0.1503466570671053
2040.9070000000002	0.15035284264503118
2041.0510000000002	0.15037139937880892
2041.1940000000002	0.1503880528578402
2041.3380000000002	0.15039709331788575
2041.482	0.15041422261060367
2041.626	0.1504503844507859
2041.769	0.15047798164460918
2041.913	0.15048797373202794
2042.057	0.15049939326050654
2042.2040000000002	0.15051842580797087
2042.344	0.1505379341691218
2042.488	0.1505783783324835
2042.632	0.15062548388745772
2042.776	0.15064879875810153
2042.919	0.15067592013823822
2043.064	0.1506920978035829
2043.207	0.15069638012676237
2043.354	0.15071398523316687
2043.4940000000001	0.15074063079961691
2043.6390000000001	0.15075442939652856
2043.7820000000002	0.15076394567026075
2043.9260000000002	0.15077155868924647
2044.0700000000002	0.15077679263979915
2044.2140000000002	0.15078440565878487
2044.3580000000002	0.15079392193251706
2044.501	0.1508010591378162
2044.645	0.15082722889057965
2044.789	0.15085625352546272
2044.933	0.15086243910338865
2045.076	0.15087243119080743
2045.22	0.15088432653297262
2045.363	0.15089003629721193
2045.508	0.15089812512988426
2045.651	0.15090859303098964
2045.795	0.15093619022481292
2045.94	0.15096140835020316
2046.083	0.1509704488102487
2046.226	0.15098424740716038
2046.3700000000001	0.15099947344513182
2046.5140000000001	0.1510104171599238
2046.6580000000001	0.15101279622835687
2046.8010000000002	0.15102611901158192
2046.9450000000002	0.15104229667692656
2047.0890000000002	0.15104705481379263
2047.2330000000002	0.15106941805706325
2047.3770000000002	0.1510898780455874
2047.52	0.15109273292770703
2047.664	0.15110415245618564
2047.808	0.15112366081733658
2047.9520000000002	0.15114412080586073
2048.0950000000003	0.15115458870696613
2048.239	0.15115601614802593
2048.384	0.15116172591226523
2048.5280000000002	0.15117409706811705
2048.672	0.15118123427341618
2048.815	0.15118266171447603
2048.9590000000003	0.1511864682239689
2049.103	0.15119503287032782
2049.2470000000003	0.1512188235546582
2049.39	0.15126164678645296
2049.534	0.15128876816658965
2049.678	0.15129114723502268
2049.822	0.15130161513612805
2049.965	0.15131684117409955
2050.109	0.15134015604474335
2050.253	0.15137441463017914
2050.398	0.15139059229552382
2050.541	0.15139344717764347
2050.684	0.15139677787344974
2050.828	0.15139963275556936
2050.972	0.1514029634513756
2051.116	0.15140581833349528
2051.259	0.1514586336527088
2051.4030000000002	0.15151192478560893
2051.547	0.15153143314675988
2051.6910000000003	0.15155284476265724
2051.8340000000003	0.15155950615426972
2051.978	0.1515690224280019
2052.1220000000003	0.15159852287657163
2052.266	0.15162612007039492
2052.41	0.15163516053044046
2052.553	0.15164848331366548
2052.697	0.15166846748850304
2052.841	0.15167988701698162
2052.985	0.15169320980020665
2053.128	0.1517084358381781
2053.272	0.15171557304347727
2053.416	0.1517346055909416
2053.56	0.15175363813840592
2053.703	0.15176648510794433
2053.847	0.15178028370485597
2053.991	0.1517926548607078
2054.135	0.1518050260165596
2054.279	0.1518173971724114
2054.4230000000002	0.15184071204305521
2054.5660000000003	0.15186402691369905
2054.712	0.1518806803927303
2054.8540000000003	0.15189352736226874
2054.998	0.15191208409604648
2055.141	0.151932068270884
2055.285	0.1519596654647073
2055.429	0.15198488359009754
2055.573	0.15200344032387525
2055.717	0.15202580356714585
2055.86	0.15203722309562445
2056.004	0.1520467393693566
2056.147	0.15206291703470126
2056.291	0.15207957051373258
2056.435	0.15209146585589778
2056.579	0.15209955468857012
2056.723	0.15210288538437639
2056.867	0.15213191001925946
2057.01	0.1521680718594417
2057.154	0.15219995137644446
2057.2980000000002	0.15222802438395433
2057.442	0.15223658903031329
2057.585	0.1522475327451053
2057.7290000000003	0.1522817913305411
2057.873	0.1523160499159769
2058.0170000000003	0.15233222758132156
2058.161	0.1523407922276805
2058.304	0.15234221966874034
2058.451	0.15235316338353233
2058.592	0.1523807605773556
2058.736	0.1524083577711789
2058.88	0.1524269145049566
2059.024	0.1524430921703013
2059.167	0.15245831820827277
2059.311	0.15247972982417013
2059.455	0.15250304469481393
2059.598	0.15251779491909878
2059.743	0.15251779491909878
2059.886	0.15251779491909878
2060.03	0.15251779491909878
2060.174	0.15251779491909878
2060.317	0.15251779491909878
2060.4610000000002	0.15251779491909878
2060.605	0.15251779491909878
2060.7490000000003	0.15251779491909878
2060.8920000000003	0.15251779491909878
2061.036	0.15251779491909878
2061.1800000000003	0.15251779491909878
2061.324	0.15251779491909878
2061.467	0.15251779491909878
2061.6130000000003	0.15251779491909878
2061.756	0.15251779491909878
2061.899	0.15251779491909878
2062.042	0.15251779491909878
2062.186	0.15251779491909878
2062.331	0.15251779491909878
2062.475	0.15251779491909878
2062.62	0.15251779491909878
2062.765	0.15251779491909878
2062.905	0.15251779491909878
2063.049	0.15251779491909878
2063.193	0.15251779491909878
2063.3360000000002	0.15251779491909878
2063.48	0.15251779491909878
2063.6240000000003	0.15251779491909878
2063.768	0.15251779491909878
2063.911	0.15251779491909878
2064.0550000000003	0.15251779491909878
2064.199	0.15251779491909878
2064.3430000000003	0.15251779491909878
2064.486	0.15251779491909878
2064.63	0.15251779491909878
2064.774	0.15251779491909878
2064.918	0.15251779491909878
2065.061	0.15251779491909878
2065.205	0.15251779491909878
2065.349	0.15251779491909878
2065.493	0.15251779491909878
2065.636	0.15251779491909878
2065.782	0.15251779491909878
2065.925	0.15251779491909878
2066.071	0.15251779491909878
2066.213	0.15251779491909878
2066.357	0.15251779491909878
2066.5	0.15251779491909878
2066.6440000000002	0.15251779491909878
2066.788	0.15251779491909878
2066.9320000000002	0.15251779491909878
2067.076	0.15251779491909878
2067.219	0.15251779491909878
2067.3630000000003	0.15251779491909878
2067.506	0.15251779491909878
2067.6510000000003	0.15251779491909878
2067.795	0.15251779491909878
2067.938	0.15251779491909878
2068.082	0.15251779491909878
2068.226	0.15251779491909878
2068.369	0.15251779491909878
2068.513	0.15251779491909878
2068.657	0.15251779491909878
2068.801	0.15251779491909878
2068.945	0.15251779491909878
2069.088	0.15251779491909878
2069.232	0.15251779491909878
2069.376	0.15251779491909878
2069.52	0.15251779491909878
2069.664	0.15251779491909878
2069.8070000000002	0.15251779491909878
2069.951	0.15251779491909878
2070.0950000000003	0.15251779491909878
2070.239	0.15251779491909878
2070.3830000000003	0.15251779491909878
2070.5260000000003	0.15251779491909878
2070.67	0.15251779491909878
2070.8140000000003	0.15251779491909878
2070.958	0.15251779491909878
2071.101	0.15251779491909878
2071.2490000000003	0.15251779491909878
2071.389	0.15251779491909878
2071.533	0.15251779491909878
2071.676	0.15251779491909878
2071.82	0.15251779491909878
2071.964	0.15251779491909878
2072.107	0.15251779491909878
2072.251	0.15251779491909878
2072.395	0.15251779491909878
2072.539	0.15251779491909878
2072.683	0.15251779491909878
2072.827	0.15251779491909878
2072.971	0.15251779491909878
2073.1150000000002	0.15251779491909878
2073.2580000000003	0.15251779491909878
2073.405	0.15251779491909878
2073.544	0.15251779491909878
2073.6890000000003	0.15251779491909878
2073.833	0.15251779491909878
2073.977	0.15251779491909878
2074.121	0.15251779491909878
2074.264	0.15251779491909878
2074.408	0.15251779491909878
2074.552	0.15251779491909878
2074.696	0.15251779491909878
2074.839	0.15251779491909878
2074.983	0.15251779491909878
2075.128	0.15251779491909878
2075.271	0.15251779491909878
2075.414	0.15251779491909878
2075.558	0.15251779491909878
2075.702	0.15251779491909878
2075.846	0.15251779491909878
2075.989	0.15251779491909878
2076.1330000000003	0.15251779491909878
2076.277	0.15251779491909878
2076.4210000000003	0.15251779491909878
2076.5640000000003	0.15251779491909878
2076.708	0.15251779491909878
2076.852	0.15251779491909878
2076.996	0.15251779491909878
2077.139	0.15251779491909878
2077.284	0.15251779491909878
2077.427	0.15251779491909878
2077.571	0.15251779491909878
2077.715	0.15251779491909878
2077.859	0.15251779491909878
2078.002	0.15251779491909878
2078.146	0.15251779491909878
2078.29	0.15251779491909878
2078.434	0.15251779491909878
2078.578	0.15251779491909878
2078.721	0.15251779491909878
2078.8650000000002	0.15251779491909878
2079.009	0.15251779491909878
2079.1530000000002	0.15251779491909878
2079.2960000000003	0.15251779491909878
2079.44	0.15251779491909878
2079.5840000000003	0.15251779491909878
2079.728	0.15251779491909878
2079.871	0.15251779491909878
2080.015	0.15251779491909878
2080.159	0.15251779491909878
2080.304	0.15251779491909878
2080.447	0.15251779491909878
2080.59	0.15251779491909878
2080.734	0.15251779491909878
2080.878	0.15251779491909878
2081.022	0.15251779491909878
2081.165	0.15251779491909878
2081.309	0.15251779491909878
2081.453	0.15251779491909878
2081.597	0.15251779491909878
2081.741	0.15251779491909878
2081.884	0.15251779491909878
2082.0280000000002	0.15251779491909878
2082.172	0.15251779491909878
2082.3160000000003	0.15251779491909878
2082.4590000000003	0.15251779491909878
2082.603	0.15251779491909878
2082.7470000000003	0.15251779491909878
2082.891	0.15251779491909878
2083.034	0.15257394093411858
2083.178	0.15257394093411858
2083.323	0.15257394093411858
2083.467	0.15257394093411858
2083.61	0.15257394093411858
2083.755	0.15257394093411858
2083.898	0.15257394093411858
2084.042	0.15257394093411858
2084.185	0.15257394093411858
2084.329	0.15257536837517838
2084.473	0.15261390928379365
2084.617	0.15261390928379365
2084.761	0.15261390928379365
2084.905	0.15261390928379365
2085.0480000000002	0.1526072478921811
2085.192	0.1525644246603864
2085.3360000000002	0.1525244563107113
2085.48	0.1525244563107113
2085.6240000000003	0.15251208515485948
2085.7670000000003	0.1524940042347684
2085.911	0.1524940042347684
2086.0550000000003	0.1524940042347684
2086.199	0.1524844879610362
2086.342	0.1524844879610362
2086.486	0.15247497168730403
2086.63	0.15247497168730403
2086.774	0.15246878610937814
2086.92	0.15246878610937814
2087.062	0.1524668828546317
2087.205	0.1524668828546317
2087.349	0.1524668828546317
2087.492	0.1524668828546317
2087.636	0.15246450378619866
2087.78	0.15246450378619866
2087.924	0.15246450378619866
2088.067	0.15246450378619866
2088.2110000000002	0.15246450378619866
2088.355	0.15246450378619866
2088.5	0.15246450378619866
2088.6420000000003	0.15246450378619866
2088.786	0.15246450378619866
2088.9300000000003	0.15246450378619866
2089.074	0.15246450378619866
2089.2180000000003	0.15246450378619866
2089.3650000000002	0.15246450378619866
2089.5080000000003	0.15246450378619866
2089.649	0.15246450378619866
2089.795	0.15246450378619866
2089.937	0.15246450378619866
2090.08	0.15246450378619866
2090.225	0.15246450378619866
2090.369	0.15246450378619866
2090.515	0.15246450378619866
2090.655	0.15246450378619866
2090.799	0.15246450378619866
2090.943	0.15246450378619866
2091.087	0.15246450378619866
2091.231	0.15246450378619866
2091.3740000000003	0.15246450378619866
2091.518	0.15246450378619866
2091.6620000000003	0.15246450378619866
2091.8050000000003	0.15246450378619866
2091.9500000000003	0.15246450378619866
2092.0930000000003	0.15246450378619866
2092.237	0.15246450378619866
2092.38	0.15246450378619866
2092.525	0.15246450378619866
2092.668	0.15246450378619866
2092.812	0.15246450378619866
2092.956	0.15246450378619866
2093.1	0.15246450378619866
2093.243	0.15246450378619866
2093.387	0.15246450378619866
2093.531	0.15246450378619866
2093.675	0.15246450378619866
2093.819	0.15246450378619866
2093.962	0.15246450378619866
2094.106	0.152461648904079
2094.25	0.15245451169877988
2094.3940000000002	0.1524454712387343
2094.5370000000003	0.15244118891555486
2094.681	0.15243880984712183
2094.8250000000003	0.15243880984712183
2094.969	0.15243880984712183
2095.112	0.1524364307786888
2095.256	0.1524364307786888
2095.4	0.1524364307786888
2095.544	0.1524364307786888
2095.687	0.1524364307786888
2095.831	0.1524364307786888
2095.975	0.1524364307786888
2096.119	0.1524364307786888
2096.262	0.1524364307786888
2096.406	0.1524364307786888
2096.55	0.1524364307786888
2096.694	0.1524364307786888
2096.839	0.1524364307786888
2096.982	0.1524364307786888
2097.125	0.1524364307786888
2097.2690000000002	0.1524364307786888
2097.413	0.1524364307786888
2097.5570000000002	0.1524364307786888
2097.7000000000003	0.1524364307786888
2097.844	0.1524364307786888
2097.9880000000003	0.1524364307786888
2098.132	0.1524364307786888
2098.2760000000003	0.1524364307786888
2098.419	0.1524364307786888
2098.563	0.1524364307786888
2098.707	0.1524364307786888
2098.851	0.1524364307786888
2098.994	0.1524364307786888
2099.138	0.1524364307786888
2099.282	0.1524364307786888
2099.426	0.1524364307786888
2099.569	0.1524364307786888
2099.713	0.1524364307786888
2099.857	0.1524364307786888
2100.001	0.1524364307786888
2100.1440000000002	0.1524364307786888
2100.288	0.1524364307786888
2100.4320000000002	0.1524364307786888
2100.576	0.1524364307786888
2100.721	0.1524364307786888
2100.8650000000002	0.1524364307786888
2101.0080000000003	0.1524364307786888
2101.152	0.1524364307786888
2101.2960000000003	0.1524364307786888
2101.44	0.1524364307786888
2101.583	0.1524364307786888
2101.727	0.1524364307786888
2101.871	0.1524364307786888
2102.014	0.1524364307786888
2102.158	0.1524364307786888
2102.302	0.1524364307786888
2102.446	0.1524364307786888
2102.59	0.1524364307786888
2102.733	0.1524364307786888
2102.877	0.1524364307786888
2103.021	0.1524364307786888
2103.165	0.1524364307786888
2103.308	0.1524364307786888
2103.455	0.1524364307786888
2103.596	0.1524364307786888
2103.7400000000002	0.1524364307786888
2103.8830000000003	0.1524364307786888
2104.027	0.1524364307786888
2104.1710000000003	0.1524364307786888
2104.315	0.1524364307786888
2104.458	0.1524364307786888
2104.602	0.1524364307786888
2104.746	0.1524364307786888
2104.89	0.1524364307786888
2105.034	0.1524364307786888
2105.178	0.1524364307786888
2105.321	0.1524364307786888
2105.466	0.1524364307786888
2105.609	0.1524364307786888
2105.753	0.1524364307786888
2105.896	0.1524364307786888
2106.04	0.1524364307786888
2106.184	0.1524364307786888
2106.328	0.1524364307786888
2106.472	0.1524364307786888
2106.6150000000002	0.1524364307786888
2106.759	0.1524364307786888
2106.9030000000002	0.1524364307786888
2107.047	0.1524364307786888
2107.19	0.1524364307786888
2107.3340000000003	0.1524364307786888
2107.478	0.1524364307786888
2107.6220000000003	0.1524364307786888
2107.765	0.1524364307786888
2107.909	0.1524364307786888
2108.053	0.1524364307786888
2108.197	0.1524364307786888
2108.341	0.1524364307786888
2108.484	0.1524364307786888
2108.628	0.1524364307786888
2108.771	0.1524364307786888
2108.916	0.1524364307786888
2109.059	0.1524364307786888
2109.203	0.1524364307786888
2109.347	0.1524364307786888
2109.491	0.1524364307786888
2109.635	0.1524364307786888
2109.7780000000002	0.1524364307786888
2109.922	0.1524364307786888
2110.0660000000003	0.15243880984712183
2110.21	0.15244118891555486
2110.353	0.1524454712387343
2110.4970000000003	0.15245451169877988
2110.641	0.152461648904079
2110.785	0.15246450378619866
2110.928	0.1524668828546317
2111.072	0.15246878610937814
2111.216	0.1524730684325576
2111.36	0.1524773507557371
2111.503	0.1524787781967969
2111.647	0.15248068145154334
2111.791	0.15248068145154334
2111.935	0.15248068145154334
2112.078	0.15248068145154334
2112.223	0.15248068145154334
2112.366	0.15248068145154334
2112.51	0.15248068145154334
2112.6530000000002	0.15248068145154334
2112.7980000000002	0.15248068145154334
2112.9410000000003	0.15248068145154334
2113.085	0.15248068145154334
2113.2290000000003	0.15248068145154334
2113.3720000000003	0.15248068145154334
2113.518	0.15248068145154334
2113.66	0.15248068145154334
2113.804	0.15248068145154334
2113.948	0.1524844879610362
2114.091	0.1524940042347684
2114.235	0.1525011414400675
2114.379	0.1525011414400675
2114.523	0.1525011414400675
2114.667	0.1525011414400675
2114.81	0.1525011414400675
2114.955	0.1525011414400675
2115.099	0.1525011414400675
2115.242	0.1525011414400675
2115.385	0.1525011414400675
2115.529	0.1525011414400675
2115.6730000000002	0.1525011414400675
2115.817	0.1525011414400675
2115.96	0.1525011414400675
2116.1040000000003	0.1525011414400675
2116.248	0.1525011414400675
2116.3920000000003	0.1525011414400675
2116.535	0.1525011414400675
2116.679	0.1525011414400675
2116.8250000000003	0.1525011414400675
2116.967	0.1525011414400675
2117.111	0.1525011414400675
2117.254	0.1525011414400675
2117.398	0.1525011414400675
2117.542	0.1525011414400675
2117.686	0.1525011414400675
2117.83	0.1525011414400675
2117.973	0.1525011414400675
2118.117	0.1525011414400675
2118.262	0.1525011414400675
2118.408	0.1525011414400675
2118.551	0.1525011414400675
2118.696	0.15250209306744072
2118.839	0.15250209306744072
2118.984	0.15250209306744072
2119.1240000000003	0.15250875445905324
2119.268	0.15252017398753182
2119.4120000000003	0.15252017398753182
2119.556	0.15252588375177112
2119.699	0.15252731119283094
2119.8430000000003	0.15253159351601042
2119.987	0.15253730328024973
2120.131	0.15254634374029527
2120.274	0.15255538420034082
2120.418	0.15256109396458015
2120.562	0.15257394093411858
2120.706	0.15258488464891057
2120.85	0.15258773953103022
2120.994	0.15259535255001594
2121.137	0.15260201394162842
2121.281	0.1526072478921811
2121.425	0.15261248184273382
2121.569	0.15261390928379365
2121.712	0.1526181916069731
2121.856	0.1526224739301526
2121.9990000000003	0.15262390137121246
2122.1440000000002	0.1526277078807053
2122.288	0.15263436927231783
2122.431	0.15264293391867678
2122.5750000000003	0.15265007112397588
2122.719	0.15265245019240892
2122.8630000000003	0.15266053902508125
2123.006	0.15267576506305275
2123.15	0.15268290226835185
2123.294	0.15268337808203847
2123.438	0.15268385389572506
2123.581	0.15268766040521792
2123.725	0.15269812830632334
2123.869	0.15270954783480192
2124.013	0.15272191899065374
2124.156	0.15272191899065374
2124.3	0.15272191899065374
2124.444	0.15272191899065374
2124.588	0.15272191899065374
2124.731	0.15272191899065374
2124.875	0.15272191899065374
2125.0190000000002	0.15272191899065374
2125.163	0.15272191899065374
2125.3070000000002	0.15272191899065374
2125.4500000000003	0.15272191899065374
2125.594	0.15272191899065374
2125.7380000000003	0.15272191899065374
2125.882	0.15272191899065374
2126.0260000000003	0.15272191899065374
2126.169	0.15272191899065374
2126.313	0.15272191899065374
2126.457	0.15272191899065374
2126.601	0.15272191899065374
2126.744	0.15272191899065374
2126.888	0.15272191899065374
2127.032	0.15272191899065374
2127.176	0.15272191899065374
2127.319	0.15272191899065374
2127.463	0.15272191899065374
2127.607	0.15272191899065374
2127.751	0.15272191899065374
2127.8940000000002	0.15272191899065374
2128.038	0.15272191899065374
2128.1820000000002	0.15272191899065374
2128.326	0.15272191899065374
2128.469	0.15272191899065374
2128.614	0.15272191899065374
2128.757	0.15272191899065374
2128.902	0.1527314352643859
2129.044	0.15273333851913232
2129.1890000000003	0.15273904828337162
2129.332	0.15274999199816364
2129.476	0.15275903245820918
2129.62	0.15276331478138866
2129.764	0.15276902454562796
2129.908	0.15277521012355386
2130.051	0.15277663756461368
2130.195	0.15277806500567348
2130.339	0.15278091988779313
2130.483	0.15278567802465923
2130.626	0.15279233941627174
2130.77	0.15280471057212358
2130.914	0.15281755754166199
2131.058	0.1528232673059013
2131.201	0.15282754962908077
2131.3450000000003	0.15283135613857363
2131.489	0.1528361142754397
2131.6330000000003	0.15284134822599238
2131.7760000000003	0.15284277566705223
2131.92	0.15285942914608353
2132.0640000000003	0.15287608262511482
2132.208	0.15287655843880144
2132.351	0.15287703425248803
2132.495	0.15287846169354785
2132.639	0.1528813165756675
2132.783	0.15288274401672733
2132.926	0.1528851230851604
2133.07	0.15288892959465322
2133.214	0.15289701842732556
2133.358	0.1529051072599979
2133.504	0.1529093895831774
2133.646	0.1529146235337301
2133.789	0.1529170026021631
2133.933	0.1529174784158497
2134.077	0.15291938167059616
2134.221	0.15292318818008904
2134.3650000000002	0.1529274705032685
2134.5080000000003	0.15293032538538814
2134.652	0.1529331802675078
2134.7960000000003	0.15293651096331407
2134.94	0.1529388900317471
2135.083	0.1529398416591203
2135.227	0.15294697886441944
2135.371	0.15295411606971857
2135.515	0.15295982583395787
2135.658	0.15297172117612307
2135.803	0.15298647140040791
2135.947	0.15299551186045346
2136.091	0.15299598767414008
2136.234	0.15300122162469276
2136.378	0.15300740720261868
2136.522	0.15301168952579816
2136.666	0.1530193025447839
2136.81	0.15302358486796336
2136.953	0.1530316737006357
2137.097	0.15304214160174112
2137.241	0.15304452067017416
2137.385	0.15304594811123398
2137.5280000000002	0.15305070624810005
2137.672	0.1530540369439063
2137.8160000000003	0.15306069833551883
2137.96	0.15306831135450455
2138.1040000000003	0.1530697387955644
2138.248	0.1530711662366242
2138.391	0.1530721178639974
2138.535	0.15307497274611703
2138.679	0.1530783034419233
2138.822	0.1530892471567153
2138.966	0.1531001908715073
2139.11	0.1531001908715073
2139.254	0.15310447319468679
2139.397	0.15310827970417962
2139.541	0.15310827970417962
2139.685	0.15310827970417962
2139.829	0.15310827970417962
2139.972	0.15310827970417962
2140.116	0.15310827970417962
2140.26	0.15310827970417962
2140.404	0.15310827970417962
2140.547	0.15310827970417962
2140.692	0.15310827970417962
2140.835	0.15310827970417962
2140.9790000000003	0.15310827970417962
2141.123	0.15310827970417962
2141.2670000000003	0.15310827970417962
2141.41	0.15310827970417962
2141.554	0.15310827970417962
2141.698	0.15310827970417962
2141.842	0.15310827970417962
2141.985	0.15310827970417962
2142.129	0.15310827970417962
2142.273	0.15310827970417962
2142.417	0.15310827970417962
2142.561	0.15310827970417962
2142.704	0.15310827970417962
2142.849	0.15310875551786624
2142.993	0.1531111345862993
2143.136	0.15311351365473236
2143.279	0.15311398946841895
2143.4230000000002	0.15312065086003146
2143.567	0.15312731225164397
2143.7110000000002	0.15312731225164397
2143.8540000000003	0.15312778806533056
2143.998	0.15313778015274937
2144.1420000000003	0.153151578749661
2144.286	0.1531587159549601
2144.429	0.1531629982781396
2144.573	0.15316537734657265
2144.717	0.15316728060131907
2144.861	0.15317013548343872
2145.005	0.15317489362030481
2145.148	0.15317870012979767
2145.292	0.15318155501191733
2145.436	0.15318440989403695
2145.58	0.15318869221721643
2145.724	0.15319440198145573
2145.867	0.15320058755938165
2146.011	0.15320486988256116
2146.155	0.15320534569624775
2146.299	0.15320677313730757
2146.443	0.15320915220574058
2146.5860000000002	0.1532101038331138
2146.73	0.1532105796468004
2146.8740000000003	0.15321343452892006
2147.018	0.1532162894110397
2147.161	0.1532177168520995
2147.3050000000003	0.15321866847947274
2147.449	0.15322247498896563
2147.592	0.15322247498896563
2147.737	0.15322818475320493
2147.88	0.153232942890071
2148.024	0.153232942890071
2148.167	0.15324245916380316
2148.312	0.1532505479964755
2148.4590000000003	0.1532505479964755
2148.599	0.1532505479964755
2148.743	0.153257209388088
2148.887	0.15326291915232731
2149.03	0.15326434659338714
2149.174	0.1532672014755068
2149.318	0.15327338705343269
2149.462	0.15327862100398537
2149.606	0.15328100007241846
2149.7490000000003	0.15328670983665776
2149.893	0.15329384704195687
2150.0370000000003	0.15329765355144973
2150.181	0.15330146006094258
2150.324	0.1533057423841221
2150.4680000000003	0.15331097633467478
2150.612	0.15332096842209353
2150.756	0.1533300088821391
2150.899	0.1533300088821391
2151.043	0.15333476701900517
2151.187	0.15334428329273736
2151.331	0.15334428329273736
2151.474	0.15335570282121594
2151.618	0.1533652190949481
2151.762	0.15337378374130706
2151.906	0.15337759025079992
2152.049	0.15337996931923295
2152.193	0.1533833000150392
2152.337	0.15338615489715884
2152.481	0.15338710652453208
2152.6240000000003	0.1533890097792785
2152.7690000000002	0.1533947195435178
2152.9120000000003	0.15339995349407048
2153.056	0.15340804232674285
2153.2000000000003	0.153428502315267
2153.3450000000003	0.15344277672586526
2153.4880000000003	0.15344420416692509
2153.632	0.1534465832353581
2153.7760000000003	0.15344896230379113
2153.92	0.15346989810600192
2154.0640000000003	0.15349130972189928
2154.207	0.15351605203360294
2154.351	0.1535422217863664
2154.495	0.15354793155060567
2154.639	0.15356743991175661
2154.782	0.15359313385083345
2154.926	0.15360502919299868
2155.07	0.15361930360359688
2155.214	0.1536307231320755
2155.357	0.15363167475944872
2155.501	0.1536426184742407
2155.645	0.15365498963009253
2155.791	0.1536654575311979
2155.9320000000002	0.1536778286870497
2156.076	0.15368496589234887
2156.2200000000003	0.15369115147027473
2156.364	0.15370114355769354
2156.5080000000003	0.15370875657667926
2156.652	0.15371256308617212
2156.795	0.15371827285041142
2156.94	0.15373064400626324
2157.0840000000003	0.153740636093682
2157.227	0.1537411119073686
2157.37	0.1537449184168615
2157.514	0.1537449184168615
2157.658	0.1537449184168615
2157.802	0.1537449184168615
2157.945	0.1537449184168615
2158.089	0.1537449184168615
2158.233	0.1537449184168615
2158.377	0.1537449184168615
2158.52	0.1537449184168615
2158.664	0.1537449184168615
2158.808	0.1537449184168615
2158.952	0.1537449184168615
2159.0950000000003	0.1537449184168615
2159.239	0.1537449184168615
2159.3830000000003	0.1537449184168615
2159.527	0.1537449184168615
2159.67	0.1537568137590267
2159.815	0.1537568137590267
2159.958	0.1537568137590267
2160.102	0.15376775747381868
2160.245	0.15376775747381868
2160.39	0.15376775747381868
2160.533	0.15376775747381868
2160.677	0.15376775747381868
2160.821	0.15376775747381868
2160.965	0.15376775747381868
2161.108	0.15376775747381868
2161.252	0.15376775747381868
2161.396	0.15376775747381868
2161.54	0.15376775747381868
2161.683	0.1537748946791178
2161.827	0.1537796528159839
2161.971	0.15378345932547677
2162.1150000000002	0.15378679002128304
2162.259	0.15378821746234284
2162.402	0.15379012071708925
2162.5460000000003	0.1537920239718357
2162.69	0.15379440304026876
2162.8340000000003	0.15379820954976162
2162.977	0.15380106443188127
2163.121	0.15380154024556789
2163.265	0.15380487094137416
2163.413	0.15381153233298667
2163.552	0.15381676628353932
2163.696	0.15381819372459915
2163.84	0.15382057279303218
2163.984	0.15382295186146522
2164.127	0.1538262825572715
2164.272	0.1538319923215108
2164.415	0.15383437138994385
2164.559	0.1538362746446903
2164.705	0.15384293603630278
2164.849	0.1538491216142287
2164.993	0.15385054905528853
2165.137	0.15385245231003497
2165.2780000000002	0.1538543555647814
2165.4230000000002	0.1538557830058412
2165.5660000000003	0.15385816207427427
2165.7110000000002	0.15385958951533407
2165.857	0.1538600653290207
2165.9970000000003	0.15386101695639393
2166.141	0.15386244439745372
2166.284	0.15386387183851358
2166.428	0.15386862997537964
2166.572	0.1538729122985591
2166.716	0.15387481555330554
2166.859	0.15387909787648502
2167.003	0.1538829043859779
2167.147	0.1538843318270377
2167.29	0.15389099321865024
2167.434	0.15389717879657613
2167.578	0.15389908205132258
2167.722	0.153900985306069
2167.8650000000002	0.15390384018818865
2168.01	0.15392287273565297
2168.1530000000002	0.15394238109680394
2168.297	0.15394238109680394
2168.4410000000003	0.15394238109680394
2168.585	0.15394238109680394
2168.728	0.15394238109680394
2168.8720000000003	0.15394238109680394
2169.016	0.15394238109680394
2169.16	0.15394238109680394
2169.304	0.15394238109680394
2169.447	0.15394238109680394
2169.591	0.15394238109680394
2169.735	0.15394238109680394
2169.879	0.15394238109680394
2170.022	0.15394238109680394
2170.166	0.15394238109680394
2170.31	0.1539518973705361
2170.454	0.153958082948462
2170.597	0.153958082948462
2170.742	0.15395951038952183
2170.886	0.15395951038952183
2171.031	0.15396141364426824
2171.174	0.15396141364426824
2171.317	0.15396141364426824
2171.4610000000002	0.15396141364426824
2171.605	0.15396141364426824
2171.748	0.15396141364426824
2171.8920000000003	0.15396141364426824
2172.036	0.15396141364426824
2172.1800000000003	0.15396141364426824
2172.324	0.15396141364426824
2172.4680000000003	0.15396141364426824
2172.611	0.15396141364426824
2172.755	0.15396141364426824
2172.899	0.15396141364426824
2173.043	0.15396141364426824
2173.186	0.15396141364426824
2173.33	0.15396141364426824
2173.474	0.15396141364426824
2173.618	0.15396141364426824
2173.762	0.15396141364426824
2173.905	0.15396141364426824
2174.049	0.15396855084956737
2174.193	0.1539756880548665
2174.337	0.15397759130961292
2174.48	0.15397997037804595
2174.6240000000003	0.15398092200541919
2174.768	0.15398092200541919
2174.9120000000003	0.15398092200541919
2175.0550000000003	0.15398092200541919
2175.199	0.15398092200541919
2175.3430000000003	0.15398092200541919
2175.486	0.15398092200541919
2175.63	0.15398092200541919
2175.774	0.15398092200541919
2175.918	0.15398092200541919
2176.062	0.15398092200541919
2176.206	0.15398092200541919
2176.349	0.15398092200541919
2176.493	0.15398092200541919
2176.637	0.15398092200541919
2176.781	0.15398092200541919
2176.925	0.15398092200541919
2177.068	0.15398092200541919
2177.212	0.15398092200541919
2177.356	0.15398092200541919
2177.5	0.15398092200541919
2177.643	0.15398092200541919
2177.7870000000003	0.15398092200541919
2177.931	0.15398377688753884
2178.0750000000003	0.15398805921071831
2178.2180000000003	0.15398805921071831
2178.362	0.1539923415338978
2178.5080000000003	0.15399614804339065
2178.65	0.15399757548445048
2178.793	0.1539980512981371
2178.937	0.1539980512981371
2179.081	0.1539990029255103
2179.225	0.15400043036657013
2179.368	0.15400233362131655
2179.513	0.15400471268974958
2179.656	0.15400614013080943
2179.8	0.15400851919924247
2179.943	0.1540108982676755
2180.087	0.1540108982676755
2180.231	0.1540108982676755
2180.375	0.1540108982676755
2180.5190000000002	0.1540108982676755
2180.663	0.1540108982676755
2180.806	0.1540108982676755
2180.9500000000003	0.1540108982676755
2181.094	0.1540108982676755
2181.2380000000003	0.1540108982676755
2181.381	0.1540108982676755
2181.525	0.1540108982676755
2181.67	0.1540108982676755
2181.813	0.1540108982676755
2181.956	0.1540108982676755
2182.1	0.1540108982676755
2182.244	0.1540108982676755
2182.388	0.1540108982676755
2182.532	0.1540108982676755
2182.675	0.1540108982676755
2182.819	0.1540108982676755
2182.963	0.1540108982676755
2183.107	0.1540108982676755
2183.25	0.1540108982676755
2183.3940000000002	0.1540108982676755
2183.538	0.1540108982676755
2183.6820000000002	0.1540108982676755
2183.8250000000003	0.1540108982676755
2183.9700000000003	0.1540108982676755
2184.1130000000003	0.1540108982676755
2184.257	0.1540108982676755
2184.4010000000003	0.1540108982676755
2184.544	0.1540108982676755
2184.688	0.1540108982676755
2184.832	0.1540108982676755
2184.976	0.1540108982676755
2185.12	0.1540108982676755
2185.263	0.1540108982676755
2185.407	0.1540108982676755
2185.551	0.15400851919924247
2185.695	0.15400851919924247
2185.838	0.15400851919924247
2185.982	0.15400851919924247
2186.126	0.15400851919924247
2186.27	0.15400851919924247
2186.413	0.15400851919924247
2186.5570000000002	0.15400851919924247
2186.701	0.15400851919924247
2186.8450000000003	0.15400851919924247
2186.9880000000003	0.15400851919924247
2187.132	0.15400851919924247
2187.2760000000003	0.15400851919924247
2187.42	0.15400851919924247
2187.563	0.15400851919924247
2187.708	0.15400851919924247
2187.851	0.15400851919924247
2187.995	0.15400851919924247
2188.14	0.15400851919924247
2188.284	0.15400851919924247
2188.427	0.15400851919924247
2188.571	0.15400851919924247
2188.714	0.15400851919924247
2188.859	0.15400851919924247
2189.002	0.15400851919924247
2189.146	0.15400851919924247
2189.29	0.15400851919924247
2189.434	0.15400851919924247
2189.578	0.15400851919924247
2189.721	0.15400851919924247
2189.8650000000002	0.15400851919924247
2190.009	0.15400851919924247
2190.1530000000002	0.15400851919924247
2190.2960000000003	0.15400851919924247
2190.44	0.15400851919924247
2190.5840000000003	0.15400851919924247
2190.728	0.15400851919924247
2190.871	0.15400851919924247
2191.015	0.15400851919924247
2191.159	0.15400851919924247
2191.303	0.15400614013080943
2191.446	0.15400614013080943
2191.59	0.15400614013080943
2191.734	0.15400614013080943
2191.878	0.15400614013080943
2192.021	0.15400614013080943
2192.166	0.15400471268974958
2192.309	0.15400471268974958
2192.453	0.15400471268974958
2192.597	0.15400471268974958
2192.741	0.15400471268974958
2192.884	0.15400471268974958
2193.0280000000002	0.15400471268974958
2193.172	0.15400233362131655
2193.3160000000003	0.15400233362131655
2193.462	0.15400233362131655
2193.603	0.15400233362131655
2193.7470000000003	0.15400233362131655
2193.891	0.15400233362131655
2194.035	0.15400233362131655
2194.178	0.15400233362131655
2194.322	0.15400233362131655
2194.466	0.15400233362131655
2194.61	0.15400043036657013
2194.753	0.15400043036657013
2194.897	0.15400043036657013
2195.041	0.1539990029255103
2195.184	0.15399662385707727
2195.329	0.15399662385707727
2195.472	0.15398805921071831
2195.616	0.15398092200541919
2195.759	0.15398092200541919
2195.9030000000002	0.15398092200541919
2196.047	0.15397854293698615
2196.1910000000003	0.15397854293698615
2196.335	0.15397854293698615
2196.4790000000003	0.15396902666325396
2196.6220000000003	0.15396141364426824
2196.766	0.15396141364426824
2196.91	0.1539533248115959
2197.054	0.1539452359789236
2197.197	0.15393096156832534
2197.341	0.15391430808929404
2197.485	0.15390621925662168
2197.629	0.15389955786500917
2197.773	0.15389099321865024
2197.916	0.1538886141502172
2198.06	0.1538886141502172
2198.204	0.1538886141502172
2198.348	0.1538886141502172
2198.491	0.1538829043859779
2198.635	0.15388004950385825
2198.779	0.15388004950385825
2198.924	0.15388004950385825
2199.0660000000003	0.15388004950385825
2199.21	0.15388004950385825
2199.3540000000003	0.15388004950385825
2199.498	0.15386862997537964
2199.641	0.15386862997537964
2199.785	0.15386862997537964
2199.929	0.15386862997537964
2200.073	0.15386862997537964
2200.216	0.15386862997537964
2200.361	0.15386862997537964
2200.504	0.15386862997537964
2200.648	0.15386862997537964
2200.792	0.15386862997537964
2200.936	0.15386862997537964
2201.08	0.15386862997537964
2201.223	0.15386862997537964
2201.367	0.15386862997537964
2201.511	0.15386862997537964
2201.655	0.15386862997537964
2201.7980000000002	0.15386862997537964
2201.942	0.15386862997537964
2202.0860000000002	0.15386862997537964
2202.23	0.15386862997537964
2202.373	0.15386862997537964
2202.5170000000003	0.15386862997537964
2202.661	0.15386862997537964
2202.8050000000003	0.15386862997537964
2202.948	0.15386862997537964
2203.092	0.15386862997537964
2203.236	0.15386862997537964
2203.38	0.15386862997537964
2203.523	0.15385816207427427
2203.667	0.15385292812372156
2203.811	0.1538453151047358
2203.955	0.15384103278155636
2204.1	0.1538362746446903
2204.242	0.15382342767515186
2204.386	0.15380962907824022
2204.53	0.15380344350031433
2204.674	0.15380058861819468
2204.818	0.153797733736075
2204.9610000000002	0.15379630629501517
2205.105	0.15378679002128304
2205.2490000000003	0.15377537049280443
2205.393	0.15377108816962493
2205.536	0.1537687091011919
2205.681	0.1537577653863999
2205.8250000000003	0.15374634585792132
2205.969	0.15374206353474185
2206.1150000000002	0.15373492632944274
2206.259	0.15372112773253108
2206.4030000000002	0.15370780494930603
2206.544	0.15370447425349978
2206.6890000000003	0.15370399843981317
2206.831	0.15370066774400692
2206.975	0.15369733704820066
2207.12	0.15369115147027473
2207.265	0.1536768770596765
2207.406	0.15366212683539165
2207.55	0.15365498963009255
2207.694	0.15365165893428628
2207.837	0.1536473766111068
2207.982	0.15364499754267374
2208.125	0.1536426184742407
2208.2690000000002	0.15363595708262817
2208.415	0.15363024731838887
2208.556	0.15362977150470225
2208.7000000000003	0.1536254891815228
2208.844	0.15362025523097014
2208.9880000000003	0.15361406965304425
2209.132	0.15360835988880492
2209.275	0.15360645663405847
2209.419	0.15360407756562544
2209.563	0.15359884361507276
2209.707	0.15359265803714686
2209.851	0.15358694827290756
2209.994	0.1535831417634147
2210.138	0.15358171432235485
2210.282	0.15357029479387624
2210.426	0.15355935107908428
2210.569	0.15355459294221818
2210.713	0.15354079434530654
2210.857	0.15352842318945473
2211.001	0.15352461667996187
2211.1440000000002	0.15351747947466277
2211.288	0.15350891482830378
2211.4320000000002	0.1535036808777511
2211.576	0.15349939855457162
2211.719	0.15349511623139217
2211.8630000000003	0.15348940646715287
2212.0080000000003	0.15348512414397336
2212.1510000000003	0.15347560787024123
2212.295	0.15346704322388227
2212.4390000000003	0.15345514788171707
2212.583	0.15343326045213307
2212.726	0.15341375209098213
2212.873	0.15340280837619014
2213.014	0.15339805023932407
2213.158	0.15339234047508477
2213.302	0.1533885339655919
2213.445	0.1533828242013526
2213.589	0.1533718804865606
2213.733	0.15336474328126148
2213.876	0.15335903351702218
2214.02	0.15335142049803646
2214.164	0.15335142049803646
2214.308	0.15334761398854357
2214.451	0.15334618654748378
2214.5950000000003	0.15334571073379716
2214.739	0.1533423800379909
2214.882	0.15333857352849806
2215.0260000000003	0.15333762190112485
2215.17	0.15333096050951234
2215.3140000000003	0.15331811353997388
2215.457	0.15330383912937562
2215.602	0.15329289541458363
2215.745	0.1532848065819113
2215.889	0.15326958054393985
2216.032	0.15326577403444697
2216.177	0.1532505479964755
2216.321	0.15324103172274334
2216.466	0.15323770102693707
2216.608	0.15323199126269776
2216.752	0.1532153377836665
2216.895	0.15320058755938165
2217.039	0.15319440198145573
2217.183	0.1531872647761566
2217.327	0.15318298245297712
2217.471	0.15317727268873788
2217.614	0.1531739419929316
2217.7580000000003	0.15316157083707976
2217.902	0.15314824805385474
2218.0460000000003	0.15314729642648153
2218.1890000000003	0.15314301410330206
2218.333	0.15313492527062972
2218.477	0.15312921550639041
2218.621	0.1531249331832109
2218.764	0.1531249331832109
2218.908	0.1531249331832109
2219.052	0.1531249331832109
2219.196	0.1531249331832109
2219.339	0.15312207830109126
2219.484	0.15312207830109126
2219.627	0.15310019087150728
2219.771	0.1530768760008635
2219.914	0.15307211786399744
2220.059	0.15306783554081793
2220.202	0.1530654564723849
2220.346	0.15305213368915987
2220.4900000000002	0.1530364318375018
2220.634	0.1530321495143223
2220.7780000000002	0.15302739137745625
2220.9210000000003	0.15301216533948475
2221.065	0.1529983667425731
2221.2090000000003	0.15299551186045346
2221.352	0.15298980209621418
2221.496	0.15298171326354185
2221.64	0.15297457605824272
2221.784	0.1529679146666302
2221.928	0.1529622049023909
2222.071	0.15295364025603195
2222.215	0.15294412398229978
2222.359	0.15293460770856762
2222.503	0.15292509143483546
2222.646	0.1529203332979694
2222.79	0.15291890585690954
2222.934	0.15291795422953633
2223.078	0.1529165267884765
2223.222	0.15291272027898367
2223.366	0.152909865396864
2223.511	0.15290653470105772
2223.654	0.1528998733094452
2223.7980000000002	0.15289083284939964
2223.942	0.1528851230851604
2224.085	0.15288179238935412
2224.2290000000003	0.15287513099774158
2224.373	0.1528713244882487
2224.5170000000003	0.15286133240082994
2224.66	0.1528475338039183
2224.804	0.1528356384617531
2224.948	0.1528232673059013
2225.092	0.1528161301006022
2225.236	0.15281042033636288
2225.379	0.15280613801318338
2225.523	0.15280423475843696
2225.667	0.15280185569000393
2225.811	0.15279995243525749
2225.954	0.15279852499419766
2226.098	0.1527828231425396
2226.242	0.1527656938498217
2226.385	0.15275760501714936
2226.529	0.15275046781185025
2226.6730000000002	0.1527309594506993
2226.817	0.15271097527586172
2226.9610000000002	0.1526986041200099
2227.105	0.1526857571504715
2227.2490000000003	0.1526857571504715
2227.3920000000003	0.15268147482729202
2227.535	0.15267291018093307
2227.6800000000003	0.15266101483876787
2227.823	0.1526514985650357
2227.967	0.15264388554604996
2228.111	0.15263865159549728
2228.255	0.15263103857651156
2228.398	0.15262437718489905
2228.542	0.1526210464890928
2228.686	0.1526101027743008
2228.83	0.15259963487319542
2228.974	0.15259487673632935
2229.117	0.15257774744361144
2229.261	0.15256252140563997
2229.405	0.15255871489614709
2229.549	0.15255062606347475
2229.692	0.15253968234868276
2229.8360000000002	0.152529690261264
2229.98	0.15252255305596485
2230.1240000000003	0.15252255305596485
2230.2670000000003	0.15252255305596485
2230.411	0.15252255305596485
2230.5550000000003	0.15252255305596485
2230.699	0.15252255305596485
2230.842	0.15252255305596485
2230.987	0.15252255305596485
2231.13	0.15252255305596485
2231.274	0.15252255305596485
2231.419	0.152529690261264
2231.562	0.15253968234868276
2231.705	0.15255062606347475
2231.852	0.15255871489614709
2231.995	0.15256252140563997
2232.14	0.15257774744361144
2232.284	0.15259487673632935
2232.424	0.15259963487319542
2232.569	0.1526101027743008
2232.712	0.1526210464890928
2232.856	0.1526210464890928
2233.0	0.1526210464890928
2233.146	0.1526210464890928
2233.2870000000003	0.1526210464890928
2233.431	0.1526210464890928
2233.574	0.1526210464890928
2233.7180000000003	0.1526210464890928
2233.862	0.15261914323434636
2234.006	0.1526101027743008
2234.149	0.1526101027743008
2234.293	0.15259963487319542
2234.437	0.15259487673632935
2234.58	0.15257774744361144
2234.725	0.15256014233720694
2234.868	0.15254539211292206
2235.012	0.152529690261264
2235.156	0.15252255305596485
2235.3	0.15252255305596485
2235.443	0.15252255305596485
2235.587	0.15252255305596485
2235.731	0.15252255305596485
2235.875	0.15252255305596485
2236.018	0.15252255305596485
2236.1620000000003	0.15252255305596485
2236.306	0.15252255305596485
2236.4500000000003	0.15252255305596485
2236.594	0.15252255305596485
2236.7380000000003	0.15252255305596485
2236.881	0.15252255305596485
2237.025	0.15252255305596485
2237.169	0.15252255305596485
2237.312	0.15252255305596485
2237.456	0.15252255305596485
2237.6	0.1525192223601586
2237.744	0.15251636747803898
2237.887	0.15251446422329254
2238.031	0.15250352050850055
2238.175	0.15248686702946926
2238.319	0.1524716409914978
2238.465	0.15246212471776563
2238.606	0.15246212471776563
2238.75	0.15246212471776563
2238.8940000000002	0.15246212471776563
2239.0370000000003	0.15246212471776563
2239.1820000000002	0.15245784239458615
2239.3250000000003	0.15244927774822717
2239.469	0.1524435679839879
2239.6130000000003	0.15244071310186824
2239.757	0.15243452752394238
2239.9	0.15241264009435837
2240.044	0.15239122847846098
2240.172	0.1523859945279083
2240.3160000000003	0.15237409918574307
2240.46	0.15236172802989129
2240.605	0.1523564940793386
2240.748	0.15234935687403944
2240.8920000000003	0.15234507455086
2241.036	0.15232461456233584
2241.179	0.15230367876012507
2241.323	0.15229796899588577
2241.467	0.15228512202634736
2241.611	0.15227370249786876
2241.754	0.15226846854731607
2241.898	0.15225657320515085
2242.0260000000003	0.15224325042192582
2242.17	0.15223801647137314
2242.3140000000003	0.1522361132166267
2242.457	0.1522299276387008
2242.601	0.15221803229653558
2242.745	0.15219757230801143
2242.889	0.15218091882898013
2243.032	0.15216997511418814
2243.176	0.15215474907621668
2243.32	0.15213428908769255
2243.464	0.1521162081676014
2243.608	0.1521100225896755
2243.751	0.15210431282543618
2243.895	0.1520976514338237
2244.039	0.15209336911064425
2244.183	0.15209099004221122
2244.326	0.15207623981792634
2244.4700000000003	0.15205911052520843
2244.614	0.1520519733199093
2244.7580000000003	0.1520453119282968
2244.9010000000003	0.152035319840878
2245.045	0.1520115291565476
2245.1890000000003	0.15197727057111182
2245.333	0.1519582380236475
2245.476	0.1519482459362287
2245.62	0.15193444733931705
2245.764	0.15192778594770456
2245.908	0.15192397943821168
2246.051	0.151918745487659
2246.196	0.15191589060553934
2246.339	0.15191541479185272
2246.483	0.15191208409604645
2246.627	0.15190732595918038
2246.771	0.15190066456756787
2246.914	0.15189305154858213
2247.058	0.15189019666646247
2247.202	0.15188734178434282
2247.346	0.15188163202010355
2247.489	0.1518683092368785
2247.6330000000003	0.1518497525031008
2247.777	0.15184166367042845
2247.9210000000003	0.1518402362293686
2248.065	0.15183738134724895
2248.208	0.15182881670089005
2248.352	0.15181930042715786
2248.496	0.15181501810397838
2248.64	0.15179550974282746
2248.783	0.15177647719536314
2248.927	0.1517698158037506
2249.071	0.1517641060395113
2249.215	0.15175982371633182
2249.359	0.15174983162891303
2249.502	0.15173412977725498
2249.646	0.15172175862140316
2249.789	0.15171604885716386
2249.934	0.15169939537813257
2250.077	0.15165799958739765
2250.221	0.15162945076620116
2250.3650000000002	0.151619934492469
2250.509	0.1516099424050502
2250.6530000000002	0.15160613589555738
2250.7960000000003	0.15159995031763146
2250.94	0.15158995823021265
2251.0840000000003	0.1515742563785546
2251.228	0.1515633126637626
2251.371	0.15156045778164295
2251.515	0.1515576028995233
2251.659	0.15155474801740365
2251.803	0.15154951406685097
2251.946	0.15154190104786525
2252.09	0.1515338122151929
2252.234	0.1515290540783268
2252.378	0.15152619919620716
2252.521	0.15151906199090806
2252.665	0.15151240059929555
2252.809	0.15150764246242945
2252.953	0.1515043117666232
2253.096	0.15150145688450356
2253.2400000000002	0.15149574712026426
2253.384	0.1514871824739053
2253.531	0.15147766620017314
2253.6710000000003	0.15147100480856063
2253.8160000000003	0.1514643434169481
2253.9590000000003	0.15145625458427575
2254.103	0.15145054482003645
2254.246	0.15145054482003645
2254.391	0.15144959319266324
2254.534	0.15144483505579714
2254.6800000000003	0.15144483505579714
2254.822	0.15144483505579714
2254.966	0.15144483505579714
2255.11	0.15144483505579714
2255.254	0.15144483505579714
2255.397	0.15144483505579714
2255.541	0.15144483505579714
2255.684	0.15144483505579714
2255.828	0.15144483505579714
2255.972	0.15144483505579714
2256.116	0.15144483505579714
2256.26	0.15144007691893108
2256.4030000000002	0.15142770576307923
2256.547	0.15141723786197386
2256.6910000000003	0.15141581042091407
2256.835	0.15140343926506222
2256.978	0.15138583415865775
2257.1220000000003	0.15137964858073183
2257.266	0.1513715597480595
2257.41	0.1513606160332675
2257.553	0.1513544304553416
2257.697	0.15135014813216213
2257.841	0.15133397046681743
2257.985	0.15131874442884596
2258.13	0.15131303466460666
2258.273	0.15130113932244146
2258.417	0.1512878165392164
2258.561	0.1512687839917521
2258.705	0.15125450958115386
2258.849	0.1512392835431824
2258.992	0.15122596075995737
2259.136	0.1512188235546582
2259.28	0.15120502495774657
2259.424	0.15119693612507426
2259.567	0.15117457288180366
2259.7110000000002	0.15115316126590628
2259.855	0.15115125801115986
2259.9990000000003	0.15114887894272683
2260.1420000000003	0.1511426933648009
2260.286	0.1511369836005616
2260.4300000000003	0.15113270127738213
2260.574	0.15112889476788927
2260.717	0.15112699151314285
2260.861	0.15112128174890355
2261.005	0.15111033803411156
2261.149	0.15109796687825974
2261.294	0.1510898780455874
2261.436	0.15107512782130256
2261.58	0.15106323247913736
2261.724	0.15106132922439092
2261.867	0.15105419201909176
2262.012	0.15104895806853907
2262.155	0.15103611109900067
2262.299	0.1510218366884024
2262.442	0.15101898180628276
2262.587	0.15101279622835684
2262.73	0.15100613483674435
2262.8740000000003	0.15099994925881843
2263.02	0.15099566693563896
2263.1620000000003	0.15099471530826575
2263.306	0.15099233623983271
2263.449	0.15098948135771306
2263.5930000000003	0.15098757810296662
2263.737	0.15098186833872732
2263.881	0.15097663438817463
2264.03	0.15096140835020316
2264.1710000000003	0.15094237580273884
2264.315	0.15093809347955933
2264.457	0.15093190790163347
2264.599	0.15092096418684148
2264.743	0.1509100204720495
2264.888	0.15087528607292708
2265.034	0.15083864841905822
2265.174	0.15082818051795283
2265.318	0.1508196158715939
2265.463	0.15080438983362243
2265.606	0.15078821216827776
2265.753	0.1507629940428875
2265.8940000000002	0.15073777591749726
2266.041	0.15071826755634632
2266.186	0.15070304151837488
2266.328	0.15069923500888202
2266.469	0.15067972664773108
2266.617	0.1506354759748765
2266.7580000000003	0.1505993141346943
2266.9030000000002	0.15057980577354335
2267.047	0.15055268439340666
2267.19	0.15051176441635836
2267.335	0.15045894909714486
2267.478	0.15031620499116236
2267.62	0.15018535622734508
2267.766	0.1501377748586843
2267.907	0.1500759190794252
2268.051	0.15002167631915186
2268.194	0.14999503075270176
2268.339	0.1499341266008159
2268.4880000000003	0.1498294475897621
2268.625	0.149776156456862
2268.77	0.14974189787142617
2268.913	0.14968242116060015
2269.058	0.14961200073498213
2269.2000000000003	0.14955395146521594
2269.344	0.1495249268303328
2269.487	0.14949828126388276
2269.631	0.14944023199411655
2269.775	0.1493621985495128
2269.919	0.14921184142454458
2270.062	0.1489301597220725
2270.207	0.14847242695555535
2270.35	0.14816695456875284
2270.494	0.14814411551179565
2270.638	0.14809272763364195
2270.782	0.14783436080181367
2270.925	0.14745323403884045
2271.069	0.14710684167498964
2271.213	0.1468560878621471
2271.357	0.14666100425063772
2271.5	0.1462232556589581
2271.6440000000002	0.14476298345475735
2271.792	0.14356488459187774
2271.9320000000002	0.14346306046294358
2272.076	0.1434064386342372
2272.219	0.14339454329207196
2272.3630000000003	0.14337646237198087
2272.507	0.14331650984746824
2272.6510000000003	0.14314283785185622
2272.794	0.1428963663621931
2272.938	0.14272031529814805
2273.082	0.14262562837451304
