0.0	0.1565443643587219
0.10399999999999998	0.15670400523910455
0.20799999999999996	0.1568972547258836
0.31299999999999994	0.15703039651276143
0.41700000000000004	0.1571279907351816
0.521	0.15721330488988006
0.625	0.15739168903152223
0.729	0.15756425629898038
0.833	0.15761402288922113
0.952	0.15775685946640564
1.056	0.15786608743719377
1.16	0.15788870861457593
1.264	0.15820540509792613
1.3679999999999999	0.15877028821312633
1.472	0.15907858254487744
1.576	0.15920009058338735
1.68	0.15933129341220387
1.7839999999999998	0.15942177812173247
1.888	0.15947219103132704
1.9939999999999998	0.15950127540224693
2.098	0.1595607367827943
2.202	0.1596176128859266
2.306	0.15963635614718613
2.41	0.15966026996327584
2.514	0.15968289114065798
2.618	0.15975463258892714
2.722	0.15985028785328598
2.826	0.1598806648629134
2.978	0.15991815138543244
3.145	0.15997050325308831
3.287	0.16014694843666916
3.43	0.16030788195575935
3.574	0.16038673291692002
3.718	0.1604836808199864
3.8619999999999997	0.1605134115102601
4.006	0.1605405569231187
4.148999999999999	0.160591616152067
4.2940000000000005	0.16062910267458597
4.436999999999999	0.16075836654534117
4.5809999999999995	0.16091219055153988
4.725	0.1609626034611344
4.869	0.1610181869255591
5.013	0.16105438080937057
5.157	0.161058905044847
5.300000000000001	0.16106795351579986
5.444000000000001	0.1611067326770264
5.587999999999999	0.16117588884788045
5.731999999999999	0.16123987446390425
5.8759999999999994	0.16134651715727732
6.02	0.16148482949898538
6.164	0.1615565709472545
6.308	0.16160698385684902
6.4510000000000005	0.16167484738899549
6.595000000000001	0.16172461397923624
6.739000000000001	0.1617769658468921
6.882999999999999	0.16183254931131685
7.026999999999999	0.16191915610472282
7.17	0.16199412914976083
7.314	0.16201093345295903
7.458	0.16203161567227983
7.602	0.1620503589335393
7.745999999999999	0.1620865528173508
7.889999999999999	0.162123393020516
8.033999999999999	0.16213373413017643
8.177999999999999	0.16214924579466705
8.321	0.16219513446878514
8.465	0.16223843786548814
8.609	0.16224425473967213
8.753	0.1622455473783797
8.897	0.1622662295977005
9.042	0.16240712721682365
9.189	0.16256095122302233
9.328999999999999	0.16263010739387634
9.472999999999999	0.16277359029041463
9.616999999999999	0.16288604985797167
9.761	0.16304439809964677
9.905	0.16321308745098229
10.049	0.1632609150831617
10.193	0.16331391327017136
10.337	0.1633475218765677
10.48	0.16335980194428945
10.623999999999999	0.1633714356926574
10.767999999999999	0.16339211791197822
10.913	0.1634657983183087
11.056	0.16353172289239384
11.2	0.16363125607287532
11.344	0.163785080079074
11.488	0.16384518777897517
11.632	0.16384971201445162
11.776	0.1639220997820745
11.918999999999999	0.16403455934963154
12.062999999999999	0.16418515175906134
12.206999999999999	0.16432669569753827
12.350999999999999	0.16435836534587328
12.495	0.16436806013617994
12.639	0.16442364360060469
12.783	0.1644895681746898
12.927	0.16451283567142574
13.071	0.16451800622625595
13.214	0.1645270546972088
13.359	0.1645891013551713
13.503	0.16464403850024228
13.645999999999999	0.16465308697119513
13.79	0.16467893974534617
13.934	0.16469639036789813
14.077	0.1647002682840208
14.219999999999999	0.16471125571303497
14.363999999999999	0.16475197383232285
14.508	0.1648010941032098
14.652	0.16482177632253064
14.796	0.16484051958379015
14.94	0.16487218923212515
15.084	0.1648961030482149
15.227	0.16490773679658285
15.372	0.16491419999012064
15.514999999999999	0.1649174315868895
15.658999999999999	0.16493035797396502
15.803	0.1649439306803943
15.947	0.1649549181094085
16.09	0.16496978345454535
16.233999999999998	0.1649768929674369
16.378	0.16498464879968222
16.522	0.16502665955767765
16.666	0.16507190191244198
16.81	0.16513007065428179
16.954	0.16518436147999896
17.097	0.16520827529608867
17.241	0.1652289575154095
17.384999999999998	0.16528906521531067
17.529	0.16535434347004208
17.673	0.16537890360548554
17.817	0.16541315853123567
17.96	0.16544612081827825
18.104	0.16547261991178303
18.251	0.1654894242149812
18.392	0.16550816747624073
18.535999999999998	0.16554048344392952
18.68	0.16556375094066547
18.823999999999998	0.1655786162858023
18.968	0.16559800586641557
19.111	0.16564454085988745
19.255	0.16569301481142062
19.399	0.16573308661135477
19.543	0.16576475625968978
19.687	0.16576863417581245
19.831	0.16577703632741153
19.974999999999998	0.16585394833051087
20.119	0.16594701831745462
20.262	0.16597804164643587
20.406	0.16598902907545005
20.55	0.1659987238657567
20.694	0.16606077052371918
20.838	0.1661454383590638
20.980999999999998	0.1661758153686913
21.125	0.16622235036216315
21.269	0.16627082431369636
21.413	0.16627922646529547
21.557	0.16629215285237098
21.701	0.16631735930716823
21.845	0.1663399804845504
21.989	0.166361309023225
22.131999999999998	0.16637811332642316
22.276	0.1663968565876827
22.419999999999998	0.1664181851263573
22.564	0.166447915816631
22.708	0.16648928025527265
22.852	0.1665196572649001
22.996	0.16655520482935776
23.14	0.16660691037765984
23.283	0.1666437505808251
23.427	0.16665538432919305
23.570999999999998	0.16667606654851388
23.715	0.16669351717106584
23.858999999999998	0.16671226043232534
24.003	0.1667303573742311
24.146	0.16676008806450476
24.29	0.16680339146120776
24.435	0.16682278104182102
24.579	0.1668318295127739
24.723	0.16683893902566543
24.867	0.16684152430308052
25.009999999999998	0.16684346326114186
25.154	0.1668505727740334
25.298	0.1668583286062787
25.442	0.16687384027076935
25.586	0.16688741297719864
25.733999999999998	0.16689064457396752
25.874	0.16689710776750527
26.017	0.1669048635997506
26.160999999999998	0.1669106804739346
26.305	0.16691261943199592
26.45	0.16691455839005723
26.594	0.16691649734811856
26.738	0.16691714366747235
26.88	0.1669184363061799
27.025	0.16692166790294877
27.169	0.16692813109648652
27.313	0.16694105748356203
27.457	0.16695139859322244
27.602	0.1669552765093451
27.745	0.16696173970288286
27.889	0.1669707881738357
28.033	0.16697725136737349
28.177	0.1669798366447886
28.320999999999998	0.16698953143509526
28.463	0.16699922622540186
28.607	0.1670011651834632
28.751	0.16700504309958586
28.895	0.16701279893183119
29.038999999999998	0.16702120108343027
29.182	0.16703089587373687
29.326	0.16704059066404353
29.47	0.16704770017693504
29.614	0.16705351705111904
29.758	0.16705868760594927
29.901	0.16706385816077948
30.046	0.1670664434381946
30.189	0.1670703213543172
30.333	0.16707419927043987
30.477	0.16707484558979366
30.621	0.16708389406074653
30.765	0.16709682044782204
30.909	0.16710199100265224
31.052	0.16710392996071355
31.195999999999998	0.16710457628006734
31.34	0.16710586891877488
31.483999999999998	0.16710974683489754
31.628	0.16711427107037397
31.771	0.16711750266714287
31.915999999999997	0.16712590481874195
32.059	0.16713495328969485
32.203	0.16713689224775616
32.347	0.16714529439935524
32.491	0.16715886710578454
32.635	0.16716726925738362
32.778999999999996	0.16717890300575158
32.922	0.1671885977960582
33.067	0.16718989043476576
33.21	0.16719764626701109
33.354	0.16721057265408662
33.498	0.1672183284863319
33.642	0.16722220640245455
33.786	0.16722608431857722
33.93	0.16722996223469988
34.073	0.16723319383146878
34.217	0.16723707174759142
34.361	0.1672461202185443
34.505	0.1672538760507896
34.649	0.16725840028626604
34.793	0.16726227820238868
34.937	0.16726357084109622
35.08	0.16727585090881797
35.224	0.1672887772958935
35.368	0.16729524048943126
35.512	0.16729976472490768
35.656	0.1673049352797379
35.8	0.1673152763893983
35.943	0.16732238590228984
36.088	0.16733078805388896
36.231	0.16733854388613426
36.377	0.1673424218022569
36.519	0.16735405555062488
36.663	0.1673721524925306
36.807	0.16739283471185143
36.951	0.1674096390150496
37.094	0.16741739484729493
37.238	0.1674613445633517
37.382	0.16751111115359243
37.525999999999996	0.16752726913743682
37.67	0.16757638940832378
37.814	0.16762680231791832
37.958	0.16765136245336182
38.101	0.1676688130759138
38.245	0.167673983630744
38.389	0.16767980050492798
38.533	0.16768949529523458
38.678	0.16770242168231012
38.821	0.16770953119520166
38.966	0.167711470153263
39.109	0.167711470153263
39.253	0.167711470153263
39.397999999999996	0.167711470153263
39.54	0.167711470153263
39.685	0.167711470153263
39.828	0.1677159943887394
39.973	0.1677211649435696
40.118	0.16772310390163092
40.262	0.16772892077581492
40.405	0.16774507875965933
40.552	0.1677586514660886
40.693	0.1677676999370415
40.836	0.1677857968789472
40.979	0.16780906437568316
41.123	0.16782457604017378
41.267	0.16783168555306532
41.411	0.16785172145303237
41.555	0.16786917207558433
41.699	0.16787175735299942
41.842	0.16787951318524474
41.988	0.16788791533684383
42.13	0.16789114693361273
42.275	0.16789567116908916
42.418	0.16791118283357975
42.562	0.16792734081742416
42.706	0.16793251137225434
42.848	0.16794026720449967
42.993	0.16796224206252808
43.136	0.16798744851732533
43.28	0.16800037490440084
43.424	0.1680036065011697
43.568	0.1680100696947075
43.711	0.16801911816566034
43.856	0.16802234976242925
44.0	0.16804109302368875
44.144	0.16806177524300958
44.288	0.16807082371396243
44.432	0.16807857954620772
44.576	0.16808051850426903
44.72	0.16808439642039172
44.863	0.1680908596139295
45.007	0.16809603016875968
45.150999999999996	0.16810184704294368
45.295	0.1681225292622645
45.441	0.16814062620417025
45.582	0.16814515043964665
45.727	0.16815290627189194
45.871	0.16815807682672215
46.014	0.16816130842349103
46.158	0.16816454002025993
46.302	0.16816647897832127
46.446	0.1681710032137977
46.589999999999996	0.1681735884912128
46.733	0.16818457592022698
46.878	0.1681968559879487
47.022999999999996	0.16820073390407136
47.165	0.16820331918148648
47.309	0.16820655077825536
47.453	0.16821366029114687
47.597	0.16821753820726953
47.741	0.16821818452662332
47.884	0.16822076980403844
48.028	0.16822594035886862
48.172	0.16822917195563752
48.316	0.16823046459434507
48.46	0.16823175723305261
48.604	0.16823628146852904
48.748	0.16825050049431212
48.891	0.16826342688138765
49.035	0.16826859743621786
49.179	0.16827635326846319
49.323	0.16828992597489248
49.467	0.168302852361968
49.61	0.1683080229167982
49.756	0.16831190083292086
49.897999999999996	0.16831771770710485
50.042	0.16832159562322752
50.186	0.16832482721999636
50.33	0.16832805881676524
50.474	0.16833064409418036
50.618	0.16833129041353412
50.761	0.16833322937159545
50.905	0.16833516832965678
51.049	0.1683371072877181
51.195	0.16834357048125587
51.336999999999996	0.16835391159091628
51.482	0.1683713622134682
51.625	0.1683862275586051
51.768	0.16839139811343531
51.913	0.16839592234891174
52.056	0.16840044658438813
52.2	0.1684043245005108
52.345	0.16841208033275612
52.488	0.1684288846359543
52.631	0.16844116470367604
52.778	0.1684502131746289
52.922	0.16846184692299687
53.065	0.16846766379718087
53.208	0.16847348067136483
53.353	0.1684825291423177
53.496	0.16848963865520925
53.639	0.16849157761327058
53.783	0.1684935165713319
53.927	0.16849674816810079
54.071	0.16849868712616212
54.214999999999996	0.16850321136163854
54.362	0.16850902823582253
54.502	0.1685129061519452
54.646	0.16851613774871405
54.79	0.16851936934548295
54.934	0.16852130830354425
55.078	0.16852389358095937
55.222	0.1685284178164358
55.365	0.16853358837126603
55.509	0.16854069788415754
55.653999999999996	0.16854586843898772
55.797	0.16854586843898772
55.941	0.16855103899381793
56.085	0.16855556322929438
56.229	0.16855944114541704
56.372	0.1685633190615397
56.517	0.16856396538089347
56.661	0.16856719697766237
56.805	0.16857430649055388
56.95	0.16857818440667652
57.092	0.16858012336473788
57.235	0.16858529391956809
57.379	0.16858529391956809
57.522999999999996	0.16859304975181338
57.666	0.16859304975181338
57.81	0.16859757398728983
57.954	0.1686059761388889
58.098	0.16861437829048798
58.241	0.16861502460984176
58.386	0.16861696356790312
58.528999999999996	0.16861890252596443
58.673	0.16861954884531818
58.817	0.16862084148402573
58.961	0.16862407308079463
59.105	0.16862601203885597
59.248	0.1686279509969173
59.393	0.16863247523239372
59.536	0.16863506050980884
59.68	0.16863635314851638
59.825	0.16863829210657771
59.967999999999996	0.16864087738399283
60.112	0.16864475530011547
60.256	0.1686466942581768
60.399	0.1686466942581768
60.543	0.16864798689688434
60.687	0.1686492795355919
60.833	0.16865832800654476
60.975	0.16866737647749763
61.119	0.16866996175491275
61.263	0.16867577862909675
61.408	0.16867965654521938
61.551	0.16868030286457314
61.695	0.16868030286457314
61.839	0.16868482710004956
61.983	0.168689351335526
62.126	0.1686899976548798
62.271	0.16869064397423356
62.414	0.1686919366129411
62.558	0.16869322925164865
62.702	0.16869516820970998
62.846	0.1686977534871251
62.99	0.16870163140324776
63.133	0.16870163140324776
63.278	0.16870163140324776
63.424	0.16870744827743175
63.565	0.1687119725129082
63.71	0.16871520410967705
63.852999999999994	0.16871908202579972
63.997	0.16872295994192235
64.141	0.1687242525806299
64.284	0.1687242525806299
64.428	0.16872619153869123
64.572	0.16872813049675256
64.716	0.16872942313546013
64.86	0.168732654732229
65.004	0.16874041056447434
65.148	0.1687468737580121
65.291	0.16874945903542718
65.435	0.16875269063219606
65.579	0.16875592222896496
65.723	0.16875592222896496
65.867	0.16875786118702626
66.011	0.16875786118702626
66.155	0.16875850750638005
66.298	0.1687591538257338
66.442	0.1687591538257338
66.588	0.1687591538257338
66.73	0.1687591538257338
66.874	0.1687591538257338
67.017	0.16876044646444135
67.162	0.16876303174185647
67.306	0.1687649706999178
67.45	0.16876690965797914
67.594	0.16876884861604047
67.738	0.16876949493539423
67.882	0.1687707875741018
68.025	0.16877272653216313
68.169	0.1687733728515169
68.313	0.16877725076763955
68.46	0.16878242132246976
68.606	0.1687837139611773
68.748	0.1687837139611773
68.892	0.16878436028053106
69.036	0.16878823819665373
69.176	0.1687914697934226
69.323	0.1687921161127764
69.466	0.1687921161127764
69.609	0.16879276243213015
69.751	0.16879470139019148
69.897	0.1687998719450217
70.042	0.16880439618049814
70.187	0.16880568881920568
70.33	0.16880568881920568
70.474	0.16880568881920568
70.619	0.16880633513855947
70.766	0.1688082740966208
70.905	0.16880956673532835
71.047	0.16880956673532835
71.192	0.16881150569338968
71.334	0.16881150569338968
71.479	0.16881150569338968
71.622	0.16881150569338968
71.766	0.168813444651451
71.909	0.168813444651451
72.053	0.168813444651451
72.197	0.168813444651451
72.341	0.168813444651451
72.484	0.168813444651451
72.63	0.168813444651451
72.772	0.168813444651451
72.917	0.168813444651451
73.06	0.168813444651451
73.204	0.168813444651451
73.348	0.16881150569338968
73.492	0.16881150569338968
73.635	0.16881150569338968
73.779	0.16880956673532835
73.923	0.16881150569338968
74.067	0.16881150569338968
74.211	0.16881150569338968
74.355	0.168813444651451
74.499	0.1688140909708048
74.642	0.1688160299288661
74.786	0.1688160299288661
74.92999999999999	0.16881732256757365
75.074	0.16881796888692743
75.218	0.16881990784498876
75.362	0.1688212004836963
75.506	0.1688212004836963
75.65	0.1688218468030501
75.793	0.16882249312240388
75.937	0.16882378576111143
76.081	0.16882507839981897
76.225	0.16882766367723406
76.368	0.16883477319012558
76.513	0.16883929742560203
76.656	0.1688399437449558
76.8	0.16884188270301714
76.944	0.1688431753417247
77.088	0.16884382166107847
77.232	0.16884640693849357
77.376	0.1688483458965549
77.52	0.16885222381267756
77.663	0.16885610172880022
77.807	0.16885610172880022
77.951	0.16885804068686155
78.095	0.1688599796449229
78.239	0.1688612722836304
78.383	0.16886256492233795
78.526	0.16886256492233795
78.671	0.16886256492233795
78.814	0.16886256492233795
78.959	0.16886256492233795
79.103	0.16886450388039928
79.247	0.1688670891578144
79.391	0.16886773547716818
79.535	0.16886773547716818
79.679	0.1688696744352295
79.822	0.16887161339329082
79.966	0.16887161339329082
80.11	0.16887355235135215
80.254	0.16887549130941348
80.399	0.16887678394812106
80.542	0.16887936922553615
80.685	0.1688806618642437
80.829	0.16888130818359748
80.973	0.1688832471416588
81.117	0.1688832471416588
81.26	0.1688832471416588
81.405	0.1688832471416588
81.551	0.1688832471416588
81.692	0.16888518609972014
81.836	0.16888712505778147
81.98	0.16888841769648902
82.124	0.16888841769648902
82.268	0.1688890640158428
82.411	0.1688890640158428
82.55499999999999	0.1688890640158428
82.699	0.1688890640158428
82.843	0.1688890640158428
82.987	0.16888971033519656
83.131	0.16888971033519656
83.275	0.1688916492932579
83.418	0.1688948808900268
83.562	0.16889681984808813
83.706	0.16889681984808813
83.851	0.16889681984808813
83.994	0.16889875880614943
84.138	0.16890005144485698
84.282	0.16890005144485698
84.426	0.16890005144485698
84.57	0.16890392936097964
84.714	0.16890780727710228
84.858	0.16890845359645607
85.002	0.1689103925545174
85.145	0.16891168519322494
85.289	0.16891168519322494
85.43299999999999	0.16891168519322494
85.579	0.16891168519322494
85.721	0.16891233151257873
85.866	0.16891233151257873
86.008	0.16891233151257873
86.152	0.1689129778319325
86.296	0.1689129778319325
86.44	0.16891233151257873
86.583	0.16891168519322494
86.727	0.1689103925545174
86.871	0.1689103925545174
87.015	0.16891168519322494
87.159	0.16891168519322494
87.30199999999999	0.16891233151257873
87.447	0.1689129778319325
87.59	0.1689129778319325
87.734	0.1689129778319325
87.878	0.1689129778319325
88.022	0.1689129778319325
88.166	0.1689129778319325
88.309	0.1689129778319325
88.453	0.1689129778319325
88.597	0.1689129778319325
88.741	0.1689129778319325
88.885	0.1689129778319325
89.029	0.1689129778319325
89.173	0.1689129778319325
89.317	0.1689129778319325
89.462	0.1689129778319325
89.604	0.1689129778319325
89.748	0.1689129778319325
89.892	0.1689129778319325
90.036	0.1689129778319325
90.17999999999999	0.16891427047064003
90.324	0.16891685574805515
90.467	0.16891685574805515
90.613	0.1689207336641778
90.755	0.16892461158030048
90.899	0.1689265505383618
91.043	0.1689265505383618
91.18599999999999	0.16892848949642314
91.331	0.16893042845448447
91.475	0.16893042845448447
91.618	0.16893236741254578
91.762	0.16893366005125332
91.906	0.16893366005125332
92.05	0.16893430637060708
92.193	0.16893495268996084
92.337	0.16893689164802217
92.481	0.16893689164802217
92.625	0.16894012324479107
92.769	0.16894012324479107
92.913	0.16894012324479107
93.057	0.16894012324479107
93.201	0.16894141588349865
93.344	0.16894141588349865
93.488	0.16894012324479107
93.632	0.16894012324479107
93.776	0.16894012324479107
93.924	0.16894141588349865
94.064	0.16894400116091374
94.208	0.16894400116091374
94.351	0.16894852539639016
94.495	0.16895175699315906
94.639	0.1689530496318666
94.783	0.16895498858992794
94.92699999999999	0.16895692754798927
95.071	0.16895822018669682
95.215	0.16895822018669682
95.359	0.16895822018669682
95.502	0.16895822018669682
95.646	0.16895692754798927
95.79	0.16895822018669682
95.934	0.16895692754798927
96.078	0.16895822018669682
96.222	0.16895822018669682
96.366	0.16895822018669682
96.51	0.16895692754798927
96.654	0.16895692754798927
96.798	0.16895692754798927
96.942	0.16895692754798927
97.086	0.16895692754798927
97.23	0.16895822018669682
97.374	0.1689595128254044
97.517	0.1689595128254044
97.661	0.16896015914475815
97.80499999999999	0.16896015914475815
97.949	0.16896015914475815
98.093	0.16896080546411194
98.236	0.16896080546411194
98.38	0.16896209810281948
98.524	0.16896339074152703
98.668	0.16896339074152703
98.812	0.16896532969958836
98.956	0.1689672686576497
99.1	0.1689672686576497
99.244	0.1689672686576497
99.387	0.168969207615711
99.531	0.16897179289312608
99.678	0.16897179289312608
99.82	0.16897179289312608
99.963	0.16897179289312608
100.108	0.168969207615711
100.251	0.168969207615711
100.394	0.168969207615711
100.538	0.1689672686576497
100.682	0.1689672686576497
100.826	0.1689672686576497
100.969	0.1689672686576497
101.114	0.1689672686576497
101.258	0.168969207615711
101.402	0.16897179289312608
101.545	0.16897179289312608
101.689	0.16897373185118744
101.833	0.168975024489895
101.977	0.168975024489895
102.12	0.168975024489895
102.264	0.16897373185118744
102.408	0.16897373185118744
102.55199999999999	0.16897373185118744
102.696	0.16897373185118744
102.84	0.168975024489895
102.984	0.168975024489895
103.127	0.168975024489895
103.272	0.16897760976731008
103.415	0.16898019504472517
103.559	0.1689821340027865
103.703	0.16898407296084786
103.847	0.16898407296084786
103.991	0.1689821340027865
104.135	0.1689821340027865
104.278	0.16898407296084786
104.422	0.16898407296084786
104.566	0.1689860119189092
104.71	0.1689860119189092
104.854	0.16898407296084786
104.998	0.1689860119189092
105.142	0.1689860119189092
105.285	0.16898924351567807
105.429	0.16899182879309316
105.573	0.16899312143180073
105.717	0.16899312143180073
105.861	0.1689969993479234
106.005	0.16899893830598472
106.149	0.16900087726404603
106.293	0.16900281622210736
106.43599999999999	0.1690047551801687
106.58	0.1690047551801687
106.724	0.16900540149952245
106.868	0.16900540149952245
107.011	0.1690060478188762
107.156	0.16900734045758375
107.299	0.1690092794156451
107.443	0.1690099257349989
107.587	0.1690099257349989
107.731	0.1690099257349989
107.875	0.16901121837370645
108.019	0.16901121837370645
108.162	0.169012511012414
108.306	0.169012511012414
108.45	0.169012511012414
108.595	0.169012511012414
108.738	0.169012511012414
108.882	0.169012511012414
109.026	0.16901315733176775
109.169	0.16901380365112154
109.313	0.16901380365112154
109.457	0.16901380365112154
109.601	0.16901509628982908
109.745	0.16901380365112154
109.889	0.16901380365112154
110.033	0.16901509628982908
110.17699999999999	0.16901832788659796
110.32	0.16901509628982908
110.464	0.16901380365112154
110.608	0.16901380365112154
110.752	0.16901380365112154
110.896	0.16901380365112154
111.04	0.16901380365112154
111.184	0.16901380365112154
111.327	0.16901380365112154
111.471	0.16901380365112154
111.615	0.16901380365112154
111.759	0.16901380365112154
111.903	0.16901380365112154
112.047	0.16901380365112154
112.19	0.16901380365112154
112.334	0.16901380365112154
112.478	0.16901509628982908
112.623	0.16901832788659796
112.766	0.1690202668446593
112.91	0.1690202668446593
113.053	0.1690202668446593
113.198	0.1690202668446593
113.342	0.16902091316401308
113.485	0.1690228521220744
113.629	0.16902414476078198
113.774	0.16902414476078198
113.918	0.16902479108013574
114.062	0.16902479108013574
114.206	0.16902673003819707
114.349	0.16902931531561216
114.493	0.16903254691238107
114.637	0.16903513218979616
114.781	0.16903771746721127
114.925	0.1690396564252726
115.068	0.1690396564252726
115.212	0.16904094906398015
115.356	0.16904094906398015
115.5	0.16904224170268767
115.644	0.16904224170268767
115.792	0.16904288802204145
115.932	0.16904547329945657
116.075	0.16904547329945657
116.219	0.16904288802204145
116.363	0.16904288802204145
116.507	0.16904288802204145
116.651	0.16904288802204145
116.795	0.16904288802204145
116.938	0.16904288802204145
117.082	0.16904288802204145
117.226	0.16904224170268767
117.37	0.16904224170268767
117.514	0.16904288802204145
117.658	0.16904288802204145
117.80199999999999	0.16904288802204145
117.945	0.16904547329945657
118.089	0.16904288802204145
118.233	0.16904288802204145
118.377	0.16904288802204145
118.521	0.16904288802204145
118.665	0.16904288802204145
118.809	0.16904288802204145
118.953	0.16904547329945657
119.096	0.16904288802204145
119.24	0.16904547329945657
119.384	0.16904741225751788
119.528	0.16904741225751788
119.671	0.16904741225751788
119.816	0.16905064385428675
119.96	0.16905387545105563
120.104	0.16905452177040942
120.247	0.16905516808976323
120.391	0.16905646072847078
120.535	0.16905646072847078
120.678	0.16905646072847078
120.823	0.16905646072847078
120.966	0.16905646072847078
121.11	0.16905646072847078
121.254	0.16905839968653208
121.398	0.16905904600588587
121.542	0.16905904600588587
121.68599999999999	0.16905904600588587
121.829	0.16905904600588587
121.973	0.16905904600588587
122.117	0.16905904600588587
122.261	0.1690603386445934
122.405	0.1690603386445934
122.549	0.16906357024136232
122.693	0.16906680183813116
122.837	0.16906874079619252
122.98	0.16906874079619252
123.124	0.1690693871155463
123.268	0.16907067975425386
123.412	0.16907067975425386
123.556	0.16907067975425386
123.7	0.16907261871231516
123.843	0.1690745576703765
123.987	0.1690777892671454
124.131	0.1690797282252067
124.275	0.16908037454456046
124.419	0.16908037454456046
124.563	0.16908102086391422
124.707	0.16908102086391422
124.85	0.16908102086391422
124.994	0.16908102086391422
125.138	0.1690848987800369
125.282	0.1690848987800369
125.426	0.16908877669615957
125.57	0.16908877669615957
125.713	0.16908877669615957
125.857	0.16908877669615957
126.001	0.16908877669615957
126.145	0.16909006933486712
126.289	0.16909006933486712
126.43299999999999	0.16909006933486712
126.577	0.16909200829292842
126.723	0.16909200829292842
126.864	0.16909200829292842
127.008	0.16909200829292842
127.152	0.16909200829292842
127.296	0.16909200829292842
127.441	0.16909200829292842
127.584	0.16909200829292842
127.73	0.16909200829292842
127.87199999999999	0.16909200829292842
128.016	0.16909200829292842
128.16	0.16909394725098975
128.303	0.16909394725098975
128.447	0.16909200829292842
128.591	0.16909200829292842
128.735	0.16909200829292842
128.878	0.16909394725098975
129.022	0.16909523988969732
129.166	0.16909588620905108
129.31	0.16909588620905108
129.453	0.16909782516711241
129.598	0.16909782516711241
129.74099999999999	0.16909976412517375
129.885	0.16909976412517375
130.029	0.16909782516711241
130.173	0.16909782516711241
130.317	0.16909782516711241
130.461	0.16909782516711241
130.607	0.16909976412517375
130.748	0.16909976412517375
130.892	0.16910170308323508
131.036	0.16909976412517375
131.18	0.16909976412517375
131.325	0.16909976412517375
131.469	0.16909976412517375
131.612	0.16909976412517375
131.756	0.16909976412517375
131.9	0.16909976412517375
132.044	0.16909976412517375
132.188	0.16909976412517375
132.332	0.16909782516711241
132.476	0.16909782516711241
132.62	0.16909782516711241
132.763	0.16909782516711241
132.907	0.16909976412517375
133.051	0.16910170308323508
133.195	0.1691042883606502
133.338	0.16910622731871153
133.483	0.16910816627677286
133.626	0.1691094589154804
133.77	0.16911010523483416
133.914	0.16911398315095683
134.058	0.169119153705787
134.202	0.169119153705787
134.346	0.16912367794126343
134.489	0.16912755585738612
134.633	0.169130787454155
134.777	0.1691327264122163
134.921	0.1691327264122163
135.065	0.16913466537027766
135.209	0.169136604328339
135.353	0.169136604328339
135.496	0.169136604328339
135.641	0.169136604328339
135.786	0.16913725064769275
135.928	0.16913725064769275
136.072	0.169136604328339
136.216	0.169136604328339
136.36	0.169136604328339
136.503	0.169136604328339
136.647	0.16913725064769275
136.791	0.16913789696704654
136.935	0.16913789696704654
137.079	0.16913789696704654
137.222	0.16913789696704654
137.367	0.16913789696704654
137.51	0.16913789696704654
137.654	0.16913725064769275
137.798	0.169136604328339
137.942	0.169136604328339
138.086	0.16913466537027766
138.229	0.1691327264122163
138.374	0.1691327264122163
138.518	0.1691327264122163
138.661	0.1691327264122163
138.805	0.1691327264122163
138.949	0.1691327264122163
139.093	0.1691327264122163
139.237	0.16913466537027766
139.38	0.16913466537027766
139.524	0.16913466537027766
139.668	0.16913466537027766
139.812	0.169136604328339
139.956	0.169136604328339
140.1	0.169136604328339
140.244	0.169136604328339
140.387	0.169136604328339
140.531	0.169136604328339
140.675	0.169136604328339
140.819	0.169136604328339
140.962	0.169136604328339
141.107	0.16913725064769275
141.251	0.16913725064769275
141.395	0.16913789696704654
141.538	0.16913789696704654
141.683	0.16913918960575408
141.827	0.16914048224446165
141.971	0.16914048224446165
142.113	0.16914048224446165
142.258	0.16914242120252299
142.401	0.16914759175735317
142.545	0.16914759175735317
142.689	0.16914759175735317
142.833	0.16915082335412204
142.977	0.16915082335412204
143.121	0.16915082335412204
143.264	0.16915082335412204
143.408	0.16915082335412204
143.552	0.16915082335412204
143.696	0.16915082335412204
143.84	0.16915082335412204
143.984	0.16915276231218335
144.128	0.16915276231218335
144.271	0.16915534758959846
144.415	0.16915534758959846
144.56	0.16915599390895225
144.703	0.16915599390895225
144.849	0.16915599390895225
144.99099999999999	0.16915599390895225
145.134	0.16915599390895225
145.278	0.16915599390895225
145.422	0.16915534758959846
145.566	0.16915276231218335
145.71	0.16915276231218335
145.854	0.16915534758959846
145.99699999999999	0.16915599390895225
146.141	0.16915599390895225
146.285	0.16915599390895225
146.429	0.16915599390895225
146.573	0.16915599390895225
146.717	0.16915599390895225
146.861	0.16915599390895225
147.004	0.16915599390895225
147.149	0.16915599390895225
147.293	0.16915599390895225
147.436	0.16915599390895225
147.58	0.16915534758959846
147.724	0.16915534758959846
147.868	0.16915534758959846
148.012	0.16915599390895225
148.155	0.16915922550572116
148.299	0.1691631034218438
148.443	0.16916892029602779
148.587	0.16916892029602779
148.73	0.16916892029602779
148.876	0.16917538348956554
149.02	0.16917538348956554
149.163	0.16916892029602779
149.307	0.16916892029602779
149.451	0.16915922550572116
149.595	0.16915599390895225
149.738	0.16915599390895225
149.883	0.16915599390895225
150.027	0.1691572865476598
150.17	0.1691572865476598
150.314	0.1691572865476598
150.458	0.1691572865476598
150.602	0.1691572865476598
150.746	0.16916051814442867
150.889	0.16916892029602779
151.033	0.16917538348956554
151.177	0.16917732244762687
151.321	0.16918055404439575
151.465	0.16918055404439575
151.609	0.16918313932181084
151.753	0.1691844319605184
151.897	0.16918507827987217
152.04	0.16918572459922593
152.184	0.16918572459922593
152.328	0.1691870172379335
152.472	0.16918895619599483
152.61599999999999	0.1691896025153486
152.76	0.16919089515405616
152.904	0.1691921877927637
153.047	0.1691921877927637
153.191	0.16919412675082504
153.335	0.16919606570888637
153.479	0.16919671202824016
153.62199999999999	0.16919735834759392
153.767	0.16919865098630146
153.913	0.16919865098630146
154.054	0.16920058994436277
154.198	0.1692031752217779
154.342	0.16920640681854682
154.486	0.16920834577660812
154.63	0.16921028473466942
154.773	0.169211577373377
154.918	0.16921222369273076
155.062	0.1692148089701459
155.205	0.16921674792820723
155.349	0.16921674792820723
155.493	0.16921933320562232
155.637	0.1692219184830374
155.781	0.1692219184830374
155.925	0.16922385744109872
156.069	0.16922579639916005
156.213	0.16922644271851384
156.356	0.1692329059120516
156.5	0.16923872278623558
156.644	0.16924066174429692
156.788	0.16924260070235822
156.931	0.16924389334106577
157.076	0.16924389334106577
157.219	0.16924518597977334
157.363	0.1692458322991271
157.507	0.16924777125718843
157.651	0.16925294181201866
157.795	0.1692568197281413
157.938	0.1692568197281413
158.082	0.16926069764426394
158.226	0.16926845347650926
158.37	0.1692736240313395
158.514	0.1692736240313395
158.658	0.16927491667004704
158.802	0.16927491667004704
158.945	0.16927491667004704
159.089	0.16927491667004704
159.233	0.16927491667004704
159.377	0.16927491667004704
159.521	0.16927491667004704
159.664	0.16927556298940083
159.809	0.16927556298940083
159.952	0.16927556298940083
160.096	0.1692762093087546
160.24	0.1692762093087546
160.384	0.1692762093087546
160.533	0.1692762093087546
160.672	0.1692762093087546
160.818	0.1692762093087546
160.961	0.1692762093087546
161.103	0.16927814826681592
161.24699999999999	0.16927814826681592
161.391	0.16928008722487725
161.535	0.16928008722487725
161.679	0.16928008722487725
161.822	0.16928202618293858
161.966	0.16928396514099991
162.11	0.16928525777970746
162.254	0.16928525777970746
162.398	0.16928719673776876
162.542	0.16928913569583012
162.686	0.16928913569583012
162.829	0.16928913569583012
162.974	0.16928913569583012
163.117	0.16928913569583012
163.261	0.1692904283345377
163.405	0.1692904283345377
163.549	0.16928913569583012
163.693	0.1692904283345377
163.836	0.1692904283345377
163.98	0.1692904283345377
164.124	0.1692904283345377
164.268	0.1692904283345377
164.412	0.1692904283345377
164.556	0.1692904283345377
164.7	0.1692904283345377
164.843	0.16929107465389145
164.987	0.16929107465389145
165.131	0.16929107465389145
165.275	0.16929301361195276
165.419	0.16929107465389145
165.563	0.16929301361195276
165.707	0.16929753784742918
165.85	0.16930076944419806
165.994	0.16930141576355184
166.138	0.16930141576355184
166.283	0.16930206208290563
166.427	0.16930206208290563
166.571	0.16930206208290563
166.714	0.16930335472161318
166.858	0.16930464736032072
167.002	0.16930464736032072
167.146	0.1693052936796745
167.29	0.1693078789570896
167.434	0.16930981791515093
167.578	0.16931175687321226
167.722	0.16931498846998116
167.865	0.16931498846998116
168.009	0.1693162811086887
168.153	0.1693162811086887
168.297	0.1693169274280425
168.441	0.1693188663861038
168.585	0.16932015902481135
168.73	0.16932015902481135
168.874	0.16932080534416513
169.016	0.16932145166351892
169.161	0.1693227443022265
169.304	0.1693227443022265
169.448	0.1693227443022265
169.592	0.1693227443022265
169.736	0.1693227443022265
169.879	0.16932145166351892
170.024	0.16932080534416513
170.168	0.16932080534416513
170.311	0.16932015902481135
170.455	0.16932015902481135
170.599	0.16932015902481135
170.742	0.1693188663861038
170.886	0.1693169274280425
171.03	0.16931498846998116
171.174	0.16931498846998116
171.318	0.16931498846998116
171.462	0.16931498846998116
171.606	0.16931175687321226
171.749	0.16930981791515093
171.897	0.1693078789570896
172.037	0.1693052936796745
172.181	0.16930464736032072
172.324	0.16930464736032072
172.469	0.16930335472161318
172.613	0.16930206208290563
172.756	0.16930206208290563
172.9	0.16930141576355184
173.044	0.16930076944419806
173.188	0.16929753784742918
173.331	0.1692943062506603
173.476	0.169292367292599
173.619	0.1692904283345377
173.763	0.16928913569583012
173.907	0.16928719673776876
174.051	0.16928525777970746
174.195	0.16928396514099991
174.338	0.16928331882164613
174.483	0.169280733544231
174.627	0.16927750194746216
174.77	0.1692762093087546
174.914	0.16927556298940083
175.058	0.16927491667004704
175.202	0.16927491667004704
175.346	0.1692736240313395
175.49	0.16927233139263193
175.636	0.16926845347650926
175.777	0.16926069764426394
175.921	0.1692568197281413
176.065	0.16925294181201866
176.209	0.1692458322991271
176.352	0.16924195438300446
176.496	0.1692413080636507
176.64	0.16924001542494316
176.784	0.16923872278623558
176.928	0.16923484487011292
177.072	0.16923096695399026
177.216	0.16922902799592893
177.36	0.16922644271851384
177.504	0.16922385744109872
177.647	0.16922644271851384
177.791	0.16922385744109872
177.935	0.16922385744109872
178.079	0.1692219184830374
178.223	0.16921933320562232
178.367	0.16921933320562232
178.511	0.16921674792820723
178.655	0.16921933320562232
178.798	0.1692219184830374
178.942	0.1692219184830374
179.086	0.1692219184830374
179.23	0.1692219184830374
179.373	0.1692219184830374
179.518	0.1692219184830374
179.661	0.1692219184830374
179.805	0.16922385744109872
179.949	0.16922385744109872
180.093	0.16922385744109872
180.237	0.16922644271851384
180.381	0.16922644271851384
180.524	0.16922644271851384
180.668	0.16922902799592893
180.812	0.16923096695399026
180.957	0.16922902799592893
181.1	0.16922902799592893
181.244	0.16923096695399026
181.388	0.16923484487011292
181.531	0.16923484487011292
181.675	0.16924001542494316
181.819	0.16924001542494316
181.963	0.16924001542494316
182.107	0.1692413080636507
182.251	0.16924195438300446
182.395	0.16924195438300446
182.538	0.16924195438300446
182.683	0.16924260070235822
182.826	0.16924195438300446
182.97	0.16924195438300446
183.114	0.16924195438300446
183.258	0.1692413080636507
183.402	0.16924001542494316
183.545	0.16923484487011292
183.69	0.16924001542494316
183.835	0.16923484487011292
183.978	0.16923096695399026
184.123	0.16923096695399026
184.267	0.16923096695399026
184.41	0.16922902799592893
184.553	0.16922902799592893
184.697	0.16922644271851384
184.841	0.16922385744109872
184.985	0.1692219184830374
185.129	0.1692219184830374
185.273	0.1692219184830374
185.417	0.16921933320562232
185.56	0.16921610160885345
185.704	0.16921610160885345
185.848	0.16921610160885345
185.992	0.1692141626507921
186.136	0.16921610160885345
186.28	0.16921933320562232
186.424	0.1692219184830374
186.567	0.1692219184830374
186.711	0.16922256480239117
186.855	0.1692245037604525
186.999	0.1692245037604525
187.143	0.16922644271851384
187.287	0.16922644271851384
187.431	0.1692245037604525
187.574	0.16922644271851384
187.718	0.16922644271851384
187.862	0.16922644271851384
188.006	0.16922644271851384
188.15	0.16922644271851384
188.294	0.16922644271851384
188.438	0.16922902799592893
188.581	0.16922902799592893
188.725	0.16922902799592893
188.869	0.16922902799592893
189.013	0.16922902799592893
189.157	0.16923096695399026
189.301	0.16923096695399026
189.445	0.16923096695399026
189.588	0.16923096695399026
189.732	0.16923096695399026
189.876	0.16923096695399026
190.023	0.16923096695399026
190.164	0.16923096695399026
190.308	0.16923096695399026
190.452	0.16923096695399026
190.595	0.16923096695399026
190.739	0.1692361375088205
190.883	0.1692361375088205
191.027	0.1692361375088205
191.171	0.1692413080636507
191.314	0.16923743014752804
191.458	0.16923225959269783
191.602	0.16923743014752804
191.746	0.16923225959269783
191.89	0.16923096695399026
192.033	0.16923096695399026
192.178	0.16923096695399026
192.321	0.16922838167657517
192.465	0.1692245037604525
192.609	0.16922256480239117
192.753	0.16922256480239117
192.897	0.16922256480239117
193.041	0.16922256480239117
193.185	0.1692219184830374
193.328	0.1692219184830374
193.472	0.1692219184830374
193.61599999999999	0.1692219184830374
193.76	0.1692219184830374
193.904	0.1692219184830374
194.048	0.1692219184830374
194.192	0.1692219184830374
194.335	0.1692219184830374
194.479	0.1692219184830374
194.623	0.1692219184830374
194.767	0.1692219184830374
194.911	0.1692219184830374
195.054	0.1692219184830374
195.199	0.1692219184830374
195.343	0.16921933320562232
195.486	0.16921610160885345
195.63	0.16921545528949966
195.774	0.16921545528949966
195.918	0.16921545528949966
196.061	0.1692141626507921
196.206	0.16921222369273076
196.349	0.16921222369273076
196.493	0.16921028473466942
196.637	0.16921028473466942
196.781	0.16921028473466942
196.925	0.16921028473466942
197.068	0.16921028473466942
197.213	0.16921028473466942
197.356	0.16921028473466942
197.5	0.16921028473466942
197.644	0.16921028473466942
197.788	0.16921028473466942
197.932	0.16921028473466942
198.076	0.16921028473466942
198.22	0.16921028473466942
198.364	0.16920705313790058
198.507	0.16920511417983924
198.651	0.16920446786048546
198.795	0.1692025289024241
198.939	0.1692025289024241
199.085	0.16920058994436277
199.227	0.169199943625009
199.37	0.16919865098630146
199.514	0.16919865098630146
199.658	0.16919735834759392
199.802	0.16919735834759392
199.946	0.16919735834759392
200.089	0.16919735834759392
200.233	0.16919735834759392
200.377	0.16919735834759392
200.521	0.16919735834759392
200.665	0.16919735834759392
200.809	0.16919735834759392
200.953	0.16919735834759392
201.096	0.1691954193895326
201.24099999999999	0.1691928341121175
201.385	0.16919024883470238
201.529	0.16918830987664105
201.673	0.16918830987664105
201.817	0.16918830987664105
201.961	0.1691870172379335
202.104	0.16918507827987217
202.248	0.1691844319605184
202.392	0.16918313932181084
202.536	0.16918055404439575
202.68	0.1691792614056882
202.824	0.16917473717021175
202.968	0.16916633501861267
203.111	0.16915922550572116
203.255	0.16915599390895225
203.399	0.16915534758959846
203.543	0.16915146967347583
203.687	0.1691475917573532
203.831	0.1691469454379994
203.975	0.1691469454379994
204.118	0.1691443601605843
204.262	0.1691411285638154
204.406	0.16913918960575408
204.55	0.16913595800898523
204.694	0.1691340190509239
204.838	0.1691333727315701
204.982	0.16913143377350875
205.125	0.1691301411348012
205.269	0.16912949481544745
205.413	0.1691288484960937
205.56	0.16912755585738612
205.7	0.16912238530255588
205.845	0.16911786106707943
205.988	0.16911721474772567
206.132	0.16911527578966434
206.276	0.1691120441928955
206.42	0.1691120441928955
206.564	0.1691120441928955
206.707	0.1691120441928955
206.852	0.1691120441928955
206.996	0.16911075155418795
207.139	0.16911075155418795
207.283	0.16911010523483416
207.427	0.16910751995741907
207.571	0.16910558099935774
207.714	0.16910558099935774
207.858	0.16910558099935774
208.002	0.16910558099935774
208.149	0.16910299572194265
208.29	0.16910299572194265
208.434	0.16910299572194265
208.578	0.16910299572194265
208.721	0.16910299572194265
208.86599999999999	0.16910299572194265
209.009	0.16910299572194265
209.153	0.16909782516711241
209.297	0.16909782516711241
209.441	0.16909523988969732
209.585	0.16909394725098975
209.728	0.16909394725098975
209.87199999999999	0.16909394725098975
210.016	0.16909394725098975
210.16	0.1690907156542209
210.304	0.1690907156542209
210.448	0.1690907156542209
210.592	0.1690907156542209
210.735	0.16908877669615957
210.879	0.16908877669615957
211.023	0.16908877669615957
211.167	0.16908683773809824
211.311	0.16908683773809824
211.455	0.16908683773809824
211.599	0.1690823135026218
211.742	0.1690823135026218
211.887	0.1690823135026218
212.031	0.1690797282252067
212.175	0.16907843558649915
212.318	0.16907714294779158
212.461	0.16907649662843782
212.606	0.16907649662843782
212.749	0.1690745576703765
212.893	0.1690745576703765
213.037	0.16907326503166895
213.181	0.16907326503166895
213.325	0.16907132607360764
213.469	0.16906874079619252
213.613	0.16906809447683874
213.756	0.16906486288006986
213.9	0.1690603386445934
214.044	0.16905904600588587
214.188	0.16905904600588587
214.332	0.16905904600588587
214.476	0.16905839968653208
214.62	0.16905775336717832
214.763	0.16905646072847078
214.907	0.16905452177040942
215.051	0.16905452177040942
215.195	0.16905258281234808
215.339	0.16904870489622545
215.483	0.16904611961881036
215.627	0.1690448269801028
215.77	0.1690448269801028
215.914	0.16904288802204145
216.058	0.16904288802204145
216.202	0.16904224170268767
216.345	0.16904094906398015
216.49	0.1690396564252726
216.634	0.1690396564252726
216.777	0.16903901010591882
216.921	0.16903513218979616
217.069	0.16903513218979616
217.209	0.16903513218979616
217.352	0.16902996163496595
217.49699999999999	0.16902802267690462
217.64	0.1690260837188433
217.784	0.16902414476078198
217.928	0.16902220580272065
218.072	0.1690202668446593
218.216	0.1690202668446593
218.359	0.16901897420595174
218.504	0.16901897420595174
218.647	0.16901897420595174
218.792	0.1690176815672442
218.936	0.1690176815672442
219.08	0.1690170352478904
219.224	0.16901638892853663
219.367	0.16901638892853663
219.512	0.16901509628982908
219.655	0.16901380365112154
219.799	0.16901509628982908
219.943	0.16901509628982908
220.087	0.16901380365112154
220.231	0.16901380365112154
220.374	0.16901380365112154
220.519	0.16901380365112154
220.665	0.16901380365112154
220.806	0.16901380365112154
220.95	0.16901380365112154
221.094	0.16901315733176775
221.238	0.16901315733176775
221.381	0.16901121837370645
221.526	0.1690099257349989
221.669	0.1690099257349989
221.813	0.1690073404575838
221.957	0.1690073404575838
222.101	0.16900281622210736
222.245	0.16899958462533848
222.388	0.16899958462533848
222.533	0.16899958462533848
222.676	0.16899958462533848
222.82	0.16899958462533848
222.964	0.16900281622210736
223.108	0.16900281622210736
223.252	0.16900281622210736
223.395	0.16900281622210736
223.539	0.1690073404575838
223.683	0.1690073404575838
223.827	0.1690073404575838
223.971	0.1690073404575838
224.115	0.1690099257349989
224.259	0.1690099257349989
224.402	0.16901121837370645
224.546	0.16901315733176775
224.691	0.16901380365112154
224.834	0.16901380365112154
224.978	0.16901509628982908
225.12199999999999	0.1690170352478904
225.266	0.16901897420595174
225.409	0.1690202668446593
225.553	0.1690202668446593
225.697	0.16902220580272065
225.841	0.16902414476078198
225.985	0.16902414476078198
226.131	0.16902414476078198
226.273	0.16902414476078198
226.417	0.1690260837188433
226.56	0.16902414476078198
226.704	0.1690260837188433
226.848	0.1690260837188433
226.992	0.16902931531561216
227.136	0.1690312542736735
227.28	0.1690312542736735
227.423	0.1690338395510886
227.567	0.1690338395510886
227.711	0.1690338395510886
227.855	0.16903901010591882
227.999	0.16903901010591882
228.143	0.16903901010591882
228.287	0.16903901010591882
228.43	0.16904224170268767
228.574	0.16904224170268767
228.718	0.16904224170268767
228.862	0.16904224170268767
229.006	0.16904224170268767
229.15	0.16904224170268767
229.293	0.16904224170268767
229.437	0.16904224170268767
229.581	0.16904224170268767
229.725	0.16904224170268767
229.869	0.16904224170268767
230.013	0.16904288802204145
230.157	0.16904288802204145
230.3	0.16904288802204145
230.444	0.16904288802204145
230.588	0.16904288802204145
230.732	0.16904288802204145
230.876	0.16904353434139524
231.02	0.16904353434139524
231.164	0.16904353434139524
231.307	0.16904353434139524
231.451	0.16904353434139524
231.595	0.16904353434139524
231.739	0.16904353434139524
231.882	0.16904353434139524
232.027	0.16904353434139524
232.17	0.16904353434139524
232.314	0.1690448269801028
232.458	0.1690448269801028
232.602	0.1690448269801028
232.746	0.1690448269801028
232.89	0.16904611961881036
233.034	0.16904611961881036
233.177	0.16904611961881036
233.321	0.16904870489622545
233.465	0.16904870489622545
233.609	0.16905258281234808
233.753	0.169055814409117
233.897	0.169055814409117
234.041	0.169055814409117
234.185	0.169055814409117
234.328	0.169055814409117
234.472	0.169055814409117
234.61599999999999	0.169055814409117
234.76	0.169055814409117
234.903	0.169055814409117
235.048	0.16905839968653208
235.194	0.16905839968653208
235.335	0.16905839968653208
235.479	0.16905839968653208
235.623	0.16905839968653208
235.767	0.16905904600588587
235.91	0.16905904600588587
236.055	0.16905904600588587
236.199	0.16906098496394717
236.343	0.1690629239220085
236.487	0.1690629239220085
236.631	0.1690629239220085
236.775	0.1690629239220085
236.918	0.1690629239220085
237.063	0.1690629239220085
237.206	0.1690629239220085
237.35	0.1690629239220085
237.494	0.1690629239220085
237.638	0.1690629239220085
237.782	0.1690661555187774
237.925	0.1690661555187774
238.07	0.1690661555187774
238.214	0.1690661555187774
238.357	0.1690693871155463
238.501	0.16907067975425386
238.646	0.16907067975425386
238.79	0.16907067975425386
238.932	0.16907067975425386
239.076	0.16907067975425386
239.221	0.16907067975425386
239.364	0.16907067975425386
239.508	0.16907067975425386
239.653	0.16907067975425386
239.796	0.16907067975425386
239.94	0.16907067975425386
240.084	0.16907067975425386
240.228	0.16907067975425386
240.37199999999999	0.16907261871231516
240.515	0.16907261871231516
240.659	0.16907261871231516
240.803	0.16907649662843782
240.946	0.1690797282252067
241.091	0.1690797282252067
241.234	0.169081667183268
241.378	0.169081667183268
241.522	0.169081667183268
241.666	0.169081667183268
241.81	0.169081667183268
241.953	0.169081667183268
242.097	0.1690842524606831
242.24099999999999	0.1690842524606831
242.385	0.1690842524606831
242.529	0.16908489878003688
242.673	0.16908489878003688
242.817	0.16908489878003688
242.96	0.16908619141874442
243.104	0.16908619141874442
243.248	0.16909136197357466
243.392	0.16909588620905108
243.536	0.16909782516711241
243.68	0.16909976412517375
243.824	0.16910041044452753
243.968	0.16910170308323508
244.111	0.1691042883606502
244.258	0.16910558099935774
244.399	0.16910816627677283
244.543	0.16911269051224925
244.687	0.16911592210901813
244.831	0.16911721474772567
244.975	0.16912109266384834
245.118	0.1691275558573861
245.262	0.1691301411348012
245.406	0.16913143377350875
245.55	0.1691327264122163
245.694	0.1691327264122163
245.838	0.16913466537027766
245.982	0.16913725064769275
246.128	0.16913918960575408
246.273	0.16914048224446165
246.413	0.1691411285638154
246.557	0.16914177488316917
246.701	0.16914694543799938
246.845	0.16915728654765982
246.989	0.16916439606055134
247.132	0.16916633501861267
247.276	0.16916633501861267
247.42	0.1691708592540891
247.564	0.16917667612827308
247.708	0.1691812003637495
247.852	0.16918507827987217
247.996	0.16918572459922593
248.139	0.1691870172379335
248.283	0.16918830987664105
248.427	0.16918830987664105
248.571	0.16918895619599483
248.715	0.16919089515405616
248.859	0.1691921877927637
249.002	0.1691928341121175
249.146	0.1691954193895326
249.29	0.1691954193895326
249.434	0.16919929730565525
249.578	0.1692031752217779
249.722	0.16920705313790058
249.86599999999999	0.1692109310540232
250.01	0.16921804056691475
250.153	0.16922838167657517
250.297	0.16923419855075916
250.444	0.16923872278623558
250.587	0.16924389334106577
250.729	0.16924712493783467
250.873	0.1692516491733111
251.017	0.16925552708943375
251.16	0.1692568197281413
251.304	0.16925875868620263
251.448	0.16926263660232527
251.592	0.16926651451844793
251.735	0.16926845347650926
251.88	0.1692703924345706
252.023	0.1692736240313395
252.167	0.16927750194746216
252.311	0.1692813798635848
252.455	0.16928331882164613
252.599	0.16928525777970746
252.743	0.16929430625066033
252.886	0.1693078789570896
253.03	0.16931757374739625
253.174	0.16932532957964158
253.32	0.1693324390925331
253.462	0.16933696332800952
253.606	0.16933890228607085
253.751	0.16934924339573126
253.894	0.16936475506022192
254.039	0.1693757424892361
254.183	0.16938220568277385
254.327	0.16938543727954272
254.47	0.16938931519566539
254.614	0.16939319311178805
254.758	0.1693970710279107
254.901	0.16939900998597204
255.045	0.16940288790209468
255.189	0.16941387533110888
255.333	0.16942744803753818
255.477	0.16943520386978347
255.621	0.169442313382675
255.765	0.169448130256859
255.90800000000002	0.16944942289556653
256.052	0.16945136185362786
256.196	0.1694533008116892
256.34	0.16945911768587318
256.484	0.1694668735181185
256.628	0.16947592198907135
256.772	0.1694823851826091
256.916	0.1694830315019629
257.059	0.16948755573743934
257.203	0.16949207997291577
257.347	0.16949272629226952
257.491	0.1694966042083922
257.635	0.16950242108257618
257.778	0.1695069453180526
257.922	0.16951728642771302
258.066	0.1695256885793121
258.21	0.16952762753737344
258.354	0.16953215177284986
258.498	0.16953667600832628
258.642	0.1695386149663876
258.785	0.16954055392444894
258.929	0.1695424928825103
259.073	0.16954378552121785
259.217	0.16954572447927913
259.361	0.16955154135346312
259.505	0.1695586508663547
259.649	0.16956188246312354
259.793	0.1695638214211849
259.936	0.16956576037924623
260.08	0.16957093093407644
260.224	0.16957674780826043
260.368	0.16958127204373685
260.511	0.16958579627921327
260.656	0.16958773523727458
260.8	0.16958773523727458
260.943	0.16958902787598215
261.087	0.16959032051468972
261.231	0.16959290579210484
261.375	0.16959549106951993
261.519	0.16960001530499635
261.663	0.1696045395404728
261.806	0.1696064784985341
261.95	0.1696090637759492
262.094	0.16960971009530298
262.238	0.16960971009530298
262.386	0.16961100273401053
262.526	0.16961294169207186
262.669	0.16961358801142568
262.813	0.16961940488560961
262.957	0.16962909967591627
263.101	0.16963297759203894
263.245	0.16963427023074648
263.389	0.16964073342428423
263.533	0.16964590397911444
263.677	0.16964655029846823
263.82	0.16964848925652956
263.964	0.1696523671726522
264.108	0.1696549524500673
264.252	0.16965624508877486
264.396	0.1696581840468362
264.54	0.1696601230048975
264.684	0.1696620619629588
264.827	0.1696659398790815
264.971	0.1696691714758504
265.115	0.1696691714758504
265.259	0.1696691714758504
265.403	0.1696691714758504
265.547	0.16966981779520415
265.693	0.16966981779520415
265.834	0.16966981779520415
265.978	0.16967175675326546
266.122	0.16967304939197303
266.266	0.1696736957113268
266.41	0.16967757362744945
266.553	0.16968209786292593
266.698	0.16968597577904854
266.842	0.16968856105646363
266.985	0.1696924389725863
267.129	0.1696976095274165
267.273	0.16969954848547786
267.417	0.16970019480483164
267.561	0.1697014874435392
267.704	0.16970342640160047
267.849	0.16970342640160047
267.992	0.16970601167901558
268.136	0.16970795063707692
268.28	0.1697111822338458
268.424	0.1697176454273836
268.569	0.16972152334350624
268.711	0.16972216966286
268.855	0.16972216966286
268.999	0.1697241086209213
269.143	0.16973121813381287
269.287	0.16973638868864308
269.431	0.16973703500799686
269.575	0.16973768132735062
269.718	0.1697389739660582
269.862	0.16974220556282704
270.006	0.1697460834789497
270.15	0.16974802243701104
270.294	0.16974802243701104
270.438	0.16974802243701104
270.581	0.1697486687563648
270.725	0.16975060771442615
270.86899999999997	0.16975190035313373
271.013	0.1697551319499026
271.158	0.16975836354667145
271.302	0.16976030250473279
271.447	0.1697622414627941
271.589	0.16976288778214788
271.733	0.1697648267402092
271.877	0.16976805833697808
272.021	0.16976999729503942
272.165	0.16976999729503942
272.309	0.16977258257245453
272.453	0.16977710680793096
272.596	0.16978033840469983
272.74	0.16978163104340738
272.884	0.16978227736276116
273.028	0.16978292368211495
273.171	0.16978615527888383
273.316	0.1697893868756527
273.46	0.1697893868756527
273.603	0.1697893868756527
273.747	0.16979261847242155
273.891	0.16979778902725176
274.035	0.16980037430466688
274.178	0.1698023132627282
274.323	0.16980360590143576
274.466	0.16980425222078954
274.61	0.16980489854014333
274.754	0.16980619117885087
274.898	0.1698081301369122
275.042	0.16981459333044996
275.186	0.1698217028433415
275.329	0.16982299548204904
275.474	0.16982493444011038
275.617	0.16982816603687928
275.761	0.16983139763364813
275.905	0.16983721450783212
276.049	0.16983721450783212
276.193	0.16984173874330855
276.336	0.16984367770136988
276.484	0.1698456166594312
276.627	0.16984755561749254
276.768	0.16985078721426142
276.915	0.16985337249167654
277.059	0.1698572504077992
277.2	0.16986112832392186
277.344	0.16986177464327565
277.487	0.16986177464327565
277.631	0.16986177464327565
277.775	0.1698630672819832
277.919	0.16986565255939826
278.063	0.16986565255939826
278.207	0.16986565255939826
278.35	0.16986565255939826
278.49399999999997	0.16986565255939826
278.638	0.16986565255939826
278.782	0.16986759151745956
278.926	0.1698695304755209
279.069	0.1698727620722898
279.213	0.16987534734970489
279.357	0.16987793262712
279.501	0.16987987158518134
279.645	0.16988116422388888
279.789	0.16988245686259645
279.933	0.1698831031819502
280.077	0.16988504214001154
280.22	0.16988698109807288
280.367	0.16988762741742666
280.508	0.16988956637548797
280.652	0.16989538324967196
280.796	0.16990378540127105
280.94	0.16990895595610123
281.084	0.169909602275455
281.227	0.16991089491416256
281.371	0.1699160654689928
281.515	0.1699218823431768
281.659	0.16992576025929942
281.803	0.16992769921736076
281.946	0.16992769921736076
282.091	0.1699296381754221
282.235	0.1699296381754221
282.379	0.1699322234528372
282.523	0.1699322234528372
282.666	0.16993416241089854
282.81	0.16993610136895987
282.953	0.16993674768831363
283.097	0.16993674768831363
283.241	0.16993674768831363
283.385	0.16993674768831363
283.529	0.16993674768831363
283.673	0.16993674768831363
283.817	0.16993610136895987
283.961	0.16993610136895987
284.104	0.16993610136895987
284.248	0.16993610136895987
284.392	0.16993674768831363
284.536	0.16993674768831363
284.68	0.16993674768831363
284.824	0.16993674768831363
284.968	0.16993674768831363
285.111	0.16993804032702117
285.255	0.16993804032702117
285.399	0.16993804032702117
285.543	0.16993804032702117
285.686	0.16993804032702117
285.831	0.16993804032702117
285.974	0.16993804032702117
286.118	0.16993933296572872
286.262	0.16994256456249757
286.406	0.16994644247862023
286.55	0.16994708879797404
286.694	0.1699483814366816
286.837	0.16995032039474292
286.982	0.16995290567215804
287.125	0.16995290567215804
287.269	0.16995290567215804
287.413	0.16995419831086556
287.557	0.16995419831086556
287.701	0.16995419831086556
287.844	0.16995419831086556
287.988	0.16995419831086556
288.132	0.16995419831086556
288.276	0.16995419831086556
288.42	0.16995419831086556
288.564	0.16995484463021934
288.71	0.1699561372689269
288.853	0.16995742990763443
288.996	0.16995742990763443
289.14	0.16995742990763443
289.288	0.16995807622698822
289.431	0.16996001518504955
289.571	0.16996130782375712
289.716	0.1699651857398798
289.86	0.1699651857398798
290.003	0.1699651857398798
290.147	0.16997100261406375
290.291	0.16997100261406375
290.435	0.16997100261406375
290.578	0.16997100261406375
290.723	0.16997100261406375
290.867	0.16997100261406375
291.01	0.16997100261406375
291.154	0.16997358789147884
291.298	0.16997358789147884
291.442	0.16997100261406375
291.585	0.16997100261406375
291.729	0.16996583205923355
291.873	0.16996195414311088
292.017	0.16996130782375712
292.161	0.16996130782375712
292.305	0.16996001518504955
292.449	0.16996001518504955
292.592	0.16996001518504955
292.737	0.16995807622698822
292.88	0.16995742990763443
293.024	0.16995742990763443
293.168	0.1699561372689269
293.312	0.1699561372689269
293.456	0.1699561372689269
293.599	0.16995742990763443
293.74399999999997	0.16995742990763443
293.887	0.1699561372689269
294.031	0.1699561372689269
294.175	0.16995484463021934
294.319	0.16995484463021934
294.463	0.16995484463021934
294.606	0.16995484463021934
294.751	0.16995484463021934
294.894	0.16995484463021934
295.038	0.16995484463021934
295.184	0.16995484463021934
295.326	0.16995484463021934
295.47	0.16995484463021934
295.617	0.16995484463021934
295.758	0.1699561372689269
295.901	0.16995742990763443
296.045	0.16995742990763443
296.19	0.16995742990763443
296.334	0.16995742990763443
296.477	0.16995807622698822
296.621	0.16996001518504955
296.764	0.16996001518504955
296.908	0.16996001518504955
297.052	0.16996130782375712
297.196	0.16996195414311088
297.34	0.16996195414311088
297.484	0.16996453942052597
297.627	0.1699664783785873
297.771	0.16996777101729488
297.915	0.16997100261406375
298.059	0.16997358789147884
298.203	0.16997552684954015
298.347	0.1699800510850166
298.493	0.1699832826817855
298.634	0.1699832826817855
298.778	0.1699839290011393
298.922	0.16998651427855438
299.066	0.16998651427855438
299.21	0.16998651427855438
299.354	0.16998651427855438
299.498	0.16998845323661568
299.641	0.16998845323661568
299.785	0.16998845323661568
299.929	0.16998845323661568
300.073	0.16999039219467704
300.217	0.16999362379144592
300.361	0.16999491643015346
300.505	0.16999491643015346
300.648	0.16999556274950722
300.792	0.169996209068861
300.936	0.16999814802692234
301.08	0.16999814802692234
301.224	0.17000008698498367
301.368	0.17000137962369122
301.512	0.17000331858175255
301.655	0.17000590385916767
301.799	0.170007842817229
301.943	0.170007842817229
302.087	0.170007842817229
302.231	0.170007842817229
302.375	0.170007842817229
302.519	0.170007842817229
302.662	0.17000913545593654
302.806	0.1700123670527054
302.95	0.17001430601076672
303.094	0.17001430601076672
303.238	0.17001624496882806
303.382	0.1700181839268894
303.526	0.17001947656559696
303.669	0.17002141552365826
303.813	0.17002141552365826
303.957	0.17002206184301202
304.101	0.17002206184301202
304.245	0.17002206184301202
304.389	0.17002206184301202
304.532	0.17002206184301202
304.676	0.17002206184301202
304.82	0.17002206184301202
304.964	0.17002206184301202
305.108	0.17002206184301202
305.252	0.17002206184301202
305.396	0.17002206184301202
305.54	0.17002206184301202
305.683	0.17002335448171957
305.827	0.17002335448171957
305.971	0.17002335448171957
306.114	0.17002335448171957
306.26	0.17002335448171957
306.404	0.17002335448171957
306.548	0.17002335448171957
306.691	0.17002335448171957
306.835	0.17002335448171957
306.979	0.17002529343978093
307.123	0.17002335448171957
307.267	0.17002335448171957
307.41	0.17002335448171957
307.56	0.17002335448171957
307.698	0.17002335448171957
307.842	0.17002335448171957
307.986	0.17002335448171957
308.129	0.17002529343978093
308.274	0.17002529343978093
308.418	0.17002529343978093
308.561	0.17002529343978093
308.705	0.17002529343978093
308.85	0.17002529343978093
308.993	0.17002529343978093
309.136	0.17002335448171957
309.281	0.17002206184301202
309.425	0.17002206184301202
309.568	0.17002206184301202
309.712	0.17002141552365826
309.856	0.17002141552365826
310.0	0.17002141552365826
310.144	0.17002141552365826
310.287	0.17001947656559696
310.432	0.17001947656559696
310.577	0.17001947656559696
310.721	0.17001947656559696
310.863	0.1700181839268894
311.007	0.1700181839268894
311.151	0.1700181839268894
311.294	0.1700181839268894
311.438	0.1700181839268894
311.582	0.1700181839268894
311.726	0.17001689128818182
311.87	0.17001689128818182
312.014	0.17001689128818182
312.158	0.17001689128818182
312.301	0.17001689128818182
312.447	0.17001689128818182
312.589	0.17001689128818182
312.733	0.17001689128818182
312.877	0.17001689128818182
313.021	0.17001689128818182
313.165	0.17001689128818182
313.308	0.17001689128818182
313.452	0.17001689128818182
313.596	0.17001689128818182
313.74	0.17001689128818182
313.884	0.1700181839268894
314.028	0.17001947656559696
314.172	0.1700207692043045
314.315	0.1700207692043045
314.459	0.1700207692043045
314.603	0.17002141552365826
314.747	0.17002206184301202
314.891	0.17002206184301202
315.035	0.17002206184301202
315.179	0.17002206184301202
315.322	0.17002335448171957
315.469	0.17002464712042714
315.613	0.17002464712042714
315.754	0.17002529343978093
315.901	0.17002593975913471
316.045	0.17002787871719605
316.186	0.17003111031396492
316.329	0.17003304927202623
316.474	0.17003498823008756
316.61899999999997	0.17003628086879513
316.761	0.17003628086879513
316.905	0.17003628086879513
317.049	0.17003628086879513
317.193	0.1700369271881489
317.336	0.17003757350750268
317.48	0.17003757350750268
317.624	0.17003886614621022
317.768	0.1700401587849178
317.912	0.1700401587849178
318.056	0.17004080510427155
318.2	0.17004274406233288
318.343	0.17004274406233288
318.487	0.17004274406233288
318.631	0.17004468302039422
318.775	0.170045329339748
318.919	0.170045329339748
319.063	0.17004662197845555
319.207	0.17004856093651682
319.35	0.17004856093651682
319.49399999999997	0.17004856093651682
319.638	0.17004856093651682
319.782	0.17005373149134706
319.926	0.17005373149134706
320.07	0.17005825572682348
320.214	0.17005825572682348
320.357	0.17005825572682348
320.501	0.17005825572682348
320.645	0.17005825572682348
320.789	0.17005825572682348
320.933	0.17005825572682348
321.077	0.17005825572682348
321.221	0.17005825572682348
321.364	0.17005825572682348
321.508	0.17005825572682348
321.652	0.17005825572682348
321.796	0.17005825572682348
321.94	0.17005825572682348
322.084	0.17005825572682348
322.228	0.17005825572682348
322.371	0.17005825572682348
322.515	0.17005825572682348
322.659	0.17005825572682348
322.803	0.17005825572682348
322.948	0.17005825572682348
323.091	0.17005825572682348
323.235	0.17005825572682348
323.378	0.17005825572682348
323.522	0.17005825572682348
323.667	0.17005825572682348
323.811	0.17005825572682348
323.956	0.17005825572682348
324.099	0.17005825572682348
324.243	0.17005825572682348
324.387	0.17005825572682348
324.531	0.17005825572682348
324.675	0.17005825572682348
324.818	0.17005825572682348
324.962	0.17005825572682348
325.106	0.17005825572682348
325.25	0.17005825572682348
325.393	0.17005825572682348
325.537	0.17005890204617724
325.684	0.17005890204617724
325.825	0.17005890204617724
325.969	0.17005890204617724
326.113	0.17005954836553103
326.257	0.17005954836553103
326.4	0.17006084100423857
326.544	0.17006213364294614
326.688	0.17006213364294614
326.832	0.17006213364294614
326.976	0.17006213364294614
327.12	0.17006213364294614
327.263	0.17006213364294614
327.407	0.17006277996229993
327.551	0.17006277996229993
327.695	0.1700647189203613
327.839	0.17006859683648393
327.983	0.17007247475260656
328.127	0.1700744137106679
328.27	0.17007699898808304
328.414	0.17008216954291322
328.558	0.1700873400977434
328.702	0.1700899253751585
328.846	0.17009057169451228
328.99	0.17009186433321982
329.134	0.1700931569719274
329.278	0.1700963885686963
329.421	0.17010414440094163
329.565	0.17010866863641805
329.709	0.17010866863641805
329.853	0.17010866863641805
329.997	0.17010866863641805
330.14	0.17010866863641805
330.284	0.17010866863641805
330.428	0.17010866863641805
330.572	0.17010866863641805
330.716	0.17010866863641805
330.86	0.17010866863641805
331.004	0.17010866863641805
331.148	0.17010866863641805
331.292	0.17010866863641805
331.435	0.17010866863641805
331.579	0.17010866863641805
331.723	0.17010866863641805
331.867	0.17010866863641805
332.011	0.17010866863641805
332.155	0.17010866863641805
332.299	0.1701099612751256
332.442	0.17011190023318692
332.586	0.17011448551060204
332.73	0.17011836342672465
332.874	0.17012159502349353
333.018	0.17012288766220107
333.161	0.17012353398155483
333.305	0.17012547293961616
333.449	0.17012676557832374
333.593	0.17012870453638507
333.737	0.17013064349444643
333.881	0.17013064349444643
334.025	0.17013128981380019
334.169	0.17013193613315394
334.312	0.17013193613315394
334.456	0.17013193613315394
334.603	0.17013193613315394
334.74399999999997	0.17013452141056906
334.888	0.17013904564604548
335.032	0.17014356988152193
335.176	0.17014615515893705
335.319	0.17014809411699838
335.463	0.17015132571376723
335.607	0.1701526183524748
335.751	0.17015649626859744
335.894	0.17016037418472008
336.039	0.1701610205040739
336.182	0.17016166682342768
336.326	0.17016295946213522
336.47	0.17016425210084274
336.614	0.17016619105890407
336.758	0.17016877633631916
336.902	0.1701739468911494
337.046	0.17018041008468715
337.189	0.17018041008468715
337.333	0.17018041008468715
337.477	0.17018299536210227
337.621	0.1701855806395174
337.765	0.17018881223628624
337.908	0.17019075119434757
338.053	0.1701926901524089
338.197	0.17019462911047023
338.341	0.170195275429824
338.485	0.1701985070265929
338.629	0.17020173862336177
338.772	0.17020238494271556
338.915	0.17020497022013065
339.059	0.17020949445560707
339.203	0.17021272605237597
339.347	0.1702146650104373
339.491	0.17021660396849864
339.635	0.17021854292655994
339.779	0.17021983556526749
339.922	0.17022177452332882
340.066	0.17022371348139015
340.21	0.1702243598007439
340.354	0.1702250061200977
340.498	0.1702301766749279
340.645	0.1702359935491119
340.786	0.17023987146523453
340.93	0.1702431030620034
341.073	0.1702437493813572
341.218	0.17024568833941855
341.362	0.1702469809781261
341.506	0.17024827361683365
341.65	0.17025150521360252
341.794	0.17025344417166385
341.938	0.17025409049101764
342.081	0.1702547368103714
342.225	0.17025796840714025
342.36899999999997	0.1702618463232629
342.513	0.17026378528132424
342.657	0.1702676631974469
342.801	0.170270248474862
342.944	0.17027154111356957
343.088	0.17027283375227711
343.232	0.17027865062646108
343.376	0.17028576013935265
343.52	0.17028576013935265
343.666	0.17028576013935265
343.808	0.17028576013935265
343.952	0.17028576013935265
344.095	0.17028899173612153
344.239	0.17028899173612153
344.383	0.17029157701353664
344.527	0.17029157701353664
344.671	0.17029222333289043
344.814	0.17029222333289043
344.958	0.17029222333289043
345.102	0.17029222333289043
345.246	0.17029222333289043
345.374	0.17029222333289043
345.518	0.17029222333289043
345.662	0.17029351597159798
345.806	0.17029480861030552
345.949	0.17029480861030552
346.093	0.17029480861030552
346.237	0.17029480861030552
346.381	0.17029480861030552
346.525	0.1702973938877206
346.669	0.17030191812319703
346.813	0.17030191812319703
346.956	0.17030191812319703
347.1	0.17030191812319703
347.24399999999997	0.17030191812319703
347.388	0.17030191812319703
347.532	0.17030191812319703
347.676	0.1703051497199659
347.819	0.17030708867802724
347.963	0.17030902763608857
348.107	0.17031032027479612
348.251	0.17031225923285745
348.395	0.17031419819091878
348.538	0.17031225923285745
348.683	0.17031225923285745
348.826	0.17031419819091878
348.97	0.17031419819091878
349.114	0.1703161371489801
349.258	0.1703161371489801
349.402	0.17031872242639523
349.545	0.170319368745749
349.689	0.170319368745749
349.833	0.170319368745749
349.977	0.170319368745749
350.121	0.170319368745749
350.265	0.170319368745749
350.409	0.17032195402316408
350.552	0.17032195402316408
350.697	0.1703245393005792
350.84	0.1703245393005792
350.984	0.17032647825864053
351.128	0.17032841721670186
351.272	0.17032841721670186
351.416	0.17032841721670186
351.56	0.17032906353605565
351.703	0.17033488041023961
351.849	0.17034069728442358
351.992	0.1703426362424849
352.136	0.17034457520054624
352.284	0.17034651415860758
352.426	0.1703484531166689
352.571	0.170351038394084
352.716	0.17035620894891423
352.858	0.170362672142452
352.998	0.17036655005857465
353.142	0.17036913533598974
353.286	0.17037301325211238
353.43	0.1703749522101737
353.573	0.1703749522101737
353.717	0.17037624484888125
353.861	0.17037624484888125
354.005	0.17037818380694258
354.149	0.17037883012629637
354.293	0.17038012276500392
354.437	0.17038206172306525
354.58	0.17038270804241903
354.724	0.17038400068112658
354.868	0.1703859396391879
355.012	0.17038787859724924
355.156	0.1703891712359568
355.3	0.1703891712359568
355.444	0.1703891712359568
355.587	0.17038981755531057
355.734	0.1703917565133719
355.875	0.17039304915207945
356.019	0.17039304915207945
356.163	0.17039304915207945
356.307	0.17039304915207945
356.451	0.17039304915207945
356.594	0.17039304915207945
356.738	0.17039369547143324
356.882	0.17039369547143324
357.026	0.17039369547143324
357.17	0.170394341790787
357.314	0.17039563442949457
357.457	0.1703975733875559
357.601	0.17039821970690966
357.745	0.17039821970690966
357.889	0.17039821970690966
358.033	0.17039821970690966
358.176	0.17039821970690966
358.321	0.17039821970690966
358.465	0.17039821970690966
358.609	0.17039821970690966
358.753	0.17039821970690966
358.897	0.17039821970690966
359.041	0.17039821970690966
359.184	0.17039951234561723
359.329	0.17039951234561723
359.472	0.17040209762303232
359.616	0.17040339026173987
359.76	0.17040403658109363
359.904	0.17040597553915493
360.048	0.17040791449721626
360.191	0.17041179241333895
360.335	0.17041502401010783
360.479	0.1704156703294616
360.623	0.1704156703294616
360.767	0.17041631664881535
360.911	0.17041760928752292
361.055	0.17041890192623046
361.198	0.17041954824558425
361.342	0.17042148720364558
361.486	0.17042342616170691
361.63	0.17042536511976825
361.776	0.17042859671653715
361.918	0.1704324746326598
362.062	0.17043441359072112
362.205	0.17043441359072112
362.349	0.17043441359072112
362.493	0.17043441359072112
362.637	0.1704350599100749
362.781	0.17043699886813624
362.925	0.17043699886813624
363.069	0.17043699886813624
363.212	0.17043699886813624
363.356	0.17044023046490508
363.5	0.17044216942296642
363.644	0.17044346206167396
363.788	0.1704447547003815
363.932	0.1704454010197353
364.076	0.17044604733908908
364.219	0.17044733997779662
364.363	0.17044733997779662
364.507	0.17044733997779662
364.651	0.17044863261650417
364.795	0.17044863261650417
364.94	0.17044733997779662
365.083	0.17044733997779662
365.226	0.17044733997779662
365.37	0.17044863261650417
365.514	0.17044863261650417
365.658	0.17044927893585793
365.802	0.17044992525521172
365.946	0.17045121789391926
366.09	0.17045121789391926
366.234	0.17045121789391926
366.378	0.17045509581004192
366.522	0.17045768108745704
366.665	0.1704589737261646
366.809	0.1704622053229335
366.953	0.17046414428099482
367.097	0.17046414428099482
367.24	0.17046414428099482
367.384	0.17046479060034858
367.528	0.17046543691970237
367.672	0.1704667295584099
367.816	0.17046866851647124
367.96	0.17046931483582503
368.104	0.17047060747453258
368.247	0.17047190011324012
368.391	0.1704725464325939
368.535	0.17047577802936276
368.678	0.17047836330677785
368.823	0.17047836330677785
368.967	0.17047836330677785
369.11	0.17047836330677785
369.254	0.17047836330677785
369.398	0.17048030226483918
369.542	0.1704828875422543
369.686	0.17048353386160806
369.83	0.1704848265003156
369.974	0.17048611913902317
370.117	0.17048611913902317
370.261	0.17048611913902317
370.405	0.17048611913902317
370.549	0.17048611913902317
370.693	0.17048611913902317
370.842	0.17048611913902317
370.981	0.17048611913902317
371.124	0.17048611913902317
371.268	0.1704848265003156
371.412	0.17048353386160806
371.556	0.17048353386160806
371.699	0.17048353386160806
371.844	0.17048353386160806
371.988	0.17048353386160806
372.132	0.1704848265003156
372.275	0.17048676545837696
372.419	0.17048741177773075
372.563	0.17048741177773075
372.706	0.17048741177773075
372.851	0.17048935073579208
372.99399999999997	0.1704912896938534
373.138	0.17049258233256095
373.282	0.17049258233256095
373.426	0.17049258233256095
373.57	0.17049258233256095
373.713	0.1704938749712685
373.858	0.1704938749712685
374.002	0.1704938749712685
374.145	0.1704938749712685
374.289	0.1704938749712685
374.433	0.1704938749712685
374.577	0.17049452129062226
374.72	0.1704990455260987
374.865	0.1704990455260987
375.008	0.1704990455260987
375.152	0.17050292344222137
375.296	0.17050680135834403
375.44	0.17050292344222137
375.584	0.17050292344222137
375.727	0.17050680135834403
375.871	0.17050680135834403
376.015	0.17051197191317424
376.16	0.17051197191317424
376.304	0.17050680135834403
376.448	0.17050292344222137
376.592	0.1704990455260987
376.735	0.1704990455260987
376.88	0.1704990455260987
377.023	0.17049452129062226
377.167	0.1704990455260987
377.311	0.1704990455260987
377.455	0.1704990455260987
377.6	0.17049452129062226
377.742	0.1704938749712685
377.888	0.17049258233256095
378.03	0.1704912896938534
378.175	0.17048935073579208
378.319	0.17048935073579208
378.463	0.17048676545837696
378.609	0.17048676545837696
378.753	0.17048676545837696
378.898	0.17048935073579208
379.042	0.1704912896938534
379.181	0.17048935073579208
379.325	0.17048935073579208
379.469	0.17048935073579208
379.614	0.17048935073579208
379.757	0.17048676545837696
379.903	0.17048676545837696
380.044	0.17048935073579208
380.188	0.17048935073579208
380.332	0.17048935073579208
380.477	0.17048676545837696
380.621	0.17048935073579208
380.764	0.17048935073579208
380.907	0.17048676545837696
381.051	0.17048935073579208
381.195	0.17048935073579208
381.339	0.17048935073579208
381.483	0.17048935073579208
381.627	0.17048676545837696
381.77	0.17048547281966941
381.914	0.17048547281966941
382.058	0.17048547281966941
382.202	0.17048094858419294
382.346	0.17048094858419294
382.49	0.17048094858419294
382.634	0.17047836330677785
382.777	0.17047836330677785
382.921	0.17047836330677785
383.065	0.17047577802936276
383.209	0.17047577802936276
383.353	0.17047577802936276
383.497	0.17047577802936276
383.641	0.1704725464325939
383.784	0.17047060747453258
383.93	0.17046866851647124
384.072	0.17046866851647124
384.216	0.1704667295584099
384.359	0.17046543691970237
384.504	0.17046543691970237
384.648	0.17046543691970237
384.791	0.17046543691970237
384.935	0.1704667295584099
385.079	0.1704667295584099
385.223	0.1704667295584099
385.366	0.17046866851647124
385.511	0.1704667295584099
385.658	0.17046543691970237
385.798	0.1704667295584099
385.942	0.1704667295584099
386.086	0.1704667295584099
386.23	0.1704667295584099
386.374	0.17046866851647124
386.518	0.17046866851647124
386.662	0.17046866851647124
386.805	0.17047060747453258
386.949	0.1704725464325939
387.093	0.1704725464325939
387.237	0.17047577802936276
387.38	0.17047836330677785
387.525	0.17047836330677785
387.669	0.17047836330677785
387.812	0.17047836330677785
387.956	0.17048094858419294
388.1	0.17048547281966941
388.24399999999997	0.17048935073579208
388.388	0.1704912896938534
388.532	0.1704912896938534
388.675	0.1704912896938534
388.819	0.1704912896938534
388.965	0.1704912896938534
389.107	0.1704912896938534
389.251	0.17049258233256095
389.394	0.1704938749712685
389.539	0.1704938749712685
389.682	0.17049452129062226
389.826	0.1704990455260987
389.97	0.1704990455260987
390.114	0.17050292344222137
390.258	0.17050292344222137
390.401	0.17050292344222137
390.546	0.17050292344222137
390.69	0.17050292344222137
390.833	0.17050292344222137
390.977	0.17050421608092892
391.121	0.17050744767769782
391.265	0.17050744767769782
391.408	0.17050744767769782
391.553	0.17050744767769782
391.696	0.17050744767769782
391.84	0.17050744767769782
391.984	0.17050744767769782
392.128	0.1705100329551129
392.272	0.17051197191317424
392.415	0.1705132645518818
392.56	0.1705132645518818
392.703	0.1705132645518818
392.847	0.17051197191317424
392.992	0.1705100329551129
393.135	0.17050744767769782
393.279	0.17050421608092892
393.422	0.17050421608092892
393.568	0.17050292344222137
393.711	0.17050292344222137
393.855	0.17050292344222137
393.999	0.17050292344222137
394.143	0.17050292344222137
394.288	0.17050292344222137
394.431	0.17050292344222137
394.575	0.17050292344222137
394.719	0.17050292344222137
394.862	0.17050292344222137
395.006	0.17050292344222137
395.15	0.17050292344222137
395.294	0.17050292344222137
395.437	0.17050292344222137
395.582	0.17050421608092892
395.725	0.17050744767769782
395.86899999999997	0.17050744767769782
396.013	0.17050744767769782
396.157	0.17050744767769782
396.301	0.1705100329551129
396.444	0.1705100329551129
396.589	0.1705100329551129
396.732	0.1705100329551129
396.876	0.1705100329551129
397.02	0.1705100329551129
397.164	0.1705100329551129
397.308	0.1705100329551129
397.451	0.1705100329551129
397.596	0.1705100329551129
397.739	0.17051197191317424
397.885	0.1705132645518818
398.027	0.1705132645518818
398.171	0.1705132645518818
398.315	0.1705132645518818
398.458	0.1705132645518818
398.602	0.17051455719058933
398.746	0.17051584982929688
398.89	0.17051584982929688
399.034	0.17051649614865064
399.178	0.17051843510671194
399.322	0.1705197277454195
399.465	0.17052037406477327
399.609	0.17052102038412706
399.753	0.17052102038412706
399.897	0.17052102038412706
400.041	0.1705223130228346
400.185	0.17052425198089596
400.329	0.17052489830024975
400.472	0.17052489830024975
400.617	0.17052489830024975
400.763	0.17052489830024975
400.904	0.17052489830024975
401.048	0.17052489830024975
401.192	0.17052489830024975
401.336	0.17052425198089596
401.479	0.1705223130228346
401.623	0.17052102038412706
401.767	0.17052102038412706
401.911	0.17052102038412706
402.055	0.17052102038412706
402.199	0.17052102038412706
402.343	0.17052102038412706
402.486	0.1705223130228346
402.63	0.1705223130228346
402.774	0.17052102038412706
402.918	0.1705223130228346
403.062	0.17052425198089596
403.206	0.17052425198089596
403.35	0.17052489830024975
403.493	0.17052489830024975
403.637	0.17052489830024975
403.781	0.17052489830024975
403.929	0.17052425198089596
404.069	0.17052489830024975
404.215	0.17052489830024975
404.359	0.17052489830024975
404.5	0.17052489830024975
404.644	0.17052489830024975
404.788	0.17052425198089596
404.932	0.1705223130228346
405.076	0.1705223130228346
405.22	0.1705223130228346
405.364	0.1705223130228346
405.507	0.17052102038412706
405.651	0.17052102038412706
405.795	0.17052102038412706
405.939	0.17052102038412706
406.083	0.17052102038412706
406.227	0.17052037406477327
406.371	0.17052102038412706
406.514	0.17052102038412706
406.658	0.17052102038412706
406.802	0.17052102038412706
406.949	0.17052102038412706
407.09	0.17052102038412706
407.234	0.17052102038412706
407.377	0.17052102038412706
407.521	0.1705223130228346
407.666	0.17052425198089596
407.809	0.17052425198089596
407.953	0.17052425198089596
408.096	0.17052425198089596
408.241	0.17052425198089596
408.385	0.17052425198089596
408.529	0.17052683725831108
408.673	0.17052683725831108
408.817	0.17052877621637239
408.96	0.17052877621637239
409.104	0.17052877621637239
409.248	0.17053006885507993
409.392	0.1705313614937875
409.535	0.1705313614937875
409.679	0.1705313614937875
409.823	0.1705313614937875
409.967	0.1705313614937875
410.11	0.1705313614937875
410.255	0.1705313614937875
410.398	0.1705313614937875
410.542	0.1705313614937875
410.686	0.17053006885507993
410.83	0.17052877621637239
410.974	0.17052877621637239
411.11899999999997	0.17052683725831108
411.263	0.17052877621637239
411.406	0.17052683725831108
411.55	0.17052683725831108
411.694	0.17052877621637239
411.838	0.17052683725831108
411.982	0.17052425198089596
412.125	0.1705223130228346
412.27	0.17052102038412706
412.413	0.17052102038412706
412.557	0.17052102038412706
412.701	0.17052102038412706
412.845	0.17052102038412706
412.989	0.17052037406477327
413.132	0.1705197277454195
413.277	0.1705197277454195
413.42	0.17052037406477327
413.564	0.17052102038412706
413.708	0.17052102038412706
413.852	0.17052037406477327
413.996	0.1705197277454195
414.139	0.17051843510671194
414.284	0.1705171424680044
414.427	0.1705171424680044
414.571	0.17051649614865064
414.715	0.1705171424680044
414.859	0.1705171424680044
415.003	0.1705171424680044
415.146	0.1705171424680044
415.291	0.1705171424680044
415.434	0.1705171424680044
415.578	0.1705171424680044
415.722	0.1705171424680044
415.86899999999997	0.1705171424680044
416.01	0.1705171424680044
416.153	0.1705171424680044
416.297	0.1705171424680044
416.441	0.1705171424680044
416.585	0.1705171424680044
416.729	0.1705171424680044
416.873	0.1705171424680044
417.017	0.1705171424680044
417.16	0.1705171424680044
417.304	0.17051649614865064
417.448	0.17051584982929688
417.592	0.17051584982929688
417.736	0.17051584982929688
417.88	0.17051455719058933
418.024	0.1705132645518818
418.167	0.1705132645518818
418.311	0.17051197191317424
418.455	0.1705100329551129
418.599	0.17050809399705158
418.742	0.17050615503899025
418.887	0.17050421608092892
419.031	0.17050421608092892
419.174	0.1705055087196365
419.318	0.1705055087196365
419.462	0.1705055087196365
419.606	0.17050421608092892
419.749	0.17050421608092892
419.894	0.17050292344222137
420.037	0.1704990455260987
420.181	0.17049452129062226
420.325	0.17049193601320717
420.469	0.1704880580970845
420.613	0.1704880580970845
420.756	0.1704880580970845
420.901	0.1704880580970845
421.045	0.1704880580970845
421.188	0.17049193601320717
421.332	0.17049452129062226
421.476	0.17049452129062226
421.62	0.17049452129062226
421.763	0.17049452129062226
421.908	0.17049452129062226
422.052	0.17049193601320717
422.196	0.17049193601320717
422.339	0.17049193601320717
422.484	0.17049193601320717
422.628	0.17049193601320717
422.772	0.17049193601320717
422.914	0.17049193601320717
423.058	0.1704880580970845
423.202	0.1704880580970845
423.346	0.1704880580970845
423.49	0.1704880580970845
423.634	0.1704880580970845
423.777	0.17048611913902317
423.921	0.1704848265003156
424.065	0.17048159490354675
424.209	0.17047900962613163
424.353	0.17047900962613163
424.497	0.17047900962613163
424.641	0.17047707066807033
424.784	0.17047707066807033
424.929	0.17047707066807033
425.075	0.17047577802936278
425.216	0.17047577802936278
425.36	0.17047448539065524
425.504	0.1704731927519477
425.648	0.1704731927519477
425.791	0.17047448539065524
425.935	0.17047448539065524
426.079	0.17047448539065524
426.223	0.17047448539065524
426.367	0.17047448539065524
426.511	0.17047577802936278
426.655	0.17047577802936278
426.798	0.17047707066807033
426.942	0.17047707066807033
427.086	0.17047900962613163
427.23	0.17047900962613163
427.374	0.170480948584193
427.518	0.17047900962613163
427.662	0.170480948584193
427.805	0.1704828875422543
427.949	0.1704828875422543
428.093	0.1704828875422543
428.237	0.1704828875422543
428.381	0.1704828875422543
428.526	0.1704828875422543
428.67	0.1704848265003156
428.813	0.17048611913902317
428.957	0.1704880580970845
429.101	0.17048999705514584
429.245	0.17048999705514584
429.389	0.17048999705514584
429.533	0.17049193601320717
429.677	0.17049193601320717
429.82	0.17049193601320717
429.964	0.17049839920674492
430.108	0.17050292344222137
430.252	0.17050292344222137
430.396	0.17050421608092892
430.54	0.1705055087196365
430.687	0.1705055087196365
430.827	0.17050615503899025
430.971	0.17050615503899025
431.115	0.17050809399705158
431.259	0.1705100329551129
431.403	0.1705100329551129
431.547	0.1705100329551129
431.69	0.1705100329551129
431.834	0.1705100329551129
431.978	0.17051197191317424
432.122	0.1705132645518818
432.266	0.17051455719058933
432.41	0.17051455719058933
432.554	0.17051649614865064
432.697	0.1705171424680044
432.841	0.1705171424680044
432.985	0.1705171424680044
433.129	0.1705171424680044
433.273	0.1705171424680044
433.417	0.17051843510671194
433.561	0.17052037406477327
433.704	0.1705223130228346
433.848	0.1705255446196035
433.992	0.17052812989701863
434.139	0.17052877621637239
434.28	0.17053006885507993
434.424	0.1705313614937875
434.567	0.17053200781314126
434.711	0.1705339467712026
434.855	0.1705371783679715
434.999	0.1705397636453866
435.143	0.1705397636453866
435.286	0.17054170260344792
435.431	0.1705429952421555
435.574	0.17054364156150925
435.718	0.17054428788086304
435.862	0.17054428788086304
436.006	0.17054751947763191
436.15	0.17055075107440076
436.293	0.17055204371310834
436.438	0.17055527530987719
436.582	0.17055721426793852
436.726	0.17055915322599985
436.87	0.170561738503415
437.013	0.17056238482276875
437.157	0.17056238482276875
437.3	0.17056367746147633
437.445	0.17056238482276875
437.589	0.17056238482276875
437.732	0.17056238482276875
437.876	0.17056238482276875
438.02	0.17056238482276875
438.164	0.17056238482276875
438.307	0.17056238482276875
438.451	0.17056238482276875
438.595	0.170561738503415
438.739	0.17055915322599985
438.883	0.17055721426793852
439.027	0.17055527530987719
439.171	0.17055204371310834
439.314	0.17055075107440076
439.458	0.17054751947763191
439.602	0.17054428788086304
439.746	0.17054428788086304
439.89	0.17054364156150925
440.034	0.17054364156150925
440.178	0.17054170260344792
440.321	0.1705397636453866
440.466	0.1705397636453866
440.609	0.1705397636453866
440.753	0.1705371783679715
440.897	0.1705371783679715
441.041	0.1705371783679715
441.185	0.1705339467712026
441.328	0.17053265413249505
441.472	0.17053200781314126
441.616	0.17053200781314126
441.76	0.1705313614937875
441.904	0.17053200781314126
442.048	0.1705313614937875
442.192	0.17052942253572617
442.335	0.1705313614937875
442.479	0.17052942253572617
442.623	0.17052942253572617
442.767	0.17052942253572617
442.911	0.17052942253572617
443.055	0.1705255446196035
443.201	0.17052619093895732
443.342	0.17052942253572617
443.486	0.17052942253572617
443.63	0.17052942253572617
443.774	0.17052942253572617
443.917	0.17052942253572617
444.062	0.17052942253572617
444.207	0.17052942253572617
444.349	0.17052942253572617
444.495	0.17052942253572617
444.641	0.17052942253572617
444.781	0.17052942253572617
444.925	0.17052942253572617
445.069	0.17052942253572617
445.213	0.17052942253572617
445.356	0.1705313614937875
445.5	0.1705313614937875
445.647	0.1705313614937875
445.788	0.1705313614937875
445.932	0.1705313614937875
446.076	0.17052942253572617
446.221	0.17052942253572617
446.364	0.17052942253572617
446.508	0.17052942253572617
446.652	0.17052942253572617
446.796	0.17052942253572617
446.94	0.1705313614937875
447.083	0.1705313614937875
447.227	0.1705313614937875
447.371	0.17053200781314126
447.515	0.17053265413249505
447.659	0.1705339467712026
447.803	0.1705371783679715
447.947	0.1705397636453866
448.091	0.1705397636453866
448.234	0.1705397636453866
448.378	0.1705397636453866
448.522	0.17054170260344792
448.666	0.17054364156150925
448.81	0.17054428788086304
448.954	0.17054428788086304
449.098	0.17054428788086304
449.242	0.17054428788086304
449.386	0.17054428788086304
449.53	0.17054428788086304
449.673	0.17054428788086304
449.817	0.17054428788086304
449.961	0.17054428788086304
450.105	0.17054428788086304
450.249	0.17054428788086304
450.393	0.17054428788086304
450.537	0.17054428788086304
450.681	0.17054428788086304
450.824	0.17054428788086304
450.967	0.17054428788086304
451.111	0.17054881211633946
451.255	0.17055527530987719
451.399	0.17055721426793852
451.543	0.17055915322599985
451.687	0.170561738503415
451.831	0.17056238482276875
451.975	0.17056238482276875
452.121	0.17056561641953763
452.262	0.1705688480163065
452.406	0.17057078697436784
452.55	0.17057272593242917
452.694	0.17057337225178296
452.838	0.1705753112098443
452.982	0.1705753112098443
453.125	0.17057660384855183
453.269	0.17057660384855183
453.413	0.17057660384855183
453.557	0.17057660384855183
453.701	0.17057660384855183
453.845	0.17057854280661316
453.989	0.17057854280661316
454.132	0.17057854280661316
454.276	0.17058242072273577
454.42	0.17058242072273577
454.564	0.1705843596807971
454.708	0.17058629863885844
454.851	0.17058953023562734
454.996	0.1705927618323962
455.139	0.1705953471098113
455.283	0.1705959934291651
455.427	0.1705959934291651
455.571	0.1705959934291651
455.715	0.1705953471098113
455.858	0.1705959934291651
456.003	0.1705959934291651
456.146	0.1705959934291651
456.29	0.1705959934291651
456.434	0.1705959934291651
456.578	0.17059728606787267
456.722	0.1705959934291651
456.866	0.1705959934291651
457.009	0.1705959934291651
457.153	0.1705959934291651
457.297	0.17059728606787267
457.441	0.17059922502593397
457.585	0.17059922502593397
457.729	0.17059987134528773
457.873	0.1706018103033491
458.017	0.1706018103033491
458.16	0.17060698085817932
458.304	0.17060698085817932
458.448	0.1706102124549482
458.592	0.17061085877430196
458.736	0.17061150509365572
458.88	0.17061150509365572
459.024	0.1706147366904246
459.167	0.1706147366904246
459.311	0.1706205535646086
459.455	0.17062637043879256
459.599	0.170630894674269
459.742	0.170630894674269
459.887	0.17063218731297658
460.03	0.17063218731297658
460.174	0.17063283363233034
460.318	0.17063477259039164
460.462	0.17063671154845297
460.606	0.1706386505065143
460.75	0.17064058946457564
460.9	0.17064317474199076
461.037	0.17064511370005206
461.181	0.1706464063387596
461.325	0.1706502842548823
461.469	0.17065674744842005
461.613	0.1706651496000191
461.757	0.1706716127935569
461.901	0.1706716127935569
462.045	0.170674198070972
462.189	0.1706748443903258
462.332	0.1706767833483871
462.477	0.17068453918063242
462.62	0.17069358765158527
462.765	0.17069681924835414
462.908	0.17069746556770793
463.053	0.1706981118870617
463.196	0.1706981118870617
463.34	0.17069940452576926
463.485	0.1707013434838306
463.628	0.1707032824418919
463.773	0.17070651403866077
463.915	0.17070974563542968
464.061	0.17071103827413722
464.204	0.17071103827413722
464.348	0.17071556250961367
464.491	0.17072137938379767
464.638	0.170723318341859
464.783	0.17072396466121276
464.926	0.1707271962579816
465.069	0.1707271962579816
465.213	0.17073107417410427
465.358	0.17073689104828826
465.499	0.17074335424182602
465.644	0.17074529319988735
465.789	0.17074787847730244
465.93	0.1707517563934251
466.076	0.17075563430954777
466.221	0.17075951222567043
466.361	0.1707646827805006
466.507	0.17076856069662327
466.649	0.1707704996546846
466.793	0.17077373125145348
466.936	0.17078536499982144
467.08	0.1707950597901281
467.224	0.17079635242883567
467.368	0.17079958402560452
467.512	0.1708021693030196
467.656	0.17080669353849606
467.8	0.17081251041268003
467.943	0.17081574200944893
468.087	0.17081832728686402
468.231	0.1708222052029867
468.375	0.17082608311910935
468.519	0.17082608311910935
468.663	0.17082608311910935
468.807	0.17082608311910935
468.95	0.17082802207717068
469.094	0.17082802207717068
469.238	0.17082802207717068
469.382	0.17082802207717068
469.526	0.17082802207717068
469.669	0.17082802207717068
469.814	0.17082802207717068
469.957	0.17082802207717068
470.101	0.17082802207717068
470.248	0.17082802207717068
470.388	0.17082802207717068
470.533	0.1708318999932933
470.676	0.1708318999932933
470.821	0.1708318999932933
470.964	0.1708318999932933
471.108	0.1708318999932933
471.252	0.1708318999932933
471.396	0.1708318999932933
471.54	0.17082802207717068
471.684	0.17082802207717068
471.827	0.17082802207717068
471.971	0.17082802207717068
472.115	0.17082802207717068
472.259	0.17082802207717068
472.403	0.17082802207717068
472.547	0.17082802207717068
472.691	0.17082802207717068
472.834	0.17082608311910935
472.978	0.17082608311910935
473.122	0.17082608311910935
473.266	0.17082608311910935
473.41	0.17082608311910935
473.554	0.17082608311910935
473.698	0.17082608311910935
473.841	0.1708222052029867
473.985	0.17082608311910935
474.129	0.17082608311910935
474.273	0.17082608311910935
474.417	0.17082608311910935
474.56	0.17082608311910935
474.705	0.17082608311910935
474.848	0.17082608311910935
474.993	0.17082608311910935
475.136	0.17082608311910935
475.28	0.17082608311910935
475.424	0.17082608311910935
475.568	0.17082608311910935
475.715	0.17082608311910935
475.855	0.17082802207717068
475.999	0.1708318999932933
476.143	0.17083577790941595
476.287	0.17083642422876974
476.431	0.17083642422876974
476.575	0.17083642422876974
476.718	0.17083642422876974
476.862	0.17083771686747729
477.006	0.1708409484642462
477.15	0.17084353374166128
477.294	0.17084805797713773
477.438	0.17085516749002927
477.582	0.17086550859968969
477.726	0.1708726181125812
477.87	0.1708726181125812
478.014	0.17087649602870386
478.157	0.17088295922224161
478.302	0.17088683713836428
478.445	0.1708952392899634
478.589	0.1709029951222087
478.733	0.17090364144156248
478.877	0.17090493408027002
479.02	0.17090622671897757
479.164	0.1709101046351002
479.31	0.17091398255122286
479.451	0.17091398255122286
479.596	0.17091398255122286
479.739	0.17091398255122286
479.883	0.17091398255122286
480.027	0.17091398255122286
480.171	0.17091398255122286
480.315	0.17091398255122286
480.459	0.17091398255122286
480.602	0.17091398255122286
480.746	0.17091398255122286
480.89	0.17091398255122286
481.035	0.17091398255122286
481.179	0.1709101046351002
481.323	0.17090493408027002
481.467	0.17090364144156248
481.611	0.17090364144156248
481.754	0.17090364144156248
481.898	0.1709029951222087
482.042	0.1708952392899634
482.186	0.1708952392899634
482.33	0.1708952392899634
482.474	0.1708952392899634
482.617	0.1708952392899634
482.761	0.1708952392899634
482.909	0.1708952392899634
483.049	0.1708952392899634
483.193	0.1708952392899634
483.338	0.1708952392899634
483.481	0.1708952392899634
483.625	0.1708952392899634
483.768	0.1708952392899634
483.912	0.1708952392899634
484.056	0.1708952392899634
484.2	0.1708952392899634
484.343	0.17088683713836428
484.488	0.17088295922224161
484.631	0.17087649602870386
484.775	0.17086550859968969
484.919	0.17085452117067548
485.063	0.17084741165778394
485.207	0.17084353374166128
485.35	0.17083965582553862
485.495	0.17083642422876974
485.638	0.17083577790941595
485.782	0.17083125367393953
485.926	0.17082608311910935
486.07	0.17082608311910935
486.214	0.17082608311910935
486.357	0.17082608311910935
486.502	0.17082608311910935
486.645	0.17082608311910935
486.789	0.17082414416104802
486.933	0.17082414416104802
487.077	0.17082414416104802
487.221	0.17082414416104802
487.364	0.17082414416104802
487.509	0.17082608311910935
487.652	0.17082931471587826
487.796	0.17083319263200086
487.94	0.17083513159006217
488.084	0.17083577790941595
488.228	0.17083642422876974
488.374	0.17083642422876974
488.515	0.17083642422876974
488.659	0.17083965582553862
488.803	0.17084353374166128
488.947	0.17084741165778394
489.091	0.17085452117067548
489.235	0.17085839908679815
489.378	0.17086938651581232
489.522	0.17088295922224161
489.666	0.17088683713836428
489.81	0.17089200769319451
489.954	0.17089911720608603
490.098	0.1709029951222087
490.242	0.17090364144156248
490.385	0.17090493408027002
490.53	0.17090493408027002
490.676	0.17090493408027002
490.817	0.17090493408027002
490.961	0.17090493408027002
491.105	0.17090493408027002
491.249	0.17090493408027002
491.392	0.17090493408027002
491.536	0.17090493408027002
491.68	0.17090493408027002
491.824	0.1709101046351002
491.968	0.1709101046351002
492.112	0.1709101046351002
492.256	0.1709101046351002
492.4	0.1709101046351002
492.544	0.1709101046351002
492.688	0.1709101046351002
492.831	0.1709101046351002
492.976	0.1709101046351002
493.11899999999997	0.1709101046351002
493.263	0.1709101046351002
493.406	0.1709101046351002
493.55	0.1709101046351002
493.694	0.1709101046351002
493.838	0.1709101046351002
493.982	0.1709101046351002
494.126	0.1709101046351002
494.273	0.1709101046351002
494.415	0.1709101046351002
494.561	0.1709101046351002
494.704	0.1709101046351002
494.848	0.1709101046351002
494.989	0.1709101046351002
495.133	0.1709101046351002
495.276	0.1709101046351002
495.42	0.1709101046351002
495.564	0.1709101046351002
495.708	0.1709101046351002
495.851	0.1709101046351002
495.996	0.1709101046351002
496.14	0.1709101046351002
496.284	0.1709101046351002
496.427	0.1709101046351002
496.571	0.1709101046351002
496.715	0.1709101046351002
496.858	0.1709101046351002
497.003	0.1709101046351002
497.147	0.1709101046351002
497.29	0.1709101046351002
497.437	0.1709101046351002
497.578	0.1709101046351002
497.722	0.1709101046351002
497.865	0.1709101046351002
498.01	0.1709101046351002
498.154	0.1709101046351002
498.297	0.17090493408027002
498.442	0.17090364144156248
498.586	0.1709029951222087
498.73	0.17089911720608603
498.873	0.17089911720608603
499.018	0.17089200769319451
499.161	0.17088683713836428
499.305	0.17088295922224161
499.449	0.17087714234805762
499.593	0.17087132547387368
499.737	0.17086356964162835
499.88	0.17085839908679815
500.025	0.17085646012873681
500.168	0.17085258221261415
500.312	0.17084676533843018
500.456	0.17083965582553862
500.6	0.17083642422876974
500.74399999999997	0.17083642422876974
500.887	0.17083577790941595
501.031	0.17083319263200086
501.175	0.17082931471587826
501.319	0.1708254367997556
501.463	0.1708222052029867
501.607	0.17082026624492536
501.751	0.17081832728686402
501.894	0.17081703464815648
502.038	0.17081509569009515
502.182	0.17081186409332627
502.326	0.17081186409332627
502.47	0.1708086324965574
502.614	0.1708086324965574
502.758	0.17080410826108094
502.901	0.17080410826108094
503.045	0.17080152298366583
503.189	0.17079829138689695
503.333	0.1707950597901281
503.477	0.17079312083206677
503.621	0.17079312083206677
503.765	0.17079312083206677
503.909	0.17079312083206677
504.053	0.17079312083206677
504.196	0.17079312083206677
504.341	0.17079312083206677
504.484	0.17079312083206677
504.629	0.17079312083206677
504.772	0.17079312083206677
504.916	0.17079312083206677
505.059	0.17079312083206677
505.204	0.17079312083206677
505.348	0.17079312083206677
505.491	0.17079312083206677
505.635	0.1707950597901281
505.779	0.17079829138689695
505.927	0.17080152298366583
506.066	0.17080410826108094
506.211	0.1708086324965574
506.355	0.17081186409332627
506.498	0.17081509569009515
506.642	0.17081832728686402
506.786	0.17082026624492536
506.93	0.17082091256427914
507.072	0.1708222052029867
507.217	0.1708254367997556
507.361	0.17082931471587826
507.505	0.17083319263200086
507.649	0.17083319263200086
507.793	0.17083513159006217
507.936	0.17083513159006217
508.08	0.17083513159006217
508.224	0.17083513159006217
508.368	0.17083513159006217
508.511	0.17083513159006217
508.656	0.17083513159006217
508.8	0.17083513159006217
508.943	0.17083513159006217
509.087	0.17083513159006217
509.231	0.17083513159006217
509.375	0.17083513159006217
509.518	0.17083513159006217
509.662	0.17083513159006217
509.806	0.17083513159006217
509.95	0.17083513159006217
510.094	0.17083513159006217
510.238	0.17083513159006217
510.382	0.17083513159006217
510.525	0.17083513159006217
510.67	0.17083513159006217
510.813	0.17083513159006217
510.957	0.17083513159006217
511.101	0.17083513159006217
511.245	0.17083513159006217
511.389	0.17083513159006217
511.532	0.17083513159006217
511.677	0.17083513159006217
511.82	0.17083513159006217
511.964	0.17083513159006217
512.1080000000001	0.17083513159006217
512.2520000000001	0.17083513159006217
512.3960000000001	0.17083513159006217
512.5390000000001	0.17083513159006217
512.6830000000001	0.17083513159006217
512.8270000000001	0.17083319263200086
512.971	0.17082931471587826
513.115	0.17082931471587826
513.259	0.17082931471587826
513.403	0.1708254367997556
513.546	0.1708254367997556
513.69	0.1708254367997556
513.8340000000001	0.1708222052029867
513.9780000000001	0.17082091256427914
514.1220000000001	0.17082091256427914
514.2660000000001	0.17082026624492536
514.4100000000001	0.17081832728686402
514.5530000000001	0.17081832728686402
514.697	0.17081832728686402
514.841	0.17081509569009515
514.985	0.17081509569009515
515.129	0.17081186409332627
515.273	0.17081186409332627
515.4190000000001	0.17081057145461873
515.5600000000001	0.17081057145461873
515.7040000000001	0.17081057145461873
515.8480000000001	0.17080992513526494
515.993	0.1708079861772036
516.1370000000001	0.1708079861772036
516.2810000000001	0.1708079861772036
516.4250000000001	0.1708079861772036
516.5680000000001	0.1708079861772036
516.7120000000001	0.1708079861772036
516.8560000000001	0.1708079861772036
517.0	0.1708079861772036
517.144	0.1708079861772036
517.288	0.1708079861772036
517.432	0.1708079861772036
517.575	0.1708079861772036
517.719	0.1708079861772036
517.863	0.1708079861772036
518.0070000000001	0.1708079861772036
518.1500000000001	0.1708079861772036
518.2950000000001	0.1708079861772036
518.4390000000001	0.1708079861772036
518.5820000000001	0.1708079861772036
518.7260000000001	0.17080475458043473
518.87	0.1708079861772036
519.014	0.17080992513526494
519.158	0.17081057145461873
519.302	0.17081057145461873
519.446	0.17081186409332627
519.589	0.17081509569009515
519.7330000000001	0.17081832728686402
519.8770000000001	0.17082026624492536
520.022	0.17082091256427914
520.1640000000001	0.1708222052029867
520.3090000000001	0.1708254367997556
520.4520000000001	0.17082931471587826
520.5970000000001	0.17083319263200086
520.744	0.17083513159006217
520.8850000000001	0.17083513159006217
521.0290000000001	0.17083577790941595
521.171	0.17083642422876974
521.316	0.17084353374166128
521.4590000000001	0.17085064325455282
521.6030000000001	0.17085258221261415
521.7470000000001	0.17085452117067548
521.8910000000001	0.17085581380938303
522.0350000000001	0.17085775276744436
522.1780000000001	0.17085839908679815
522.3230000000001	0.17086033804485948
522.466	0.17086421596098214
522.61	0.17086744755775102
522.754	0.17086874019645856
522.898	0.17087132547387368
523.042	0.17088166658353407
523.1850000000001	0.17089071505448694
523.33	0.17089394665125582
523.4730000000001	0.17089782456737848
523.6170000000001	0.17090105616414736
523.7610000000001	0.1709081656770389
523.9050000000001	0.17091462887057665
524.0490000000001	0.17091656782863798
524.192	0.17092044574476062
524.3370000000001	0.17092496998023707
524.4820000000001	0.1709269089382984
524.624	0.17092820157700594
524.768	0.17092820157700594
524.912	0.17093143317377485
525.056	0.17093725004795882
525.1990000000001	0.17094435956085036
525.344	0.17094953011568054
525.4870000000001	0.17094953011568054
525.6310000000001	0.17094953011568054
525.7750000000001	0.17094953011568054
525.9190000000001	0.17094953011568054
526.0630000000001	0.17094953011568054
526.206	0.17094953011568054
526.3520000000001	0.17094953011568054
526.494	0.17094435956085036
526.6410000000001	0.17093725004795882
526.7850000000001	0.17093143317377485
526.927	0.17092820157700594
527.0730000000001	0.1709269089382984
527.2130000000001	0.1709269089382984
527.3570000000001	0.17092496998023707
527.5010000000001	0.17092044574476062
527.6450000000001	0.17091656782863798
527.7890000000001	0.17091462887057665
527.9330000000001	0.17090687303833135
528.0770000000001	0.17089782456737848
528.22	0.17089394665125582
528.364	0.17089071505448694
528.508	0.17089071505448694
528.652	0.17089071505448694
528.796	0.17088166658353407
528.94	0.17087132547387368
529.0840000000001	0.17086874019645856
529.2270000000001	0.17086874019645856
529.3710000000001	0.17086744755775102
529.5150000000001	0.17086744755775102
529.6590000000001	0.17086421596098214
529.8030000000001	0.1708622770029208
529.947	0.17086163068356702
530.091	0.17086098436421326
530.234	0.1708596917255057
530.379	0.1708596917255057
530.522	0.1708596917255057
530.666	0.1708596917255057
530.8100000000001	0.1708596917255057
530.9540000000001	0.1708596917255057
531.0980000000001	0.1708596917255057
531.2410000000001	0.1708596917255057
531.3850000000001	0.17086098436421326
531.5290000000001	0.17086098436421326
531.673	0.17086163068356702
531.817	0.1708622770029208
531.961	0.1708622770029208
532.105	0.17086421596098214
532.248	0.17086421596098214
532.392	0.17086421596098214
532.5360000000001	0.17086421596098214
532.6800000000001	0.17086744755775102
532.8240000000001	0.17086744755775102
532.9680000000001	0.17086874019645856
533.1120000000001	0.17087132547387368
533.2550000000001	0.17087132547387368
533.399	0.17087520338999632
533.5490000000001	0.17087520338999632
533.6880000000001	0.17087520338999632
533.831	0.17087520338999632
533.9760000000001	0.17087714234805762
534.119	0.1708797276254727
534.263	0.17088166658353407
534.407	0.1708855444996567
534.552	0.17089071505448694
534.697	0.17089394665125582
534.84	0.17089782456737848
534.9830000000001	0.1708997635254398
535.1260000000001	0.17090687303833135
535.2700000000001	0.17090687303833135
535.4140000000001	0.17091462887057665
535.5580000000001	0.17091656782863798
535.7020000000001	0.1709185067866993
535.846	0.17092044574476062
535.99	0.17092238470282195
536.134	0.17092496998023707
536.277	0.1709269089382984
536.421	0.1709269089382984
536.565	0.17092820157700594
536.7090000000001	0.17092820157700594
536.8530000000001	0.17093143317377485
536.9970000000001	0.17093143317377485
537.1400000000001	0.17093337213183615
537.2840000000001	0.17093660372860503
537.4280000000001	0.17094371324149657
537.572	0.17093660372860503
537.716	0.17093660372860503
537.859	0.17093660372860503
538.004	0.17093660372860503
538.147	0.17093660372860503
538.291	0.17093660372860503
538.4350000000001	0.17093337213183615
538.5790000000001	0.17093143317377485
538.7230000000001	0.17092820157700594
538.8660000000001	0.17092820157700594
539.0110000000001	0.17092820157700594
539.1540000000001	0.17092820157700594
539.298	0.17092820157700594
539.442	0.17092820157700594
539.586	0.17092820157700594
539.73	0.17092820157700594
539.873	0.17092820157700594
540.018	0.17092820157700594
540.162	0.17092820157700594
540.3050000000001	0.17092820157700594
540.4490000000001	0.17092820157700594
540.5930000000001	0.17092820157700594
540.7370000000001	0.17092820157700594
540.8800000000001	0.17093143317377485
541.024	0.17093337213183615
541.168	0.17093660372860503
541.312	0.17094371324149657
541.456	0.1709475911576192
541.6	0.17095017643503432
541.744	0.17095793226727962
541.8870000000001	0.1709650417801712
542.032	0.17096762705758628
542.1750000000001	0.1709695660156476
542.3190000000001	0.17097602920918537
542.4630000000001	0.17098119976401557
542.695	0.17098313872207688
542.831	0.170985723999492
542.975	0.1709883092769071
543.118	0.17099024823496842
543.2620000000001	0.17099154087367596
543.4060000000001	0.17099477247044487
543.5500000000001	0.17099865038656753
543.6940000000001	0.17100058934462886
543.8380000000001	0.17100123566398262
543.9810000000001	0.17100317462204395
544.125	0.17100511358010528
544.269	0.17100899149622795
544.413	0.17101351573170437
544.557	0.1710154546897657
544.701	0.171017393647827
544.845	0.17101868628653455
544.989	0.17101933260588834
545.1320000000001	0.17102191788330345
545.2760000000001	0.17102191788330345
545.4200000000001	0.17102191788330345
545.5640000000001	0.17102191788330345
545.7070000000001	0.17102191788330345
545.8520000000001	0.17102191788330345
545.9960000000001	0.17102191788330345
546.139	0.17102191788330345
546.283	0.17102191788330345
546.427	0.17102191788330345
546.571	0.17102191788330345
546.714	0.17102191788330345
546.859	0.17102191788330345
547.0020000000001	0.17102191788330345
547.1460000000001	0.17102191788330345
547.2900000000001	0.17102191788330345
547.4340000000001	0.17102191788330345
547.5780000000001	0.17102191788330345
547.721	0.17102191788330345
547.8660000000001	0.17102191788330345
548.009	0.17102191788330345
548.153	0.17102191788330345
548.297	0.17102191788330345
548.441	0.17102191788330345
548.586	0.17102191788330345
548.729	0.17102191788330345
548.873	0.17102191788330345
549.017	0.17102191788330345
549.1600000000001	0.17102191788330345
549.3040000000001	0.17102191788330345
549.4480000000001	0.17102191788330345
549.5920000000001	0.17102191788330345
549.735	0.17102191788330345
549.879	0.17102191788330345
550.023	0.17102191788330345
550.167	0.17102191788330345
550.311	0.17103096635425633
550.455	0.17103096635425633
550.599	0.17103096635425633
550.7420000000001	0.17103096635425633
550.8910000000001	0.17103096635425633
551.0310000000001	0.17103096635425633
551.1750000000001	0.17103096635425633
551.3190000000001	0.17103096635425633
551.4630000000001	0.17103096635425633
551.6070000000001	0.17103096635425633
551.75	0.17103096635425633
551.894	0.17103096635425633
552.038	0.17103096635425633
552.182	0.17103096635425633
552.326	0.17103096635425633
552.47	0.17103096635425633
552.614	0.17103096635425633
552.7570000000001	0.17103096635425633
552.902	0.17103096635425633
553.0450000000001	0.17103096635425633
553.1890000000001	0.17103096635425633
553.3330000000001	0.17103096635425633
553.4770000000001	0.17103096635425633
553.6210000000001	0.17103872218650162
553.764	0.17103872218650162
553.908	0.17103872218650162
554.052	0.17103096635425633
554.196	0.17103872218650162
554.34	0.1710393685058554
554.484	0.1710393685058554
554.628	0.1710393685058554
554.7710000000001	0.1710393685058554
554.916	0.1710393685058554
555.0590000000001	0.1710393685058554
555.2030000000001	0.1710393685058554
555.3470000000001	0.1710393685058554
555.4910000000001	0.1710393685058554
555.6350000000001	0.1710393685058554
555.778	0.1710393685058554
555.923	0.1710393685058554
556.066	0.1710393685058554
556.21	0.1710393685058554
556.354	0.1710393685058554
556.498	0.1710393685058554
556.642	0.1710393685058554
556.7850000000001	0.1710393685058554
556.9290000000001	0.1710393685058554
557.0730000000001	0.1710393685058554
557.2170000000001	0.1710393685058554
557.3610000000001	0.1710393685058554
557.5050000000001	0.1710393685058554
557.649	0.1710393685058554
557.792	0.1710393685058554
557.936	0.1710393685058554
558.08	0.1710393685058554
558.224	0.1710393685058554
558.368	0.1710393685058554
558.5120000000001	0.1710393685058554
558.6560000000001	0.1710393685058554
558.8000000000001	0.1710393685058554
558.9430000000001	0.1710393685058554
559.0870000000001	0.1710393685058554
559.2310000000001	0.1710393685058554
559.375	0.1710393685058554
559.519	0.1710393685058554
559.662	0.1710393685058554
559.806	0.1710393685058554
559.95	0.1710393685058554
560.095	0.1710393685058554
560.238	0.1710393685058554
560.3820000000001	0.1710393685058554
560.5260000000001	0.1710393685058554
560.672	0.1710393685058554
560.8130000000001	0.1710393685058554
560.9590000000001	0.1710393685058554
561.1030000000001	0.1710393685058554
561.245	0.1710393685058554
561.389	0.1710393685058554
561.533	0.17104066114456296
561.677	0.17104066114456296
561.82	0.17104066114456296
561.964	0.17104066114456296
562.1080000000001	0.17104066114456296
562.2520000000001	0.17104066114456296
562.3960000000001	0.17104066114456296
562.5400000000001	0.17104066114456296
562.6840000000001	0.17104066114456296
562.8280000000001	0.17104066114456296
562.9720000000001	0.17104066114456296
563.1160000000001	0.17104066114456296
563.259	0.17104195378327053
563.403	0.1710426001026243
563.547	0.1710458316993932
563.69	0.17104906329616207
563.8340000000001	0.17104970961551585
563.9780000000001	0.1710516485735772
564.1220000000001	0.1710535875316385
564.2660000000001	0.17105681912840737
564.4100000000001	0.17106069704453
564.5540000000001	0.17106134336388376
564.697	0.1710626360025913
564.841	0.171066513918714
564.985	0.17106909919612912
565.129	0.17107103815419045
565.272	0.1710742697509593
565.417	0.17107944030578953
565.5600000000001	0.1710852571799735
565.7040000000001	0.17108913509609613
565.8480000000001	0.17109107405415747
565.9920000000001	0.17109430565092634
566.1360000000001	0.17110141516381788
566.2800000000001	0.17110723203800188
566.4240000000001	0.171109817315417
566.567	0.1711124025928321
566.711	0.17111563418960102
566.855	0.1711124025928321
566.999	0.1711124025928321
567.143	0.1711124025928321
567.2860000000001	0.171109817315417
567.431	0.17110723203800188
567.5740000000001	0.17110141516381788
567.7180000000001	0.17109430565092634
567.8620000000001	0.17109107405415747
568.0060000000001	0.17108913509609613
568.1500000000001	0.1710852571799735
568.293	0.17107944030578953
568.4390000000001	0.1710742697509593
568.5820000000001	0.1710742697509593
568.7260000000001	0.1710742697509593
568.87	0.17107103815419045
569.014	0.17107103815419045
569.158	0.17107103815419045
569.301	0.17107103815419045
569.446	0.17106909919612912
569.589	0.171066513918714
569.734	0.1710626360025913
569.8770000000001	0.17106134336388376
570.0210000000001	0.17106069704453
570.1650000000001	0.17105681912840737
570.3080000000001	0.1710535875316385
570.4530000000001	0.1710535875316385
570.596	0.1710535875316385
570.74	0.1710516485735772
570.884	0.1710516485735772
571.028	0.1710516485735772
571.172	0.1710516485735772
571.315	0.17104647801874695
571.46	0.1710426001026243
571.6030000000001	0.17103290531231766
571.7470000000001	0.17102127156394967
571.8910000000001	0.17101868628653455
572.0350000000001	0.17101868628653455
572.1790000000001	0.17101868628653455
572.322	0.1710122230929968
572.4670000000001	0.17100511358010528
572.61	0.17100446726075152
572.754	0.1710025283026902
572.898	0.17100058934462886
573.042	0.17099541878979863
573.186	0.17099024823496842
573.3290000000001	0.17099024823496842
573.4730000000001	0.17099024823496842
573.6170000000001	0.17099024823496842
573.7610000000001	0.17099024823496842
573.9040000000001	0.17099024823496842
574.0490000000001	0.17099024823496842
574.1930000000001	0.17099024823496842
574.336	0.17099024823496842
574.48	0.17099024823496842
574.624	0.17099024823496842
574.768	0.17099541878979863
574.912	0.17099541878979863
575.056	0.1710025283026902
575.1990000000001	0.17100446726075152
575.3430000000001	0.17100511358010528
575.4870000000001	0.17100575989945907
575.6310000000001	0.17100575989945907
575.7750000000001	0.17100575989945907
575.9190000000001	0.17100575989945907
576.0630000000001	0.17100705253816662
576.206	0.17101351573170437
576.35	0.17101868628653455
576.494	0.17102062524459588
576.638	0.17102321052201103
576.783	0.1710316126736101
576.926	0.17104066114456296
577.07	0.1710426001026243
577.214	0.17104647801874695
577.3570000000001	0.1710516485735772
577.5010000000001	0.1710535875316385
577.6450000000001	0.17105746544776113
577.7890000000001	0.17106134336388376
577.932	0.17106134336388376
578.0770000000001	0.17106522128000645
578.22	0.17106909919612912
578.364	0.171072330792898
578.508	0.17107944030578953
578.652	0.1710852571799735
578.798	0.17108913509609613
578.9390000000001	0.17109430565092634
579.0830000000001	0.17110141516381788
579.2270000000001	0.17110723203800188
579.3710000000001	0.171109817315417
579.5150000000001	0.17111046363477078
579.6590000000001	0.1711124025928321
579.8030000000001	0.17111951210572363
579.946	0.1711279142573227
580.091	0.1711337311315067
580.234	0.1711395480056907
580.378	0.1711453648798747
580.522	0.17115312071211997
580.666	0.17116152286371905
580.8100000000001	0.17116540077984171
580.9530000000001	0.17117509557014837
581.0970000000001	0.17118479036045503
581.2410000000001	0.17118672931851636
581.3850000000001	0.17119189987334654
581.5290000000001	0.17119900938623805
581.673	0.17120224098300693
581.817	0.17120417994106826
581.96	0.17120805785719093
582.104	0.17120999681525226
582.248	0.1712119357733136
582.392	0.17121581368943625
582.5360000000001	0.1712203379249127
582.6800000000001	0.17122615479909667
582.8240000000001	0.17122938639586555
582.9670000000001	0.17122938639586555
583.1110000000001	0.17123132535392688
583.2550000000001	0.17123391063134197
583.399	0.17123778854746463
583.543	0.17124295910229484
583.687	0.17124619069906372
583.831	0.17124812965712505
583.974	0.17125071493454014
584.118	0.1712545928506628
584.2620000000001	0.17125847076678546
584.408	0.17126364132161565
584.5500000000001	0.17126881187644585
584.6940000000001	0.17127075083450718
584.8380000000001	0.17127075083450718
584.9810000000001	0.17127075083450718
585.125	0.1712759213893374
585.269	0.17128367722158272
585.413	0.17128949409576671
585.557	0.17128949409576671
585.701	0.17128949409576671
585.845	0.17128949409576671
585.989	0.17128949409576671
586.133	0.17128949409576671
586.277	0.17128949409576671
586.421	0.17128949409576671
586.5640000000001	0.17128949409576671
586.7090000000001	0.17128949409576671
586.8520000000001	0.17128367722158272
586.9960000000001	0.1712759213893374
587.1400000000001	0.17127075083450718
587.2840000000001	0.17127075083450718
587.4280000000001	0.17127075083450718
587.571	0.17126945819579964
587.716	0.1712675192377383
587.8610000000001	0.17126364132161565
588.003	0.17126364132161565
588.147	0.17126364132161565
588.291	0.17126364132161565
588.4350000000001	0.17126364132161565
588.5780000000001	0.17126364132161565
588.7230000000001	0.17126364132161565
588.8660000000001	0.17126364132161565
589.0100000000001	0.17126364132161565
589.1540000000001	0.17126364132161565
589.298	0.17126364132161565
589.442	0.17126364132161565
589.585	0.17126364132161565
589.729	0.17126364132161565
589.873	0.17126364132161565
590.017	0.17126364132161565
590.1610000000001	0.17125847076678546
590.3050000000001	0.17125653180872413
590.4490000000001	0.1712545928506628
590.5920000000001	0.17125071493454014
590.7370000000001	0.1712487759764788
590.8810000000001	0.1712487759764788
591.0250000000001	0.17124812965712505
591.1690000000001	0.17124425174100238
591.312	0.17123778854746463
591.456	0.17123391063134197
591.599	0.17123132535392688
591.743	0.17122938639586555
591.8870000000001	0.17122421584103534
592.0310000000001	0.17121839896685137
592.1750000000001	0.17121581368943625
592.3190000000001	0.1712119357733136
592.4630000000001	0.17120999681525226
592.6060000000001	0.17120805785719093
592.75	0.17120417994106826
592.894	0.17120224098300693
593.038	0.17120224098300693
593.182	0.1711996557055918
593.326	0.1711925461927003
593.47	0.1711880219572239
593.613	0.17118672931851636
593.7570000000001	0.17117574188950213
593.9010000000001	0.17116540077984171
594.0450000000001	0.17116152286371905
594.1890000000001	0.17115312071211997
594.3330000000001	0.1711453648798747
594.4770000000001	0.17114277960245958
594.62	0.1711395480056907
594.764	0.1711337311315067
594.908	0.1711279142573227
595.052	0.17112403634120005
595.196	0.17111692682830854
595.34	0.17111692682830854
595.484	0.17111046363477078
595.629	0.17111046363477078
595.772	0.17111046363477078
595.9200000000001	0.17111046363477078
596.0590000000001	0.17111046363477078
596.2030000000001	0.17111046363477078
596.3470000000001	0.17111046363477078
596.4910000000001	0.17111046363477078
596.634	0.17111046363477078
596.778	0.17111046363477078
596.922	0.17111046363477078
597.066	0.17111046363477078
597.21	0.17111046363477078
597.354	0.17111046363477078
597.498	0.17111046363477078
597.6410000000001	0.17111046363477078
597.7850000000001	0.17111046363477078
597.9290000000001	0.17111046363477078
598.0730000000001	0.17111046363477078
598.2170000000001	0.17111046363477078
598.3610000000001	0.17111046363477078
598.5050000000001	0.17111046363477078
598.648	0.17111046363477078
598.792	0.17111046363477078
598.936	0.17111046363477078
599.08	0.17111046363477078
599.224	0.17111046363477078
599.368	0.17111046363477078
599.5110000000001	0.17111046363477078
599.6550000000001	0.17111046363477078
599.7990000000001	0.17111046363477078
599.9430000000001	0.17111046363477078
600.0870000000001	0.17111046363477078
600.2310000000001	0.17111046363477078
600.375	0.17111046363477078
600.519	0.17111046363477078
600.662	0.1711078783573557
600.806	0.1711078783573557
600.95	0.1711078783573557
601.094	0.1711078783573557
601.238	0.1711078783573557
601.3820000000001	0.17111046363477078
601.5260000000001	0.17111692682830854
601.6690000000001	0.17111692682830854
601.8130000000001	0.17111692682830854
601.9570000000001	0.17112403634120005
602.1010000000001	0.1711279142573227
602.245	0.1711337311315067
602.388	0.1711395480056907
602.532	0.17114277960245958
602.676	0.1711453648798747
602.82	0.17114988911535112
602.964	0.1711550596701813
603.1080000000001	0.1711550596701813
603.2520000000001	0.17115829126695017
603.397	0.17115893758630396
603.5400000000001	0.1711621691830728
603.6840000000001	0.17116540077984171
603.8280000000001	0.17117574188950213
603.9720000000001	0.17118672931851636
604.1160000000001	0.1711880219572239
604.2600000000001	0.1711880219572239
604.4040000000001	0.1711880219572239
604.547	0.17118672931851636
604.691	0.17118672931851636
604.835	0.17118479036045503
604.98	0.17118479036045503
605.123	0.17118479036045503
605.267	0.17118479036045503
605.4110000000001	0.17118479036045503
605.5540000000001	0.17118479036045503
605.6980000000001	0.17118479036045503
605.845	0.17118479036045503
605.9860000000001	0.17118479036045503
606.129	0.17118479036045503
606.274	0.17118479036045503
606.418	0.17118479036045503
606.561	0.17118479036045503
606.705	0.17118479036045503
606.849	0.17118479036045503
606.993	0.17118479036045503
607.1370000000001	0.17118479036045503
607.2800000000001	0.17118479036045503
607.4250000000001	0.17118479036045503
607.5680000000001	0.17118479036045503
607.7120000000001	0.17118479036045503
607.8560000000001	0.17118479036045503
608.0	0.17118479036045503
608.144	0.17117832716691725
608.287	0.17117832716691725
608.432	0.17117832716691725
608.575	0.17116927869596438
608.719	0.17116927869596438
608.863	0.17116540077984171
609.0070000000001	0.1711621691830728
609.1510000000001	0.17115893758630396
609.2940000000001	0.17115829126695017
609.4380000000001	0.17115829126695017
609.5820000000001	0.17115829126695017
609.7260000000001	0.17115829126695017
609.87	0.17115829126695017
610.014	0.17115829126695017
610.158	0.17115829126695017
610.301	0.17115829126695017
610.446	0.17115829126695017
610.589	0.17115829126695017
610.735	0.17115829126695017
610.8770000000001	0.17115829126695017
611.0210000000001	0.17115829126695017
611.1650000000001	0.17115829126695017
611.3080000000001	0.17115829126695017
611.4530000000001	0.1711550596701813
611.596	0.171147303837936
611.74	0.17114277960245958
611.884	0.1711395480056907
612.028	0.1711337311315067
612.172	0.1711311458540916
612.315	0.1711279142573227
612.4590000000001	0.17112403634120005
612.6030000000001	0.17112403634120005
612.7470000000001	0.17111692682830854
612.8910000000001	0.17111046363477078
613.0350000000001	0.1711078783573557
613.1790000000001	0.17110529307994057
613.322	0.17110529307994057
613.466	0.17110529307994057
613.61	0.17110529307994057
613.754	0.17110335412187921
613.898	0.17110012252511034
614.042	0.17109495197028013
614.186	0.1710904277348037
614.3290000000001	0.1710904277348037
614.4780000000001	0.17108784245738862
614.62	0.1710833182219122
614.764	0.1710749160703131
614.907	0.17106522128000645
615.052	0.17106069704453
615.1930000000001	0.17105681912840737
615.336	0.1710529412122847
615.48	0.1710503559348696
615.624	0.17104389274133186
615.768	0.1710393685058554
615.912	0.1710374295477941
616.056	0.171034844270379
616.2	0.17103032003490254
616.3430000000001	0.17102450316071857
616.4870000000001	0.17101739364782703
616.6310000000001	0.17101028413493552
616.7750000000001	0.17100705253816662
616.9190000000001	0.17100575989945907
617.0630000000001	0.17100575989945907
617.2070000000001	0.17100575989945907
617.35	0.17100575989945907
617.494	0.17100575989945907
617.638	0.17100575989945907
617.782	0.17100575989945907
617.926	0.17100575989945907
618.07	0.17100575989945907
618.214	0.17100575989945907
618.3570000000001	0.17100575989945907
618.5010000000001	0.17100575989945907
618.6450000000001	0.17100575989945907
618.7890000000001	0.17100575989945907
618.9340000000001	0.17100575989945907
619.0770000000001	0.17100575989945907
619.221	0.17100575989945907
619.365	0.17100575989945907
619.508	0.17100575989945907
619.652	0.17100575989945907
619.796	0.17100575989945907
619.94	0.17100575989945907
620.0840000000001	0.17100575989945907
620.2280000000001	0.17100575989945907
620.3710000000001	0.17100575989945907
620.5150000000001	0.17100575989945907
620.6590000000001	0.17100575989945907
620.8030000000001	0.17100575989945907
620.9480000000001	0.17100575989945907
621.0920000000001	0.17100575989945907
621.235	0.17100575989945907
621.379	0.17100575989945907
621.523	0.17100575989945907
621.667	0.17100575989945907
621.811	0.17100575989945907
621.955	0.17100575989945907
622.099	0.17100575989945907
622.2420000000001	0.17100575989945907
622.3860000000001	0.17100123566398262
622.5300000000001	0.17100123566398262
622.6740000000001	0.17100575989945907
622.8180000000001	0.17100575989945907
622.9620000000001	0.17100705253816662
623.1060000000001	0.17100705253816662
623.25	0.17100705253816662
623.393	0.17101028413493552
623.537	0.17101739364782703
623.681	0.17101028413493552
623.825	0.17100899149622795
623.9720000000001	0.17100575989945907
624.113	0.17100575989945907
624.2570000000001	0.17100123566398262
624.402	0.17099671142850617
624.5440000000001	0.17099283351238354
624.6880000000001	0.170985723999492
624.8320000000001	0.17097538288983158
624.9760000000001	0.1709643954608174
625.12	0.1709585785866334
625.263	0.17095211539309563
625.407	0.1709475911576192
625.551	0.1709475911576192
625.695	0.1709475911576192
625.839	0.1709475911576192
625.9830000000001	0.17094435956085036
626.1270000000001	0.1709404816447277
626.2700000000001	0.17093660372860503
626.4140000000001	0.17093143317377485
626.5580000000001	0.1709275552576522
626.7020000000001	0.1709217383834682
626.846	0.17091656782863798
626.99	0.1709133362318691
627.134	0.17091075095445396
627.277	0.1709101046351002
627.421	0.17090816567703887
627.565	0.17090816567703887
627.7090000000001	0.1709029951222087
627.8530000000001	0.17089782456737848
627.9970000000001	0.1708945929706096
628.1400000000001	0.17089265401254827
628.2840000000001	0.17088683713836428
628.4280000000001	0.17088102026418028
628.572	0.17087908130611895
628.716	0.17087584970935008
628.86	0.17087197179322744
629.004	0.1708680938771048
629.147	0.17086550859968969
629.291	0.17086163068356702
629.4350000000001	0.17085646012873681
629.5790000000001	0.1708512895739066
629.7230000000001	0.17084741165778394
629.8660000000001	0.17084353374166128
630.0110000000001	0.1708403021448924
630.1540000000001	0.17083965582553862
630.298	0.17083965582553862
630.442	0.17083707054812353
630.586	0.17083383895135462
630.73	0.1708325463126471
630.873	0.1708325463126471
631.017	0.17083060735458577
631.1610000000001	0.1708267294384631
631.3050000000001	0.1708247904804018
631.4490000000001	0.1708247904804018
631.5930000000001	0.1708247904804018
631.7370000000001	0.1708247904804018
631.8800000000001	0.1708247904804018
632.0250000000001	0.1708222052029867
632.1690000000001	0.1708222052029867
632.312	0.1708196199255716
632.456	0.1708196199255716
632.6010000000001	0.1708196199255716
632.744	0.1708196199255716
632.888	0.1708196199255716
633.0340000000001	0.1708196199255716
633.1750000000001	0.1708196199255716
633.3190000000001	0.17081832728686402
633.4630000000001	0.17081703464815648
633.6070000000001	0.17081574200944893
633.7510000000001	0.17081444937074136
633.8960000000001	0.17081251041268003
634.0390000000001	0.17080992513526494
634.1840000000001	0.17080927881591115
634.326	0.17080927881591115
634.47	0.1708079861772036
634.614	0.17080669353849606
634.758	0.17080475458043473
634.9010000000001	0.1708021693030196
635.0450000000001	0.17079829138689695
635.1890000000001	0.1707950597901281
635.3330000000001	0.17079441347077434
635.4770000000001	0.17079376715142058
635.6210000000001	0.17078988923529792
635.7650000000001	0.17078407236111393
635.908	0.1707821334030526
636.052	0.17078084076434502
636.196	0.17078084076434502
636.34	0.17078084076434502
636.484	0.17077825548692993
636.628	0.17077696284822236
636.772	0.17077696284822236
636.9150000000001	0.17077696284822236
637.0590000000001	0.1707763165288686
637.2030000000001	0.1707763165288686
637.3470000000001	0.1707756702095148
637.4910000000001	0.17077373125145348
637.6350000000001	0.17077373125145348
637.7790000000001	0.1707704996546846
637.922	0.17076920701597706
638.066	0.17076920701597706
638.21	0.17076920701597706
638.355	0.17076856069662327
638.499	0.1707679143772695
638.643	0.1707679143772695
638.787	0.17076597541920815
638.9300000000001	0.17076597541920815
639.0740000000001	0.17076597541920815
639.2180000000001	0.17076597541920815
639.3620000000001	0.1707679143772695
639.5050000000001	0.1707679143772695
639.6500000000001	0.17076856069662327
639.7940000000001	0.17076920701597706
639.937	0.17076920701597706
640.081	0.1707704996546846
640.225	0.17077179229339215
640.369	0.17077179229339215
640.513	0.17077179229339215
640.657	0.17077179229339215
640.8000000000001	0.17077179229339215
640.9480000000001	0.17077179229339215
641.0880000000001	0.17077243861274594
641.2320000000001	0.17077179229339215
641.3760000000001	0.17077179229339215
641.5200000000001	0.17077179229339215
641.6640000000001	0.17077179229339215
641.807	0.17077179229339215
641.951	0.17077243861274594
642.095	0.17077243861274594
642.239	0.17077179229339215
642.383	0.17077243861274594
642.5260000000001	0.17077437757080727
642.671	0.1707756702095148
642.815	0.1707756702095148
642.9580000000001	0.1707756702095148
643.1020000000001	0.1707756702095148
643.2460000000001	0.1707756702095148
643.3900000000001	0.1707763165288686
643.533	0.17077696284822236
643.677	0.17077696284822236
643.821	0.17077696284822236
643.965	0.17077825548692993
644.109	0.17078084076434502
644.253	0.1707821334030526
644.397	0.1707821334030526
644.5400000000001	0.1707821334030526
644.6850000000001	0.17078277972240635
644.8280000000001	0.17078342604176014
644.974	0.17078342604176014
645.1160000000001	0.17078342604176014
645.2600000000001	0.17078342604176014
645.4040000000001	0.17078342604176014
645.547	0.17078342604176014
645.691	0.17078471868046768
645.835	0.17078471868046768
645.979	0.17078471868046768
646.123	0.17078471868046768
646.267	0.17078471868046768
646.4110000000001	0.17078471868046768
646.5550000000001	0.17078471868046768
646.6980000000001	0.17078471868046768
646.8420000000001	0.17078471868046768
646.9860000000001	0.17078471868046768
647.1300000000001	0.17078471868046768
647.2750000000001	0.17078471868046768
647.418	0.17078859659659035
647.561	0.17078859659659035
647.705	0.17078859659659035
647.849	0.17078859659659035
647.993	0.17079118187400544
648.1370000000001	0.170792474512713
648.2810000000001	0.17079376715142058
648.4250000000001	0.17079376715142058
648.5680000000001	0.17079376715142058
648.7120000000001	0.17079441347077434
648.8560000000001	0.1707950597901281
649.0	0.17079829138689695
649.144	0.17080410826108094
649.288	0.17080669353849606
649.431	0.17080669353849606
649.575	0.1708079861772036
649.719	0.17080927881591115
649.863	0.17080927881591115
650.0070000000001	0.17080992513526494
650.1500000000001	0.17081251041268003
650.2950000000001	0.17081444937074136
650.4390000000001	0.17081574200944893
650.5820000000001	0.17081832728686402
650.7260000000001	0.17081832728686402
650.87	0.17081832728686402
651.0160000000001	0.1708196199255716
651.157	0.1708196199255716
651.302	0.1708196199255716
651.446	0.1708196199255716
651.589	0.1708196199255716
651.7330000000001	0.17081832728686402
651.8770000000001	0.17081832728686402
652.0210000000001	0.17081832728686402
652.1640000000001	0.17081574200944893
652.3090000000001	0.17081444937074136
652.4520000000001	0.17081444937074136
652.596	0.17081251041268003
652.74	0.17080992513526494
652.884	0.17080927881591115
653.028	0.17080927881591115
653.171	0.1708079861772036
653.315	0.17080669353849606
653.4590000000001	0.17080669353849606
653.6030000000001	0.17080475458043473
653.7470000000001	0.17080475458043473
653.8910000000001	0.17080475458043473
654.0350000000001	0.17080475458043473
654.1780000000001	0.17080475458043473
654.3230000000001	0.17080475458043473
654.466	0.17080475458043473
654.61	0.17080475458043473
654.754	0.17080475458043473
654.898	0.17080475458043473
655.042	0.17080475458043473
655.1850000000001	0.17080475458043473
655.3290000000001	0.17080475458043473
655.4730000000001	0.17080475458043473
655.6170000000001	0.17080475458043473
655.763	0.1708021693030196
655.9060000000001	0.17079829138689695
656.0500000000001	0.1707950597901281
656.1930000000001	0.17079441347077434
656.3370000000001	0.17079376715142058
656.4810000000001	0.17079376715142058
656.625	0.170792474512713
656.769	0.17079118187400544
656.913	0.17079118187400544
657.057	0.1707892429159441
657.2	0.17078665763852902
657.344	0.17078665763852902
657.488	0.17078665763852902
657.6320000000001	0.17078665763852902
657.7760000000001	0.17078665763852902
657.9200000000001	0.17078665763852902
658.0640000000001	0.17078665763852902
658.2070000000001	0.17078665763852902
658.3510000000001	0.17078665763852902
658.495	0.17078665763852902
658.639	0.17078665763852902
658.783	0.17078665763852902
658.927	0.17078665763852902
659.071	0.17078665763852902
659.214	0.17078665763852902
659.3580000000001	0.17078665763852902
659.5020000000001	0.17078665763852902
659.6460000000001	0.17078665763852902
659.7900000000001	0.17078665763852902
659.9340000000001	0.17078665763852902
660.0790000000001	0.17078665763852902
660.221	0.17078665763852902
660.365	0.17078665763852902
660.509	0.17078665763852902
660.653	0.17078665763852902
660.797	0.17078665763852902
660.941	0.17078471868046768
661.085	0.17078342604176014
661.229	0.17078342604176014
661.3720000000001	0.17078342604176014
661.5160000000001	0.17078277972240635
661.6600000000001	0.1707821334030526
661.8040000000001	0.1707821334030526
661.9480000000001	0.1707821334030526
662.091	0.1707821334030526
662.235	0.1707821334030526
662.379	0.1707821334030526
662.523	0.1707821334030526
662.667	0.1707821334030526
662.811	0.1707821334030526
662.955	0.1707821334030526
663.0980000000001	0.1707821334030526
663.2420000000001	0.17078277972240635
663.3860000000001	0.17078277972240635
663.5300000000001	0.17078277972240635
663.673	0.17078277972240635
663.8180000000001	0.17078342604176014
663.9620000000001	0.17078342604176014
664.1080000000001	0.17078471868046768
664.2520000000001	0.17078665763852902
664.3960000000001	0.17078665763852902
664.537	0.1707892429159441
664.6840000000001	0.17079118187400544
664.8280000000001	0.17079118187400544
664.9680000000001	0.170792474512713
665.1120000000001	0.170792474512713
665.2560000000001	0.170792474512713
665.4000000000001	0.170792474512713
665.5440000000001	0.170792474512713
665.6880000000001	0.17079376715142058
665.8320000000001	0.17079441347077434
665.9760000000001	0.1707950597901281
666.119	0.17079829138689695
666.263	0.1708021693030196
666.407	0.17080475458043473
666.551	0.17080475458043473
666.6940000000001	0.1708079861772036
666.839	0.17080992513526494
666.9830000000001	0.17081186409332627
667.1260000000001	0.1708138030513876
667.2700000000001	0.17081444937074136
667.4140000000001	0.17081574200944893
667.5580000000001	0.17081832728686402
667.701	0.17082026624492536
667.846	0.17082608311910935
667.989	0.17083189999329335
668.133	0.17083189999329335
668.277	0.17083189999329335
668.421	0.1708325463126471
668.566	0.1708325463126471
668.7090000000001	0.1708325463126471
668.8520000000001	0.17083448527070844
668.9960000000001	0.17083771686747729
669.143	0.17083965582553862
669.2840000000001	0.17083965582553862
669.4280000000001	0.17083965582553862
669.572	0.17083965582553862
669.716	0.17083965582553862
669.859	0.17083965582553862
670.004	0.17083965582553862
670.147	0.17083965582553862
670.291	0.17083771686747729
670.4350000000001	0.17083448527070844
670.5790000000001	0.1708325463126471
670.7230000000001	0.1708325463126471
670.8660000000001	0.1708325463126471
671.0100000000001	0.1708325463126471
671.1540000000001	0.1708325463126471
671.298	0.1708325463126471
671.442	0.1708325463126471
671.586	0.17083189999329335
671.73	0.17083189999329335
671.873	0.17083189999329335
672.017	0.17083189999329335
672.1610000000001	0.17083189999329335
672.3050000000001	0.17083189999329335
672.4490000000001	0.17082996103523201
672.5930000000001	0.17082802207717068
672.7370000000001	0.17082802207717068
672.8800000000001	0.17082414416104802
673.024	0.17082026624492536
673.168	0.17081832728686402
673.3130000000001	0.17081574200944893
673.4570000000001	0.17081444937074136
673.6010000000001	0.1708138030513876
673.745	0.17081121777397248
673.888	0.1708079861772036
674.032	0.17080475458043473
674.176	0.1708079861772036
674.32	0.1708079861772036
674.464	0.17080475458043473
674.6080000000001	0.17080475458043473
674.7520000000001	0.17080475458043473
674.8960000000001	0.1708021693030196
675.0390000000001	0.1708021693030196
675.1840000000001	0.17080023034495828
675.3270000000001	0.17080023034495828
675.471	0.17079699874818943
675.615	0.17079699874818943
675.759	0.17079699874818943
675.902	0.17079699874818943
676.046	0.17080023034495828
676.19	0.17080023034495828
676.3340000000001	0.17080023034495828
676.4780000000001	0.17080023034495828
676.6220000000001	0.17080023034495828
676.7660000000001	0.17080023034495828
676.9090000000001	0.17080023034495828
677.0530000000001	0.17080023034495828
677.197	0.17080023034495828
677.341	0.17080023034495828
677.485	0.17080023034495828
677.629	0.17080023034495828
677.773	0.1708021693030196
677.916	0.1708021693030196
678.0600000000001	0.17080475458043473
678.2070000000001	0.1708079861772036
678.3480000000001	0.17081121777397248
678.4920000000001	0.1708138030513876
678.6360000000001	0.17081574200944893
678.7800000000001	0.17081832728686402
678.923	0.17082026624492536
679.067	0.17082414416104802
679.211	0.17082802207717068
679.355	0.17082996103523201
679.499	0.17082996103523201
679.643	0.17083189999329335
679.787	0.1708325463126471
679.9300000000001	0.17083448527070844
680.0740000000001	0.17083448527070844
680.2180000000001	0.17083771686747729
680.3620000000001	0.17083965582553862
680.5060000000001	0.17084159478359995
680.6500000000001	0.17084159478359995
680.793	0.17084288742230752
680.937	0.17084288742230752
681.081	0.17084353374166128
681.225	0.17084418006101507
681.369	0.1708461190190764
681.513	0.1708461190190764
681.657	0.1708461190190764
681.8000000000001	0.17084418006101507
681.9440000000001	0.17084353374166128
682.0880000000001	0.17084353374166128
682.2320000000001	0.17084288742230752
682.3760000000001	0.17084353374166128
682.5200000000001	0.17084353374166128
682.6640000000001	0.17084418006101507
682.8080000000001	0.17084418006101507
682.951	0.1708461190190764
683.095	0.17084805797713773
683.2410000000001	0.17084805797713773
683.383	0.17084935061584527
683.527	0.17084935061584527
683.671	0.1708538748513217
683.8140000000001	0.1708571064480906
683.9580000000001	0.17085775276744436
684.1020000000001	0.1708596917255057
684.2460000000001	0.17086098436421326
684.3900000000001	0.17086163068356702
684.5340000000001	0.1708622770029208
684.6780000000001	0.1708622770029208
684.821	0.1708622770029208
684.965	0.1708622770029208
685.109	0.17086356964162835
685.253	0.1708648622803359
685.397	0.17086874019645854
685.541	0.1708726181125812
685.6840000000001	0.17087326443193498
685.8280000000001	0.17087391075128877
685.975	0.17087584970935008
686.1160000000001	0.17088166658353404
686.2600000000001	0.17088166658353404
686.403	0.17088554449965673
686.548	0.17088748345771804
686.692	0.17088748345771804
686.835	0.17088942241577937
686.979	0.17088942241577937
687.123	0.17089071505448694
687.267	0.17089071505448694
687.4110000000001	0.17089265401254827
687.5550000000001	0.17089265401254827
687.6980000000001	0.17089265401254827
687.8420000000001	0.17089265401254827
687.9860000000001	0.17089265401254827
688.1300000000001	0.17089265401254827
688.274	0.17089265401254827
688.418	0.17089265401254827
688.562	0.17089265401254827
688.706	0.17089265401254827
688.849	0.17089330033190206
688.993	0.17089265401254827
689.138	0.17089265401254827
689.282	0.17089265401254827
689.4240000000001	0.17089330033190206
689.5690000000001	0.17089330033190206
689.7130000000001	0.17089330033190206
689.8560000000001	0.1708945929706096
690.0	0.17089330033190206
690.144	0.17089330033190206
690.288	0.17089330033190206
690.432	0.17089330033190206
690.575	0.17089330033190206
690.719	0.17089330033190206
690.864	0.17089330033190206
691.008	0.17089330033190206
691.152	0.17089330033190206
691.296	0.17089330033190206
691.44	0.17089330033190206
691.5840000000001	0.17089330033190206
691.7270000000001	0.17089330033190206
691.8710000000001	0.17089330033190206
692.0150000000001	0.17089330033190206
692.1590000000001	0.1708945929706096
692.3030000000001	0.1708945929706096
692.446	0.1708945929706096
692.591	0.1708945929706096
692.734	0.1708945929706096
692.878	0.1708945929706096
693.022	0.17089265401254827
693.166	0.17089265401254827
693.3100000000001	0.17089265401254827
693.4530000000001	0.17089265401254827
693.5980000000001	0.1708945929706096
693.7410000000001	0.17089782456737848
693.8850000000001	0.1709029951222087
694.0290000000001	0.1709029951222087
694.173	0.17090687303833135
694.317	0.17090687303833135
694.46	0.17090881199639266
694.605	0.17091075095445396
694.748	0.17091139727380775
694.892	0.17091139727380775
695.0360000000001	0.1709126899125153
695.1800000000001	0.17091462887057665
695.3240000000001	0.17091656782863798
695.4670000000001	0.17091656782863798
695.6120000000001	0.17091786046734553
695.7550000000001	0.17091786046734553
695.899	0.1709185067866993
696.043	0.17092044574476062
696.187	0.17092367734152952
696.3330000000001	0.17092561629959085
696.474	0.17092561629959085
696.618	0.17092561629959085
696.7620000000001	0.17092561629959085
696.9060000000001	0.1709262626189446
697.0500000000001	0.1709269089382984
697.1940000000001	0.17092820157700594
697.3380000000001	0.17092820157700594
697.4810000000001	0.17092949421571352
697.625	0.17093337213183618
697.769	0.17093918900602015
697.913	0.17094242060278902
698.057	0.17094435956085033
698.201	0.17094694483826545
698.345	0.17094694483826545
698.488	0.17094888379632678
698.633	0.17095470067051077
698.7760000000001	0.1709585785866334
698.9200000000001	0.17096181018340229
699.0640000000001	0.17096181018340229
699.2080000000001	0.17096181018340229
699.3520000000001	0.17096181018340229
699.495	0.17096181018340229
699.6400000000001	0.17096181018340229
699.783	0.17096181018340229
699.927	0.17096181018340229
700.071	0.17096181018340229
700.216	0.1709650417801712
700.359	0.1709650417801712
700.503	0.17096181018340229
700.6460000000001	0.1709650417801712
700.7940000000001	0.1709650417801712
700.9340000000001	0.17096181018340229
701.0780000000001	0.1709585785866334
701.2220000000001	0.17096181018340229
701.3660000000001	0.17096181018340229
701.509	0.17096181018340229
701.6540000000001	0.1709650417801712
701.797	0.1709650417801712
701.9430000000001	0.1709650417801712
702.085	0.1709650417801712
702.2310000000001	0.1709650417801712
702.3760000000001	0.1709650417801712
702.5210000000001	0.1709650417801712
702.6640000000001	0.1709650417801712
702.8080000000001	0.17096181018340229
702.951	0.17096181018340229
703.091	0.17096181018340229
703.2360000000001	0.17096181018340229
703.3800000000001	0.17096181018340229
703.524	0.1709650417801712
703.667	0.1709650417801712
703.811	0.1709650417801712
703.955	0.1709650417801712
704.099	0.17096181018340229
704.243	0.1709585785866334
704.3870000000001	0.17095470067051077
704.5300000000001	0.17095276171244944
704.6740000000001	0.17095276171244944
704.8180000000001	0.17095211539309563
704.9620000000001	0.17094953011568054
705.105	0.17094629851891163
705.25	0.17094435956085033
705.394	0.17094242060278902
705.537	0.17093918900602015
705.681	0.17093918900602015
705.826	0.17093918900602015
705.969	0.17093918900602015
706.1120000000001	0.17093918900602015
706.2570000000001	0.17093918900602015
706.4000000000001	0.17093918900602015
706.5440000000001	0.17093918900602015
706.6880000000001	0.17093918900602015
706.8320000000001	0.17093918900602015
706.9760000000001	0.17093918900602015
707.119	0.17093918900602015
707.264	0.17093918900602015
707.407	0.17093918900602015
707.551	0.17094242060278902
707.695	0.17094242060278902
707.839	0.17093918900602015
707.9830000000001	0.17093660372860503
708.1260000000001	0.17093660372860503
708.272	0.1709327258124824
708.416	0.1709327258124824
708.5590000000001	0.17092820157700594
708.7030000000001	0.1709262626189446
708.8470000000001	0.1709262626189446
708.9910000000001	0.17092561629959085
709.134	0.17092432366088328
709.278	0.17092238470282195
709.422	0.17092044574476062
709.566	0.1709185067866993
709.71	0.17091786046734553
709.854	0.1709159215092842
709.998	0.1709126899125153
710.1410000000001	0.17091075095445396
710.2860000000001	0.17090881199639266
710.4290000000001	0.1709075193576851
710.5730000000001	0.17090687303833135
710.7170000000001	0.1709029951222087
710.8610000000001	0.17089782456737848
711.0050000000001	0.17089782456737848
711.148	0.17089782456737848
711.2940000000001	0.1709029951222087
711.436	0.17090687303833135
711.58	0.1709075193576851
711.724	0.17090881199639266
711.868	0.17091075095445396
712.0120000000001	0.1709126899125153
712.1550000000001	0.1709159215092842
712.2990000000001	0.17091786046734553
712.4430000000001	0.17091786046734553
712.5870000000001	0.17091786046734553
712.7310000000001	0.17091786046734553
712.875	0.17091786046734553
713.019	0.17091786046734553
713.162	0.17091786046734553
713.306	0.17091786046734553
713.45	0.17091786046734553
713.594	0.1709159215092842
713.738	0.1709126899125153
713.8820000000001	0.17091075095445396
714.0260000000001	0.17090881199639266
714.1690000000001	0.1709075193576851
714.315	0.17090687303833135
714.4570000000001	0.1709029951222087
714.6010000000001	0.1708997635254398
714.744	0.17089911720608603
714.8910000000001	0.1708971782480247
715.032	0.1708971782480247
715.176	0.1708971782480247
715.32	0.1708971782480247
715.464	0.1708971782480247
715.6080000000001	0.17089588560931715
715.7520000000001	0.17089265401254827
715.8960000000001	0.1708887760964256
716.0390000000001	0.17088683713836428
716.1830000000001	0.17088166658353404
716.3270000000001	0.17087778866741138
716.471	0.17087778866741138
716.615	0.17087714234805762
716.759	0.17087520338999632
716.903	0.17087391075128877
717.047	0.17086809387710478
717.19	0.1708622770029208
717.335	0.1708622770029208
717.479	0.1708622770029208
717.6220000000001	0.1708622770029208
717.7650000000001	0.1708622770029208
717.9100000000001	0.1708622770029208
718.0530000000001	0.1708622770029208
718.197	0.1708622770029208
718.341	0.1708622770029208
718.485	0.1708622770029208
718.629	0.1708622770029208
718.772	0.1708622770029208
718.916	0.17086163068356702
719.0600000000001	0.17085904540615193
719.2040000000001	0.1708545211706755
719.3480000000001	0.1708545211706755
719.4920000000001	0.1708545211706755
719.6360000000001	0.17085904540615193
719.7790000000001	0.17086163068356702
719.9240000000001	0.1708622770029208
720.067	0.1708622770029208
720.211	0.1708622770029208
720.355	0.1708622770029208
720.499	0.1708622770029208
720.643	0.1708622770029208
720.7860000000001	0.1708622770029208
720.9300000000001	0.1708622770029208
721.0740000000001	0.1708622770029208
721.2180000000001	0.1708622770029208
721.3620000000001	0.1708622770029208
721.5060000000001	0.1708622770029208
721.6500000000001	0.1708622770029208
721.793	0.1708622770029208
721.937	0.1708622770029208
722.081	0.1708622770029208
722.225	0.1708622770029208
722.369	0.1708622770029208
722.513	0.1708622770029208
722.657	0.1708622770029208
722.8000000000001	0.1708622770029208
722.9440000000001	0.1708622770029208
723.0880000000001	0.1708622770029208
723.2320000000001	0.1708622770029208
723.3760000000001	0.1708622770029208
723.5200000000001	0.1708622770029208
723.6640000000001	0.1708622770029208
723.807	0.1708622770029208
723.9540000000001	0.1708622770029208
724.095	0.1708622770029208
724.239	0.1708622770029208
724.383	0.1708622770029208
724.527	0.1708622770029208
724.671	0.1708622770029208
724.8140000000001	0.1708622770029208
724.9580000000001	0.17086809387710478
725.1020000000001	0.17087391075128877
725.2460000000001	0.17087520338999632
725.3900000000001	0.17087714234805762
725.5340000000001	0.17087714234805762
725.6780000000001	0.17087714234805762
725.822	0.17087714234805762
725.966	0.17087714234805762
726.11	0.17087520338999632
726.254	0.17087391075128877
726.398	0.17086809387710478
726.542	0.17086809387710478
726.686	0.17086809387710478
726.8290000000001	0.17086809387710478
726.9730000000001	0.17086809387710478
727.1170000000001	0.17086809387710478
727.2610000000001	0.17086809387710478
727.4050000000001	0.17086809387710478
727.5490000000001	0.17086809387710478
727.692	0.17086809387710478
727.836	0.1708622770029208
727.98	0.1708622770029208
728.124	0.1708622770029208
728.268	0.1708622770029208
728.412	0.1708571064480906
728.556	0.1708519358932604
728.6990000000001	0.1708519358932604
728.8430000000001	0.1708519358932604
728.9870000000001	0.1708519358932604
729.1310000000001	0.1708512895739066
729.2750000000001	0.17084935061584527
729.4190000000001	0.1708461190190764
729.5630000000001	0.17084418006101507
729.706	0.17084353374166128
729.85	0.17084288742230752
729.994	0.17084288742230752
730.138	0.17084159478359995
730.2810000000001	0.17083965582553862
730.426	0.17084159478359995
730.5690000000001	0.17084159478359995
730.7130000000001	0.17084159478359995
730.8570000000001	0.17084159478359995
731.0060000000001	0.17083965582553862
731.1460000000001	0.17083965582553862
731.2900000000001	0.17083965582553862
731.4330000000001	0.17083900950618486
731.5770000000001	0.1708351315900622
731.72	0.17082931471587826
731.864	0.17082931471587826
732.008	0.17082931471587826
732.152	0.17082931471587826
732.296	0.17082931471587826
732.4390000000001	0.17082931471587826
732.5840000000001	0.17082931471587826
732.7270000000001	0.17082608311910935
732.8710000000001	0.17082414416104802
733.0150000000001	0.1708222052029867
733.1590000000001	0.1708189736062178
733.3030000000001	0.17081703464815648
733.446	0.17081703464815648
733.59	0.17081703464815648
733.734	0.17081703464815648
733.878	0.17081574200944893
734.022	0.17081186409332627
734.166	0.17080992513526494
734.3100000000001	0.17080992513526494
734.4530000000001	0.17080992513526494
734.5970000000001	0.17080992513526494
734.7410000000001	0.17080992513526494
734.8850000000001	0.17080927881591115
735.0290000000001	0.17080927881591115
735.173	0.1708079861772036
735.317	0.17080669353849606
735.46	0.17080669353849606
735.604	0.17080475458043473
735.748	0.1708028156223734
735.892	0.1708021693030196
736.0360000000001	0.1708021693030196
736.1800000000001	0.17080152298366583
736.3240000000001	0.17080152298366583
736.4670000000001	0.17080152298366583
736.6110000000001	0.17080152298366583
736.7550000000001	0.17079829138689695
736.899	0.1707950597901281
737.043	0.17079441347077434
737.187	0.17079376715142058
737.331	0.17079376715142058
737.474	0.17079376715142058
737.618	0.17079053555465168
737.7620000000001	0.17078536499982144
737.9060000000001	0.17078277972240635
738.0500000000001	0.1707814870836988
738.1940000000001	0.1707814870836988
738.3380000000001	0.1707814870836988
738.4810000000001	0.1707814870836988
738.625	0.1707814870836988
738.769	0.17077954812563748
738.913	0.17077954812563748
739.057	0.17077954812563748
739.201	0.17077825548692993
739.344	0.1707763165288686
739.488	0.1707756702095148
739.6320000000001	0.17077437757080727
739.7760000000001	0.17077114597403836
739.9200000000001	0.17076726805791573
740.0640000000001	0.17076726805791573
740.2080000000001	0.1707653290998544
740.3510000000001	0.1707653290998544
740.495	0.1707653290998544
740.639	0.1707653290998544
740.783	0.1707653290998544
740.927	0.1707653290998544
741.071	0.1707653290998544
741.215	0.1707653290998544
741.359	0.1707653290998544
741.5020000000001	0.1707646827805006
741.6460000000001	0.1707646827805006
741.7900000000001	0.1707646827805006
741.936	0.17076274382243928
742.0780000000001	0.17076274382243928
742.2220000000001	0.17076145118373176
742.365	0.170760804864378
742.509	0.17075886590631667
742.653	0.17075692694825534
742.797	0.17075628062890155
742.941	0.17075628062890155
743.085	0.17075628062890155
743.229	0.17075628062890155
743.373	0.17075628062890155
743.517	0.17075628062890155
743.6610000000001	0.17075628062890155
743.8050000000001	0.17075628062890155
743.9490000000001	0.170754987990194
744.0930000000001	0.17075304903213268
744.2370000000001	0.17075304903213268
744.3810000000001	0.17075304903213268
744.524	0.17075304903213268
744.668	0.17075304903213268
744.812	0.17075304903213268
744.955	0.1707524027127789
745.1	0.1707524027127789
745.244	0.1707524027127789
745.388	0.1707524027127789
745.532	0.1707524027127789
745.6750000000001	0.1707524027127789
745.822	0.1707524027127789
745.9620000000001	0.1707524027127789
746.1060000000001	0.1707524027127789
746.25	0.1707524027127789
746.394	0.1707524027127789
746.538	0.1707524027127789
746.682	0.1707524027127789
746.826	0.17075434167084022
746.969	0.17075434167084022
747.114	0.17075434167084022
747.2570000000001	0.17075434167084022
747.402	0.17075434167084022
747.5450000000001	0.17075434167084022
747.6890000000001	0.17075434167084022
747.8330000000001	0.17075434167084022
747.9760000000001	0.17075434167084022
748.1210000000001	0.17075434167084022
748.264	0.17075434167084022
748.408	0.17075434167084022
748.552	0.17075434167084022
748.696	0.17075434167084022
748.84	0.17075434167084022
748.9830000000001	0.17075434167084022
749.1270000000001	0.17075434167084022
749.2710000000001	0.17075434167084022
749.4150000000001	0.17075434167084022
749.5600000000001	0.17075434167084022
749.7030000000001	0.17075434167084022
749.8470000000001	0.17075434167084022
749.99	0.17075434167084022
750.134	0.17075434167084022
750.278	0.17075434167084022
750.422	0.17075434167084022
750.566	0.17075434167084022
750.71	0.17075434167084022
750.854	0.17075434167084022
750.999	0.17075434167084022
751.142	0.17075434167084022
751.2850000000001	0.17075434167084022
751.4290000000001	0.17075434167084022
751.5730000000001	0.17075434167084022
751.7170000000001	0.17075434167084022
751.8610000000001	0.17075628062890155
752.004	0.17075628062890155
752.149	0.17075628062890155
752.292	0.17075628062890155
752.436	0.17075628062890155
752.58	0.17075628062890155
752.724	0.17075628062890155
752.868	0.17075628062890155
753.0110000000001	0.17075692694825534
753.1590000000001	0.17075821958696288
753.2990000000001	0.170760804864378
753.4430000000001	0.170760804864378
753.5870000000001	0.170760804864378
753.7310000000001	0.170760804864378
753.875	0.17075821958696288
754.018	0.17075821958696288
754.162	0.17075821958696288
754.306	0.17075821958696288
754.45	0.17075821958696288
754.594	0.17075628062890155
754.738	0.17075628062890155
754.8810000000001	0.17075821958696288
755.0250000000001	0.17075821958696288
755.1690000000001	0.17075821958696288
755.3130000000001	0.170760804864378
755.4570000000001	0.17075821958696288
755.6010000000001	0.17075628062890155
755.745	0.17075628062890155
755.888	0.17075628062890155
756.033	0.17075628062890155
756.176	0.17075628062890155
756.32	0.17075628062890155
756.464	0.17075628062890155
756.6080000000001	0.17075821958696288
756.7520000000001	0.17075821958696288
756.8960000000001	0.17075821958696288
757.0400000000001	0.17075821958696288
757.1830000000001	0.17075821958696288
757.3270000000001	0.170760804864378
757.471	0.170760804864378
757.615	0.17076145118373176
757.759	0.1707633901417931
757.903	0.1707633901417931
758.047	0.1707704996546846
758.19	0.1707756702095148
758.3340000000001	0.1707756702095148
758.4780000000001	0.1707763165288686
758.6220000000001	0.17077696284822236
758.7660000000001	0.17077696284822236
758.9100000000001	0.17077696284822236
759.0530000000001	0.17077696284822236
759.197	0.17077696284822236
759.3420000000001	0.17077954812563748
759.4860000000001	0.17078277972240635
759.629	0.17078536499982144
759.773	0.17078536499982144
759.917	0.17078536499982144
760.0630000000001	0.17079053555465168
760.2040000000001	0.17079053555465168
760.3480000000001	0.17079376715142058
760.4920000000001	0.17079376715142058
760.6360000000001	0.17079376715142058
760.7810000000001	0.17079441347077434
760.9250000000001	0.17079829138689695
761.0680000000001	0.1708021693030196
761.2120000000001	0.1708021693030196
761.3560000000001	0.1708021693030196
761.5	0.1708021693030196
761.644	0.1708021693030196
761.788	0.1708021693030196
761.931	0.1708021693030196
762.075	0.1708021693030196
762.219	0.1708021693030196
762.363	0.1708021693030196
762.5070000000001	0.1708021693030196
762.6510000000001	0.1708021693030196
762.7950000000001	0.1708021693030196
762.9380000000001	0.1708021693030196
763.0820000000001	0.1708021693030196
763.2260000000001	0.1708021693030196
763.37	0.1708021693030196
763.514	0.1708021693030196
763.658	0.1708021693030196
763.801	0.1708021693030196
763.946	0.1708028156223734
764.089	0.1708028156223734
764.2330000000001	0.1708028156223734
764.3770000000001	0.17080475458043473
764.5210000000001	0.17080475458043473
764.6650000000001	0.17080669353849606
764.8080000000001	0.17080669353849606
764.9520000000001	0.1708086324965574
765.096	0.1708138030513876
765.24	0.17081703464815648
765.384	0.17081703464815648
765.528	0.17081703464815648
765.671	0.17081703464815648
765.816	0.17081703464815648
765.9590000000001	0.17081703464815648
766.1030000000001	0.1708189736062178
766.2470000000001	0.17082091256427914
766.3910000000001	0.17082091256427914
766.5350000000001	0.1708222052029867
766.6790000000001	0.1708254367997556
766.8230000000001	0.17082802207717068
766.966	0.17082996103523201
767.11	0.17083189999329335
767.254	0.17083383895135462
767.398	0.17083707054812353
767.542	0.17083707054812353
767.686	0.17083707054812353
767.8290000000001	0.17083707054812353
767.9730000000001	0.17083900950618486
768.1170000000001	0.17083900950618486
768.2610000000001	0.17083900950618486
768.4050000000001	0.17083900950618486
768.5490000000001	0.17083900950618486
768.6930000000001	0.17083900950618486
768.836	0.17084482638036885
768.98	0.17084482638036885
769.1270000000001	0.17084482638036885
769.268	0.17084741165778394
769.412	0.17084805797713773
769.556	0.17084805797713773
769.7	0.17084805797713773
769.8430000000001	0.17084805797713773
769.9870000000001	0.17084805797713773
770.1310000000001	0.17084805797713773
770.2750000000001	0.17084805797713773
770.4190000000001	0.17084805797713773
770.5630000000001	0.17084805797713773
770.7070000000001	0.17084805797713773
770.85	0.17084999693519906
770.994	0.1708519358932604
771.138	0.1708519358932604
771.282	0.1708545211706755
771.426	0.1708545211706755
771.57	0.17085775276744436
771.7130000000001	0.17085839908679815
771.8570000000001	0.17085839908679815
772.0010000000001	0.17085839908679815
772.1450000000001	0.17085839908679815
772.2890000000001	0.17085839908679815
772.4330000000001	0.17085839908679815
772.5770000000001	0.17085839908679815
772.72	0.17085839908679815
772.864	0.17085839908679815
773.008	0.1708596917255057
773.152	0.1708596917255057
773.296	0.1708596917255057
773.44	0.1708596917255057
773.5840000000001	0.1708596917255057
773.7280000000001	0.1708596917255057
773.8720000000001	0.1708596917255057
774.0150000000001	0.1708629233222746
774.1590000000001	0.1708629233222746
774.3030000000001	0.1708629233222746
774.447	0.1708629233222746
774.59	0.1708629233222746
774.734	0.1708629233222746
774.878	0.1708629233222746
775.022	0.1708596917255057
775.166	0.17085839908679815
775.3100000000001	0.17085839908679815
775.4530000000001	0.17085775276744436
775.5980000000001	0.17085581380938303
775.7410000000001	0.17085322853196794
775.892	0.17085581380938303
776.0290000000001	0.17085775276744436
776.173	0.17085839908679815
776.317	0.17085839908679815
776.46	0.17085839908679815
776.605	0.17085839908679815
776.749	0.17085839908679815
776.892	0.17085839908679815
777.0360000000001	0.17085839908679815
777.1800000000001	0.17085839908679815
777.3240000000001	0.17085839908679815
777.4680000000001	0.1708596917255057
777.6120000000001	0.1708629233222746
777.7550000000001	0.17086550859968969
777.899	0.17086615491904347
778.043	0.17087197179322744
778.1880000000001	0.17087908130611895
778.331	0.17088102026418028
778.4760000000001	0.17088102026418028
778.62	0.17088102026418028
778.763	0.17088102026418028
778.907	0.17088102026418028
779.051	0.17088102026418028
779.195	0.17088102026418028
779.339	0.17088102026418028
779.4830000000001	0.17088295922224161
779.6270000000001	0.1708887760964256
779.7700000000001	0.1708887760964256
779.9140000000001	0.17089330033190206
780.0580000000001	0.1708945929706096
780.2020000000001	0.17089911720608603
780.346	0.17089911720608603
780.49	0.17090234880285493
780.633	0.1709029951222087
780.777	0.1709029951222087
780.921	0.1709029951222087
781.065	0.1709029951222087
781.2090000000001	0.1709029951222087
781.3530000000001	0.17090364144156248
781.4970000000001	0.1709029951222087
781.6400000000001	0.17090364144156248
781.7840000000001	0.17090364144156248
781.9280000000001	0.17090364144156248
782.072	0.17090364144156248
782.216	0.17090364144156248
782.36	0.17090364144156248
782.503	0.17090364144156248
782.647	0.17090364144156248
782.791	0.17090493408027002
782.9350000000001	0.17090881199639266
783.0790000000001	0.1709126899125153
783.2230000000001	0.17091462887057665
783.3670000000001	0.17091462887057665
783.5100000000001	0.17091462887057665
783.6540000000001	0.17091462887057665
783.798	0.17091462887057665
783.942	0.17091462887057665
784.086	0.17091462887057665
784.23	0.17091462887057665
784.373	0.17091462887057665
784.517	0.17091462887057665
784.6610000000001	0.17091462887057665
784.8050000000001	0.17091462887057665
784.9490000000001	0.1709126899125153
785.0930000000001	0.17091075095445396
785.2370000000001	0.1709126899125153
785.3800000000001	0.1709126899125153
785.524	0.17091462887057665
785.668	0.17091527518993044
785.812	0.17091527518993044
785.956	0.17091721414799177
786.1	0.17092303102217574
786.243	0.17092884789635973
786.388	0.17093078685442106
786.5310000000001	0.17093078685442106
786.6750000000001	0.17093078685442106
786.8190000000001	0.17093078685442106
786.964	0.17093337213183618
787.1080000000001	0.17093595740925127
787.254	0.1709378963673126
787.394	0.17094242060278902
787.5390000000001	0.17094629851891163
787.6830000000001	0.1709475911576192
787.826	0.170948237476973
787.97	0.17095211539309565
788.114	0.1709559933092183
788.258	0.17095793226727962
788.402	0.1709592249059872
788.5450000000001	0.1709592249059872
788.6890000000001	0.17095987122534095
788.8330000000001	0.17096181018340229
788.9770000000001	0.17096181018340229
789.12	0.17096181018340229
789.2650000000001	0.17096181018340229
789.408	0.17096310282210983
789.552	0.17096310282210983
789.696	0.17096310282210983
789.84	0.17096310282210983
789.9830000000001	0.17096310282210983
790.128	0.17096374914146362
790.2710000000001	0.1709643954608174
790.4150000000001	0.1709643954608174
790.5590000000001	0.17096633441887873
790.7030000000001	0.17097150497370894
790.85	0.17097667552853912
790.9910000000001	0.17098249240272312
791.1350000000001	0.17098249240272312
791.278	0.17098960191561466
791.422	0.17099283351238354
791.566	0.1709934798317373
791.71	0.17099412615109108
791.8530000000001	0.17099541878979863
791.998	0.17100058934462886
792.142	0.17100640621881286
792.2850000000001	0.17100834517687416
792.4290000000001	0.17101157677364304
792.5730000000001	0.17101674732847322
792.7170000000001	0.17101933260588834
792.8610000000001	0.1710212715639497
793.0050000000001	0.17102644211877988
793.149	0.17103225899296387
793.292	0.1710341979510252
793.436	0.17103807586714787
793.58	0.17103807586714787
793.724	0.17103807586714787
793.868	0.17104389274133186
794.0120000000001	0.17104712433810074
794.1550000000001	0.17104841697680828
794.2990000000001	0.17104906329616207
794.4430000000001	0.17104970961551585
794.5870000000001	0.17105100225422337
794.7310000000001	0.1710529412122847
794.875	0.1710535875316385
795.019	0.17105488017034604
795.162	0.17105681912840734
795.3090000000001	0.17106263600259133
795.4520000000001	0.17106263600259133
795.5980000000001	0.17106263600259133
795.7420000000001	0.17106263600259133
795.8860000000001	0.17106263600259133
796.028	0.17106263600259133
796.173	0.17106263600259133
796.3180000000001	0.17106263600259133
796.4630000000001	0.17106263600259133
796.6020000000001	0.17106263600259133
796.7460000000001	0.17106263600259133
796.8900000000001	0.17106263600259133
797.033	0.17105681912840734
797.177	0.17105488017034604
797.321	0.1710535875316385
797.465	0.1710529412122847
797.609	0.17105100225422337
797.753	0.17104970961551585
797.8960000000001	0.17104906329616207
798.041	0.17104906329616207
798.1840000000001	0.17104841697680828
798.3280000000001	0.17104841697680828
798.4720000000001	0.17104841697680828
798.6160000000001	0.17104841697680828
798.7600000000001	0.17104841697680828
798.903	0.17104841697680828
799.047	0.17104841697680828
799.191	0.17104841697680828
799.335	0.17104841697680828
799.479	0.17104841697680828
799.623	0.17104841697680828
799.7660000000001	0.17104841697680828
799.9110000000001	0.17104841697680828
800.0540000000001	0.17104712433810074
800.1980000000001	0.17104712433810074
800.3420000000001	0.17104712433810074
800.4860000000001	0.17104389274133186
800.6300000000001	0.17104195378327053
800.773	0.17103807586714787
800.918	0.1710341979510252
801.061	0.1710341979510252
801.205	0.17103225899296387
801.35	0.17102902739619497
801.494	0.17102514948007233
801.6370000000001	0.1710212715639497
801.7800000000001	0.17101933260588834
801.9240000000001	0.17101933260588834
802.0680000000001	0.17101868628653455
802.2120000000001	0.17101868628653455
802.3560000000001	0.17101674732847322
802.5	0.1710148083704119
802.643	0.17101351573170437
802.788	0.17101351573170437
802.931	0.17101351573170437
803.075	0.17101351573170437
803.219	0.17101351573170437
803.363	0.1710148083704119
803.5060000000001	0.1710148083704119
803.6510000000001	0.1710148083704119
803.7950000000001	0.1710148083704119
803.9380000000001	0.1710148083704119
804.0820000000001	0.1710148083704119
804.2260000000001	0.17101674732847322
804.37	0.17101868628653455
804.513	0.17101933260588834
804.658	0.1710212715639497
804.801	0.1710212715639497
804.945	0.17102514948007233
805.089	0.17102902739619497
805.2360000000001	0.17103032003490254
805.3760000000001	0.17103225899296387
805.5210000000001	0.1710341979510252
805.6650000000001	0.1710341979510252
805.8080000000001	0.17103807586714787
805.9520000000001	0.17104195378327053
806.096	0.17104389274133186
806.24	0.1710458316993932
806.384	0.17104712433810074
806.528	0.17104841697680828
806.672	0.17104906329616207
806.815	0.1710516485735772
806.9590000000001	0.1710535875316385
807.1030000000001	0.17105488017034604
807.2470000000001	0.17105681912840734
807.3910000000001	0.1710587580864687
807.5350000000001	0.1710587580864687
807.6780000000001	0.17106069704453
807.822	0.17106328232194512
807.966	0.17106716023806778
808.11	0.17106909919612912
808.254	0.1710703918348367
808.398	0.17106909919612912
808.542	0.1710703918348367
808.6850000000001	0.1710703918348367
808.8290000000001	0.1710703918348367
808.9730000000001	0.1710703918348367
809.1170000000001	0.17106909919612912
809.2610000000001	0.17106716023806778
809.4050000000001	0.17106328232194512
809.548	0.17106069704453
809.692	0.17106069704453
809.836	0.1710587580864687
809.98	0.1710587580864687
810.124	0.17105681912840734
810.268	0.17105488017034604
810.412	0.17105488017034604
810.5550000000001	0.1710535875316385
810.6990000000001	0.1710516485735772
810.8430000000001	0.1710516485735772
810.9870000000001	0.1710516485735772
811.1310000000001	0.1710516485735772
811.2750000000001	0.1710516485735772
811.418	0.1710516485735772
811.562	0.1710516485735772
811.706	0.1710516485735772
811.8510000000001	0.17104906329616207
811.994	0.17104841697680828
812.138	0.17104712433810074
812.282	0.1710458316993932
812.4250000000001	0.17104453906068562
812.5690000000001	0.1710426001026243
812.7130000000001	0.17104195378327053
812.8570000000001	0.17103807586714787
813.0010000000001	0.1710341979510252
813.1460000000001	0.1710341979510252
813.2900000000001	0.1710341979510252
813.4340000000001	0.1710341979510252
813.5780000000001	0.1710341979510252
813.7220000000001	0.1710341979510252
813.865	0.17103225899296387
814.009	0.17103032003490254
814.153	0.17103032003490254
814.2990000000001	0.17102902739619497
814.441	0.17102514948007233
814.5840000000001	0.17102256420265724
814.7280000000001	0.1710212715639497
814.8720000000001	0.17101933260588834
815.0160000000001	0.17101868628653455
815.1600000000001	0.17101674732847322
815.3040000000001	0.1710148083704119
815.4480000000001	0.1710148083704119
815.5920000000001	0.1710148083704119
815.7360000000001	0.1710148083704119
815.879	0.1710148083704119
816.023	0.1710148083704119
816.166	0.1710148083704119
816.311	0.1710148083704119
816.455	0.1710148083704119
816.5980000000001	0.1710148083704119
816.7420000000001	0.1710148083704119
816.8860000000001	0.1710148083704119
817.0300000000001	0.1710148083704119
817.1740000000001	0.17101351573170437
817.3180000000001	0.17101028413493552
817.461	0.17101028413493552
817.605	0.17101028413493552
817.749	0.17101028413493552
817.893	0.17101028413493552
818.037	0.17101028413493552
818.181	0.17101028413493552
818.325	0.17100705253816662
818.4680000000001	0.17100705253816662
818.6120000000001	0.17100575989945907
818.7560000000001	0.17100511358010528
818.9000000000001	0.17100511358010528
819.0440000000001	0.17100317462204395
819.1880000000001	0.17100317462204395
819.3320000000001	0.17100317462204395
819.475	0.17100317462204395
819.619	0.17100317462204395
819.763	0.17100317462204395
819.907	0.17100317462204395
820.051	0.17100123566398262
820.195	0.17099929670592132
820.3380000000001	0.17099800406721377
820.4820000000001	0.17099800406721377
820.6260000000001	0.17099800406721377
820.7700000000001	0.17099800406721377
820.917	0.17099800406721377
821.057	0.17099800406721377
821.2020000000001	0.17099800406721377
821.345	0.17099800406721377
821.489	0.17099800406721377
821.633	0.17099800406721377
821.777	0.17099929670592132
821.921	0.17100123566398262
822.065	0.17100317462204395
822.2090000000001	0.17100317462204395
822.3530000000001	0.17100511358010528
822.4960000000001	0.17100575989945907
822.6400000000001	0.17100705253816662
822.7840000000001	0.17101028413493552
822.9280000000001	0.17101351573170437
823.072	0.1710148083704119
823.215	0.1710148083704119
823.3620000000001	0.1710148083704119
823.503	0.17101674732847322
823.647	0.17101933260588834
823.791	0.1710212715639497
823.9350000000001	0.17102256420265724
824.0780000000001	0.17102450316071857
824.2230000000001	0.17102708843813366
824.3670000000001	0.17102902739619497
824.5100000000001	0.17103032003490254
824.6540000000001	0.17103225899296387
824.798	0.1710341979510252
824.942	0.1710341979510252
825.086	0.171034844270379
825.23	0.17103872218650165
825.374	0.17104195378327053
825.517	0.17104195378327053
825.6610000000001	0.1710426001026243
825.8050000000001	0.17104453906068562
825.9490000000001	0.1710458316993932
826.0930000000001	0.17104712433810074
826.2370000000001	0.17104712433810074
826.3800000000001	0.17104841697680828
826.524	0.17105100225422337
826.668	0.1710535875316385
826.812	0.1710535875316385
826.956	0.1710535875316385
827.1	0.17105488017034604
827.244	0.17105617280905355
827.3870000000001	0.17105681912840734
827.5310000000001	0.17105746544776113
827.6750000000001	0.17105746544776113
827.8190000000001	0.17105681912840734
827.964	0.17105681912840734
828.1070000000001	0.17105681912840734
828.25	0.17105617280905355
828.394	0.17105617280905355
828.538	0.17105681912840734
828.682	0.17105746544776113
828.826	0.1710587580864687
828.97	0.1710587580864687
829.114	0.17106069704453
829.258	0.17106069704453
829.402	0.17106134336388376
829.546	0.17106134336388376
829.6890000000001	0.17106134336388376
829.8340000000001	0.17106134336388376
829.9770000000001	0.17106134336388376
830.12	0.17106134336388376
830.2650000000001	0.17106134336388376
830.408	0.17106069704453
830.552	0.17106069704453
830.697	0.17106069704453
830.841	0.1710587580864687
830.985	0.1710587580864687
831.128	0.1710587580864687
831.273	0.1710587580864687
831.416	0.1710587580864687
831.5600000000001	0.1710587580864687
831.7040000000001	0.17105746544776113
831.8480000000001	0.17105746544776113
831.9910000000001	0.17105746544776113
832.1360000000001	0.17105746544776113
832.2800000000001	0.17105746544776113
832.426	0.17105746544776113
832.567	0.17105746544776113
832.711	0.17105746544776113
832.855	0.17105746544776113
832.998	0.1710587580864687
833.143	0.1710587580864687
833.2860000000001	0.1710587580864687
833.4300000000001	0.1710587580864687
833.5740000000001	0.1710587580864687
833.7180000000001	0.17106069704453
833.8620000000001	0.17106069704453
834.0060000000001	0.17106069704453
834.1500000000001	0.17106069704453
834.293	0.17106069704453
834.437	0.17106069704453
834.581	0.17106134336388376
834.725	0.17106328232194512
834.868	0.17106716023806778
835.013	0.17106909919612912
835.157	0.17107103815419045
835.3000000000001	0.1710742697509593
835.4440000000001	0.1710775013477282
835.5880000000001	0.17108137926385086
835.7320000000001	0.17108137926385086
835.878	0.17108137926385086
836.0200000000001	0.17108137926385086
836.163	0.17108137926385086
836.307	0.17108137926385086
836.451	0.17108137926385086
836.595	0.17108137926385086
836.739	0.17108137926385086
836.883	0.17108137926385086
837.027	0.17108137926385086
837.1700000000001	0.17108137926385086
837.3140000000001	0.17108137926385086
837.4580000000001	0.17108137926385086
837.6020000000001	0.17108137926385086
837.7460000000001	0.1710775013477282
837.8900000000001	0.1710775013477282
838.0340000000001	0.1710775013477282
838.177	0.1710775013477282
838.321	0.1710775013477282
838.465	0.17108137926385086
838.609	0.1710775013477282
838.753	0.1710775013477282
838.897	0.1710775013477282
839.0400000000001	0.1710775013477282
839.1850000000001	0.1710775013477282
839.3280000000001	0.1710775013477282
839.4720000000001	0.1710775013477282
839.6160000000001	0.17108137926385086
839.7600000000001	0.1710833182219122
839.9040000000001	0.1710833182219122
840.047	0.1710833182219122
840.191	0.17108461086061977
840.335	0.17108461086061977
840.479	0.17108461086061977
840.623	0.17108461086061977
840.767	0.17108461086061977
840.9110000000001	0.1710859034993273
841.0550000000001	0.1710859034993273
841.1980000000001	0.17108461086061977
841.3420000000001	0.17108461086061977
841.488	0.17108461086061977
841.6300000000001	0.1710833182219122
841.774	0.17108137926385086
841.917	0.1710775013477282
842.062	0.17107556238966687
842.205	0.17107362343160554
842.349	0.1710703918348367
842.493	0.17106909919612912
842.6370000000001	0.17106909919612912
842.7810000000001	0.17106716023806778
842.9250000000001	0.17106328232194512
843.0680000000001	0.17106328232194512
843.2120000000001	0.17106328232194512
843.3560000000001	0.17106328232194512
843.5	0.17106328232194512
843.6450000000001	0.17106328232194512
843.788	0.17106134336388376
843.932	0.17106328232194512
844.075	0.17106716023806778
844.219	0.17106716023806778
844.363	0.17106328232194512
844.5070000000001	0.17106328232194512
844.6510000000001	0.17106328232194512
844.7950000000001	0.17106328232194512
844.9390000000001	0.17106328232194512
845.0820000000001	0.17106328232194512
845.2260000000001	0.17106716023806778
845.37	0.17106328232194512
845.514	0.17106134336388376
845.658	0.17106069704453
845.802	0.1710587580864687
845.945	0.1710587580864687
846.089	0.1710587580864687
846.2330000000001	0.17105746544776113
846.3770000000001	0.17105746544776113
846.5210000000001	0.17105681912840734
846.6650000000001	0.17105488017034604
846.8090000000001	0.1710535875316385
846.9520000000001	0.1710529412122847
847.096	0.17105229489293092
847.24	0.1710503559348696
847.384	0.1710503559348696
847.528	0.1710503559348696
847.672	0.1710503559348696
847.816	0.1710503559348696
847.9590000000001	0.1710503559348696
848.1030000000001	0.1710503559348696
848.248	0.1710503559348696
848.392	0.17104712433810074
848.5360000000001	0.1710503559348696
848.6800000000001	0.1710503559348696
848.8230000000001	0.1710503559348696
848.9670000000001	0.1710503559348696
849.1110000000001	0.1710503559348696
849.2550000000001	0.1710503559348696
849.399	0.1710503559348696
849.543	0.1710503559348696
849.687	0.1710503559348696
849.83	0.1710503559348696
849.974	0.1710503559348696
850.118	0.1710503559348696
850.2620000000001	0.1710503559348696
850.4060000000001	0.17105229489293092
850.5530000000001	0.17105229489293092
850.6940000000001	0.17105229489293092
850.8370000000001	0.1710529412122847
850.9820000000001	0.1710535875316385
851.125	0.17105488017034604
851.269	0.17105681912840734
851.413	0.17105746544776113
851.557	0.17105746544776113
851.7	0.1710587580864687
851.844	0.17106069704453
851.988	0.17106134336388376
852.1320000000001	0.17106328232194512
852.2760000000001	0.17106716023806778
852.4200000000001	0.1710703918348367
852.5630000000001	0.17107362343160554
852.7080000000001	0.1710775013477282
852.8510000000001	0.17108137926385086
852.995	0.1710833182219122
853.139	0.17108461086061977
853.283	0.17108654981868104
853.427	0.17108848877674238
853.57	0.1710904277348037
853.715	0.17109107405415747
853.8580000000001	0.17109236669286504
854.0020000000001	0.17109430565092637
854.1460000000001	0.17109624460898767
854.2900000000001	0.171098183567049
854.4340000000001	0.17110012252511034
854.5780000000001	0.17110012252511034
854.7220000000001	0.17110141516381788
854.865	0.17110206148317167
855.0100000000001	0.17110206148317167
855.1540000000001	0.17110270780252546
855.297	0.17110270780252546
855.441	0.17110206148317167
855.586	0.17110206148317167
855.7280000000001	0.17110206148317167
855.8720000000001	0.17110206148317167
856.0160000000001	0.17110012252511034
856.1600000000001	0.171098183567049
856.3040000000001	0.171098183567049
856.4480000000001	0.171098183567049
856.5920000000001	0.171098183567049
856.7360000000001	0.171098183567049
856.8800000000001	0.171098183567049
857.023	0.171098183567049
857.167	0.171098183567049
857.311	0.171098183567049
857.455	0.171098183567049
857.599	0.17109624460898767
857.743	0.17109430565092637
857.8870000000001	0.17109430565092637
858.0300000000001	0.17109430565092637
858.1740000000001	0.17109430565092637
858.3180000000001	0.17109430565092637
858.4620000000001	0.17109430565092637
858.6060000000001	0.17109430565092637
858.749	0.17109624460898767
858.893	0.17109624460898767
859.037	0.17109624460898767
859.181	0.17109624460898767
859.325	0.17109624460898767
859.471	0.171098183567049
859.6110000000001	0.17110012252511034
859.7560000000001	0.17110206148317167
859.9000000000001	0.17110270780252546
860.0440000000001	0.17110270780252546
860.1880000000001	0.17110400044123303
860.3320000000001	0.17110529307994057
860.4760000000001	0.17110529307994057
860.619	0.17110723203800188
860.763	0.17110723203800188
860.907	0.171109817315417
861.051	0.17111175627347833
861.195	0.17111175627347833
861.339	0.17111175627347833
861.4820000000001	0.17111175627347833
861.6260000000001	0.17111175627347833
861.7700000000001	0.17111369523153966
861.9140000000001	0.17111369523153966
862.0580000000001	0.17111369523153966
862.2020000000001	0.17111434155089345
862.346	0.17111434155089345
862.489	0.17111563418960102
862.633	0.1711201584250774
862.777	0.17112339002184626
862.921	0.17112403634120005
863.065	0.17112597529926138
863.2090000000001	0.17112726793796895
863.3520000000001	0.17112726793796895
863.4970000000001	0.17112985321538404
863.6400000000001	0.17113243849279913
863.7840000000001	0.17113243849279913
863.9280000000001	0.1711337311315067
864.072	0.17113502377021425
864.216	0.17113696272827558
864.359	0.17113890168633691
864.503	0.17113890168633691
864.647	0.1711395480056907
864.791	0.17114148696375203
864.9350000000001	0.17114277960245958
865.0790000000001	0.17114277960245958
865.2220000000001	0.17114277960245958
865.3670000000001	0.17114277960245958
865.5100000000001	0.17114277960245958
865.6550000000001	0.17114342592181336
865.801	0.17114407224116712
865.945	0.17114536487987467
866.0870000000001	0.1711466575185822
866.23	0.17114859647664354
866.375	0.17115247439276624
866.518	0.17115247439276624
866.662	0.17115247439276624
866.806	0.17115247439276624
866.95	0.17115247439276624
867.094	0.17115247439276624
867.238	0.17115247439276624
867.3810000000001	0.17115247439276624
867.5250000000001	0.17115699862824263
867.6690000000001	0.1711621691830728
867.8130000000001	0.17116540077984171
867.9570000000001	0.17116604709919547
868.1	0.17116604709919547
868.245	0.17116604709919547
868.388	0.17116604709919547
868.5340000000001	0.17116604709919547
868.676	0.17116733973790305
868.82	0.1711686323766106
868.964	0.17117057133467192
869.1080000000001	0.17117251029273325
869.2520000000001	0.17117315661208704
869.3950000000001	0.17117509557014837
869.5390000000001	0.17117638820885592
869.6830000000001	0.17117897348627104
869.8270000000001	0.1711828514023937
869.97	0.17118479036045503
870.115	0.17118737563787012
870.259	0.17118931459593142
870.403	0.17118931459593142
870.546	0.17119060723463897
870.69	0.17119189987334654
870.8340000000001	0.17119254619270033
870.9780000000001	0.17119319251205412
871.1220000000001	0.17119448515076163
871.2650000000001	0.17119577778946918
871.413	0.17119900938623805
871.5530000000001	0.17120224098300693
871.6980000000001	0.17120288730236072
871.844	0.1712054725797758
871.9870000000001	0.1712087041765447
872.1310000000001	0.17120999681525226
872.2750000000001	0.17120999681525226
872.416	0.1712119357733136
872.5640000000001	0.1712145210507287
872.7040000000001	0.17121839896685137
872.8510000000001	0.17122615479909667
872.995	0.17122615479909667
873.139	0.17122615479909667
873.283	0.17122615479909667
873.423	0.17122615479909667
873.567	0.17122615479909667
873.711	0.17122615479909667
873.855	0.17122615479909667
873.999	0.17122615479909667
874.142	0.17122615479909667
874.2860000000001	0.17122615479909667
874.4300000000001	0.17122615479909667
874.5740000000001	0.17122615479909667
874.7180000000001	0.17122615479909667
874.8620000000001	0.17122615479909667
875.0050000000001	0.1712300327152193
875.149	0.17123391063134197
875.293	0.17123714222811084
875.437	0.17123908118617218
875.581	0.17123908118617218
875.725	0.17123908118617218
875.869	0.1712468370184175
876.0120000000001	0.1712468370184175
876.1560000000001	0.17125394653130904
876.3000000000001	0.17125394653130904
876.4440000000001	0.17125394653130904
876.5880000000001	0.17125394653130904
876.7320000000001	0.17125394653130904
876.875	0.17125394653130904
877.019	0.1712468370184175
877.163	0.1712468370184175
877.307	0.1712468370184175
877.451	0.1712468370184175
877.5970000000001	0.1712468370184175
877.739	0.1712410201442335
877.8820000000001	0.17123908118617218
878.0260000000001	0.1712410201442335
878.1700000000001	0.1712410201442335
878.3140000000001	0.1712410201442335
878.4580000000001	0.1712410201442335
878.6020000000001	0.1712410201442335
878.745	0.1712410201442335
878.8900000000001	0.1712410201442335
879.033	0.1712410201442335
879.177	0.1712468370184175
879.321	0.17125394653130904
879.465	0.17125394653130904
879.609	0.17125394653130904
879.7520000000001	0.17125394653130904
879.897	0.17125394653130904
880.0400000000001	0.17125394653130904
880.1840000000001	0.17125394653130904
880.3280000000001	0.17125394653130904
880.4720000000001	0.17125394653130904
880.6160000000001	0.17125394653130904
880.7600000000001	0.17125394653130904
880.907	0.17125394653130904
881.047	0.17125394653130904
881.191	0.17125588548937037
881.335	0.171259763405493
881.479	0.1712636413216157
881.6220000000001	0.1712636413216157
881.767	0.1712636413216157
881.9100000000001	0.1712636413216157
882.0540000000001	0.1712636413216157
882.1980000000001	0.1712642876409695
882.3420000000001	0.17126945819579967
882.4860000000001	0.17127786034739872
882.6300000000001	0.17128303090222896
882.773	0.17128303090222896
882.917	0.17128303090222896
883.061	0.17128303090222896
883.206	0.17128303090222896
883.35	0.17128303090222896
883.494	0.17128303090222896
883.638	0.17128303090222896
883.782	0.17128303090222896
883.9250000000001	0.17128303090222896
884.0690000000001	0.17128303090222896
884.2130000000001	0.17128303090222896
884.3570000000001	0.17128303090222896
884.5010000000001	0.17128303090222896
884.6450000000001	0.17128303090222896
884.788	0.17128303090222896
884.9330000000001	0.17128303090222896
885.076	0.17128303090222896
885.22	0.17128303090222896
885.364	0.17128303090222896
885.508	0.17127786034739872
885.652	0.17128303090222896
885.796	0.17128755513770538
885.94	0.17128755513770538
886.0830000000001	0.17128755513770538
886.2270000000001	0.17128755513770538
886.3710000000001	0.17128755513770538
886.5150000000001	0.17128755513770538
886.6610000000001	0.17129143305382805
886.802	0.17129143305382805
886.946	0.17129143305382805
887.09	0.17129466465059692
887.234	0.17129854256671959
887.378	0.17130435944090355
887.522	0.1713134079118564
887.6650000000001	0.1713134079118564
887.8090000000001	0.1713192247860404
887.9530000000001	0.17132698061828572
888.0970000000001	0.17133602908923856
888.2410000000001	0.17133990700536122
888.3850000000001	0.1713437849214839
888.5290000000001	0.1713437849214839
888.672	0.1713437849214839
888.816	0.1713437849214839
888.96	0.1713437849214839
889.104	0.1713437849214839
889.248	0.1713437849214839
889.392	0.1713437849214839
889.5350000000001	0.1713437849214839
889.6800000000001	0.1713437849214839
889.8230000000001	0.1713437849214839
889.9670000000001	0.1713437849214839
890.1110000000001	0.1713437849214839
890.2550000000001	0.1713489554763141
890.399	0.1713489554763141
890.542	0.1713489554763141
890.687	0.1713541260311443
890.83	0.17135606498920564
890.974	0.17135606498920564
891.118	0.17135606498920564
891.2620000000001	0.17135606498920564
891.4050000000001	0.17135800394726697
891.5500000000001	0.17136058922468206
891.6930000000001	0.17136058922468206
891.8370000000001	0.17136058922468206
891.9810000000001	0.17136058922468206
892.125	0.17136058922468206
892.269	0.17136317450209718
892.413	0.17136317450209718
892.557	0.17136446714080472
892.7020000000001	0.17136640609886605
892.844	0.17136640609886605
892.988	0.17136640609886605
893.1320000000001	0.17136640609886605
893.2760000000001	0.17136640609886605
893.4200000000001	0.17136640609886605
893.5640000000001	0.17136446714080472
893.7070000000001	0.17136446714080472
893.8510000000001	0.17136446714080472
893.995	0.17136446714080472
894.139	0.17136446714080472
894.282	0.17136446714080472
894.427	0.17136446714080472
894.57	0.17136446714080472
894.714	0.17136446714080472
894.8580000000001	0.17136446714080472
895.0020000000001	0.17136446714080472
895.1460000000001	0.1713625281827434
895.2900000000001	0.1713625281827434
895.4340000000001	0.1713625281827434
895.5770000000001	0.1713625281827434
895.724	0.1713625281827434
895.865	0.1713625281827434
896.009	0.1713625281827434
896.153	0.1713625281827434
896.297	0.1713625281827434
896.441	0.1713625281827434
896.5840000000001	0.1713625281827434
896.7280000000001	0.1713625281827434
896.8720000000001	0.1713625281827434
897.0160000000001	0.1713625281827434
897.1600000000001	0.1713625281827434
897.3040000000001	0.1713625281827434
897.447	0.1713625281827434
897.5920000000001	0.1713625281827434
897.735	0.1713625281827434
897.879	0.1713625281827434
898.023	0.1713625281827434
898.167	0.1713625281827434
898.311	0.1713625281827434
898.4540000000001	0.1713625281827434
898.5980000000001	0.1713625281827434
898.7420000000001	0.1713625281827434
898.8860000000001	0.1713625281827434
899.0300000000001	0.1713625281827434
899.1740000000001	0.17136058922468206
899.3180000000001	0.17135800394726697
899.4620000000001	0.17135606498920564
899.6060000000001	0.1713541260311443
899.749	0.1713489554763141
899.894	0.1713437849214839
900.037	0.17133990700536122
900.181	0.17133602908923856
900.3240000000001	0.17132698061828572
900.469	0.1713192247860404
900.613	0.17131728582797906
900.7570000000001	0.17131728582797906
900.9010000000001	0.17131599318927151
901.0450000000001	0.17131276159250264
901.1880000000001	0.17131276159250264
901.3330000000001	0.17130500576025734
901.4760000000001	0.17129854256671959
901.62	0.17129854256671959
901.764	0.17129854256671959
901.908	0.17129854256671959
902.052	0.17129854256671959
902.195	0.17129854256671959
902.34	0.17129660360865825
902.4830000000001	0.17129660360865825
902.6270000000001	0.17129466465059692
902.7710000000001	0.1712927256925356
902.9150000000001	0.1712927256925356
903.0580000000001	0.17129143305382805
903.2030000000001	0.17129014041512047
903.3470000000001	0.17128949409576671
903.4910000000001	0.17128755513770538
903.634	0.17128755513770538
903.778	0.17128561617964405
903.922	0.17128303090222896
904.066	0.17128303090222896
904.21	0.17128109194416763
904.3530000000001	0.17128303090222896
904.4970000000001	0.17128561617964405
904.6410000000001	0.17128755513770538
904.7850000000001	0.17128949409576671
904.9290000000001	0.17129014041512047
905.0730000000001	0.17129014041512047
905.2170000000001	0.17129014041512047
905.3610000000001	0.17129143305382805
905.504	0.1712927256925356
905.648	0.1712927256925356
905.792	0.17129466465059692
905.936	0.1712927256925356
906.08	0.1712927256925356
906.224	0.17129466465059692
906.3670000000001	0.17129660360865825
906.5110000000001	0.17129854256671959
906.6550000000001	0.17130112784413468
906.7990000000001	0.17130306680219598
906.9430000000001	0.17130694471831864
907.0870000000001	0.17130694471831864
907.2310000000001	0.17130694471831864
907.374	0.17130306680219598
907.518	0.17130694471831864
907.662	0.17131276159250264
907.806	0.17131599318927151
907.95	0.17131599318927151
908.094	0.17131599318927151
908.2370000000001	0.17131599318927151
908.3810000000001	0.17131599318927151
908.5250000000001	0.17131599318927151
908.6690000000001	0.17131599318927151
908.8130000000001	0.17131599318927151
908.9570000000001	0.17131599318927151
909.1010000000001	0.17131599318927151
909.244	0.17131599318927151
909.388	0.17131599318927151
909.532	0.17131599318927151
909.676	0.17131276159250264
909.82	0.17130694471831864
909.964	0.17130306680219598
910.1070000000001	0.17130112784413468
910.2520000000001	0.17130112784413468
910.399	0.17130112784413468
910.543	0.17130112784413468
910.686	0.17130112784413468
910.8320000000001	0.17130112784413468
910.974	0.17130112784413468
911.114	0.17130112784413468
911.259	0.17130306680219598
911.402	0.17130694471831864
911.546	0.17130306680219598
911.69	0.17130306680219598
911.8340000000001	0.17130112784413468
911.9780000000001	0.17129918888607337
912.1220000000001	0.17129918888607337
912.2660000000001	0.17129724992801204
912.4090000000001	0.17129660360865825
912.5540000000001	0.17129660360865825
912.6980000000001	0.17129660360865825
912.8420000000001	0.17129660360865825
912.985	0.17129660360865825
913.129	0.17129660360865825
913.272	0.17129660360865825
913.417	0.17129660360865825
913.562	0.17129660360865825
913.7070000000001	0.17129660360865825
913.8470000000001	0.17129660360865825
913.9920000000001	0.17129660360865825
914.1360000000001	0.17129660360865825
914.2790000000001	0.17129466465059692
914.423	0.17129466465059692
914.567	0.17129466465059692
914.711	0.17129466465059692
914.855	0.17129466465059692
914.999	0.1712927256925356
915.142	0.17129143305382805
915.2860000000001	0.17129014041512047
915.4300000000001	0.17129143305382805
915.5740000000001	0.17129143305382805
915.7180000000001	0.17129143305382805
915.8620000000001	0.17129143305382805
916.0060000000001	0.17129143305382805
916.149	0.17129143305382805
916.293	0.17129143305382805
916.437	0.17129014041512047
916.581	0.17129014041512047
916.725	0.17129014041512047
916.869	0.17129014041512047
917.013	0.17129014041512047
917.1560000000001	0.17129014041512047
917.3000000000001	0.17129014041512047
917.4440000000001	0.17129014041512047
917.5880000000001	0.17129014041512047
917.7320000000001	0.17129014041512047
917.8760000000001	0.17129014041512047
918.019	0.17129014041512047
918.1640000000001	0.17129014041512047
918.3080000000001	0.17129014041512047
918.4520000000001	0.17128949409576671
918.596	0.17128949409576671
918.74	0.17128949409576671
918.884	0.17128884777641296
919.027	0.17128755513770538
919.172	0.17128755513770538
919.315	0.17128755513770538
919.4590000000001	0.17128755513770538
919.6030000000001	0.17128755513770538
919.7470000000001	0.17128755513770538
919.8900000000001	0.17128755513770538
920.0350000000001	0.17128755513770538
920.1780000000001	0.17128755513770538
920.322	0.17128755513770538
920.466	0.17128755513770538
920.61	0.17128755513770538
920.754	0.17128561617964405
920.897	0.17128367722158272
921.042	0.17128367722158272
921.1850000000001	0.17128367722158272
921.3290000000001	0.17128367722158272
921.4730000000001	0.17128367722158272
921.6170000000001	0.17128367722158272
921.7610000000001	0.1712817382635214
921.9050000000001	0.1712817382635214
922.0490000000001	0.1712817382635214
922.192	0.1712817382635214
922.336	0.1712817382635214
922.48	0.1712817382635214
922.624	0.1712817382635214
922.7700000000001	0.1712817382635214
922.912	0.1712817382635214
923.0550000000001	0.1712817382635214
923.1990000000001	0.1712817382635214
923.3430000000001	0.1712817382635214
923.4870000000001	0.1712817382635214
923.6310000000001	0.1712817382635214
923.7750000000001	0.1712817382635214
923.9190000000001	0.1712817382635214
924.062	0.1712817382635214
924.206	0.1712817382635214
924.35	0.1712817382635214
924.494	0.1712817382635214
924.638	0.1712817382635214
924.782	0.1712817382635214
924.926	0.1712817382635214
925.0690000000001	0.1712817382635214
925.2130000000001	0.1712817382635214
925.3570000000001	0.1712817382635214
925.5010000000001	0.17128109194416763
925.6450000000001	0.17128109194416763
925.7890000000001	0.17128109194416763
925.9350000000001	0.17128109194416763
926.076	0.17127979930546006
926.22	0.17127979930546006
926.364	0.17127979930546006
926.508	0.17127979930546006
926.652	0.17128109194416763
926.796	0.17128109194416763
926.9390000000001	0.1712817382635214
927.0830000000001	0.17128367722158272
927.2270000000001	0.17128561617964405
927.3710000000001	0.17128755513770538
927.5160000000001	0.17128884777641296
927.6600000000001	0.17128884777641296
927.8030000000001	0.17128949409576671
927.947	0.17129014041512047
928.09	0.17129014041512047
928.234	0.17129014041512047
928.378	0.17129014041512047
928.522	0.17129014041512047
928.666	0.17129014041512047
928.8090000000001	0.17129143305382805
928.9530000000001	0.17129337201188938
929.0970000000001	0.1712953109699507
929.2410000000001	0.17129660360865825
929.3850000000001	0.17129660360865825
929.5290000000001	0.17129660360865825
929.673	0.17129660360865825
929.816	0.17129724992801204
929.96	0.17129724992801204
930.104	0.17129724992801204
930.248	0.17129724992801204
930.392	0.17129724992801204
930.5360000000001	0.17129789624736583
930.6790000000001	0.17129918888607337
930.8230000000001	0.17129918888607337
930.9680000000001	0.17129918888607337
931.1120000000001	0.17130048152478092
931.2550000000001	0.17130048152478092
931.399	0.17130048152478092
931.543	0.17130048152478092
931.686	0.17129918888607337
931.8330000000001	0.17129789624736583
931.974	0.17129789624736583
932.118	0.17129918888607337
932.2620000000001	0.17129918888607337
932.4060000000001	0.17130112784413468
932.5490000000001	0.17130112784413468
932.6940000000001	0.17130112784413468
932.8370000000001	0.17130112784413468
932.9810000000001	0.17130177416348843
933.125	0.17130306680219598
933.269	0.17130306680219598
933.413	0.17130435944090355
933.556	0.17130435944090355
933.701	0.17130435944090355
933.844	0.17130629839896488
933.988	0.17130888367637997
934.1320000000001	0.17131211527314888
934.2760000000001	0.17131534686991773
934.4200000000001	0.17131599318927151
934.5640000000001	0.17131599318927151
934.7080000000001	0.17131599318927151
934.8510000000001	0.17131728582797906
934.995	0.1713192247860404
935.139	0.17131987110539418
935.283	0.17132116374410172
935.426	0.1713224563828093
935.572	0.17132310270216305
935.715	0.17132568797957817
935.859	0.17132891957634705
936.003	0.17132891957634705
936.147	0.17132891957634705
936.291	0.17133085853440838
936.436	0.1713327974924697
936.5790000000001	0.17133409013117726
936.7220000000001	0.17133409013117726
936.8660000000001	0.17133409013117726
937.0100000000001	0.17133409013117726
937.1540000000001	0.17133409013117726
937.298	0.17133409013117726
937.442	0.1713327974924697
937.586	0.17133085853440838
937.729	0.17132891957634705
937.873	0.17132568797957817
938.017	0.17132891957634705
938.1610000000001	0.17132891957634705
938.3050000000001	0.17132891957634705
938.4490000000001	0.17132568797957817
938.5920000000001	0.17132374902151684
938.7360000000001	0.17132310270216305
938.8800000000001	0.17132310270216305
939.024	0.17132310270216305
939.168	0.17132374902151684
939.312	0.17132374902151684
939.456	0.17132568797957817
939.599	0.17132891957634705
939.743	0.17133085853440838
939.8870000000001	0.17133150485376217
940.0310000000001	0.1713327974924697
940.1750000000001	0.17133409013117726
940.3190000000001	0.17133602908923856
940.4620000000001	0.17133861436665365
940.6070000000001	0.17133861436665365
940.75	0.17134119964406874
940.8960000000001	0.1713431386021301
941.038	0.1713431386021301
941.182	0.1713431386021301
941.326	0.17134443124083765
941.469	0.17134572387954522
941.613	0.17134637019889898
941.758	0.17134637019889898
941.9010000000001	0.17134637019889898
942.046	0.17134701651825276
942.1890000000001	0.17134960179566788
942.3320000000001	0.17135283339243673
942.4760000000001	0.17135347971179052
942.62	0.17135347971179052
942.764	0.17135347971179052
942.908	0.17135347971179052
943.052	0.17135347971179052
943.196	0.17135347971179052
943.339	0.17135347971179052
943.4830000000001	0.17135541866985185
943.6270000000001	0.17135735762791318
943.7710000000001	0.17135865026662073
943.9150000000001	0.1713599429053283
944.0590000000001	0.17136058922468206
944.2020000000001	0.1713625281827434
944.3470000000001	0.17136382082145096
944.49	0.17136382082145096
944.634	0.17136382082145096
944.778	0.17136446714080472
944.922	0.1713651134601585
945.066	0.17136640609886605
945.2090000000001	0.17136834505692738
945.3530000000001	0.17137028401498872
945.4970000000001	0.17137351561175757
945.6410000000001	0.1713754545698189
945.7850000000001	0.1713754545698189
945.9290000000001	0.1713754545698189
946.072	0.17137610088917268
946.2170000000001	0.17137803984723401
946.36	0.17137997880529532
946.504	0.17138256408271044
946.648	0.17138450304077177
946.792	0.1713857956794793
946.936	0.1713870883181869
947.0790000000001	0.17139031991495576
947.2230000000001	0.1713941978310784
947.3670000000001	0.17139613678913973
947.5110000000001	0.17139807574720106
947.6550000000001	0.17139872206655485
947.7990000000001	0.17139872206655485
947.9430000000001	0.17139872206655485
948.0870000000001	0.17139872206655485
948.23	0.17139872206655485
948.374	0.1714000147052624
948.518	0.17140130734396997
948.662	0.17140130734396997
948.806	0.17140195366332373
948.9490000000001	0.1714025999826775
949.094	0.17140389262138506
949.238	0.17140518526009263
949.3810000000001	0.17140518526009263
949.5250000000001	0.17140518526009263
949.6690000000001	0.17140518526009263
949.8130000000001	0.17140518526009263
949.9590000000001	0.17140518526009263
950.1	0.17140518526009263
950.244	0.17140518526009263
950.388	0.1714058315794464
950.532	0.17140647789880017
950.676	0.17140647789880017
950.82	0.17140647789880017
950.964	0.17140777053750772
951.1080000000001	0.17140906317621524
951.2510000000001	0.17140906317621524
951.3950000000001	0.17140970949556902
951.5390000000001	0.17141229477298414
951.6830000000001	0.17141423373104547
951.8270000000001	0.17141552636975302
951.971	0.17141552636975302
952.115	0.17141681900846056
952.258	0.17141681900846056
952.402	0.17141681900846056
952.546	0.17141681900846056
952.69	0.17141681900846056
952.8340000000001	0.17141681900846056
952.9780000000001	0.17141681900846056
953.1220000000001	0.17141681900846056
953.2660000000001	0.17141681900846056
953.4100000000001	0.17141681900846056
953.5540000000001	0.17141681900846056
953.6980000000001	0.17141681900846056
953.8420000000001	0.17141681900846056
953.9860000000001	0.17141681900846056
954.129	0.17141681900846056
954.273	0.17141681900846056
954.417	0.17141681900846056
954.561	0.17141681900846056
954.705	0.17141681900846056
954.849	0.17141681900846056
954.9920000000001	0.17141681900846056
955.1360000000001	0.17141681900846056
955.2810000000001	0.17141681900846056
955.4240000000001	0.17141681900846056
955.5680000000001	0.17141681900846056
955.7130000000001	0.17141681900846056
955.86	0.17141681900846056
956.0	0.17141681900846056
956.143	0.17141681900846056
956.287	0.17141681900846056
956.431	0.17141681900846056
956.575	0.17141552636975302
956.719	0.17141552636975302
956.8620000000001	0.17141423373104547
957.0060000000001	0.17141229477298414
957.1500000000001	0.17141229477298414
957.2940000000001	0.17140970949556902
957.4380000000001	0.17140970949556902
957.5820000000001	0.17140970949556902
957.7260000000001	0.17140970949556902
957.869	0.17140777053750772
958.013	0.17140647789880017
958.157	0.17140647789880017
958.301	0.17140647789880017
958.445	0.17140647789880017
958.589	0.17140647789880017
958.7320000000001	0.17140647789880017
958.8770000000001	0.17140647789880017
959.022	0.1714058315794464
959.1640000000001	0.17140518526009263
959.3080000000001	0.17140518526009263
959.4520000000001	0.17140518526009263
959.596	0.17140389262138506
959.739	0.1714025999826775
959.884	0.1714025999826775
960.027	0.1714025999826775
960.171	0.1714025999826775
960.315	0.1714025999826775
960.4590000000001	0.1714025999826775
960.6030000000001	0.17140195366332373
960.7470000000001	0.17140130734396997
960.8900000000001	0.17140130734396997
961.0340000000001	0.1714000147052624
961.1780000000001	0.17139872206655485
961.322	0.17139872206655485
961.466	0.17139872206655485
961.609	0.17139872206655485
961.754	0.17139678310849352
961.897	0.17139678310849352
962.041	0.17139678310849352
962.1850000000001	0.17139678310849352
962.3290000000001	0.17139678310849352
962.4720000000001	0.17139678310849352
962.6170000000001	0.17139678310849352
962.7610000000001	0.17139678310849352
962.9040000000001	0.17139678310849352
963.048	0.17139096623430955
963.192	0.1713870883181869
963.336	0.1713857956794793
963.48	0.1713857956794793
963.624	0.17138450304077177
963.768	0.17138256408271044
963.9110000000001	0.17137997880529532
964.056	0.17137997880529532
964.1990000000001	0.17137997880529532
964.3430000000001	0.17137803984723401
964.4870000000001	0.17137610088917268
964.6310000000001	0.17137610088917268
964.774	0.1713754545698189
964.9190000000001	0.1713754545698189
965.062	0.1713754545698189
965.206	0.1713754545698189
965.35	0.1713754545698189
965.494	0.1713754545698189
965.638	0.1713754545698189
965.7810000000001	0.1713754545698189
965.9250000000001	0.1713754545698189
966.0690000000001	0.1713754545698189
966.2130000000001	0.1713754545698189
966.3570000000001	0.1713754545698189
966.5010000000001	0.17137028401498872
966.644	0.1713651134601585
966.788	0.1713651134601585
966.932	0.17136446714080472
967.076	0.17136382082145096
967.22	0.17136188186338963
967.364	0.17135865026662073
967.508	0.17135541866985185
967.6510000000001	0.17135347971179052
967.7950000000001	0.17135347971179052
967.94	0.17135283339243673
968.0830000000001	0.17134960179566788
968.2270000000001	0.17134637019889898
968.3710000000001	0.17134637019889898
968.514	0.17134637019889898
968.6590000000001	0.17134637019889898
968.802	0.17134637019889898
968.946	0.17134572387954522
969.09	0.17133990700536122
969.234	0.17133990700536122
969.378	0.17133990700536122
969.522	0.17133990700536122
969.666	0.17133990700536122
969.8100000000001	0.17133990700536122
969.9540000000001	0.1713327974924697
970.0980000000001	0.17133085853440838
970.2410000000001	0.17132698061828572
970.3850000000001	0.17132374902151684
970.5300000000001	0.17132310270216305
970.6740000000001	0.1713224563828093
970.817	0.17132116374410172
970.9630000000001	0.17132116374410172
971.105	0.17132116374410172
971.249	0.17132116374410172
971.392	0.17131987110539418
971.537	0.17131793214733285
971.6800000000001	0.17131599318927151
971.8240000000001	0.17131276159250264
971.9680000000001	0.17130694471831864
972.1120000000001	0.17130694471831864
972.2560000000001	0.17130435944090355
972.4000000000001	0.17130435944090355
972.5440000000001	0.17130242048284222
972.687	0.17129918888607337
972.831	0.17129724992801204
972.975	0.1712953109699507
973.119	0.17129401833124314
973.263	0.1712920793731818
973.407	0.17128949409576671
973.551	0.17128303090222896
973.6940000000001	0.17127010451515343
973.8380000000001	0.17126170236355434
973.9820000000001	0.1712604097248468
974.1260000000001	0.1712578244474317
974.2700000000001	0.17125394653130904
974.4140000000001	0.17125071493454014
974.5580000000001	0.1712487759764788
974.701	0.17124619069906372
974.845	0.17124231278294105
974.989	0.17123778854746463
975.133	0.1712326179926344
975.277	0.1712306790345731
975.421	0.17121904528620513
975.5640000000001	0.17120353362171448
975.7080000000001	0.1711983630668843
975.8520000000001	0.17119448515076163
975.9960000000001	0.17118608299916255
976.1400000000001	0.17117509557014837
976.2840000000001	0.1711679860572568
976.4280000000001	0.1711582912669502
976.571	0.1711395480056907
976.716	0.17111369523153963
976.859	0.17109430565092637
977.0050000000001	0.17107556238966684
977.147	0.17105488017034604
977.291	0.17104712433810074
977.4340000000001	0.17104195378327053
977.5790000000001	0.17103096635425633
977.7220000000001	0.17095470067051077
977.8660000000001	0.16196052054336446
978.0100000000001	0.14646048980110937
978.1540000000001	0.13553898536100317
978.298	0.1270476416910946
978.441	0.11917741092016468
978.585	0.11175960369687798
978.729	0.10457317880224304
978.873	0.09805052388393604
979.017	0.09206948458409331
979.1610000000001	0.08653182036094086
979.3040000000001	0.07420844924249459
979.4490000000001	0.06301872227057137
979.5920000000001	0.061311146537895274
979.7360000000001	0.060316461052434066
979.8800000000001	0.05898956741913202
980.024	0.05817003447854411
980.168	0.05725807787036622
980.311	0.055984828743427584
980.456	0.05504572672239111
980.6	0.054305691062317626
980.743	0.051560126447477345
980.8870000000001	0.048910217096995896
981.0310000000001	0.048459732507414054
981.1740000000001	0.047945262301808386
981.3190000000001	0.04719423921272073
981.4630000000001	0.046628063458812985
981.6060000000001	0.046291977394849484
981.75	0.04567732768940855
981.894	0.04499804604859001
982.038	0.04467359373299447
982.182	0.043538010628410104
982.326	0.04235459989164632
982.47	0.04172249956365343
982.613	0.04112077624528801
982.7570000000001	0.04092494148109389
982.902	0.04071876560723936
983.0450000000001	0.0401881374177893
983.1890000000001	0.039780956224910444
983.3330000000001	0.03972860435725459
983.4760000000001	0.039516611609216074
983.62	0.03895237481336966
983.764	0.03853162091406151
983.9090000000001	0.03834741989823537
984.052	0.03792601967957344
984.196	0.03758088514465707
984.34	0.03734239330311374
984.4830000000001	0.0369132372522065
984.6270000000001	0.03660752819787047
984.7710000000001	0.0365584079269835
984.9150000000001	0.0361551046502273
985.0590000000001	0.035322645322563864
985.2030000000001	0.03484630795883098
985.346	0.03460975507534897
985.49	0.03421420763083809
985.634	0.03393499767000688
985.778	0.0338399887250018
985.922	0.033667421457543624
986.07	0.03348515939977881
986.21	0.03347094037399573
986.3530000000001	0.033099306745574555
986.498	0.03243747572730797
986.6410000000001	0.032120779243957745
986.7850000000001	0.03190620121850413
986.9290000000001	0.031652844031823946
987.0730000000001	0.03154943293521979
987.216	0.03146347246116759
987.3610000000001	0.03137428039034651
987.5050000000001	0.031314819009799114
987.648	0.03117521402938351
987.792	0.03067948708503735
987.936	0.030173419031030775
988.081	0.029985986418435744
988.224	0.029927817676595907
988.368	0.02982505289934553
988.5160000000001	0.029658302506071335
988.6560000000001	0.02945018767415547
988.8000000000001	0.029269864574451975
988.9440000000001	0.02916645347784782
989.0880000000001	0.02909148043280981
989.2310000000001	0.028932485871780926
989.3760000000001	0.02872824895598772
989.519	0.02850462245958124
989.663	0.028337872066307043
989.807	0.028324945679231522
989.951	0.028279703324467203
990.095	0.028243509440655748
990.238	0.028204730279429192
990.383	0.028061247382890928
990.5260000000001	0.027905484418630923
990.6700000000001	0.02761011647395531
990.8140000000001	0.027295358948666415
990.9580000000001	0.02714929077471305
991.1020000000001	0.026978016145962416
991.245	0.026835825888131708
991.3900000000001	0.026722073681867135
991.533	0.026523653640257917
991.677	0.02636142748246015
991.821	0.02625607742779467
991.965	0.026151373692482965
992.109	0.02608157120227516
992.2520000000001	0.026009183434652257
992.397	0.025970404273425694
992.5400000000001	0.025915467128354734
992.6840000000001	0.02584954255426959
992.8280000000001	0.025737082986712574
992.9720000000001	0.02551604176772119
993.1160000000001	0.02532602387771106
993.259	0.02524717291655039
993.403	0.025189004174710553
993.547	0.024960207123473865
993.691	0.024717191046454104
993.835	0.02466031494332182
993.979	0.02464932751430763
994.123	0.02462153578209526
994.2660000000001	0.024564659678962975
994.4100000000001	0.024513600450014675
994.5540000000001	0.02448580871780231
994.6980000000001	0.02445672434688239
994.8420000000001	0.02441665254694828
994.9860000000001	0.024369471234122635
995.1320000000001	0.024324875198712095
995.273	0.024299022424561056
995.417	0.02428415707942421
995.561	0.024242792640782548
995.705	0.024213061950508853
995.849	0.024201428202140884
995.993	0.02415424688931524
996.1370000000001	0.024096078147475407
996.2800000000001	0.024063762179786605
996.4240000000001	0.02403144621209781
996.5690000000001	0.023937729905800294
996.7120000000001	0.02382139242212062
996.8560000000001	0.023745126738375057
997.0	0.02368566535782767
997.143	0.023652056751431318
997.287	0.023625557657926503
997.431	0.02354282878064318
997.576	0.02340839435505778
997.72	0.023329543393897114
997.864	0.023295288468146987
998.0070000000001	0.023209327994094787
998.152	0.023081356762047145
998.2940000000001	0.022961141362244815
998.4380000000001	0.022854498668871782
998.5820000000001	0.02277176979158846
998.7260000000001	0.022703259940088205
998.87	0.022654139669201233
999.014	0.022630872172465295
999.158	0.02259209301123874
999.301	0.022536509546814007
999.445	0.022442793240516495
999.589	0.022325809437483045
999.7330000000001	0.022188143415128765
999.8770000000001	0.0220420752411754
1000.0210000000001	0.021961931641307178
1000.1640000000001	0.0219399567832788
1000.3080000000001	0.021911518731712654
1000.4520000000001	0.021857227905995473
1000.596	0.0218242656189529
1000.74	0.021680782722414634
1000.8860000000001	0.021496581706588483
1001.028	0.02144616879699396
1001.171	0.021431303451857113
1001.315	0.021413206509951387
1001.4590000000001	0.021400280122875866
1001.6030000000001	0.021377012626139932
1001.7470000000001	0.021354391448757774
1001.8910000000001	0.0213401724229747
1002.0340000000001	0.021289113194026404
1002.1780000000001	0.021245163477969637
1002.322	0.021175360987761835
1002.466	0.02105773086537461
1002.61	0.021002147400949876
1002.754	0.020996330526765892
1002.898	0.020981465181629043
1003.0450000000001	0.020923942759142982
1003.186	0.020852847630227628
1003.3290000000001	0.02079467888838779
1003.4730000000001	0.020741680701378162
1003.6170000000001	0.020652488630557082
1003.7610000000001	0.020562003921028443
1003.9050000000001	0.02053615114687741
1004.048	0.02050706677595749
1004.1940000000001	0.020480567682452676
1004.336	0.02047798240503757
1004.48	0.020455361227655414
1004.624	0.020427569495443044
1004.768	0.02041076519224487
1004.912	0.02038685137615516
1005.0550000000001	0.02028602555696611
1005.1990000000001	0.020138018424951415
1005.3430000000001	0.02004559475736145
1005.488	0.019968682754262113
1005.6320000000001	0.019918269844667588
1005.7750000000001	0.019910514012422276
1005.9200000000001	0.01989758762534676
1006.0630000000001	0.019869149573780616
1006.2070000000001	0.019755397367516046
1006.3510000000001	0.019579598503288984
1006.495	0.019485235877637692
1006.639	0.01945679782607155
1006.783	0.019436761926104495
1006.926	0.019342399300453207
1007.07	0.019253207229632124
1007.214	0.019201501681330044
1007.3580000000001	0.019036690246117174
1007.5020000000001	0.01888221992056472
1007.6450000000001	0.018816295346479574
1007.7900000000001	0.018756833965932185
1007.9330000000001	0.01871482320793675
1008.0770000000001	0.01870318945956878
1008.221	0.018668288214464875
1008.365	0.018617228985516574
1008.509	0.0185816814210589
1008.653	0.018527390595341718
1008.796	0.01848279455993118
1008.94	0.018470514492209433
1009.0840000000001	0.018458880743841465
1009.2280000000001	0.01843949116322819
1009.3720000000001	0.018417516305199805
1009.5160000000001	0.018395541447171426
1009.6600000000001	0.018335433747270258
1009.8030000000001	0.018281142921553077
1009.947	0.018261107021586023
1010.091	0.01824365639903407
1010.235	0.018235900566788758
1010.379	0.018205523557161287
1010.523	0.01816157384110452
1010.667	0.018088539754127837
1010.8100000000001	0.01802002990262759
1010.9540000000001	0.01800710351555207
1011.0980000000001	0.017992238170415224
1011.2420000000001	0.017932776789867835
1011.3860000000001	0.01788365651898086
1011.5300000000001	0.01787396172867422
1011.6740000000001	0.017862327980306254
1011.8180000000001	0.01785069423193829
1011.961	0.017828719373909903
1012.105	0.017811915070711726
1012.249	0.017796403406221108
1012.392	0.01777830646431538
1012.537	0.017762148480470977
1012.6800000000001	0.017743405219211476
1012.8240000000001	0.017735003067612387
1012.9680000000001	0.01772530827730575
1013.1120000000001	0.01763546988713089
1013.2600000000001	0.017536583026003166
1013.4000000000001	0.017501681780899267
1013.543	0.017465487897087812
1013.687	0.017446744635828307
1013.831	0.017435757206814118
1013.975	0.017423477139092376
1014.119	0.017372417910144072
1014.263	0.017311663890889135
1014.407	0.017272884729662576
1014.551	0.017245739316803985
1014.6940000000001	0.01723927612326623
1014.8380000000001	0.017205667516869878
1014.9820000000001	0.01712358495894033
1015.1260000000001	0.01700207692043045
1015.2700000000001	0.01693421338828397
1015.413	0.0169038363786565
1015.557	0.016846313956170443
1015.701	0.016808827433651436
1015.845	0.01679525472722214
1015.993	0.01676487771759467
1016.133	0.016733208069259646
1016.277	0.016713172169292592
1016.421	0.01666405189840562
1016.5640000000001	0.01662268745976396
1016.7080000000001	0.01660976107268844
1016.8520000000001	0.01655029969214105
1016.9960000000001	0.016482436159994576
1017.1400000000001	0.016439132763291585
1017.2840000000001	0.016405524156895238
1017.4280000000001	0.01636803763437623
1017.571	0.01633442902797988
1017.715	0.016326026876380795
1017.859	0.016271736050663614
1018.003	0.016219384183007758
1018.147	0.01620775043463979
1018.291	0.01619999460239448
1018.4340000000001	0.016189007173380288
1018.5780000000001	0.016170263912120786
1018.7220000000001	0.016147642734738628
1018.8660000000001	0.016133423708955555
1019.0100000000001	0.016124375238002694
1019.1540000000001	0.016110802531573397
1019.298	0.016090766631606343
1019.442	0.016075901286469498
1019.585	0.01606426753810153
1019.729	0.016050694831672232
1019.873	0.01603324420912028
1020.017	0.01601708622527588
1020.1600000000001	0.016006098796261692
1020.3050000000001	0.01599317240918617
1020.4490000000001	0.015973136509219117
1020.5920000000001	0.015955685886667167
1020.7360000000001	0.015943405818945423
1020.8800000000001	0.01592918679316235
1021.024	0.015909150893195296
1021.168	0.015882651799690485
1021.312	0.01586261589972343
1021.455	0.015850982151355462
1021.599	0.015850335832001683
1021.743	0.015827714654619525
1021.8870000000001	0.015794106048223178
1022.0300000000001	0.01577600910631745
1022.1750000000001	0.015738522583798445
1022.321	0.015683585438727485
1022.4620000000001	0.015659025303284
1022.6060000000001	0.01565579370651512
1022.75	0.01565256210974624
1022.894	0.01564803787426981
1023.0390000000001	0.0156402820420245
1023.182	0.015621538780764995
1023.326	0.015600856561444162
1023.47	0.01559503968726018
1023.614	0.015582113300184662
1023.758	0.015543334138958103
1023.902	0.01551489608739196
1024.046	0.01550714025514665
1024.189	0.015497445464840009
1024.333	0.015484519077764491
1024.477	0.015464483177797434
1024.621	0.015440569361707724
1024.765	0.015425704016570879
1024.909	0.015398558603712288
1025.053	0.015361072081193281
1025.1960000000001	0.01532746347479693
1025.3410000000001	0.015304195978060996
1025.4850000000001	0.01527963584261751
1025.6290000000001	0.01523827140397585
1025.7720000000002	0.015216296545947467
1025.9160000000002	0.015203370158871944
1026.06	0.015182041620197338
1026.203	0.015165237316999165
1026.347	0.015158774123461408
1026.491	0.01515683516540008
1026.635	0.01515489620733875
1026.779	0.015151664610569871
1026.923	0.015140030862201906
1027.067	0.015126458155772609
1027.21	0.01509866642356024
1027.354	0.01503338816882887
1027.498	0.014985560536649447
1027.642	0.014976512065696581
1027.786	0.014973926788281477
1027.929	0.014970048872158822
1028.074	0.014947427694776666
1028.217	0.014920928601271852
1028.361	0.0149034779787199
1028.505	0.014880210481983966
1028.6490000000001	0.014861467220724464
1028.7930000000001	0.014834321807865874
1028.9370000000001	0.014772921469257155
1029.0810000000001	0.014720569601601303
1029.2240000000002	0.014697302104865369
1029.3680000000002	0.014683083079082298
1029.512	0.014646242875917068
1029.656	0.014564160317987521
1029.8	0.01450986949227034
1029.944	0.014494357827779717
1030.087	0.01448272407941175
1030.231	0.014480138801996644
1030.375	0.01447884616328909
1030.519	0.014478199843935318
1030.663	0.014471736650397561
1030.807	0.014453639708491832
1030.95	0.014437481724647431
1031.1000000000001	0.014433603808524776
1031.238	0.014425847976279466
1031.382	0.014418092144034153
1031.526	0.014406458395666186
1031.67	0.014389654092468012
1031.814	0.014381898260222702
1031.958	0.014379312982807596
1032.101	0.01437737402474627
1032.2450000000001	0.014373496108623613
1032.3890000000001	0.014371557150562285
1032.5330000000001	0.01436444763767075
1032.6770000000001	0.014356045486071662
1032.8200000000002	0.014339241182873485
1032.9650000000001	0.014317912644198877
1033.108	0.01430821785389224
1033.252	0.014304339937769583
1033.396	0.014301108341000705
1033.54	0.01429399882810917
1033.684	0.014284950357156306
1033.828	0.014255219666882611
1033.971	0.014228720573377797
1034.115	0.014226781615316469
1034.259	0.014220964741132484
1034.403	0.014211269950825847
1034.547	0.014198343563750328
1034.691	0.014182185579905929
1034.835	0.01417507606701439
1034.978	0.014171198150891736
1035.122	0.014159564402523767
1035.266	0.014149869612217128
1035.41	0.014140821141264266
1035.554	0.014131126350957627
1035.698	0.014120785241297212
1035.8410000000001	0.014109797812283019
1035.986	0.014105919896160363
1036.1290000000001	0.014098164063915054
1036.2730000000001	0.014080067122009328
1036.4170000000001	0.014054214347858286
1036.5610000000001	0.014032239489829904
1036.7050000000002	0.014020605741461939
1036.8490000000002	0.01400897199309397
1036.992	0.013997338244726003
1037.136	0.013955973806084342
1037.28	0.01391331672873513
1037.424	0.013897805064244505
1037.568	0.013873244928801019
1037.712	0.013839636322404668
1037.855	0.013804088757946989
1038.0	0.013769187512843088
1038.144	0.013736871545154291
1038.288	0.0137097261322957
1038.431	0.013689690232328645
1038.575	0.013681288080729557
1038.719	0.01366642273559271
1038.862	0.013650911071102088
1039.006	0.01362311933888972
1039.151	0.01357981594218673
1039.295	0.013540390461606397
1039.438	0.013493855468134527
1039.582	0.013466710055275936
1039.726	0.013455722626261745
1039.8690000000001	0.013441503600478676
1040.0130000000001	0.013433101448879589
1040.1570000000002	0.013426638255341829
1040.305	0.013416297145681412
1040.4460000000001	0.013409187632789877
1040.5890000000002	0.013388505413469047
1040.7340000000002	0.013367823194148216
1040.877	0.013367176874794438
1041.021	0.013363298958671783
1041.165	0.013357482084487799
1041.3110000000001	0.013352311529657592
1041.453	0.013348433613534938
1041.598	0.01334649465547361
1041.74	0.01333356826839809
1041.885	0.013321934520030124
1042.03	0.013319995561968796
1042.172	0.013312886049077259
1042.316	0.013300605981355514
1042.46	0.013291557510402651
1042.604	0.0132741068878507
1042.749	0.013251485710468544
1042.891	0.013221108700841073
1043.035	0.013194609607336257
1043.179	0.01318620745573717
1043.323	0.013177158984784307
1043.467	0.013169403152538995
1043.6100000000001	0.013155830446109702
1043.756	0.013144196697741733
1043.8980000000001	0.013139026142911526
1044.0420000000001	0.01313514822678887
1044.1860000000001	0.013119636562298247
1044.3300000000002	0.013097661704269865
1044.4740000000002	0.013090552191378328
1044.6180000000002	0.013089905872024552
1044.761	0.013087320594609448
1044.905	0.013085381636548118
1045.049	0.013071162610765049
1045.193	0.013055004626920653
1045.337	0.013049187752736668
1045.481	0.013041431920491356
1045.6280000000002	0.01303432240759982
1045.769	0.013017518104401642
1045.914	0.012996189565727036
1046.056	0.012986494775420396
1046.2	0.012980677901236413
1046.344	0.012975507346406207
1046.487	0.012972275749637328
1046.632	0.012966458875453345
1046.775	0.012958703043208033
1046.919	0.012947069294840064
1047.063	0.012937374504533427
1047.207	0.01293026499164189
1047.351	0.01291733860456637
1047.4950000000001	0.012903765898137076
1047.6380000000001	0.012886961594938899
1047.7830000000001	0.012872096249802054
1047.928	0.012868218333679397
1048.0700000000002	0.012855938265957653
1048.2140000000002	0.01283396340792927
1048.358	0.012815220146669769
1048.502	0.012804232717655578
1048.645	0.01280229375959425
1048.79	0.012798415843471593
1048.933	0.012793891607995161
1049.077	0.012791306330580059
1049.221	0.012783550498334746
1049.366	0.01274606397581574
1049.509	0.012685956275914578
1049.653	0.012616800105060548
1049.796	0.012572204069650008
1049.94	0.012555399766451833
1050.084	0.012537302824546105
1050.228	0.012523730118116808
1050.372	0.01250110894073465
1050.516	0.012484950956890253
1050.66	0.012468146653692079
1050.803	0.012448757073078798
1050.9470000000001	0.012435184366649504
1051.0910000000001	0.012420965340866431
1051.236	0.012407392634437138
1051.3790000000001	0.01239575888606917
1051.5230000000001	0.012377015624809666
1051.6670000000001	0.012358272363550164
1051.81	0.012340175421644436
1051.959	0.012304627857186758
1052.101	0.01227877508303572
1052.2450000000001	0.012263909737898874
1052.387	0.01224839807340825
1052.5330000000001	0.01224193487987049
1052.6770000000001	0.012241288560516714
1052.8200000000002	0.012230301131502523
1052.9660000000001	0.012216082105719452
1053.1090000000002	0.012212850508950572
1053.249	0.012203802037997709
1053.393	0.012190229331568414
1053.537	0.01218441245738443
1053.68	0.012170193431601358
1053.824	0.012152742809049408
1053.968	0.012138523783266337
1054.112	0.012127536354252146
1054.256	0.012125597396190818
1054.4	0.012118487883299282
1054.544	0.012111378370407747
1054.6870000000001	0.012109439412346419
1054.832	0.01210426885751621
1054.9750000000001	0.012097805663978452
1055.1190000000001	0.01209004983173314
1055.262	0.012083586638195379
1055.4070000000002	0.012076477125303844
1055.5510000000002	0.012062904418874549
1055.694	0.012022832618940438
1055.838	0.011977590264176122
1055.982	0.011953676448086412
1056.126	0.01193170159005803
1056.27	0.011914897286859854
1056.413	0.011892276109477696
1056.558	0.011869654932095536
1056.701	0.011861899099850224
1056.845	0.011850911670836035
1056.989	0.011839924241821842
1057.133	0.011831522090222755
1057.277	0.011808900912840595
1057.42	0.011788218693519766
1057.565	0.011755902725830967
1057.708	0.01172035516137329
1057.852	0.01169450238722225
1057.997	0.011661540100179675
1058.141	0.011642796838920173
1058.285	0.011618236703476687
1058.432	0.011594969206740753
1058.5720000000001	0.011589798651910545
1058.7160000000001	0.011582689139019008
1058.8600000000001	0.011570409071297267
1059.0040000000001	0.011555543726160418
1059.1480000000001	0.011546495255207555
1059.2920000000001	0.011537446784254692
1059.4360000000001	0.011530337271363156
1059.5800000000002	0.011528398313301828
1059.723	0.011524520397179171
1059.8690000000001	0.011521935119764069
1060.011	0.01151999616170274
1060.155	0.01151547192622631
1060.299	0.011507716093980998
1060.443	0.011498021303674359
1060.586	0.011490265471429046
1060.73	0.011486387555306392
1060.877	0.01148509491659884
1061.018	0.011484448597245064
1061.162	0.011482509639183736
1061.305	0.011477339084353527
1061.45	0.01146570533598556
1061.594	0.01145471790697137
1061.737	0.011445669436018506
1061.882	0.011435974645711867
1062.025	0.011426279855405227
1062.169	0.011415292426391034
1062.313	0.011402366039315517
1062.4560000000001	0.011376513265164478
1062.6000000000001	0.011355831045843647
1062.7440000000001	0.011351953129720992
1062.8880000000001	0.011348075213598336
1063.0320000000002	0.011342258339414352
1063.1760000000002	0.01133450250716904
1063.3200000000002	0.01132803931363128
1063.463	0.011324807716862402
1063.607	0.01131382028784821
1063.751	0.01129313806852738
1063.895	0.011260175781484805
1064.039	0.011236261965395095
1064.183	0.011232384049272438
1064.327	0.011215579746074263
1064.471	0.011191019610630777
1064.614	0.011150947810696667
1064.758	0.011098595943040815
1064.902	0.011074682126951103
1065.046	0.01106886525276712
1065.189	0.01105917046246048
1065.334	0.011046244075384962
1065.477	0.011037195604432098
1065.621	0.01102233025929525
1065.765	0.010973856307762053
1065.91	0.01092796763364396
1066.053	0.010902761178846698
1066.1970000000001	0.010861396740205037
1066.3410000000001	0.010832958688638894
1066.4840000000002	0.010826495495101134
1066.6290000000001	0.01081421542737939
1066.7720000000002	0.010785777375813248
1066.9160000000002	0.010765095156492419
1067.06	0.010757339324247106
1067.204	0.010734071827511172
1067.347	0.01071532856625167
1067.4940000000001	0.01070886537271391
1067.635	0.010703048498529925
1067.779	0.01069917058240727
1067.923	0.010697231624345941
1068.067	0.010687536834039304
1068.211	0.010676549405025111
1068.354	0.010669439892133575
1068.5	0.010664269337303368
1068.642	0.010663623017949592
1068.786	0.010662976698595816
1068.93	0.010661684059888264
1069.074	0.010651989269581625
1069.218	0.010639062882506104
1069.361	0.0106338923276759
1069.505	0.010628075453491915
1069.6490000000001	0.010620965940600378
1069.7930000000001	0.010607393234171085
1069.9370000000001	0.010586711014850252
1070.0800000000002	0.01057119935035963
1070.2250000000001	0.010559565601991663
1070.3690000000001	0.0105505171310388
1070.512	0.010544700256854816
1070.656	0.010542761298793488
1070.8	0.010542761298793488
1070.944	0.01053759074396328
1071.088	0.010529834911717969
1071.231	0.010529834911717969
1071.375	0.010529834911717969
1071.519	0.010529834911717969
1071.663	0.010529834911717969
1071.807	0.010529834911717969
1071.951	0.010529834911717969
1072.095	0.01052466435688776
1072.238	0.010520140121411328
1072.382	0.010520140121411328
1072.526	0.010520140121411328
1072.67	0.010520140121411328
1072.814	0.010520140121411328
1072.958	0.010520140121411328
1073.102	0.010520140121411328
1073.246	0.010520140121411328
1073.3890000000001	0.010520140121411328
1073.5330000000001	0.010520140121411328
1073.6770000000001	0.010520140121411328
1073.8210000000001	0.010520140121411328
1073.9650000000001	0.010520140121411328
1074.1090000000002	0.010520140121411328
1074.2530000000002	0.010520140121411328
1074.3970000000002	0.010520140121411328
1074.54	0.010520140121411328
1074.684	0.010520140121411328
1074.828	0.010520140121411328
1074.971	0.010520140121411328
1075.116	0.010520140121411328
1075.259	0.010520140121411328
1075.404	0.010520140121411328
1075.548	0.010520140121411328
1075.692	0.010520140121411328
1075.836	0.010520140121411328
1075.98	0.010520140121411328
1076.126	0.010520140121411328
1076.267	0.010520140121411328
1076.411	0.010520140121411328
1076.555	0.010520140121411328
1076.699	0.010520140121411328
1076.844	0.010520140121411328
1076.987	0.010520140121411328
1077.131	0.010520140121411328
1077.2740000000001	0.010520140121411328
1077.4180000000001	0.010520140121411328
1077.5620000000001	0.010520140121411328
1077.7060000000001	0.010520140121411328
1077.8500000000001	0.010520140121411328
1077.9940000000001	0.010520140121411328
1078.137	0.010520140121411328
1078.281	0.010520140121411328
1078.425	0.010520140121411328
1078.569	0.010520140121411328
1078.713	0.010520140121411328
1078.857	0.010520140121411328
1079.001	0.010520140121411328
1079.144	0.010520140121411328
1079.288	0.010520140121411328
1079.432	0.010520140121411328
1079.576	0.010520140121411328
1079.72	0.010520140121411328
1079.864	0.010520140121411328
1080.007	0.010520140121411328
1080.152	0.010520140121411328
1080.296	0.010520140121411328
1080.44	0.010520140121411328
1080.583	0.010520140121411328
1080.727	0.010520140121411328
1080.871	0.010520140121411328
1081.0140000000001	0.010520140121411328
1081.1580000000001	0.010520140121411328
1081.3020000000001	0.010520140121411328
1081.4460000000001	0.010520140121411328
1081.5900000000001	0.010520140121411328
1081.7340000000002	0.010520140121411328
1081.8780000000002	0.010520140121411328
1082.0220000000002	0.010520140121411328
1082.165	0.010520140121411328
1082.309	0.010520140121411328
1082.453	0.010520140121411328
1082.597	0.010520140121411328
1082.74	0.010520140121411328
1082.885	0.010520140121411328
1083.028	0.010520140121411328
1083.172	0.010520140121411328
1083.316	0.010520140121411328
1083.46	0.01051820116335
1083.604	0.010517554843996225
1083.747	0.010515615885934897
1083.892	0.01051367692787357
1084.035	0.010505921095628257
1084.179	0.010496872624675394
1084.323	0.010492348389198963
1084.467	0.01048136096018477
1084.611	0.010466495615047923
1084.755	0.01045873978280261
1084.8980000000001	0.010456800824741284
1085.0420000000001	0.010443874437665767
1085.1860000000001	0.010425131176406262
1085.3300000000002	0.01040638791514676
1085.477	0.01040638791514676
1085.6180000000002	0.01040315631837788
1085.762	0.010392168889363689
1085.906	0.010387644653887258
1086.049	0.010387644653887258
1086.193	0.010381827779703274
1086.337	0.010381827779703274
1086.481	0.010381827779703274
1086.625	0.010381827779703274
1086.768	0.010381827779703274
1086.912	0.010381827779703274
1087.056	0.010381827779703274
1087.2	0.010381827779703274
1087.344	0.010381827779703274
1087.488	0.010381827779703274
1087.631	0.010381827779703274
1087.776	0.010381827779703274
1087.919	0.010381827779703274
1088.063	0.010381827779703274
1088.207	0.010381827779703274
1088.351	0.010381827779703274
1088.4950000000001	0.010381827779703274
1088.6390000000001	0.010381827779703274
1088.7820000000002	0.010381827779703274
1088.9260000000002	0.010381827779703274
1089.0700000000002	0.010381827779703274
1089.2140000000002	0.010381827779703274
1089.358	0.010381827779703274
1089.502	0.010381827779703274
1089.646	0.010381827779703274
1089.789	0.010381827779703274
1089.933	0.010381827779703274
1090.077	0.010381827779703274
1090.221	0.010381827779703274
1090.365	0.010381827779703274
1090.509	0.010381827779703274
1090.653	0.010381827779703274
1090.796	0.010381827779703274
1090.943	0.010381827779703274
1091.084	0.010381827779703274
1091.228	0.010381827779703274
1091.372	0.010381827779703274
1091.515	0.010381827779703274
1091.66	0.010381827779703274
1091.803	0.010381827779703274
1091.9470000000001	0.010381827779703274
1092.093	0.010381827779703274
1092.2350000000001	0.010381827779703274
1092.3790000000001	0.010381827779703274
1092.5220000000002	0.010381827779703274
1092.6660000000002	0.010381827779703274
1092.8110000000001	0.010381827779703274
1092.9560000000001	0.010381827779703274
1093.0990000000002	0.010381827779703274
1093.2430000000002	0.010381827779703274
1093.387	0.010381827779703274
1093.531	0.010381827779703274
1093.675	0.010387644653887258
1093.818	0.010387644653887258
1093.962	0.010387644653887258
1094.107	0.010387644653887258
1094.25	0.010387644653887258
1094.394	0.010387644653887258
1094.54	0.010387644653887258
1094.681	0.010387644653887258
1094.825	0.010387644653887258
1094.969	0.010387644653887258
1095.113	0.010387644653887258
1095.257	0.010387644653887258
1095.401	0.010387644653887258
1095.544	0.010387644653887258
1095.688	0.010387644653887258
1095.832	0.010387644653887258
1095.976	0.010387644653887258
1096.1200000000001	0.010387644653887258
1096.2640000000001	0.010387644653887258
1096.4070000000002	0.010387644653887258
1096.5510000000002	0.010387644653887258
1096.6950000000002	0.010392168889363689
1096.8390000000002	0.010399278402255224
1096.983	0.010410265831269416
1097.127	0.010421899579637383
1097.271	0.010443874437665767
1097.415	0.010456800824741284
1097.558	0.010461325060217715
1097.702	0.010469080892463027
1097.846	0.01048136096018477
1097.99	0.010493641027906515
1098.134	0.010498165263382946
1098.278	0.010498165263382946
1098.422	0.010498165263382946
1098.565	0.010507860053689585
1098.709	0.010507860053689585
1098.853	0.010524018037533986
1098.997	0.010536944424609503
1099.141	0.010536944424609503
1099.285	0.010536944424609503
1099.429	0.010536944424609503
1099.5720000000001	0.010536944424609503
1099.7160000000001	0.01054728553426992
1099.8600000000001	0.010555041366515229
1100.0040000000001	0.010560211921345437
1100.1480000000001	0.010578955182604943
1100.2910000000002	0.010597698443864444
1100.4360000000001	0.010604807956755979
1100.579	0.010611917469647514
1100.723	0.010619673301892826
1100.867	0.01063841656315233
1101.011	0.010657159824411833
1101.155	0.010664915656657142
1101.298	0.010670732530841127
1101.443	0.010679781001793991
1101.586	0.010694646346930839
1101.73	0.01071209696948279
1101.874	0.010740535021048932
1102.018	0.010767034114553747
1102.162	0.01077608258550661
1102.306	0.01079999640159632
1102.449	0.010835543966053997
1102.593	0.010856226185374827
1102.737	0.010862043059558811
1102.881	0.010862689378912587
1103.025	0.010868506253096571
1103.169	0.010887249514356073
1103.313	0.010909870691738233
1103.4560000000001	0.01095188144973367
1103.602	0.010992599569021554
1103.7440000000001	0.011015220746403714
1103.8880000000001	0.01103848824313965
1104.031	0.011050768310861395
1104.1760000000002	0.01109148643014928
1104.3200000000002	0.011135436146206044
1104.4640000000002	0.011163874197772185
1104.607	0.011196190165460983
1104.751	0.01122398189767335
1104.895	0.011261468420192357
1105.0430000000001	0.011287967513697171
1105.185	0.01132351507815485
1105.3300000000002	0.011386854374824892
1105.4740000000002	0.011437913603773194
1105.6180000000002	0.01146441269727801
1105.761	0.011477339084353527
1105.9080000000001	0.011496728664966807
1106.046	0.011520642481056519
1106.19	0.01153292254877826
1106.333	0.011536800464900916
1106.477	0.011542617339084899
1106.621	0.011571055390651041
1106.766	0.011600786080924736
1106.909	0.011625346216368222
1107.054	0.011644735796981501
1107.1970000000001	0.011650552671165486
1107.3410000000001	0.011656369545349468
1107.4850000000001	0.011671234890486316
1107.6290000000001	0.011693209748514698
1107.7730000000001	0.011708075093651547
1107.9160000000002	0.011730049951679929
1108.06	0.011752671129062088
1108.203	0.011786926054812213
1108.347	0.01181794938379346
1108.491	0.011821827299916116
1108.635	0.011833461048284082
1108.779	0.011848972712774705
1108.924	0.011853496948251137
1109.066	0.01186577701597288
1109.21	0.011903263538491887
1109.354	0.011929762631996702
1109.498	0.011938164783595788
1109.642	0.011958847002916618
1109.786	0.011975651306114794
1109.93	0.011988577693190314
1110.073	0.012007967273803592
1110.218	0.012017662064110231
1110.361	0.012018954702817783
1110.506	0.012028649493124422
1110.65	0.012040929560846167
1110.794	0.012046100115676375
1110.938	0.012048685393091478
1111.082	0.01204997803179903
1111.2250000000001	0.012051916989860358
1111.3690000000001	0.012057733864044342
1111.5130000000001	0.012065489696289653
1111.6570000000002	0.012071306570473637
1111.8010000000002	0.012079062402718947
1111.9450000000002	0.012086818234964259
1112.0890000000002	0.012090696151086915
1112.232	0.012093927747855795
1112.376	0.012101683580101108
1112.52	0.012110085731700195
1112.6660000000002	0.012113963647822851
1112.808	0.012117841563945506
1112.952	0.012126243715544594
1113.096	0.012132706909082353
1113.239	0.012133353228436129
1113.383	0.012139170102620112
1113.527	0.012148864892926752
1113.671	0.012162437599356049
1113.815	0.01217471766707779
1113.958	0.012182473499323103
1114.103	0.012186997734799535
1114.247	0.012188936692860862
1114.39	0.012192814608983516
1114.535	0.012197985163813724
1114.678	0.012207033634766589
1114.8220000000001	0.012218021063780778
1114.9660000000001	0.01222577689602609
1115.1090000000002	0.012239349602455386
1115.2530000000002	0.012254214947592233
1115.3970000000002	0.012259385502422442
1115.5410000000002	0.01226132446048377
1115.685	0.012265202376606426
1115.829	0.012270372931436633
1115.973	0.012274250847559289
1116.116	0.012277482444328169
1116.26	0.012283299318512152
1116.404	0.012291055150757464
1116.548	0.012298810983002775
1116.692	0.012308505773309414
1116.836	0.012317554244262278
1116.98	0.012326602715215143
1117.124	0.012333712228106676
1117.267	0.012335651186168004
1117.411	0.012337590144229332
1117.555	0.012342114379705765
1117.699	0.012346638615182197
1117.842	0.012349870211951077
1117.987	0.01235245548936618
1118.13	0.01235439444742751
1118.2740000000001	0.012360857640965268
1118.4180000000001	0.012369906111918131
1118.5620000000001	0.012375722986102115
1118.7060000000001	0.012383478818347426
1118.8490000000002	0.012388649373177634
1118.9940000000001	0.012404161037668258
1119.137	0.012426782215050416
1119.281	0.012441001240833485
1119.425	0.012459098182739214
1119.569	0.01247267088916851
1119.713	0.012486243595597805
1119.857	0.012502401579442202
1120.0	0.012532778589069673
1120.145	0.012563155598697143
1120.288	0.01257026511158868
1120.432	0.012572850389003784
1120.576	0.012574789347065112
1120.72	0.012585130456725525
1120.864	0.012602581079277479
1121.008	0.012610983230876565
1121.156	0.012612922188937892
1121.296	0.0126180927437681
1121.44	0.012622616979244532
1121.583	0.012636189685673828
1121.727	0.012658810863055986
1121.871	0.012671090930777729
1122.015	0.012679493082376817
1122.1580000000001	0.012700175301697647
1122.3020000000001	0.012715040646834493
1122.4460000000001	0.012715040646834493
1122.5900000000001	0.012715040646834493
1122.7340000000002	0.012715040646834493
1122.8780000000002	0.012715040646834493
1123.0220000000002	0.012715040646834493
1123.165	0.012715040646834493
1123.309	0.012715040646834493
1123.453	0.012715040646834493
1123.597	0.012715040646834493
1123.741	0.012715040646834493
1123.884	0.012715040646834493
1124.029	0.012715040646834493
1124.172	0.012715040646834493
1124.316	0.012715040646834493
1124.46	0.012715040646834493
1124.604	0.012715040646834493
1124.748	0.012715040646834493
1124.891	0.012715040646834493
1125.035	0.012715040646834493
1125.179	0.012715040646834493
1125.325	0.012715040646834493
1125.467	0.012715040646834493
1125.611	0.012715040646834493
1125.755	0.012715040646834493
1125.8990000000001	0.012715040646834493
1126.0420000000001	0.012700175301697647
1126.1860000000001	0.012700175301697647
1126.3300000000002	0.012700175301697647
1126.4740000000002	0.012677554124315489
1126.617	0.012677554124315489
1126.762	0.012677554124315489
1126.906	0.012667213014655072
1127.049	0.012667213014655072
1127.193	0.012667213014655072
1127.337	0.012667213014655072
1127.481	0.012667213014655072
1127.624	0.012667213014655072
1127.769	0.012667213014655072
1127.914	0.012667213014655072
1128.057	0.012667213014655072
1128.201	0.012667213014655072
1128.345	0.012667213014655072
1128.489	0.012667213014655072
1128.633	0.012667213014655072
1128.776	0.012667213014655072
1128.921	0.012667213014655072
1129.064	0.012667213014655072
1129.208	0.012667213014655072
1129.352	0.012667213014655072
1129.496	0.012667213014655072
1129.64	0.012667213014655072
1129.7830000000001	0.012667213014655072
1129.928	0.012667213014655072
1130.0710000000001	0.012667213014655072
1130.2150000000001	0.012667213014655072
1130.3590000000002	0.012667213014655072
1130.5030000000002	0.012667213014655072
1130.6470000000002	0.012667213014655072
1130.7930000000001	0.012667213014655072
1130.934	0.012667213014655072
1131.078	0.012667213014655072
1131.222	0.012667213014655072
1131.366	0.012667213014655072
1131.511	0.012667213014655072
1131.654	0.012667213014655072
1131.798	0.012667213014655072
1131.942	0.012667213014655072
1132.085	0.012667213014655072
1132.23	0.012667213014655072
1132.374	0.012667213014655072
1132.517	0.012667213014655072
1132.661	0.012667213014655072
1132.805	0.012667213014655072
1132.949	0.012667213014655072
1133.093	0.012667213014655072
1133.237	0.012667213014655072
1133.381	0.012667213014655072
1133.525	0.012667213014655072
1133.6670000000001	0.012667213014655072
1133.8120000000001	0.012667213014655072
1133.9550000000002	0.012667213014655072
1134.0990000000002	0.012667213014655072
1134.2430000000002	0.012667213014655072
1134.387	0.012667213014655072
1134.531	0.012667213014655072
1134.675	0.012667213014655072
1134.818	0.012667213014655072
1134.963	0.012667213014655072
1135.106	0.012667213014655072
1135.25	0.012667213014655072
1135.394	0.012667213014655072
1135.538	0.012667213014655072
1135.682	0.012667213014655072
1135.825	0.012667213014655072
1135.972	0.012667213014655072
1136.113	0.012667213014655072
1136.257	0.012667213014655072
1136.4	0.012667213014655072
1136.545	0.012667213014655072
1136.689	0.012667213014655072
1136.832	0.012667213014655072
1136.976	0.012667213014655072
1137.1200000000001	0.012667213014655072
1137.2640000000001	0.012667213014655072
1137.4080000000001	0.012667213014655072
1137.5510000000002	0.012667213014655072
1137.6960000000001	0.012667213014655072
1137.8390000000002	0.012667213014655072
1137.983	0.012667213014655072
1138.127	0.012667213014655072
1138.271	0.012667213014655072
1138.415	0.012667213014655072
1138.558	0.012667213014655072
1138.703	0.012667213014655072
1138.846	0.012667213014655072
1138.99	0.012667213014655072
1139.134	0.012667213014655072
1139.278	0.012667213014655072
1139.422	0.012667213014655072
1139.566	0.012667213014655072
1139.711	0.012667213014655072
1139.854	0.012667213014655072
1139.997	0.012667213014655072
1140.141	0.012667213014655072
1140.285	0.012667213014655072
1140.429	0.012667213014655072
1140.573	0.012667213014655072
1140.7160000000001	0.012667213014655072
1140.8600000000001	0.012667213014655072
1141.0040000000001	0.012667213014655072
1141.1480000000001	0.012667213014655072
1141.2920000000001	0.012667213014655072
1141.4360000000001	0.012667213014655072
1141.579	0.012667213014655072
1141.7240000000002	0.012667213014655072
1141.867	0.012667213014655072
1142.011	0.012667213014655072
1142.155	0.012667213014655072
1142.299	0.012667213014655072
1142.443	0.012667213014655072
1142.587	0.012667213014655072
1142.731	0.012667213014655072
1142.874	0.012667213014655072
1143.018	0.012667213014655072
1143.162	0.012667213014655072
1143.306	0.012667213014655072
1143.45	0.012667213014655072
1143.593	0.012667213014655072
1143.737	0.012667213014655072
1143.881	0.012667213014655072
1144.025	0.012667213014655072
1144.169	0.012667213014655072
1144.313	0.012667213014655072
1144.457	0.012667213014655072
1144.6000000000001	0.012667213014655072
1144.7440000000001	0.012667213014655072
1144.8880000000001	0.012667213014655072
1145.0320000000002	0.012667213014655072
1145.1760000000002	0.012667213014655072
1145.3200000000002	0.012667213014655072
1145.4650000000001	0.012667213014655072
1145.6090000000002	0.012667213014655072
1145.752	0.012667213014655072
1145.896	0.012667213014655072
1146.04	0.012667213014655072
1146.184	0.012667213014655072
1146.327	0.012631665450197395
1146.472	0.012631665450197395
1146.615	0.012631665450197395
1146.759	0.012631665450197395
1146.903	0.012629726492136069
1147.047	0.012592239969617062
1147.191	0.012572850389003784
1147.334	0.012543766018083866
1147.478	0.012511450050395067
1147.623	0.012481719360121372
1147.766	0.012379600902224772
1147.91	0.012286530915281032
1148.054	0.012257446544361113
1148.198	0.012223191618610987
1148.342	0.012189583012214638
1148.486	0.01217471766707779
1148.63	0.012148864892926752
1148.777	0.01212042684136061
1148.9180000000001	0.01212042684136061
1149.0610000000001	0.01212042684136061
1149.2050000000002	0.01212042684136061
1149.3490000000002	0.01212042684136061
1149.492	0.01212042684136061
1149.636	0.01212042684136061
1149.78	0.01212042684136061
1149.924	0.01212042684136061
1150.068	0.01212042684136061
1150.211	0.01212042684136061
1150.356	0.01212042684136061
1150.499	0.01212042684136061
1150.643	0.01212042684136061
1150.787	0.01212042684136061
1150.931	0.01212042684136061
1151.075	0.01212042684136061
1151.218	0.01212042684136061
1151.363	0.01212042684136061
1151.506	0.01212042684136061
1151.65	0.01212042684136061
1151.794	0.01212042684136061
1151.938	0.01212042684136061
1152.082	0.01212042684136061
1152.226	0.01212042684136061
1152.3690000000001	0.01212042684136061
1152.5130000000001	0.01212042684136061
1152.6570000000002	0.01212042684136061
1152.8010000000002	0.01212042684136061
1152.9450000000002	0.01212042684136061
1153.0890000000002	0.01212042684136061
1153.233	0.01212042684136061
1153.376	0.01212042684136061
1153.52	0.01212042684136061
1153.664	0.01212042684136061
1153.808	0.01212042684136061
1153.952	0.01212042684136061
1154.096	0.01212042684136061
1154.24	0.01212042684136061
1154.383	0.01212042684136061
1154.527	0.01212042684136061
1154.671	0.01212042684136061
1154.815	0.01212042684136061
1154.959	0.01212042684136061
1155.102	0.01212042684136061
1155.246	0.01212042684136061
1155.39	0.01212042684136061
1155.534	0.01212042684136061
1155.678	0.01212042684136061
1155.8220000000001	0.01212042684136061
1155.9660000000001	0.01212042684136061
1156.1090000000002	0.01212042684136061
1156.2530000000002	0.01212042684136061
1156.3970000000002	0.01212042684136061
1156.5410000000002	0.01212042684136061
1156.685	0.012057087544690565
1156.829	0.0119969798447894
1156.973	0.0119969798447894
1157.117	0.011994394567374295
1157.26	0.01198276081900633
1157.404	0.01195884700291662
1157.548	0.011944627977133549
1157.692	0.011940750061010892
1157.838	0.011933640548119358
1157.98	0.011927823673935373
1158.123	0.011921360480397613
1158.267	0.011913604648152302
1158.411	0.011908434093322094
1158.555	0.011900678261076783
1158.699	0.01189615402560035
1158.842	0.011893568748185247
1158.987	0.01188839819335504
1159.132	0.011884520277232384
1159.2740000000001	0.011881288680463505
1159.4180000000001	0.011875471806279521
1159.5620000000001	0.011869654932095536
1159.7060000000001	0.011865130696619104
1159.8500000000001	0.01186125278049645
1159.9930000000002	0.01185802118372757
1160.137	0.011850911670836035
1160.281	0.011832168409576531
1160.425	0.011803730358010389
1160.569	0.011783048138689557
1160.713	0.011765597516137608
1160.857	0.011743622658109226
1161.001	0.011727464674264824
1161.144	0.011715184606543081
1161.29	0.01169773398399113
1161.432	0.011671881209840092
1161.576	0.011657015864703245
1161.72	0.011653784267934366
1161.864	0.011642150519566397
1162.007	0.011632455729259758
1162.151	0.011625346216368224
1162.296	0.011618236703476687
1162.44	0.011616944064769135
1162.584	0.011612419829292703
1162.726	0.011604663997047392
1162.872	0.011597554484155857
1163.015	0.011593030248679425
1163.159	0.01158721337449544
1163.303	0.011578164903542576
1163.4470000000001	0.011558129003575522
1163.5910000000001	0.011541324700377349
1163.7350000000001	0.011537446784254692
1163.8780000000002	0.011525813035886725
1164.0220000000002	0.011514825606872534
1164.1670000000001	0.011510301371396102
1164.31	0.011506423455273446
1164.454	0.011500606581089461
1164.598	0.01148509491659884
1164.742	0.011472168529523319
1164.885	0.011464412697278006
1165.029	0.011448254713433609
1165.173	0.011431450410235435
1165.317	0.011421109300575018
1165.461	0.011417231384452364
1165.605	0.011392024929655102
1165.749	0.011357123684551199
1165.892	0.011333856187815263
1166.036	0.011318344523324642
1166.183	0.01131382028784821
1166.324	0.011306064455602897
1166.468	0.011289260152404723
1166.611	0.011268577933083893
1166.755	0.011255651546008372
1166.9	0.011245310436347957
1167.0430000000001	0.011237554604102647
1167.1870000000001	0.01123367668797999
1167.3310000000001	0.011216872384781815
1167.4750000000001	0.011191665929984553
1167.6180000000002	0.011178739542909034
1167.762	0.011168398433248617
1167.906	0.011154825726819324
1168.05	0.011148362533281563
1168.194	0.011142545659097579
1168.338	0.011135436146206046
1168.482	0.011124448717191853
1168.626	0.011115400246238989
1168.769	0.011110229691408782
1168.913	0.011096656984979487
1169.057	0.011085023236611518
1169.201	0.011075974765658655
1169.344	0.011063048378583136
1169.489	0.011047536714092513
1169.633	0.011032671368955665
1169.776	0.01101780602381882
1169.92	0.010988075333545125
1170.064	0.01096351519810164
1170.208	0.010946064575549686
1170.352	0.010924089717521304
1170.4950000000001	0.010885310556294747
1170.64	0.010851055630544622
1170.7830000000001	0.010818739662855823
1170.9270000000001	0.010781899459690594
1171.0710000000001	0.01075992460166221
1171.2150000000001	0.010737303424280052
1171.3590000000002	0.010714035927544116
1171.502	0.01069917058240727
1171.646	0.010684305237270422
1171.79	0.010670732530841127
1171.934	0.010659745101826936
1172.078	0.010615149066416394
1172.222	0.010580894140666269
1172.366	0.010572491989067182
1172.51	0.01056150456005299
1172.653	0.010556980324576557
1172.797	0.010533066508486847
1172.941	0.010496872624675394
1173.085	0.010480068321477218
1173.229	0.01047037353117058
1173.373	0.010463910337632821
1173.517	0.010447752353788422
1173.66	0.010425131176406262
1173.804	0.010414790066745845
1173.948	0.010407680553854312
1174.092	0.010398632082901448
1174.236	0.010383120418410823
1174.38	0.010356621324906008
1174.5240000000001	0.010330768550754972
1174.6670000000001	0.010314610566910572
1174.8120000000001	0.010307501054019036
1174.9550000000002	0.01030362313789638
1175.1000000000001	0.010291989389528414
1175.2430000000002	0.010280355641160446
1175.386	0.010276477725037791
1175.531	0.010269368212146256
1175.675	0.010258380783132064
1175.819	0.010251271270240527
1175.9650000000001	0.010223479538028163
1176.107	0.010185993015509157
1176.251	0.010170481351018532
1176.393	0.010160140241358119
1176.537	0.010089045112442761
1176.681	0.010001791999683006
1176.825	0.009967537073932881
1176.969	0.009946208535258273
1177.113	0.00992617263529122
1177.257	0.009913246248215699
1177.401	0.00990225881920151
1177.544	0.009894502986956197
1177.688	0.009884808196649558
1177.832	0.009875759725696695
1177.976	0.009870589170866487
1178.1200000000001	0.009864772296682504
1178.2640000000001	0.009834395287055034
1178.4080000000001	0.009800786680658684
1178.5510000000002	0.009778811822630303
1178.6950000000002	0.009750373771064158
1178.8390000000002	0.009727106274328223
1178.983	0.009670876490549714
1179.127	0.009616585664832533
1179.27	0.009603659277757016
1179.415	0.009597842403573031
1179.558	0.009590086571327719
1179.702	0.009582977058436186
1179.846	0.00957586754554465
1179.99	0.009562941158469129
1180.134	0.009545490535917179
1180.277	0.009534503106902986
1180.423	0.009518345123058589
1180.566	0.009495723945676429
1180.71	0.009484736516662238
1180.854	0.009476980684416925
1181.0	0.009456298465096095
1181.142	0.009438847842544146
1181.286	0.009425275136114849
1181.429	0.009403300278086467
1181.573	0.009392312849072274
1181.717	0.009384557016826962
1181.861	0.009361935839444804
1182.005	0.00934513153624663
1182.1490000000001	0.00934189993947775
1182.2930000000001	0.009339960981416422
1182.4360000000001	0.009338022023355095
1182.5800000000002	0.009332205149171111
1182.7240000000002	0.009323802997572024
1182.8680000000002	0.009319925081449368
1183.012	0.009310876610496503
1183.156	0.009283731197637913
1183.3	0.009265634255732187
1183.443	0.009265634255732187
1183.587	0.009248183633180236
1183.731	0.00922362349773675
1183.875	0.009206172875184798
1184.019	0.009192600168755503
1184.162	0.009182259059095088
1184.307	0.009174503226849776
1184.45	0.009130553510793012
1184.594	0.009080786920552262
1184.738	0.009073677407660727
1184.882	0.009071738449599399
1185.028	0.00906656789476919
1185.17	0.009060751020585206
1185.313	0.009040068801264376
1185.458	0.00901874026258977
1185.601	0.009010338110990682
1185.7450000000001	0.009003228598099145
1185.8890000000001	0.00899482644650006
1186.0330000000001	0.008987716933608525
1186.1770000000001	0.008978022143301885
1186.3200000000002	0.00896444943687259
1186.4640000000002	0.008959278882042381
1186.608	0.008956047285273501
1186.752	0.008947645133674414
1186.896	0.008939889301429103
1187.04	0.008937950343367775
1187.184	0.00893213346918379
1187.328	0.008921792359523374
1187.471	0.008916621804693168
1187.615	0.008914036527278065
1187.759	0.008911451249862961
1187.903	0.008906280695032753
1188.046	0.008900463820848768
1188.191	0.00889852486278744
1188.335	0.00889529326601856
1188.478	0.00889076903054213
1188.622	0.008884952156358147
1188.766	0.008875903685405282
1188.91	0.008866208895098643
1189.054	0.008859099382207107
1189.198	0.008855221466084452
1189.3410000000001	0.008850050911254244
1189.4850000000001	0.00882807605322586
1189.6290000000001	0.00881062543067391
1189.7740000000001	0.008809332791966358
1189.9170000000001	0.008808040153258806
1190.0610000000001	0.008808040153258806
1190.204	0.008804162237136152
1190.348	0.008800284321013496
1190.492	0.008797699043598391
1190.636	0.008795113766183285
1190.78	0.008791882169414407
1190.924	0.008784126337169094
1191.068	0.008773138908154905
1191.211	0.008764736756555817
1191.355	0.00874017662111233
1191.499	0.008716909124376395
1191.643	0.00871303120825374
1191.787	0.008703982737300876
1191.931	0.008696226905055565
1192.075	0.008690410030871582
1192.219	0.008665849895428094
1192.362	0.008641936079338382
1192.506	0.008638058163215726
1192.65	0.00863159496967797
1192.794	0.008603803237465603
1192.9370000000001	0.008559853521408835
1193.082	0.008516550124705848
1193.226	0.008487465753785929
1193.3690000000001	0.008459674021573563
1193.5130000000001	0.008435760205483853
1193.6570000000002	0.008426065415177212
1193.8010000000002	0.0084183095829319
1193.9470000000001	0.008367896673337375
1194.0890000000002	0.00828710675411538
1194.233	0.008250912870303925
1194.376	0.00819726836394052
1194.52	0.008130697470501599
1194.664	0.008109368931826993
1194.808	0.008061541299647569
1194.952	0.007978812422364246
1195.095	0.007922582638585739
1195.239	0.007899315141849803
1195.383	0.007892205628958267
1195.527	0.007884449796712956
1195.671	0.007865706535453454
1195.815	0.007850194870962831
1195.959	0.007850194870962831
1196.103	0.007850194870962831
1196.246	0.007850194870962831
1196.39	0.007850194870962831
1196.534	0.007850194870962831
1196.678	0.007850194870962831
1196.8220000000001	0.007850194870962831
1196.9660000000001	0.007850194870962831
1197.1100000000001	0.007850194870962831
1197.2530000000002	0.007850194870962831
1197.3970000000002	0.007850194870962831
1197.5410000000002	0.007850194870962831
1197.685	0.007850194870962831
1197.8300000000002	0.007850194870962831
1197.9740000000002	0.007850194870962831
1198.1180000000002	0.007850194870962831
1198.261	0.007850194870962831
1198.405	0.007850194870962831
1198.549	0.007850194870962831
1198.693	0.007850194870962831
1198.837	0.007850194870962831
1198.98	0.007850194870962831
1199.125	0.007850194870962831
1199.268	0.007850194870962831
1199.413	0.007850194870962831
1199.556	0.007850194870962831
1199.7	0.007850194870962831
1199.844	0.007850194870962831
1199.987	0.007850194870962831
1200.131	0.007850194870962831
1200.275	0.007850194870962831
1200.419	0.007850194870962831
1200.563	0.007850194870962831
1200.707	0.007850194870962831
1200.851	0.007850194870962831
1200.9950000000001	0.007850194870962831
1201.1380000000001	0.007850194870962831
1201.2820000000002	0.007850194870962831
1201.4260000000002	0.007850194870962831
1201.5700000000002	0.007850194870962831
1201.7140000000002	0.007850194870962831
1201.858	0.007850194870962831
1202.002	0.007850194870962831
1202.145	0.007850194870962831
1202.289	0.007850194870962831
1202.433	0.007850194870962831
1202.577	0.007850194870962831
1202.721	0.007850194870962831
1202.865	0.007850194870962831
1203.011	0.007850194870962831
1203.152	0.007850194870962831
1203.296	0.007850194870962831
1203.441	0.007850194870962831
1203.584	0.007850194870962831
1203.728	0.007850194870962831
1203.871	0.007850194870962831
1204.016	0.007850194870962831
1204.159	0.007850194870962831
1204.303	0.007850194870962831
1204.4470000000001	0.007850194870962831
1204.5910000000001	0.007850194870962831
1204.7350000000001	0.007850194870962831
1204.8790000000001	0.007850194870962831
1205.0220000000002	0.007850194870962831
1205.1660000000002	0.007850194870962831
1205.31	0.007850194870962831
1205.454	0.007850194870962831
1205.598	0.007850194870962831
1205.7440000000001	0.007850194870962831
1205.886	0.007850194870962831
1206.029	0.007850194870962831
1206.173	0.007850194870962831
1206.317	0.007850194870962831
1206.461	0.007850194870962831
1206.605	0.007850194870962831
1206.749	0.007850194870962831
1206.893	0.007850194870962831
1207.037	0.007850194870962831
1207.18	0.007850194870962831
1207.324	0.007850194870962831
1207.468	0.007850194870962831
1207.612	0.007850194870962831
1207.755	0.007850194870962831
1207.9	0.007850194870962831
1208.044	0.007850194870962831
1208.1870000000001	0.007850194870962831
1208.3310000000001	0.007850194870962831
1208.4750000000001	0.007850194870962831
1208.6190000000001	0.007850194870962831
1208.762	0.007850194870962831
1208.9070000000002	0.007850194870962831
1209.0510000000002	0.007850194870962831
1209.194	0.007850194870962831
1209.338	0.007850194870962831
1209.482	0.007850194870962831
1209.626	0.007850194870962831
1209.77	0.007850194870962831
1209.913	0.007850194870962831
1210.057	0.007850194870962831
1210.201	0.007850194870962831
1210.345	0.007835329525825982
1210.489	0.007835329525825982
1210.633	0.007835329525825982
1210.777	0.007835329525825982
1210.921	0.007835329525825982
1211.064	0.007835329525825982
1211.213	0.007835329525825982
1211.352	0.007835329525825982
1211.496	0.007835329525825982
1211.64	0.007835329525825982
1211.784	0.007818525222627808
1211.9270000000001	0.007811415709736273
1212.0710000000001	0.007805598835552289
1212.2150000000001	0.007797843003306978
1212.3590000000002	0.00779267244847677
1212.5030000000002	0.007775868145278595
1212.6470000000002	0.007755185925957764
1212.7910000000002	0.007738381622759589
1212.935	0.007704126697009463
1213.078	0.0076795665615659765
1213.222	0.007677627603504648
1213.366	0.007673749687381993
1213.51	0.007666640174490457
1213.654	0.007660823300306474
1213.797	0.007649835871292283
1213.942	0.007640141080985643
1214.085	0.007638202122924315
1214.229	0.007636263164862988
1214.373	0.0076207515003723645
1214.517	0.0075852039359146865
1214.661	0.007558058523056096
1214.804	0.007545132135980577
1214.948	0.007516047765060659
1215.092	0.007491487629617172
1215.236	0.007491487629617172
1215.381	0.007491487629617172
1215.526	0.007491487629617172
1215.669	0.007491487629617172
1215.813	0.007491487629617172
1215.9560000000001	0.007485670755433188
1216.1000000000001	0.007468866452235013
1216.2440000000001	0.007452708468390615
1216.3880000000001	0.007452708468390615
1216.531	0.007452708468390615
1216.6760000000002	0.007446891594206631
1216.8200000000002	0.00743913576196132
1216.963	0.00743913576196132
1217.107	0.007430733610362232
1217.252	0.007430733610362232
1217.395	0.007430733610362232
1217.538	0.0074210388200555925
1217.683	0.007411344029748953
1217.826	0.007407466113626297
1217.97	0.007405527155564969
1218.114	0.007400356600734761
1218.258	0.007393247087843225
1218.402	0.007377735423352603
1218.546	0.007362870078215756
1218.689	0.007357699523385547
1218.833	0.007355114245970444
1218.977	0.00734606577501758
1219.121	0.007336370984710941
1219.265	0.007334432026649613
1219.409	0.007329261471819405
1219.553	0.0073240909169891965
1219.6970000000001	0.007318274042805214
1219.8400000000001	0.0073137498073287815
1219.9840000000002	0.007308579252498574
1220.1280000000002	0.007303408697668367
1220.2720000000002	0.0073027623783145906
1220.4160000000002	0.007298884462191934
1220.56	0.007293713907361728
1220.704	0.0072911286299466235
1220.847	0.00728531175576264
1220.991	0.0072788485622248805
1221.1380000000001	0.007275616965456001
1221.279	0.007271739049333346
1221.423	0.007263983217088034
1221.567	0.007251056830012514
1221.71	0.007237484123583219
1221.854	0.007227789333276579
1221.998	0.007215509265554836
1222.142	0.007192241768818901
1222.286	0.007178022743035831
1222.43	0.007178022743035831
1222.573	0.007172852188205623
1222.718	0.007172852188205623
1222.861	0.007159925801130103
1223.005	0.007159925801130103
1223.1490000000001	0.007150231010823464
1223.2930000000001	0.007150231010823464
1223.4370000000001	0.007150231010823464
1223.5800000000002	0.007150231010823464
1223.7250000000001	0.007150231010823464
1223.8680000000002	0.007150231010823464
1224.012	0.007150231010823464
1224.156	0.007159925801130103
1224.3	0.007159925801130103
1224.444	0.007167681633375415
1224.588	0.007172852188205623
1224.731	0.007178022743035831
1224.875	0.007192241768818901
1225.019	0.0072077534333095244
1225.163	0.007216801904262388
1225.307	0.007227789333276579
1225.451	0.007242654678413426
1225.595	0.0072562273848427224
1225.739	0.007263983217088034
1225.882	0.007271739049333346
1226.028	0.007276909604163552
1226.17	0.00728531175576264
1226.313	0.0072904823105928475
1226.458	0.0072911286299466235
1226.601	0.007293713907361728
1226.7450000000001	0.007298884462191934
1226.8890000000001	0.0073027623783145906
1227.0330000000001	0.007308579252498574
1227.1770000000001	0.007319566681512765
1227.3210000000001	0.007329261471819405
1227.4640000000002	0.007334432026649613
1227.608	0.007336370984710941
1227.752	0.00734606577501758
1227.896	0.007357699523385547
1228.04	0.007362870078215756
1228.184	0.007380967020121483
1228.328	0.007400356600734761
1228.472	0.007405527155564969
1228.615	0.007407466113626297
1228.759	0.007411344029748953
1228.903	0.0074210388200555925
1229.047	0.007430733610362232
1229.191	0.0074339652071311125
1229.335	0.00743590416519244
1229.479	0.007441074720022648
1229.622	0.007446891594206631
1229.766	0.007452708468390615
1229.91	0.0074565863845132705
1230.054	0.007464988536112358
1230.199	0.007477268603834101
1230.342	0.007485670755433188
1230.4850000000001	0.007501182419923812
1230.63	0.0075257425553672975
1230.7730000000001	0.007541254219857921
1230.9180000000001	0.007547717413395681
1231.0620000000001	0.007551595329518337
1231.2050000000002	0.007552887968225888
1231.348	0.007567753313362735
1231.4930000000002	0.007593606087513773
1231.636	0.0076213978197261405
1231.78	0.007638848442278092
1231.924	0.007649835871292283
1232.068	0.007660823300306474
1232.212	0.007666640174490457
1232.355	0.007671810729320666
1232.499	0.00767568864544332
1232.643	0.0076795665615659765
1232.788	0.007693785587349048
1232.932	0.007708650932485895
1233.076	0.00771899204214631
1233.22	0.007733211067929381
1233.363	0.007766173354971956
1233.507	0.007793965087184322
1233.651	0.007794611406538098
1233.795	0.007797843003306978
1233.939	0.007803659877490961
1234.082	0.007808184112967393
1234.227	0.007811415709736273
1234.3700000000001	0.00781981786133536
1234.5140000000001	0.007842439038717518
1234.6580000000001	0.00785988966126947
1234.8020000000001	0.007865060216099676
1234.9460000000001	0.00787604764511387
1235.0890000000002	0.007884449796712956
1235.2340000000002	0.00788832771283561
1235.3790000000001	0.00789155930960449
1235.521	0.007910948890217769
1235.665	0.007935509025661256
1235.809	0.007946496454675447
1235.953	0.007955544925628312
1236.097	0.007964593396581177
1236.24	0.007972349228826487
1236.384	0.007976227144949144
1236.528	0.007982044019133126
1236.672	0.007993031448147319
1236.816	0.008028579012604998
1236.96	0.008069943451246658
1237.104	0.008088040393152383
1237.247	0.008100966780227904
1237.391	0.008110661570534543
1237.535	0.008139099622100686
1237.679	0.008139099622100686
1237.8220000000001	0.008139099622100686
1237.967	0.008169476631728156
1238.111	0.008169476631728156
1238.2540000000001	0.008169476631728156
1238.3980000000001	0.008169476631728156
1238.5420000000001	0.008169476631728156
1238.6860000000001	0.008169476631728156
1238.8300000000002	0.008169476631728156
1238.973	0.008169476631728156
1239.117	0.008169476631728156
1239.2640000000001	0.008169476631728156
1239.405	0.008169476631728156
1239.549	0.008169476631728156
1239.693	0.008169476631728156
1239.837	0.008169476631728156
1239.981	0.008169476631728156
1240.124	0.008169476631728156
1240.268	0.008169476631728156
1240.412	0.008169476631728156
1240.556	0.008169476631728156
1240.7	0.008169476631728156
1240.844	0.008169476631728156
1240.988	0.008173354547850812
1241.131	0.008175293505912139
1241.275	0.008175293505912139
1241.419	0.008175293505912139
1241.563	0.008175293505912139
1241.707	0.008175293505912139
1241.851	0.008175293505912139
1241.9940000000001	0.008175293505912139
1242.1380000000001	0.008175293505912139
1242.2820000000002	0.008182403018803675
1242.4260000000002	0.008191451489756538
1242.5700000000002	0.008195329405879194
1242.7140000000002	0.008197268363940522
1242.857	0.00820890211230849
1243.001	0.00821213370907737
1243.145	0.00821213370907737
1243.289	0.00821213370907737
1243.433	0.00821213370907737
1243.577	0.00821213370907737
1243.721	0.00821213370907737
1243.864	0.00821213370907737
1244.009	0.00821213370907737
1244.152	0.00821213370907737
1244.296	0.00821213370907737
1244.44	0.00821213370907737
1244.584	0.00821213370907737
1244.729	0.00821213370907737
1244.872	0.00821213370907737
1245.017	0.00821213370907737
1245.159	0.00821213370907737
1245.303	0.00821213370907737
1245.4470000000001	0.00821213370907737
1245.5910000000001	0.00821213370907737
1245.7350000000001	0.00821213370907737
1245.8790000000001	0.00821213370907737
1246.0220000000002	0.00821213370907737
1246.1660000000002	0.00821213370907737
1246.31	0.00821213370907737
1246.454	0.00820243891877073
1246.598	0.008197268363940522
1246.742	0.008195329405879194
1246.887	0.008191451489756538
1247.029	0.008182403018803675
1247.173	0.008175293505912139
1247.317	0.008173354547850812
1247.461	0.008169476631728156
1247.605	0.008159781841421517
1247.748	0.008148148093053548
1247.892	0.008129404831794047
1248.036	0.0081145394866572
1248.18	0.00811130788988832
1248.326	0.008109368931826991
1248.468	0.008100966780227904
1248.612	0.008088040393152383
1248.756	0.008080930880260849
1248.8990000000001	0.00807576032543064
1249.0430000000001	0.008069943451246658
1249.1870000000001	0.008066065535124001
1249.3310000000001	0.008064126577062673
1249.4750000000001	0.008060248660940017
1249.6190000000001	0.008057017064171139
1249.7630000000001	0.008041505399680515
1249.906	0.008025993735189892
1250.05	0.008013067348114373
1250.194	0.007993031448147319
1250.3390000000002	0.007985921935255783
1250.483	0.007982044019133126
1250.627	0.007976227144949144
1250.771	0.007974288186887816
1250.914	0.007972349228826487
1251.058	0.007965239715934953
1251.202	0.00795748388368964
1251.346	0.007954898606274538
1251.49	0.007953605967566984
1251.633	0.007952313328859432
1251.778	0.007948435412736776
1251.921	0.007942618538552793
1252.065	0.00793680166436881
1252.209	0.007931631109538602
1252.353	0.007924521596647065
1252.497	0.007918704722463081
1252.641	0.007918058403109305
1252.784	0.007911595209571548
1252.928	0.007904485696680012
1253.0720000000001	0.007897376183788475
1253.2160000000001	0.00789155930960449
1253.3600000000001	0.00788832771283561
1253.5040000000001	0.007884449796712956
1253.6480000000001	0.00787604764511387
1253.7910000000002	0.007865060216099676
1253.935	0.007861182299977022
1254.079	0.007859243341915694
1254.223	0.007850841190316607
1254.367	0.007843085358071296
1254.511	0.007840500080656192
1254.655	0.007832744248410881
1254.798	0.00781981786133536
1254.942	0.007810769390382496
1255.086	0.007807537793613617
1255.23	0.007806245154906065
1255.374	0.007803659877490961
1255.518	0.007797843003306978
1255.662	0.007794611406538098
1255.806	0.007793965087184322
1255.949	0.0077881482130003395
1256.0990000000002	0.007779746061401251
1256.237	0.007770697590448387
1256.381	0.0077622954388493
1256.5240000000001	0.007759710161434196
1256.669	0.00775583224531154
1256.8120000000001	0.007747430093712452
1256.9560000000001	0.007740966900174694
1257.1000000000001	0.0077390279421133655
1257.2440000000001	0.007735150025990709
1257.3880000000001	0.007729333151806725
1257.5320000000002	0.007727394193745397
1257.675	0.00771899204214631
1257.819	0.007708650932485895
1257.963	0.007692492948641496
1258.107	0.00767568864544332
1258.252	0.007671810729320666
1258.396	0.007666640174490457
1258.539	0.007660823300306474
1258.682	0.007649835871292283
1258.826	0.007638848442278092
1258.97	0.0076213978197261405
1259.114	0.007593606087513773
1259.258	0.007567753313362735
1259.402	0.007552887968225888
1259.546	0.007551595329518337
1259.69	0.007547717413395681
1259.833	0.007541254219857921
1259.977	0.0075257425553672975
1260.121	0.007497304503801155
1260.265	0.007477268603834101
1260.4080000000001	0.007464988536112358
1260.553	0.0074565863845132705
1260.6970000000001	0.007452708468390615
1260.8400000000001	0.007446891594206631
1260.9840000000002	0.007441074720022648
1261.1280000000002	0.007437843123253768
1261.2720000000002	0.00743590416519244
1261.4160000000002	0.0074339652071311125
1261.56	0.007430733610362232
1261.703	0.0074210388200555925
1261.847	0.007411344029748953
1261.991	0.007407466113626297
1262.135	0.007405527155564969
1262.279	0.007404234516857417
1262.423	0.007403588197503641
1262.566	0.007399710281380985
1262.71	0.007380967020121483
1262.854	0.007362870078215756
1262.998	0.007357699523385547
1263.142	0.00734606577501758
1263.286	0.00734606577501758
1263.43	0.00734606577501758
1263.573	0.007335078346003389
1263.717	0.007335078346003389
1263.861	0.007329261471819405
1264.005	0.007329261471819405
1264.1490000000001	0.007329261471819405
1264.2930000000001	0.007329261471819405
1264.4370000000001	0.007319566681512765
1264.5800000000002	0.007319566681512765
1264.7240000000002	0.007308579252498574
1264.8680000000002	0.00729953078154571
1265.012	0.00729953078154571
1265.156	0.007293067588007952
1265.3	0.0072904823105928475
1265.444	0.007274324326748449
1265.588	0.0072562273848427224
1265.731	0.007251056830012514
1265.875	0.007237484123583219
1266.019	0.007227143013922805
1266.163	0.007225850375215252
1266.309	0.007216801904262388
1266.45	0.0072077534333095244
1266.595	0.007199997601064214
1266.738	0.0071857785752811425
1266.882	0.007178022743035831
1267.026	0.007172852188205623
1267.17	0.007167681633375415
1267.314	0.007157986843068776
1267.458	0.007143121497931929
1267.601	0.007136011985040393
1267.746	0.007128256152795082
1267.89	0.007120500320549771
1268.034	0.007116622404427115
1268.178	0.007106927614120474
1268.3220000000001	0.007097879143167611
1268.4660000000001	0.007092708588337403
1268.6100000000001	0.007087538033507196
1268.756	0.007084306436738316
1268.9	0.007077843243200557
1269.0410000000002	0.007073319007724125
1269.185	0.007072026369016573
1269.329	0.007072026369016573
1269.473	0.007072026369016573
1269.616	0.007070087410955245
1269.76	0.007068148452893917
1269.904	0.007061685259356158
1270.048	0.007053929427110846
1270.192	0.007048112552926863
1270.336	0.007048112552926863
1270.48	0.007048112552926863
1270.623	0.007048112552926863
1270.767	0.007048112552926863
1270.911	0.007048112552926863
1271.057	0.007048112552926863
1271.199	0.007048112552926863
1271.342	0.007041003040035326
1271.487	0.007041003040035326
1271.63	0.007041003040035326
1271.7740000000001	0.007028076652959807
1271.9180000000001	0.007014503946530512
1272.0620000000001	0.007014503946530512
1272.207	0.007014503946530512
1272.3500000000001	0.007008040752992753
1272.4930000000002	0.006978310062719059
1272.637	0.006935006666016069
1272.781	0.006916263404756566
1272.925	0.006903983337034823
1273.069	0.006892995908020632
1273.213	0.006868435772577145
1273.357	0.006818022862982619
1273.5	0.0067837679372324934
1273.644	0.006773426827572078
1273.788	0.00675726884372768
1273.932	0.006728184472807762
1274.076	0.0066454555955244386
1274.22	0.006568543592425099
1274.364	0.006553031927934477
1274.507	0.006547215053750492
1274.651	0.0065394592215051815
1274.795	0.006531703389259869
1274.939	0.0065271791537834375
1275.083	0.006517484363476798
1275.227	0.006511021169939037
1275.372	0.006509082211877709
1275.515	0.0065019726989861745
1275.6580000000001	0.006494216866740863
1275.8020000000001	0.006485168395787999
1275.9460000000001	0.006476119924835136
1276.0900000000001	0.00647224200871248
1276.233	0.006470303050651152
1276.3780000000002	0.006468364092589825
1276.521	0.006466425134528497
1276.665	0.006461900899052065
1276.809	0.006456730344221857
1276.953	0.006455437705514305
1277.097	0.006436694444254801
1277.241	0.0064179511829952985
1277.384	0.006412780628165091
1277.528	0.006401146879797124
1277.672	0.0063849888959527255
1277.816	0.006364306676631895
1277.96	0.006352026608910152
1278.104	0.00634427077666484
1278.248	0.0063345759863582
1278.391	0.006327466473466665
1278.535	0.006320356960575129
1278.679	0.006320356960575129
1278.823	0.006320356960575129
1278.967	0.006320356960575129
1279.111	0.006320356960575129
1279.255	0.006320356960575129
1279.3990000000001	0.006320356960575129
1279.5420000000001	0.006320356960575129
1279.6860000000001	0.006320356960575129
1279.8300000000002	0.006320356960575129
1279.9740000000002	0.006320356960575129
1280.117	0.006320356960575129
1280.262	0.006320356960575129
1280.405	0.006320356960575129
1280.549	0.006320356960575129
1280.693	0.006320356960575129
1280.837	0.006320356960575129
1280.981	0.006320356960575129
1281.124	0.006320356960575129
1281.269	0.006320356960575129
1281.412	0.006320356960575129
1281.556	0.006320356960575129
1281.7	0.006320356960575129
1281.844	0.006320356960575129
1281.988	0.006320356960575129
1282.132	0.006320356960575129
1282.275	0.006320356960575129
1282.42	0.006320356960575129
1282.563	0.006320356960575129
1282.707	0.006320356960575129
1282.851	0.006320356960575129
1282.9950000000001	0.006320356960575129
1283.1390000000001	0.006320356960575129
1283.2830000000001	0.006320356960575129
1283.4260000000002	0.006320356960575129
1283.5700000000002	0.006320356960575129
1283.7140000000002	0.006320356960575129
1283.858	0.006320356960575129
1284.002	0.006320356960575129
1284.146	0.006320356960575129
1284.289	0.006320356960575129
1284.4360000000001	0.006320356960575129
1284.577	0.006320356960575129
1284.722	0.006320356960575129
1284.865	0.006320356960575129
1285.008	0.006320356960575129
1285.153	0.006320356960575129
1285.297	0.006320356960575129
1285.442	0.006320356960575129
1285.585	0.006320356960575129
1285.73	0.006320356960575129
1285.873	0.006320356960575129
1286.016	0.006320356960575129
1286.16	0.006320356960575129
1286.304	0.006320356960575129
1286.448	0.006320356960575129
1286.592	0.006320356960575129
1286.736	0.006320356960575129
1286.88	0.006320356960575129
1287.0240000000001	0.006320356960575129
1287.1670000000001	0.006320356960575129
1287.3110000000001	0.006320356960575129
1287.4550000000002	0.006320356960575129
1287.5990000000002	0.006320356960575129
1287.7430000000002	0.006320356960575129
1287.887	0.006320356960575129
1288.031	0.006320356960575129
1288.175	0.006320356960575129
1288.318	0.006320356960575129
1288.462	0.006320356960575129
1288.606	0.006320356960575129
1288.75	0.006320356960575129
1288.893	0.006320356960575129
1289.038	0.006320356960575129
1289.181	0.006320356960575129
1289.325	0.006320356960575129
1289.469	0.006320356960575129
1289.613	0.006320356960575129
1289.757	0.006320356960575129
1289.9	0.006320356960575129
1290.045	0.006320356960575129
1290.188	0.006320356960575129
1290.332	0.006320356960575129
1290.476	0.006320356960575129
1290.6200000000001	0.006320356960575129
1290.7640000000001	0.006320356960575129
1290.9080000000001	0.006320356960575129
1291.0510000000002	0.006320356960575129
1291.1960000000001	0.006320356960575129
1291.3390000000002	0.006320356960575129
1291.483	0.006320356960575129
1291.627	0.006320356960575129
1291.771	0.006320356960575129
1291.915	0.006320356960575129
1292.059	0.006320356960575129
1292.202	0.006320356960575129
1292.346	0.006320356960575129
1292.49	0.006320356960575129
1292.634	0.006320356960575129
1292.777	0.006320356960575129
1292.922	0.006320356960575129
1293.065	0.006320356960575129
1293.209	0.006320356960575129
1293.353	0.00631712536380625
1293.5	0.00631712536380625
1293.641	0.006316479044452473
1293.785	0.006314540086391145
1293.929	0.006312601128329818
1294.0720000000001	0.006308076892853386
1294.2160000000001	0.006299028421900522
1294.3600000000001	0.006288687312240107
1294.5040000000001	0.006279638841287244
1294.6480000000001	0.006279638841287244
1294.7920000000001	0.006279638841287244
1294.935	0.006279638841287244
1295.0800000000002	0.006275760925164588
1295.223	0.006275760925164588
1295.367	0.006264773496150396
1295.511	0.006245383915537118
1295.655	0.006235042805876702
1295.799	0.006235042805876702
1295.942	0.006235042805876702
1296.086	0.006235042805876702
1296.23	0.006235042805876702
1296.374	0.006235042805876702
1296.518	0.006235042805876702
1296.662	0.006235042805876702
1296.806	0.006235042805876702
1296.95	0.006235042805876702
1297.093	0.006235042805876702
1297.237	0.006235042805876702
1297.381	0.006235042805876702
1297.525	0.006235042805876702
1297.669	0.006235042805876702
1297.813	0.006235042805876702
1297.957	0.006235042805876702
1298.1000000000001	0.006235042805876702
1298.2440000000001	0.006235042805876702
1298.3880000000001	0.006235042805876702
1298.5330000000001	0.006235042805876702
1298.6760000000002	0.006235042805876702
1298.8200000000002	0.006235042805876702
1298.963	0.006235042805876702
1299.107	0.006235042805876702
1299.252	0.006235042805876702
1299.396	0.006235042805876702
1299.54	0.006235042805876702
1299.683	0.006235042805876702
1299.826	0.006235042805876702
1299.97	0.006235042805876702
1300.114	0.006235042805876702
1300.258	0.006235042805876702
1300.402	0.006235042805876702
1300.546	0.006235042805876702
1300.69	0.006235042805876702
1300.834	0.006235042805876702
1300.977	0.006235042805876702
1301.126	0.006245383915537118
1301.265	0.006245383915537118
1301.409	0.006264773496150396
1301.5520000000001	0.006275760925164588
1301.6970000000001	0.006275760925164588
1301.8400000000001	0.006275760925164588
1301.9840000000002	0.006275760925164588
1302.1280000000002	0.006279638841287244
1302.2720000000002	0.006288687312240107
1302.4160000000002	0.006297735783192971
1302.559	0.0063035526573769545
1302.7050000000002	0.0063035526573769545
1302.8490000000002	0.0063035526573769545
1302.992	0.0063035526573769545
1303.136	0.0063035526573769545
1303.28	0.0063035526573769545
1303.424	0.0063035526573769545
1303.568	0.00631066217026849
1303.711	0.006316479044452473
1303.856	0.006316479044452473
1303.999	0.006316479044452473
1304.143	0.006316479044452473
1304.287	0.006316479044452473
1304.433	0.006318418002513801
1304.577	0.006318418002513801
1304.718	0.006318418002513801
1304.866	0.006322295918636457
1305.01	0.006323588557344008
1305.15	0.006327466473466665
1305.294	0.006327466473466665
1305.438	0.006327466473466665
1305.582	0.006327466473466665
1305.7250000000001	0.006327466473466665
1305.8690000000001	0.0063345759863582
1306.0130000000001	0.006345563415372392
1306.1570000000002	0.006368184592754551
1306.3010000000002	0.006386927854014053
1306.444	0.00639856160238202
1306.5890000000002	0.00640825639268866
1306.732	0.006421829099117956
1306.876	0.00644186499908501
1307.02	0.006485168395788
1307.164	0.006529118111844766
1307.308	0.006543337137627837
1307.451	0.006557556163410907
1307.595	0.006574360466609082
1307.739	0.006590518450453481
1307.883	0.006606030114944103
1308.027	0.006616371224604519
1308.171	0.006629297611680039
1308.315	0.006642870318109334
1308.459	0.006653857747123525
1308.602	0.006663552537430165
1308.746	0.006672601008383028
1308.89	0.006685527395458548
1309.034	0.006697161143826515
1309.178	0.0067023316986567225
1309.3220000000001	0.006709441211548258
1309.4660000000001	0.006721074959916225
1309.6100000000001	0.006729477111515314
1309.7530000000002	0.006734647666345522
1309.8970000000002	0.006736586624406849
1310.0410000000002	0.006741110859883281
1310.185	0.006751451969543696
1310.328	0.006758561482435231
1310.473	0.006761146759850335
1310.616	0.006764378356619215
1310.76	0.006767609953388095
1310.904	0.0067714878695107495
1311.048	0.006773426827572078
1311.192	0.006773426827572078
1311.335	0.006774073146925854
1311.482	0.006774719466279631
1311.623	0.006776012104987182
1311.767	0.006779243701756062
1311.911	0.006781828979171166
1312.055	0.006782475298524942
1312.199	0.006783767937232494
1312.343	0.006785706895293822
1312.486	0.006786353214647598
1312.63	0.006791523769477805
1312.775	0.00679863328236934
1312.9180000000001	0.00680186487913822
1313.0620000000001	0.0068089743920297565
1313.2060000000001	0.006815437585567516
1313.3500000000001	0.006827071333935483
1313.4930000000002	0.006839351401657227
1313.637	0.006841290359718555
1313.781	0.006843229317779883
1313.925	0.006844521956487435
1314.068	0.0068451682758412105
1314.213	0.006849046191963866
1314.357	0.006852924108086522
1314.501	0.006853570427440297
1314.644	0.006857448343562953
1314.788	0.006861326259685609
1314.932	0.006862618898393161
1315.076	0.0068697284112846976
1315.219	0.006876837924176232
1315.363	0.00687877688223756
1315.507	0.0068794232015913365
1315.651	0.006882654798360217
1315.795	0.006889764311251751
1315.939	0.0069013980596197184
1316.085	0.00690915389186503
1316.226	0.006911092849926357
1316.3700000000001	0.0069143244466952376
1316.5140000000001	0.006917556043464118
1316.6580000000001	0.006920141320879222
1316.8020000000001	0.006924019237001877
1316.9460000000001	0.0069278971531245345
1317.0900000000001	0.006930482430539639
1317.2340000000002	0.006933714027308517
1317.377	0.006936945624077397
1317.521	0.006938884582138725
1317.665	0.0069395309014925015
1317.809	0.006943408817615157
1317.953	0.006947933053091588
1318.097	0.006953103607921795
1318.241	0.006957627843398227
1318.384	0.006960213120813331
1318.528	0.006966029994997316
1318.672	0.006966029994997316
1318.816	0.006966029994997316
1318.96	0.006966029994997316
1319.103	0.006966029994997316
1319.248	0.006966029994997316
1319.391	0.006966029994997316
1319.535	0.006966029994997316
1319.679	0.006966029994997316
1319.823	0.006966029994997316
1319.967	0.006966029994997316
1320.1100000000001	0.006966029994997316
1320.255	0.006966029994997316
1320.3990000000001	0.006966029994997316
1320.545	0.006966029994997316
1320.6870000000001	0.006966029994997316
1320.8310000000001	0.006966029994997316
1320.9750000000001	0.006966029994997316
1321.1190000000001	0.006966029994997316
1321.262	0.006966029994997316
1321.406	0.006966029994997316
1321.55	0.006966029994997316
1321.694	0.006966029994997316
1321.837	0.006966029994997316
1321.982	0.006966029994997316
1322.126	0.006966029994997316
1322.269	0.006966029994997316
1322.413	0.006966029994997316
1322.559	0.006966029994997316
1322.701	0.006966029994997316
1322.845	0.006966029994997316
1322.989	0.006966029994997316
1323.132	0.006966029994997316
1323.276	0.006966029994997316
1323.42	0.006966029994997316
1323.564	0.006966029994997316
1323.708	0.006966029994997316
1323.852	0.006966029994997316
1323.9950000000001	0.006966029994997316
1324.14	0.006966029994997316
1324.2830000000001	0.006966029994997316
1324.4270000000001	0.006966029994997316
1324.5710000000001	0.006966029994997316
1324.7150000000001	0.006966029994997316
1324.862	0.006966029994997316
1325.002	0.006966029994997316
1325.1470000000002	0.006966029994997316
1325.29	0.006966029994997316
1325.434	0.006966029994997316
1325.578	0.006966029994997316
1325.722	0.006966029994997316
1325.866	0.006966029994997316
1326.01	0.006966029994997316
1326.153	0.006966029994997316
1326.297	0.006966029994997316
1326.441	0.006966029994997316
1326.586	0.006966029994997316
1326.73	0.006966029994997316
1326.874	0.006966029994997316
1327.017	0.006966029994997316
1327.16	0.006966029994997316
1327.304	0.006966029994997316
1327.448	0.006966029994997316
1327.592	0.006966029994997316
1327.736	0.006966029994997316
1327.88	0.006966029994997316
1328.0230000000001	0.006966029994997316
1328.1670000000001	0.006966029994997316
1328.3110000000001	0.006966029994997316
1328.4550000000002	0.006966029994997316
1328.5990000000002	0.006966029994997316
1328.7430000000002	0.006966029994997316
1328.887	0.006966029994997316
1329.03	0.006966029994997316
1329.174	0.006966029994997316
1329.318	0.006966029994997316
1329.462	0.006966029994997316
1329.608	0.006966029994997316
1329.75	0.006966029994997316
1329.894	0.006966029994997316
1330.037	0.006966029994997316
1330.181	0.006966029994997316
1330.325	0.006966029994997316
1330.469	0.006966029994997316
1330.613	0.006966029994997316
1330.757	0.006966029994997316
1330.901	0.006960213120813331
1331.044	0.006957627843398227
1331.188	0.006953103607921795
1331.332	0.006947933053091588
1331.476	0.006943408817615157
1331.6190000000001	0.0069395309014925015
1331.7640000000001	0.006938884582138725
1331.9080000000001	0.006936945624077397
1332.0510000000002	0.006933714027308517
1332.1950000000002	0.0069266045144169815
1332.3390000000002	0.006920141320879222
1332.483	0.006917556043464118
1332.627	0.006917556043464118
1332.771	0.006917556043464118
1332.9160000000002	0.006917556043464118
1333.058	0.006917556043464118
1333.202	0.006917556043464118
1333.346	0.006917556043464118
1333.49	0.006917556043464118
1333.634	0.006917556043464118
1333.7830000000001	0.006917556043464118
1333.924	0.006917556043464118
1334.069	0.006917556043464118
1334.211	0.006917556043464118
1334.356	0.006917556043464118
1334.497	0.006917556043464118
1334.641	0.006917556043464118
1334.785	0.0069143244466952376
1334.929	0.0069143244466952376
1335.0720000000001	0.006911092849926357
1335.2160000000001	0.006911092849926357
1335.3600000000001	0.006911092849926357
1335.5040000000001	0.006894288546728184
1335.6470000000002	0.00687877688223756
1335.7920000000001	0.006878130562883784
1335.9360000000001	0.006876837924176232
1336.079	0.0068697284112846976
1336.223	0.006862618898393161
1336.367	0.006857448343562953
1336.511	0.006853570427440297
1336.655	0.006852924108086522
1336.799	0.006849046191963866
1336.943	0.0068451682758412105
1337.086	0.006844521956487435
1337.23	0.006842582998426107
1337.374	0.006842582998426107
1337.518	0.006838705082303451
1337.662	0.006828363972643035
1337.807	0.006818022862982619
1337.952	0.006811559669444861
1338.094	0.006801218559784445
1338.238	0.006790877450124029
1338.382	0.006785706895293822
1338.526	0.006783767937232494
1338.672	0.006781828979171166
1338.813	0.00677795106304851
1338.957	0.006774719466279631
1339.101	0.006774073146925854
1339.2450000000001	0.006773426827572078
1339.3890000000001	0.006773426827572078
1339.5330000000001	0.0067721341888645255
1339.6760000000002	0.006766963634034319
1339.8210000000001	0.006766963634034319
1339.9640000000002	0.006762439398557887
1340.108	0.006752744608251248
1340.252	0.006742403498590833
1340.3970000000002	0.006739171901821953
1340.54	0.006739171901821953
1340.684	0.006735293985699298
1340.828	0.006732708708284194
1340.972	0.006730769750222865
1341.115	0.006728830792161538
1341.259	0.0067268918341002095
1341.403	0.006721074959916225
1341.547	0.006709441211548258
1341.69	0.006697161143826515
1341.834	0.006686173714812324
1341.979	0.00667712524385946
1342.122	0.006671954689029252
1342.266	0.0066674304535528205
1342.41	0.006661613579368837
1342.554	0.006647394553585766
1342.6970000000001	0.006647394553585766
1342.842	0.006628004972972487
1342.9850000000001	0.006628004972972487
1343.1290000000001	0.006628004972972487
1343.2730000000001	0.006628004972972487
1343.4170000000001	0.006628004972972487
1343.5610000000001	0.006628004972972487
1343.704	0.006628004972972487
1343.848	0.006628004972972487
1343.992	0.006628004972972487
1344.136	0.006628004972972487
1344.28	0.006628004972972487
1344.424	0.006628004972972487
1344.568	0.006628004972972487
1344.711	0.006628004972972487
1344.855	0.006628004972972487
1344.999	0.006628004972972487
1345.143	0.006628004972972487
1345.287	0.006628004972972487
1345.431	0.006628004972972487
1345.575	0.006628004972972487
1345.718	0.006628004972972487
1345.862	0.006628004972972487
1346.006	0.006628004972972487
1346.154	0.006628004972972487
1346.294	0.006628004972972487
1346.438	0.006613785947189416
1346.582	0.006580823660146842
1346.7250000000001	0.006496802144155967
1346.8690000000001	0.006423121737825507
1347.0130000000001	0.006404378476566004
1347.1570000000002	0.006388866812075381
1347.3010000000002	0.006359136121801687
1347.4450000000002	0.006335868625065752
1347.5890000000002	0.006310015850914714
1347.732	0.0062912725896552115
1347.877	0.006281577799348572
1348.02	0.006271883009041933
1348.164	0.0062673587735655005
1348.309	0.006257663983258861
1348.452	0.006245383915537118
1348.596	0.006238274402645582
1348.739	0.00623375016716915
1348.883	0.006225994334923839
1349.027	0.006218884822032304
1349.171	0.00621306794784832
1349.315	0.0062078973930181115
1349.459	0.006204019476895456
1349.603	0.0061962636446501445
1349.746	0.006188507812404833
1349.892	0.006186568854343506
1350.034	0.006182044618867073
1350.178	0.0061749351059755386
1350.3210000000001	0.006170410870499106
1350.4660000000001	0.006167825593084002
1350.6100000000001	0.006164593996315124
1350.7530000000002	0.006161362399546243
1350.8970000000002	0.006156838164069811
1351.0410000000002	0.006145204415701844
1351.185	0.006132278028626325
1351.329	0.006128400112503669
1351.4750000000001	0.006128400112503669
1351.616	0.006127107473796117
1351.76	0.0061251685157347885
1351.904	0.006119351641550805
1352.048	0.006112242128659269
1352.192	0.0061031936577064065
1352.335	0.006095437825461095
1352.48	0.0060928525480459916
1352.624	0.006089620951277111
1352.767	0.006088328312569559
1352.911	0.006080572480324248
1353.055	0.006072816648078936
1353.199	0.0060676460932487285
1353.343	0.006058597622295865
1353.488	0.006050841790050554
1353.631	0.006046963873927898
1353.7740000000001	0.006041146999743914
1353.919	0.006033391167498603
1354.063	0.0060314522094372745
1354.207	0.006028220612668394
1354.3500000000001	0.00602434269654574
1354.4940000000001	0.006023696377191964
1354.6380000000001	0.006019818461069307
1354.781	0.006010769990116444
1354.925	0.006001075199809804
1355.069	0.005993319367564493
1355.2140000000002	0.0059849172159654055
1355.357	0.005979100341781422
1355.502	0.005973283467597438
1355.645	0.005967466593413454
1355.789	0.005964881315998351
1355.933	0.0059616497192294705
1356.077	0.005956479164399262
1356.221	0.005952601248276607
1356.364	0.0059506622902152796
1356.509	0.005948723332153951
1356.653	0.005946784374092623
1356.798	0.00594096749990864
1356.94	0.005937089583785984
1357.084	0.005931919028955776
1357.228	0.005922870558002913
1357.371	0.005911236809634946
1357.516	0.005902188338682082
1357.659	0.005898310422559427
1357.803	0.005895725145144323
1357.9470000000001	0.005889908270960339
1358.0910000000001	0.00587375028711594
1358.2350000000001	0.005859531261332868
1358.3780000000002	0.0058550070258564365
1358.5230000000001	0.005850482790380005
1358.6660000000002	0.005845312235549797
1358.81	0.00584014168071959
1358.954	0.005834324806535606
1359.098	0.0058323858484742785
1359.242	0.005802655158200585
1359.385	0.005772278148573114
1359.53	0.0057716318292193374
1359.673	0.00576969287115801
1359.817	0.00576322967762025
1359.961	0.005754827526021163
1360.105	0.005750303290544731
1360.249	0.00574254745829942
1360.392	0.005734791626054107
1360.536	0.00573285266799278
1360.68	0.005730913709931453
1360.824	0.005728974751870125
1360.968	0.005728974751870125
1361.114	0.005728974751870125
1361.256	0.005727682113162573
1361.3990000000001	0.005724450516393692
1361.5430000000001	0.005720572600271037
1361.6870000000001	0.005717987322855934
1361.8310000000001	0.0057141094067332775
1361.9750000000001	0.005712170448671949
1362.1190000000001	0.005708938851903069
1362.2630000000001	0.00569601246482755
1362.406	0.005680500800336928
1362.55	0.0056792081616293755
1362.694	0.005672744968091616
1362.838	0.005669513371322736
1362.982	0.005668220732615184
1363.126	0.005667574413261408
1363.27	0.005663696497138753
1363.413	0.005660464900369873
1363.558	0.005656586984247217
1363.701	0.005656586984247217
1363.845	0.005656586984247217
1363.989	0.005652062748770784
1364.133	0.005652062748770784
1364.277	0.005652062748770784
1364.42	0.005651416429417008
1364.564	0.005651416429417008
1364.708	0.005651416429417008
1364.852	0.005651416429417008
1364.996	0.005651416429417008
1365.14	0.005651416429417008
1365.284	0.005651416429417008
1365.4270000000001	0.005651416429417008
1365.5710000000001	0.005651416429417008
1365.717	0.005651416429417008
1365.8590000000002	0.005651416429417008
1366.0030000000002	0.005651416429417008
1366.1470000000002	0.005651416429417008
1366.2910000000002	0.005651416429417008
1366.434	0.005651416429417008
1366.578	0.005651416429417008
1366.722	0.005651416429417008
1366.866	0.005651416429417008
1367.01	0.005651416429417008
1367.155	0.005651416429417008
1367.298	0.005651416429417008
1367.442	0.005651416429417008
1367.587	0.005651416429417008
1367.731	0.005651416429417008
1367.873	0.005651416429417008
1368.021	0.005651416429417008
1368.165	0.005651416429417008
1368.307	0.005651416429417008
1368.45	0.005651416429417008
1368.592	0.005651416429417008
1368.736	0.005651416429417008
1368.88	0.005651416429417008
1369.0240000000001	0.005651416429417008
1369.1680000000001	0.005651416429417008
1369.3120000000001	0.005651416429417008
1369.4550000000002	0.005651416429417008
1369.5990000000002	0.005651416429417008
1369.7430000000002	0.005651416429417008
1369.887	0.005651416429417008
1370.03	0.005651416429417008
1370.175	0.005651416429417008
1370.318	0.005651416429417008
1370.462	0.005651416429417008
1370.606	0.005651416429417008
1370.75	0.005651416429417008
1370.894	0.005651416429417008
1371.037	0.005651416429417008
1371.182	0.005651416429417008
1371.325	0.005651416429417008
1371.469	0.005651416429417008
1371.613	0.005651416429417008
1371.757	0.005651416429417008
1371.901	0.005651416429417008
1372.045	0.005651416429417008
1372.189	0.005651416429417008
1372.332	0.005651416429417008
1372.476	0.005651416429417008
1372.621	0.005651416429417008
1372.765	0.005651416429417008
1372.909	0.005651416429417008
1373.0520000000001	0.005651416429417008
1373.1960000000001	0.005651416429417008
1373.3400000000001	0.005651416429417008
1373.4840000000002	0.005651416429417008
1373.6280000000002	0.005651416429417008
1373.7720000000002	0.005651416429417008
1373.9160000000002	0.005651416429417008
1374.059	0.005651416429417008
1374.203	0.005651416429417008
1374.3490000000002	0.005651416429417008
1374.491	0.005651416429417008
1374.635	0.005651416429417008
1374.779	0.005651416429417008
1374.923	0.005651416429417008
1375.066	0.005651416429417008
1375.211	0.005651416429417008
1375.354	0.005651416429417008
1375.498	0.005651416429417008
1375.642	0.005651416429417008
1375.786	0.005651416429417008
1375.93	0.005651416429417008
1376.073	0.005651416429417008
1376.217	0.005651416429417008
1376.361	0.005651416429417008
1376.505	0.005651416429417008
1376.6490000000001	0.005651416429417008
1376.7930000000001	0.005651416429417008
1376.9370000000001	0.005651416429417008
1377.0800000000002	0.005651416429417008
1377.2240000000002	0.005651416429417008
1377.3680000000002	0.005651416429417008
1377.512	0.005651416429417008
1377.656	0.005651416429417008
1377.8	0.005651416429417008
1377.944	0.005651416429417008
1378.087	0.005651416429417008
1378.231	0.005652062748770784
1378.375	0.0056546480261858885
1378.519	0.005658525942308545
1378.663	0.005660464900369873
1378.807	0.005660464900369873
1378.951	0.005660464900369873
1379.094	0.005660464900369873
1379.238	0.005662403858431201
1379.382	0.00566563545520008
1379.526	0.00566563545520008
1379.67	0.00566563545520008
1379.814	0.00566563545520008
1379.958	0.005667574413261408
1380.101	0.005671452329384064
1380.2450000000001	0.005671452329384064
1380.3890000000001	0.005671452329384064
1380.5330000000001	0.005671452329384064
1380.6770000000001	0.005671452329384064
1380.8210000000001	0.005671452329384064
1380.9640000000002	0.005671452329384064
1381.1090000000002	0.005671452329384064
1381.252	0.005671452329384064
1381.3970000000002	0.005671452329384064
1381.54	0.005671452329384064
1381.684	0.005671452329384064
1381.828	0.005671452329384064
1381.972	0.005671452329384064
1382.115	0.005671452329384064
1382.259	0.005671452329384064
1382.403	0.005671452329384064
1382.547	0.005671452329384064
1382.691	0.005671452329384064
1382.834	0.005671452329384064
1382.978	0.005671452329384064
1383.122	0.005671452329384064
1383.266	0.005671452329384064
1383.41	0.005671452329384064
1383.553	0.005671452329384064
1383.698	0.005671452329384064
1383.843	0.005671452329384064
1383.9850000000001	0.005671452329384064
1384.1290000000001	0.005671452329384064
1384.2730000000001	0.005671452329384064
1384.4170000000001	0.005671452329384064
1384.56	0.005671452329384064
1384.7050000000002	0.005671452329384064
1384.848	0.005671452329384064
1384.992	0.005671452329384064
1385.136	0.005671452329384064
1385.28	0.005671452329384064
1385.424	0.005671452329384064
1385.567	0.005671452329384064
1385.712	0.005671452329384064
1385.855	0.005671452329384064
1385.999	0.005671452329384064
1386.143	0.005671452329384064
1386.287	0.005671452329384064
1386.431	0.005671452329384064
1386.574	0.005671452329384064
1386.719	0.005671452329384064
1386.862	0.0056792081616293755
1387.006	0.0056792081616293755
1387.15	0.0056792081616293755
1387.294	0.0056792081616293755
1387.438	0.0056792081616293755
1387.5810000000001	0.0056792081616293755
1387.726	0.0056792081616293755
1387.8690000000001	0.005685025035813359
1388.0130000000001	0.00569924406159643
1388.1570000000002	0.005716048364794606
1388.3010000000002	0.005720572600271037
1388.4450000000002	0.005724450516393692
1388.588	0.005728974751870125
1388.732	0.00573285266799278
1388.876	0.0057373769034692115
1389.02	0.0057470716937758504
1389.164	0.005767753913096682
1389.308	0.005799423561431705
1389.452	0.005825276335582743
1389.595	0.0059377359031397604
1389.741	0.006095437825461095
1389.883	0.0061846298962821775
1390.027	0.006224055376862511
1390.172	0.00624021336070691
1390.316	0.006253786067136205
1390.46	0.006255078705843757
1390.603	0.006275114605810812
1390.747	0.006297735783192971
1390.891	0.006304845296084506
1391.035	0.006311954808976041
1391.185	0.006316479044452473
1391.323	0.00631712536380625
1391.468	0.006318418002513802
1391.6100000000001	0.006321649599282681
1391.7540000000001	0.006324234876697785
1391.8980000000001	0.006337161263773304
1392.0420000000001	0.006357197163740359
1392.1860000000001	0.006364952995985671
1392.3300000000002	0.006366891954046999
1392.4740000000002	0.006369477231462103
1392.617	0.006378525702414966
1392.761	0.006394683686259365
1392.905	0.006402439518504676
1393.049	0.006403085837858452
1393.192	0.00640502479591978
1393.337	0.006409549031396212
1393.481	0.006414719586226419
1393.624	0.0064205364604104035
1393.768	0.006428292292655714
1393.912	0.006432816528132147
1394.057	0.00644186499908501
1394.199	0.006452206108745426
1394.344	0.006459961940990738
1394.488	0.006468364092589825
1394.632	0.00647224200871248
1394.775	0.006474180966773808
1394.919	0.006478705202250239
1395.064	0.006484522076434223
1395.207	0.006489046311910655
1395.352	0.006496155824802191
1395.4950000000001	0.0065019726989861745
1395.6390000000001	0.006505850615108831
1395.7820000000002	0.006509728531231485
1395.9260000000002	0.006511021169939037
1396.0700000000002	0.006516838044123022
1396.2140000000002	0.006523301237660781
1396.358	0.006523947557014557
1396.501	0.006530410750552317
1396.645	0.006536873944090076
1396.789	0.0065388129021514045
1396.933	0.006541398179566509
1397.077	0.006547861373104268
1397.22	0.006556909844057131
1397.365	0.006560141440826011
1397.509	0.0065620803988873395
1397.652	0.006565311995656218
1397.796	0.006576299424670409
1397.94	0.006587933173038377
1398.084	0.006594396366576136
1398.228	0.006598920602052569
1398.372	0.006603444837529001
1398.515	0.0066086153923592085
1398.659	0.0066092617117129845
1398.803	0.006618956502019624
1398.9470000000001	0.006635114485864024
1399.0910000000001	0.006642223998755558
1399.2350000000001	0.006651918789062198
1399.3790000000001	0.006664845176137718
1399.5230000000001	0.006675832605151909
1399.6660000000002	0.006690697950288755
1399.81	0.0067029780180104985
1399.954	0.006708794892194482
1400.098	0.006712026488963362
1400.241	0.006725599195392657
1400.386	0.006744988776005937
1400.529	0.006752744608251249
1400.673	0.006755976205020128
1400.817	0.006762439398557887
1400.961	0.006765670995326767
1401.105	0.006777304743694734
1401.248	0.006789584811416477
1401.393	0.006793462727539133
1401.536	0.006803803837199548
1401.68	0.0068322418887656906
1401.824	0.00685486306614785
1401.97	0.006863911537100713
1402.112	0.006888471672544199
1402.255	0.006935652985369845
1402.3990000000001	0.006982187978841714
1402.5430000000001	0.007000931240101217
1402.6870000000001	0.007008687072346528
1402.8310000000001	0.007024845056190928
1402.9750000000001	0.007048758872280639
1403.1190000000001	0.007073965327077901
1403.262	0.007086245394799644
1403.4070000000002	0.007117268723780891
1403.55	0.007159925801130103
1403.694	0.007172852188205623
1403.838	0.007178669062389606
1403.982	0.007190302810757573
1404.126	0.007204521836540644
1404.269	0.007212277668785957
1404.415	0.007216801904262388
1404.557	0.007225850375215251
1404.701	0.007243947317120978
1404.845	0.007270446410625793
1404.989	0.007305993975083471
1405.133	0.007330554110526958
1405.276	0.007357053204031773
1405.42	0.007382905978182811
1405.564	0.007384844936244138
1405.708	0.007384844936244138
1405.852	0.0073977713233196575
1405.996	0.007411344029748953
1406.144	0.007415221945871608
1406.2830000000001	0.0074223314587631446
1406.4270000000001	0.007430087291008457
1406.5710000000001	0.007443659997437752
1406.7150000000001	0.0074675738135274615
1406.8590000000002	0.007485670755433188
1407.0030000000002	0.007499889781216259
1407.1470000000002	0.007524449916659745
1407.29	0.007540607900504145
1407.434	0.007542546858565473
1407.582	0.007553534287579664
1407.723	0.007553534287579664
1407.867	0.007564521716593856
1408.011	0.007564521716593856
1408.155	0.0075742165069004955
1408.299	0.007574862826254271
1408.442	0.007591667129452446
1408.587	0.007601361919759086
1408.73	0.007604593516527965
1408.874	0.007604593516527965
1409.019	0.007606532474589293
1409.161	0.0076091177520043966
1409.306	0.0076201051810185876
1409.449	0.007630446290679004
1409.593	0.007632385248740332
1409.737	0.0076343242068016605
1409.881	0.007637555803570539
1410.026	0.007640141080985643
1410.1680000000001	0.007642080039046971
1410.313	0.0076459579551696275
1410.4560000000001	0.007652421148707387
1410.6000000000001	0.007660176980952699
1410.7440000000001	0.007665347535782905
1410.8880000000001	0.0076679328131980095
1411.0330000000001	0.0076795665615659765
1411.1760000000002	0.0076931392679952726
1411.319	0.007697017184117928
1411.463	0.007698956142179256
1411.607	0.007700895100240584
1411.751	0.0077041266970094635
1411.895	0.007708650932485895
1412.038	0.007710589890547223
1412.183	0.007711236209900999
1412.327	0.007713175167962327
1412.47	0.007717053084084983
1412.614	0.007721577319561414
1412.758	0.0077254552356840695
1412.901	0.007730625790514277
1413.046	0.007734503706636933
1413.189	0.007737088984052037
1413.333	0.0077461374550049
1413.477	0.007756478564665316
1413.622	0.007763588077556852
1413.768	0.007784916616231459
1413.912	0.007805598835552289
1414.056	0.0078094767516749455
1414.199	0.007811415709736273
1414.344	0.007814647306505152
1414.487	0.007816586264566482
1414.632	0.007817232583920256
1414.7740000000001	0.007819171541981584
1414.9160000000002	0.007828220012934449
1415.063	0.007837268483887312
1415.203	0.007846316954840175
1415.351	0.007854719106439263
1415.491	0.00785859702256192
1415.635	0.00786312125803835
1415.779	0.007864413896745902
1415.923	0.007865060216099678
1416.067	0.007868938132222333
1416.21	0.007874108687052541
1416.354	0.007888974032189388
1416.498	0.007901900419264907
1416.642	0.007902546738618683
1416.786	0.007904485696680012
1416.93	0.00790642465474134
1417.073	0.007910948890217772
1417.219	0.007914826806340427
1417.361	0.007914826806340427
1417.505	0.007916765764401753
1417.6490000000001	0.007943264857906567
1417.7930000000001	0.007972349228826487
1417.9370000000001	0.007990446170732215
1418.0800000000002	0.00800401887716151
1418.2240000000002	0.008015652625529477
1418.3680000000002	0.008033103248081428
1418.512	0.008042798038388067
1418.656	0.008049261231925828
1418.8	0.008053785467402258
1418.944	0.008055724425463586
1419.088	0.008088040393152383
1419.231	0.008124234276963838
1419.375	0.008128112193086495
1419.519	0.00813199010920915
1419.663	0.00813716066403936
1419.807	0.00814039226080824
1419.953	0.008146209134992222
1420.094	0.008159135522067741
1420.238	0.008170769270435708
1420.382	0.008180464060742347
1420.526	0.008194683086525417
1420.67	0.008211487389723594
1420.814	0.008236693844520856
1420.958	0.008257376063841686
1421.102	0.008265131896086998
1421.2450000000001	0.008276119325101191
1421.3890000000001	0.008289045712176708
1421.536	0.00829680154442202
1421.6770000000001	0.00830972793149754
1421.8200000000002	0.008343982857247665
1421.967	0.008385347295889328
1422.1090000000002	0.008385347295889328
1422.252	0.008385347295889328
1422.396	0.008385347295889328
1422.5420000000001	0.008385347295889328
1422.6860000000001	0.008385347295889328
1422.828	0.008385347295889328
1422.972	0.008385347295889328
1423.115	0.008385347295889328
1423.259	0.008385347295889328
1423.403	0.008364665076568497
1423.547	0.008355616605615634
1423.691	0.008334934386294802
1423.836	0.00830972793149754
1423.979	0.00829680154442202
1424.123	0.008289045712176708
1424.266	0.008276119325101191
1424.41	0.008265131896086998
1424.554	0.008257376063841686
1424.698	0.008236693844520856
1424.845	0.008211487389723594
1424.986	0.008196622044586745
1425.13	0.00818951253169521
1425.2740000000001	0.008180464060742347
1425.4180000000001	0.008170769270435708
1425.5620000000001	0.008155257605945085
1425.7060000000001	0.00814039226080824
1425.8500000000001	0.00813716066403936
1425.9930000000002	0.008133282747916703
1426.1380000000001	0.008129404831794047
1426.281	0.008128112193086495
1426.425	0.008124234276963838
1426.569	0.008106783654411887
1426.713	0.008086747754444833
1426.857	0.008071882409307986
1427.0	0.008057663383524913
1427.144	0.00805055387063338
1427.288	0.008047968593218276
1427.432	0.00804409067709562
1427.576	0.008040212760972963
1427.72	0.008038273802911635
1427.864	0.008032456928727654
1428.008	0.008015652625529477
1428.151	0.00800401887716151
1428.295	0.007990446170732215
1428.439	0.007972349228826487
1428.583	0.007967824993350055
1428.726	0.007967824993350055
1428.871	0.007965886035288727
1429.017	0.007965886035288727
1429.1580000000001	0.007965886035288727
1429.3020000000001	0.007965886035288727
1429.4460000000001	0.007965886035288727
1429.5900000000001	0.007965886035288727
1429.7340000000002	0.007965886035288727
1429.877	0.007965886035288727
1430.021	0.007965886035288727
1430.165	0.007965886035288727
1430.309	0.007965886035288727
1430.453	0.007965886035288727
1430.597	0.007965886035288727
1430.741	0.007965886035288727
1430.884	0.007965886035288727
1431.028	0.007965886035288727
1431.172	0.007965886035288727
1431.316	0.007965886035288727
1431.46	0.007965886035288727
1431.604	0.007965886035288727
1431.748	0.007965886035288727
1431.892	0.007965886035288727
1432.035	0.007965886035288727
1432.179	0.007965886035288727
1432.323	0.007965886035288727
1432.467	0.007965886035288727
1432.6100000000001	0.007965886035288727
1432.755	0.007965886035288727
1432.8990000000001	0.007965886035288727
1433.0420000000001	0.007965886035288727
1433.1860000000001	0.007965886035288727
1433.3300000000002	0.007965886035288727
1433.4740000000002	0.007965886035288727
1433.6180000000002	0.007965886035288727
1433.762	0.007965886035288727
1433.906	0.007965886035288727
1434.0510000000002	0.007965886035288727
1434.193	0.007965886035288727
1434.337	0.007965886035288727
1434.481	0.007965886035288727
1434.625	0.007965886035288727
1434.768	0.007965886035288727
1434.912	0.007965886035288727
1435.056	0.007965886035288727
1435.2	0.007965886035288727
1435.344	0.007965886035288727
1435.488	0.007965886035288727
1435.632	0.007965886035288727
1435.775	0.007965886035288727
1435.919	0.007965886035288727
1436.063	0.007965886035288727
1436.207	0.007965886035288727
1436.352	0.007965886035288727
1436.496	0.007965886035288727
1436.64	0.007965886035288727
1436.7820000000002	0.007965886035288727
1436.9260000000002	0.007965886035288727
1437.0700000000002	0.007965886035288727
1437.2140000000002	0.007965886035288727
1437.358	0.007965886035288727
1437.502	0.007965886035288727
1437.646	0.007965886035288727
1437.79	0.007965886035288727
1437.933	0.007965886035288727
1438.078	0.007965886035288727
1438.221	0.007965886035288727
1438.365	0.007965886035288727
1438.508	0.007965886035288727
1438.653	0.007965886035288727
1438.796	0.007965886035288727
1438.94	0.007965886035288727
1439.084	0.007965886035288727
1439.228	0.007965886035288727
1439.372	0.007965886035288727
1439.516	0.007965886035288727
1439.659	0.007965886035288727
1439.803	0.007965886035288727
1439.9470000000001	0.007965886035288727
1440.0910000000001	0.007965886035288727
1440.2350000000001	0.007965886035288727
1440.3790000000001	0.007965886035288727
1440.5230000000001	0.007965886035288727
1440.6670000000001	0.007965886035288727
1440.81	0.007965886035288727
1440.954	0.007965886035288727
1441.098	0.007965886035288727
1441.242	0.007965886035288727
1441.385	0.007965886035288727
1441.53	0.007965886035288727
1441.674	0.007965886035288727
1441.817	0.007965886035288727
1441.961	0.007965886035288727
1442.105	0.007965886035288727
1442.249	0.007965886035288727
1442.393	0.007965886035288727
1442.537	0.007965886035288727
1442.682	0.007965886035288727
1442.825	0.007965886035288727
1442.969	0.007965886035288727
1443.113	0.007965886035288727
1443.257	0.007965886035288727
1443.401	0.007965886035288727
1443.544	0.007965886035288727
1443.689	0.007965886035288727
1443.832	0.007965886035288727
1443.976	0.007965886035288727
1444.1200000000001	0.007965886035288727
1444.2640000000001	0.007965886035288727
1444.4080000000001	0.007965886035288727
1444.5510000000002	0.007965886035288727
1444.6960000000001	0.007965886035288727
1444.8390000000002	0.007965886035288727
1444.983	0.007965886035288727
1445.127	0.007939386941783913
1445.271	0.007939386941783913
1445.415	0.007910302570863996
1445.558	0.007904485696680012
1445.702	0.007902546738618683
1445.846	0.007883157158005406
1445.99	0.00786312125803835
1446.134	0.007857950703208143
1446.277	0.007846316954840175
1446.422	0.007827573693580673
1446.566	0.007814647306505152
1446.709	0.007799781961368305
1446.853	0.007773282867863491
1446.997	0.007756478564665316
1447.143	0.0077461374550049
1447.285	0.007731272109868054
1447.429	0.007712528848608551
1447.573	0.007700895100240584
1447.7160000000001	0.007683444477688633
1447.8600000000001	0.007658884342245147
1448.0040000000001	0.00764725059387718
1448.1490000000001	0.007642080039046971
1448.2920000000001	0.007636909484216765
1448.435	0.007632385248740332
1448.5810000000001	0.0076213978197261405
1448.723	0.0076091177520043966
1448.867	0.0075864965746222385
1449.011	0.0075490100521032315
1449.155	0.007531559429551281
1449.299	0.0075257425553672975
1449.443	0.007503121377985139
1449.586	0.00748373179737186
1449.73	0.007458525342574598
1449.874	0.007410697710395176
1450.019	0.007385491255597914
1450.162	0.007276909604163552
1450.306	0.007163157397898984
1450.45	0.007138597262455497
1450.593	0.007095293865752507
1450.737	0.0070681484528939175
1450.881	0.007002223878808769
1451.025	0.006936945624077397
1451.171	0.006933067707954741
1451.3120000000001	0.00691238548863391
1451.457	0.006889764311251751
1451.6000000000001	0.00687554528546868
1451.7440000000001	0.006864557856454489
1451.872	0.006863911537100714
1452.016	0.006852924108086522
1452.159	0.006810267030737309
1452.303	0.006768902592095647
1452.4470000000001	0.00674434245665216
1452.5910000000001	0.006729477111515313
1452.7350000000001	0.006669369411614149
1452.8790000000001	0.006607322753651657
1453.0230000000001	0.006602152198821449
1453.1670000000001	0.00657953102143929
1453.31	0.0065510929698731485
1453.454	0.006539459221505181
1453.598	0.006526532834429661
1453.742	0.006504557976401279
1453.886	0.0064922779086795356
1454.03	0.00647547360548136
1454.173	0.006451559789391649
1454.317	0.00642570701524061
1454.461	0.006403085837858452
1454.605	0.006390805770136709
1454.749	0.006364952995985671
1454.893	0.006312601128329818
1455.036	0.006262188218735293
1455.181	0.006228579612338943
1455.324	0.00620983635107944
1455.468	0.006202080518834129
1455.612	0.006176874064036866
1455.756	0.006151021289885828
1455.9	0.006136802264102756
1456.0430000000001	0.006116120044781926
1456.19	0.006076694564201592
1456.3310000000001	0.006041146999743913
1456.4750000000001	0.006030159570729722
1456.6190000000001	0.0060204647804230835
1456.7630000000001	0.005999136241748476
1456.9070000000002	0.005984917215965405
1457.0510000000002	0.005983624577257853
1457.1960000000001	0.005973283467597438
1457.3410000000001	0.0059500159708615035
1457.483	0.005935796945078432
1457.6290000000001	0.005932565348309552
1457.7720000000002	0.005926748474125569
1457.9170000000001	0.005920931599941585
1458.06	0.005908005212866066
1458.2050000000002	0.005892493548375443
1458.348	0.005882798758068804
1458.492	0.00587375028711594
1458.633	0.0058679334129319565
1458.777	0.005865994454870628
1458.921	0.0058640554968093
1459.065	0.005862116538747972
1459.208	0.005860177580686644
1459.352	0.005856945983917765
1459.496	0.005853714387148885
1459.64	0.005851775429087557
1459.784	0.005851129109733781
1459.9270000000001	0.005850482790380005
1460.073	0.005849190151672453
1460.2160000000001	0.005845958554903574
1460.3600000000001	0.0058433732774884695
1460.5040000000001	0.0058427269581346935
1460.6480000000001	0.005832385848474278
1460.7920000000001	0.0058194594613987585
1460.935	0.005814935225922327
1461.079	0.005811703629153447
1461.223	0.0058078257130307915
1461.367	0.005802655158200584
1461.511	0.005799423561431705
1461.655	0.0057968382840166005
1461.799	0.005789082451771289
1461.943	0.005779387661464649
1462.086	0.005775509745341994
1462.23	0.005771631829219338
1462.374	0.00576646127438913
1462.518	0.005761290719558922
1462.661	0.005755473845374939
1462.806	0.005753534887313611
1462.95	0.005747718013129627
1463.094	0.005738023222822988
1463.237	0.005732206348639005
1463.381	0.005723804197039916
1463.525	0.005716694684148382
1463.669	0.0057141094067332775
1463.813	0.005705060935780414
1463.957	0.0056901955906435665
1464.101	0.0056785618422755995
1464.2440000000001	0.005670806010030288
1464.3880000000001	0.0056669280939076324
1464.5320000000002	0.005661111219723649
1464.6760000000002	0.00564818483264813
1464.819	0.005630087890742402
1464.963	0.005618454142374435
1465.107	0.005615868864959331
1465.252	0.005613929906898003
1465.395	0.005609405671421572
1465.539	0.005604235116591364
1465.683	0.00560164983917626
1465.827	0.005597771923053604
1465.97	0.005590016090808293
1466.114	0.005580321300501653
1466.258	0.005573858106963894
1466.402	0.005570626510195014
1466.546	0.005562870677949703
1466.69	0.00555511484570439
1466.833	0.005552529568289287
1466.977	0.005549297971520407
1467.121	0.005545420055397751
1467.265	0.005540895819921319
1467.409	0.005533786307029784
1467.553	0.005528615752199576
1467.6970000000001	0.005527323113492024
1467.8410000000001	0.0055253841554306965
1467.9840000000002	0.005520859919954265
1468.1280000000002	0.005515689365124057
1468.2720000000002	0.005509872490940073
1468.4160000000002	0.005498885061925881
1468.56	0.0054904829103267945
1468.703	0.005488543952265466
1468.848	0.00548789763291169
1468.991	0.0054801418006663796
1469.135	0.005472385968421067
1469.279	0.005465922774883308
1469.423	0.005458813261991773
1469.567	0.005456227984576669
1469.71	0.005452996387807789
1469.854	0.005445240555562477
1469.998	0.005438777362024718
1470.142	0.00543683840396339
1470.286	0.005435545765255838
1470.43	0.005434899445902062
1470.574	0.005432314168486958
1470.718	0.005428436252364303
1470.861	0.005424558336241647
1471.005	0.005421326739472767
1471.1490000000001	0.0054187414620576625
1471.2930000000001	0.005416802503996335
1471.4370000000001	0.005414863545935007
1471.5810000000001	0.00541292458787368
1471.7250000000001	0.005410985629812352
1471.8690000000001	0.0054096929911048
1472.012	0.0054077540330434715
1472.156	0.005405815074982143
1472.3	0.005405168755628367
1472.444	0.005403229797567039
1472.587	0.005399998200798161
1472.732	0.005396120284675504
1472.875	0.005394181326614176
1473.019	0.005394181326614176
1473.163	0.005394181326614176
1473.307	0.0053935350072604
1473.451	0.005392888687906624
1473.594	0.005389010771783968
1473.739	0.005383840216953761
1473.882	0.005382547578246209
1474.026	0.005380608620184881
1474.17	0.005376730704062225
1474.316	0.0053734991072933455
1474.458	0.005371560149232018
1474.602	0.005370913829878242
1474.7450000000001	0.005367035913755586
1474.8890000000001	0.0053592800815102735
1475.0330000000001	0.005353463207326291
1475.1770000000001	0.005350231610557411
1475.3210000000001	0.0053482926524960825
1475.4650000000001	0.005347646333142307
1475.6090000000002	0.005344414736373427
1475.752	0.00533924418154322
1475.896	0.005335366265420563
1476.04	0.005333427307359235
1476.184	0.005333427307359235
1476.327	0.005330195710590355
1476.472	0.005325025155760148
1476.616	0.005317269323514838
1476.759	0.005311452449330853
1476.903	0.005305635575146869
1477.047	0.005298526062255334
1477.191	0.005297233423547782
1477.335	0.005293355507425126
1477.478	0.005284953355826039
1477.624	0.005279136481642055
1477.768	0.0052752585655194
1477.911	0.005268149052627864
1478.055	0.005268149052627864
1478.199	0.0052668564139203115
1478.343	0.005261685859090103
1478.486	0.005261685859090103
1478.631	0.0052552226655523445
1478.7740000000001	0.005247466833307034
1478.9180000000001	0.0052435889171843775
1479.0620000000001	0.005242942597830601
1479.2060000000001	0.005242942597830601
1479.3500000000001	0.005241003639769273
1479.4940000000001	0.005237772043000394
1479.637	0.005236479404292842
1479.781	0.005224845655924874
1479.925	0.005211919268849355
1480.069	0.005210626630141803
1480.213	0.005210626630141803
1480.357	0.005210626630141803
1480.501	0.005209980310788027
1480.644	0.005209980310788027
1480.788	0.005209980310788027
1480.932	0.005209980310788027
1481.0800000000002	0.005200285520481388
1481.22	0.005192529688236076
1481.363	0.005191237049528524
1481.508	0.005189944410820973
1481.652	0.005189944410820973
1481.795	0.005188651772113421
1481.939	0.005188651772113421
1482.083	0.005188005452759645
1482.227	0.005188005452759645
1482.3700000000001	0.005187359133405869
1482.515	0.005186066494698317
1482.6580000000001	0.0051841275366369885
1482.8020000000001	0.005182188578575661
1482.9460000000001	0.005178956981806781
1483.0900000000001	0.005176371704391678
1483.2340000000002	0.00517443274633035
1483.3780000000002	0.0051724937882690215
1483.521	0.005170554830207693
1483.665	0.005166676914085038
1483.809	0.005164091636669934
1483.953	0.005162152678608606
1484.097	0.005158921081839726
1484.241	0.005157628443132174
1484.385	0.005155689485070846
1484.528	0.005155689485070846
1484.673	0.005155689485070846
1484.816	0.005152457888301966
1484.96	0.0051485799721793105
1485.104	0.005144702056056655
1485.248	0.005142763097995327
1485.392	0.005142116778641551
1485.536	0.005140824139933999
1485.679	0.005139531501226448
1485.823	0.005138885181872672
1485.967	0.005136946223811344
1486.111	0.005135007265750016
1486.255	0.005134360946396239
1486.3990000000001	0.005133068307688688
1486.5420000000001	0.005129836710919808
1486.6860000000001	0.005127897752858481
1486.8300000000002	0.005127251433504704
1486.9740000000002	0.005126605114150928
1487.1180000000002	0.0051253124754433756
1487.261	0.005124019836735824
1487.406	0.005124019836735824
1487.55	0.005123373517382048
1487.693	0.005122727198028272
1487.837	0.005119495601259393
1487.981	0.005114971365782961
1488.125	0.0051130324077216325
1488.269	0.005111093449660304
1488.412	0.005109800810952753
1488.557	0.005109154491598977
1488.7	0.005108508172245201
1488.844	0.005107215533537649
1488.988	0.005105276575476322
1489.132	0.0051026912980612175
1489.276	0.005100752339999889
1489.42	0.005099459701292337
1489.563	0.005098167062584785
1489.707	0.005097520743231009
1489.851	0.005096874423877234
1489.9950000000001	0.005095581785169682
1490.1390000000001	0.0050917038690470266
1490.2830000000001	0.00508782595292437
1490.4270000000001	0.005085886994863042
1490.5700000000002	0.005083301717447939
1490.7150000000001	0.005081362759386611
1490.8600000000001	0.005080070120679059
1491.0030000000002	0.005075545885202627
1491.145	0.005072314288433748
1491.29	0.005071667969079971
1491.434	0.005069729011018643
1491.577	0.005067790052957316
1491.721	0.0050671437336035395
1491.865	0.005061973178773332
1492.009	0.005056802623943124
1492.153	0.005056802623943124
1492.299	0.005056156304589348
1492.44	0.00505421734652802
1492.584	0.005052924707820468
1492.728	0.005052924707820468
1492.872	0.005050985749759141
1493.016	0.005050985749759141
1493.16	0.005049046791697813
1493.303	0.005046461514282709
1493.448	0.005040644640098725
1493.5910000000001	0.005037413043329845
1493.7350000000001	0.005036120404622294
1493.8790000000001	0.005034181446560966
1494.0230000000001	0.00503353512720719
1494.1670000000001	0.00503353512720719
1494.3110000000001	0.005032242488499638
1494.454	0.0050303035304383095
1494.598	0.005028364572376982
1494.742	0.005026425614315654
1494.886	0.005023840336900551
1495.031	0.005021901378839223
1495.175	0.005018023462716566
1495.318	0.005012852907886359
1495.462	0.005006389714348599
1495.606	0.005000572840164615
1495.75	0.004998633882103288
1495.894	0.004992817007919304
1496.038	0.004987000133735321
1496.1860000000001	0.004977951662782457
1496.326	0.004969549511183369
1496.469	0.004967610553122042
1496.613	0.00496631791441449
1496.757	0.00496631791441449
1496.901	0.00496631791441449
1497.045	0.004964378956353162
1497.188	0.0049605010402305055
1497.333	0.004958562082169177
1497.477	0.004957269443461625
1497.6200000000001	0.00495339152733897
1497.7640000000001	0.0049488672918625385
1497.9080000000001	0.004945635695093658
1498.0520000000001	0.004943696737032331
1498.1960000000001	0.004943050417678555
1498.3390000000002	0.004935294585433243
1498.483	0.004924953475772828
1498.627	0.004922368198357724
1498.771	0.004920429240296396
1498.915	0.004916551324173741
1499.059	0.0049139660467586365
1499.203	0.004910088130635981
1499.346	0.004906210214513325
1499.49	0.004904271256451997
1499.634	0.004902978617744445
1499.778	0.0049010396596831166
1499.922	0.004898454382268013
1500.066	0.004896515424206686
1500.21	0.004894576466145358
1500.354	0.00489263750808403
1500.497	0.004887466953253821
1500.641	0.004882296398423615
1500.785	0.0048784184823009585
1500.929	0.004873894246824527
1501.0720000000001	0.004870662650055647
1501.217	0.00486872369199432
1501.362	0.0048667847339329915
1501.5040000000001	0.004860967859749008
1501.6480000000001	0.004854504666211248
1501.7920000000001	0.004851273069442368
1501.9360000000001	0.004844809875904609
1502.079	0.004839639321074401
1502.2240000000002	0.004837054043659297
1502.367	0.004834468766244194
1502.511	0.004833176127536642
1502.655	0.0048318834888290895
1502.799	0.004824127656583778
1502.943	0.004814432866277139
1503.087	0.004809262311446931
1503.23	0.004804091756616723
1503.374	0.004799567521140292
1503.518	0.0047950432856638595
1503.662	0.00479181168889498
1503.806	0.004790519050187428
1503.95	0.004781470579234564
1504.094	0.004770483150220373
1504.238	0.004767897872805269
1504.381	0.004763373637328839
1504.525	0.004756264124437302
1504.67	0.004750447250253319
1504.813	0.004744630376069335
1504.958	0.004741398779300455
1505.102	0.004740752459946679
1505.2450000000001	0.004740752459946679
1505.3880000000001	0.004740106140592903
1505.5320000000002	0.004738813501885351
1505.6760000000002	0.004736228224470247
1505.8200000000002	0.004736228224470247
1505.9640000000002	0.004736228224470247
1506.108	0.004736228224470247
1506.251	0.004736228224470247
1506.396	0.004736228224470247
1506.539	0.004732996627701368
1506.6860000000001	0.004732996627701368
1506.828	0.004730411350286264
1506.973	0.004728472392224936
1507.117	0.004726533434163608
1507.258	0.004720716559979624
1507.402	0.004709082811611657
1507.546	0.004697449063243689
1507.69	0.004692278508413482
1507.834	0.004688400592290826
1507.978	0.00468452267616817
1508.121	0.00468452267616817
1508.265	0.00468452267616817
1508.411	0.004679352121337962
1508.553	0.004679352121337962
1508.6970000000001	0.004674181566507754
1508.842	0.004674181566507754
1508.9850000000001	0.004674181566507754
1509.1290000000001	0.004674181566507754
1509.2720000000002	0.004672242608446427
1509.4160000000002	0.004668364692323771
1509.56	0.004668364692323771
1509.704	0.004668364692323771
1509.847	0.004668364692323771
1509.992	0.004668364692323771
1510.136	0.004672242608446427
1510.279	0.004672242608446427
1510.428	0.004674181566507754
1510.567	0.004679352121337962
1510.711	0.004679352121337962
1510.854	0.004679352121337962
1510.999	0.00468452267616817
1511.142	0.004685168995521946
1511.286	0.004689046911644602
1511.43	0.004696156424536137
1511.574	0.004701326979366345
1511.718	0.004709082811611657
1511.861	0.004720716559979624
1512.006	0.004720716559979624
1512.1490000000001	0.004720716559979624
1512.2930000000001	0.004720716559979624
1512.4370000000001	0.004720716559979624
1512.582	0.004720716559979624
1512.727	0.004720716559979624
1512.8690000000001	0.004720716559979624
1513.0140000000001	0.004720716559979624
1513.1570000000002	0.004720716559979624
1513.3010000000002	0.004720716559979624
1513.4450000000002	0.004720716559979624
1513.5910000000001	0.004720716559979624
1513.733	0.004720716559979624
1513.876	0.004720716559979624
1514.02	0.004709082811611657
1514.164	0.004701326979366345
1514.308	0.004696156424536137
1514.452	0.004689046911644602
1514.596	0.004685168995521946
1514.74	0.004679352121337962
1514.883	0.004674181566507754
1515.027	0.004672242608446427
1515.171	0.004668364692323771
1515.315	0.0046664257342624435
1515.459	0.004665779414908667
1515.603	0.004663194137493564
1515.747	0.004659962540724684
1515.891	0.004658669902017132
1516.034	0.004658669902017132
1516.179	0.0046534993471869235
1516.3220000000001	0.004645743514941613
1516.467	0.00464121927946518
1516.611	0.004639280321403853
1516.758	0.004635402405281198
1516.8980000000001	0.004635402405281198
1517.0410000000002	0.004635402405281198
1517.1860000000001	0.004635402405281198
1517.3300000000002	0.004635402405281198
1517.4740000000002	0.004635402405281198
1517.6180000000002	0.004639280321403853
1517.762	0.004639280321403853
1517.906	0.004639280321403853
1518.049	0.004639280321403853
1518.194	0.004639280321403853
1518.338	0.004639280321403853
1518.483	0.004635402405281198
1518.627	0.00463346344721987
1518.769	0.0046315244891585415
1518.914	0.0046315244891585415
1519.058	0.0046315244891585415
1519.201	0.0046315244891585415
1519.346	0.004630231850450989
1519.488	0.004630231850450989
1519.634	0.004630231850450989
1519.775	0.004630231850450989
1519.9180000000001	0.004630231850450989
1520.0620000000001	0.004630231850450989
1520.2060000000001	0.0046315244891585415
1520.3500000000001	0.0046315244891585415
1520.4940000000001	0.0046315244891585415
1520.637	0.0046315244891585415
1520.781	0.0046315244891585415
1520.925	0.0046315244891585415
1521.069	0.0046315244891585415
1521.213	0.0046315244891585415
1521.357	0.0046315244891585415
1521.5	0.004630231850450989
1521.645	0.004625061295620781
1521.788	0.004625061295620781
1521.932	0.004621183379498126
1522.076	0.004621183379498126
1522.22	0.004619890740790574
1522.364	0.004617951782729246
1522.507	0.004617951782729246
1522.652	0.00461407386660659
1522.795	0.0046082569924226074
1522.939	0.004605671715007503
1523.083	0.004603732756946175
1523.227	0.004601793798884847
1523.371	0.004600501160177295
1523.515	0.004599208521469743
1523.6580000000001	0.0045966232440546395
1523.8020000000001	0.004592745327931984
1523.9460000000001	0.004590806369870656
1524.0900000000001	0.00459016005051688
1524.2340000000002	0.004583050537625344
1524.377	0.004575941024733809
1524.5220000000002	0.004575941024733809
1524.6660000000002	0.004574648386026257
1524.809	0.004569477831196048
1524.953	0.004564953595719618
1525.097	0.004562368318304514
1525.241	0.004559136721535633
1525.385	0.004557844082828082
1525.529	0.004557197763474305
1525.672	0.00455331984735165
1525.816	0.0045500882505827706
1525.96	0.0045494419312289945
1526.107	0.004547502973167666
1526.251	0.004544271376398786
1526.392	0.004540393460276132
1526.535	0.004536515544153475
1526.679	0.004532637628030819
1526.823	0.00452940603126194
1526.967	0.0045261744344930605
1527.111	0.004522296518370404
1527.255	0.0045197112409553
1527.3990000000001	0.004519064921601524
1527.5420000000001	0.004517772282893972
1527.6860000000001	0.0045145406861250926
1527.8300000000002	0.004511955408709988
1527.9740000000002	0.004508077492587333
1528.1180000000002	0.004504845895818453
1528.261	0.004502906937757125
1528.406	0.0045009679796957965
1528.5520000000001	0.0044996753409882444
1528.692	0.004497736382926917
1528.837	0.004497090063573141
1528.981	0.004497090063573141
1529.125	0.004493858466804262
1529.269	0.004490626870035382
1529.413	0.0044899805506816055
1529.556	0.004485456315205173
1529.7	0.004479639441021191
1529.844	0.004473176247483431
1529.989	0.0044667130539456715
1530.133	0.004464127776530567
1530.276	0.004459603541054135
1530.421	0.0044544329862239275
1530.564	0.00444926243139372
1530.708	0.004445384515271064
1530.852	0.004444738195917288
1530.996	0.004442152918502185
1531.14	0.004438921321733305
1531.2830000000001	0.004436982363671977
1531.428	0.004436336044318201
1531.5710000000001	0.004431811808841769
1531.7150000000001	0.004427287573365337
1531.8590000000002	0.004427287573365337
1532.0030000000002	0.00442534861530401
1532.1470000000002	0.004423409657242682
1532.29	0.004422763337888906
1532.435	0.0044188854217662495
1532.578	0.004415007505643594
1532.722	0.004413068547582266
1532.866	0.004411775908874714
1533.01	0.004411129589520939
1533.154	0.004409190631459611
1533.297	0.0044078979927520585
1533.441	0.0044072516733982825
1533.585	0.004405312715336954
1533.729	0.004404020076629403
1533.873	0.004404020076629403
1534.017	0.004403373757275627
1534.161	0.004402727437921851
1534.304	0.004400788479860524
1534.448	0.0043969105637378676
1534.592	0.004392386328261435
1534.736	0.004387862092785004
1534.88	0.0043839841766623484
1535.0240000000001	0.00438204521860102
1535.1680000000001	0.004380106260539692
1535.3110000000001	0.004377520983124588
1535.4550000000002	0.0043736430670019335
1535.5990000000002	0.004367826192817949
1535.7430000000002	0.004365240915402846
1535.887	0.004363948276695294
1536.031	0.004362655637987742
1536.175	0.0043607166799264135
1536.318	0.00435813140251131
1536.462	0.00435813140251131
1536.606	0.004352314528327326
1536.75	0.004352314528327326
1536.894	0.004352314528327326
1537.038	0.004352314528327326
1537.182	0.004352314528327326
1537.325	0.004352314528327326
1537.469	0.004352314528327326
1537.613	0.004352314528327326
1537.757	0.004352314528327326
1537.901	0.004352314528327326
1538.045	0.004352314528327326
1538.188	0.004352314528327326
1538.332	0.004352314528327326
1538.476	0.004352314528327326
1538.6200000000001	0.004352314528327326
1538.7640000000001	0.004352314528327326
1538.9080000000001	0.004352314528327326
1539.0520000000001	0.004352314528327326
1539.1950000000002	0.004352314528327326
1539.3390000000002	0.004352314528327326
1539.483	0.004352314528327326
1539.627	0.004352314528327326
1539.771	0.004352314528327326
1539.915	0.004352314528327326
1540.059	0.004352314528327326
1540.203	0.004352314528327326
1540.346	0.004352314528327326
1540.49	0.004352314528327326
1540.634	0.004352314528327326
1540.778	0.00435813140251131
1540.922	0.00435813140251131
1541.068	0.00435813140251131
1541.209	0.00435813140251131
1541.353	0.00435813140251131
1541.497	0.00435813140251131
1541.641	0.00435813140251131
1541.785	0.00435813140251131
1541.928	0.00435813140251131
1542.0720000000001	0.00435813140251131
1542.2160000000001	0.00435813140251131
1542.3600000000001	0.0043607166799264135
1542.5040000000001	0.004363948276695294
1542.6480000000001	0.004363948276695294
1542.7920000000001	0.004363948276695294
1542.935	0.004365240915402846
1543.0810000000001	0.004367826192817949
1543.223	0.0043736430670019335
1543.367	0.004377520983124588
1543.511	0.004380106260539692
1543.656	0.0043839841766623484
1543.799	0.004390447370200107
1543.942	0.0043969105637378676
1544.087	0.004400788479860524
1544.23	0.004402727437921851
1544.375	0.004402727437921851
1544.519	0.004402727437921851
1544.662	0.004402727437921851
1544.806	0.004403373757275627
1544.949	0.004403373757275627
1545.094	0.004404020076629403
1545.237	0.004404020076629403
1545.382	0.00440595903469073
1545.526	0.0044078979927520585
1545.67	0.004409836950813387
1545.814	0.004409836950813387
1545.9560000000001	0.004409836950813387
1546.102	0.004409836950813387
1546.2440000000001	0.004411775908874714
1546.3890000000001	0.004411775908874714
1546.534	0.004413068547582266
1546.6760000000002	0.004415007505643594
1546.8200000000002	0.004415007505643594
1546.963	0.004415007505643594
1547.107	0.004415007505643594
1547.251	0.004419531741120026
1547.395	0.004423409657242682
1547.54	0.00442534861530401
1547.684	0.004427287573365337
1547.828	0.004432458128195545
1547.971	0.004440860279794633
1548.115	0.004444738195917288
1548.259	0.004445384515271064
1548.403	0.004448616112039944
1548.547	0.004453786666870152
1548.691	0.004457664582992807
1548.835	0.004464127776530567
1548.978	0.004473176247483431
1549.122	0.004483517357143846
1549.266	0.0044899805506816055
1549.41	0.0044899805506816055
1549.554	0.0044899805506816055
1549.698	0.004495797424865589
1549.842	0.004506138534526005
1549.9850000000001	0.004506138534526005
1550.1290000000001	0.004515833324832644
1550.2730000000001	0.004522296518370404
1550.4170000000001	0.004522296518370404
1550.5610000000001	0.0045261744344930605
1550.7050000000002	0.004531344989323267
1550.8490000000002	0.0045384545022148035
1550.992	0.004544271376398786
1551.136	0.004547502973167666
1551.28	0.0045494419312289945
1551.424	0.00455331984735165
1551.568	0.004556551444120529
1551.712	0.004557197763474305
1551.857	0.0045610756795969615
1551.999	0.004570124150549825
1552.143	0.004575941024733809
1552.287	0.004575941024733809
1552.431	0.004583050537625344
1552.575	0.004583050537625344
1552.719	0.004590806369870656
1552.863	0.0045953306053470875
1553.006	0.004600501160177295
1553.15	0.004603732756946175
1553.298	0.004611488589191487
1553.438	0.004615366505314142
1553.582	0.004615366505314142
1553.726	0.004615366505314142
1553.8700000000001	0.00461730546337547
1554.0140000000001	0.00461730546337547
1554.1570000000002	0.004617951782729246
1554.3010000000002	0.004617951782729246
1554.4450000000002	0.0046185981020830215
1554.5890000000002	0.004617951782729246
1554.733	0.004617951782729246
1554.8780000000002	0.004617951782729246
1555.02	0.004617951782729246
1555.164	0.004617951782729246
1555.308	0.004617951782729246
1555.452	0.00461730546337547
1555.596	0.00461730546337547
1555.74	0.00461730546337547
1555.883	0.00461730546337547
1556.027	0.004617951782729246
1556.172	0.004617951782729246
1556.315	0.00461730546337547
1556.459	0.00461730546337547
1556.603	0.00461730546337547
1556.747	0.00461730546337547
1556.89	0.004617951782729246
1557.034	0.00461730546337547
1557.178	0.00461730546337547
1557.3220000000001	0.004617951782729246
1557.4660000000001	0.0046185981020830215
1557.6100000000001	0.004621183379498126
1557.7540000000001	0.004625707614974558
1557.8970000000002	0.004628292892389661
1558.0410000000002	0.004630231850450989
1558.185	0.004630231850450989
1558.329	0.004628292892389661
1558.473	0.004625707614974558
1558.617	0.004625707614974558
1558.761	0.004625707614974558
1558.905	0.004621183379498126
1559.048	0.004621183379498126
1559.192	0.004621183379498126
1559.336	0.004625707614974558
1559.48	0.004628292892389661
1559.624	0.004630231850450989
1559.767	0.004634109766573646
1559.912	0.004634109766573646
1560.056	0.004636048724634973
1560.199	0.004637987682696301
1560.344	0.0046418655988189565
1560.487	0.004637987682696301
1560.631	0.004637987682696301
1560.775	0.004637987682696301
1560.9180000000001	0.004637987682696301
1561.0620000000001	0.004637987682696301
1561.2060000000001	0.004637987682696301
1561.3500000000001	0.004636048724634973
1561.4940000000001	0.004636048724634973
1561.6380000000001	0.004636048724634973
1561.7830000000001	0.004636048724634973
1561.9260000000002	0.004636048724634973
1562.069	0.004636048724634973
1562.213	0.004636048724634973
1562.357	0.004636048724634973
1562.5	0.004636048724634973
1562.645	0.004636048724634973
1562.789	0.004636048724634973
1562.932	0.004636048724634973
1563.076	0.004636048724634973
1563.22	0.004636048724634973
1563.364	0.004636048724634973
1563.507	0.004636048724634973
1563.652	0.004636048724634973
1563.795	0.004636048724634973
1563.939	0.004636048724634973
1564.083	0.004636048724634973
1564.227	0.004636048724634973
1564.371	0.004637987682696301
1564.515	0.0046418655988189565
1564.661	0.004645743514941613
1564.803	0.00465091406977182
1564.9470000000001	0.004656730943955804
1565.0910000000001	0.004659962540724684
1565.2350000000001	0.004661901498786012
1565.3790000000001	0.004663840456847339
1565.5220000000002	0.004667718372969995
1565.6670000000001	0.004670303650385099
1565.814	0.004671596289092651
1565.9550000000002	0.004673535247153979
1566.098	0.004674181566507754
1566.242	0.004675474205215306
1566.386	0.0046774131632766345
1566.529	0.004679352121337963
1566.674	0.004682583718106842
1566.818	0.004685168995521946
1566.961	0.004687107953583274
1567.105	0.0046884005922908254
1567.249	0.0046884005922908254
1567.393	0.0046884005922908254
1567.537	0.0046884005922908254
1567.681	0.004690339550352154
1567.824	0.004690339550352154
1567.968	0.004690339550352154
1568.112	0.004690339550352154
1568.256	0.004690339550352154
1568.4	0.004690339550352154
1568.544	0.004690339550352154
1568.688	0.004692278508413482
1568.8310000000001	0.004692924827767258
1568.9750000000001	0.004694863785828585
1569.1190000000001	0.004700034340658793
1569.2630000000001	0.004703912256781449
1569.4070000000002	0.004705204895489001
1569.5510000000002	0.004706497534196553
1569.694	0.00470843649225788
1569.838	0.004710375450319208
1569.982	0.004710375450319208
1570.126	0.004711021769672984
1570.27	0.0047136070470880885
1570.414	0.004719423921272073
1570.558	0.004723301837394728
1570.701	0.004723301837394728
1570.845	0.004732350308347592
1570.989	0.004745276695423111
1571.136	0.004752386208314646
1571.277	0.004757556763144854
1571.421	0.004765312595390166
1571.565	0.004774361066343029
1571.708	0.004780177940527012
1571.852	0.004785994814710997
1571.996	0.004791165369541204
1572.14	0.004809908630800707
1572.285	0.004830590850121538
1572.428	0.004838346682366849
1572.5710000000001	0.004842224598489505
1572.7150000000001	0.004849980430734816
1572.8590000000002	0.004860967859749007
1573.0030000000002	0.004864199456517887
1573.1470000000002	0.004864845775871663
1573.2910000000002	0.0048667847339329915
1573.435	0.0048667847339329915
1573.578	0.00486872369199432
1573.7240000000002	0.00486872369199432
1573.866	0.00486872369199432
1574.01	0.004870662650055647
1574.154	0.004870662650055647
1574.299	0.004874540566178303
1574.442	0.004874540566178303
1574.586	0.004874540566178303
1574.729	0.004874540566178303
1574.873	0.004874540566178303
1575.017	0.004874540566178303
1575.161	0.0048784184823009585
1575.305	0.004882296398423615
1575.448	0.0048900522306689264
1575.593	0.004895222785499134
1575.736	0.004900393340329341
1575.88	0.004900393340329341
1576.0240000000001	0.004900393340329341
1576.1680000000001	0.004900393340329341
1576.3110000000001	0.004911380769343532
1576.4560000000001	0.0049230145177115
1576.5990000000002	0.004930770349956812
1576.7430000000002	0.00493270930801814
1576.887	0.004934001946725691
1577.031	0.004934001946725691
1577.175	0.004935294585433243
1577.319	0.004935294585433243
1577.463	0.0049372335434945715
1577.607	0.0049372335434945715
1577.75	0.004939172501555899
1577.894	0.004939172501555899
1578.038	0.004939172501555899
1578.181	0.004943050417678554
1578.326	0.004947574653154986
1578.47	0.004947574653154986
1578.613	0.004947574653154986
1578.757	0.004947574653154986
1578.901	0.004947574653154986
1579.045	0.004947574653154986
1579.188	0.004947574653154986
1579.333	0.004947574653154986
1579.477	0.004947574653154986
1579.6200000000001	0.004947574653154986
1579.7640000000001	0.004947574653154986
1579.9080000000001	0.004947574653154986
1580.0520000000001	0.004947574653154986
1580.1960000000001	0.004947574653154986
1580.3400000000001	0.004947574653154986
1580.483	0.004947574653154986
1580.627	0.004950159930570091
1580.771	0.004950159930570091
1580.915	0.004953391527338971
1581.059	0.004955330485400298
1581.203	0.004955976804754074
1581.347	0.0049605010402305055
1581.49	0.0049605010402305055
1581.635	0.004965671595060714
1581.778	0.004967610553122042
1581.922	0.0049708421498909205
1582.069	0.0049708421498909205
1582.213	0.004974720066013577
1582.357	0.004977305343428681
1582.502	0.004981183259551337
1582.646	0.0049850611756739925
1582.79	0.004988939091796648
1582.935	0.004992170688565528
1583.076	0.004994109646626856
1583.22	0.0049966949240419604
1583.361	0.004997341243395736
1583.505	0.004999280201457063
1583.6490000000001	0.005002511798225943
1583.7930000000001	0.005005097075641047
1583.9370000000001	0.005006389714348599
1584.0810000000001	0.005007036033702375
1584.2240000000002	0.005007036033702375
1584.3690000000001	0.005007682353056151
1584.512	0.005007682353056151
1584.656	0.0050096213111174796
1584.8	0.005011560269178807
1584.944	0.005012852907886359
1585.088	0.005012852907886359
1585.231	0.005012852907886359
1585.375	0.005012852907886359
1585.519	0.005012852907886359
1585.663	0.005012852907886359
1585.807	0.005012852907886359
1585.951	0.005012852907886359
1586.097	0.005012852907886359
1586.239	0.005012852907886359
1586.382	0.005012852907886359
1586.526	0.005012852907886359
1586.67	0.005012852907886359
1586.814	0.005012852907886359
1586.958	0.005012852907886359
1587.101	0.005012852907886359
1587.246	0.005012852907886359
1587.3890000000001	0.005012852907886359
1587.5330000000001	0.005012852907886359
1587.6770000000001	0.005011560269178807
1587.8210000000001	0.0050096213111174796
1587.9640000000002	0.005007682353056151
1588.1090000000002	0.005007682353056151
1588.2530000000002	0.005007036033702375
1588.3970000000002	0.005005097075641047
1588.5410000000002	0.005002511798225943
1588.684	0.004999280201457063
1588.828	0.004997341243395736
1588.971	0.004997341243395736
1589.116	0.004997341243395736
1589.259	0.004994755965980632
1589.403	0.004992170688565528
1589.547	0.004988939091796648
1589.691	0.0049850611756739925
1589.835	0.004981183259551337
1589.979	0.004975366385367353
1590.123	0.0049708421498909205
1590.266	0.004967610553122042
1590.41	0.004965671595060714
1590.554	0.004963732636999386
1590.698	0.004961147359584282
1590.8410000000001	0.0049592084015229534
1590.986	0.0049592084015229534
1591.1290000000001	0.004957269443461625
1591.2730000000001	0.004955976804754074
1591.4170000000001	0.004955330485400298
1591.5610000000001	0.004953391527338971
1591.7050000000002	0.004952098888631419
1591.851	0.004952098888631419
1591.9930000000002	0.004950159930570091
1592.136	0.004947574653154986
1592.28	0.004943696737032331
1592.424	0.004939818820909676
1592.568	0.004939172501555899
1592.712	0.004939172501555899
1592.856	0.0049372335434945715
1593.0	0.0049372335434945715
1593.143	0.0049372335434945715
1593.287	0.004935294585433243
1593.431	0.004935294585433243
1593.575	0.004934001946725691
1593.719	0.00493270930801814
1593.863	0.00493270930801814
1594.006	0.00493270930801814
1594.15	0.00493270930801814
1594.294	0.00493270930801814
1594.438	0.00493270930801814
1594.582	0.00493270930801814
1594.726	0.00493270930801814
1594.8700000000001	0.00493270930801814
1595.0130000000001	0.00493270930801814
1595.1570000000002	0.00493270930801814
1595.3010000000002	0.00493270930801814
1595.4450000000002	0.00493270930801814
1595.5890000000002	0.00493270930801814
1595.733	0.00493270930801814
1595.877	0.00493270930801814
1596.02	0.00493270930801814
1596.164	0.00493270930801814
1596.308	0.00493270930801814
1596.452	0.004930770349956812
1596.596	0.004928831391895484
1596.74	0.004928831391895484
1596.883	0.004926892433834156
1597.027	0.00492624611448038
1597.171	0.004921721879003948
1597.315	0.004921721879003948
1597.459	0.004921721879003948
1597.603	0.004921721879003948
1597.746	0.004921721879003948
1597.891	0.004921721879003948
1598.034	0.004921721879003948
1598.178	0.004921721879003948
1598.3220000000001	0.004921721879003948
1598.4660000000001	0.004921721879003948
1598.6100000000001	0.004921721879003948
1598.7530000000002	0.00492624611448038
1598.8980000000001	0.004928185072541708
1599.0410000000002	0.004928185072541708
1599.185	0.004928185072541708
1599.329	0.004928185072541708
1599.473	0.004928185072541708
1599.616	0.004928185072541708
1599.761	0.004930770349956812
1599.905	0.00493270930801814
1600.049	0.004934001946725691
1600.193	0.004935294585433243
1600.337	0.004935294585433243
1600.481	0.0049372335434945715
1600.624	0.0049372335434945715
1600.771	0.0049372335434945715
1600.912	0.004939172501555899
1601.056	0.004939172501555899
1601.2	0.004939172501555899
1601.344	0.004939172501555899
1601.487	0.004939172501555899
1601.632	0.004939818820909676
1601.775	0.004940465140263452
1601.92	0.00494240409832478
1602.063	0.004945635695093658
1602.208	0.00494692833380121
1602.352	0.004947574653154986
1602.4940000000001	0.004950159930570091
1602.6390000000001	0.004952098888631419
1602.7820000000002	0.004952098888631419
1602.9260000000002	0.004953391527338971
1603.0700000000002	0.004955330485400298
1603.2140000000002	0.004955330485400298
1603.358	0.004955976804754074
1603.502	0.004957269443461625
1603.646	0.004957269443461625
1603.789	0.0049592084015229534
1603.933	0.004961147359584282
1604.077	0.004961147359584282
1604.221	0.004962439998291834
1604.365	0.004965671595060714
1604.509	0.004969549511183369
1604.653	0.0049714884692446965
1604.796	0.0049714884692446965
1604.94	0.004973427427306025
1605.084	0.004976012704721129
1605.228	0.004979244301490009
1605.372	0.004982475898258889
1605.516	0.0049850611756739925
1605.66	0.004987646453089096
1605.803	0.004987646453089096
1605.9470000000001	0.004987646453089096
1606.0910000000001	0.004987646453089096
1606.2350000000001	0.004987646453089096
1606.3790000000001	0.004987646453089096
1606.5230000000001	0.004987646453089096
1606.6660000000002	0.004989585411150424
1606.81	0.004989585411150424
1606.954	0.004989585411150424
1607.098	0.004989585411150424
1607.242	0.004989585411150424
1607.386	0.004990878049857976
1607.53	0.004990878049857976
1607.673	0.004992170688565528
1607.817	0.004992170688565528
1607.961	0.004992817007919304
1608.104	0.004992817007919304
1608.249	0.004992817007919304
1608.393	0.004992817007919304
1608.536	0.004992817007919304
1608.68	0.004995402285334408
1608.824	0.004995402285334408
1608.968	0.004997341243395736
1609.112	0.004997341243395736
1609.256	0.004997341243395736
1609.4	0.004997341243395736
1609.5430000000001	0.004997341243395736
1609.6870000000001	0.004997341243395736
1609.833	0.004997341243395736
1609.9750000000001	0.004997341243395736
1610.1190000000001	0.004997341243395736
1610.2630000000001	0.004997341243395736
1610.406	0.004997341243395736
1610.55	0.004997341243395736
1610.694	0.004999280201457063
1610.838	0.005003804436933495
1610.982	0.005006389714348599
1611.126	0.005007036033702375
1611.27	0.005007682353056151
1611.413	0.005007682353056151
1611.557	0.0050096213111174796
1611.701	0.005011560269178807
1611.845	0.005011560269178807
1611.989	0.005012852907886359
1612.133	0.005014145546593911
1612.276	0.005014791865947687
1612.421	0.005015438185301463
1612.564	0.005018669782070342
1612.708	0.005018669782070342
1612.852	0.005018669782070342
1612.996	0.005018669782070342
1613.14	0.005018669782070342
1613.2830000000001	0.005018669782070342
1613.428	0.005018669782070342
1613.5710000000001	0.005018669782070342
1613.7150000000001	0.005021901378839223
1613.8590000000002	0.005022547698192999
1614.0030000000002	0.005022547698192999
1614.146	0.005024486656254326
1614.2910000000002	0.005024486656254326
1614.435	0.005024486656254326
1614.578	0.005027718253023206
1614.722	0.005029657211084534
1614.8700000000001	0.0050303035304383095
1615.0130000000001	0.005032242488499638
1615.153	0.005032242488499638
1615.298	0.0050303035304383095
1615.444	0.005029657211084534
1615.5890000000002	0.005027718253023206
1615.73	0.005027718253023206
1615.876	0.005027718253023206
1616.016	0.005027718253023206
1616.1660000000002	0.005024486656254326
1616.304	0.005022547698192999
1616.448	0.005022547698192999
1616.592	0.005022547698192999
1616.736	0.005022547698192999
1616.88	0.005022547698192999
1617.0240000000001	0.005022547698192999
1617.1680000000001	0.005022547698192999
1617.3120000000001	0.005022547698192999
1617.4560000000001	0.005022547698192999
1617.6000000000001	0.005022547698192999
1617.7440000000001	0.005022547698192999
1617.8880000000001	0.005021901378839223
1618.0320000000002	0.005021901378839223
1618.1760000000002	0.005021901378839223
1618.319	0.005021901378839223
1618.463	0.005021901378839223
1618.607	0.005021901378839223
1618.751	0.005021901378839223
1618.896	0.005021901378839223
1619.039	0.005023840336900551
1619.183	0.005021901378839223
1619.326	0.005021901378839223
1619.47	0.005021901378839223
1619.614	0.005021901378839223
1619.758	0.005021901378839223
1619.902	0.005021901378839223
1620.046	0.005021901378839223
1620.189	0.005023840336900551
1620.333	0.005023840336900551
1620.477	0.005023840336900551
1620.621	0.005023840336900551
1620.765	0.005023840336900551
1620.909	0.005025779294961878
1621.053	0.005025779294961878
1621.1960000000001	0.005025779294961878
1621.3410000000001	0.005025779294961878
1621.4840000000002	0.005025779294961878
1621.6280000000002	0.005025779294961878
1621.7720000000002	0.005025779294961878
1621.9160000000002	0.005025779294961878
1622.059	0.005025779294961878
1622.203	0.005025779294961878
1622.347	0.005027718253023206
1622.492	0.005027718253023206
1622.635	0.005027718253023206
1622.779	0.005029657211084534
1622.923	0.005029657211084534
1623.066	0.005029657211084534
1623.211	0.0050303035304383095
1623.354	0.005032242488499638
1623.498	0.005032242488499638
1623.642	0.00503353512720719
1623.789	0.005036120404622294
1623.93	0.005039998320744949
1624.074	0.005041290959452501
1624.219	0.005043229917513829
1624.361	0.005046461514282709
1624.505	0.005048400472344037
1624.6490000000001	0.005049046791697813
1624.7930000000001	0.005049046791697813
1624.9360000000001	0.005050339430405365
1625.0810000000001	0.005051632069112916
1625.2240000000002	0.005053571027174244
1625.3680000000002	0.005056156304589348
1625.512	0.00506068054006578
1625.656	0.005064558456188435
1625.8	0.005064558456188435
1625.944	0.005064558456188435
1626.088	0.005064558456188435
1626.231	0.0050658510948959875
1626.375	0.0050671437336035395
1626.519	0.005067790052957316
1626.663	0.00507037533037242
1626.807	0.005075545885202627
1626.951	0.005080070120679059
1627.095	0.005081362759386611
1627.239	0.005083948036801714
1627.382	0.00508782595292437
1627.526	0.0050910575496932505
1627.67	0.005095581785169681
1627.814	0.005098167062584785
1627.96	0.005099459701292337
1628.102	0.0051013986593536655
1628.246	0.0051020449787074415
1628.39	0.0051020449787074415
1628.534	0.0051020449787074415
1628.6770000000001	0.005107215533537649
1628.8210000000001	0.0051123860883678564
1628.9640000000002	0.0051123860883678564
1629.1090000000002	0.005115617685136737
1629.2540000000001	0.005118849281905617
1629.3970000000002	0.005119495601259393
1629.54	0.00512143455932072
1629.685	0.005122727198028272
1629.829	0.0051246661560895995
1629.971	0.005126605114150928
1630.115	0.005128544072212256
1630.259	0.00513112934962736
1630.403	0.005131775668981136
1630.547	0.005131775668981136
1630.691	0.005133068307688688
1630.835	0.005134360946396239
1630.978	0.005134360946396239
1631.125	0.005135007265750016
1631.266	0.005139531501226448
1631.41	0.005143409417349103
1631.554	0.005143409417349103
1631.698	0.005143409417349103
1631.842	0.005145348375410431
1631.9850000000001	0.005149226291533087
1632.1290000000001	0.005152457888301966
1632.2730000000001	0.00515504316571707
1632.4170000000001	0.005156335804424622
1632.5610000000001	0.005156335804424622
1632.7050000000002	0.005156335804424622
1632.8490000000002	0.005156335804424622
1632.992	0.005156335804424622
1633.136	0.005156335804424622
1633.28	0.005156335804424622
1633.424	0.005156335804424622
1633.568	0.005156335804424622
1633.712	0.005156335804424622
1633.856	0.005156982123778398
1633.999	0.005159567401193502
1634.143	0.005159567401193502
1634.287	0.005159567401193502
1634.431	0.0051627989979623826
1634.575	0.005164737956023709
1634.719	0.005165384275377485
1634.863	0.005168615872146365
1635.008	0.005168615872146365
1635.151	0.005168615872146365
1635.295	0.005168615872146365
1635.439	0.0051724937882690215
1635.583	0.005178956981806781
1635.727	0.005186712814052093
1635.871	0.005199639201127612
1636.015	0.005212565588203131
1636.1580000000001	0.005216443504325787
1636.3020000000001	0.005218382462387114
1636.4460000000001	0.00522549197527865
1636.5900000000001	0.005232601488170186
1636.7340000000002	0.005240357320415497
1636.8780000000002	0.0052552226655523445
1637.0230000000001	0.005262978497797655
1637.165	0.0052668564139203115
1637.309	0.00527202696875052
1637.453	0.005273965926811847
1637.597	0.0052771975235807265
1637.741	0.005284307036472263
1637.885	0.00529270918807135
1638.028	0.005298526062255334
1638.172	0.005300465020316661
1638.316	0.005303050297731765
1638.46	0.005307574533208197
1638.604	0.005310159810623301
1638.748	0.005310806129977077
1638.892	0.005312745088038405
1639.035	0.00531662300416106
1639.179	0.005319208281576164
1639.323	0.005330195710590355
1639.467	0.005346353694434754
1639.611	0.005351524249264963
1639.755	0.005354109526680067
1639.8990000000001	0.00535669480409517
1640.0420000000001	0.00535669480409517
1640.1860000000001	0.00535669480409517
1640.3300000000002	0.0053586337621564974
1640.4740000000002	0.005365743275048034
1640.6180000000002	0.005373499107293346
1640.762	0.005378023342769777
1640.905	0.005379962300831105
1641.049	0.005379962300831105
1641.193	0.005382547578246209
1641.337	0.00539676660402928
1641.481	0.005410339310458576
1641.625	0.00543683840396339
1641.769	0.005466569094237084
1641.913	0.0054801418006663796
1642.056	0.005496946103864554
1642.2	0.00550728721352497
1642.344	0.005518920961892937
1642.488	0.005529262071553352
1642.632	0.005533139987676008
1642.776	0.005557053803765718
1642.92	0.005579674981147878
1643.063	0.005593247687577173
1643.207	0.005610051990775348
1643.352	0.005618454142374435
1643.496	0.00564818483264813
1643.64	0.005676622884214272
1643.7830000000001	0.0057044146164266386
1643.9270000000001	0.005730913709931453
1644.0700000000002	0.0057367305841154355
1644.2140000000002	0.005747718013129627
1644.358	0.005762583358266474
1644.502	0.005775509745341993
1644.645	0.005823337377521415
1644.79	0.0058672870935781805
1644.933	0.005875689245177268
1645.077	0.005895725145144323
1645.221	0.00594096749990864
1645.365	0.005989441451441837
1645.509	0.006012062628823995
1645.652	0.0060430859578052415
1645.797	0.006105132615767735
1645.94	0.006245383915537118
1646.086	0.006370769870169653
1646.228	0.00641148798945754
1646.372	0.0064308775700708184
1646.516	0.006435401805547251
1646.659	0.006443803957146338
1646.804	0.006450913470037874
1646.948	0.006455437705514305
1647.0910000000001	0.006468364092589825
1647.2350000000001	0.006494216866740863
1647.3790000000001	0.006511021169939037
1647.5230000000001	0.006511667489292813
1647.6660000000002	0.006522654918307006
1647.81	0.006540751860212733
1647.954	0.006558202482764683
1648.098	0.00656983623113265
1648.242	0.006577592063377962
1648.386	0.0065853478956232735
1648.53	0.006590518450453481
1648.673	0.0065956890052836885
1648.818	0.006597627963345016
1648.961	0.006601505879467673
1649.105	0.006607322753651657
1649.249	0.006629297611680039
1649.393	0.006657735663246182
1649.537	0.006670015730967925
1649.68	0.0066790642019207876
1649.825	0.006688112672873652
1649.968	0.006695222185765187
1650.112	0.006699100101887843
1650.256	0.006701685379302947
1650.4	0.0067159044050860185
1650.544	0.0067159044050860185
1650.6870000000001	0.0067159044050860185
1650.8310000000001	0.0067159044050860185
1650.9750000000001	0.0067159044050860185
1651.1190000000001	0.0067159044050860185
1651.2630000000001	0.0067159044050860185
1651.4070000000002	0.0067159044050860185
1651.5510000000002	0.0067159044050860185
1651.694	0.0067159044050860185
1651.838	0.0067159044050860185
1651.982	0.0067159044050860185
1652.126	0.0067159044050860185
1652.27	0.0067159044050860185
1652.415	0.0067159044050860185
1652.559	0.0067159044050860185
1652.703	0.0067159044050860185
1652.846	0.0067159044050860185
1652.99	0.0067159044050860185
1653.134	0.0067159044050860185
1653.278	0.0067159044050860185
1653.422	0.0067159044050860185
1653.566	0.0067159044050860185
1653.709	0.0067159044050860185
1653.853	0.0067159044050860185
1653.997	0.0067159044050860185
1654.141	0.0067159044050860185
1654.285	0.0067159044050860185
1654.429	0.0067159044050860185
1654.573	0.0067159044050860185
1654.7160000000001	0.0067159044050860185
1654.8600000000001	0.0067159044050860185
1655.006	0.0067159044050860185
1655.1480000000001	0.0067159044050860185
1655.2920000000001	0.0067159044050860185
1655.4360000000001	0.0067159044050860185
1655.5800000000002	0.0067159044050860185
1655.723	0.0067159044050860185
1655.867	0.0067159044050860185
1656.011	0.0067159044050860185
1656.155	0.0067159044050860185
1656.298	0.0067159044050860185
1656.443	0.0067159044050860185
1656.586	0.0067159044050860185
1656.731	0.0067159044050860185
1656.875	0.0067159044050860185
1657.019	0.0067159044050860185
1657.163	0.0067159044050860185
1657.306	0.0067159044050860185
1657.45	0.0067159044050860185
1657.594	0.0067159044050860185
1657.737	0.0067159044050860185
1657.881	0.0067159044050860185
1658.025	0.0067159044050860185
1658.169	0.0067159044050860185
1658.313	0.0067159044050860185
1658.457	0.0067159044050860185
1658.601	0.0067159044050860185
1658.7440000000001	0.0067159044050860185
1658.8880000000001	0.0067159044050860185
1659.0320000000002	0.0067159044050860185
1659.1760000000002	0.0067159044050860185
1659.319	0.0067159044050860185
1659.4640000000002	0.0067159044050860185
1659.608	0.0067159044050860185
1659.751	0.0067159044050860185
1659.895	0.0067159044050860185
1660.039	0.0067159044050860185
1660.183	0.0067159044050860185
1660.326	0.0067159044050860185
1660.471	0.0067159044050860185
1660.614	0.0067159044050860185
1660.758	0.0067159044050860185
1660.902	0.0067159044050860185
1661.046	0.0067159044050860185
1661.191	0.0067159044050860185
1661.333	0.0067159044050860185
1661.478	0.0067159044050860185
1661.622	0.0067159044050860185
1661.765	0.0067159044050860185
1661.909	0.0067159044050860185
1662.053	0.0067159044050860185
1662.1970000000001	0.0067159044050860185
1662.3400000000001	0.0067159044050860185
1662.4840000000002	0.0067159044050860185
1662.63	0.0067159044050860185
1662.7740000000001	0.0067159044050860185
1662.9160000000002	0.0067159044050860185
1663.06	0.0067159044050860185
1663.204	0.0067159044050860185
1663.347	0.0067159044050860185
1663.491	0.0067159044050860185
1663.635	0.0067159044050860185
1663.779	0.0067159044050860185
1663.923	0.0067159044050860185
1664.068	0.0067159044050860185
1664.211	0.0067159044050860185
1664.354	0.0067159044050860185
1664.498	0.0067159044050860185
1664.642	0.0067159044050860185
1664.786	0.0067159044050860185
1664.931	0.0067159044050860185
1665.074	0.0067159044050860185
1665.218	0.0067159044050860185
1665.361	0.0067159044050860185
1665.506	0.0067159044050860185
1665.6490000000001	0.0067159044050860185
1665.7930000000001	0.0067159044050860185
1665.938	0.0067159044050860185
1666.082	0.0067159044050860185
1666.2250000000001	0.0067159044050860185
1666.3680000000002	0.0067159044050860185
1666.5130000000001	0.0067159044050860185
1666.659	0.0067159044050860185
1666.8	0.0067159044050860185
1666.9470000000001	0.0067159044050860185
1667.0900000000001	0.0067159044050860185
1667.2350000000001	0.0067159044050860185
1667.377	0.0067159044050860185
1667.52	0.0067159044050860185
1667.665	0.0067159044050860185
1667.808	0.0067159044050860185
1667.951	0.0067159044050860185
1668.095	0.0067159044050860185
1668.242	0.0067159044050860185
1668.382	0.0067159044050860185
1668.53	0.0067159044050860185
1668.669	0.0067159044050860185
1668.814	0.0067159044050860185
1668.958	0.0067159044050860185
1669.102	0.0067159044050860185
1669.2450000000001	0.0067159044050860185
1669.3890000000001	0.0067159044050860185
1669.5330000000001	0.0067159044050860185
1669.6770000000001	0.0067159044050860185
1669.8210000000001	0.0067159044050860185
1669.9660000000001	0.0067159044050860185
1670.1100000000001	0.0067159044050860185
1670.2530000000002	0.0067159044050860185
1670.3970000000002	0.0067159044050860185
1670.5410000000002	0.0067159044050860185
1670.6860000000001	0.0067159044050860185
1670.829	0.0067159044050860185
1670.9740000000002	0.0067159044050860185
1671.117	0.0067159044050860185
1671.2640000000001	0.0067159044050860185
1671.404	0.0067159044050860185
1671.55	0.006701685379302947
1671.692	0.006699100101887843
1671.835	0.006697161143826515
1671.98	0.006693929547057635
1672.127	0.006688112672873652
1672.268	0.0066790642019207876
1672.411	0.006670015730967925
1672.555	0.006660320940661285
1672.701	0.006651918789062198
1672.842	0.006638992401986679
1672.987	0.006638992401986679
1673.132	0.006638992401986679
1673.2740000000001	0.006638992401986679
1673.4180000000001	0.006638992401986679
1673.5620000000001	0.006620895460080951
1673.7060000000001	0.006617017543958296
1673.8490000000002	0.006617017543958296
1673.9940000000001	0.006617017543958296
1674.137	0.006617017543958296
1674.2820000000002	0.006617017543958296
1674.425	0.006617017543958296
1674.569	0.006617017543958296
1674.713	0.006617017543958296
1674.856	0.006617017543958296
1675.0	0.006617017543958296
1675.144	0.006617017543958296
1675.288	0.006617017543958296
1675.432	0.006617017543958296
1675.576	0.006617017543958296
1675.72	0.006617017543958296
1675.863	0.006617017543958296
1676.008	0.006617017543958296
1676.154	0.006617017543958296
1676.295	0.006617017543958296
1676.439	0.006617017543958296
1676.583	0.006617017543958296
1676.727	0.006617017543958296
1676.8700000000001	0.006617017543958296
1677.0140000000001	0.006617017543958296
1677.1580000000001	0.006617017543958296
1677.3020000000001	0.006617017543958296
1677.4460000000001	0.006612493308481864
1677.5900000000001	0.006610554350420536
1677.7340000000002	0.006607322753651657
1677.877	0.006601505879467673
1678.021	0.006597627963345016
1678.165	0.0065956890052836885
1678.309	0.00659375004722236
1678.453	0.006592457408514808
1678.597	0.006591164769807257
1678.741	0.00658922581174593
1678.884	0.0065853478956232735
1679.028	0.006580823660146841
1679.172	0.006575006785962858
1679.316	0.00656983623113265
1679.46	0.006565958315009995
1679.604	0.006564019356948667
1679.748	0.0065620803988873395
1679.891	0.006554970885995804
1680.035	0.00654915401181182
1680.179	0.006547215053750492
1680.323	0.0065394592215051815
1680.467	0.006529764431198542
1680.611	0.006521362279599454
1680.755	0.0065142527667079175
1680.8980000000001	0.006511667489292813
1681.0420000000001	0.006511021169939037
1681.1860000000001	0.006509082211877709
1681.3300000000002	0.0065032653376937265
1681.473	0.006488399992556879
1681.6180000000002	0.00647547360548136
1681.762	0.006466425134528497
1681.905	0.006459315621636961
1682.049	0.006458669302283185
1682.1950000000002	0.006454791386160529
1682.337	0.006447681873268994
1682.481	0.0064418649990850094
1682.625	0.006438633402316131
1682.769	0.006435401805547251
1682.912	0.006432816528132147
1683.056	0.0064308775700708184
1683.2	0.006428938612009491
1683.344	0.006423121737825507
1683.487	0.006415365905580195
1683.632	0.006406317434627332
1683.775	0.006397268963674469
1683.919	0.006391452089490485
1684.064	0.006382403618537621
1684.208	0.006367538273400775
1684.352	0.00635396556697148
1684.4950000000001	0.006348148692787495
1684.6390000000001	0.006346856054079943
1684.7830000000001	0.006346856054079943
1684.9270000000001	0.006339746541188408
1685.0700000000002	0.006330698070235544
1685.2140000000002	0.006324234876697785
1685.358	0.006310015850914714
1685.501	0.006299028421900523
1685.646	0.0062919189090089875
1685.789	0.0062783462025796915
1685.933	0.006269297731626828
1686.077	0.00626089558002774
1686.221	0.006247969192952222
1686.365	0.006241505999414462
1686.508	0.006233103847815375
1686.653	0.006223409057508735
1686.797	0.006218884822032304
1686.94	0.006208543712371888
1687.084	0.006198202602711473
1687.228	0.00619367836723504
1687.373	0.006190446770466161
1687.516	0.006189154131758609
1687.66	0.006183337257574625
1687.804	0.006171703509206658
1687.948	0.0061620087189000194
1688.092	0.006156191844716035
1688.236	0.0061490823318244995
1688.38	0.006140033860871636
1688.5230000000001	0.006134863306041428
1688.6680000000001	0.006129046431857445
1688.8110000000001	0.006119351641550805
1688.9550000000002	0.006112242128659269
1689.0990000000002	0.006104486296413959
1689.2430000000002	0.0060928525480459916
1689.387	0.006085743035154455
1689.53	0.0060818651190318
1689.675	0.006074109286786488
1689.818	0.006065060815833624
1689.962	0.006056012344880761
1690.106	0.00604502491586657
1690.25	0.006036622764267482
1690.394	0.0060327448481448265
1690.537	0.006026281654607066
1690.681	0.006019172141715531
1690.825	0.006012708948177772
1690.969	0.006006245754640012
1691.113	0.0059971972836871485
1691.258	0.005986209854672957
1691.401	0.005982331938550301
1691.544	0.00598103929984275
1691.688	0.005964234996644575
1691.832	0.005948723332153951
1691.976	0.005944845416031295
1692.1200000000001	0.005931272709602
1692.2640000000001	0.005919638961234033
1692.4080000000001	0.0059151147257576015
1692.5510000000002	0.005908651532219842
1692.6960000000001	0.005904773616097186
1692.8390000000002	0.005902834658035858
1692.983	0.005898310422559427
1693.127	0.005892493548375443
1693.271	0.005884737716130132
1693.415	0.005871811329054612
1693.558	0.005858884941979092
1693.702	0.005852421748441333
1693.846	0.005850482790380005
1693.99	0.005849190151672453
1694.134	0.005838849042012038
1694.278	0.005827861612997847
1694.422	0.005816227864629879
1694.565	0.005804594116261911
1694.709	0.005801362519493033
1694.853	0.005795545645309048
1694.997	0.005781326619525977
1695.141	0.005768400232450458
1695.285	0.005761937038912698
1695.429	0.005752242248606059
1695.5720000000001	0.005735437945407884
1695.7160000000001	0.005724450516393692
1695.8600000000001	0.005723804197039916
1696.0040000000001	0.005717987322855933
1696.1480000000001	0.005712170448671949
1696.2920000000001	0.005710877809964397
1696.435	0.005709585171256845
1696.579	0.005696658784181326
1696.723	0.005681147119690703
1696.867	0.00567533024550672
1697.011	0.005670159690676512
1697.155	0.005663696497138751
1697.299	0.00565917226166232
1697.443	0.005657879622954769
1697.586	0.005655940664893441
1697.731	0.0056552943455396645
1697.874	0.0056540017068321125
1698.018	0.005647538513294354
1698.163	0.005640429000402817
1698.306	0.005636551084280162
1698.449	0.005633965806865059
1698.594	0.005630087890742402
1698.739	0.005626209974619746
1698.882	0.005620393100435763
1699.025	0.005611344629482899
1699.169	0.005605527755298915
1699.3120000000001	0.005602296158530036
1699.457	0.005600357200468708
1699.6000000000001	0.005594540326284724
1699.7440000000001	0.005588723452100741
1699.8880000000001	0.005586138174685637
1700.0320000000002	0.0055841992166243085
1700.1760000000002	0.00557773602308655
1700.3210000000001	0.00557127282954879
1700.463	0.005565455955364807
1700.607	0.005559639081180822
1700.751	0.005558992761827046
1700.895	0.00555834644247327
1701.039	0.005557053803765718
1701.183	0.00555511484570439
1701.327	0.005552529568289287
1701.47	0.005549297971520407
1701.614	0.005546066374751527
1701.758	0.005540249500567543
1701.902	0.0055363715844448875
1702.046	0.0055363715844448875
1702.19	0.005535078945737336
1702.334	0.005529262071553352
1702.478	0.00552473783607692
1702.621	0.005523445197369368
1702.765	0.005515689365124057
1702.909	0.005507933532878746
1703.0520000000001	0.005499531381279657
1703.1970000000001	0.005486604994204138
1703.3400000000001	0.005478202842605051
1703.4840000000002	0.005478202842605051
1703.6280000000002	0.005468508052298412
1703.7720000000002	0.005456227984576669
1703.9160000000002	0.005448472152331357
1704.0610000000001	0.005445886874916254
1704.204	0.0054445942362087016
1704.347	0.005438777362024718
1704.491	0.005432314168486958
1704.635	0.005428436252364303
1704.779	0.005426497294302975
1704.924	0.0054200341007652145
1705.067	0.005410985629812351
1705.212	0.005404522436274591
1705.356	0.005404522436274591
1705.499	0.0053967666040292805
1705.643	0.005389657091137744
1705.787	0.005389657091137744
1705.931	0.005389657091137744
1706.074	0.005389657091137744
1706.221	0.005385779175015089
1706.362	0.005383840216953761
1706.506	0.005382547578246209
1706.65	0.005376730704062226
1706.794	0.005370913829878242
1706.938	0.005367682233109362
1707.0810000000001	0.005361865358925378
1707.226	0.005357987442802722
1707.3690000000001	0.005356048484741394
1707.5130000000001	0.005355402165387618
1707.6570000000002	0.005351524249264963
1707.8010000000002	0.005343122097665876
1707.9450000000002	0.005338597862189444
1708.088	0.0053379515428356675
1708.233	0.0053373052234818915
1708.376	0.005334073626713011
1708.52	0.005330195710590356
1708.664	0.005328256752529028
1708.809	0.005326964113821476
1708.952	0.005325025155760148
1709.095	0.005322439878345044
1709.24	0.00531985460092994
1709.384	0.005317915642868613
1709.527	0.005315976684807285
1709.671	0.005307574533208197
1709.815	0.005300465020316661
1709.959	0.005297879742901558
1710.103	0.005294001826778902
1710.247	0.005294001826778902
1710.39	0.005284953355826039
1710.534	0.005284953355826039
1710.679	0.005284953355826039
1710.823	0.005284953355826039
1710.9660000000001	0.005284953355826039
1711.1090000000002	0.005294001826778902
1711.2540000000001	0.005294001826778902
1711.3970000000002	0.005294001826778902
1711.5410000000002	0.005294001826778902
1711.685	0.005294001826778902
1711.829	0.005294001826778902
1711.973	0.005294001826778902
1712.116	0.005294001826778902
1712.26	0.005294001826778902
1712.404	0.005294001826778902
1712.548	0.005294001826778902
1712.693	0.005294001826778902
1712.837	0.005284953355826039
1712.98	0.005284953355826039
1713.123	0.005284953355826039
1713.267	0.005284953355826039
1713.411	0.005294001826778902
1713.555	0.005297879742901558
1713.699	0.005306928213854421
1713.843	0.005315976684807285
1713.987	0.005317915642868613
1714.13	0.005315976684807285
1714.2740000000001	0.005317915642868613
1714.4180000000001	0.00531985460092994
1714.5620000000001	0.00531985460092994
1714.7060000000001	0.005322439878345044
1714.8500000000001	0.005322439878345044
1714.9940000000001	0.005322439878345044
1715.137	0.005322439878345044
1715.281	0.005322439878345044
1715.425	0.005322439878345044
1715.569	0.005322439878345044
1715.713	0.005322439878345044
1715.857	0.005322439878345044
1716.001	0.005322439878345044
1716.144	0.005322439878345044
1716.288	0.005322439878345044
1716.432	0.005322439878345044
1716.576	0.005325025155760148
1716.72	0.005328256752529028
1716.864	0.005328256752529028
1717.008	0.005342475778312099
1717.151	0.005355402165387618
1717.295	0.005356048484741394
1717.439	0.005356048484741394
1717.583	0.005357987442802722
1717.727	0.005357987442802722
1717.871	0.005357987442802722
1718.015	0.005357987442802722
1718.1580000000001	0.005357987442802722
1718.304	0.005357987442802722
1718.4460000000001	0.005357987442802722
1718.5900000000001	0.005357987442802722
1718.7340000000002	0.005357987442802722
1718.8780000000002	0.005357987442802722
1719.0220000000002	0.005357987442802722
1719.165	0.005357987442802722
1719.309	0.005357987442802722
1719.453	0.005357987442802722
1719.597	0.005357987442802722
1719.741	0.005357987442802722
1719.885	0.005357987442802722
1720.029	0.005357987442802722
1720.172	0.005357987442802722
1720.316	0.005357987442802722
1720.46	0.005357987442802722
1720.604	0.005357987442802722
1720.749	0.005357987442802722
1720.892	0.005357987442802722
1721.036	0.005357987442802722
1721.181	0.005357987442802722
1721.323	0.005357987442802722
1721.467	0.005357987442802722
1721.611	0.005357987442802722
1721.7540000000001	0.005357987442802722
1721.8990000000001	0.005357987442802722
1722.0430000000001	0.005357987442802722
1722.1860000000001	0.005357987442802722
1722.3310000000001	0.005357987442802722
1722.478	0.005357987442802722
1722.622	0.005357987442802722
1722.766	0.005357987442802722
1722.9070000000002	0.005357987442802722
1723.0510000000002	0.005357987442802722
1723.194	0.005357987442802722
1723.3410000000001	0.005357987442802722
1723.4850000000001	0.005357987442802722
1723.626	0.005357987442802722
1723.77	0.005357987442802722
1723.914	0.005357987442802722
1724.057	0.005357987442802722
1724.201	0.005357987442802722
1724.345	0.005357987442802722
1724.489	0.005357987442802722
1724.633	0.005357987442802722
1724.776	0.005357987442802722
1724.921	0.005357987442802722
1725.065	0.005357987442802722
1725.208	0.005357987442802722
1725.352	0.005357987442802722
1725.496	0.005357987442802722
1725.64	0.005357987442802722
1725.784	0.005357987442802722
1725.928	0.005357987442802722
1726.0720000000001	0.005357987442802722
1726.2150000000001	0.005357987442802722
1726.3590000000002	0.005357987442802722
1726.5030000000002	0.005357987442802722
1726.6480000000001	0.005357987442802722
1726.7910000000002	0.005357987442802722
1726.935	0.005357987442802722
1727.079	0.005357987442802722
1727.222	0.005357987442802722
1727.3680000000002	0.005357987442802722
1727.51	0.005357987442802722
1727.654	0.005357987442802722
1727.797	0.005357987442802722
1727.942	0.005357987442802722
1728.086	0.005357987442802722
1728.229	0.005357987442802722
1728.373	0.005357987442802722
1728.517	0.005357987442802722
1728.661	0.005357987442802722
1728.804	0.005357987442802722
1728.948	0.005357987442802722
1729.092	0.005357987442802722
1729.236	0.005357987442802722
1729.38	0.005357987442802722
1729.5240000000001	0.005357987442802722
1729.6680000000001	0.005357987442802722
1729.8110000000001	0.005357987442802722
1729.9550000000002	0.005357987442802722
1730.0990000000002	0.005357987442802722
1730.2430000000002	0.005357987442802722
1730.387	0.005357987442802722
1730.531	0.005357987442802722
1730.675	0.005357987442802722
1730.818	0.005357987442802722
1730.963	0.005357987442802722
1731.106	0.005357987442802722
1731.25	0.005357987442802722
1731.394	0.005357987442802722
1731.538	0.005357987442802722
1731.682	0.005357987442802722
1731.825	0.005357987442802722
1731.969	0.005357987442802722
1732.113	0.005357987442802722
1732.257	0.005356048484741394
1732.401	0.005355402165387618
1732.545	0.005355402165387618
1732.689	0.005350231610557411
1732.832	0.0053373052234818915
1732.976	0.005328256752529028
1733.1200000000001	0.005325025155760148
1733.2640000000001	0.005322439878345044
1733.4080000000001	0.00531985460092994
1733.5520000000001	0.005317915642868613
1733.6960000000001	0.005306928213854421
1733.8390000000002	0.005294001826778902
1733.983	0.005284953355826039
1734.127	0.005277843842934503
1734.271	0.005277197523580727
1734.415	0.005275258565519399
1734.559	0.00527202696875052
1734.703	0.005262978497797656
1734.846	0.005251991068783464
1734.99	0.005247466833307033
1735.134	0.0052448815558919296
1735.278	0.005241649959123049
1735.422	0.005241649959123049
1735.566	0.005241649959123049
1735.71	0.005241649959123049
1735.853	0.005241649959123049
1735.997	0.005241649959123049
1736.141	0.005241649959123049
1736.2910000000002	0.005241649959123049
1736.428	0.005241649959123049
1736.573	0.005241649959123049
1736.717	0.005241649959123049
1736.8600000000001	0.005241649959123049
1737.0040000000001	0.005241649959123049
1737.15	0.005238418362354169
1737.2920000000001	0.005238418362354169
1737.435	0.005238418362354169
1737.5800000000002	0.0052326014881701865
1737.723	0.005226784613986202
1737.867	0.005222906697863547
1738.011	0.0052196751010946665
1738.155	0.0052196751010946665
1738.299	0.0052196751010946665
1738.442	0.0052196751010946665
1738.586	0.0052196751010946665
1738.731	0.0052196751010946665
1738.874	0.0052196751010946665
1739.019	0.0052196751010946665
1739.163	0.0052196751010946665
1739.308	0.005222906697863547
1739.45	0.005222906697863547
1739.594	0.005226784613986202
1739.738	0.0052326014881701865
1739.882	0.005238418362354169
1740.027	0.005241649959123049
1740.17	0.0052448815558919296
1740.315	0.0052448815558919296
1740.459	0.005247466833307033
1740.602	0.005251991068783464
1740.746	0.005261039539736328
1740.89	0.005261039539736328
1741.034	0.005261039539736328
1741.1770000000001	0.005261039539736328
1741.3210000000001	0.005261039539736328
1741.4640000000002	0.005261039539736328
1741.6090000000002	0.005261039539736328
1741.752	0.005261039539736328
1741.896	0.005268149052627864
1742.04	0.005270088010689192
1742.184	0.00527202696875052
1742.328	0.005275258565519399
1742.471	0.005277197523580727
1742.615	0.005277843842934503
1742.759	0.005281075439703383
1742.903	0.0052901239106562465
1743.047	0.005297879742901558
1743.191	0.005302403978377989
1743.335	0.005311452449330853
1743.478	0.005317915642868613
1743.622	0.00531985460092994
1743.766	0.005322439878345044
1743.91	0.005323086197698821
1744.054	0.005325025155760148
1744.198	0.005325025155760148
1744.342	0.005328256752529028
1744.4850000000001	0.00532954939123658
1744.6290000000001	0.00532954939123658
1744.7730000000001	0.00532954939123658
1744.9170000000001	0.00532954939123658
1745.0610000000001	0.00532954939123658
1745.2050000000002	0.00532954939123658
1745.3490000000002	0.00532954939123658
1745.4940000000001	0.00532954939123658
1745.636	0.00532954939123658
1745.78	0.00532954939123658
1745.924	0.005332134668651684
1746.068	0.005332134668651684
1746.212	0.005332134668651684
1746.355	0.005332134668651684
1746.499	0.005332134668651684
1746.643	0.005332134668651684
1746.787	0.005332134668651684
1746.931	0.005332134668651684
1747.075	0.005332134668651684
1747.219	0.005332134668651684
1747.362	0.005332134668651684
1747.506	0.005332134668651684
1747.65	0.005332134668651684
1747.794	0.005332134668651684
1747.938	0.005332134668651684
1748.082	0.005332134668651684
1748.226	0.005332134668651684
1748.3700000000001	0.005332134668651684
1748.5130000000001	0.005332134668651684
1748.6570000000002	0.005332134668651684
1748.8010000000002	0.005332134668651684
1748.9450000000002	0.005332134668651684
1749.0890000000002	0.005332134668651684
1749.233	0.005332134668651684
1749.376	0.005332134668651684
1749.52	0.005332134668651684
1749.664	0.005332134668651684
1749.808	0.005332134668651684
1749.951	0.005332134668651684
1750.096	0.005332134668651684
1750.24	0.005332134668651684
1750.383	0.005332134668651684
1750.527	0.005339890500896996
1750.671	0.005345061055727203
1750.815	0.005350231610557411
1750.959	0.005355402165387618
1751.103	0.005357341123448946
1751.249	0.005361219039571602
1751.39	0.005363804316986706
1751.534	0.005364450636340482
1751.678	0.005363804316986706
1751.8220000000001	0.005364450636340482
1751.9650000000001	0.00536638959440181
1752.1100000000001	0.00536638959440181
1752.2540000000001	0.00536638959440181
1752.3970000000002	0.005364450636340482
1752.5410000000002	0.005364450636340482
1752.685	0.005364450636340482
1752.829	0.005363804316986706
1752.972	0.005363804316986706
1753.117	0.0053592800815102735
1753.26	0.0053592800815102735
1753.404	0.0053592800815102735
1753.548	0.0053592800815102735
1753.693	0.0053592800815102735
1753.836	0.005350231610557411
1753.979	0.005350231610557411
1754.124	0.0053592800815102735
1754.267	0.005363804316986706
1754.412	0.005364450636340482
1754.56	0.005364450636340482
1754.7	0.005364450636340482
1754.844	0.005364450636340482
1754.987	0.005364450636340482
1755.131	0.005364450636340482
1755.2740000000001	0.005364450636340482
1755.4180000000001	0.005364450636340482
1755.5620000000001	0.005363804316986706
1755.7060000000001	0.005355402165387619
1755.8500000000001	0.005346353694434755
1755.9930000000002	0.005346353694434755
1756.137	0.005346353694434755
1756.281	0.005346353694434755
1756.425	0.005346353694434755
1756.569	0.005355402165387619
1756.713	0.005355402165387619
1756.857	0.005363804316986706
1757.0	0.005363804316986706
1757.144	0.005364450636340482
1757.289	0.00536638959440181
1757.433	0.0053734991072933455
1757.577	0.005380608620184881
1757.721	0.005382547578246209
1757.865	0.005384486536307537
1758.008	0.005387718133076416
1758.152	0.005389010771783968
1758.296	0.005389657091137744
1758.44	0.005394181326614176
1758.584	0.005399351881444385
1758.728	0.005401290839505712
1758.872	0.005401937158859488
1759.015	0.0054096929911048
1759.159	0.005417448823350111
1759.303	0.0054187414620576625
1759.4470000000001	0.005423912016887871
1759.5910000000001	0.005427789933010526
1759.7350000000001	0.005431667849133182
1759.8790000000001	0.005435545765255838
1760.0220000000002	0.00543683840396339
1760.1660000000002	0.00544007000073227
1760.31	0.0054439479168549255
1760.454	0.005447825832977581
1760.598	0.005452350068454013
1760.742	0.005460105900699324
1760.886	0.005465276455529532
1761.029	0.005465276455529532
1761.174	0.005466569094237084
1761.317	0.0054685080522984125
1761.461	0.0054685080522984125
1761.605	0.005469154371652188
1761.749	0.005471093329713515
1761.892	0.005474324926482395
1762.036	0.005475617565189947
1762.18	0.005485312355496586
1762.324	0.005496946103864554
1762.468	0.005500177700633434
1762.612	0.0055021166586947615
1762.756	0.005506640894171194
1762.9	0.0055137504070627286
1763.0430000000001	0.005520859919954265
1763.1870000000001	0.005529262071553352
1763.3310000000001	0.005540895819921319
1763.4750000000001	0.005553822206996838
1763.6190000000001	0.0055609317198883745
1763.7630000000001	0.005562870677949703
1763.9070000000002	0.005562870677949703
1764.05	0.005562870677949703
1764.194	0.005568687552133686
1764.338	0.005575797065025222
1764.482	0.005584845535978085
1764.625	0.005593894006930948
1764.77	0.005599710881114932
1764.913	0.005599710881114932
1765.057	0.005599710881114932
1765.201	0.005599710881114932
1765.345	0.005599710881114932
1765.489	0.005599710881114932
1765.632	0.005599710881114932
1765.777	0.005599710881114932
1765.924	0.005599710881114932
1766.065	0.005599710881114932
1766.211	0.005599710881114932
1766.352	0.005599710881114932
1766.496	0.005599710881114932
1766.6390000000001	0.005599710881114932
1766.784	0.005599710881114932
1766.929	0.005599710881114932
1767.0710000000001	0.005599710881114932
1767.2150000000001	0.005599710881114932
1767.3590000000002	0.005599710881114932
1767.502	0.005599710881114932
1767.65	0.005599710881114932
1767.7910000000002	0.005599710881114932
1767.934	0.005599710881114932
1768.079	0.005599710881114932
1768.222	0.005599710881114932
1768.366	0.005599710881114932
1768.509	0.005599710881114932
1768.654	0.005599710881114932
1768.798	0.005599710881114932
1768.941	0.005599710881114932
1769.086	0.005599710881114932
1769.23	0.005599710881114932
1769.373	0.005599710881114932
1769.516	0.005599710881114932
1769.661	0.005599710881114932
1769.804	0.005599710881114932
1769.948	0.005599710881114932
1770.092	0.005599710881114932
1770.236	0.005599710881114932
1770.38	0.005599710881114932
1770.5230000000001	0.005599710881114932
1770.6680000000001	0.005599710881114932
1770.8110000000001	0.005599710881114932
1770.9550000000002	0.005599710881114932
1771.0990000000002	0.005599710881114932
1771.2430000000002	0.005599710881114932
1771.387	0.005599710881114932
1771.53	0.005599710881114932
1771.674	0.005599710881114932
1771.818	0.005599710881114932
1771.962	0.005599710881114932
1772.106	0.005599710881114932
1772.25	0.005599710881114932
1772.394	0.005599710881114932
1772.539	0.005599710881114932
1772.682	0.005599710881114932
1772.825	0.005599710881114932
1772.969	0.005599710881114932
1773.113	0.005599710881114932
1773.257	0.005599710881114932
1773.401	0.005599710881114932
1773.544	0.005599710881114932
1773.689	0.005599710881114932
1773.832	0.005599710881114932
1773.976	0.005599710881114932
1774.1200000000001	0.00559841824240738
1774.2640000000001	0.005595832964992276
1774.4080000000001	0.005595832964992276
1774.5510000000002	0.005595832964992276
1774.6950000000002	0.005595832964992276
1774.8400000000001	0.005595832964992276
1774.9840000000002	0.005595832964992276
1775.1280000000002	0.005595832964992276
1775.2720000000002	0.005595832964992276
1775.4160000000002	0.005595832964992276
1775.559	0.005593894006930948
1775.704	0.005590662410162069
1775.847	0.005590662410162069
1775.991	0.005583552897270533
1776.135	0.005575797065025222
1776.279	0.005568041232779909
1776.423	0.0055609317198883745
1776.566	0.005559639081180822
1776.711	0.005553822206996838
1776.854	0.005540895819921319
1776.998	0.00553120102961468
1777.142	0.005526676794138248
1777.286	0.005522798878015593
1777.43	0.005518920961892937
1777.573	0.0055137504070627286
1777.717	0.005506640894171194
1777.861	0.0055021166586947615
1778.005	0.005500177700633434
1778.1490000000001	0.005496946103864554
1778.2930000000001	0.005496946103864554
1778.4370000000001	0.00548789763291169
1778.5800000000002	0.005478202842605051
1778.7240000000002	0.005475617565189947
1778.8680000000002	0.005474324926482395
1779.012	0.005471093329713515
1779.156	0.005469154371652188
1779.3	0.0054685080522984125
1779.444	0.005466569094237084
1779.587	0.005464630136175756
1779.732	0.005462691178114428
1779.875	0.0054555816652228925
1780.019	0.005447825832977581
1780.163	0.0054439479168549255
1780.307	0.00544007000073227
1780.451	0.00543683840396339
1780.594	0.005435545765255838
1780.738	0.005431667849133182
1780.882	0.005427789933010526
1781.026	0.005425204655595423
1781.17	0.005421326739472767
1781.318	0.0054187414620576625
1781.458	0.0054096929911048
1781.601	0.005401290839505712
1781.7450000000001	0.005399351881444385
1781.8890000000001	0.0053935350072604
1782.0330000000001	0.005389010771783968
1782.1770000000001	0.005387718133076416
1782.3210000000001	0.005384486536307537
1782.4650000000001	0.005380608620184881
1782.6090000000002	0.005380608620184881
1782.752	0.005380608620184881
1782.8970000000002	0.005380608620184881
1783.04	0.005380608620184881
1783.184	0.005380608620184881
1783.328	0.005380608620184881
1783.472	0.005380608620184881
1783.615	0.005380608620184881
1783.759	0.005380608620184881
1783.903	0.005380608620184881
1784.047	0.005380608620184881
1784.191	0.005380608620184881
1784.335	0.005380608620184881
1784.479	0.005380608620184881
1784.624	0.005380608620184881
1784.766	0.005380608620184881
1784.91	0.005380608620184881
1785.054	0.005380608620184881
1785.198	0.005380608620184881
1785.342	0.005380608620184881
1785.486	0.005380608620184881
1785.6290000000001	0.005380608620184881
1785.7730000000001	0.005380608620184881
1785.9170000000001	0.005380608620184881
1786.0610000000001	0.005380608620184881
1786.204	0.005380608620184881
1786.3490000000002	0.005380608620184881
1786.4930000000002	0.005380608620184881
1786.636	0.005380608620184881
1786.78	0.005380608620184881
1786.924	0.005380608620184881
1787.068	0.005380608620184881
1787.211	0.005380608620184881
1787.356	0.005380608620184881
1787.499	0.005380608620184881
1787.643	0.005380608620184881
1787.787	0.005380608620184881
1787.931	0.005380608620184881
1788.075	0.005380608620184881
1788.218	0.005380608620184881
1788.363	0.005380608620184881
1788.507	0.005380608620184881
1788.65	0.005380608620184881
1788.794	0.005380608620184881
1788.938	0.005380608620184881
1789.082	0.005380608620184881
1789.226	0.005380608620184881
1789.3700000000001	0.005380608620184881
1789.5140000000001	0.005380608620184881
1789.6570000000002	0.005380608620184881
1789.8010000000002	0.005380608620184881
1789.9450000000002	0.005380608620184881
1790.0890000000002	0.005380608620184881
1790.232	0.005374791746000898
1790.377	0.005367682233109362
1790.521	0.005367682233109362
1790.6670000000001	0.005367682233109362
1790.808	0.005367682233109362
1790.952	0.005356048484741395
1791.096	0.005356048484741395
1791.239	0.005356048484741395
1791.384	0.005356048484741395
1791.528	0.005356048484741395
1791.671	0.005356048484741395
1791.815	0.005356048484741395
1791.959	0.005356048484741395
1792.103	0.005356048484741395
1792.248	0.005356048484741395
1792.392	0.005346353694434755
1792.536	0.005345061055727203
1792.679	0.005343768417019652
1792.823	0.005339890500896996
1792.967	0.005336012584774339
1793.111	0.005330842029944132
1793.2540000000001	0.005326964113821476
1793.3990000000001	0.005325025155760148
1793.5420000000001	0.005323086197698821
1793.6860000000001	0.005323086197698821
1793.8300000000002	0.005320500920283717
1793.9750000000001	0.005316623004161061
1794.1180000000002	0.005314684046099733
1794.262	0.005312745088038405
1794.406	0.005311452449330853
1794.55	0.005311452449330853
1794.693	0.005310806129977077
1794.837	0.005310159810623301
1794.981	0.005310159810623301
1795.125	0.005310159810623301
1795.269	0.005310159810623301
1795.413	0.005310159810623301
1795.556	0.005310159810623301
1795.7	0.005310159810623301
1795.844	0.005310159810623301
1795.989	0.005310159810623301
1796.132	0.005310159810623301
1796.278	0.005303050297731766
1796.419	0.005303050297731766
1796.563	0.005303050297731766
1796.707	0.005303050297731766
1796.852	0.005303050297731766
1796.996	0.005303050297731766
1797.14	0.005303050297731766
1797.2830000000001	0.005303050297731766
1797.4270000000001	0.005303050297731766
1797.5700000000002	0.005310159810623301
1797.7140000000002	0.005310806129977077
1797.858	0.005311452449330853
1798.002	0.005312745088038405
1798.146	0.005314684046099733
1798.289	0.005316623004161061
1798.433	0.005320500920283717
1798.577	0.005323086197698821
1798.721	0.005325025155760148
1798.865	0.005326964113821476
1799.009	0.005330842029944132
1799.153	0.005336012584774339
1799.296	0.005339890500896996
1799.44	0.005343768417019652
1799.584	0.005346353694434755
1799.729	0.005356048484741395
1799.872	0.005367682233109362
1800.016	0.005378669662123553
1800.16	0.005387718133076416
1800.303	0.005389010771783968
1800.4470000000001	0.005395473965321728
1800.5910000000001	0.0054096929911048
1800.7350000000001	0.0054187414620576625
1800.8790000000001	0.0054187414620576625
1801.0230000000001	0.005421326739472767
1801.1670000000001	0.005421326739472767
1801.31	0.005421326739472767
1801.454	0.005421326739472767
1801.598	0.005421326739472767
1801.742	0.005421326739472767
1801.886	0.005421326739472767
1802.03	0.005425204655595423
1802.174	0.005427789933010526
1802.317	0.005427789933010526
1802.461	0.005427789933010526
1802.605	0.005427789933010526
1802.749	0.005431667849133182
1802.893	0.005448472152331357
1803.037	0.005462691178114428
1803.18	0.005464630136175756
1803.324	0.00547044701035974
1803.468	0.005478202842605051
1803.612	0.0054911292296805705
1803.756	0.00550405561675609
1803.9	0.005510518810293849
1804.044	0.005517628323185385
1804.188	0.00552473783607692
1804.3310000000001	0.005528615752199576
1804.4750000000001	0.00553120102961468
1804.6190000000001	0.005544127416690199
1804.7630000000001	0.005557053803765718
1804.9070000000002	0.005570626510195013
1805.0510000000002	0.005585491855331861
1805.1950000000002	0.005592601368223397
1805.338	0.00559841824240738
1805.482	0.005604235116591364
1805.626	0.0056081130327140195
1805.77	0.005610051990775348
1805.914	0.00562879525203485
1806.057	0.005647538513294354
1806.201	0.005648831152001905
1806.345	0.005652062748770784
1806.49	0.0056552943455396645
1806.633	0.005657233303600993
1806.777	0.005661111219723648
1806.92	0.0056656354552000795
1807.065	0.005674037606799168
1807.208	0.005681147119690703
1807.352	0.005683086077752031
1807.496	0.005683732397105807
1807.64	0.005685025035813359
1807.784	0.005687610313228463
1807.928	0.005687610313228463
1808.0720000000001	0.005690841909997343
1808.2150000000001	0.005690841909997343
1808.3590000000002	0.005701183019657758
1808.5030000000002	0.005717341003502158
1808.6470000000002	0.005717341003502158
1808.7930000000001	0.005717341003502158
1808.934	0.00573608426476166
1809.078	0.00573608426476166
1809.222	0.005752888567959835
1809.366	0.00575999808085137
1809.51	0.005761937038912698
1809.654	0.005767107593742906
1809.799	0.005767107593742906
1809.942	0.005767107593742906
1810.086	0.005767107593742906
1810.23	0.0057716318292193374
1810.374	0.005779387661464649
1810.518	0.005787789813063737
1810.662	0.005802655158200584
1810.806	0.005802655158200584
1810.95	0.005802655158200584
1811.094	0.005802655158200584
1811.24	0.005802655158200584
1811.38	0.005802655158200584
1811.525	0.005802655158200584
1811.669	0.005802655158200584
1811.813	0.005802655158200584
1811.9560000000001	0.005802655158200584
1812.1000000000001	0.005802655158200584
1812.2440000000001	0.005802655158200584
1812.3880000000001	0.005802655158200584
1812.5320000000002	0.005802655158200584
1812.6760000000002	0.005802655158200584
1812.8200000000002	0.005802655158200584
1812.963	0.005802655158200584
1813.107	0.005802655158200584
1813.2530000000002	0.005802655158200584
1813.395	0.005802655158200584
1813.539	0.005802655158200584
1813.683	0.005802655158200584
1813.827	0.005802655158200584
1813.97	0.005802655158200584
1814.114	0.005802655158200584
1814.258	0.005802655158200584
1814.402	0.005802655158200584
1814.546	0.005802655158200584
1814.69	0.005802655158200584
1814.834	0.005802655158200584
1814.977	0.005802655158200584
1815.121	0.005802655158200584
1815.265	0.005802655158200584
1815.409	0.005802655158200584
1815.553	0.005802655158200584
1815.6970000000001	0.005802655158200584
1815.8410000000001	0.005802655158200584
1815.9840000000002	0.005802655158200584
1816.1280000000002	0.005802655158200584
1816.2720000000002	0.005802655158200584
1816.4170000000001	0.005802655158200584
1816.56	0.005802655158200584
1816.704	0.005802655158200584
1816.847	0.005802655158200584
1816.991	0.005802655158200584
1817.135	0.005802655158200584
1817.279	0.005802655158200584
1817.423	0.005802655158200584
1817.567	0.005802655158200584
1817.711	0.005802655158200584
1817.857	0.005802655158200584
1817.998	0.005802655158200584
1818.142	0.005802655158200584
1818.286	0.005802655158200584
1818.43	0.005802655158200584
1818.573	0.005802655158200584
1818.718	0.005802655158200584
1818.861	0.005798777242077929
1819.005	0.005798777242077929
1819.1490000000001	0.005798777242077929
1819.2930000000001	0.005798777242077929
1819.4370000000001	0.005798777242077929
1819.5810000000001	0.005798777242077929
1819.7250000000001	0.005798777242077929
1819.8680000000002	0.005798777242077929
1820.012	0.005798777242077929
1820.156	0.005798777242077929
1820.3	0.005787789813063737
1820.443	0.005779387661464649
1820.588	0.005767107593742906
1820.731	0.005760644400205146
1820.875	0.005760644400205146
1821.019	0.005752888567959835
1821.163	0.005743193777653196
1821.307	0.005734791626054108
1821.45	0.005727682113162573
1821.595	0.005727682113162573
1821.738	0.005727682113162573
1821.882	0.00571863364220971
1822.026	0.005710877809964397
1822.17	0.005699890380950206
1822.314	0.005697951422888878
1822.457	0.005689549271289791
1822.601	0.005687610313228463
1822.7450000000001	0.005685025035813359
1822.8890000000001	0.005681793439044479
1823.0330000000001	0.005681793439044479
1823.1770000000001	0.005681793439044479
1823.3210000000001	0.005681793439044479
1823.4640000000002	0.005681793439044479
1823.6090000000002	0.005681793439044479
1823.752	0.005681793439044479
1823.896	0.005681793439044479
1824.04	0.005681793439044479
1824.184	0.005681793439044479
1824.328	0.005685025035813359
1824.472	0.005688256632582239
1824.616	0.005697951422888878
1824.759	0.005707646213195517
1824.904	0.005710877809964397
1825.048	0.005710877809964397
1825.192	0.00571863364220971
1825.335	0.00571863364220971
1825.478	0.00571863364220971
1825.622	0.00571863364220971
1825.766	0.005727682113162573
1825.91	0.005734791626054108
1826.054	0.005743193777653196
1826.198	0.005752242248606059
1826.346	0.00576322967762025
1826.4850000000001	0.005772278148573114
1826.6290000000001	0.005787789813063738
1826.7730000000001	0.005804594116261912
1826.9170000000001	0.005816874183983655
1827.0610000000001	0.005827215293644071
1827.2060000000001	0.005827215293644071
1827.3500000000001	0.005827215293644071
1827.4930000000002	0.005827215293644071
1827.637	0.005827215293644071
1827.781	0.005827215293644071
1827.925	0.005827215293644071
1828.069	0.005827215293644071
1828.213	0.005827215293644071
1828.357	0.005827215293644071
1828.5	0.005827215293644071
1828.644	0.005827215293644071
1828.788	0.005827215293644071
1828.932	0.005827215293644071
1829.076	0.005827215293644071
1829.22	0.005827215293644071
1829.364	0.005827215293644071
1829.507	0.005827215293644071
1829.651	0.005827215293644071
1829.795	0.005827215293644071
1829.939	0.005827215293644071
1830.082	0.005827215293644071
1830.227	0.005827215293644071
1830.371	0.005827215293644071
1830.5140000000001	0.005827215293644071
1830.6580000000001	0.005827215293644071
1830.8020000000001	0.005827215293644071
1830.9460000000001	0.005827215293644071
1831.0890000000002	0.005827215293644071
1831.2340000000002	0.005827215293644071
1831.3780000000002	0.005827215293644071
1831.521	0.005827215293644071
1831.665	0.005827215293644071
1831.809	0.005827215293644071
1831.953	0.005827215293644071
1832.097	0.005827215293644071
1832.241	0.005827215293644071
1832.384	0.005827215293644071
1832.528	0.005827215293644071
1832.672	0.005827215293644071
1832.816	0.005827215293644071
1832.96	0.005827215293644071
1833.103	0.005827215293644071
1833.248	0.005827215293644071
1833.391	0.005827215293644071
1833.535	0.005827215293644071
1833.679	0.005827215293644071
1833.823	0.005827215293644071
1833.967	0.005827215293644071
1834.1100000000001	0.005827215293644071
1834.255	0.005827215293644071
1834.3980000000001	0.005827215293644071
1834.5420000000001	0.005827215293644071
1834.6860000000001	0.005827215293644071
1834.8300000000002	0.005827215293644071
1834.9740000000002	0.005827215293644071
1835.117	0.005827215293644071
1835.262	0.005827215293644071
1835.406	0.005827215293644071
1835.549	0.005827215293644071
1835.693	0.005827215293644071
1835.8400000000001	0.005827215293644071
1835.98	0.005827215293644071
1836.124	0.005827215293644071
1836.269	0.005827215293644071
1836.413	0.005827215293644071
1836.556	0.005827215293644071
1836.7	0.005827215293644071
1836.844	0.005827215293644071
1836.988	0.005827215293644071
1837.131	0.005827215293644071
1837.275	0.005827215293644071
1837.419	0.005827215293644071
1837.563	0.005827215293644071
1837.707	0.005827215293644071
1837.851	0.005827215293644071
1837.9950000000001	0.005827215293644071
1838.1380000000001	0.005827215293644071
1838.284	0.005827215293644071
1838.4260000000002	0.005827215293644071
1838.5700000000002	0.005827215293644071
1838.7140000000002	0.005827215293644071
1838.858	0.005827215293644071
1839.0030000000002	0.005827215293644071
1839.146	0.005827215293644071
1839.29	0.005827215293644071
1839.433	0.005827215293644071
1839.577	0.005827215293644071
1839.721	0.005827215293644071
1839.865	0.005827215293644071
1840.009	0.005827215293644071
1840.152	0.005827215293644071
1840.296	0.005827215293644071
1840.44	0.005827215293644071
1840.584	0.005827215293644071
1840.728	0.005827215293644071
1840.872	0.005827215293644071
1841.016	0.005827215293644071
1841.159	0.005827215293644071
1841.306	0.005827215293644071
1841.4470000000001	0.005827215293644071
1841.5910000000001	0.005827215293644071
1841.7350000000001	0.005827215293644071
1841.8790000000001	0.005827215293644071
1842.0230000000001	0.005827215293644071
1842.1660000000002	0.005827215293644071
1842.31	0.005827215293644071
1842.454	0.005827215293644071
1842.598	0.005827215293644071
1842.742	0.005827215293644071
1842.886	0.005827215293644071
1843.03	0.005827215293644071
1843.173	0.005827215293644071
1843.317	0.005827215293644071
1843.461	0.005827215293644071
1843.605	0.005827215293644071
1843.749	0.005827215293644071
1843.893	0.005827215293644071
1844.037	0.005827215293644071
1844.18	0.005827215293644071
1844.324	0.005827215293644071
1844.468	0.005827215293644071
1844.612	0.005827215293644071
1844.757	0.005827215293644071
1844.902	0.005827215293644071
1845.045	0.005827215293644071
1845.188	0.005827215293644071
1845.332	0.005827215293644071
1845.476	0.005827215293644071
1845.6200000000001	0.005827215293644071
1845.7640000000001	0.005827215293644071
1845.9080000000001	0.005827215293644071
1846.0520000000001	0.005827215293644071
1846.1950000000002	0.005827215293644071
1846.3390000000002	0.005827215293644071
1846.483	0.005827215293644071
1846.627	0.005827215293644071
1846.771	0.005827215293644071
1846.915	0.005827215293644071
1847.059	0.005827215293644071
1847.202	0.005827215293644071
1847.346	0.0058427269581346935
1847.49	0.005858884941979092
1847.634	0.0058640554968093
1847.778	0.005873103967762164
1847.922	0.005880859800007476
1848.066	0.0058905545903141145
1848.209	0.005905419935450962
1848.353	0.005913175767696273
1848.497	0.005918992641880257
1848.641	0.005926748474125569
1848.784	0.005931919028955776
1848.929	0.005944199096677519
1849.073	0.005957125483753039
1849.2160000000001	0.005957771803106814
1849.3600000000001	0.005957771803106814
1849.5040000000001	0.005959064441814366
1849.6480000000001	0.005959064441814366
1849.7920000000001	0.005959064441814366
1849.9360000000001	0.005959064441814366
1850.0800000000002	0.005959064441814366
1850.223	0.005959064441814366
1850.367	0.005959064441814366
1850.511	0.005959064441814366
1850.655	0.005959064441814366
1850.799	0.005959064441814366
1850.943	0.005959064441814366
1851.087	0.005959064441814366
1851.23	0.005959064441814366
1851.374	0.005959064441814366
1851.518	0.005959064441814366
1851.662	0.005959064441814366
1851.805	0.005959064441814366
1851.95	0.005959064441814366
1852.094	0.005959064441814366
1852.237	0.005959064441814366
1852.381	0.005959064441814366
1852.525	0.005959064441814366
1852.67	0.005959064441814366
1852.8120000000001	0.005959064441814366
1852.957	0.005959064441814366
1853.1000000000001	0.005959064441814366
1853.2440000000001	0.005959064441814366
1853.3890000000001	0.005944199096677519
1853.5330000000001	0.005944199096677519
1853.6770000000001	0.005944199096677519
1853.819	0.005933211667663328
1853.967	0.005931919028955776
1854.107	0.005926748474125569
1854.251	0.005918992641880257
1854.395	0.005913175767696273
1854.539	0.005905419935450962
1854.683	0.005905419935450962
1854.826	0.005905419935450962
1854.971	0.005899603061266978
1855.114	0.005896371464498099
1855.258	0.0058892619516065624
1855.402	0.00588344507742258
1855.546	0.005880859800007476
1855.69	0.005873103967762164
1855.833	0.0058640554968093
1855.977	0.005858884941979092
1856.121	0.0058427269581346935
1856.268	0.005827215293644071
1856.409	0.005819459461398759
1856.553	0.005811703629153448
1856.6970000000001	0.005809118351738344
1856.8400000000001	0.005804594116261912
1856.9850000000001	0.005787789813063738
1857.1280000000002	0.005772278148573114
1857.2720000000002	0.005768400232450458
1857.4160000000002	0.005765168635681578
1857.56	0.005761937038912698
1857.704	0.005759351761497594
1857.847	0.005757412803436266
1857.991	0.0057483643324834025
1858.135	0.005734791626054108
1858.279	0.005723157877686141
1858.425	0.0057141094067332775
1858.567	0.005708938851903069
1858.711	0.005697951422888878
1858.854	0.005689549271289791
1858.998	0.005684378716459583
1859.142	0.0056792081616293755
1859.286	0.005676622884214272
1859.43	0.005673391287445392
1859.574	0.005671452329384064
1859.718	0.00566886705196896
1859.861	0.005663696497138753
1860.005	0.005656586984247217
1860.1490000000001	0.005646892193940578
1860.2930000000001	0.005633965806865059
1860.4370000000001	0.005622978377850868
1860.5810000000001	0.005622978377850868
1860.7250000000001	0.005622978377850868
1860.8680000000002	0.005622978377850868
1861.012	0.005618454142374435
1861.156	0.005618454142374435
1861.3	0.005618454142374435
1861.444	0.005618454142374435
1861.588	0.005618454142374435
1861.732	0.005618454142374435
1861.875	0.005618454142374435
1862.02	0.005618454142374435
1862.164	0.005618454142374435
1862.308	0.005618454142374435
1862.452	0.005615868864959331
1862.596	0.005613929906898003
1862.74	0.005610698310129123
1862.883	0.0056074667133602435
1863.0320000000002	0.005605527755298915
1863.171	0.00560164983917626
1863.315	0.005599710881114932
1863.459	0.005586784494039413
1863.603	0.0055719191489025655
1863.747	0.0055719191489025655
1863.89	0.0055719191489025655
1864.034	0.0055719191489025655
1864.178	0.0055719191489025655
1864.3220000000001	0.0055719191489025655
1864.4660000000001	0.0055719191489025655
1864.6100000000001	0.0055719191489025655
1864.7540000000001	0.0055719191489025655
1864.8970000000002	0.0055719191489025655
1865.0410000000002	0.0055719191489025655
1865.185	0.0055719191489025655
1865.329	0.0055719191489025655
1865.473	0.0055719191489025655
1865.617	0.0055719191489025655
1865.761	0.0055719191489025655
1865.904	0.0055719191489025655
1866.048	0.0055719191489025655
1866.192	0.0055719191489025655
1866.336	0.0055719191489025655
1866.48	0.0055719191489025655
1866.624	0.0055719191489025655
1866.768	0.0055719191489025655
1866.911	0.0055719191489025655
1867.055	0.0055719191489025655
1867.199	0.0055719191489025655
1867.343	0.0055719191489025655
1867.487	0.0055719191489025655
1867.631	0.0055719191489025655
1867.775	0.0055719191489025655
1867.9180000000001	0.0055719191489025655
1868.0620000000001	0.0055719191489025655
1868.2060000000001	0.0055719191489025655
1868.3500000000001	0.0055719191489025655
1868.4940000000001	0.0055719191489025655
1868.6380000000001	0.0055719191489025655
1868.781	0.0055719191489025655
1868.925	0.0055719191489025655
1869.069	0.0055719191489025655
1869.213	0.0055719191489025655
1869.357	0.0055719191489025655
1869.501	0.0055719191489025655
1869.645	0.0055719191489025655
1869.789	0.0055719191489025655
1869.932	0.0055719191489025655
1870.076	0.0055719191489025655
1870.22	0.0055719191489025655
1870.364	0.0055719191489025655
1870.508	0.0055719191489025655
1870.652	0.0055719191489025655
1870.796	0.0055719191489025655
1870.939	0.0055719191489025655
1871.083	0.0055719191489025655
1871.227	0.0055719191489025655
1871.374	0.0055719191489025655
1871.515	0.0055719191489025655
1871.659	0.0055719191489025655
1871.803	0.0055719191489025655
1871.9460000000001	0.0055719191489025655
1872.0900000000001	0.0055719191489025655
1872.2340000000002	0.0055719191489025655
1872.3780000000002	0.005586784494039413
1872.5220000000002	0.005586784494039413
1872.6660000000002	0.005586784494039413
1872.809	0.005586784494039413
1872.953	0.005586784494039413
1873.097	0.005586784494039413
1873.241	0.005599710881114932
1873.385	0.005599710881114932
1873.529	0.005599710881114932
1873.673	0.005599710881114932
1873.816	0.005599710881114932
1873.96	0.005599710881114932
1874.104	0.005599710881114932
1874.248	0.005599710881114932
1874.391	0.005599710881114932
1874.536	0.005599710881114932
1874.68	0.005599710881114932
1874.824	0.005599710881114932
1874.9660000000001	0.005599710881114932
1875.111	0.005599710881114932
1875.255	0.005599710881114932
1875.3990000000001	0.005599710881114932
1875.5430000000001	0.005599710881114932
1875.6870000000001	0.005599710881114932
1875.8310000000001	0.005599710881114932
1875.9740000000002	0.005599710881114932
1876.1180000000002	0.005599710881114932
1876.262	0.005599710881114932
1876.406	0.005599710881114932
1876.549	0.005599710881114932
1876.694	0.005599710881114932
1876.837	0.005599710881114932
1876.981	0.005599710881114932
1877.125	0.005599710881114932
1877.269	0.005599710881114932
1877.413	0.005586784494039413
1877.556	0.0055719191489025655
1877.701	0.005569980190841238
1877.844	0.005568687552133685
1877.988	0.005568687552133685
1878.132	0.005569980190841238
1878.276	0.005569980190841238
1878.42	0.005569980190841238
1878.563	0.005569980190841238
1878.708	0.005568687552133685
1878.851	0.005569980190841238
1878.9950000000001	0.005569980190841238
1879.1390000000001	0.005568041232779911
1879.2830000000001	0.005568041232779911
1879.4270000000001	0.005568041232779911
1879.5700000000002	0.005568041232779911
1879.7150000000001	0.005568041232779911
1879.8590000000002	0.005568041232779911
1880.0030000000002	0.005569980190841238
1880.1470000000002	0.005569980190841238
1880.2910000000002	0.005569980190841238
1880.435	0.005569980190841238
1880.579	0.005569980190841238
1880.722	0.005569980190841238
1880.8680000000002	0.005569980190841238
1881.01	0.005569980190841238
1881.1570000000002	0.005569980190841238
1881.298	0.005569980190841238
1881.442	0.005569980190841238
1881.585	0.005569980190841238
1881.729	0.005569980190841238
1881.873	0.005569980190841238
1882.017	0.005569980190841238
1882.161	0.005569980190841238
1882.305	0.005569980190841238
1882.449	0.005569980190841238
1882.592	0.005569980190841238
1882.736	0.005569980190841238
1882.88	0.005569980190841238
1883.0240000000001	0.005569980190841238
1883.1680000000001	0.005569980190841238
1883.3120000000001	0.005569980190841238
1883.4560000000001	0.005569980190841238
1883.5990000000002	0.005569980190841238
1883.7430000000002	0.005569980190841238
1883.887	0.005569980190841238
1884.031	0.005569980190841238
1884.175	0.005569980190841238
1884.318	0.005569980190841238
1884.463	0.005569980190841238
1884.606	0.005569980190841238
1884.75	0.005569980190841238
1884.894	0.005569980190841238
1885.038	0.005569980190841238
1885.182	0.005569980190841238
1885.326	0.005569980190841238
1885.469	0.005569980190841238
1885.613	0.005569980190841238
1885.757	0.005569980190841238
1885.901	0.005569980190841238
1886.045	0.005569980190841238
1886.191	0.005569980190841238
1886.333	0.005569980190841238
1886.476	0.005569980190841238
1886.6200000000001	0.005569980190841238
1886.7640000000001	0.005569980190841238
1886.9080000000001	0.005569980190841238
1887.0510000000002	0.005569980190841238
1887.1960000000001	0.005569980190841238
1887.3390000000002	0.005569980190841238
1887.483	0.005569980190841238
1887.627	0.005569980190841238
1887.771	0.005569980190841238
1887.915	0.005569980190841238
1888.059	0.005569980190841238
1888.202	0.005569980190841238
1888.346	0.005569980190841238
1888.49	0.005569980190841238
1888.634	0.005569980190841238
1888.778	0.005569980190841238
1888.922	0.005569980190841238
1889.066	0.005569980190841238
1889.21	0.005569980190841238
1889.353	0.005569980190841238
1889.498	0.005569980190841238
1889.641	0.005569980190841238
1889.785	0.005569980190841238
1889.929	0.005569980190841238
1890.075	0.005569980190841238
1890.217	0.005569980190841238
1890.3600000000001	0.005569980190841238
1890.5040000000001	0.005569980190841238
1890.6480000000001	0.005569980190841238
1890.7920000000001	0.005569980190841238
1890.9360000000001	0.005569980190841238
1891.079	0.005569980190841238
1891.223	0.005569980190841238
1891.367	0.005569980190841238
1891.511	0.005569980190841238
1891.655	0.005569980190841238
1891.799	0.005569980190841238
1891.943	0.005569980190841238
1892.086	0.005569980190841238
1892.23	0.005569980190841238
1892.374	0.005569980190841238
1892.518	0.005569980190841238
1892.662	0.005569980190841238
1892.806	0.005569980190841238
1892.95	0.005569980190841238
1893.093	0.005569980190841238
1893.237	0.005569980190841238
1893.381	0.005569980190841238
1893.525	0.005569980190841238
1893.669	0.005569980190841238
1893.813	0.005569980190841238
1893.957	0.005569980190841238
1894.1000000000001	0.005569980190841238
1894.2440000000001	0.005569980190841238
1894.3880000000001	0.005569980190841238
1894.5330000000001	0.005569980190841238
1894.6760000000002	0.005569980190841238
1894.8200000000002	0.005569980190841238
1894.9640000000002	0.005569980190841238
1895.107	0.0055719191489025655
1895.251	0.0055829065779167564
1895.396	0.005592601368223396
1895.54	0.005596479284346052
1895.683	0.005599710881114932
1895.827	0.005603588797237588
1895.971	0.005610698310129123
1896.114	0.005613929906898003
1896.258	0.0056197467810819865
1896.402	0.005626209974619746
1896.546	0.005628148932681074
1896.691	0.005629441571388626
1896.834	0.005635258445572611
1896.977	0.0056430142778179215
1897.121	0.005646892193940578
1897.266	0.005652062748770784
1897.41	0.005657233303600993
1897.554	0.005659818581016097
1897.698	0.005659818581016097
1897.842	0.005659818581016097
1897.986	0.005659818581016097
1898.1290000000001	0.005659818581016097
1898.2730000000001	0.005659818581016097
1898.4170000000001	0.005659818581016097
1898.5610000000001	0.005659818581016097
1898.704	0.005659818581016097
1898.8490000000002	0.005659818581016097
1898.992	0.005659818581016097
1899.1380000000001	0.005659818581016097
1899.28	0.005659818581016097
1899.424	0.005659818581016097
1899.568	0.005659818581016097
1899.711	0.005659818581016097
1899.857	0.005659818581016097
1899.999	0.005659818581016097
1900.143	0.005659818581016097
1900.287	0.005659818581016097
1900.431	0.005659818581016097
1900.575	0.005659818581016097
1900.72	0.005659818581016097
1900.863	0.005659818581016097
1901.006	0.005659818581016097
1901.15	0.005659818581016097
1901.294	0.005659818581016097
1901.438	0.005659818581016097
1901.582	0.005659818581016097
1901.7250000000001	0.005659818581016097
1901.8690000000001	0.005659818581016097
1902.0130000000001	0.005659818581016097
1902.1570000000002	0.005659818581016097
1902.3010000000002	0.005659818581016097
1902.4450000000002	0.005659818581016097
1902.5890000000002	0.005659818581016097
1902.732	0.005659818581016097
1902.876	0.005659818581016097
1903.02	0.005659818581016097
1903.164	0.005659818581016097
1903.308	0.005659818581016097
1903.452	0.005659818581016097
1903.596	0.005659818581016097
1903.739	0.005659818581016097
1903.883	0.005659818581016097
1904.027	0.005659818581016097
1904.171	0.005657233303600993
1904.315	0.005657233303600993
1904.459	0.005659818581016097
1904.603	0.005660464900369873
1904.746	0.005660464900369873
1904.89	0.005660464900369873
1905.034	0.005660464900369873
1905.178	0.005660464900369873
1905.3220000000001	0.005660464900369873
1905.4660000000001	0.005660464900369873
1905.6100000000001	0.005660464900369873
1905.7530000000002	0.005660464900369873
1905.8970000000002	0.005660464900369873
1906.0410000000002	0.005661757539077425
1906.185	0.005660464900369873
1906.329	0.005660464900369873
1906.473	0.005661757539077425
1906.617	0.005661757539077425
1906.76	0.005663696497138752
1906.904	0.005664342816492528
1907.048	0.0056662817745538555
1907.192	0.005669513371322736
1907.336	0.005670806010030288
1907.48	0.005671452329384064
1907.624	0.00567209864873784
1907.767	0.005673391287445392
1907.911	0.0056785618422755995
1908.055	0.005685671355167135
1908.201	0.005688902951936015
1908.343	0.005693427187412447
1908.487	0.005699890380950206
1908.631	0.005703768297072862
1908.7740000000001	0.005707646213195517
1908.9180000000001	0.005709585171256845
1909.063	0.005711524129318173
1909.2060000000001	0.0057147557260870535
1909.351	0.005716694684148382
1909.4940000000001	0.0057263894744550205
1909.6380000000001	0.0057367305841154355
1909.7820000000002	0.005738023222822988
1909.9260000000002	0.005739962180884316
1910.0700000000002	0.0057457790550683
1910.213	0.0057496569711909555
1910.357	0.0057496569711909555
1910.501	0.005750303290544731
1910.645	0.005752888567959835
1910.788	0.005756120164728714
1910.932	0.005758059122790042
1911.076	0.005763875996974026
1911.22	0.005772278148573114
1911.363	0.00577615606469577
1911.508	0.005778095022757097
1911.651	0.005778095022757097
1911.795	0.005780033980818425
1911.939	0.005781972938879753
1912.083	0.0057852045356486335
1912.227	0.005787789813063737
1912.3700000000001	0.005787789813063737
1912.515	0.005789728771125064
1912.6580000000001	0.005792960367893944
1912.8020000000001	0.0057968382840166005
1912.9460000000001	0.005800716200139256
1913.0900000000001	0.005803947796908135
1913.2340000000002	0.0058078257130307915
1913.377	0.005811703629153447
1913.5220000000002	0.005814935225922327
1913.665	0.005818813142044983
1913.809	0.005821398419460087
1913.953	0.005825922654936519
1914.097	0.00583367848718183
1914.241	0.00584014168071959
1914.384	0.0058427269581346935
1914.529	0.005845312235549798
1914.674	0.005849190151672453
1914.817	0.005850482790380005
1914.961	0.005850482790380005
1915.105	0.005852421748441333
1915.249	0.005852421748441333
1915.392	0.005852421748441333
1915.537	0.005862762858101748
1915.68	0.005862762858101748
1915.824	0.005874396606469715
1915.968	0.005882798758068804
1916.112	0.005888615632252787
1916.256	0.005888615632252787
1916.404	0.005888615632252787
1916.544	0.005882798758068804
1916.6870000000001	0.005874396606469715
1916.8310000000001	0.005874396606469715
1916.9750000000001	0.005874396606469715
1917.1190000000001	0.005874396606469715
1917.2630000000001	0.005874396606469715
1917.406	0.005874396606469715
1917.5510000000002	0.005874396606469715
1917.694	0.005874396606469715
1917.838	0.005874396606469715
1917.982	0.005874396606469715
1918.126	0.005874396606469715
1918.27	0.005874396606469715
1918.413	0.005874396606469715
1918.557	0.005874396606469715
1918.701	0.005874396606469715
1918.845	0.005874396606469715
1918.989	0.005874396606469715
1919.133	0.005874396606469715
1919.277	0.005874396606469715
1919.42	0.005874396606469715
1919.564	0.005874396606469715
1919.708	0.005874396606469715
1919.852	0.005874396606469715
1919.996	0.005874396606469715
1920.14	0.005874396606469715
1920.284	0.005874396606469715
1920.4270000000001	0.005874396606469715
1920.5710000000001	0.005874396606469715
1920.7150000000001	0.005874396606469715
1920.8590000000002	0.005874396606469715
1921.0030000000002	0.005874396606469715
1921.1470000000002	0.005874396606469715
1921.2910000000002	0.005874396606469715
1921.434	0.005874396606469715
1921.578	0.005874396606469715
1921.722	0.005874396606469715
1921.866	0.005874396606469715
1922.01	0.005874396606469715
1922.154	0.005874396606469715
1922.298	0.005874396606469715
1922.441	0.005874396606469715
1922.585	0.005874396606469715
1922.729	0.005874396606469715
1922.873	0.005874396606469715
1923.017	0.005874396606469715
1923.161	0.005874396606469715
1923.306	0.005874396606469715
1923.448	0.005874396606469715
1923.593	0.005874396606469715
1923.737	0.005874396606469715
1923.881	0.005874396606469715
1924.025	0.005874396606469715
1924.1680000000001	0.005874396606469715
1924.3120000000001	0.005882798758068804
1924.4550000000002	0.005882798758068804
1924.5990000000002	0.005888615632252787
1924.7430000000002	0.005896371464498099
1924.887	0.0059034809773896345
1925.031	0.0059034809773896345
1925.175	0.0059034809773896345
1925.319	0.0059034809773896345
1925.462	0.005905419935450962
1925.606	0.005908005212866066
1925.75	0.005909944170927394
1925.894	0.005909944170927394
1926.038	0.005909944170927394
1926.182	0.005911883128988721
1926.328	0.0059138220870500495
1926.469	0.0059151147257576015
1926.613	0.005918346322526481
1926.757	0.005923516877356689
1926.901	0.0059261021547717925
1927.045	0.005928041112833121
1927.189	0.005929333751540673
1927.333	0.005929980070894448
1927.476	0.005930626390248224
1927.6200000000001	0.005933857987017104
1927.7640000000001	0.0059396748612010886
1927.9080000000001	0.005942260138616192
1928.0520000000001	0.005945491735385071
1928.1960000000001	0.005948723332153951
1928.3390000000002	0.005955832845045487
1928.483	0.005964881315998351
1928.627	0.005970698190182333
1928.771	0.005975222425658766
1928.915	0.005983624577257853
1929.059	0.005992673048210717
1929.203	0.005999136241748476
1929.347	0.00600818471270134
1929.49	0.006015940544946651
1929.634	0.006022403738484411
1929.778	0.0060314522094372745
1929.922	0.00603856172232881
1930.066	0.006040500680390137
1930.21	0.00604825651263545
1930.354	0.006065060815833625
1930.497	0.006077340883555368
1930.641	0.0060812187996780245
1930.785	0.006085743035154455
1930.929	0.006089620951277111
1931.073	0.006095437825461095
1931.22	0.0061031936577064065
1931.3600000000001	0.006107717893182838
1931.5040000000001	0.006109656851244166
1931.6480000000001	0.006119997960904582
1931.7920000000001	0.006130985389918773
1931.9360000000001	0.006132924347980101
1932.0800000000002	0.006138741222164084
1932.2250000000001	0.0061490823318244995
1932.3680000000002	0.006156838164069811
1932.512	0.00616653295437645
1932.656	0.0061742887866217625
1932.8	0.006176227744683091
1932.944	0.006181398299513297
1933.088	0.006194971005942592
1933.232	0.006205958434956783
1933.376	0.006216945863970974
1933.519	0.006227933292985166
1933.663	0.006229872251046495
1933.807	0.006234396486522927
1933.951	0.00624021336070691
1934.095	0.00624344495747579
1934.239	0.006247322873598447
1934.382	0.006247322873598447
1934.526	0.006247322873598447
1934.67	0.006247322873598447
1934.814	0.006251200789721101
1934.958	0.006252493428428653
1935.102	0.006252493428428653
1935.246	0.006252493428428653
1935.391	0.006252493428428653
1935.5330000000001	0.006252493428428653
1935.6770000000001	0.006253139747782429
1935.8210000000001	0.006253139747782429
1935.9640000000002	0.0062557250251975335
1936.1090000000002	0.006258956621966413
1936.2530000000002	0.006262188218735292
1936.396	0.006262188218735292
1936.54	0.006262188218735292
1936.684	0.006269297731626829
1936.828	0.006274468286457036
1936.971	0.006274468286457036
1937.116	0.006274468286457036
1937.26	0.006274468286457036
1937.404	0.006274468286457036
1937.547	0.006274468286457036
1937.691	0.006274468286457036
1937.836	0.006274468286457036
1937.979	0.006274468286457036
1938.123	0.006274468286457036
1938.266	0.006274468286457036
1938.41	0.006274468286457036
1938.554	0.006274468286457036
1938.698	0.006274468286457036
1938.842	0.006274468286457036
1938.987	0.006274468286457036
1939.13	0.006274468286457036
1939.2740000000001	0.006274468286457036
1939.4170000000001	0.006274468286457036
1939.5610000000001	0.006274468286457036
1939.7050000000002	0.006274468286457036
1939.8490000000002	0.006274468286457036
1939.992	0.006274468286457036
1940.137	0.006274468286457036
1940.28	0.006274468286457036
1940.424	0.006274468286457036
1940.568	0.006274468286457036
1940.712	0.006274468286457036
1940.856	0.006274468286457036
1940.999	0.006274468286457036
1941.143	0.006274468286457036
1941.287	0.006274468286457036
1941.431	0.006274468286457036
1941.575	0.006274468286457036
1941.719	0.006274468286457036
1941.863	0.006274468286457036
1942.007	0.006274468286457036
1942.151	0.006274468286457036
1942.294	0.006274468286457036
1942.438	0.006274468286457036
1942.582	0.006274468286457036
1942.726	0.006274468286457036
1942.8700000000001	0.006274468286457036
1943.0130000000001	0.006274468286457036
1943.1580000000001	0.006274468286457036
1943.3010000000002	0.006274468286457036
1943.4450000000002	0.006274468286457036
1943.5890000000002	0.006274468286457036
1943.733	0.006274468286457036
1943.877	0.006274468286457036
1944.02	0.006274468286457036
1944.164	0.006274468286457036
1944.3110000000001	0.006274468286457036
1944.452	0.006274468286457036
1944.596	0.006274468286457036
1944.74	0.006274468286457036
1944.884	0.006274468286457036
1945.027	0.006274468286457036
1945.172	0.006274468286457036
1945.315	0.006274468286457036
1945.459	0.006274468286457036
1945.603	0.006274468286457036
1945.747	0.006274468286457036
1945.891	0.006274468286457036
1946.035	0.006274468286457036
1946.178	0.006274468286457036
1946.3220000000001	0.006274468286457036
1946.4660000000001	0.006274468286457036
1946.6100000000001	0.006274468286457036
1946.7540000000001	0.006274468286457036
1946.8980000000001	0.006269297731626829
1947.0410000000002	0.006262188218735292
1947.185	0.006258956621966413
1947.329	0.006258956621966413
1947.473	0.0062557250251975335
1947.617	0.006253139747782429
1947.761	0.006252493428428653
1947.905	0.006252493428428653
1948.048	0.006248615512305998
1948.192	0.006241505999414462
1948.336	0.006238274402645582
1948.48	0.00623375016716915
1948.624	0.006227933292985166
1948.768	0.006225994334923839
1948.912	0.0062201774607398555
1949.055	0.006211128989786992
1949.199	0.006205958434956783
1949.343	0.0061962636446501445
1949.487	0.0061962636446501445
1949.632	0.0061852762156359535
1949.776	0.006181398299513297
1949.92	0.006176227744683091
1950.063	0.0061742887866217625
1950.207	0.006167825593084002
1950.351	0.0061607160801924665
1950.4950000000001	0.006156838164069811
1950.6390000000001	0.0061490823318244995
1950.7830000000001	0.006138741222164084
1950.9270000000001	0.006131631709272549
1951.0700000000002	0.006118059002843254
1951.2140000000002	0.0061031936577064065
1951.358	0.006095437825461095
1951.502	0.006089620951277111
1951.645	0.006083804077093128
1951.79	0.006077340883555368
1951.934	0.006077340883555368
1952.078	0.006077340883555368
1952.222	0.006077340883555368
1952.365	0.006077340883555368
1952.509	0.006077340883555368
1952.652	0.006066353454541176
1952.797	0.006051488109404329
1952.94	0.006051488109404329
1953.084	0.006066353454541176
1953.228	0.006077340883555368
1953.376	0.006083804077093128
1953.516	0.006094145186753543
1953.659	0.006121936918965909
1953.804	0.0061490823318244995
1953.9470000000001	0.006156838164069811
1954.0910000000001	0.0061607160801924665
1954.2350000000001	0.006168471912437778
1954.3790000000001	0.006176227744683091
1954.5230000000001	0.006181398299513297
1954.6670000000001	0.0061852762156359535
1954.8110000000001	0.0061962636446501445
1954.954	0.006211128989786992
1955.098	0.0062201774607398555
1955.242	0.006227286973631391
1955.386	0.00623375016716915
1955.53	0.006238274402645582
1955.673	0.006241505999414462
1955.818	0.006248615512305998
1955.961	0.006252493428428653
1956.105	0.006253139747782429
1956.249	0.0062557250251975335
1956.393	0.006258956621966413
1956.537	0.006262188218735292
1956.68	0.006269297731626829
1956.825	0.006274468286457036
1956.968	0.006275114605810812
1957.112	0.006288040992886331
1957.256	0.00630096737996185
1957.4	0.006304845296084506
1957.544	0.006315832725098697
1957.6870000000001	0.006324234876697785
1957.832	0.0063268201541128895
1957.9750000000001	0.006330051750881769
1958.1190000000001	0.006335222305711976
1958.2630000000001	0.006340392860542185
1958.4070000000002	0.006348148692787495
1958.5510000000002	0.006356550844386583
1958.694	0.006364306676631895
1958.838	0.006371416189523431
1958.982	0.006378525702414966
1959.126	0.0063856352153065015
1959.27	0.006386927854014054
1959.414	0.006387574173367829
1959.558	0.006389513131429157
1959.7050000000002	0.006394683686259365
1959.845	0.006402439518504676
1959.989	0.006417304863641523
1960.133	0.0064308775700708184
1960.277	0.0064425113184387855
1960.421	0.0064534987474529765
1960.565	0.0064534987474529765
1960.708	0.0064534987474529765
1960.852	0.0064534987474529765
1960.996	0.0064534987474529765
1961.14	0.0064534987474529765
1961.284	0.0064534987474529765
1961.431	0.0064534987474529765
1961.5710000000001	0.0064534987474529765
1961.7150000000001	0.0064534987474529765
1961.8590000000002	0.0064534987474529765
1962.0030000000002	0.006458669302283185
1962.1470000000002	0.006463839857113393
1962.2910000000002	0.00647547360548136
1962.435	0.006487107353849327
1962.578	0.0064909852699719835
1962.722	0.006506496934462607
1962.866	0.006532996027967421
1963.01	0.006558202482764683
1963.154	0.006570482550486426
1963.298	0.006582116298854393
1963.441	0.006598920602052569
1963.587	0.006598920602052569
1963.729	0.006604737476236553
1963.873	0.006609261711712984
1964.017	0.006624773376203607
1964.161	0.0066448092761706625
1964.305	0.006668723092260373
1964.448	0.006693929547057635
1964.593	0.006705563295425603
1964.736	0.0067146117663784664
1964.88	0.006741757179237057
1965.0240000000001	0.006761793079204111
1965.1680000000001	0.006762439398557887
1965.3110000000001	0.006766317314680543
1965.4560000000001	0.006776012104987182
1965.5990000000002	0.006786353214647598
1965.7440000000001	0.006801218559784445
1965.8880000000001	0.006815437585567516
1966.0320000000002	0.006828363972643034
1966.1760000000002	0.006847107233902538
1966.318	0.006860679940331833
1966.462	0.006869728411284696
1966.606	0.006886532714482871
1966.75	0.006907214933803703
1966.894	0.006933067707954741
1967.038	0.006993175407855906
1967.182	0.00706297789806371
1967.327	0.007108866572181802
1967.471	0.007141828859224376
1967.614	0.007161864759191431
1967.758	0.00718448593657359
1967.902	0.007203875517186868
1968.046	0.007213570307493508
1968.189	0.007229728291337908
1968.333	0.007242654678413427
1968.477	0.007255581065488946
1968.621	0.007264629536441809
1968.765	0.007264629536441809
1968.912	0.007266568494503137
1969.054	0.007266568494503137
1969.1970000000001	0.007266568494503137
1969.3410000000001	0.007266568494503137
1969.486	0.007266568494503137
1969.6280000000002	0.007266568494503137
1969.7720000000002	0.007266568494503137
1969.9160000000002	0.007266568494503137
1970.059	0.007266568494503137
1970.204	0.007266568494503137
1970.347	0.007266568494503137
1970.491	0.007266568494503137
1970.635	0.007266568494503137
1970.779	0.007266568494503137
1970.923	0.007266568494503137
1971.066	0.007266568494503137
1971.211	0.007266568494503137
1971.354	0.007266568494503137
1971.501	0.007266568494503137
1971.642	0.007266568494503137
1971.786	0.007266568494503137
1971.93	0.007266568494503137
1972.073	0.007266568494503137
1972.217	0.007266568494503137
1972.361	0.007266568494503137
1972.505	0.007266568494503137
1972.6490000000001	0.007266568494503137
1972.7930000000001	0.007266568494503137
1972.9370000000001	0.007266568494503137
1973.0800000000002	0.007266568494503137
1973.2250000000001	0.007266568494503137
1973.3680000000002	0.007266568494503137
1973.512	0.007266568494503137
1973.656	0.007266568494503137
1973.8	0.007266568494503137
1973.944	0.007266568494503137
1974.087	0.007266568494503137
1974.232	0.007266568494503137
1974.375	0.007266568494503137
1974.519	0.007266568494503137
1974.663	0.007266568494503137
1974.807	0.007266568494503137
1974.951	0.007266568494503137
1975.094	0.007266568494503137
1975.238	0.007266568494503137
1975.382	0.007266568494503137
1975.526	0.007276263284809776
1975.67	0.007284665436408865
1975.814	0.007285311755762641
1975.958	0.007286604394470193
1976.101	0.007286604394470193
1976.249	0.007286604394470193
1976.3890000000001	0.007286604394470193
1976.5330000000001	0.0072924212686541765
1976.6770000000001	0.0072924212686541765
1976.8210000000001	0.007310518210559903
1976.9650000000001	0.007310518210559903
1977.108	0.007310518210559903
1977.252	0.007326676194404301
1977.396	0.007326676194404301
1977.54	0.007338309942772269
1977.684	0.007346712094371356
1977.828	0.007346712094371356
1977.972	0.007346712094371356
1978.115	0.007346712094371356
1978.259	0.007346712094371356
1978.403	0.007377735423352603
1978.547	0.007558704842409872
1978.691	0.007982690338486902
1978.835	0.008461612979634891
1978.979	0.008724664956621707
1979.122	0.009114395526948612
1979.266	0.009833748967701257
1979.41	0.010310732650787916
1979.554	0.01054728553426992
1979.698	0.01069270738886951
1979.842	0.010792886888704785
1979.986	0.01090405381755425
1980.13	0.01106240205922936
1980.2740000000001	0.011324807716862402
1980.4170000000001	0.011449547352141161
1980.563	0.011492204429490374
1980.7050000000002	0.011803730358010389
1980.8490000000002	0.012218667383134558
1980.9930000000002	0.012431952769880624
1981.136	0.012512096369748843
1981.28	0.012738954462924206
1981.424	0.013001360120557246
1981.568	0.013091198510732104
1981.712	0.013153245168694597
1981.856	0.013368469513501992
1982.0	0.01380214979988566
1982.144	0.014220964741132484
1982.287	0.014540246501897811
1982.431	0.014749653972521221
1982.575	0.014959707762498409
1982.718	0.015278989523263734
1982.863	0.01556918691310914
1983.007	0.015904626657718864
1983.15	0.016180605021781203
1983.294	0.016417157905263203
1983.438	0.017124231278294107
1983.582	0.017981250741401028
1983.7250000000001	0.018436905885813083
1983.8690000000001	0.01881047847229559
1984.0130000000001	0.01922024494258955
1984.1570000000002	0.01957184267104367
1984.3010000000002	0.01990017290276186
1984.4450000000002	0.020196833486145024
1984.5900000000001	0.020551662811368027
1984.733	0.020832811730260574
1984.8780000000002	0.021637479325711646
1985.0220000000002	0.02270713785621086
1985.165	0.02317378042963711
1985.309	0.023433600809855043
1985.453	0.023776796386710077
1985.597	0.024142613140947275
1985.74	0.02441212831147185
1985.885	0.024676472927166217
1986.028	0.02494275650092191
1986.172	0.025256221387503254
1986.316	0.02607575432809118
1986.46	0.026820960542994862
1986.604	0.027037477526509805
1986.747	0.027266274577746497
1986.892	0.027745843538248258
1987.035	0.02821571770844338
1987.179	0.02844257580161874
1987.323	0.02870562777860556
1987.467	0.02903008009420109
1987.611	0.029382324142008996
1987.7540000000001	0.03031431665015393
1987.8980000000001	0.031117045287543676
1988.0420000000001	0.03136135400327099
1988.1860000000001	0.03169162319305051
1988.3300000000002	0.03207165897307077
1988.4740000000002	0.03244135364343062
1988.6180000000002	0.03274124582358266
1988.761	0.0331005993842821
1988.905	0.03348386676107125
1989.049	0.033829001295987614
1989.193	0.034759054846071225
1989.337	0.03581255539272604
1989.481	0.03627790532744472
1989.6290000000001	0.036573273272120344
1989.768	0.03689578662965455
1989.912	0.03724738435810867
1990.056	0.03760738423816189
1990.2	0.03789693530865351
1990.344	0.03827115421448979
1990.488	0.038921997803742184
1990.632	0.04023208713384606
1990.775	0.04148788563823276
1990.92	0.041928029118154186
1991.063	0.04222404338218358
1991.207	0.04256530000097729
1991.351	0.04298023702610146
1991.497	0.04332149364489516
1991.6390000000001	0.04362591006052363
1991.7820000000002	0.04412874651776133
1991.9260000000002	0.04492307300355199
1992.0700000000002	0.046218943307872795
1992.2140000000002	0.047317686209291936
1992.357	0.04783344905360515
1992.502	0.04820572900138011
1992.646	0.04859933748782966
1992.789	0.04908601596122296
1992.933	0.04970454358278656
1993.077	0.0502707193366943
1993.221	0.05076192204556403
1993.365	0.0517145967730298
1993.509	0.05316881531902572
1993.653	0.0542662655817373
1993.797	0.05476845571962122
1993.94	0.055215062393080404
1994.085	0.05574245898576159
1994.229	0.05635387709443365
1994.372	0.05696981943858214
1994.516	0.05758511546337686
1994.66	0.05818748510109605
1994.803	0.05954475574402557
1994.9470000000001	0.06151990768916491
1995.0910000000001	0.0627705356387214
1995.2350000000001	0.06348859644076649
1995.3780000000002	0.06406769858174975
1995.5230000000001	0.06459768045184605
1995.6670000000001	0.06530540014423072
1995.81	0.06588773388198285
1995.954	0.06646748234231989
1996.098	0.0671745557153508
1996.242	0.06867466293546481
1996.386	0.07063430321611353
1996.53	0.07192241768818902
1996.674	0.07290288414786716
1996.817	0.07372823396263906
1996.961	0.07437907755189145
1997.105	0.07488449928654425
1997.249	0.07549721003392386
1997.393	0.07625857423267195
1997.537	0.07696887920247172
1997.681	0.07863896841262881
1997.824	0.08084614900577372
1997.968	0.0821452509068634
1998.112	0.08299128294095615
1998.256	0.0837746219977326
1998.4	0.08462582458665555
1998.548	0.08552097689163525
1998.688	0.08620542908728399
1998.8310000000001	0.08698553654729158
1998.9750000000001	0.0878936152393468
1999.1190000000001	0.09036514044818608
1999.2630000000001	0.09336341593035277
1999.406	0.09480341545056561
1999.5510000000002	0.0956908119233
1999.694	0.09673784927641707
1999.838	0.09782754370688335
1999.982	0.09871558649897151
2000.126	0.09969282136188076
2000.27	0.10078122315363947
2000.413	0.10181016356485081
2000.558	0.10494545875001801
2000.702	0.1086404664955552
2000.845	0.11018581607043353
2000.989	0.11135759305882934
2001.133	0.11265540232121146
2001.277	0.11391313978365948
2001.42	0.11524197237502286
2001.565	0.11664125377594782
2001.709	0.11808319225422201
2001.852	0.11953159392603392
2001.996	0.1236053448128838
2002.141	0.1276144637643561
2002.285	0.12879335026564342
2002.428	0.13013446292472858
2002.573	0.13139284670653037
2002.7160000000001	0.13247090738862866
2002.8600000000001	0.13333762164204221
2003.0040000000001	0.13369762152209544
2003.152	0.1338120200477138
2003.2920000000001	0.13393158912816236
2003.435	0.13409316896660634
2003.5800000000002	0.13416103249875283
2003.723	0.13424570033409747
2003.867	0.13446674155308885
2004.011	0.1346373698624857
2004.155	0.13473884200102854
2004.299	0.13483837518151004
2004.443	0.13500512557478422
2004.587	0.13516347381645932
2004.73	0.1352927376872145
2004.874	0.13555449702549377
2005.018	0.13573611276390485
2005.162	0.13576713609288607
2005.306	0.13608253993752872
2005.45	0.1365026475174831
2005.593	0.1366829706171866
2005.737	0.13678056483960677
2005.881	0.13693762044257435
2006.025	0.13730020560004266
2006.169	0.13778429879602086
2006.313	0.1381643345760411
2006.46	0.13829876900162652
2006.6000000000001	0.1384015337788769
2006.7440000000001	0.13882422663624638
2006.8880000000001	0.139188750751776
2007.0320000000002	0.1393212462193001
2007.1760000000002	0.13960433409625395
2007.3200000000002	0.13990810419252867
2007.4640000000002	0.14011621902444452
2007.607	0.1405654109753188
2007.751	0.1411412815195332
2007.895	0.14138817551267563
2008.039	0.14151162250924681
2008.184	0.14166350755738416
2008.327	0.14179858830232336
2008.471	0.141932376408555
2008.614	0.14207715194380077
2008.758	0.1422678161531647
2008.902	0.14248304049797209
2009.046	0.14302465611643636
2009.19	0.14357402756714593
2009.334	0.14382544579576478
2009.477	0.1440128784083598
2009.621	0.14420677421449257
2009.765	0.14447758202372474
2009.909	0.14463140602992341
2010.053	0.14465402720730555
2010.1970000000001	0.14487054419082052
2010.3410000000001	0.14523248302893504
2010.4850000000001	0.145711405670083
2010.6280000000002	0.14618774303381588
2010.7720000000002	0.1463654808561043
2010.9160000000002	0.14651090271070388
2011.06	0.1466905794910536
2011.203	0.14681596544568615
2011.348	0.1469303639713045
2011.491	0.1470641520775361
2011.635	0.1472257319159801
2011.779	0.1474519436898017
2011.923	0.14788497765683156
2012.067	0.14822494163691774
2012.211	0.1484110816108052
2012.355	0.1486534513684712
2012.498	0.14876978885215086
2012.642	0.14891908862287312
2012.786	0.14910070436128417
2012.93	0.1491840795579213
2013.074	0.1492403093416998
2013.218	0.14951176347028566
2013.362	0.14986465383744735
2013.505	0.14996806493405151
2013.6490000000001	0.15005661068551882
2013.7930000000001	0.15021172733042504
2013.9370000000001	0.1502860540561093
2014.0810000000001	0.1504864130557798
2014.2240000000002	0.15080569481654515
2014.3690000000001	0.15094336083889942
2014.512	0.15102608971618275
2014.656	0.15109847748380567
2014.8	0.15132145766085836
2014.944	0.15156382741852437
2015.088	0.1517402726021052
2015.232	0.1519205957018087
2015.375	0.1519580822243277
2015.519	0.15208023658219133
2015.663	0.15222953635291359
2015.807	0.15234910543336216
2015.951	0.15246156500091917
2016.095	0.1525869509555517
2016.239	0.15273948232304282
2016.382	0.15297797416458614
2016.526	0.15316928469330385
2016.672	0.15321258809000685
2016.814	0.15338903327358766
2016.958	0.15354221096043258
2017.102	0.1536404515022065
2017.2450000000001	0.1537244730181974
2017.3890000000001	0.15378134912132968
2017.5330000000001	0.15392095410174528
2017.6770000000001	0.15421567572706713
2017.8210000000001	0.15445416756861047
2017.9650000000001	0.15448971513306814
2018.1090000000002	0.1546357833070215
2018.2530000000002	0.1547857293970975
2018.396	0.15489237209047055
2018.54	0.15500677061608892
2018.684	0.1550681709546976
2018.828	0.155170935731948
2018.972	0.15528404161885878
2019.115	0.1553538441090666
2019.259	0.1554262318766895
2019.403	0.15553804512489272
2019.548	0.15568475961819989
2019.692	0.15582953515344572
2019.836	0.1559290683339272
2019.98	0.15605122269179086
2020.124	0.15613395156907417
2020.267	0.1561520485109799
2020.411	0.1562115098915273
2020.555	0.1562813123817351
2020.699	0.1563375421655136
2020.843	0.15644806277500928
2020.987	0.15655729074579744
2021.13	0.15662321531988257
2021.277	0.15666199448110912
2021.4180000000001	0.15667879878430732
2021.5620000000001	0.15678479515832655
2021.7060000000001	0.15687915778397787
2021.851	0.1568836820194543
2021.9940000000001	0.15693150965163372
2022.137	0.15698644679670468
2022.281	0.1569961415870113
2022.425	0.15717064781253082
2022.569	0.15737876264444667
2022.713	0.1574744179088055
2022.857	0.15755650046673506
2023.001	0.15758623115700876
2023.145	0.15761725448599
2023.288	0.15764957045367883
2023.432	0.15768899593425914
2023.576	0.15776913953412736
2023.72	0.15782343035984456
2023.863	0.15783247883079743
2024.008	0.15792231722097227
2024.151	0.15802443567886887
2024.295	0.15805222741108124
2024.439	0.15809488448843045
2024.583	0.15820152718180347
2024.727	0.1582765002268415
2024.871	0.15831075515259163
2025.0140000000001	0.15835018063317197
2025.1580000000001	0.15839930090405893
2025.3020000000001	0.1584426043007619
2025.4460000000001	0.15846845707491297
2025.5900000000001	0.1585208089425688
2025.736	0.15857703872634732
2025.8780000000002	0.15860547677791345
2026.0220000000002	0.15864619489720133
2026.165	0.15869531516808832
2026.309	0.15875542286798947
2026.453	0.1588840404193909
2026.597	0.15897452512891952
2026.741	0.15902946227399048
2026.884	0.15911413010933514
2027.029	0.1591638966995759
2027.172	0.15923046759301482
2027.317	0.1593791210443833
2027.46	0.15947154471197325
2027.604	0.15954910303442638
2027.748	0.15968159850195046
2027.892	0.15974623043732805
2028.035	0.15976044946311113
2028.179	0.1597720832114791
2028.323	0.15995175999182878
2028.467	0.16015664322697576
2028.611	0.16018508127854192
2028.755	0.1602148119688156
2028.8990000000001	0.160268456475179
2029.0430000000001	0.16031563778800467
2029.1860000000001	0.16034084424280193
2029.3300000000002	0.16035312431052365
2029.4740000000002	0.16038026972338223
2029.6180000000002	0.1604513648522976
2029.762	0.16050630199736857
2029.905	0.16055025171342532
2030.05	0.16063491954876996
2030.193	0.16069438092931737
2030.337	0.16072605057765238
2030.481	0.1607771098066007
2030.625	0.16085014389357738
2030.769	0.16089150833221905
2030.913	0.1609755298482099
2031.056	0.1610912210125358
2031.2	0.16121014377363058
2031.344	0.16130386007992809
2031.488	0.16132906653472534
2031.632	0.1613814184023812
2031.776	0.16144346506034368
2031.919	0.16149517060864577
2032.063	0.16156109518273093
2032.207	0.16160375226008014
2032.351	0.1616205565632783
2032.4950000000001	0.1616341292697076
2032.6390000000001	0.16166773787610395
2032.7830000000001	0.16169940752443898
2032.9260000000002	0.16171685814699094
2033.0700000000002	0.16175628362757127
2033.2140000000002	0.16178019744366098
2033.358	0.16179441646944404
2033.502	0.16181380605005735
2033.646	0.16183513458873194
2033.79	0.16185387784999145
2033.933	0.161892657011218
2034.077	0.16193143617244457
2034.221	0.16193531408856723
2034.365	0.16193725304662854
2034.509	0.1620277377561572
2034.652	0.16213825836565288
2034.799	0.16219448814943138
2034.94	0.1622306820332428
2035.085	0.16225718112674764
2035.229	0.16229596028797422
2035.373	0.16231082563311106
2035.517	0.16231664250729502
2035.66	0.16232892257501677
2035.804	0.16234378792015364
2035.9470000000001	0.16237093333301222
2036.0910000000001	0.1624006640232859
2036.2350000000001	0.1624116514523001
2036.3790000000001	0.16242910207485206
2036.5220000000002	0.1624556011683569
2036.6670000000001	0.1624711128328475
2036.81	0.16252540365856466
2036.954	0.1625758165681592
2037.0990000000002	0.1626675939163954
2037.2430000000002	0.16278393140007505
2037.387	0.16282077160324027
2037.531	0.162838868545146
2037.674	0.16286924555477347
2037.818	0.16291254895147647
2037.962	0.16295908394494835
2038.106	0.16298752199651448
2038.25	0.16300497261906643
2038.394	0.16303599594804769
2038.538	0.16306249504155249
2038.682	0.1630838235802271
2038.825	0.1631077373963168
2038.969	0.1631264806575763
2039.113	0.16313423648982162
2039.257	0.16317560092846328
2039.401	0.16321890432516628
2039.544	0.16322795279611912
2039.689	0.16323829390577957
2039.834	0.16324992765414753
2039.976	0.16326737827669946
2040.1200000000001	0.16329517000891183
2040.2640000000001	0.1633171448669402
2040.4080000000001	0.16333976604432238
2040.5520000000001	0.16341344645065284
2040.6950000000002	0.16347355415055398
2040.8390000000002	0.1634813099827993
2040.983	0.1634871268569833
2041.127	0.1634929437311673
2041.271	0.1635006995634126
2041.415	0.16350457747953526
2041.559	0.16352138178273343
2041.702	0.16354012504399293
2041.846	0.16355111247300713
2041.99	0.16356597781814397
2042.134	0.16358278212134214
2042.278	0.16360152538260164
2042.421	0.16361639072773848
2042.565	0.16363707294705931
2042.709	0.16366680363733302
2042.853	0.16368683953730007
2042.997	0.163698473285668
2043.141	0.16372109446305017
2043.285	0.16374306932107857
2043.429	0.16375276411138523
2043.5720000000001	0.16377021473393716
2043.7160000000001	0.16378701903713533
2043.862	0.16379477486938065
2044.0040000000001	0.16380188438227217
2044.1480000000001	0.16381028653387128
2044.2920000000001	0.16382385924030057
2044.4360000000001	0.163865869998296
2044.579	0.16391046603370657
2044.723	0.16392856297561229
2044.867	0.16399448754969742
2045.011	0.16406816795602788
2045.155	0.16410306920113177
2045.299	0.16413086093334414
2045.442	0.16414314100106586
2045.586	0.16415218947201876
2045.73	0.16417481064940093
2045.874	0.16420324870096706
2046.018	0.16422522355899544
2046.162	0.16424978369443893
2046.306	0.1642665879976371
2046.449	0.1642782217460051
2046.593	0.1642937334104957
2046.737	0.1643066597975712
2046.882	0.1643363904878449
2047.025	0.16439197395226965
2047.169	0.16443463102961886
2047.3120000000001	0.16444432581992552
2047.457	0.16444885005540194
2047.6000000000001	0.1644553132489397
2047.744	0.1644682396360152
2047.8880000000001	0.16448245866179828
2048.0319999999997	0.1644876292166285
2048.176	0.16449344609081246
2048.3199999999997	0.16449926296499645
2048.464	0.1645167135875484
2048.607	0.16453933476493057
2048.7509999999997	0.16455032219394478
2048.8959999999997	0.16455613906812874
2049.0389999999998	0.16457423601003446
2049.183	0.16460332038095438
2049.3269999999998	0.16462852683575163
2049.471	0.16464080690347338
2049.614	0.16464597745830362
2049.758	0.1646569648873178
2049.902	0.16467183023245463
2050.046	0.16471642626786515
2050.19	0.16476166862262948
2050.3329999999996	0.1647726560516437
2050.477	0.164780411883889
2050.6209999999996	0.16479269195161075
2050.765	0.16480949625480892
2050.908	0.16482242264188443
2051.053	0.16482759319671464
2051.198	0.1648961030482149
2051.3399999999997	0.16499886782546527
2051.488	0.16509258413176278
2051.6279999999997	0.1651572160671404
2051.772	0.1652031047412585
2051.9159999999997	0.16537308673130155
2052.0589999999997	0.1655618119826041
2052.203	0.16564712613730256
2052.3469999999998	0.165732440292001
2052.491	0.165801596462855
2052.6349999999998	0.16584942409503442
2052.779	0.16588497165949212
2052.923	0.1659205192239498
2053.067	0.1659709321335443
2053.21	0.16598838275609626
2053.354	0.16599161435286514
2053.498	0.16599743122704913
2053.642	0.1660200524044313
2053.7859999999996	0.16604267358181343
2053.9289999999996	0.16604849045599743
2054.0739999999996	0.16605042941405876
2054.218	0.16605818524630406
2054.3619999999996	0.16606658739790314
2054.506	0.16607175795273338
2054.6499999999996	0.16607951378497868
2054.794	0.16608597697851643
2054.9379999999996	0.16609373281076176
2055.0809999999997	0.1661060128784835
2055.225	0.16611506134943638
2055.3689999999997	0.16611764662685147
2055.513	0.16612023190426656
2055.6569999999997	0.16612540245909677
2055.801	0.16612928037521943
2055.9449999999997	0.16613509724940342
2056.089	0.1661454383590638
2056.232	0.1661544868300167
2056.3759999999997	0.16616030370420068
2056.52	0.16616288898161577
2056.6639999999998	0.1661654742590309
2056.807	0.16617258377192243
2056.9519999999998	0.16617904696546018
2057.096	0.16618227856222906
2057.24	0.16618421752029036
2057.383	0.1661861564783517
2057.527	0.16618809543641302
2057.673	0.1661887417557668
2057.815	0.1661913270331819
2057.959	0.16619326599124323
2058.102	0.1662023144621961
2058.2459999999996	0.16621265557185655
2058.39	0.16621459452991788
2058.5339999999997	0.16621653348797918
2058.678	0.1662184724460405
2058.8219999999997	0.16622041140410182
2058.966	0.16622558195893206
2059.1099999999997	0.16623010619440848
2059.2529999999997	0.1662320451524698
2059.397	0.16623398411053114
2059.5409999999997	0.1662378620266538
2059.685	0.1662436789008378
2059.8289999999997	0.16624755681696043
2059.973	0.1662540200104982
2060.116	0.1662591905653284
2060.261	0.16625983688468216
2060.404	0.16626242216209727
2060.548	0.16626630007821996
2060.692	0.1662695316749888
2060.836	0.16627082431369636
2060.979	0.16627147063305014
2061.123	0.16627340959111148
2061.267	0.16627534854917278
2061.413	0.16627728750723408
2061.555	0.16627858014594166
2061.6989999999996	0.16627922646529544
2061.845	0.16627987278464923
2061.986	0.1662811654233568
2062.1299999999997	0.16628245806206435
2062.274	0.16628568965883322
2062.4179999999997	0.16628956757495586
2062.562	0.16629021389430965
2062.7059999999997	0.16629215285237098
2062.8509999999997	0.1662960307684936
2062.995	0.16629796972655495
2063.138	0.16629990868461628
2063.281	0.16630314028138515
2063.4249999999997	0.16630443292009273
2063.569	0.16630443292009273
2063.7129999999997	0.16630507923944648
2063.857	0.16630572555880027
2064.0009999999997	0.16630572555880027
2064.145	0.1663076645168616
2064.2889999999998	0.1663128350716918
2064.432	0.16631865194587575
2064.576	0.166323822500706
2064.72	0.1663283467361824
2064.864	0.16633093201359753
2065.008	0.16633545624907398
2065.151	0.1663393341651966
2065.2949999999996	0.16634062680390416
2065.4429999999998	0.16634191944261173
2065.585	0.16634385840067306
2065.727	0.16635032159421081
2065.8709999999996	0.16636001638451745
2066.0139999999997	0.16636518693934765
2066.158	0.16636712589740899
2066.305	0.16636906485547032
2066.446	0.16637035749417786
2066.5899999999997	0.16637358909094674
2066.734	0.1663774670070694
2066.877	0.16638134492319206
2067.0209999999997	0.1663832838812534
2067.165	0.1663858691586685
2067.3089999999997	0.16638845443608358
2067.453	0.166398795545744
2067.5969999999998	0.16640913665540444
2067.741	0.16640913665540444
2067.8849999999998	0.16641107561346574
2068.028	0.16641366089088086
2068.174	0.16641430721023465
2068.316	0.1664155998489422
2068.46	0.16641753880700352
2068.604	0.16642141672312616
2068.748	0.16642658727795634
2068.892	0.16642852623601767
2069.035	0.16642917255537146
2069.1789999999996	0.16643111151343282
2069.323	0.1664343431102017
2069.4669999999996	0.16643692838761678
2069.6099999999997	0.166442098942447
2069.7549999999997	0.16644726949727723
2069.8979999999997	0.16644920845533856
2070.042	0.1664505010940461
2070.1859999999997	0.1664511474133999
2070.33	0.1664530863714612
2070.4739999999997	0.16645437901016874
2070.618	0.16645631796823007
2070.761	0.16646019588435268
2070.9069999999997	0.16646407380047534
2071.051	0.1664660127585367
2071.1929999999998	0.16646795171659803
2071.337	0.16646989067465937
2071.4809999999998	0.16646989067465937
2071.625	0.16647053699401312
2071.769	0.16647570754884333
2071.912	0.16648217074238109
2072.057	0.16648475601979623
2072.201	0.16648863393591887
2072.345	0.16649186553268774
2072.489	0.16649768240687174
2072.633	0.1665034992810557
2072.777	0.1665041456004095
2072.9199999999996	0.16650673087782458
2073.064	0.16651319407136234
2073.2079999999996	0.16651771830683879
2073.352	0.16651965726490012
2073.4959999999996	0.16652224254231524
2073.64	0.16652418150037657
2073.7839999999997	0.16652741309714544
2073.9269999999997	0.1665299983745605
2074.071	0.16653064469391426
2074.2149999999997	0.1665325836519756
2074.359	0.16653452261003696
2074.5029999999997	0.16653452261003696
2074.6459999999997	0.16653452261003696
2074.7909999999997	0.16653775420680583
2074.9359999999997	0.166542924761636
2075.078	0.16654551003905116
2075.2219999999998	0.16654809531646625
2075.366	0.16655003427452758
2075.5099999999998	0.16655132691323515
2075.653	0.16655391219065024
2075.798	0.16655908274548048
2075.941	0.1665636069809569
2076.085	0.166566192258372
2076.229	0.1665681312164333
2076.374	0.1665700701744946
2076.518	0.16657394809061726
2076.6609999999996	0.16657717968738617
2076.805	0.1665791186454475
2076.948	0.16658105760350883
2077.0919999999996	0.16658428920027774
2077.236	0.16658945975510792
2077.3799999999997	0.16659721558735321
2077.524	0.1666049714195985
2077.6679999999997	0.16661014197442875
2077.8109999999997	0.16661466620990517
2077.955	0.1666172514873203
2078.0989999999997	0.1666224220421505
2078.243	0.16663147051310337
2078.3869999999997	0.1666385800259949
2078.531	0.16664439690017885
2078.6749999999997	0.1666508600937166
2078.819	0.16665473800983927
2078.962	0.16665603064854684
2079.1059999999998	0.16665796960660817
2079.25	0.16666184752273083
2079.394	0.16666507911949974
2079.537	0.16666701807756107
2079.682	0.16667477390980634
2079.826	0.1666805907839903
2079.973	0.16668188342269785
2080.113	0.1666838223807592
2080.2569999999996	0.1666838223807592
2080.401	0.16668576133882054
2080.5449999999996	0.16668963925494318
2080.69	0.16668963925494318
2080.832	0.16669351717106584
2080.9759999999997	0.1666948098097734
2081.12	0.16669545612912717
2081.2639999999997	0.16670127300331117
2081.408	0.16670773619684892
2081.5519999999997	0.16671161411297156
2081.6949999999997	0.166721955222632
2081.839	0.16673100369358487
2081.9849999999997	0.16673423529035375
2082.127	0.16674134480324526
2082.2709999999997	0.1667491006354906
2082.415	0.16675297855161322
2082.5589999999997	0.16675491750967453
2082.703	0.16675685646773586
2082.846	0.16676461229998119
2082.99	0.1667730144515803
2083.134	0.16678012396447184
2083.278	0.1667885261160709
2083.421	0.1667995135450851
2083.566	0.16680791569668418
2083.709	0.1668105009740993
2083.8529999999996	0.16681373257086818
2083.997	0.16681502520957575
2084.1409999999996	0.1668182568063446
2084.285	0.16682148840311348
2084.428	0.16682148840311348
2084.573	0.16682924423535878
2084.7169999999996	0.16683764638695786
2084.8599999999997	0.16683829270631165
2085.004	0.16684152430308052
2085.1479999999997	0.16684734117726452
2085.292	0.16685509700950985
2085.4359999999997	0.16686220652240136
2085.5789999999997	0.16686608443852402
2085.7239999999997	0.1668751329094769
2085.8669999999997	0.16688224242236843
2086.011	0.1668828887417222
2086.1549999999997	0.1668854740191373
2086.2999999999997	0.16689064457396752
2086.4429999999998	0.1668938761707364
2086.587	0.16689452249009018
2086.73	0.16689840040621282
2086.874	0.16690357096104302
2087.018	0.1669074488771657
2087.163	0.1669106804739346
2087.306	0.16691261943199592
2087.45	0.16691326575134968
2087.593	0.16691326575134968
2087.7369999999996	0.16691908262553368
2087.881	0.1669313626932554
2088.0249999999996	0.16694041116420827
2088.169	0.1669449353996847
2088.312	0.16694687435774602
2088.457	0.16695656914805265
2088.6009999999997	0.16696949553512816
2088.7439999999997	0.16698048296414236
2088.888	0.16698953143509526
2089.0339999999997	0.1669914703931566
2089.176	0.16699211671251035
2089.3199999999997	0.166995994628633
2089.464	0.1670069820576472
2089.609	0.1670179694866614
2089.752	0.16702507899955293
2089.8959999999997	0.16703024955438311
2090.04	0.16703671274792087
2090.185	0.1670444685801662
2090.328	0.16705351705111907
2090.4719999999998	0.1670606265640106
2090.615	0.16706191920271815
2090.759	0.16706256552207194
2090.903	0.1670632118414257
2091.047	0.16706450448013327
2091.191	0.16706579711884081
2091.335	0.16706579711884081
2091.479	0.1670664434381946
2091.622	0.16707226031237854
2091.7659999999996	0.16708001614462387
2091.91	0.16708260142203896
2092.056	0.16708260142203896
2092.1969999999997	0.16708518669945407
2092.3419999999996	0.16709229621234561
2092.4849999999997	0.1671006983639447
2092.629	0.16710845419619
2092.7729999999997	0.16711427107037397
2092.917	0.16711814898649663
2093.0609999999997	0.16712331954132686
2093.2039999999997	0.16712655113809577
2093.3489999999997	0.16712655113809577
2093.4919999999997	0.16712978273486465
2093.636	0.16713495328969485
2093.7799999999997	0.16713753856710994
2093.924	0.16713818488646373
2094.0679999999998	0.16713947752517128
2094.212	0.16714141648323255
2094.355	0.16714335544129388
2094.5	0.16714529439935524
2094.643	0.1671498186348317
2094.7709999999997	0.16715498918966187
2094.915	0.1671569281477232
2095.0589999999997	0.1671595134251383
2095.203	0.16716145238319963
2095.346	0.16716145238319963
2095.491	0.1671627450219072
2095.634	0.1671653302993223
2095.778	0.16716662293802986
2095.922	0.16716662293802986
2096.066	0.16716726925738362
2096.21	0.1671679155767374
2096.354	0.16716920821544495
2096.5009999999997	0.1671705008541525
2096.6409999999996	0.16717243981221386
2096.785	0.1671763177283365
2096.9289999999996	0.16717890300575158
2097.073	0.1671814882831667
2097.2169999999996	0.16718536619928934
2097.361	0.1671885977960582
2097.504	0.16718989043476576
2097.6479999999997	0.1671918293928271
2097.792	0.16719570730894978
2097.9359999999997	0.1671976462670111
2098.0789999999997	0.1671976462670111
2098.2239999999997	0.16719829258636487
2098.3669999999997	0.16719893890571863
2098.511	0.16720152418313372
2098.6549999999997	0.16720475577990263
2098.799	0.1672054020992564
2098.9429999999998	0.16720669473796396
2099.087	0.1672086336960253
2099.23	0.16721057265408662
2099.374	0.16721251161214792
2099.518	0.1672131579315017
2099.662	0.1672131579315017
2099.806	0.16722026744439325
2099.95	0.16722802327663855
2100.094	0.16722996223469988
2100.2369999999996	0.1672319011927612
2100.381	0.167232547512115
2100.527	0.16723577910888388
2100.669	0.1672403033443603
2100.8129999999996	0.16724224230242166
2100.957	0.167244181260483
2101.1009999999997	0.16724741285725186
2101.245	0.16724935181531317
2101.388	0.16724999813466696
2101.5319999999997	0.16725775396691225
2101.676	0.16726550979915755
2101.8199999999997	0.16726615611851134
2101.9629999999997	0.16726744875721888
2102.1079999999997	0.16726874139592646
2102.2509999999997	0.16726938771528022
2102.3959999999997	0.16727132667334155
2102.5389999999998	0.1672726193120491
2102.683	0.16727326563140288
2102.8269999999998	0.16727649722817178
2102.971	0.16727908250558687
2103.114	0.1672810214636482
2103.258	0.16728296042170954
2103.402	0.1672836067410633
2103.546	0.16728554569912463
2103.69	0.1672887772958935
2103.834	0.16729071625395484
2103.9779999999996	0.16729071625395484
2104.122	0.16729136257330862
2104.2659999999996	0.16729524048943126
2104.4089999999997	0.16729847208620013
2104.553	0.1672991184055539
2104.6969999999997	0.16730105736361522
2104.841	0.16730299632167656
2104.9849999999997	0.16730364264103034
2105.129	0.1673055815990917
2105.272	0.16731075215392188
2105.4159999999997	0.16731527638939833
2105.56	0.16731721534745966
2105.7039999999997	0.16731915430552097
2105.848	0.1673210932635823
2105.9919999999997	0.16732173958293606
2106.136	0.16732173958293606
2106.279	0.16732173958293606
2106.423	0.16732173958293606
2106.567	0.16732173958293606
2106.711	0.16732303222164363
2106.854	0.16732820277647384
2107.0	0.16733466597001162
2107.1459999999997	0.1673372512474267
2107.287	0.16733919020548804
2107.431	0.16734242180225692
2107.575	0.1673456533990258
2107.719	0.16734823867644089
2107.863	0.16735728714739376
2108.006	0.16736568929899284
2108.1499999999996	0.16736762825705417
2108.294	0.1673702135344693
2108.4379999999996	0.16737085985382305
2108.582	0.16737279881188438
2108.7259999999997	0.16737473776994571
2108.87	0.16738184728283725
2109.013	0.16739218839249764
2109.1569999999997	0.16739541998926652
2109.301	0.1673960663086203
2109.4449999999997	0.1673967126279741
2109.589	0.16739800526668164
2109.7329999999997	0.16739994422474297
2109.877	0.16740059054409673
2110.0209999999997	0.16740382214086563
2110.1639999999998	0.16740899269569584
2110.308	0.16741093165375717
2110.4519999999998	0.1674135169311723
2110.596	0.16741933380535626
2110.739	0.16742321172147892
2110.884	0.16743032123437046
2111.027	0.16743743074726197
2111.171	0.1674393697053233
2111.3179999999998	0.16744066234403085
2111.459	0.1674445402601535
2111.6029999999996	0.16745682032787523
2111.7459999999996	0.1674678077568894
2111.8909999999996	0.1674678077568894
2112.0339999999997	0.16747039303430453
2112.178	0.1674710393536583
2112.3219999999997	0.1674768562278423
2112.466	0.16748202678267252
2112.6099999999997	0.16748396574073385
2112.754	0.16748590469879518
2112.897	0.1674884899762103
2113.0409999999997	0.16749236789233296
2113.185	0.16749624580845557
2113.3289999999997	0.16749624580845557
2113.473	0.16749883108587066
2113.6169999999997	0.167500770043932
2113.761	0.1675040016407009
2113.904	0.16750852587617732
2114.048	0.16751240379229998
2114.192	0.16751498906971507
2114.336	0.16751822066648397
2114.48	0.16752209858260664
2114.623	0.16752468386002173
2114.769	0.1675259764987293
2114.9109999999996	0.16753114705355948
2115.055	0.16754278080192742
2115.1989999999996	0.16755053663417274
2115.343	0.16755635350835674
2115.4869999999996	0.16756346302124828
2115.6299999999997	0.16756475565995582
2115.7749999999996	0.16756734093737094
2115.9179999999997	0.16757121885349358
2116.067	0.16757251149220112
2116.2059999999997	0.1675731578115549
2116.35	0.1675847915599229
2116.4939999999997	0.16759577898893707
2116.638	0.16759577898893707
2116.781	0.16760159586312107
2116.9249999999997	0.1676145222501966
2117.069	0.167630680234041
2117.214	0.16763972870499388
2117.3559999999998	0.16764037502434764
2117.502	0.16765136245336182
2117.645	0.16766234988237602
2117.7889999999998	0.16766299620172978
2117.932	0.1676649351597911
2118.076	0.1676688130759138
2118.22	0.16767462995009774
2118.364	0.16768238578234304
2118.508	0.16768755633717325
2118.652	0.16768884897588082
2118.7949999999996	0.16768949529523458
2118.939	0.16768949529523458
2119.0829999999996	0.1676920805726497
2119.227	0.16769531216941858
2119.3709999999996	0.16770177536295633
2119.5139999999997	0.1677088848758479
2119.658	0.1677192259855083
2119.8019999999997	0.16772892077581492
2119.946	0.16773215237258382
2120.0899999999997	0.16773538396935267
2120.234	0.16773667660806024
2120.3779999999997	0.16773732292741403
2120.5209999999997	0.16774184716289048
2120.665	0.16774701771772066
2120.8089999999997	0.167748956675782
2120.953	0.16775089563384332
2121.0969999999998	0.16775477354996599
2121.241	0.16775865146608862
2121.3849999999998	0.16775994410479617
2121.529	0.1677618830628575
2121.672	0.1677618830628575
2121.816	0.16776382202091883
2121.96	0.1677644683402726
2122.104	0.1677644683402726
2122.247	0.16776834625639525
2122.392	0.16777157785316416
2122.5359999999996	0.16777545576928682
2122.68	0.167780626324117
2122.823	0.16778191896282457
2122.9669999999996	0.1677838579208859
2123.111	0.16778967479506987
2123.254	0.16779549166925384
2123.399	0.16779807694666896
2123.542	0.16779872326602274
2123.6859999999997	0.16780066222408407
2123.83	0.16780777173697561
2123.9739999999997	0.16781423493051337
2124.118	0.16781617388857467
2124.2619999999997	0.16781682020792846
2124.4049999999997	0.167818112846636
2124.551	0.1678213444434049
2124.694	0.16782522235952754
2124.8379999999997	0.1678291002756502
2124.982	0.167835563469188
2125.1279999999997	0.16784138034337195
2125.27	0.16784461194014083
2125.4139999999998	0.16784784353690974
2125.557	0.16784913617561728
2125.701	0.16784978249497107
2125.845	0.16785042881432483
2125.989	0.16785042881432483
2126.1319999999996	0.16785042881432483
2126.277	0.16785172145303237
2126.421	0.1678536604110937
2126.564	0.16785624568850882
2126.7079999999996	0.16785818464657012
2126.852	0.16785818464657012
2126.9959999999996	0.16785818464657012
2127.1389999999997	0.16785947728527767
2127.2839999999997	0.16786076992398521
2127.428	0.16786076992398521
2127.571	0.16786076992398521
2127.7149999999997	0.16786076992398521
2127.859	0.167861416243339
2128.0029999999997	0.16786206256269276
2128.147	0.1678633552014003
2128.29	0.1678633552014003
2128.4339999999997	0.16786464784010785
2128.578	0.16786658679816918
2128.7219999999998	0.16786917207558433
2128.866	0.167873049991707
2129.0099999999998	0.16787628158847587
2129.154	0.16787822054653717
2129.297	0.16787822054653717
2129.441	0.1678801595045985
2129.585	0.1678801595045985
2129.729	0.1678801595045985
2129.873	0.1678808058239523
2130.017	0.16788274478201362
2130.1609999999996	0.16788468374007495
2130.305	0.16788533005942874
2130.448	0.16788791533684383
2130.5919999999996	0.16789243957232025
2130.736	0.16789437853038158
2130.8799999999997	0.16789696380779667
2131.024	0.16790084172391934
2131.169	0.1679040733206882
2131.312	0.16790601227874954
2131.455	0.16790601227874954
2131.6	0.16790795123681088
2131.743	0.167910536514226
2131.8869999999997	0.16791312179164108
2132.0299999999997	0.16791506074970242
2132.1749999999997	0.16791635338841
2132.3179999999998	0.16791958498517884
2132.462	0.16792217026259396
2132.6059999999998	0.1679241092206553
2132.75	0.16792540185936283
2132.894	0.1679266944980704
2133.038	0.16792992609483925
2133.181	0.16793251137225434
2133.325	0.16793445033031568
2133.469	0.16793445033031568
2133.613	0.16793768192708455
2133.7569999999996	0.16793768192708455
2133.901	0.16794026720449967
2134.0449999999996	0.167942206162561
2134.191	0.16794543775932988
2134.332	0.1679473767173912
2134.4759999999997	0.167948023036745
2134.62	0.16794866935609876
2134.7639999999997	0.16794996199480633
2134.9069999999997	0.16794996199480633
2135.0519999999997	0.16795125463351387
2135.196	0.1679531935915752
2135.339	0.16795707150769787
2135.4829999999997	0.16795707150769787
2135.627	0.1679609494238205
2135.7709999999997	0.1679609494238205
2135.915	0.1679609494238205
2136.0589999999997	0.1679609494238205
2136.203	0.16796418102058938
2136.346	0.16796418102058938
2136.49	0.16796547365929693
2136.634	0.16796547365929693
2136.778	0.16796547365929693
2136.922	0.16796741261735826
2137.065	0.16796741261735826
2137.21	0.16796741261735826
2137.3529999999996	0.16796741261735826
2137.497	0.16796999789477335
2137.6409999999996	0.16796999789477335
2137.785	0.16797064421412713
2137.9289999999996	0.16797064421412713
2138.0719999999997	0.16797064421412713
2138.2169999999996	0.16797064421412713
2138.3599999999997	0.16797064421412713
2138.504	0.16797193685283468
2138.6479999999997	0.167973875810896
2138.792	0.16797452213024977
2138.9359999999997	0.16797452213024977
2139.08	0.1679764610883111
2139.223	0.1679764610883111
2139.3669999999997	0.16797840004637246
2139.511	0.1679803390044338
2139.6549999999997	0.16798357060120267
2139.799	0.16798680219797155
2139.9429999999998	0.16798874115603288
2140.087	0.16798874115603288
2140.23	0.16798938747538666
2140.374	0.16798938747538666
2140.518	0.16798938747538666
2140.662	0.16799003379474042
2140.806	0.16799132643344797
2140.95	0.1679932653915093
2141.094	0.1679932653915093
2141.238	0.1679939117108631
2141.381	0.16799520434957066
2141.531	0.167997143307632
2141.669	0.167997143307632
2141.8129999999996	0.167997143307632
2141.957	0.16799778962698575
2142.102	0.16799778962698575
2142.245	0.16799908226569332
2142.3889999999997	0.16800037490440087
2142.533	0.16800037490440087
2142.6769999999997	0.16800166754310839
2142.821	0.1680036065011697
2142.9649999999997	0.1680036065011697
2143.1079999999997	0.1680036065011697
2143.252	0.1680036065011697
2143.3959999999997	0.1680036065011697
2143.54	0.1680036065011697
2143.6839999999997	0.1680036065011697
2143.828	0.1680036065011697
2143.9719999999998	0.1680036065011697
2144.115	0.1680042528205235
2144.259	0.16800554545923105
2144.403	0.16800554545923105
2144.547	0.16800554545923105
2144.691	0.16801071601406126
2144.835	0.16801071601406126
2144.979	0.1680145939301839
2145.123	0.1680145939301839
2145.2659999999996	0.1680145939301839
2145.41	0.16801524024953768
2145.5539999999996	0.16801588656889146
2145.698	0.168017179207599
2145.8419999999996	0.168017179207599
2145.986	0.168017179207599
2146.129	0.16801847184630658
2146.2729999999997	0.16801847184630658
2146.417	0.16801847184630658
2146.5609999999997	0.16801847184630658
2146.705	0.16801911816566034
2146.848	0.16801911816566034
2146.993	0.16801976448501413
2147.1369999999997	0.168022996081783
2147.2799999999997	0.168022996081783
2147.424	0.16802687399790567
2147.5699999999997	0.16802945927532076
2147.712	0.16802945927532076
2147.8559999999998	0.16802945927532076
2147.999	0.16802687399790567
2148.143	0.168022996081783
2148.287	0.16801976448501413
2148.431	0.168022996081783
2148.575	0.16802687399790567
2148.719	0.16802687399790567
2148.863	0.16802687399790567
2149.006	0.16802687399790567
2149.1499999999996	0.168022996081783
2149.294	0.168022996081783
2149.4379999999996	0.168022996081783
2149.582	0.16802687399790567
2149.7259999999997	0.16802945927532076
2149.87	0.1680313982333821
2150.0139999999997	0.1680313982333821
2150.1569999999997	0.1680313982333821
2150.301	0.1680313982333821
2150.4449999999997	0.16803269087208966
2150.589	0.16803269087208966
2150.732	0.16803269087208966
2150.877	0.1680313982333821
2151.0209999999997	0.1680313982333821
2151.165	0.1680313982333821
2151.308	0.1680313982333821
2151.4519999999998	0.1680313982333821
2151.596	0.16803269087208966
2151.74	0.168034629830151
2151.883	0.1680385077462736
2152.027	0.1680436783011038
2152.171	0.16804561725916514
2152.3179999999998	0.16804561725916514
2152.459	0.16804561725916514
2152.6029999999996	0.1680475562172265
2152.747	0.1680475562172265
2152.89	0.1680475562172265
2153.035	0.1680469098978727
2153.178	0.16804561725916514
2153.3219999999997	0.1680469098978727
2153.466	0.16804884885593402
2153.6099999999997	0.16804884885593402
2153.754	0.16804949517528783
2153.8979999999997	0.16804949517528783
2154.0409999999997	0.16804949517528783
2154.185	0.16804949517528783
2154.3289999999997	0.16805078781399538
2154.473	0.16805208045270292
2154.6169999999997	0.16805078781399538
2154.761	0.16805078781399538
2154.9049999999997	0.16805078781399538
2155.048	0.16805078781399538
2155.192	0.16805078781399538
2155.336	0.16805208045270292
2155.48	0.16805208045270292
2155.624	0.16805208045270292
2155.768	0.16805208045270292
2155.912	0.16805208045270292
2156.055	0.16805272677205668
2156.1989999999996	0.16805337309141047
2156.346	0.168054665730118
2156.4869999999996	0.168054665730118
2156.631	0.168054665730118
2156.774	0.16805854364624068
2156.919	0.1680611289236558
2157.062	0.16806306788171713
2157.2059999999997	0.16806500683977846
2157.35	0.168066299478486
2157.4939999999997	0.168066299478486
2157.638	0.16806500683977846
2157.7819999999997	0.16806500683977846
2157.9249999999997	0.168066299478486
2158.069	0.16806823843654733
2158.2129999999997	0.16807017739460867
2158.357	0.16807211635266997
2158.5009999999997	0.16807534794943885
2158.6459999999997	0.16807793322685396
2158.7889999999998	0.16807793322685396
2158.932	0.16807793322685396
2159.0769999999998	0.16807793322685396
2159.22	0.16807793322685396
2159.364	0.16807857954620772
2159.509	0.16807922586556148
2159.653	0.16807922586556148
2159.797	0.16808051850426903
2159.94	0.1680818111429766
2160.084	0.1680824574623304
2160.2279999999996	0.1680824574623304
2160.372	0.16808310378168417
2160.5159999999996	0.16808310378168417
2160.6589999999997	0.1680843964203917
2160.8039999999996	0.1680843964203917
2160.948	0.16808568905909924
2161.091	0.16808568905909924
2161.2349999999997	0.16808568905909924
2161.3799999999997	0.16808568905909924
2161.5229999999997	0.16808568905909924
2161.6659999999997	0.16808568905909924
2161.8109999999997	0.16808568905909924
2161.9539999999997	0.16808633537845302
2162.098	0.16808827433651438
2162.2419999999997	0.16808956697522193
2162.386	0.16808956697522193
2162.5299999999997	0.16808956697522193
2162.674	0.16808956697522193
2162.817	0.16809021329457569
2162.961	0.1680927985719908
2163.105	0.16809473753005214
2163.249	0.16809603016875968
2163.393	0.16809926176552858
2163.537	0.16809926176552858
2163.681	0.16810184704294368
2163.8239999999996	0.168103786001005
2163.968	0.16810184704294368
2164.1119999999996	0.16810184704294368
2164.256	0.168103786001005
2164.3999999999996	0.168103786001005
2164.544	0.168103786001005
2164.6879999999996	0.168103786001005
2164.8309999999997	0.16810572495906634
2164.975	0.16810572495906634
2165.1189999999997	0.16810572495906634
2165.263	0.16810572495906634
2165.4069999999997	0.16810572495906634
2165.551	0.16810637127842012
2165.6949999999997	0.16810637127842012
2165.8379999999997	0.16810766391712767
2165.982	0.16811089551389652
2166.1259999999997	0.16811089551389652
2166.27	0.16811412711066537
2166.4139999999998	0.1681160660687267
2166.558	0.1681160660687267
2166.701	0.1681160660687267
2166.845	0.16811671238808049
2166.989	0.16811800502678803
2167.133	0.16812123662355694
2167.277	0.1681231755816183
2167.421	0.1681231755816183
2167.565	0.16812382190097205
2167.7079999999996	0.1681244682203258
2167.852	0.16812576085903336
2167.997	0.16812705349774093
2168.1409999999996	0.16812705349774093
2168.2839999999997	0.1681276998170947
2168.428	0.16812834613644848
2168.5719999999997	0.16813028509450983
2168.716	0.16813222405257117
2168.859	0.16813222405257117
2169.0029999999997	0.1681335166912787
2169.147	0.16813480932998626
2169.2909999999997	0.16813480932998626
2169.4339999999997	0.16813545564934002
2169.5789999999997	0.16813610196869377
2169.723	0.16813610196869377
2169.866	0.16813610196869377
2170.0099999999998	0.16813933356546268
2170.154	0.16814321148158534
2170.298	0.16814773571706176
2170.444	0.16815419891059952
2170.585	0.16815936946542973
2170.729	0.16816324738155236
2170.874	0.16816518633961372
2171.017	0.1681658326589675
2171.1609999999996	0.1681658326589675
2171.305	0.1681658326589675
2171.4489999999996	0.16816712529767505
2171.5919999999996	0.16816906425573636
2171.736	0.16816971057509014
2171.8799999999997	0.1681710032137977
2172.0249999999996	0.16817229585250526
2172.1679999999997	0.1681742348105666
2172.312	0.16817682008798168
2172.4559999999997	0.168178759046043
2172.6	0.16818069800410435
2172.7439999999997	0.16818263696216562
2172.8869999999997	0.1681839296008732
2173.031	0.1681839296008732
2173.1749999999997	0.1681839296008732
2173.319	0.16818457592022695
2173.4629999999997	0.1681865148782883
2173.6059999999998	0.1681865148782883
2173.75	0.16818780751699589
2173.894	0.16819168543311852
2174.038	0.16819168543311852
2174.182	0.16819168543311852
2174.325	0.16819168543311852
2174.47	0.16819168543311852
2174.613	0.16819168543311852
2174.7569999999996	0.16819168543311852
2174.901	0.16819168543311852
2175.0449999999996	0.16819168543311852
2175.189	0.16819168543311852
2175.3329999999996	0.16819168543311852
2175.4759999999997	0.16819556334924116
2175.62	0.1681968559879487
2175.7639999999997	0.16819814862665627
2175.908	0.16819814862665627
2176.0519999999997	0.16819814862665627
2176.196	0.1682000875847176
2176.3399999999997	0.1682026728621327
2176.4829999999997	0.1682026728621327
2176.627	0.16820331918148648
2176.7709999999997	0.16820331918148648
2176.9159999999997	0.16820331918148648
2177.06	0.16820331918148648
2177.2039999999997	0.16820331918148648
2177.348	0.16820331918148648
2177.491	0.16820331918148648
2177.6349999999998	0.16820461182019403
2177.779	0.16820784341696293
2177.923	0.1682117213330856
2178.067	0.16821430661050069
2178.21	0.16821624556856202
2178.355	0.16821818452662332
2178.498	0.16822076980403844
2178.642	0.16822270876209974
2178.7859999999996	0.1682240014008073
2178.93	0.1682240014008073
2179.0739999999996	0.16822594035886862
2179.2169999999996	0.16822787931692995
2179.364	0.16822917195563752
2179.5049999999997	0.16823046459434507
2179.649	0.16823175723305261
2179.7929999999997	0.1682324035524064
2179.937	0.1682330498717602
2180.0809999999997	0.1682330498717602
2180.225	0.1682330498717602
2180.368	0.16823434251046773
2180.5119999999997	0.16823563514917528
2180.656	0.16823628146852906
2180.7999999999997	0.16823886674594418
2180.944	0.16824209834271303
2181.0879999999997	0.16824209834271303
2181.232	0.16824209834271303
2181.375	0.16824209834271303
2181.519	0.16824209834271303
2181.663	0.16824532993948194
2181.807	0.16824726889754327
2181.95	0.16824985417495836
2182.095	0.16824985417495836
2182.239	0.16824985417495836
2182.3819999999996	0.16824985417495836
2182.526	0.16824985417495836
2182.6699999999996	0.16824985417495836
2182.814	0.16825567104914232
2182.9579999999996	0.168259548965265
2183.1009999999997	0.168259548965265
2183.245	0.16826148792332632
2183.3889999999997	0.16826859743621786
2183.533	0.1682757069491094
2183.6769999999997	0.1682776459071707
2183.821	0.1682782922265245
2183.9649999999997	0.1682860480587698
2184.1079999999997	0.16829574284907645
2184.2529999999997	0.16830091340390665
2184.3959999999997	0.16830737659744444
2184.5409999999997	0.16831448611033598
2184.6839999999997	0.16832224194258127
2184.828	0.16832870513611903
2184.9719999999998	0.1683325830522417
2185.116	0.16833387569094924
2185.259	0.16833387569094924
2185.403	0.16833387569094924
2185.547	0.16833452201030302
2185.692	0.1683396925651332
2185.834	0.16834421680060965
2185.979	0.16834809471673232
2186.123	0.16834809471673232
2186.267	0.16834809471673232
2186.4109999999996	0.16834809471673232
2186.557	0.16835261895220877
2186.698	0.16835455791027007
2186.8419999999996	0.16835585054897761
2186.9849999999997	0.1683564968683314
2187.129	0.16836231374251537
2187.2729999999997	0.16836748429734558
2187.417	0.16837330117152957
2187.5609999999997	0.16838105700377487
2187.705	0.1683862275586051
2187.8489999999997	0.1683920444327891
2187.9919999999997	0.16839850762632683
2188.136	0.16840367818115703
2188.2799999999997	0.16840497081986458
2188.424	0.16840884873598724
2188.5679999999998	0.16840884873598724
2188.712	0.16841531192952502
2188.8559999999998	0.1684204824843552
2189.0	0.16842306776177032
2189.143	0.1684288846359543
2189.287	0.16843534782949204
2189.431	0.16843987206496847
2189.575	0.1684456889391525
2189.718	0.16844956685527512
2189.863	0.168452798452044
2190.0069999999996	0.16845603004881288
2190.1499999999996	0.16846184692299687
2190.294	0.16846572483911953
2190.4379999999996	0.16846572483911953
2190.582	0.16846572483911953
2190.725	0.16846960275524217
2190.87	0.16847477331007238
2191.013	0.16847477331007238
2191.1569999999997	0.16847477331007238
2191.301	0.16847865122619504
2191.4449999999997	0.16848123650361016
2191.589	0.16848123650361016
2191.7329999999997	0.16848317546167146
2191.8759999999997	0.16848317546167146
2192.02	0.16848640705844037
2192.1639999999998	0.1684876996971479
2192.308	0.16849028497456303
2192.4519999999998	0.16849739448745454
2192.596	0.16850256504228475
2192.74	0.16850450400034606
2192.883	0.16850773559711496
2193.027	0.16851161351323762
2193.171	0.16851161351323762
2193.315	0.1685154914293603
2193.459	0.1685154914293603
2193.6029999999996	0.1685154914293603
2193.747	0.1685154914293603
2193.8909999999996	0.16851807670677538
2194.0339999999997	0.16851872302612914
2194.178	0.16851872302612914
2194.3219999999997	0.16851872302612914
2194.4669999999996	0.16851872302612914
2194.6099999999997	0.16851872302612914
2194.7549999999997	0.16851872302612914
2194.8979999999997	0.16851872302612914
2195.042	0.16851872302612914
2195.1859999999997	0.16851872302612914
2195.33	0.16852066198419047
2195.4739999999997	0.16852066198419047
2195.6169999999997	0.16852066198419047
2195.7619999999997	0.16852066198419047
2195.906	0.16852066198419047
2196.049	0.16852066198419047
2196.1929999999998	0.16852066198419047
2196.337	0.16852389358095937
2196.4809999999998	0.16852389358095937
2196.625	0.16852389358095937
2196.768	0.16852389358095937
2196.912	0.16852389358095937
2197.056	0.16852389358095937
2197.2	0.16852389358095937
2197.344	0.16852389358095937
2197.489	0.16852389358095937
2197.6319999999996	0.16852389358095937
2197.7749999999996	0.1685258325390207
2197.919	0.1685258325390207
2198.0629999999996	0.16852777149708204
2198.207	0.1685310030938509
2198.3509999999997	0.1685342346906198
2198.4939999999997	0.1685374662873887
2198.6389999999997	0.16853940524545
2198.7819999999997	0.16854199052286511
2198.926	0.1685445758002802
2199.0699999999997	0.16854845371640287
2199.214	0.16855427059058684
2199.3579999999997	0.1685575021873557
2199.5009999999997	0.1685575021873557
2199.6459999999997	0.16855879482606326
2199.79	0.16855944114541704
2199.9339999999997	0.16856138010347838
2200.078	0.16856267274218595
2200.2219999999998	0.16856461170024728
2200.365	0.16856719697766237
2200.509	0.16856784329701616
2200.652	0.1685691359357237
2200.796	0.16857236753249258
2200.94	0.16857559912926146
2201.084	0.16857753808732273
2201.2279999999996	0.16857818440667652
2201.374	0.16858012336473788
2201.5159999999996	0.1685820623227992
2201.6589999999997	0.16858400128086054
2201.803	0.1685872328776294
2201.9469999999997	0.16858852551633696
2202.091	0.16858852551633696
2202.2349999999997	0.16859240343245963
2202.379	0.1685962813485823
2202.5229999999997	0.16859822030664362
2202.6659999999997	0.16859822030664362
2202.81	0.1686008055840587
2202.9539999999997	0.16860274454212004
2203.098	0.1686040371808276
2203.2419999999997	0.1686040371808276
2203.3849999999998	0.16860468350018137
2203.5299999999997	0.16860985405501155
2203.673	0.16860985405501155
2203.817	0.16860985405501155
2203.961	0.16861696356790307
2204.105	0.16862148780337952
2204.249	0.1686273046775635
2204.392	0.16863118259368617
2204.537	0.16863118259368617
2204.68	0.16863441419045505
2204.8239999999996	0.16863829210657771
2204.968	0.1686441089807617
2205.1119999999996	0.16865315745171455
2205.256	0.16866026696460606
2205.3999999999996	0.1686654375194363
2205.5429999999997	0.16866931543555896
2205.6879999999996	0.16867125439362027
2205.8309999999997	0.16867125439362027
2205.975	0.16867125439362027
2206.118	0.16867125439362027
2206.263	0.16867383967103539
2206.4069999999997	0.1686783639065118
2206.5519999999997	0.1686783639065118
2206.694	0.1686783639065118
2206.8379999999997	0.16868482710004956
2206.982	0.168689351335526
2207.1259999999997	0.1686899976548798
2207.27	0.1686925829322949
2207.4139999999998	0.16869581452906376
2207.557	0.1686971071677713
2207.701	0.16869904612583264
2207.845	0.168700985083894
2207.989	0.168700985083894
2208.133	0.16870163140324776
2208.277	0.16870421668066285
2208.421	0.16870938723549306
2208.564	0.16871520410967705
2208.7079999999996	0.16871908202579972
2208.852	0.16872231362256856
2208.9959999999996	0.1687242525806299
2209.14	0.1687274841773988
2209.2839999999997	0.16873717896770546
2209.4269999999997	0.16874558111930454
2209.5719999999997	0.1687488127160734
2209.716	0.1687520443128423
2209.859	0.1687546295902574
2210.0029999999997	0.16875527590961115
2210.147	0.16875527590961115
2210.2909999999997	0.16875527590961115
2210.4339999999997	0.16875527590961115
2210.578	0.16875527590961115
2210.7219999999998	0.16875980014508757
2210.866	0.1687649706999178
2211.0099999999998	0.16876690965797914
2211.154	0.16876884861604047
2211.298	0.16877143389345556
2211.442	0.16877466549022443
2211.585	0.16877595812893198
2211.729	0.1687778970869933
2211.874	0.16878048236440846
2212.018	0.16878242132246976
2212.1609999999996	0.16878242132246976
2212.306	0.1687837139611773
2212.45	0.1687837139611773
2212.593	0.16878565291923864
2212.7369999999996	0.1687895308353613
2212.881	0.1687914697934226
2213.0249999999996	0.16879534770954527
2213.1679999999997	0.16879922562566793
2213.3129999999996	0.16879922562566793
2213.457	0.16880051826437548
2213.6009999999997	0.16880374986114435
2213.7439999999997	0.1688082740966208
2213.8889999999997	0.16881215201274347
2214.0319999999997	0.16881602992886613
2214.176	0.16881990784498876
2214.319	0.16882507839981897
2214.464	0.16883089527400294
2214.607	0.16883283423206427
2214.7509999999997	0.1688347731901256
2214.895	0.16883671214818693
2215.0389999999998	0.16883865110624827
2215.183	0.1688405900643096
2215.3269999999998	0.1688405900643096
2215.47	0.1688405900643096
2215.618	0.16884188270301714
2215.758	0.1688431753417247
2215.902	0.1688457606191398
2216.046	0.1688483458965549
2216.19	0.1688483458965549
2216.3329999999996	0.1688483458965549
2216.477	0.16884963853526247
2216.6209999999996	0.16885545540944646
2216.765	0.16885545540944646
2216.9089999999997	0.1688599796449229
2217.053	0.1688612722836304
2217.1969999999997	0.1688612722836304
2217.341	0.1688612722836304
2217.484	0.16886385756104555
2217.6279999999997	0.1688696744352295
2217.772	0.1688696744352295
2217.9159999999997	0.16887161339329082
2218.06	0.16887161339329082
2218.203	0.16887161339329082
2218.348	0.16887161339329082
2218.491	0.16887161339329082
2218.6349999999998	0.16887161339329082
2218.779	0.16887161339329082
2218.923	0.16887161339329082
2219.067	0.1688696744352295
2219.21	0.1688696744352295
2219.355	0.1688696744352295
2219.499	0.1688696744352295
2219.642	0.1688696744352295
2219.7859999999996	0.16886385756104555
2219.93	0.1688599796449229
2220.0739999999996	0.16885545540944646
2220.218	0.16884963853526247
2220.361	0.1688483458965549
2220.5049999999997	0.1688457606191398
2220.649	0.1688431753417247
2220.7929999999997	0.16884188270301714
2220.937	0.1688405900643096
2221.0809999999997	0.1688405900643096
2221.225	0.1688405900643096
2221.368	0.16883865110624827
2221.5119999999997	0.16883671214818693
2221.656	0.1688347731901256
2221.7999999999997	0.16883283423206427
2221.9429999999998	0.16883089527400294
2222.0879999999997	0.1688270173578803
2222.232	0.16882313944175764
2222.3759999999997	0.16881990784498876
2222.519	0.16881602992886613
2222.663	0.16881215201274347
2222.807	0.1688082740966208
2222.951	0.16880374986114435
2223.094	0.1687966403482528
2223.238	0.1687895308353613
2223.3819999999996	0.1687895308353613
2223.526	0.16878565291923864
2223.6699999999996	0.16878565291923864
2223.814	0.16878565291923864
2223.9579999999996	0.1687837139611773
2224.102	0.1687837139611773
2224.245	0.1687837139611773
2224.3889999999997	0.1687837139611773
2224.533	0.1687837139611773
2224.6789999999996	0.1687837139611773
2224.821	0.1687837139611773
2224.9649999999997	0.1687837139611773
2225.109	0.16878242132246976
2225.252	0.16878048236440846
2225.397	0.1687778970869933
2225.54	0.1687727265321631
2225.6839999999997	0.16876884861604047
2225.828	0.16876690965797914
2225.9719999999998	0.1687649706999178
2226.116	0.1687617391031489
2226.2599999999998	0.16875721486767248
2226.403	0.1687546295902574
2226.547	0.1687520443128423
2226.691	0.16874299584188943
2226.835	0.16873524000964413
2226.9779999999996	0.16872942313546013
2227.123	0.1687242525806299
2227.267	0.16872102098386105
2227.4109999999996	0.16871778938709217
2227.555	0.16871520410967705
2227.698	0.16871520410967705
2227.8419999999996	0.16870938723549306
2227.9849999999997	0.16870421668066285
2228.1299999999997	0.16870163140324776
2228.274	0.16870163140324776
2228.417	0.168700985083894
2228.5609999999997	0.168700985083894
2228.705	0.168700985083894
2228.8489999999997	0.168700985083894
2228.993	0.16869904612583264
2229.136	0.1686971071677713
2229.2799999999997	0.1686971071677713
2229.4249999999997	0.1686971071677713
2229.569	0.1686971071677713
2229.7129999999997	0.1686971071677713
2229.857	0.1686971071677713
2230.0009999999997	0.16869904612583264
2230.145	0.16869904612583264
2230.288	0.16869904612583264
2230.432	0.16869904612583264
2230.576	0.16869904612583264
2230.72	0.168700985083894
2230.864	0.168700985083894
2231.008	0.168700985083894
2231.152	0.168700985083894
2231.2949999999996	0.168700985083894
2231.4429999999998	0.168700985083894
2231.5829999999996	0.168700985083894
2231.727	0.168700985083894
2231.87	0.168700985083894
2232.015	0.168700985083894
2232.1589999999997	0.168700985083894
2232.3019999999997	0.168700985083894
2232.446	0.168700985083894
2232.5899999999997	0.168700985083894
2232.734	0.16870163140324776
2232.8779999999997	0.16870421668066285
2233.0209999999997	0.16870421668066285
2233.165	0.16870421668066285
2233.3089999999997	0.16870938723549306
2233.453	0.16870938723549306
2233.5969999999998	0.16870938723549306
2233.741	0.16871520410967705
2233.8849999999998	0.16871520410967705
2234.028	0.16871778938709217
2234.172	0.16871778938709217
2234.316	0.16872102098386105
2234.46	0.1687242525806299
2234.604	0.16872554521933747
2234.748	0.16872877681610635
2234.892	0.168732654732229
2235.0359999999996	0.16873524000964413
2235.1789999999996	0.16873782528705922
2235.323	0.16874558111930452
2235.4669999999996	0.16875269063219606
2235.611	0.1687546295902574
2235.7549999999997	0.16875656854831872
2235.899	0.16875850750638005
2236.0429999999997	0.1687617391031489
2236.1859999999997	0.1687649706999178
2236.33	0.1687649706999178
2236.4739999999997	0.1687649706999178
2236.618	0.1687649706999178
2236.7619999999997	0.1687649706999178
2236.9069999999997	0.1687649706999178
2237.049	0.16876626333862535
2237.1929999999998	0.1687617391031489
2237.337	0.1687617391031489
2237.4809999999998	0.16876626333862535
2237.625	0.1687649706999178
2237.769	0.1687617391031489
2237.912	0.16875850750638005
2238.057	0.1687617391031489
2238.2	0.1687617391031489
2238.344	0.1687617391031489
2238.488	0.1687649706999178
2238.6319999999996	0.1687617391031489
2238.776	0.1687617391031489
2238.9199999999996	0.1687649706999178
2239.0629999999996	0.16876690965797914
2239.207	0.16876820229668668
2239.3509999999997	0.16876690965797914
2239.495	0.16876820229668668
2239.6389999999997	0.1687707875741018
2239.783	0.16877143389345556
2239.9269999999997	0.16877143389345556
2240.0699999999997	0.16877143389345556
2240.214	0.16877143389345556
2240.3579999999997	0.16877143389345556
2240.502	0.16877466549022443
2240.6459999999997	0.16877595812893198
2240.79	0.16877595812893198
2240.9339999999997	0.1687778970869933
2241.0769999999998	0.16878048236440846
2241.2219999999998	0.16878048236440846
2241.365	0.16878048236440846
2241.509	0.16878048236440846
2241.653	0.16878048236440846
2241.796	0.16878048236440846
2241.94	0.16878048236440846
2242.084	0.1687778970869933
2242.2279999999996	0.1687778970869933
2242.372	0.16878048236440846
2242.5159999999996	0.1687778970869933
2242.662	0.16877595812893198
2242.803	0.16877466549022443
2242.9469999999997	0.16877143389345556
2243.091	0.16876884861604047
2243.2349999999997	0.16876884861604047
2243.379	0.16877143389345556
2243.5229999999997	0.16877466549022443
2243.667	0.16877595812893198
2243.8109999999997	0.1687778970869933
2243.9539999999997	0.16878048236440846
2244.098	0.16878048236440846
2244.243	0.16878048236440846
2244.386	0.16878048236440846
2244.5299999999997	0.16878048236440846
2244.674	0.16878048236440846
2244.8179999999998	0.16878112868376222
2244.961	0.16878112868376222
2245.105	0.16878112868376222
2245.249	0.16878242132246976
2245.393	0.1687837139611773
2245.537	0.1687837139611773
2245.681	0.1687837139611773
2245.825	0.1687837139611773
2245.968	0.1687837139611773
2246.1119999999996	0.1687837139611773
2246.256	0.1687837139611773
2246.403	0.1687837139611773
2246.544	0.1687837139611773
2246.687	0.1687837139611773
2246.832	0.1687837139611773
2246.9759999999997	0.1687837139611773
2247.12	0.1687837139611773
2247.2639999999997	0.1687837139611773
2247.408	0.1687837139611773
2247.5519999999997	0.1687837139611773
2247.6949999999997	0.1687837139611773
2247.8399999999997	0.1687837139611773
2247.9829999999997	0.1687837139611773
2248.127	0.1687837139611773
2248.2709999999997	0.1687837139611773
2248.415	0.1687837139611773
2248.5589999999997	0.1687837139611773
2248.703	0.1687837139611773
2248.846	0.1687837139611773
2248.99	0.1687837139611773
2249.134	0.16878242132246976
2249.278	0.16878242132246976
2249.422	0.16878242132246976
2249.566	0.1687837139611773
2249.71	0.1687837139611773
2249.854	0.1687837139611773
2249.997	0.1687837139611773
2250.1409999999996	0.1687837139611773
2250.285	0.1687837139611773
2250.4289999999996	0.1687837139611773
2250.5719999999997	0.16878565291923864
2250.7169999999996	0.16878759187729997
2250.8599999999997	0.16878565291923864
2251.004	0.16878565291923864
2251.1479999999997	0.1687837139611773
2251.292	0.1687837139611773
2251.4359999999997	0.1687837139611773
2251.5789999999997	0.1687837139611773
2251.723	0.1687837139611773
2251.8669999999997	0.1687837139611773
2252.011	0.16878242132246976
2252.1549999999997	0.16878242132246976
2252.299	0.16878242132246976
2252.4429999999998	0.16878242132246976
2252.587	0.16878112868376222
2252.73	0.16878048236440846
2252.874	0.16878112868376222
2253.018	0.16878112868376222
2253.162	0.16878112868376222
2253.305	0.16878112868376222
2253.45	0.16878048236440846
2253.594	0.16877854340634713
2253.7369999999996	0.16878048236440846
2253.881	0.16878112868376222
2254.0249999999996	0.16878242132246976
2254.169	0.1687837139611773
2254.312	0.1687837139611773
2254.457	0.1687837139611773
2254.6	0.1687837139611773
2254.745	0.1687837139611773
2254.8889999999997	0.1687837139611773
2255.033	0.1687837139611773
2255.176	0.1687837139611773
2255.3199999999997	0.1687837139611773
2255.4629999999997	0.1687837139611773
2255.607	0.16878565291923864
2255.7509999999997	0.16878565291923864
2255.895	0.16878565291923864
2256.0389999999998	0.16878436028053106
2256.183	0.16878436028053106
2256.3269999999998	0.1687837139611773
2256.47	0.16878242132246976
2256.614	0.16878242132246976
2256.758	0.16878242132246976
2256.902	0.1687837139611773
2257.046	0.16878436028053106
2257.19	0.16878436028053106
2257.334	0.1687837139611773
2257.477	0.16878242132246976
2257.6209999999996	0.16878242132246976
2257.765	0.16878242132246976
2257.9089999999997	0.16878242132246976
2258.053	0.16878242132246976
2258.196	0.16878242132246976
2258.341	0.16878112868376222
2258.484	0.16877918972570088
2258.6279999999997	0.16877918972570088
2258.772	0.16877918972570088
2258.9159999999997	0.16877918972570088
2259.06	0.16877918972570088
2259.2039999999997	0.16877918972570088
2259.3469999999998	0.16877918972570088
2259.4919999999997	0.16877918972570088
2259.6349999999998	0.16877918972570088
2259.779	0.16877918972570088
2259.923	0.16877918972570088
2260.067	0.16877918972570088
2260.211	0.16877660444828577
2260.354	0.16877918972570088
2260.498	0.16878112868376222
2260.642	0.16878112868376222
2260.7889999999998	0.16878242132246976
2260.93	0.1687837139611773
2261.0739999999996	0.16878436028053106
2261.218	0.1687862992385924
2261.3619999999996	0.1687862992385924
2261.5049999999997	0.1687862992385924
2261.649	0.1687862992385924
2261.7929999999997	0.1687862992385924
2261.937	0.1687862992385924
2262.0809999999997	0.16878436028053106
2262.225	0.16878436028053106
2262.3689999999997	0.16878436028053106
2262.5119999999997	0.1687862992385924
2262.656	0.1687862992385924
2262.7999999999997	0.1687862992385924
2262.944	0.1687862992385924
2263.087	0.1687862992385924
2263.232	0.1687862992385924
2263.375	0.1687862992385924
2263.519	0.1687862992385924
2263.663	0.1687862992385924
2263.807	0.16878436028053106
2263.951	0.16878242132246976
2264.095	0.16878242132246976
2264.238	0.16878242132246976
2264.383	0.16878112868376222
2264.527	0.16877918972570088
2264.671	0.16877660444828577
2264.815	0.16877660444828577
2264.959	0.16877660444828577
2265.1029999999996	0.16877660444828577
2265.2459999999996	0.16877660444828577
2265.39	0.16877660444828577
2265.5339999999997	0.16877595812893198
2265.678	0.16877595812893198
2265.8219999999997	0.16877466549022443
2265.966	0.1687733728515169
2266.1099999999997	0.1687733728515169
2266.2529999999997	0.1687733728515169
2266.397	0.1687733728515169
2266.5409999999997	0.1687733728515169
2266.685	0.1687733728515169
2266.8289999999997	0.16877272653216313
2266.9719999999998	0.16877272653216313
2267.1169999999997	0.16877272653216313
2267.2599999999998	0.1687707875741018
2267.404	0.1687707875741018
2267.548	0.1687707875741018
2267.6929999999998	0.1687707875741018
2267.836	0.16876949493539423
2267.98	0.16876949493539423
2268.124	0.16876949493539423
2268.268	0.16876949493539423
2268.4109999999996	0.16876884861604047
2268.556	0.16876690965797914
2268.7	0.16876367806121023
2268.843	0.16876044646444135
2268.9869999999996	0.1687591538257338
2269.1299999999997	0.1687591538257338
2269.274	0.1687591538257338
2269.4179999999997	0.1687591538257338
2269.562	0.1687591538257338
2269.7059999999997	0.1687591538257338
2269.852	0.1687591538257338
2269.9939999999997	0.16876044646444135
2270.1369999999997	0.16876367806121023
2270.281	0.16876367806121023
2270.4249999999997	0.16876690965797914
2270.569	0.16876884861604047
2270.7129999999997	0.16876949493539423
2270.8559999999998	0.1687707875741018
2271.0009999999997	0.16877272653216313
2271.145	0.16877272653216313
2271.288	0.16877272653216313
2271.432	0.1687733728515169
2271.576	0.16877466549022443
2271.72	0.16877595812893198
2271.863	0.16877660444828577
2272.008	0.16877854340634713
2272.151	0.16877983604505467
2272.2949999999996	0.16878048236440846
2272.439	0.16878112868376222
2272.5829999999996	0.16878242132246976
2272.727	0.16878436028053106
2272.8709999999996	0.1687862992385924
2273.0139999999997	0.1687862992385924
2273.158	0.16878759187729997
2273.3019999999997	0.16878759187729997
2273.446	0.16878823819665376
2273.5899999999997	0.16878823819665376
2273.734	0.16878759187729997
2273.8779999999997	0.16878823819665376
2274.0209999999997	0.16878823819665376
2274.165	0.16878823819665376
2274.3089999999997	0.16879082347406885
2274.453	0.16878823819665376
2274.596	0.16878759187729997
2274.741	0.16878759187729997
2274.8849999999998	0.16878823819665376
2275.029	0.16879082347406885
2275.172	0.16879405507083772
2275.316	0.16879599402889905
2275.46	0.1687979329869604
2275.604	0.16879922562566793
2275.747	0.1688024572224368
2275.8909999999996	0.16880568881920568
2276.035	0.16880633513855947
2276.1789999999996	0.1688082740966208
2276.323	0.16880956673532835
2276.47	0.16881021305468213
2276.611	0.16881215201274347
2276.754	0.168813444651451
2276.899	0.168813444651451
2277.042	0.1688140909708048
2277.1859999999997	0.1688140909708048
2277.33	0.16881796888692743
2277.4739999999997	0.1688212004836963
2277.618	0.1688218468030501
2277.7619999999997	0.16882378576111143
2277.9049999999997	0.16882766367723406
2278.049	0.16882766367723406
2278.1929999999998	0.16882766367723406
2278.337	0.16882766367723406
2278.4809999999998	0.16883154159335673
2278.625	0.16883154159335673
2278.769	0.16883154159335673
2278.915	0.16883154159335673
2279.056	0.16883154159335673
2279.2	0.16883283423206427
2279.344	0.16883283423206427
2279.488	0.1688347731901256
2279.631	0.1688347731901256
2279.776	0.16883283423206427
2279.9199999999996	0.1688347731901256
2280.0629999999996	0.16883671214818693
2280.207	0.1688347731901256
2280.3509999999997	0.16883283423206427
2280.495	0.16882895631594164
2280.638	0.16882378576111143
2280.783	0.1688218468030501
2280.9269999999997	0.1688218468030501
2281.0699999999997	0.1688212004836963
2281.214	0.16881796888692743
2281.3579999999997	0.16881796888692743
2281.502	0.16881796888692743
2281.6459999999997	0.16881796888692743
2281.79	0.1688212004836963
2281.935	0.1688218468030501
2282.078	0.16882378576111143
2282.223	0.16882378576111143
2282.3669999999997	0.16882895631594164
2282.5099999999998	0.16883283423206427
2282.654	0.1688347731901256
2282.797	0.16883671214818693
2282.941	0.16883800478689448
2283.085	0.16883800478689448
2283.229	0.16883800478689448
2283.373	0.16883800478689448
2283.517	0.16883929742560203
2283.6609999999996	0.16883929742560203
2283.805	0.1688399437449558
2283.948	0.1688405900643096
2284.0919999999996	0.1688399437449558
2284.236	0.1688405900643096
2284.3799999999997	0.1688405900643096
2284.524	0.16884188270301714
2284.6679999999997	0.16884188270301714
2284.812	0.16884188270301714
2284.9559999999997	0.1688405900643096
2285.0989999999997	0.1688405900643096
2285.243	0.16884188270301714
2285.3869999999997	0.16884382166107847
2285.531	0.16884382166107847
2285.6749999999997	0.16884382166107847
2285.8179999999998	0.16884382166107847
2285.9629999999997	0.16884382166107847
2286.1059999999998	0.16884382166107847
2286.25	0.16884382166107847
2286.394	0.16884382166107847
2286.538	0.1688457606191398
2286.681	0.16884705325784735
2286.826	0.16884705325784735
2286.969	0.16884769957720114
2287.113	0.16884769957720114
2287.2569999999996	0.16884769957720114
2287.401	0.16884705325784735
2287.5449999999996	0.16884769957720114
2287.689	0.1688483458965549
2287.835	0.1688483458965549
2287.9759999999997	0.1688483458965549
2288.12	0.16884963853526247
2288.2639999999997	0.16884963853526247
2288.408	0.1688515774933238
2288.5519999999997	0.1688515774933238
2288.696	0.1688515774933238
2288.839	0.1688515774933238
2288.9829999999997	0.16885222381267756
2289.127	0.16885222381267756
2289.2709999999997	0.1688515774933238
2289.415	0.1688515774933238
2289.5589999999997	0.16884963853526247
2289.703	0.16884963853526247
2289.8469999999998	0.1688483458965549
2289.99	0.1688483458965549
2290.134	0.1688483458965549
2290.278	0.1688483458965549
2290.422	0.1688483458965549
2290.565	0.16884963853526247
2290.71	0.1688515774933238
2290.8529999999996	0.1688515774933238
2290.997	0.16885222381267756
2291.1409999999996	0.16885351645138513
2291.285	0.16885351645138513
2291.432	0.16885351645138513
2291.5719999999997	0.16885480909009268
2291.716	0.16885480909009268
2291.8599999999997	0.16885480909009268
2292.004	0.16885545540944646
2292.1479999999997	0.16885545540944646
2292.292	0.16885739436750777
2292.4359999999997	0.16886062596427664
2292.58	0.16886256492233795
2292.723	0.16886256492233795
2292.8669999999997	0.16886256492233795
2293.011	0.16886256492233795
2293.1549999999997	0.16886321124169174
2293.299	0.1688638575610455
2293.4429999999998	0.16886515019975307
2293.587	0.1688664428384606
2293.7309999999998	0.1688664428384606
2293.874	0.1688664428384606
2294.018	0.1688664428384606
2294.162	0.1688664428384606
2294.306	0.16886838179652194
2294.45	0.16886838179652194
2294.594	0.16887096707393706
2294.738	0.16887161339329082
2294.881	0.16887161339329082
2295.0249999999996	0.16887161339329082
2295.169	0.16887161339329082
2295.3129999999996	0.16887161339329082
2295.4559999999997	0.16887161339329082
2295.6009999999997	0.16887161339329082
2295.7439999999997	0.16887161339329082
2295.888	0.16887355235135215
2296.033	0.16887807658682857
2296.176	0.16888130818359748
2296.3199999999997	0.1688832471416588
2296.464	0.16888453978036636
2296.607	0.16888453978036636
2296.752	0.16888453978036636
2296.8979999999997	0.16888518609972014
2297.0389999999998	0.16888518609972014
2297.183	0.16888518609972014
2297.3269999999998	0.16888518609972014
2297.471	0.16888518609972014
2297.614	0.16888518609972014
2297.759	0.16888518609972014
2297.902	0.16888518609972014
2298.046	0.16888518609972014
2298.19	0.16888518609972014
2298.334	0.16888518609972014
2298.4779999999996	0.16888518609972014
2298.622	0.16888518609972014
2298.765	0.16888518609972014
2298.9089999999997	0.16888518609972014
2299.053	0.16888518609972014
2299.1969999999997	0.16888518609972014
2299.3419999999996	0.16888518609972014
2299.486	0.16888518609972014
2299.6299999999997	0.16888518609972014
2299.7729999999997	0.16888712505778147
2299.917	0.16888712505778147
2300.0609999999997	0.16888518609972014
2300.205	0.16888518609972014
2300.348	0.16888712505778147
2300.493	0.16888841769648902
2300.6369999999997	0.16888841769648902
2300.7799999999997	0.16888841769648902
2300.924	0.16888841769648902
2301.0679999999998	0.16888841769648902
2301.212	0.16888841769648902
2301.3559999999998	0.16888841769648902
2301.499	0.1688890640158428
2301.643	0.16889100297390414
2301.787	0.1688890640158428
2301.931	0.1688890640158428
2302.075	0.16888841769648902
2302.219	0.16888841769648902
2302.363	0.16888841769648902
2302.5069999999996	0.16888841769648902
2302.6499999999996	0.16888841769648902
2302.794	0.16888841769648902
2302.9379999999996	0.1688890640158428
2303.082	0.16889100297390414
2303.2259999999997	0.16889229561261168
2303.37	0.16889229561261168
2303.5139999999997	0.16889229561261168
2303.6569999999997	0.16889229561261168
2303.801	0.16889229561261168
2303.9449999999997	0.16889229561261168
2304.089	0.16889229561261168
2304.2329999999997	0.16889229561261168
2304.377	0.16889229561261168
2304.5209999999997	0.16889229561261168
2304.665	0.16889229561261168
2304.808	0.16889229561261168
2304.9519999999998	0.16889294193196547
2305.096	0.16889294193196547
2305.24	0.16889294193196547
2305.383	0.16889294193196547
2305.528	0.16889294193196547
2305.671	0.16889294193196547
2305.815	0.16889294193196547
2305.962	0.16889294193196547
2306.1029999999996	0.16889552720938056
2306.247	0.16889552720938056
2306.3909999999996	0.16889552720938056
2306.535	0.16889552720938056
2306.678	0.1688974661674419
2306.8219999999997	0.16889875880614943
2306.966	0.16889875880614943
2307.1099999999997	0.16889875880614943
2307.254	0.1688974661674419
2307.3979999999997	0.1688974661674419
2307.5409999999997	0.1688974661674419
2307.685	0.16889875880614943
2307.8289999999997	0.16889875880614943
2307.973	0.1688974661674419
2308.1169999999997	0.16889875880614943
2308.261	0.16889875880614943
2308.4049999999997	0.1688974661674419
2308.548	0.1688974661674419
2308.692	0.1688974661674419
2308.836	0.1688974661674419
2308.98	0.16889552720938056
2309.124	0.16889358825131923
2309.269	0.16889294193196547
2309.412	0.16889294193196547
2309.556	0.16889358825131923
2309.7	0.16889358825131923
2309.843	0.16889358825131923
2309.9869999999996	0.16889294193196547
2310.131	0.16889294193196547
2310.274	0.16889229561261168
2310.419	0.16889229561261168
2310.562	0.16889294193196547
2310.7059999999997	0.16889294193196547
2310.85	0.16889294193196547
2310.9939999999997	0.16889358825131923
2311.138	0.16889552720938056
2311.2819999999997	0.16889552720938056
2311.4249999999997	0.16889358825131923
2311.569	0.16889294193196547
2311.7129999999997	0.16889294193196547
2311.857	0.16889229561261168
2312.0009999999997	0.16889229561261168
2312.145	0.16889229561261168
2312.2889999999998	0.16889100297390414
2312.432	0.16889100297390414
2312.576	0.16889100297390414
2312.72	0.16888971033519656
2312.864	0.16888971033519656
2313.008	0.16888971033519656
2313.152	0.16888971033519656
2313.296	0.16888971033519656
2313.44	0.16888971033519656
2313.5829999999996	0.16888971033519656
2313.727	0.16888971033519656
2313.8709999999996	0.16888971033519656
2314.015	0.16888971033519656
2314.158	0.16889100297390414
2314.3019999999997	0.16889100297390414
2314.446	0.16889100297390414
2314.5899999999997	0.16889100297390414
2314.734	0.16889229561261168
2314.8779999999997	0.16889229561261168
2315.0249999999996	0.16889294193196547
2315.165	0.16889358825131923
2315.31	0.16889294193196547
2315.453	0.16889229561261168
2315.5969999999998	0.16889229561261168
2315.741	0.16889229561261168
2315.8849999999998	0.16889229561261168
2316.029	0.16889294193196547
2316.173	0.16889358825131923
2316.316	0.16889552720938056
2316.46	0.1688974661674419
2316.604	0.16889875880614943
2316.749	0.16890005144485698
2316.893	0.16890005144485698
2317.037	0.16890069776421074
2317.181	0.16890134408356453
2317.3239999999996	0.16890328304162586
2317.468	0.16890328304162586
2317.6119999999996	0.16890328304162586
2317.756	0.16890845359645607
2317.8999999999996	0.16890845359645607
2318.044	0.16891168519322494
2318.1879999999996	0.16891233151257873
2318.3309999999997	0.16891168519322494
2318.475	0.16891168519322494
2318.6189999999997	0.16891168519322494
2318.763	0.16891168519322494
2318.9069999999997	0.16891168519322494
2319.0499999999997	0.16891233151257873
2319.1949999999997	0.16891427047064003
2319.3379999999997	0.16891556310934758
2319.482	0.16891556310934758
2319.6259999999997	0.16891556310934758
2319.77	0.16891427047064003
2319.9139999999998	0.16891556310934758
2320.057	0.16891427047064003
2320.2019999999998	0.16891556310934758
2320.345	0.16891556310934758
2320.489	0.16891556310934758
2320.633	0.16891685574805515
2320.778	0.16891879470611648
2320.921	0.16891944102547027
2321.065	0.1689207336641778
2321.2079999999996	0.1689207336641778
2321.352	0.16892202630288536
2321.5	0.16892202630288536
2321.64	0.1689239652609467
2321.7839999999997	0.16892784317706935
2321.928	0.16892978213513068
2322.0719999999997	0.16892978213513068
2322.216	0.16892978213513068
2322.359	0.16892978213513068
2322.5029999999997	0.16893042845448447
2322.647	0.16893107477383823
2322.7909999999997	0.16893107477383823
2322.935	0.16893107477383823
2323.0789999999997	0.16893236741254578
2323.223	0.16893366005125332
2323.3669999999997	0.16893366005125332
2323.511	0.16893366005125332
2323.654	0.16893366005125332
2323.798	0.16893366005125332
2323.941	0.16893430637060708
2324.0879999999997	0.1689362453286684
2324.2279999999996	0.1689362453286684
2324.373	0.16893818428672974
2324.517	0.16894012324479107
2324.6609999999996	0.16894012324479107
2324.805	0.16894335484155998
2324.9489999999996	0.16894594011897507
2325.0919999999996	0.16894917171574397
2325.236	0.1689530496318666
2325.3799999999997	0.1689530496318666
2325.524	0.1689530496318666
2325.667	0.16895434227057415
2325.812	0.16895563490928173
2325.9559999999997	0.16895563490928173
2326.0989999999997	0.16895563490928173
2326.243	0.16895563490928173
2326.3869999999997	0.16895628122863549
2326.531	0.16895628122863549
2326.6749999999997	0.16895628122863549
2326.819	0.16895628122863549
2326.962	0.16895628122863549
2327.1059999999998	0.16895628122863549
2327.25	0.16895692754798927
2327.394	0.16895692754798927
2327.538	0.16895692754798927
2327.682	0.16895692754798927
2327.825	0.16895692754798927
2327.97	0.16895692754798927
2328.113	0.16895822018669682
2328.2569999999996	0.16896145178346572
2328.401	0.16896726865764966
2328.5449999999996	0.16897179289312608
2328.689	0.1689724392124799
2328.832	0.16897373185118744
2328.977	0.16897567080924875
2329.12	0.16897631712860253
2329.2639999999997	0.16897631712860253
2329.408	0.16897760976731008
2329.5519999999997	0.16897890240601765
2329.696	0.16898084136407898
2329.8399999999997	0.16898278032214029
2329.9829999999997	0.16898278032214029
2330.127	0.16898471928020165
2330.2709999999997	0.16898665823826298
2330.415	0.16898730455761674
2330.5589999999997	0.16898924351567807
2330.703	0.1689905361543856
2330.8469999999998	0.1689905361543856
2330.991	0.16899182879309316
2331.134	0.16899506038986206
2331.278	0.16899764566727715
2331.422	0.16900023094469227
2331.566	0.1690021699027536
2331.709	0.16900540149952245
2331.854	0.1690086330962913
2331.997	0.1690092794156451
2332.1409999999996	0.1690086330962913
2332.285	0.1690086330962913
2332.43	0.1690092794156451
2332.573	0.1690099257349989
2332.716	0.1690099257349989
2332.8599999999997	0.1690099257349989
2333.004	0.1690099257349989
2333.1479999999997	0.16901380365112156
2333.292	0.16901380365112156
2333.4359999999997	0.16901380365112156
2333.58	0.16901897420595174
2333.7239999999997	0.1690202668446593
2333.8669999999997	0.16902091316401308
2334.011	0.16902091316401308
2334.1549999999997	0.16902155948336686
2334.2999999999997	0.16902479108013574
2334.4429999999998	0.16902931531561216
2334.5879999999997	0.16903060795431973
2334.732	0.16903254691238107
2334.875	0.16903254691238107
2335.019	0.16903513218979616
2335.163	0.16903254691238107
2335.307	0.16903254691238107
2335.45	0.16903254691238107
2335.595	0.16903254691238107
2335.738	0.16903254691238107
2335.8819999999996	0.16903254691238107
2336.026	0.16903254691238107
2336.1699999999996	0.16903060795431973
2336.314	0.16903254691238107
2336.462	0.16903254691238107
2336.602	0.16902931531561216
2336.7459999999996	0.16902931531561216
2336.89	0.16903254691238107
2337.0339999999997	0.16903513218979616
2337.178	0.16903513218979616
2337.321	0.16903577850914994
2337.4649999999997	0.1690370711478575
2337.6079999999997	0.16903901010591882
2337.7529999999997	0.16904094906398015
2337.8959999999997	0.16904288802204145
2338.04	0.16904547329945657
2338.1839999999997	0.16904870489622542
2338.328	0.169049997534933
2338.4719999999998	0.169049997534933
2338.615	0.169049997534933
2338.759	0.16905064385428675
2338.903	0.16905064385428675
2339.047	0.16905064385428675
2339.191	0.16905064385428675
2339.335	0.16905064385428675
2339.479	0.16905064385428675
2339.623	0.16905064385428675
2339.7659999999996	0.16905064385428675
2339.91	0.16905064385428675
2340.0539999999996	0.16905064385428675
2340.198	0.16905129017364054
2340.341	0.1690532291317019
2340.486	0.1690532291317019
2340.6299999999997	0.16905516808976323
2340.7729999999997	0.16905516808976323
2340.917	0.16905516808976323
2341.0609999999997	0.1690532291317019
2341.205	0.1690532291317019
2341.3489999999997	0.16905129017364054
2341.4919999999997	0.16905064385428675
2341.636	0.169049997534933
2341.7799999999997	0.169049997534933
2341.924	0.169049997534933
2342.0679999999998	0.169049997534933
2342.214	0.169049997534933
2342.3559999999998	0.169049997534933
2342.5	0.16905064385428675
2342.643	0.169049997534933
2342.787	0.169049997534933
2342.931	0.16905064385428675
2343.075	0.16905129017364054
2343.218	0.16905129017364054
2343.363	0.16905129017364054
2343.5069999999996	0.16905064385428675
2343.6499999999996	0.16905064385428675
2343.794	0.16905064385428675
2343.9379999999996	0.16905129017364054
2344.082	0.1690532291317019
2344.225	0.16905516808976323
2344.37	0.16905516808976323
2344.513	0.16905516808976323
2344.6569999999997	0.1690583996865321
2344.801	0.16906163128330098
2344.9449999999997	0.16906163128330098
2345.089	0.16906163128330098
2345.2329999999997	0.16906163128330098
2345.3759999999997	0.16906163128330098
2345.52	0.16906163128330098
2345.6639999999998	0.16906163128330098
2345.808	0.16906163128330098
2345.9519999999998	0.16906227760265474
2346.096	0.1690629239220085
2346.24	0.1690629239220085
2346.383	0.1690629239220085
2346.527	0.16906421656071607
2346.671	0.16906680183813116
2346.815	0.16906680183813116
2346.959	0.16906809447683874
2347.1029999999996	0.16907003343490007
2347.247	0.16907261871231516
2347.3909999999996	0.16907326503166895
2347.5339999999997	0.16907520398973025
2347.678	0.16907714294779158
2347.8219999999997	0.1690790819058529
2347.966	0.16908231350262176
2348.1099999999997	0.1690842524606831
2348.254	0.16908489878003688
2348.397	0.16908619141874442
2348.5409999999997	0.169087484057452
2348.685	0.169087484057452
2348.8289999999997	0.169087484057452
2348.973	0.169087484057452
2349.116	0.16908813037680578
2349.261	0.16908877669615957
2349.4049999999997	0.1690907156542209
2349.548	0.1690926546122822
2349.692	0.16909588620905108
2349.836	0.16909911780581996
2349.98	0.16909976412517375
2350.124	0.16910170308323508
2350.267	0.1691042883606502
2350.4109999999996	0.16910558099935774
2350.555	0.16910558099935774
2350.7	0.16910558099935774
2350.843	0.16910622731871153
2350.9869999999996	0.1691068736380653
2351.133	0.16910816627677286
2351.274	0.16910816627677286
2351.4179999999997	0.16910816627677286
2351.562	0.16910816627677286
2351.707	0.16910816627677286
2351.8509999999997	0.16910816627677286
2351.995	0.1691094589154804
2352.1389999999997	0.16911333683160304
2352.283	0.16911721474772567
2352.426	0.169119153705787
2352.5699999999997	0.16912173898320212
2352.714	0.1691223853025559
2352.8579999999997	0.1691223853025559
2353.0009999999997	0.16912367794126346
2353.1459999999997	0.169124970579971
2353.29	0.169124970579971
2353.4339999999997	0.16912561689932476
2353.5769999999998	0.16912949481544742
2353.721	0.1691327264122163
2353.865	0.1691333727315701
2354.009	0.16913595800898523
2354.152	0.16913983592510784
2354.296	0.16914306752187674
2354.44	0.16914759175735317
2354.584	0.16915082335412204
2354.7279999999996	0.16915082335412204
2354.872	0.16915276231218335
2355.0159999999996	0.16915276231218335
2355.1589999999997	0.16915276231218335
2355.3039999999996	0.16915534758959846
2355.4469999999997	0.16915534758959846
2355.591	0.16915599390895225
2355.7349999999997	0.1691572865476598
2355.879	0.1691572865476598
2356.0229999999997	0.1691572865476598
2356.167	0.16915922550572113
2356.31	0.1691611644637825
2356.4539999999997	0.16916439606055134
2356.598	0.16916633501861267
2356.7419999999997	0.16916698133796643
2356.886	0.16916698133796643
2357.0299999999997	0.16916698133796643
2357.174	0.16917150557344288
2357.317	0.16917538348956554
2357.461	0.16917667612827308
2357.605	0.16917990772504196
2357.749	0.16918507827987217
2357.893	0.16918895619599483
2358.037	0.1691896025153486
2358.181	0.16919154147340992
2358.3239999999996	0.16919348043147125
2358.468	0.16919348043147125
2358.6119999999996	0.16919348043147125
2358.756	0.16919477307017883
2358.8999999999996	0.16919800466694768
2359.044	0.16920058994436277
2359.1879999999996	0.16920123626371655
2359.3309999999997	0.1692031752217779
2359.475	0.16920705313790058
2359.6189999999997	0.16921028473466942
2359.763	0.16921416265079212
2359.9069999999997	0.16921674792820723
2360.051	0.16921933320562232
2360.1969999999997	0.16922256480239117
2360.3379999999997	0.16922321112174493
2360.482	0.1692245037604525
2360.6259999999997	0.16922773535722138
2360.77	0.1692303206346365
2360.9139999999998	0.16923096695399026
2361.058	0.16923419855075914
2361.201	0.169237430147528
2361.345	0.16923936910558934
2361.489	0.16924518597977334
2361.633	0.169249063895896
2361.777	0.16925100285395733
2361.921	0.16925100285395733
2362.065	0.16925294181201866
2362.209	0.16925294181201866
2362.352	0.16925488077008
2362.4959999999996	0.1692568197281413
2362.64	0.1692568197281413
2362.7839999999997	0.16925811236684885
2362.9269999999997	0.1692594050055564
2363.0719999999997	0.16926005132491018
2363.2149999999997	0.1692619902829715
2363.359	0.16926522187974039
2363.5029999999997	0.16926716083780172
2363.647	0.16926716083780172
2363.7909999999997	0.16926909979586305
2363.9339999999997	0.16927168507327817
2364.0789999999997	0.1692762093087546
2364.223	0.16928202618293858
2364.3669999999997	0.16928525777970746
2364.511	0.16928719673776876
2364.6549999999997	0.16928784305712255
2364.798	0.16928913569583012
2364.942	0.169292367292599
2365.085	0.169292367292599
2365.229	0.16929559888936785
2365.373	0.16929559888936785
2365.517	0.16929559888936785
2365.6609999999996	0.16929559888936785
2365.805	0.16929559888936785
2365.9489999999996	0.16929559888936785
2366.0919999999996	0.16929559888936785
2366.236	0.16929753784742918
2366.383	0.16930141576355184
2366.524	0.1693052936796745
2366.6679999999997	0.16930593999902827
2366.812	0.16930593999902827
2366.9559999999997	0.16930593999902827
2367.1	0.16930593999902827
2367.243	0.16930593999902827
2367.3869999999997	0.16930593999902827
2367.531	0.16930593999902827
2367.6749999999997	0.16930593999902827
2367.8179999999998	0.16930593999902827
2367.9629999999997	0.16930593999902827
2368.107	0.16930593999902827
2368.25	0.1693052936796745
2368.394	0.1693052936796745
2368.538	0.1693052936796745
2368.682	0.16930593999902827
2368.826	0.16930593999902827
2368.969	0.16930723263773584
2369.114	0.16930723263773584
2369.261	0.16930852527644338
2369.402	0.16931240319256605
2369.546	0.1693162811086887
2369.69	0.16931822006675
2369.834	0.16932080534416513
2369.977	0.1693227443022265
2370.1209999999996	0.16932468326028782
2370.265	0.16932532957964158
2370.4089999999997	0.16933179277317933
2370.553	0.16933890228607085
2370.6969999999997	0.16933954860542463
2370.841	0.16934084124413218
2370.9849999999997	0.16934084124413218
2371.1279999999997	0.1693427802021935
2371.272	0.1693427802021935
2371.4159999999997	0.1693427802021935
2371.56	0.1693427802021935
2371.7039999999997	0.16934471916025484
2371.848	0.16934471916025484
2371.9919999999997	0.1693427802021935
2372.1349999999998	0.16934471916025484
2372.279	0.16934795075702372
2372.423	0.16934795075702372
2372.567	0.16934795075702372
2372.711	0.16934795075702372
2372.855	0.16935053603443884
2372.998	0.16935312131185393
2373.142	0.16935312131185393
2373.2859999999996	0.16935312131185393
2373.43	0.16935053603443884
2373.5739999999996	0.16935053603443884
2373.718	0.16935053603443884
2373.861	0.16934795075702372
2374.006	0.16934471916025484
2374.149	0.16934471916025484
2374.2929999999997	0.16934471916025484
2374.437	0.1693427802021935
2374.5809999999997	0.16934471916025484
2374.725	0.1693427802021935
2374.8689999999997	0.1693427802021935
2375.0119999999997	0.1693427802021935
2375.156	0.1693427802021935
2375.2999999999997	0.1693427802021935
2375.444	0.1693427802021935
2375.5879999999997	0.16934471916025484
2375.732	0.16934471916025484
2375.8759999999997	0.16934148756348597
2376.019	0.16933954860542463
2376.163	0.16933890228607085
2376.307	0.16933825596671706
2376.451	0.16933631700865573
2376.595	0.16933114645382552
2376.739	0.16932791485705667
2376.8819999999996	0.16932662221834913
2377.027	0.16932532957964158
2377.171	0.16932532957964158
2377.314	0.16932532957964158
2377.4579999999996	0.16932532957964158
2377.602	0.16932532957964158
2377.745	0.16932532957964158
2377.89	0.16932468326028782
2378.0339999999997	0.1693227443022265
2378.178	0.16932080534416513
2378.325	0.16932015902481135
2378.4649999999997	0.16931822006675
2378.609	0.16931822006675
2378.752	0.16931822006675
2378.897	0.16931822006675
2379.04	0.16931822006675
2379.1839999999997	0.16931822006675
2379.328	0.16931822006675
2379.4719999999998	0.16931822006675
2379.616	0.1693162811086887
2379.7599999999998	0.1693162811086887
2379.903	0.1693162811086887
2380.047	0.1693162811086887
2380.191	0.1693162811086887
2380.335	0.1693162811086887
2380.479	0.1693162811086887
2380.623	0.1693162811086887
2380.767	0.1693162811086887
2380.91	0.1693162811086887
2381.0539999999996	0.1693162811086887
2381.198	0.1693162811086887
2381.3419999999996	0.1693169274280425
2381.488	0.1693169274280425
2381.6299999999997	0.1693162811086887
2381.774	0.1693162811086887
2381.9179999999997	0.1693169274280425
2382.0609999999997	0.1693169274280425
2382.205	0.1693169274280425
2382.3489999999997	0.1693169274280425
2382.493	0.1693169274280425
2382.636	0.1693169274280425
2382.7799999999997	0.1693169274280425
2382.924	0.1693169274280425
2383.0679999999998	0.1693169274280425
2383.212	0.1693169274280425
2383.3559999999998	0.1693169274280425
2383.5	0.1693169274280425
2383.644	0.1693169274280425
2383.787	0.1693169274280425
2383.931	0.1693188663861038
2384.075	0.16932015902481135
2384.219	0.16932080534416513
2384.363	0.1693227443022265
2384.5069999999996	0.1693227443022265
2384.651	0.1693227443022265
2384.794	0.16932468326028782
2384.9379999999996	0.16932662221834913
2385.082	0.16932791485705667
2385.2259999999997	0.16932856117641043
2385.37	0.1693317927731793
2385.5139999999997	0.16933502436994818
2385.658	0.16933696332800952
2385.801	0.16933825596671706
2385.9449999999997	0.16933890228607085
2386.089	0.16933890228607085
2386.2329999999997	0.16933954860542463
2386.377	0.16934148756348597
2386.5209999999997	0.16934471916025484
2386.6659999999997	0.16934471916025484
2386.8089999999997	0.16934471916025484
2386.953	0.16934471916025484
2387.0969999999998	0.16934471916025484
2387.241	0.16934471916025484
2387.3869999999997	0.16934471916025484
2387.528	0.16934795075702372
2387.673	0.16934795075702372
2387.816	0.16934795075702372
2387.96	0.16934795075702372
2388.104	0.16934795075702372
2388.248	0.16934795075702372
2388.392	0.16934795075702372
2388.5359999999996	0.16934471916025484
2388.6789999999996	0.16934471916025484
2388.823	0.16934471916025484
2388.9669999999996	0.16934471916025484
2389.111	0.16934471916025484
2389.2549999999997	0.16934471916025484
2389.399	0.16934795075702372
2389.5429999999997	0.16935053603443884
2389.6859999999997	0.16935053603443884
2389.83	0.16935053603443884
2389.9739999999997	0.1693511823537926
2390.118	0.16935247499250017
2390.2619999999997	0.16935247499250017
2390.406	0.1693544139505615
2390.5499999999997	0.16935635290862283
2390.6929999999998	0.16935635290862283
2390.837	0.16935635290862283
2390.9809999999998	0.16935635290862283
2391.125	0.16935635290862283
2391.269	0.16935635290862283
2391.413	0.16935635290862283
2391.557	0.16935635290862283
2391.701	0.16935764554733038
2391.845	0.16935829186668416
2391.989	0.16935893818603792
2392.1319999999996	0.16935893818603792
2392.276	0.16936087714409925
2392.419	0.16936281610216058
2392.5629999999996	0.16936281610216058
2392.707	0.16936281610216058
2392.8509999999997	0.16936281610216058
2392.995	0.1693641087408681
2393.1389999999997	0.1693641087408681
2393.283	0.16936540137957562
2393.4269999999997	0.16936798665699077
2393.5699999999997	0.16937121825375967
2393.714	0.1693725108924672
2393.8579999999997	0.16937444985052852
2394.002	0.1693757424892361
2394.1459999999997	0.1693757424892361
2394.29	0.1693757424892361
2394.4339999999997	0.1693757424892361
2394.5769999999998	0.1693757424892361
2394.721	0.1693757424892361
2394.865	0.1693757424892361
2395.009	0.16937638880858985
2395.153	0.16937638880858985
2395.296	0.16937638880858985
2395.441	0.16937638880858985
2395.584	0.16937832776665118
2395.7279999999996	0.16937832776665118
2395.872	0.16937832776665118
2396.0159999999996	0.16937832776665118
2396.16	0.16937832776665118
2396.303	0.16937832776665118
2396.451	0.16937832776665118
2396.591	0.16937832776665118
2396.7349999999997	0.16937832776665118
2396.879	0.16937832776665118
2397.0229999999997	0.16937962040535876
2397.167	0.16937962040535876
2397.3109999999997	0.16937962040535876
2397.4539999999997	0.16937962040535876
2397.598	0.16937962040535876
2397.7419999999997	0.16937962040535876
2397.886	0.16937962040535876
2398.0299999999997	0.1693802667247125
2398.174	0.1693802667247125
2398.3179999999998	0.1693802667247125
2398.461	0.1693809130440663
2398.605	0.1693809130440663
2398.749	0.1693809130440663
2398.893	0.1693802667247125
2399.037	0.1693802667247125
2399.181	0.1693802667247125
2399.325	0.1693802667247125
2399.468	0.1693802667247125
2399.6119999999996	0.1693802667247125
2399.756	0.1693802667247125
2399.8999999999996	0.1693802667247125
2400.044	0.1693809130440663
2400.187	0.1693809130440663
2400.332	0.1693809130440663
2400.475	0.1693809130440663
2400.6189999999997	0.1693809130440663
2400.763	0.1693809130440663
2400.9069999999997	0.1693809130440663
2401.051	0.1693809130440663
2401.194	0.1693809130440663
2401.3379999999997	0.1693809130440663
2401.482	0.1693809130440663
2401.6259999999997	0.1693809130440663
2401.77	0.1693809130440663
2401.9139999999998	0.1693809130440663
2402.058	0.1693809130440663
2402.2019999999998	0.1693809130440663
2402.345	0.1693809130440663
2402.49	0.1693809130440663
2402.633	0.1693809130440663
2402.777	0.1693809130440663
2402.921	0.1693809130440663
2403.065	0.1693809130440663
2403.209	0.1693809130440663
2403.3529999999996	0.1693809130440663
2403.4959999999996	0.1693809130440663
2403.64	0.16938220568277385
2403.7839999999997	0.16938220568277385
2403.9269999999997	0.16938220568277385
2404.0719999999997	0.16938220568277385
2404.216	0.16938220568277385
2404.3599999999997	0.16938220568277385
2404.504	0.16938220568277385
2404.6479999999997	0.16938220568277385
2404.792	0.16938220568277385
2404.9359999999997	0.16938220568277385
2405.0789999999997	0.16938414464083518
2405.223	0.16938802255695784
2405.37	0.16938802255695784
2405.5119999999997	0.16938802255695784
2405.6549999999997	0.16938802255695784
2405.799	0.16939125415372672
2405.9429999999998	0.16939125415372672
2406.087	0.16939125415372672
2406.23	0.16939125415372672
2406.374	0.16939125415372672
2406.518	0.16939125415372672
2406.662	0.16939125415372672
2406.805	0.16939125415372672
2406.95	0.16939125415372672
2407.094	0.16939125415372672
2407.2369999999996	0.16939125415372672
2407.381	0.16939125415372672
2407.5249999999996	0.1693919004730805
2407.669	0.1693919004730805
2407.812	0.1693919004730805
2407.957	0.1693919004730805
2408.1	0.1693919004730805
2408.2439999999997	0.1693919004730805
2408.388	0.16939254679243426
2408.5319999999997	0.1693944857504956
2408.676	0.1693944857504956
2408.8199999999997	0.16939642470855693
2408.9629999999997	0.16939642470855693
2409.107	0.16939642470855693
2409.2509999999997	0.16939642470855693
2409.395	0.1693944857504956
2409.5389999999998	0.16939254679243426
2409.683	0.1693944857504956
2409.8269999999998	0.16939642470855693
2409.97	0.1694003026246796
2410.114	0.16940418054080222
2410.258	0.16940935109563243
2410.402	0.16941452165046264
2410.546	0.16941452165046264
2410.69	0.16941452165046264
2410.834	0.16941452165046264
2410.9779999999996	0.16941452165046264
2411.1209999999996	0.16941452165046264
2411.265	0.16941452165046264
2411.4109999999996	0.16941581428917019
2411.553	0.16941710692787776
2411.696	0.16941710692787776
2411.841	0.16941710692787776
2411.9849999999997	0.16941710692787776
2412.1279999999997	0.16941775324723152
2412.272	0.1694183995665853
2412.4159999999997	0.1694183995665853
2412.56	0.1694183995665853
2412.703	0.16942033852464664
2412.848	0.16942033852464664
2412.991	0.16942033852464664
2413.1349999999998	0.1694235701214155
2413.279	0.16942486276012306
2413.423	0.16942486276012306
2413.567	0.16942550907947684
2413.711	0.1694293869955995
2413.854	0.1694293869955995
2413.998	0.16943261859236838
2414.142	0.16943326491172217
2414.2859999999996	0.16943585018913726
2414.432	0.1694390817859061
2414.5739999999996	0.16944102074396744
2414.718	0.16944295970202877
2414.8619999999996	0.1694448986600901
2415.0049999999997	0.1694448986600901
2415.149	0.1694455449794439
2415.2929999999997	0.1694455449794439
2415.437	0.16944683761815144
2415.58	0.16944942289556653
2415.725	0.16945071553427407
2415.868	0.16945136185362786
2416.0119999999997	0.16945200817298164
2416.156	0.1694533008116892
2416.2999999999997	0.16945459345039676
2416.444	0.1694565324084581
2416.587	0.16945847136651943
2416.732	0.16946041032458076
2416.875	0.16946299560199585
2417.019	0.16946493456005718
2417.163	0.1694668735181185
2417.307	0.1694675198374723
2417.451	0.1694675198374723
2417.595	0.16947075143424117
2417.738	0.16947398303101002
2417.8819999999996	0.1694765683084251
2418.026	0.16947915358584023
2418.1699999999996	0.16947915358584023
2418.314	0.16948109254390156
2418.4579999999996	0.169485616779378
2418.602	0.16949207997291577
2418.745	0.1694959578890384
2418.8889999999997	0.1694998358051611
2419.0339999999997	0.16950436004063751
2419.178	0.16950629899869885
2419.321	0.16950823795676015
2419.466	0.16951017691482145
2419.6079999999997	0.16951146955352903
2419.752	0.16951211587288278
2419.8959999999997	0.16951211587288278
2420.04	0.16951211587288278
2420.1839999999997	0.16951211587288278
2420.328	0.16951211587288278
2420.471	0.16951211587288278
2420.616	0.16951211587288278
2420.759	0.16951211587288278
2420.903	0.16951211587288278
2421.047	0.16951211587288278
2421.191	0.16951470115029793
2421.335	0.16951470115029793
2421.4779999999996	0.1695179327470668
2421.623	0.16952116434383568
2421.768	0.16952504225995835
2421.9109999999996	0.16953085913414231
2422.055	0.16953602968897252
2422.1989999999996	0.16953796864703385
2422.343	0.1695418465631565
2422.4869999999996	0.16954507815992537
2422.6299999999997	0.16954572447927913
2422.774	0.16954830975669427
2422.9179999999997	0.16955154135346315
2423.062	0.1695528339921707
2423.2059999999997	0.16955671190829336
2423.35	0.169560589824416
2423.4959999999996	0.16956188246312354
2423.6369999999997	0.1695638214211849
2423.781	0.16956640669860001
2423.9249999999997	0.169572223572784
2424.069	0.16957804044696795
2424.2129999999997	0.1695812720437368
2424.357	0.16958256468244437
2424.5009999999997	0.16958321100179816
2424.645	0.1695851499598595
2424.788	0.1695870889179208
2424.932	0.16958773523727458
2425.076	0.16958902787598215
2425.22	0.16959225947275103
2425.363	0.16959484475016612
2425.508	0.16959484475016612
2425.651	0.16959484475016612
2425.7949999999996	0.16959678370822748
2425.939	0.16959936898564257
2426.0829999999996	0.1696013079437039
2426.227	0.16960324690176526
2426.3709999999996	0.1696064784985341
2426.518	0.1696090637759492
2426.658	0.16961164905336434
2426.8019999999997	0.1696148806501332
2426.946	0.1696168196081945
2427.0899999999997	0.16961746592754828
2427.234	0.16961875856625583
2427.3779999999997	0.16962005120496337
2427.5209999999997	0.16962069752431716
2427.665	0.16962069752431716
2427.8089999999997	0.16962328280173228
2427.953	0.1696271607178549
2428.0969999999998	0.1696303923146238
2428.241	0.16963233127268515
2428.3849999999998	0.16963427023074648
2428.529	0.16963750182751536
2428.672	0.1696394407855767
2428.816	0.16964073342428426
2428.96	0.1696439650210531
2429.104	0.16964590397911444
2429.248	0.16964590397911444
2429.392	0.16964590397911444
2429.535	0.16965172085329844
2429.6789999999996	0.16965172085329844
2429.823	0.1696575377274824
2429.9669999999996	0.1696581840468362
2430.111	0.1696601230048975
2430.254	0.16966335460166637
2430.399	0.1696652935597277
2430.5429999999997	0.1696652935597277
2430.6859999999997	0.16966723251778904
2430.83	0.1696711104339117
2430.9739999999997	0.1696736957113268
2431.118	0.16967563466938812
2431.2619999999997	0.16967692730809567
2431.4049999999997	0.1696782199468032
2431.549	0.16967951258551078
2431.6929999999998	0.16968015890486457
2431.837	0.16968080522421836
2431.9809999999998	0.16968080522421836
2432.125	0.16968209786292593
2432.269	0.16968403682098726
2432.413	0.16968856105646365
2432.5589999999997	0.16968856105646365
2432.701	0.16969373161129386
2432.845	0.1696969632080627
2432.988	0.16969890216612404
2433.1319999999996	0.16969954848547786
2433.276	0.16969954848547786
2433.4199999999996	0.16969954848547786
2433.5629999999996	0.1697014874435392
2433.707	0.16970342640160047
2433.8509999999997	0.16970342640160047
2433.995	0.16970601167901558
2434.1389999999997	0.16970601167901558
2434.283	0.16970924327578446
2434.4269999999997	0.16971118223384582
2434.5699999999997	0.1697118285531996
2434.714	0.1697144138306147
2434.8579999999997	0.1697169991080298
2435.002	0.1697169991080298
2435.1459999999997	0.1697169991080298
2435.2889999999998	0.16971958438544488
2435.4339999999997	0.16972216966286
2435.5769999999998	0.1697241086209213
2435.721	0.1697273402176902
2435.865	0.16972927917575154
2436.009	0.1697299254951053
2436.153	0.16973186445316663
2436.296	0.16973380341122796
2436.44	0.1697357423692893
2436.584	0.16973768132735062
2436.7279999999996	0.1697389739660582
2436.872	0.16974091292411952
2437.0159999999996	0.16974155924347328
2437.16	0.16974285188218083
2437.3039999999996	0.1697460834789497
2437.4469999999997	0.16974996139507237
2437.591	0.16975190035313373
2437.7349999999997	0.16975319299184127
2437.879	0.1697570709079639
2438.0229999999997	0.16976288778214788
2438.167	0.16976611937891675
2438.3109999999997	0.16976805833697808
2438.4539999999997	0.1697706436143932
2438.598	0.16977258257245453
2438.7419999999997	0.16977452153051587
2438.886	0.1697764604885772
2439.0299999999997	0.16977969208534605
2439.1749999999997	0.16978163104340738
2439.319	0.1697842163208225
2439.4629999999997	0.16978809423694516
2439.6059999999998	0.16979067951436028
2439.75	0.16979197215306782
2439.894	0.16979197215306782
2440.038	0.16979197215306782
2440.181	0.16979197215306782
2440.326	0.1697926184724216
2440.47	0.16979455743048288
2440.613	0.16979778902725176
2440.7569999999996	0.1697997279853131
2440.901	0.16980037430466688
2441.0449999999996	0.16980102062402067
2441.189	0.1698023132627282
2441.332	0.16980360590143576
2441.4759999999997	0.16980425222078954
2441.623	0.16980619117885087
2441.7639999999997	0.16980748381755842
2441.908	0.1698081301369122
2442.0519999999997	0.1698081301369122
2442.196	0.1698081301369122
2442.339	0.16981006909497354
2442.4829999999997	0.16981006909497354
2442.627	0.1698133006917424
2442.7709999999997	0.1698133006917424
2442.915	0.1698133006917424
2443.0589999999997	0.16981588596915753
2443.203	0.16981976388528017
2443.3469999999998	0.16981976388528017
2443.49	0.16981976388528017
2443.634	0.16981976388528017
2443.778	0.16981588596915753
2443.922	0.16981588596915753
2444.065	0.16981588596915753
2444.21	0.16981588596915753
2444.354	0.16981588596915753
2444.497	0.16981588596915753
2444.6409999999996	0.16981976388528017
2444.785	0.16982364180140283
2444.9289999999996	0.16982558075946416
2445.0719999999997	0.16982558075946416
2445.2169999999996	0.16982558075946416
2445.3599999999997	0.16982816603687928
2445.504	0.16982816603687928
2445.6479999999997	0.16982816603687928
2445.792	0.16983010499494058
2445.9359999999997	0.1698320439530019
2446.08	0.1698320439530019
2446.223	0.1698320439530019
2446.368	0.1698320439530019
2446.5119999999997	0.1698320439530019
2446.656	0.16983398291106322
2446.799	0.16983398291106322
2446.9429999999998	0.169834629230417
2447.087	0.16983592186912455
2447.2309999999998	0.16983915346589346
2447.374	0.16983915346589346
2447.518	0.16983915346589346
2447.662	0.16984173874330855
2447.806	0.16984173874330855
2447.95	0.16984173874330855
2448.094	0.16984238506266233
2448.238	0.16984367770136988
2448.381	0.16984497034007742
2448.5249999999996	0.16984690929813875
2448.669	0.16985078721426142
2448.8129999999996	0.16985337249167654
2448.957	0.16985531144973787
2449.1009999999997	0.1698566040884454
2449.245	0.16985854304650674
2449.388	0.16986048200456808
2449.5319999999997	0.16986112832392186
2449.676	0.16986177464327565
2449.8199999999997	0.1698643599206907
2449.964	0.16986759151745956
2450.107	0.16986823783681335
2450.2509999999997	0.16986823783681335
2450.395	0.16986823783681335
2450.5389999999998	0.16986823783681335
2450.6839999999997	0.1698695304755209
2450.8269999999998	0.1698695304755209
2450.971	0.16987146943358222
2451.114	0.169872115752936
2451.258	0.16987534734970489
2451.402	0.1698785789464738
2451.546	0.1698785789464738
2451.69	0.1698785789464738
2451.834	0.16987922526582755
2451.9779999999996	0.16988181054324267
2452.122	0.16988504214001154
2452.265	0.16988698109807288
2452.4089999999997	0.16988698109807288
2452.553	0.16988698109807288
2452.6969999999997	0.16988698109807288
2452.8399999999997	0.16988698109807288
2452.9849999999997	0.16988504214001154
2453.129	0.16988181054324267
2453.272	0.16988181054324267
2453.4159999999997	0.16988504214001154
2453.56	0.16988504214001154
2453.7039999999997	0.16988504214001154
2453.8469999999998	0.16988698109807288
2453.9919999999997	0.16988698109807288
2454.1349999999998	0.16988698109807288
2454.279	0.16988698109807288
2454.423	0.16988698109807288
2454.567	0.1698889200561342
2454.711	0.16989021269484175
2454.855	0.16989602956902575
2454.998	0.16990184644320974
2455.143	0.16990249276256347
2455.2859999999996	0.16990249276256347
2455.43	0.16990572435933235
2455.5739999999996	0.16990572435933235
2455.718	0.16990572435933235
2455.8619999999996	0.16990572435933235
2456.006	0.16990572435933235
2456.149	0.16990249276256347
2456.2929999999997	0.16990249276256347
2456.442	0.16990249276256347
2456.5809999999997	0.16990249276256347
2456.7259999999997	0.16990572435933235
2456.87	0.16990572435933235
2457.013	0.16990572435933235
2457.1569999999997	0.16990572435933235
2457.301	0.16990572435933235
2457.4449999999997	0.16990572435933235
2457.589	0.16990572435933235
2457.7329999999997	0.16990572435933235
2457.877	0.16990572435933235
2458.02	0.16990572435933235
2458.1639999999998	0.16990572435933235
2458.308	0.16990572435933235
2458.4519999999998	0.16990572435933235
2458.596	0.16990572435933235
2458.74	0.16990572435933235
2458.883	0.16990572435933235
2459.027	0.16990572435933235
2459.171	0.16990572435933235
2459.315	0.16990895595610123
2459.459	0.16990895595610123
2459.604	0.16990895595610123
2459.747	0.16990895595610123
2459.89	0.16990895595610123
2460.0339999999997	0.169909602275455
2460.178	0.1699128338722239
2460.323	0.16991671178834655
2460.4669999999996	0.16991671178834655
2460.6099999999997	0.16991671178834655
2460.754	0.16991735810770034
2460.897	0.16992058970446922
2461.0409999999997	0.16992446762059188
2461.185	0.16992511393994567
2461.3289999999997	0.16992446762059188
2461.473	0.16992058970446922
2461.6169999999997	0.16992058970446922
2461.761	0.16992058970446922
2461.9049999999997	0.16992058970446922
2462.048	0.16991735810770034
2462.192	0.16991671178834655
2462.336	0.1699128338722239
2462.48	0.169909602275455
2462.623	0.169909602275455
2462.768	0.16990895595610123
2462.9109999999996	0.16990572435933235
2463.055	0.16990572435933235
2463.1989999999996	0.16990895595610123
2463.343	0.16990895595610123
2463.4869999999996	0.16990572435933235
2463.631	0.16990572435933235
2463.774	0.16990572435933235
2463.9179999999997	0.16990572435933235
2464.062	0.16990572435933235
2464.2059999999997	0.16990572435933235
2464.35	0.16990572435933235
2464.4939999999997	0.16990249276256347
2464.638	0.16990249276256347
2464.781	0.16990249276256347
2464.9249999999997	0.16990249276256347
2465.069	0.16990249276256347
2465.2129999999997	0.16990249276256347
2465.3559999999998	0.16990572435933235
2465.5009999999997	0.16990572435933235
2465.645	0.16990572435933235
2465.788	0.16990572435933235
2465.932	0.16990572435933235
2466.076	0.16990249276256347
2466.22	0.16990184644320974
2466.364	0.16990184644320974
2466.5069999999996	0.1698999074851484
2466.652	0.1698999074851484
2466.7949999999996	0.1698999074851484
2466.939	0.1698999074851484
2467.0829999999996	0.1698999074851484
2467.227	0.1698999074851484
2467.3709999999996	0.1698999074851484
2467.515	0.1698999074851484
2467.658	0.1698999074851484
2467.8019999999997	0.1698999074851484
2467.946	0.1698999074851484
2468.0899999999997	0.1698999074851484
2468.234	0.1698999074851484
2468.3779999999997	0.1698999074851484
2468.522	0.1698999074851484
2468.6679999999997	0.1698999074851484
2468.8089999999997	0.1698999074851484
2468.953	0.16989796852708708
2469.0969999999998	0.16989602956902575
2469.24	0.16989602956902575
2469.3849999999998	0.16989215165290308
2469.529	0.16989021269484175
2469.672	0.1698889200561342
2469.816	0.1698889200561342
2469.96	0.1698889200561342
2470.104	0.16989021269484175
2470.248	0.16989215165290308
2470.3909999999996	0.16989215165290308
2470.5359999999996	0.16989215165290308
2470.6789999999996	0.16989215165290308
2470.823	0.16989021269484175
2470.9669999999996	0.16989021269484175
2471.111	0.1698889200561342
2471.2549999999997	0.16988698109807288
2471.3979999999997	0.1698831031819502
2471.5449999999996	0.1698831031819502
2471.6859999999997	0.16987922526582755
2471.83	0.1698831031819502
2471.9739999999997	0.16988698109807288
2472.118	0.16988698109807288
2472.2619999999997	0.16988698109807288
2472.406	0.16988698109807288
2472.549	0.1698831031819502
2472.6929999999998	0.16987922526582755
2472.837	0.16987922526582755
2472.982	0.16987922526582755
2473.125	0.16987922526582755
2473.269	0.16987922526582755
2473.413	0.16987922526582755
2473.557	0.1698785789464738
2473.701	0.16987728630776622
2473.845	0.16987405471099734
2473.989	0.16987146943358222
2474.133	0.16987146943358222
2474.277	0.16987146943358222
2474.421	0.1698695304755209
2474.564	0.1698695304755209
2474.7079999999996	0.16986823783681335
2474.852	0.16986823783681335
2474.9959999999996	0.16986823783681335
2475.14	0.16986823783681335
2475.283	0.16986823783681335
2475.428	0.16986823783681335
2475.571	0.16986823783681335
2475.7149999999997	0.16986629887875204
2475.859	0.1698643599206907
2476.0029999999997	0.1698643599206907
2476.147	0.1698630672819832
2476.29	0.16986177464327565
2476.435	0.16986112832392186
2476.578	0.16985918936586053
2476.7219999999998	0.16985789672715296
2476.866	0.1698572504077992
2477.0099999999998	0.1698566040884454
2477.154	0.1698566040884454
2477.298	0.1698566040884454
2477.441	0.1698566040884454
2477.589	0.16985531144973787
2477.732	0.1698540188110303
2477.873	0.16985337249167654
2478.0159999999996	0.16984884825620009
2478.1609999999996	0.16984497034007742
2478.3039999999996	0.16984497034007742
2478.448	0.16984497034007742
2478.5919999999996	0.16984497034007742
2478.736	0.16984497034007742
2478.8799999999997	0.16984497034007742
2479.0229999999997	0.16984303138201612
2479.1679999999997	0.16983979978524721
2479.3109999999997	0.16983786082718588
2479.455	0.16983786082718588
2479.5989999999997	0.16983786082718588
2479.743	0.16983721450783212
2479.8869999999997	0.16983786082718588
2480.0299999999997	0.16983979978524721
2480.1749999999997	0.16984303138201612
2480.3179999999998	0.16984303138201612
2480.462	0.16983979978524721
2480.6059999999998	0.16983786082718588
2480.75	0.16983721450783212
2480.894	0.16983721450783212
2481.037	0.1698352755497708
2481.181	0.16983333659170946
2481.325	0.16983333659170946
2481.469	0.16983333659170946
2481.613	0.16983333659170946
2481.7569999999996	0.16983333659170946
2481.901	0.16983333659170946
2482.044	0.1698352755497708
2482.1879999999996	0.1698352755497708
2482.332	0.16983333659170946
2482.4759999999997	0.16983333659170946
2482.62	0.16983333659170946
2482.7639999999997	0.16983333659170946
2482.908	0.16983333659170946
2483.051	0.16983333659170946
2483.1949999999997	0.16983139763364813
2483.339	0.16982945867558683
2483.4829999999997	0.16982945867558683
2483.627	0.16982945867558683
2483.7709999999997	0.16982945867558683
2483.915	0.16982816603687928
2484.058	0.16982816603687928
2484.2019999999998	0.16982816603687928
2484.346	0.1698268733981717
2484.49	0.16982816603687928
2484.634	0.16982816603687928
2484.778	0.1698268733981717
2484.922	0.1698268733981717
2485.065	0.1698268733981717
2485.209	0.16982816603687928
2485.3529999999996	0.1698268733981717
2485.497	0.1698268733981717
2485.6409999999996	0.16982558075946416
2485.785	0.16982558075946416
2485.9289999999996	0.16982428812075662
2486.0719999999997	0.16982428812075662
2486.216	0.16982234916269529
2486.3599999999997	0.1698197638852802
2486.504	0.1698191175659264
2486.653	0.1698191175659264
2486.792	0.1698191175659264
2486.9359999999997	0.1698191175659264
2487.0789999999997	0.1698191175659264
2487.223	0.16981782492721886
2487.3669999999997	0.1698165322885113
2487.511	0.16981265437238863
2487.6549999999997	0.16980877645626596
2487.799	0.16980683749820463
2487.942	0.16980683749820463
2488.086	0.16980683749820463
2488.23	0.16980489854014333
2488.374	0.16980489854014333
2488.518	0.16980489854014333
2488.662	0.16980425222078954
2488.806	0.16980360590143576
2488.95	0.1698023132627282
2489.093	0.16980102062402067
2489.2369999999996	0.16980037430466688
2489.381	0.1697997279853131
2489.5249999999996	0.1697997279853131
2489.669	0.1697997279853131
2489.8129999999996	0.1697997279853131
2489.9559999999997	0.1697997279853131
2490.1	0.1697997279853131
2490.2439999999997	0.16979843534660555
2490.388	0.169797142707898
2490.5319999999997	0.169797142707898
2490.676	0.169797142707898
2490.8199999999997	0.16979649638854422
2490.9629999999997	0.16979455743048288
2491.107	0.16979455743048288
2491.2509999999997	0.16979326479177537
2491.395	0.16979132583371404
2491.5389999999998	0.1697893868756527
2491.6839999999997	0.1697893868756527
2491.828	0.1697893868756527
2491.971	0.16978809423694516
2492.115	0.1697868015982376
2492.259	0.1697868015982376
2492.403	0.1697868015982376
2492.546	0.1697868015982376
2492.691	0.16978486264017628
2492.835	0.16978098472405362
2492.9779999999996	0.16977839944663853
2493.122	0.16977775312728474
2493.2659999999996	0.16977775312728474
2493.41	0.1697764604885772
2493.5539999999996	0.16977452153051587
2493.698	0.16977258257245453
2493.8419999999996	0.16977258257245453
2493.9849999999997	0.16977258257245453
2494.129	0.1697706436143932
2494.2729999999997	0.1697706436143932
2494.417	0.1697706436143932
2494.5609999999997	0.16977258257245453
2494.7039999999997	0.16977387521116208
2494.848	0.16977452153051587
2494.9919999999997	0.16977452153051587
2495.136	0.16977452153051587
2495.2799999999997	0.16977452153051587
2495.424	0.16977452153051587
2495.567	0.16977452153051587
2495.712	0.16977452153051587
2495.8579999999997	0.16977452153051587
2495.999	0.16977387521116208
2496.143	0.16977258257245453
2496.287	0.1697706436143932
2496.431	0.16977258257245453
2496.5739999999996	0.16977258257245453
2496.719	0.16977258257245453
2496.8619999999996	0.16977258257245453
2497.006	0.16977258257245453
2497.1499999999996	0.16977258257245453
2497.294	0.1697706436143932
2497.4379999999996	0.1697706436143932
2497.5809999999997	0.1697706436143932
2497.7259999999997	0.16976870465633187
2497.8689999999997	0.16976870465633187
2498.013	0.16976870465633187
2498.1569999999997	0.16976870465633187
2498.301	0.16976870465633187
2498.4449999999997	0.1697674120176243
2498.5879999999997	0.16976676569827054
2498.7329999999997	0.1697648267402092
2498.8759999999997	0.16976353410150166
2499.02	0.16976353410150166
2499.1639999999998	0.16976353410150166
2499.308	0.16976288778214788
2499.4519999999998	0.1697622414627941
2499.595	0.16976030250473279
2499.739	0.16976030250473279
2499.883	0.16976030250473279
2500.027	0.16976030250473279
2500.171	0.16976030250473279
2500.315	0.1697570709079639
2500.459	0.16975577826925636
2500.602	0.1697551319499026
2500.747	0.16975448563054882
2500.89	0.16975319299184127
2501.0339999999997	0.16975060771442615
2501.178	0.16974931507571858
2501.323	0.16974931507571858
2501.469	0.16974931507571858
2501.6099999999997	0.16974931507571858
2501.7529999999997	0.16974931507571858
2501.897	0.16974931507571858
2502.0409999999997	0.16974931507571858
2502.185	0.1697486687563648
2502.3289999999997	0.16974802243701104
2502.473	0.1697467297983035
2502.616	0.16974543715959595
2502.7599999999998	0.16974543715959595
2502.904	0.16974543715959595
2503.048	0.1697467297983035
2503.192	0.16974802243701104
2503.336	0.16974802243701104
2503.48	0.1697467297983035
2503.623	0.1697467297983035
2503.767	0.16974543715959595
2503.9109999999996	0.16974479084024216
2504.055	0.16974479084024216
2504.1989999999996	0.16974414452088837
2504.343	0.16974414452088837
2504.4869999999996	0.16974414452088837
2504.6299999999997	0.16974479084024216
2504.774	0.16974543715959595
2504.9199999999996	0.16974543715959595
2505.062	0.16974543715959595
2505.2059999999997	0.16974479084024216
2505.35	0.16974414452088837
2505.4939999999997	0.16974285188218083
2505.6369999999997	0.16974091292411952
2505.781	0.1697389739660582
2505.9249999999997	0.16973703500799686
2506.069	0.16973638868864308
2506.2129999999997	0.16973509604993553
2506.357	0.16973186445316663
2506.5009999999997	0.16972927917575154
2506.644	0.16972927917575154
2506.788	0.16972927917575154
2506.932	0.16972927917575154
2507.076	0.16972927917575154
2507.22	0.16972927917575154
2507.364	0.16973186445316663
2507.508	0.16973509604993553
2507.652	0.16973509604993553
2507.7949999999996	0.16973509604993553
2507.939	0.16973509604993553
2508.0829999999996	0.16973509604993553
2508.2259999999997	0.16973638868864308
2508.3709999999996	0.16973703500799686
2508.515	0.1697389739660582
2508.658	0.1697389739660582
2508.8019999999997	0.1697389739660582
2508.946	0.1697389739660582
2509.091	0.16974091292411952
2509.234	0.16974285188218083
2509.379	0.16974285188218083
2509.5229999999997	0.16974285188218083
2509.6659999999997	0.16974285188218083
2509.81	0.16974285188218083
2509.9539999999997	0.16974414452088837
2510.098	0.16974414452088837
2510.2419999999997	0.16974414452088837
2510.386	0.16974414452088837
2510.5299999999997	0.16974414452088837
2510.673	0.16974414452088837
2510.817	0.16974414452088837
2510.961	0.16974414452088837
2511.105	0.16974414452088837
2511.249	0.16974414452088837
2511.393	0.16974414452088837
2511.537	0.16974414452088837
2511.68	0.16974414452088837
2511.8239999999996	0.16974414452088837
2511.968	0.16974479084024216
2512.1119999999996	0.16974543715959595
2512.2549999999997	0.16974543715959595
2512.3999999999996	0.1697467297983035
2512.5429999999997	0.16974802243701104
2512.687	0.16974802243701104
2512.8309999999997	0.16974802243701104
2512.975	0.16974802243701104
2513.1189999999997	0.16974802243701104
2513.2619999999997	0.1697486687563648
2513.4069999999997	0.1697486687563648
2513.5499999999997	0.1697486687563648
2513.694	0.16974931507571858
2513.8399999999997	0.16974931507571858
2513.982	0.16974931507571858
2514.1259999999997	0.16974931507571858
2514.269	0.16974931507571858
2514.4139999999998	0.16974931507571858
2514.558	0.16975060771442615
2514.701	0.16975060771442615
2514.845	0.16975319299184127
2514.989	0.16975319299184127
2515.133	0.16975448563054882
2515.277	0.1697551319499026
2515.421	0.16975577826925636
2515.564	0.16975577826925636
2515.7079999999996	0.16975577826925636
2515.852	0.1697570709079639
2515.9959999999996	0.1697590098660252
2516.14	0.16976094882408654
2516.283	0.16976094882408654
2516.428	0.16976288778214788
2516.5739999999996	0.16976288778214788
2516.7149999999997	0.16976094882408654
2516.859	0.1697590098660252
2517.0029999999997	0.1697590098660252
2517.147	0.1697590098660252
2517.29	0.1697590098660252
2517.4339999999997	0.1697570709079639
2517.578	0.16975577826925636
2517.7219999999998	0.16975577826925636
2517.866	0.16975577826925636
2518.0099999999998	0.1697570709079639
2518.154	0.1697570709079639
2518.297	0.1697570709079639
2518.441	0.1697570709079639
2518.585	0.1697570709079639
2518.729	0.1697570709079639
2518.873	0.16975577826925636
2519.017	0.1697570709079639
2519.1609999999996	0.1697590098660252
2519.3039999999996	0.16976094882408654
2519.448	0.16976288778214788
2519.5919999999996	0.16976288778214788
2519.736	0.16976288778214788
2519.8799999999997	0.16976353410150166
2520.024	0.16976353410150166
2520.1679999999997	0.16976353410150166
2520.3109999999997	0.16976353410150166
2520.455	0.16976353410150166
2520.5989999999997	0.16976353410150166
2520.743	0.16976353410150166
2520.8869999999997	0.16976353410150166
2521.031	0.16976547305956297
2521.1749999999997	0.1697674120176243
2521.3179999999998	0.1697674120176243
2521.4629999999997	0.1697674120176243
2521.6059999999998	0.16976870465633187
2521.75	0.16976870465633187
2521.894	0.16976870465633187
2522.038	0.1697674120176243
2522.182	0.1697674120176243
2522.325	0.1697674120176243
2522.469	0.16976547305956297
2522.613	0.16976353410150166
2522.7569999999996	0.16976353410150166
2522.903	0.16976353410150166
2523.0449999999996	0.16976353410150166
2523.189	0.16976353410150166
2523.332	0.16976288778214788
2523.4759999999997	0.16976094882408654
2523.62	0.16976094882408654
2523.7639999999997	0.169759656185379
2523.908	0.169759656185379
2524.0519999999997	0.1697590098660252
2524.196	0.1697590098660252
2524.339	0.1697570709079639
2524.4829999999997	0.16975577826925636
2524.627	0.16975577826925636
2524.7709999999997	0.1697551319499026
2524.915	0.16975448563054882
2525.0589999999997	0.16975448563054882
2525.203	0.16975319299184127
2525.346	0.16975190035313373
2525.49	0.16975060771442615
2525.634	0.16974931507571858
2525.778	0.1697486687563648
2525.922	0.1697467297983035
2526.066	0.16974543715959595
2526.21	0.16974543715959595
2526.3529999999996	0.16974479084024216
2526.497	0.16974414452088837
2526.642	0.16974414452088837
2526.7859999999996	0.16974414452088837
2526.93	0.16974414452088837
2527.0739999999996	0.16974414452088837
2527.218	0.16974285188218083
2527.361	0.16973768132735062
2527.5049999999997	0.16973186445316663
2527.649	0.16972927917575154
2527.7929999999997	0.1697273402176902
2527.937	0.1697273402176902
2528.0809999999997	0.1697273402176902
2528.2239999999997	0.1697273402176902
2528.368	0.1697273402176902
2528.5119999999997	0.1697273402176902
2528.6569999999997	0.16972604757898263
2528.801	0.16972604757898263
2528.944	0.16972540125962887
2529.0879999999997	0.16972475494027509
2529.2309999999998	0.1697215233435062
2529.375	0.16971829174673736
2529.519	0.16971829174673736
2529.663	0.16971829174673736
2529.807	0.16971829174673736
2529.95	0.16971829174673736
2530.095	0.16971829174673736
2530.238	0.16971764542738357
2530.3819999999996	0.1697169991080298
2530.526	0.1697169991080298
2530.6699999999996	0.16971570646932224
2530.814	0.16971312119190715
2530.957	0.16971312119190715
2531.102	0.16971312119190715
2531.245	0.1697118285531996
2531.3889999999997	0.1697118285531996
2531.533	0.16971118223384582
2531.68	0.16971053591449203
2531.821	0.16970924327578446
2531.964	0.16970730431772313
2532.109	0.1697053653596618
2532.252	0.16970407272095425
2532.3959999999997	0.16970342640160047
2532.54	0.1697014874435392
2532.6839999999997	0.16970019480483164
2532.828	0.16970019480483164
2532.971	0.16969954848547786
2533.116	0.1696976095274165
2533.259	0.1696956705693552
2533.403	0.1696950242500014
2533.547	0.1696950242500014
2533.691	0.16969308529194008
2533.835	0.16969308529194008
2533.9779999999996	0.16969308529194008
2534.122	0.16969308529194008
2534.2659999999996	0.16969308529194008
2534.41	0.1696872684177561
2534.5539999999996	0.1696872684177561
2534.698	0.16968145154357211
2534.8419999999996	0.1696782199468032
2534.9849999999997	0.16967692730809567
2535.129	0.16967692730809567
2535.2729999999997	0.16967692730809567
2535.417	0.16967692730809567
2535.5609999999997	0.16967563466938812
2535.705	0.16967563466938812
2535.8489999999997	0.16967563466938812
2535.9919999999997	0.1696736957113268
2536.136	0.16967304939197303
2536.2799999999997	0.16967304939197303
2536.424	0.16967304939197303
2536.5679999999998	0.16966723251778904
2536.712	0.16966141564360504
2536.8559999999998	0.16966141564360504
2536.999	0.16966141564360504
2537.143	0.1696601230048975
2537.287	0.1696581840468362
2537.431	0.1696575377274824
2537.575	0.16965624508877486
2537.719	0.16965624508877486
2537.863	0.1696549524500673
2538.006	0.16965301349200596
2538.1499999999996	0.16965301349200596
2538.294	0.16965107453394462
2538.4379999999996	0.16965042821459086
2538.582	0.16965042821459086
2538.7259999999997	0.16965042821459086
2538.87	0.16965042821459086
2539.013	0.1696497818952371
2539.1569999999997	0.16964848925652956
2539.301	0.16964655029846823
2539.4449999999997	0.16964655029846823
2539.589	0.16964590397911444
2539.7329999999997	0.1696439650210531
2539.877	0.1696420260629918
2540.02	0.16964073342428426
2540.1639999999998	0.1696362091888078
2540.308	0.16963297759203894
2540.4519999999998	0.1696310386339776
2540.595	0.16962845335656246
2540.74	0.16962651439850113
2540.883	0.16962263648237846
2541.029	0.16961875856625583
2541.172	0.16961552696948698
2541.315	0.16961552696948698
2541.459	0.16961100273401056
2541.6029999999996	0.16961100273401056
2541.747	0.16961100273401056
2541.8909999999996	0.16961100273401056
2542.035	0.16960712481788787
2542.178	0.16960583217918032
2542.323	0.16960583217918032
2542.4669999999996	0.16960583217918032
2542.609	0.16960583217918032
2542.754	0.16960583217918032
2542.897	0.16960583217918032
2543.0409999999997	0.16960518585982656
2543.185	0.1696045395404728
2543.3289999999997	0.1696045395404728
2543.473	0.16960324690176526
2543.616	0.1696013079437039
2543.7599999999998	0.1696013079437039
2543.904	0.1696013079437039
2544.049	0.16959807634693502
2544.1929999999998	0.16959807634693502
2544.337	0.16959807634693502
2544.4809999999998	0.16959807634693502
2544.624	0.16959807634693502
2544.769	0.16959290579210484
2544.912	0.16958902787598215
2545.056	0.16958773523727458
2545.2	0.16958579627921327
2545.344	0.16958321100179816
2545.488	0.1695812720437368
2545.631	0.16957545516955286
2545.776	0.1695696382953689
2545.919	0.16956769933730756
2546.0629999999996	0.16956705301795377
2546.207	0.16956705301795377
2546.3509999999997	0.16956705301795377
2546.497	0.16956769933730756
2546.638	0.16956769933730756
2546.7819999999997	0.16956769933730756
2546.926	0.16956769933730756
2547.0699999999997	0.16956769933730756
2547.214	0.16956769933730756
2547.3579999999997	0.16956769933730756
2547.502	0.16956705301795377
2547.645	0.16956511405989244
2547.7889999999998	0.1695631751018311
2547.933	0.1695586508663547
2548.0769999999998	0.16955154135346312
2548.221	0.16954766343734046
2548.365	0.16954572447927913
2548.509	0.16954572447927913
2548.652	0.16954507815992537
2548.796	0.16954313920186406
2548.94	0.16954313920186406
2549.084	0.16953796864703385
2549.2279999999996	0.16953796864703385
2549.372	0.16953796864703385
2549.515	0.16953796864703385
2549.6589999999997	0.16952827385672722
2549.803	0.16952827385672722
2549.9469999999997	0.16952439594060456
2550.091	0.16952116434383568
2550.2349999999997	0.1695179327470668
2550.379	0.16950888427611394
2550.522	0.1694966042083922
2550.669	0.16949078733420822
2550.81	0.16948949469550068
2550.9539999999997	0.16948949469550068
2551.098	0.1694888483761469
2551.2419999999997	0.16948303150196287
2551.386	0.16946299560199585
2551.5299999999997	0.16944619129879768
2551.673	0.16944295970202877
2551.817	0.16943778914719856
2551.961	0.1694293869955995
2552.105	0.16941775324723152
2552.249	0.16940870477627867
2552.393	0.16940288790209468
2552.5359999999996	0.1693977173472645
2552.68	0.1693944857504956
2552.8239999999996	0.16939254679243426
2552.968	0.1693919004730805
2553.1119999999996	0.1693860835988965
2553.256	0.1693802667247125
2553.3999999999996	0.169373157211821
2553.5429999999997	0.16936087714409925
2553.687	0.1693485970763775
2553.8309999999997	0.16933308541188688
2553.975	0.16932403694093404
2554.118	0.16932080534416516
2554.263	0.16931563478933492
2554.4069999999997	0.1693136958312736
2554.5499999999997	0.16930917159579717
2554.694	0.16930917159579717
2554.8379999999997	0.16930335472161318
2554.982	0.1693001231248443
2555.125	0.1692949525700141
2555.27	0.16929107465389145
2555.4139999999998	0.16928719673776882
2555.557	0.16927814826681592
2555.701	0.16926586819909417
2555.845	0.16925811236684885
2555.989	0.16925294181201866
2556.133	0.16925294181201866
2556.276	0.16925294181201866
2556.421	0.169249063895896
2556.564	0.16924777125718843
2556.7079999999996	0.16924777125718843
2556.852	0.16924453966041955
2556.9959999999996	0.16924066174429692
2557.1389999999997	0.16924066174429692
2557.2839999999997	0.16924066174429692
2557.428	0.16923872278623558
2557.571	0.16923872278623558
2557.7149999999997	0.16923872278623558
2557.859	0.1692361375088205
2558.0029999999997	0.1692361375088205
2558.1459999999997	0.16923355223140538
2558.29	0.16923161327334404
2558.4339999999997	0.16923161327334404
2558.578	0.16923161327334404
2558.7219999999998	0.16922838167657517
2558.866	0.1692270890378676
2559.0099999999998	0.16922644271851384
2559.156	0.16922385744109872
2559.297	0.16921933320562232
2559.441	0.16921610160885345
2559.585	0.16921545528949966
2559.7309999999998	0.16921545528949966
2559.8759999999997	0.1692141626507921
2560.019	0.16921222369273076
2560.16	0.16921028473466942
2560.3039999999996	0.16920834577660812
2560.448	0.16920446786048546
2560.5919999999996	0.16920123626371655
2560.736	0.16919929730565525
2560.8799999999997	0.16919671202824016
2561.024	0.16919606570888637
2561.167	0.16919477307017883
2561.3109999999997	0.16919348043147125
2561.4579999999996	0.1691928341121175
2561.5989999999997	0.1691921877927637
2561.7439999999997	0.16919024883470238
2561.888	0.16918830987664105
2562.0319999999997	0.16918830987664105
2562.1749999999997	0.16918507827987217
2562.319	0.16918507827987217
2562.4629999999997	0.16918507827987217
2562.607	0.16918055404439575
2562.7509999999997	0.16918055404439575
2562.895	0.16918055404439575
2563.0389999999998	0.16917538348956557
2563.182	0.1691715055734429
2563.326	0.1691715055734429
2563.47	0.1691715055734429
2563.614	0.1691715055734429
2563.758	0.1691715055734429
2563.902	0.1691715055734429
2564.046	0.1691715055734429
2564.189	0.1691715055734429
2564.3329999999996	0.1691715055734429
2564.477	0.1691715055734429
2564.6209999999996	0.1691715055734429
2564.765	0.1691715055734429
2564.9089999999997	0.1691715055734429
2565.053	0.1691715055734429
2565.196	0.1691715055734429
2565.3399999999997	0.1691715055734429
2565.484	0.1691715055734429
2565.6279999999997	0.1691715055734429
2565.772	0.1691715055734429
2565.9159999999997	0.1691715055734429
2566.06	0.1691715055734429
2566.203	0.1691715055734429
2566.3469999999998	0.1691715055734429
2566.491	0.1691715055734429
2566.6349999999998	0.1691715055734429
2566.778	0.1691715055734429
2566.923	0.1691715055734429
2567.067	0.1691715055734429
2567.21	0.1691715055734429
2567.354	0.1691715055734429
2567.498	0.1691715055734429
2567.642	0.1691715055734429
2567.785	0.1691715055734429
2567.93	0.1691715055734429
2568.073	0.1691715055734429
2568.221	0.1691715055734429
2568.361	0.1691715055734429
2568.5049999999997	0.1691715055734429
2568.649	0.1691715055734429
2568.7929999999997	0.1691715055734429
2568.937	0.1691715055734429
2569.08	0.1691715055734429
2569.225	0.1691715055734429
2569.368	0.1691715055734429
2569.513	0.1691715055734429
2569.6569999999997	0.1691715055734429
2569.7999999999997	0.1691715055734429
2569.944	0.1691715055734429
2570.089	0.1691715055734429
2570.2309999999998	0.1691715055734429
2570.375	0.1691715055734429
2570.519	0.1691715055734429
2570.663	0.1691715055734429
2570.806	0.1691715055734429
2570.95	0.1691715055734429
2571.094	0.1691715055734429
2571.238	0.1691715055734429
2571.3819999999996	0.1691715055734429
2571.526	0.1691715055734429
2571.6699999999996	0.1691715055734429
2571.8129999999996	0.1691715055734429
2571.9579999999996	0.1691715055734429
2572.1009999999997	0.1691715055734429
2572.245	0.1691715055734429
2572.3889999999997	0.1691715055734429
2572.533	0.1691715055734429
2572.6769999999997	0.1691715055734429
2572.8199999999997	0.16917538348956557
2572.9649999999997	0.16917538348956557
2573.1079999999997	0.16917538348956557
2573.252	0.16917538348956557
2573.3959999999997	0.16917538348956557
2573.54	0.16917538348956557
2573.6839999999997	0.16917538348956557
2573.8269999999998	0.16917538348956557
2573.971	0.16917538348956557
2574.115	0.16917538348956557
2574.259	0.16917538348956557
2574.403	0.16917538348956557
2574.547	0.16917538348956557
2574.691	0.16917538348956557
2574.834	0.16917538348956557
2574.9779999999996	0.16917538348956557
2575.122	0.16917538348956557
2575.2659999999996	0.16917538348956557
2575.41	0.16917538348956557
2575.5539999999996	0.16917538348956557
2575.698	0.16917538348956557
2575.841	0.16917538348956557
2575.9849999999997	0.16917538348956557
2576.129	0.16917538348956557
2576.2729999999997	0.16917538348956557
2576.417	0.16917538348956557
2576.5609999999997	0.16917538348956557
2576.709	0.16917538348956557
2576.848	0.16917538348956557
2576.993	0.16917538348956557
2577.136	0.16917538348956557
2577.2799999999997	0.16917538348956557
2577.424	0.16917538348956557
2577.5679999999998	0.16917538348956557
2577.712	0.16918055404439575
2577.855	0.16918507827987217
2577.999	0.16918507827987217
2578.143	0.16918507827987217
2578.287	0.16918507827987217
2578.431	0.16918507827987217
2578.575	0.16918507827987217
2578.719	0.16918507827987217
2578.8619999999996	0.16918507827987217
2579.0069999999996	0.16918507827987217
2579.151	0.16918830987664105
2579.2949999999996	0.16918895619599483
2579.439	0.16919089515405616
2579.5829999999996	0.16919089515405616
2579.727	0.1691928341121175
2579.87	0.1691928341121175
2580.0139999999997	0.1691928341121175
2580.158	0.1691928341121175
2580.3019999999997	0.1691928341121175
2580.446	0.1691928341121175
2580.5899999999997	0.16919477307017883
2580.734	0.16919477307017883
2580.877	0.16919671202824016
2581.0209999999997	0.16920252890242415
2581.165	0.16920834577660812
2581.3109999999997	0.16921028473466942
2581.453	0.16921028473466942
2581.5969999999998	0.16921028473466942
2581.741	0.16921222369273076
2581.884	0.1692141626507921
2582.028	0.16921545528949966
2582.172	0.16921545528949966
2582.316	0.16921610160885345
2582.46	0.16921933320562232
2582.604	0.16922385744109872
2582.748	0.16922644271851384
2582.8909999999996	0.16922644271851384
2583.035	0.16922838167657517
2583.1789999999996	0.16923161327334404
2583.323	0.1692380764668818
2583.4669999999996	0.16924453966041955
2583.611	0.16924777125718843
2583.7549999999997	0.169249063895896
2583.899	0.16925488077008
2584.042	0.16926263660232527
2584.1859999999997	0.16926586819909417
2584.33	0.16926974611521683
2584.473	0.16927556298940083
2584.618	0.1692794409055235
2584.7619999999997	0.1692813798635848
2584.9049999999997	0.169286550418415
2585.049	0.16929107465389145
2585.1929999999998	0.1692949525700141
2585.337	0.16929818416678297
2585.48	0.16930141576355184
2585.625	0.1693052936796745
2585.769	0.16930593999902827
2585.912	0.16930917159579717
2586.056	0.16931498846998116
2586.203	0.1693188663861038
2586.344	0.16932791485705667
2586.4869999999996	0.16934084124413218
2586.631	0.16934665811831617
2586.776	0.16935312131185393
2586.919	0.16936798665699077
2587.0629999999996	0.16937832776665118
2587.207	0.16937962040535876
2587.3509999999997	0.16938414464083518
2587.4939999999997	0.1693886688763116
2587.6389999999997	0.16938996151501917
2587.7819999999997	0.16938996151501917
2587.926	0.16938996151501917
2588.0699999999997	0.16938996151501917
2588.214	0.16938996151501917
2588.3579999999997	0.16938996151501917
2588.5009999999997	0.16938996151501917
2588.6459999999997	0.16938996151501917
2588.79	0.16938996151501917
2588.933	0.16938996151501917
2589.0769999999998	0.16938996151501917
2589.221	0.16938996151501917
2589.365	0.16938996151501917
2589.508	0.16938996151501917
2589.653	0.16938996151501917
2589.7999999999997	0.16938996151501917
2589.941	0.16938996151501917
2590.086	0.16938996151501917
2590.2279999999996	0.16938996151501917
2590.372	0.16938996151501917
2590.515	0.16938996151501917
2590.6609999999996	0.16938996151501917
2590.803	0.16938996151501917
2590.9469999999997	0.16938996151501917
2591.091	0.16938996151501917
2591.2349999999997	0.16938996151501917
2591.379	0.16938996151501917
2591.5249999999996	0.16938996151501917
2591.667	0.16938996151501917
2591.81	0.16938996151501917
2591.9539999999997	0.16938996151501917
2592.098	0.16938996151501917
2592.2419999999997	0.16938996151501917
2592.386	0.16938996151501917
2592.529	0.16938996151501917
2592.674	0.16938996151501917
2592.817	0.16938996151501917
2592.961	0.16938996151501917
2593.105	0.16938996151501917
2593.249	0.16938996151501917
2593.393	0.16938996151501917
2593.5359999999996	0.16938996151501917
2593.68	0.16938996151501917
2593.8239999999996	0.16938996151501917
2593.968	0.16938996151501917
2594.1119999999996	0.16938996151501917
2594.256	0.16938996151501917
2594.3999999999996	0.16939319311178805
2594.5429999999997	0.16939577838920317
2594.687	0.16939577838920317
2594.8309999999997	0.16939642470855693
2594.975	0.1693977173472645
2595.1189999999997	0.1693996563053258
2595.265	0.1694015952633871
2595.4069999999997	0.16940288790209468
2595.5499999999997	0.16940288790209468
2595.694	0.169404826860156
2595.8379999999997	0.16940999741498622
2595.982	0.16941387533110885
2596.1259999999997	0.16941646060852397
2596.27	0.16942163116335418
2596.4139999999998	0.16942163116335418
2596.558	0.16942163116335418
2596.703	0.16942163116335418
2596.846	0.16941646060852397
2596.99	0.16941646060852397
2597.1349999999998	0.16941387533110885
2597.279	0.16940999741498622
2597.422	0.169404826860156
2597.566	0.169404826860156
2597.709	0.169404826860156
2597.8529999999996	0.16940288790209468
2597.997	0.1694080584569249
2598.1409999999996	0.16941387533110885
2598.285	0.16941646060852397
2598.4289999999996	0.16942163116335418
2598.5719999999997	0.16942550907947684
2598.716	0.16942744803753818
2598.8599999999997	0.16943067963430705
2599.004	0.16943520386978347
2599.1479999999997	0.16944166706332123
2599.292	0.16944877657621277
2599.4359999999997	0.16945200817298164
2599.5789999999997	0.1694533008116892
2599.723	0.16945523976975052
2599.8669999999997	0.16946105664393452
2600.011	0.16946622719876472
2600.1549999999997	0.1694668735181185
2600.299	0.1694675198374723
2600.442	0.16946881247617984
2600.586	0.16947075143424117
2600.73	0.16947462935036378
2600.874	0.169479799905194
2601.018	0.16948173886325532
2601.162	0.1694849704600242
2601.306	0.1694882020567931
2601.45	0.1694907873342082
2601.593	0.1694933726116233
2601.7369999999996	0.1694933726116233
2601.881	0.16949725052774597
2602.0249999999996	0.16950112844386864
2602.169	0.16950306740192997
2602.3129999999996	0.16950629899869885
2602.457	0.1695075916374064
2602.6	0.16951017691482148
2602.7279999999996	0.16951922538577435
2602.872	0.16952633489866586
2603.0159999999996	0.1695282738567272
2603.16	0.16952956649543477
2603.3039999999996	0.16953215177284986
2603.4469999999997	0.16953473705026498
2603.591	0.16953473705026498
2603.7349999999997	0.16953473705026498
2603.879	0.16953473705026498
2604.0229999999997	0.16953473705026498
2604.167	0.16953796864703385
2604.315	0.16954313920186406
2604.4539999999997	0.16954313920186406
2604.598	0.16954572447927913
2604.7419999999997	0.16954830975669427
2604.886	0.16955218767281693
2605.029	0.16955606558893957
2605.174	0.16956123614376978
2605.3179999999998	0.16956576037924623
2605.461	0.16956705301795377
2605.605	0.16956769933730756
2605.749	0.16956834565666135
2605.893	0.16956834565666135
2606.037	0.1695696382953689
2606.181	0.1695715772534302
2606.3239999999996	0.16957222357278398
2606.469	0.16957351621149153
2606.6119999999996	0.16958062572438307
2606.756	0.16958062572438307
2606.8999999999996	0.16958062572438307
2607.0429999999997	0.1695870889179208
2607.1879999999996	0.16958773523727458
2607.3309999999997	0.16958773523727458
2607.475	0.16958902787598215
2607.6189999999997	0.16958902787598215
2607.763	0.16959225947275103
2607.9069999999997	0.16959419843081233
2608.0499999999997	0.16959484475016612
2608.1949999999997	0.16959549106951993
2608.3379999999997	0.1695987226662888
2608.482	0.16960389322111902
2608.6259999999997	0.16960777113724165
2608.77	0.16960971009530298
2608.9139999999998	0.16960971009530298
2609.057	0.16961100273401053
2609.201	0.1696161732888407
2609.345	0.1696219901630247
2609.489	0.16962457544043982
2609.633	0.16962651439850113
2609.777	0.16963039231462382
2609.921	0.16963750182751536
2610.064	0.16964267238234557
2610.209	0.16964331870169932
2610.352	0.16964461134040687
2610.4959999999996	0.16964590397911444
2610.64	0.1696497818952371
2610.7839999999997	0.16965559876942107
2610.928	0.1696594766855437
2611.071	0.16966141564360504
2611.216	0.16966335460166637
2611.359	0.1696652935597277
2611.5029999999997	0.1696652935597277
2611.647	0.1696659398790815
2611.7909999999997	0.16966981779520415
2611.935	0.16967304939197303
2612.078	0.1696736957113268
2612.2219999999998	0.16967434203068057
2612.366	0.16967563466938812
2612.5099999999998	0.16967563466938812
2612.654	0.16967563466938812
2612.798	0.1696782199468032
2612.942	0.16967951258551078
2613.085	0.16967951258551078
2613.229	0.16968145154357211
2613.3759999999997	0.16968339050163347
2613.517	0.16968403682098726
2613.66	0.16968468314034102
2613.805	0.16968468314034102
2613.95	0.16968468314034102
2614.093	0.16968662209840232
2614.2369999999996	0.16969050001452496
2614.381	0.1696976095274165
2614.5249999999996	0.16970342640160047
2614.669	0.1697053653596618
2614.8129999999996	0.16970730431772313
2614.9559999999997	0.16970988959513827
2615.1	0.16971312119190715
2615.2439999999997	0.1697144138306147
2615.388	0.16971635278867603
2615.5319999999997	0.16971829174673736
2615.676	0.16971958438544493
2615.8199999999997	0.16971958438544493
2615.964	0.16971958438544493
2616.107	0.16971958438544493
2616.2509999999997	0.16972087702415248
2616.395	0.16972087702415248
2616.5389999999998	0.16972087702415248
2616.682	0.16971958438544493
2616.8269999999998	0.16971958438544493
2616.971	0.16971829174673736
2617.114	0.16971829174673736
2617.258	0.16971829174673736
2617.402	0.16971829174673736
2617.546	0.16971829174673736
2617.689	0.16971829174673736
2617.834	0.16971958438544493
2617.977	0.16972087702415248
2618.1209999999996	0.16971958438544493
2618.265	0.16971829174673736
2618.4089999999997	0.16971829174673736
2618.553	0.16971829174673736
2618.696	0.16971958438544493
2618.841	0.16972087702415248
2618.984	0.16972152334350624
2619.1279999999997	0.16972216966286
2619.272	0.16972216966286
2619.4159999999997	0.16972216966286
2619.56	0.16972216966286
2619.703	0.16972216966286
2619.848	0.16972216966286
2619.991	0.16972216966286
2620.1349999999998	0.16972216966286
2620.279	0.16972216966286
2620.423	0.16972216966286
2620.567	0.16972216966286
2620.71	0.16972216966286
2620.855	0.16972216966286
2620.998	0.16972216966286
2621.142	0.16972216966286
2621.2859999999996	0.16972216966286
2621.43	0.16972216966286
2621.5739999999996	0.16972216966286
2621.721	0.16972216966286
2621.861	0.16972216966286
2622.0049999999997	0.16972216966286
2622.149	0.16972216966286
2622.2929999999997	0.16972216966286
2622.437	0.16972152334350624
2622.5809999999997	0.16972087702415248
2622.7239999999997	0.16971958438544493
2622.868	0.16971958438544493
2623.0119999999997	0.16971958438544493
2623.156	0.16971958438544493
2623.2999999999997	0.16971958438544493
2623.444	0.16971829174673736
2623.5879999999997	0.16971829174673736
2623.7309999999998	0.16971829174673736
2623.875	0.16971829174673736
2624.019	0.16971829174673736
2624.163	0.16971829174673736
2624.307	0.16971958438544493
2624.451	0.16972087702415248
2624.595	0.16972152334350624
2624.739	0.16972216966286
2624.883	0.16972346230156754
2625.026	0.16972346230156754
2625.169	0.16972346230156754
2625.314	0.16972346230156754
2625.4579999999996	0.16972540125962887
2625.602	0.16972540125962887
2625.745	0.1697273402176902
2625.8889999999997	0.16972863285639775
2626.033	0.16972863285639775
2626.1769999999997	0.16973121813381287
2626.321	0.16973509604993553
2626.4649999999997	0.16973509604993553
2626.6079999999997	0.16973638868864308
2626.752	0.1697383276467044
2626.8959999999997	0.1697383276467044
2627.04	0.1697383276467044
2627.1839999999997	0.1697383276467044
2627.328	0.16974026660476574
2627.471	0.16974026660476574
2627.615	0.16974026660476574
2627.759	0.16974026660476574
2627.903	0.16974026660476574
2628.047	0.16974026660476574
2628.19	0.16974091292411952
2628.335	0.16974349820153461
2628.479	0.16974543715959595
2628.622	0.16974543715959595
2628.7659999999996	0.16974996139507237
2628.91	0.16975448563054882
2629.0539999999996	0.16975448563054882
2629.2	0.16975642458861012
2629.341	0.16976030250473279
2629.4849999999997	0.16976288778214788
2629.629	0.16976353410150166
2629.7729999999997	0.16976353410150166
2629.917	0.1697648267402092
2630.0609999999997	0.16976676569827054
2630.205	0.1697674120176243
2630.348	0.16976935097568563
2630.4919999999997	0.16977128993374696
2630.636	0.16977258257245453
2630.7799999999997	0.16977387521116208
2630.924	0.16977387521116208
2631.0679999999998	0.16977452153051587
2631.2149999999997	0.16977516784986962
2631.3579999999997	0.16977710680793096
2631.5049999999997	0.1697842163208225
2631.647	0.16979067951436028
2631.7909999999997	0.16979391111112913
2631.935	0.16979649638854422
2632.076	0.16980102062402067
2632.22	0.16980619117885087
2632.363	0.1698081301369122
2632.5069999999996	0.1698107154143273
2632.651	0.16981459333044996
2632.7949999999996	0.1698165322885113
2632.939	0.16981782492721886
2633.0829999999996	0.1698197638852802
2633.227	0.16982041020463395
2633.37	0.16982041020463395
2633.5139999999997	0.1698217028433415
2633.658	0.16982299548204904
2633.8019999999997	0.16982493444011038
2633.946	0.1698268733981717
2634.0899999999997	0.16982816603687928
2634.234	0.16982945867558683
2634.377	0.16983010499494058
2634.5209999999997	0.16983010499494058
2634.665	0.1698320439530019
2634.8089999999997	0.1698320439530019
2634.953	0.16983010499494058
2635.0969999999998	0.16983010499494058
2635.241	0.16983010499494058
2635.384	0.16982945867558683
2635.528	0.16982816603687928
2635.672	0.16982945867558683
2635.816	0.16983010499494058
2635.96	0.1698320439530019
2636.104	0.16983398291106322
2636.247	0.1698320439530019
2636.3909999999996	0.16983010499494058
2636.538	0.16983010499494058
2636.6789999999996	0.16983010499494058
2636.823	0.16983010499494058
2636.9669999999996	0.16983010499494058
2637.111	0.16983010499494058
2637.254	0.16983010499494058
2637.3979999999997	0.16983010499494058
2637.542	0.16982945867558683
2637.6859999999997	0.16982945867558683
2637.83	0.16982945867558683
2637.975	0.16982945867558683
2638.118	0.16982945867558683
2638.2619999999997	0.16982945867558683
2638.406	0.16982945867558683
2638.5499999999997	0.16983010499494058
2638.694	0.16983010499494058
2638.837	0.1698320439530019
2638.9809999999998	0.16983398291106322
2639.125	0.16983398291106322
2639.268	0.16983398291106322
2639.412	0.16983398291106322
2639.556	0.169834629230417
2639.7	0.16983592186912455
2639.844	0.16983979978524721
2639.988	0.16983979978524721
2640.1319999999996	0.16983979978524721
2640.2749999999996	0.16984432402072366
2640.421	0.16984755561749254
2640.5629999999996	0.16984755561749254
2640.707	0.16984755561749254
2640.85	0.16984755561749254
2640.995	0.16984755561749254
2641.138	0.16984755561749254
2641.283	0.16984755561749254
2641.426	0.16984755561749254
2641.5699999999997	0.16984755561749254
2641.714	0.16984755561749254
2641.857	0.16984755561749254
2642.002	0.16984755561749254
2642.145	0.16984755561749254
2642.2889999999998	0.16984949457555387
2642.433	0.16985014089490766
2642.5769999999998	0.16985014089490766
2642.721	0.16985014089490766
2642.864	0.16985014089490766
2643.009	0.1698514335336152
2643.152	0.16985337249167654
2643.296	0.16985337249167654
2643.44	0.16985531144973787
2643.584	0.1698566040884454
2643.7279999999996	0.1698572504077992
2643.8709999999996	0.16985789672715296
2644.0159999999996	0.16985918936586053
2644.1589999999997	0.16986112832392186
2644.303	0.16986177464327565
2644.4469999999997	0.1698630672819832
2644.591	0.16986565255939826
2644.7349999999997	0.16986888415616713
2644.8779999999997	0.16987146943358222
2645.0229999999997	0.169872115752936
2645.1659999999997	0.169872115752936
2645.31	0.169872115752936
2645.4539999999997	0.16987340839164355
2645.598	0.16987470103035113
2645.7419999999997	0.16987534734970489
2645.8849999999998	0.16987599366905867
2646.029	0.16987793262712
2646.173	0.16987987158518134
2646.317	0.1698831031819502
2646.461	0.1698863347787191
2646.605	0.1698863347787191
2646.749	0.16988698109807288
2646.892	0.16988956637548797
2647.037	0.16989279797225687
2647.181	0.16989409061096442
2647.3239999999996	0.1698986148464408
2647.468	0.16990313908191723
2647.6119999999996	0.1699044317206248
2647.756	0.1699070169980399
2647.899	0.16990895595610123
2648.044	0.16991089491416256
2648.1879999999996	0.1699121875528701
2648.3309999999997	0.16991477283028522
2648.475	0.16991735810770034
2648.6189999999997	0.16992058970446922
2648.763	0.16992058970446922
2648.906	0.16992446762059188
2649.051	0.16992058970446922
2649.1949999999997	0.16992446762059188
2649.339	0.1699264065786532
2649.4849999999997	0.1699296381754221
2649.627	0.1699296381754221
2649.7709999999997	0.1699296381754221
2649.9139999999998	0.1699296381754221
2650.058	0.1699296381754221
2650.2019999999998	0.1699296381754221
2650.346	0.1699296381754221
2650.49	0.1699264065786532
2650.634	0.16992446762059188
2650.778	0.16992058970446922
2650.921	0.16991477283028522
2651.066	0.1699121875528701
2651.209	0.1699121875528701
2651.354	0.1699121875528701
2651.497	0.1699121875528701
2651.6409999999996	0.1699121875528701
2651.785	0.1699121875528701
2651.9289999999996	0.1699121875528701
2652.0719999999997	0.1699121875528701
2652.2169999999996	0.16991089491416256
2652.361	0.16991089491416256
2652.504	0.16991089491416256
2652.6479999999997	0.16991089491416256
2652.792	0.16991089491416256
2652.935	0.1699121875528701
2653.0789999999997	0.16991089491416256
2653.223	0.16991089491416256
2653.3669999999997	0.16991089491416256
2653.511	0.16991089491416256
2653.6549999999997	0.16991089491416256
2653.799	0.16991089491416256
2653.942	0.16991089491416256
2654.086	0.1699121875528701
2654.23	0.1699121875528701
2654.374	0.1699121875528701
2654.518	0.1699121875528701
2654.662	0.1699121875528701
2654.806	0.1699121875528701
2654.9489999999996	0.16991477283028522
2655.093	0.16992058970446922
2655.2369999999996	0.1699238213012381
2655.381	0.16992446762059188
2655.5249999999996	0.1699238213012381
2655.669	0.16992446762059188
2655.8129999999996	0.1699264065786532
2655.9559999999997	0.16992834553671454
2656.1	0.16993028449477587
2656.2439999999997	0.16993157713348342
2656.388	0.1699322234528372
2656.5319999999997	0.16993286977219096
2656.676	0.16993416241089854
2656.8199999999997	0.16993545504960608
2656.9629999999997	0.16993545504960608
2657.107	0.16993739400766739
2657.2509999999997	0.16994127192379005
2657.395	0.16994321088185135
2657.538	0.1699451498399127
2657.683	0.1699483814366816
2657.8269999999998	0.16994967407538913
2657.97	0.16995161303345047
2658.114	0.16995419831086556
2658.258	0.16995419831086556
2658.402	0.16995419831086556
2658.548	0.16995419831086556
2658.69	0.16995419831086556
2658.8329999999996	0.16995419831086556
2658.977	0.16995419831086556
2659.1209999999996	0.16995419831086556
2659.265	0.16995419831086556
2659.4089999999997	0.16995419831086556
2659.553	0.16995419831086556
2659.6969999999997	0.16995419831086556
2659.841	0.16995419831086556
2659.984	0.16995419831086556
2660.1279999999997	0.16995419831086556
2660.272	0.16995419831086556
2660.4159999999997	0.16995419831086556
2660.5589999999997	0.16995419831086556
2660.7039999999997	0.16995419831086556
2660.8469999999998	0.16995419831086556
2660.991	0.16995419831086556
2661.1349999999998	0.16995419831086556
2661.279	0.16995419831086556
2661.423	0.16995419831086556
2661.566	0.16995419831086556
2661.711	0.16995419831086556
2661.854	0.16995419831086556
2661.998	0.16995678358828067
2662.142	0.16995678358828067
2662.2859999999996	0.16995678358828067
2662.43	0.16995678358828067
2662.573	0.169958722546342
2662.718	0.16996066150440334
2662.861	0.16996970997535618
2663.0049999999997	0.16997746580760148
2663.149	0.1699781121269553
2663.2929999999997	0.1699781121269553
2663.437	0.1699781121269553
2663.58	0.16998134372372417
2663.725	0.16998651427855438
2663.868	0.16998974587532323
2664.0119999999997	0.1699916848333846
2664.156	0.16999233115273837
2664.2999999999997	0.16999750170756858
2664.444	0.1700026722623988
2664.587	0.17000331858175255
2664.732	0.1700026722623988
2664.875	0.1700026722623988
2665.019	0.1700026722623988
2665.163	0.1700026722623988
2665.307	0.1700026722623988
2665.451	0.16999750170756858
2665.594	0.16999750170756858
2665.739	0.16999233115273837
2665.883	0.16999233115273837
2666.027	0.16999233115273837
2666.1699999999996	0.16999233115273837
2666.314	0.16999233115273837
2666.459	0.16999233115273837
2666.602	0.16999233115273837
2666.752	0.16999233115273837
2666.89	0.16999750170756858
2667.0339999999997	0.1700026722623988
2667.178	0.1700026722623988
2667.3219999999997	0.1700026722623988
2667.466	0.1700026722623988
2667.609	0.1700026722623988
2667.7529999999997	0.1700026722623988
2667.897	0.1700026722623988
2668.0409999999997	0.1700026722623988
2668.185	0.1700026722623988
2668.3289999999997	0.1700026722623988
2668.473	0.1700026722623988
2668.616	0.1700026722623988
2668.761	0.1700026722623988
2668.904	0.1700026722623988
2669.048	0.1700026722623988
2669.192	0.1700026722623988
2669.336	0.16999750170756858
2669.48	0.16999750170756858
2669.623	0.16999750170756858
2669.767	0.16999233115273837
2669.9109999999996	0.16999233115273837
2670.055	0.16999233115273837
2670.1989999999996	0.16999233115273837
2670.343	0.16999233115273837
2670.4869999999996	0.1699916848333846
2670.6299999999997	0.16998974587532323
2670.774	0.16998457532049305
2670.9179999999997	0.16997940476566284
2671.062	0.1699781121269553
2671.2059999999997	0.16997746580760148
2671.35	0.16996970997535618
2671.4939999999997	0.16996066150440334
2671.6369999999997	0.16995678358828067
2671.781	0.16995225935280422
2671.9249999999997	0.1699483814366816
2672.069	0.1699451498399127
2672.2129999999997	0.1699451498399127
2672.357	0.1699451498399127
2672.5009999999997	0.1699451498399127
2672.644	0.1699451498399127
2672.788	0.1699451498399127
2672.932	0.1699451498399127
2673.076	0.1699451498399127
2673.22	0.1699451498399127
2673.364	0.1699451498399127
2673.508	0.1699451498399127
2673.651	0.1699451498399127
2673.7949999999996	0.1699451498399127
2673.939	0.1699451498399127
2674.0829999999996	0.1699451498399127
2674.227	0.1699451498399127
2674.3709999999996	0.1699451498399127
2674.515	0.1699451498399127
2674.658	0.1699451498399127
2674.8019999999997	0.16994321088185135
2674.9469999999997	0.16994321088185135
2675.0899999999997	0.16994127192379005
2675.234	0.16994127192379005
2675.3779999999997	0.16994127192379005
2675.5249999999996	0.16993739400766739
2675.669	0.16993545504960608
2675.8129999999996	0.16993416241089854
2675.955	0.1699322234528372
2676.1	0.16993028449477587
2676.2439999999997	0.16992834553671454
2676.388	0.16992576025929942
2676.529	0.1699180044270541
2676.673	0.16991089491416256
2676.816	0.169909602275455
2676.96	0.16990895595610123
2677.104	0.16990830963674747
2677.248	0.16990572435933235
2677.392	0.16990249276256347
2677.5359999999996	0.1698999074851484
2677.6789999999996	0.16989667588837953
2677.823	0.1698947369303182
2677.9669999999996	0.16989409061096442
2678.111	0.16989021269484175
2678.2549999999997	0.1698831031819502
2678.399	0.16987793262712
2678.542	0.16987534734970489
2678.6859999999997	0.16987470103035113
2678.83	0.16987470103035113
2678.9739999999997	0.16987340839164355
2679.118	0.16987146943358222
2679.261	0.1698675915174596
2679.406	0.1698630672819832
2679.5499999999997	0.16986177464327565
2679.694	0.16986112832392186
2679.837	0.16985854304650674
2679.9809999999998	0.1698566040884454
2680.125	0.16985531144973787
2680.268	0.1698540188110303
2680.413	0.16984949457555387
2680.556	0.16984303138201612
2680.7	0.16983786082718588
2680.844	0.16983269027235567
2680.988	0.16983010499494058
2681.1319999999996	0.16982816603687928
2681.2749999999996	0.16982493444011038
2681.4199999999996	0.1698217028433415
2681.567	0.16982041020463395
2681.707	0.1698197638852802
2681.8529999999996	0.1698191175659264
2681.995	0.16981782492721886
2682.1389999999997	0.16981588596915753
2682.2819999999997	0.1698139470110962
2682.4269999999997	0.16980425222078954
2682.5699999999997	0.16979455743048288
2682.714	0.16979132583371404
2682.8579999999997	0.1697893868756527
2683.002	0.16978615527888383
2683.1459999999997	0.16978227736276116
2683.2889999999998	0.16978033840469983
2683.433	0.1697790457659923
2683.5769999999998	0.1697790457659923
2683.721	0.16977839944663853
2683.865	0.16977775312728474
2684.0099999999998	0.1697764604885772
2684.154	0.16977516784986962
2684.297	0.16977516784986962
2684.442	0.16977258257245453
2684.585	0.16976999729503942
2684.729	0.16976870465633187
2684.873	0.16976870465633187
2685.017	0.1697674120176243
2685.1609999999996	0.16976547305956297
2685.3039999999996	0.16976547305956297
2685.448	0.16976547305956297
2685.5919999999996	0.16976547305956297
2685.738	0.16976547305956297
2685.8799999999997	0.16976353410150163
2686.024	0.169759656185379
2686.1679999999997	0.1697590098660252
2686.3109999999997	0.16975836354667145
2686.455	0.1697570709079639
2686.5989999999997	0.1697551319499026
2686.743	0.16975319299184127
2686.8869999999997	0.16974608347894973
2687.031	0.1697389739660582
2687.1749999999997	0.1697357423692893
2687.3179999999998	0.1697331570918742
2687.462	0.1697331570918742
2687.6059999999998	0.1697331570918742
2687.75	0.1697331570918742
2687.894	0.1697325107725204
2688.038	0.1697325107725204
2688.182	0.16973057181445908
2688.325	0.16973057181445908
2688.469	0.16973057181445908
2688.613	0.16973057181445908
2688.7569999999996	0.16973057181445908
2688.901	0.1697273402176902
2689.0449999999996	0.16972540125962887
2689.189	0.1697215233435062
2689.332	0.16971829174673736
2689.4759999999997	0.1697144138306147
2689.62	0.16970665799836937
2689.7639999999997	0.1697014874435392
2689.908	0.16969631688870895
2690.0519999999997	0.1696924389725863
2690.1949999999997	0.1696924389725863
2690.339	0.16969050001452496
2690.4829999999997	0.16968597577904854
2690.627	0.16968209786292593
2690.7709999999997	0.16967886626615702
2690.915	0.16967498835003436
2691.0589999999997	0.16967498835003436
2691.2019999999998	0.16967498835003436
2691.346	0.16967498835003436
2691.49	0.16967498835003436
2691.634	0.16967498835003436
2691.777	0.16967498835003436
2691.922	0.16967304939197303
2692.066	0.16967304939197303
2692.209	0.16967304939197303
2692.3529999999996	0.16967304939197303
2692.497	0.16967304939197303
2692.6409999999996	0.16967175675326546
2692.785	0.16966981779520415
2692.9289999999996	0.16966723251778904
2693.073	0.16966400092102013
2693.2169999999996	0.16966270828231259
2693.3599999999997	0.1696620619629588
2693.5049999999997	0.16965559876942107
2693.6479999999997	0.16964784293717577
2693.792	0.16964137974363802
2693.9359999999997	0.16963685550816157
2694.08	0.16963620918880778
2694.223	0.16963427023074648
2694.3669999999997	0.16963233127268515
2694.511	0.16962845335656246
2694.6589999999997	0.16962263648237846
2694.799	0.16961875856625583
2694.942	0.1696168196081945
2695.086	0.1696148806501332
2695.23	0.16961294169207186
2695.374	0.16961229537271807
2695.518	0.1696090637759492
2695.662	0.1696006616243501
2695.805	0.16959549106951993
2695.9489999999996	0.16959549106951993
2696.093	0.16959290579210484
2696.2369999999996	0.16958838155662836
2696.381	0.16958321100179813
2696.5249999999996	0.16957933308567552
2696.669	0.16957545516955286
2696.812	0.1695715772534302
2696.957	0.16956769933730756
2697.1009999999997	0.16956446774053868
2697.2439999999997	0.16956058982441602
2697.388	0.16955541926958578
2697.5319999999997	0.16955218767281693
2697.676	0.16954766343734048
2697.819	0.16954378552121785
2697.9629999999997	0.16954184656315652
2698.1079999999997	0.1695373223276801
2698.2509999999997	0.1695315054534961
2698.395	0.1695282738567272
2698.5389999999998	0.16952698121801965
2698.683	0.16952504225995835
2698.826	0.16952310330189702
2698.97	0.16952181066318944
2699.114	0.1695205180244819
2699.258	0.16951793274706678
2699.402	0.16951534746965166
2699.546	0.1695095305954677
2699.69	0.16950177476322242
2699.834	0.16949595788903843
2699.977	0.16949078733420822
2700.1209999999996	0.16948626309873177
2700.265	0.1694823851826091
2700.4089999999997	0.16947850726648644
2700.553	0.16947333671165626
2700.6969999999997	0.16947075143424117
2700.841	0.16946881247617984
2700.984	0.1694668735181185
2701.1279999999997	0.16946105664393452
2701.272	0.16945200817298167
2701.417	0.16943908178590614
2701.5609999999997	0.16943003331495327
2701.705	0.16942421644076927
2701.8489999999997	0.16941581428917019
2701.9919999999997	0.16941193637304752
2702.136	0.16940676581821734
2702.2799999999997	0.1694015952633871
2702.424	0.1693996563053258
2702.5679999999998	0.1693970710279107
2702.712	0.16939319311178805
2702.855	0.16938996151501917
2702.999	0.16938802255695784
2703.143	0.16938737623760405
2703.287	0.16938349832148142
2703.431	0.16937444985052852
2703.575	0.16936734033763695
2703.721	0.1693582918666841
2703.8619999999996	0.16934924339573126
2704.006	0.1693453654796086
2704.1499999999996	0.1693453654796086
2704.294	0.1693427802021935
2704.437	0.16933567068930197
2704.582	0.1693272685377029
2704.7259999999997	0.16932339062158025
2704.87	0.16932145166351892
2705.013	0.1693195127054576
2705.1569999999997	0.1693136958312736
2705.301	0.16930917159579717
2705.444	0.16930852527644338
2705.589	0.16930852527644338
2705.7329999999997	0.16930723263773584
2705.877	0.1693020620829056
2706.02	0.1692949525700141
2706.1639999999998	0.16929107465389145
2706.3089999999997	0.169286550418415
2706.4519999999998	0.16928267250229234
2706.596	0.16927944090552347
2706.74	0.1692678071571555
2706.884	0.16925294181201864
2707.028	0.16924453966041955
2707.171	0.16924195438300446
2707.315	0.1692361375088205
2707.46	0.16922838167657517
2707.6029999999996	0.1692193332056223
2707.75	0.16921222369273076
2707.893	0.169211577373377
2708.037	0.16920446786048546
2708.1789999999996	0.1691896025153486
2708.3219999999997	0.16918055404439575
2708.4649999999997	0.16917732244762687
2708.6099999999997	0.16917473717021175
2708.7529999999997	0.16916633501861267
2708.897	0.16915276231218337
2709.0409999999997	0.16914565279929183
2709.185	0.1691443601605843
2709.3289999999997	0.1691385432864003
2709.4719999999998	0.16912884849609366
2709.6169999999997	0.16912884849609366
2709.7599999999998	0.1691217389832021
2709.904	0.16911850738643322
2710.048	0.16911786106707943
2710.192	0.1691120441928955
2710.336	0.1691068736380653
2710.479	0.16910493468000398
2710.623	0.16910299572194265
2710.767	0.16910299572194265
2710.9109999999996	0.16909782516711241
2711.055	0.1690926546122822
2711.1989999999996	0.16908813037680576
2711.343	0.1690713260736076
2711.486	0.16905710704782456
2711.631	0.16905452177040942
2711.779	0.16905064385428675
2711.9179999999997	0.16904741225751788
2712.062	0.16904676593816412
2712.2059999999997	0.16904288802204148
2712.35	0.16903771746721127
2712.493	0.16903319323173482
2712.6369999999997	0.16903060795431973
2712.781	0.16903060795431973
2712.9249999999997	0.16902931531561216
2713.069	0.16902026684465932
2713.2129999999997	0.1690092794156451
2713.357	0.16900540149952245
2713.5	0.1690047551801687
2713.644	0.1690047551801687
2713.788	0.16900281622210736
2713.932	0.1689969993479234
2714.076	0.1689860119189092
2714.22	0.168975024489895
2714.364	0.168969207615711
2714.5069999999996	0.16896597601894214
2714.651	0.16896274442217327
2714.7949999999996	0.16896015914475815
2714.939	0.16895822018669682
2715.0829999999996	0.16895498858992794
2715.227	0.16895175699315906
2715.3709999999996	0.1689478790770364
2715.5139999999997	0.16894400116091374
2715.658	0.1689420622028524
2715.8019999999997	0.16894012324479107
2715.946	0.16893883060608353
2716.0899999999997	0.16893883060608353
2716.234	0.16893689164802217
2716.3779999999997	0.16893430637060708
2716.5209999999997	0.16893236741254578
2716.665	0.16893107477383823
2716.8089999999997	0.16893042845448447
2716.953	0.1689265505383618
2717.0969999999998	0.16892331894159293
2717.241	0.1689213799835316
2717.3849999999998	0.16891879470611648
2717.528	0.16891685574805515
2717.672	0.16891427047064003
2717.816	0.16891233151257873
2717.96	0.1689097462351636
2718.104	0.16890651463839473
2718.248	0.1689052219996872
2718.392	0.1689045756803334
2718.535	0.16890199040291828
2718.6789999999996	0.16889811248679565
2718.823	0.1688948808900268
2718.968	0.16889358825131923
2719.111	0.16889358825131923
2719.256	0.16889358825131923
2719.3999999999996	0.1688916492932579
2719.5429999999997	0.1688890640158428
2719.687	0.16888712505778147
2719.8309999999997	0.16888518609972014
2719.975	0.16888453978036636
2720.118	0.16888453978036636
2720.263	0.16888453978036636
2720.4069999999997	0.1688832471416588
2720.5499999999997	0.16888130818359748
2720.6949999999997	0.1688806618642437
2720.839	0.16887807658682857
2720.982	0.16887549130941348
2721.125	0.1688729060319984
2721.27	0.16886902811587573
2721.4139999999998	0.16886773547716818
2721.557	0.16886773547716818
2721.701	0.16886773547716818
2721.848	0.1688670891578144
2721.989	0.1688664428384606
2722.1319999999996	0.16886515019975307
2722.277	0.16886321124169174
2722.421	0.1688612722836304
2722.564	0.16885804068686155
2722.7079999999996	0.16885545540944646
2722.852	0.16885480909009268
2722.9959999999996	0.16885480909009268
2723.1389999999997	0.16885093117397001
2723.283	0.16884382166107847
2723.4269999999997	0.1688405900643096
2723.571	0.1688405900643096
2723.7149999999997	0.1688405900643096
2723.859	0.1688399437449558
2724.0029999999997	0.1688367121481869
2724.1459999999997	0.16883218791271049
2724.2909999999997	0.16883024895464915
2724.435	0.16883024895464915
2724.578	0.1688296026352954
2724.7219999999998	0.16882766367723406
2724.866	0.16882572471917273
2725.0099999999998	0.16882378576111143
2725.153	0.16882249312240388
2725.298	0.16881861520628122
2725.441	0.16881473729015856
2725.585	0.1688140909708048
2725.729	0.16881150569338968
2725.873	0.16880956673532835
2726.017	0.1688082740966208
2726.16	0.16880698145791323
2726.305	0.16880439618049814
2726.448	0.16880181090308302
2726.594	0.1687992256256679
2726.736	0.16879082347406882
2726.8799999999997	0.16878112868376222
2727.024	0.16878112868376222
2727.167	0.16878112868376222
2727.312	0.16878112868376222
2727.455	0.16878112868376222
2727.5989999999997	0.16878112868376222
2727.743	0.16878112868376222
2727.8869999999997	0.16878112868376222
2728.031	0.16878112868376222
2728.174	0.16878112868376222
2728.319	0.16878112868376222
2728.462	0.16878112868376222
2728.6059999999998	0.16878112868376222
2728.75	0.16878112868376222
2728.894	0.16878112868376222
2729.038	0.16878112868376222
2729.181	0.16878112868376222
2729.325	0.16878112868376222
2729.469	0.16878112868376222
2729.613	0.16878112868376222
2729.7569999999996	0.16878112868376222
2729.901	0.16878112868376222
2730.0449999999996	0.16878112868376222
2730.1879999999996	0.16878112868376222
2730.332	0.16878112868376222
2730.4759999999997	0.16878112868376222
2730.62	0.16878112868376222
2730.7639999999997	0.16878112868376222
2730.91	0.16878112868376222
2731.0519999999997	0.16878112868376222
2731.1949999999997	0.16878112868376222
2731.341	0.16878112868376222
2731.4829999999997	0.16878112868376222
2731.627	0.16878112868376222
2731.7709999999997	0.16878112868376222
2731.915	0.16878112868376222
2732.0589999999997	0.16878112868376222
2732.2019999999998	0.16878112868376222
2732.346	0.16878112868376222
2732.49	0.16878112868376222
2732.634	0.16878112868376222
2732.778	0.16879082347406882
2732.922	0.1687992256256679
2733.066	0.1687992256256679
2733.209	0.16880181090308302
2733.3529999999996	0.16880181090308302
2733.497	0.16880439618049814
2733.6409999999996	0.16880439618049814
2733.785	0.16880439618049814
2733.931	0.16880439618049814
2734.073	0.16880439618049814
2734.216	0.16880439618049814
2734.361	0.16880439618049814
2734.5049999999997	0.16880439618049814
2734.647	0.16880698145791323
2734.792	0.1688082740966208
2734.9359999999997	0.16881150569338968
2735.08	0.1688140909708048
2735.223	0.1688140909708048
2735.3669999999997	0.16881473729015856
2735.511	0.16881861520628122
2735.6549999999997	0.16881861520628122
2735.798	0.16881861520628122
2735.9429999999998	0.16881861520628122
2736.087	0.16881861520628122
2736.23	0.16881861520628122
2736.375	0.16882378576111143
2736.519	0.16882572471917273
2736.663	0.16882766367723406
2736.807	0.1688296026352954
2736.951	0.16883024895464915
2737.095	0.16883024895464915
2737.241	0.16883477319012558
2737.383	0.1688399437449558
2737.5299999999997	0.1688405900643096
2737.673	0.1688405900643096
2737.817	0.1688405900643096
2737.959	0.16884382166107847
2738.1029999999996	0.16885093117397001
2738.245	0.16885480909009268
2738.3889999999997	0.16885545540944646
2738.533	0.16885804068686155
2738.6769999999997	0.1688612722836304
2738.8199999999997	0.16886321124169174
2738.9649999999997	0.16886321124169174
2739.109	0.16886515019975307
2739.252	0.1688664428384606
2739.3959999999997	0.1688664428384606
2739.54	0.1688664428384606
2739.6839999999997	0.1688664428384606
2739.828	0.1688664428384606
2739.975	0.1688664428384606
2740.115	0.1688664428384606
2740.259	0.16886515019975307
2740.403	0.16886321124169174
2740.547	0.1688612722836304
2740.691	0.16885804068686155
2740.835	0.16885545540944646
2740.979	0.16885545540944646
2741.123	0.16885545540944646
2741.2659999999996	0.16885545540944646
2741.41	0.16885545540944646
2741.5539999999996	0.16885480909009268
2741.698	0.16885093117397001
2741.841	0.16884382166107847
2741.986	0.1688405900643096
2742.129	0.1688405900643096
2742.2729999999997	0.1688405900643096
2742.417	0.1688399437449558
2742.5609999999997	0.16883477319012558
2742.705	0.16883024895464915
2742.848	0.1688296026352954
2742.993	0.16882766367723406
2743.136	0.16882572471917273
2743.2799999999997	0.16882378576111143
2743.424	0.16882249312240388
2743.5679999999998	0.16881861520628122
2743.712	0.16881473729015856
2743.8559999999998	0.16881473729015856
2744.0	0.1688140909708048
2744.143	0.16881150569338968
2744.287	0.1688082740966208
2744.431	0.16880439618049814
2744.575	0.16880181090308302
2744.719	0.16880051826437548
2744.863	0.16878823819665373
2745.0069999999996	0.16877725076763955
2745.151	0.16877725076763955
2745.294	0.16877725076763955
2745.4379999999996	0.16877725076763955
2745.582	0.16877725076763955
2745.7259999999997	0.16877725076763955
2745.8689999999997	0.16877143389345556
2746.0139999999997	0.16877725076763955
2746.1569999999997	0.16878242132246976
2746.301	0.16878242132246976
2746.4449999999997	0.16878759187729997
2746.5899999999997	0.16878759187729997
2746.7329999999997	0.16878242132246976
2746.8759999999997	0.16877725076763955
2747.02	0.16877143389345556
2747.1639999999998	0.16877143389345556
2747.308	0.16877725076763955
2747.4519999999998	0.16877725076763955
2747.596	0.16877143389345556
2747.74	0.16876367806121023
2747.884	0.16876367806121023
2748.028	0.16876367806121023
2748.172	0.16876367806121023
2748.316	0.16876367806121023
2748.459	0.16876367806121023
2748.6029999999996	0.16876367806121023
2748.747	0.16876044646444135
2748.892	0.16876044646444135
2749.0339999999997	0.16876044646444135
2749.178	0.16875850750638005
2749.3219999999997	0.16875592222896496
2749.466	0.1687520443128423
2749.6099999999997	0.1687520443128423
2749.754	0.1687520443128423
2749.897	0.1687520443128423
2750.0409999999997	0.1687520443128423
2750.185	0.1687520443128423
2750.3289999999997	0.1687520443128423
2750.473	0.1687520443128423
2750.6169999999997	0.1687520443128423
2750.761	0.1687520443128423
2750.904	0.1687520443128423
2751.049	0.1687520443128423
2751.192	0.1687520443128423
2751.336	0.1687520443128423
2751.48	0.1687520443128423
2751.624	0.16875010535478097
2751.768	0.16875010535478097
2751.9109999999996	0.1687488127160734
2752.055	0.16874558111930454
2752.1989999999996	0.16874558111930454
2752.343	0.16874558111930454
2752.4869999999996	0.16874558111930454
2752.631	0.1687410568838281
2752.7749999999996	0.1687410568838281
2752.9179999999997	0.1687410568838281
2753.062	0.1687410568838281
2753.2059999999997	0.1687410568838281
2753.35	0.1687410568838281
2753.4939999999997	0.1687410568838281
2753.638	0.1687410568838281
2753.7819999999997	0.1687410568838281
2753.926	0.1687404105644743
2754.0699999999997	0.16874299584188943
2754.214	0.1687404105644743
2754.3579999999997	0.16874299584188943
2754.502	0.16874558111930454
2754.6459999999997	0.1687488127160734
2754.79	0.16875010535478097
2754.933	0.16875010535478097
2755.0769999999998	0.16875075167413472
2755.221	0.16875075167413472
2755.365	0.16875075167413472
2755.509	0.1687513979934885
2755.653	0.16875269063219606
2755.797	0.16875269063219606
2755.94	0.16875592222896496
2756.084	0.16875592222896496
2756.2279999999996	0.16875592222896496
2756.372	0.16875269063219606
2756.5159999999996	0.16875269063219606
2756.66	0.1687513979934885
2756.808	0.16875075167413472
2756.9469999999997	0.16875010535478097
2757.091	0.1687488127160734
2757.2349999999997	0.16874558111930454
2757.379	0.16874299584188943
2757.5229999999997	0.16874299584188943
2757.667	0.1687404105644743
2757.81	0.16873847160641298
2757.9539999999997	0.16873847160641298
2758.098	0.16873847160641298
2758.2419999999997	0.16873717896770543
2758.386	0.16873717896770543
2758.5299999999997	0.16873717896770543
2758.673	0.16873524000964413
2758.817	0.16873524000964413
2758.961	0.16873524000964413
2759.105	0.16873524000964413
2759.249	0.16873459369029034
2759.393	0.16873459369029034
2759.537	0.16873459369029034
2759.681	0.16873459369029034
2759.8239999999996	0.16873136209352146
2759.968	0.1687274841773988
2760.1119999999996	0.16872554521933747
2760.256	0.16872554521933747
2760.3999999999996	0.16872102098386105
2760.544	0.16871585042903084
2760.6879999999996	0.16871585042903084
2760.835	0.16871585042903084
2760.975	0.16871585042903084
2761.1189999999997	0.16871585042903084
2761.265	0.16871585042903084
2761.408	0.16872102098386105
2761.551	0.16872102098386105
2761.6949999999997	0.16872102098386105
2761.839	0.16872102098386105
2761.9829999999997	0.16872102098386105
2762.1259999999997	0.16872102098386105
2762.27	0.16872102098386105
2762.4139999999998	0.16872102098386105
2762.557	0.16872102098386105
2762.701	0.16872102098386105
2762.845	0.16872102098386105
2762.989	0.16872102098386105
2763.133	0.16872102098386105
2763.277	0.16872102098386105
2763.422	0.16872102098386105
2763.565	0.16872102098386105
2763.7079999999996	0.16872102098386105
2763.852	0.16872102098386105
2763.9959999999996	0.16872102098386105
2764.14	0.16872102098386105
2764.283	0.16872554521933747
2764.428	0.16872554521933747
2764.571	0.16872554521933747
2764.7149999999997	0.16872554521933747
2764.859	0.1687274841773988
2765.0029999999997	0.16873136209352146
2765.147	0.16873459369029034
2765.29	0.16873459369029034
2765.435	0.16873524000964413
2765.578	0.16873524000964413
2765.7219999999998	0.16873588632899789
2765.866	0.16873588632899789
2766.0099999999998	0.16873588632899789
2766.154	0.16873588632899789
2766.298	0.16873588632899789
2766.441	0.16873588632899789
2766.585	0.16873588632899789
2766.729	0.16873588632899789
2766.873	0.16873588632899789
2767.019	0.16873588632899789
2767.1609999999996	0.16873588632899789
2767.3039999999996	0.16873588632899789
2767.448	0.16873588632899789
2767.5919999999996	0.16873588632899789
2767.736	0.16873588632899789
2767.8799999999997	0.16873588632899789
2768.024	0.16873588632899789
2768.167	0.16873588632899789
2768.312	0.16873588632899789
2768.455	0.16873588632899789
2768.5989999999997	0.16873588632899789
2768.743	0.16873588632899789
2768.8869999999997	0.16873588632899789
2769.031	0.16873588632899789
2769.174	0.16873588632899789
2769.319	0.16873588632899789
2769.462	0.16873588632899789
2769.6059999999998	0.16873588632899789
2769.75	0.16873717896770543
2769.894	0.16873717896770543
2770.038	0.16873717896770543
2770.182	0.16873717896770543
2770.325	0.16873847160641298
2770.469	0.16873847160641298
2770.613	0.16873847160641298
2770.7569999999996	0.16873911792576674
2770.901	0.16873911792576674
2771.0449999999996	0.16873911792576674
2771.189	0.16873911792576674
2771.3329999999996	0.16873911792576674
2771.477	0.16873911792576674
2771.624	0.16873911792576674
2771.765	0.16873911792576674
2771.9089999999997	0.16873911792576674
2772.053	0.16873911792576674
2772.1969999999997	0.16873911792576674
2772.341	0.16873911792576674
2772.484	0.16873911792576674
2772.6279999999997	0.16873911792576674
2772.772	0.16873911792576674
2772.9159999999997	0.16873911792576674
2773.0589999999997	0.16873911792576674
2773.203	0.16873911792576674
2773.3469999999998	0.16873911792576674
2773.491	0.16873911792576674
2773.6349999999998	0.16873911792576674
2773.779	0.16873911792576674
2773.923	0.16873911792576674
2774.066	0.16873911792576674
2774.211	0.16873911792576674
2774.354	0.16873911792576674
2774.498	0.16873911792576674
2774.643	0.16873911792576674
2774.7859999999996	0.16873911792576674
2774.93	0.16873911792576674
2775.0739999999996	0.16873911792576674
2775.2169999999996	0.16873911792576674
2775.3619999999996	0.16873911792576674
2775.506	0.16873911792576674
2775.6499999999996	0.16873911792576674
2775.7929999999997	0.16873911792576674
2775.937	0.16873911792576674
2776.082	0.16873911792576674
2776.2239999999997	0.16873911792576674
2776.368	0.16873911792576674
2776.5119999999997	0.16873911792576674
2776.656	0.16873911792576674
2776.799	0.16873911792576674
2776.944	0.16873911792576674
2777.087	0.16873911792576674
2777.2309999999998	0.16873911792576674
2777.375	0.16873847160641298
2777.519	0.16873717896770543
2777.663	0.16873588632899789
2777.807	0.16873524000964413
2777.95	0.16873459369029034
2778.094	0.16873136209352146
2778.238	0.1687274841773988
2778.3819999999996	0.16872554521933747
2778.526	0.16872102098386105
2778.6699999999996	0.16871585042903084
2778.814	0.16871326515161572
2778.957	0.16871132619355442
2779.1009999999997	0.16870938723549309
2779.245	0.16870486300001664
2779.3889999999997	0.168700985083894
2779.533	0.16869969244518646
2779.6769999999997	0.16869452189035622
2779.821	0.16868870501617222
2779.964	0.1686867660581109
2780.1079999999997	0.16868482710004956
2780.252	0.16868094918392693
2780.3959999999997	0.16867771758715805
2780.54	0.1686764249484505
2780.683	0.16867577862909672
2780.828	0.16867577862909672
2780.9719999999998	0.1686712543936203
2781.115	0.16866608383879006
2781.259	0.16866479120008251
2781.403	0.16866414488072873
2781.547	0.16866220592266742
2781.691	0.16866220592266742
2781.834	0.16866220592266742
2781.9779999999996	0.16866220592266742
2782.122	0.16866220592266742
2782.2659999999996	0.16866220592266742
2782.41	0.16866220592266742
2782.5539999999996	0.16866220592266742
2782.698	0.16866220592266742
2782.841	0.16866220592266742
2782.9849999999997	0.16866220592266742
2783.129	0.16866220592266742
2783.2729999999997	0.16866220592266742
2783.417	0.16866220592266742
2783.5609999999997	0.16866220592266742
2783.705	0.16866220592266742
2783.8489999999997	0.16866220592266742
2783.9919999999997	0.16866220592266742
2784.136	0.16866220592266742
2784.2799999999997	0.16866220592266742
2784.424	0.16866220592266742
2784.567	0.16866220592266742
2784.712	0.16866220592266742
2784.855	0.16866220592266742
2784.999	0.16866220592266742
2785.145	0.16866220592266742
2785.287	0.16866220592266742
2785.431	0.16866220592266742
2785.5739999999996	0.16866220592266742
2785.719	0.16866220592266742
2785.8619999999996	0.16866220592266742
2786.006	0.16866220592266742
2786.1499999999996	0.16866220592266742
2786.294	0.16866220592266742
2786.4379999999996	0.16866220592266742
2786.582	0.16866220592266742
2786.725	0.16866220592266742
2786.8689999999997	0.16866220592266742
2787.013	0.16866220592266742
2787.1569999999997	0.16866220592266742
2787.301	0.16866220592266742
2787.4449999999997	0.16866220592266742
2787.589	0.16866091328395988
2787.7329999999997	0.16866091328395988
2787.8759999999997	0.16866091328395988
2788.02	0.16866091328395988
2788.1639999999998	0.16866091328395988
2788.31	0.16866091328395988
2788.4519999999998	0.16866091328395988
2788.596	0.16866091328395988
2788.74	0.16866091328395988
2788.886	0.16866091328395988
2789.028	0.16866091328395988
2789.173	0.16866091328395988
2789.317	0.16866091328395988
2789.46	0.16866091328395988
2789.604	0.16866091328395988
2789.747	0.16866091328395988
2789.892	0.16866091328395988
2790.035	0.16866091328395988
2790.1789999999996	0.16866220592266742
2790.323	0.16866414488072873
2790.4669999999996	0.16866414488072873
2790.6099999999997	0.16866414488072873
2790.7549999999997	0.16866479120008251
2790.902	0.16866608383879006
2791.0449999999996	0.1686712543936203
2791.187	0.16867577862909672
2791.3329999999996	0.1686764249484505
2791.477	0.16867771758715805
2791.6169999999997	0.16868094918392693
2791.7659999999996	0.16868094918392693
2791.908	0.16868094918392693
2792.053	0.16868094918392693
2792.1949999999997	0.16868482710004956
2792.339	0.1686867660581109
2792.484	0.1686867660581109
2792.627	0.16868870501617222
2792.768	0.16869452189035622
2792.912	0.16869969244518646
2793.056	0.168700985083894
2793.2	0.1687035703613091
2793.344	0.16870744827743173
2793.488	0.16870938723549309
2793.6319999999996	0.16871132619355442
2793.776	0.16871261883226196
2793.919	0.16871520410967705
2794.0629999999996	0.16871778938709217
2794.2079999999996	0.1687223136225686
2794.35	0.1687274841773988
2794.495	0.16873136209352146
2794.6389999999997	0.16873459369029034
2794.7819999999997	0.16873524000964413
2794.926	0.16873588632899789
2795.0699999999997	0.16873588632899789
2795.214	0.16873588632899789
2795.3579999999997	0.16873588632899789
2795.5009999999997	0.16873588632899789
2795.645	0.16873588632899789
2795.7889999999998	0.16873588632899789
2795.933	0.16873588632899789
2796.0769999999998	0.16873588632899789
2796.221	0.16873588632899789
2796.365	0.16873588632899789
2796.509	0.16873588632899789
2796.652	0.16873588632899789
2796.796	0.16873588632899789
2796.94	0.16873588632899789
2797.084	0.16873588632899789
2797.2279999999996	0.16873782528705922
2797.372	0.16874105688382807
2797.5159999999996	0.16874105688382807
2797.6589999999997	0.16874105688382807
2797.803	0.16874105688382807
2797.9469999999997	0.16874299584188943
2798.091	0.16874558111930454
2798.2349999999997	0.16874558111930454
2798.379	0.16874558111930454
2798.5229999999997	0.16874558111930454
2798.6659999999997	0.16874558111930454
2798.81	0.16874558111930454
2798.9539999999997	0.16874558111930454
2799.098	0.1687488127160734
2799.2419999999997	0.1687488127160734
2799.3849999999998	0.1687488127160734
2799.5299999999997	0.16875075167413472
2799.673	0.16875075167413472
2799.817	0.1687513979934885
2799.961	0.1687513979934885
2800.105	0.1687513979934885
2800.249	0.1687513979934885
2800.393	0.1687513979934885
2800.537	0.1687513979934885
2800.681	0.1687513979934885
2800.8239999999996	0.1687513979934885
2800.968	0.1687513979934885
2801.1119999999996	0.1687513979934885
2801.256	0.1687513979934885
2801.3999999999996	0.16875075167413472
2801.5429999999997	0.16875075167413472
2801.69	0.16875075167413472
2801.8309999999997	0.16875075167413472
2801.975	0.1687513979934885
2802.1189999999997	0.1687513979934885
2802.263	0.1687513979934885
2802.4069999999997	0.16875269063219606
2802.551	0.16875269063219606
2802.694	0.16875269063219606
2802.839	0.16875269063219606
2802.9829999999997	0.1687546295902574
2803.127	0.1687546295902574
2803.27	0.1687546295902574
2803.4139999999998	0.16875656854831872
2803.558	0.16875656854831872
2803.701	0.16875656854831872
2803.845	0.16875656854831872
2803.989	0.16875656854831872
2804.133	0.16875656854831872
2804.276	0.16876109278379514
2804.421	0.16876109278379514
2804.565	0.16876432438056402
2804.7079999999996	0.16876432438056402
2804.852	0.16876432438056402
2804.9959999999996	0.16876432438056402
2805.14	0.16876432438056402
2805.2839999999997	0.16876690965797914
2805.4269999999997	0.16877143389345556
2805.573	0.16877466549022443
2805.7149999999997	0.16877595812893198
2805.859	0.16877595812893198
2806.0029999999997	0.16877595812893198
2806.147	0.16877595812893198
2806.292	0.16877595812893198
2806.435	0.16877595812893198
2806.58	0.16877595812893198
2806.723	0.1687778970869933
2806.8669999999997	0.16877595812893198
2807.011	0.16877595812893198
2807.1549999999997	0.16877595812893198
2807.299	0.16877595812893198
2807.4429999999998	0.16877595812893198
2807.586	0.1687778970869933
2807.73	0.1687778970869933
2807.874	0.1687778970869933
2808.018	0.16878242132246976
2808.1609999999996	0.16878242132246976
2808.306	0.16878242132246976
2808.45	0.1687869455579462
2808.593	0.16878888451600754
2808.7369999999996	0.1687869455579462
2808.881	0.16878242132246976
2809.0249999999996	0.1687869455579462
2809.169	0.16878242132246976
2809.3129999999996	0.16878242132246976
2809.457	0.16878242132246976
2809.6	0.1687869455579462
2809.7439999999997	0.16878888451600754
2809.888	0.16878888451600754
2810.0319999999997	0.16879017715471506
2810.176	0.16879534770954527
2810.319	0.16879534770954527
2810.464	0.16880116458372924
2810.607	0.16880439618049814
2810.7509999999997	0.16880568881920568
2810.895	0.1688082740966208
2811.0389999999998	0.1688082740966208
2811.183	0.1688108593740359
2811.3269999999998	0.16881215201274347
2811.47	0.16881602992886613
2811.614	0.1688237857611114
2811.758	0.1688289563159416
2811.902	0.1688296026352954
2812.046	0.16883024895464915
2812.1929999999998	0.16883154159335673
2812.337	0.16883348055141806
2812.477	0.1688425290223709
2812.6209999999996	0.1688515774933238
2812.765	0.1688541627707389
2812.9089999999997	0.16885804068686155
2813.0519999999997	0.1688599796449229
2813.1969999999997	0.1688599796449229
2813.341	0.1688599796449229
2813.484	0.1688612722836304
2813.6279999999997	0.16886256492233795
2813.772	0.1688664428384606
2813.9159999999997	0.16887096707393706
2814.0589999999997	0.16887355235135215
2814.2039999999997	0.1688787229061824
2814.348	0.1688832471416588
2814.491	0.1688864787384277
2814.6349999999998	0.16888841769648902
2814.779	0.1688890640158428
2814.923	0.16889294193196547
2815.067	0.16889681984808813
2815.211	0.16890069776421074
2815.355	0.1689039293609796
2815.498	0.1689039293609796
2815.642	0.1689045756803334
2815.787	0.16890716095774852
2815.93	0.16890909991580985
2816.0739999999996	0.16890909991580985
2816.218	0.16891103887387116
2816.3619999999996	0.1689129778319325
2816.5049999999997	0.1689155631093476
2816.652	0.16892396526094672
2816.794	0.16893042845448447
2816.937	0.16893236741254578
2817.08	0.16893559900931465
2817.225	0.16894141588349865
2817.368	0.16894723275768264
2817.5119999999997	0.16894917171574395
2817.656	0.16894981803509773
2817.7999999999997	0.16895046435445152
2817.944	0.16895175699315906
2818.087	0.16895434227057415
2818.232	0.16895628122863549
2818.375	0.1689588665060506
2818.519	0.1689640370608808
2818.663	0.1689672686576497
2818.807	0.1689717928931261
2818.951	0.16898148768343274
2819.095	0.16898730455761674
2819.239	0.16898795087697052
2819.3819999999996	0.16898795087697052
2819.526	0.16898924351567807
2819.6699999999996	0.16899247511244694
2819.814	0.16899441407050828
2819.9579999999996	0.16899441407050828
2820.1009999999997	0.1689963530285696
2820.245	0.16899958462533848
2820.3889999999997	0.16900540149952248
2820.533	0.16901121837370645
2820.6769999999997	0.169012511012414
2820.821	0.16901444997047532
2820.9649999999997	0.1690170352478904
2821.1079999999997	0.16901897420595174
2821.254	0.16902091316401308
2821.3959999999997	0.16902155948336686
2821.54	0.1690228521220744
2821.6839999999997	0.16902479108013574
2821.828	0.16902673003819707
2821.9719999999998	0.16902996163496595
2822.115	0.16903190059302728
2822.2599999999998	0.16903319323173482
2822.403	0.16903448587044237
2822.547	0.16903513218979616
2822.691	0.1690370711478575
2822.835	0.16903836378656506
2822.979	0.16903901010591882
2823.122	0.1690396564252726
2823.267	0.16904094906398015
2823.41	0.16904224170268767
2823.5539999999996	0.16904224170268767
2823.698	0.16904805857687166
2823.843	0.16905646072847075
2823.9869999999996	0.1690603386445934
2824.1299999999997	0.16906163128330098
2824.274	0.16906357024136232
2824.4179999999997	0.16906680183813116
2824.562	0.16906809447683874
2824.7059999999997	0.16906809447683874
2824.85	0.16907003343490007
2824.9939999999997	0.16907391135102273
2825.1369999999997	0.16907649662843782
2825.281	0.16907843558649915
2825.4249999999997	0.1690797282252067
2825.569	0.169081667183268
2825.7129999999997	0.169087484057452
2825.857	0.16909136197357466
2826.0009999999997	0.16909200829292842
2826.144	0.1690926546122822
2826.288	0.16909459357034354
2826.432	0.16909782516711241
2826.576	0.16910299572194265
2826.72	0.1691068736380653
2826.864	0.16911010523483416
2827.008	0.16911527578966434
2827.151	0.16911786106707943
2827.2949999999996	0.16911850738643322
2827.439	0.16911850738643322
2827.5829999999996	0.16912044634449458
2827.727	0.16912367794126346
2827.8709999999996	0.169124970579971
2828.015	0.16912690953803233
2828.158	0.16912949481544745
2828.3019999999997	0.16913595800898518
2828.446	0.1691443601605843
2828.5899999999997	0.1691469454379994
2828.734	0.1691475917573532
2828.8779999999997	0.16914823807670698
2829.022	0.1691495307154145
2829.165	0.16915146967347583
2829.3089999999997	0.16915728654765982
2829.453	0.16916245710249003
2829.5969999999998	0.16916245710249003
2829.741	0.1691631034218438
2829.8849999999998	0.1691650423799051
2830.029	0.16916698133796643
2830.173	0.16916892029602776
2830.3199999999997	0.16917085925408912
2830.461	0.16917279821215045
2830.604	0.169174090850858
2830.748	0.16917602980891933
2830.892	0.1691812003637495
2831.035	0.16918507827987217
2831.1789999999996	0.16918572459922593
2831.323	0.16918572459922593
2831.4669999999996	0.1691870172379335
2831.611	0.16918830987664105
2831.7549999999997	0.16919024883470238
2831.899	0.1691928341121175
2832.0429999999997	0.16919477307017883
2832.1859999999997	0.16919606570888637
2832.33	0.16919865098630146
2832.4739999999997	0.1692025289024241
2832.618	0.1692025289024241
2832.7619999999997	0.169211577373377
2832.9049999999997	0.16922062584432984
2833.049	0.16922256480239117
2833.1929999999998	0.16922256480239117
2833.337	0.16922321112174493
2833.4809999999998	0.1692245037604525
2833.625	0.16922838167657517
2833.769	0.16923096695399026
2833.912	0.16923484487011292
2834.056	0.16924066174429692
2834.2	0.16924260070235822
2834.344	0.16924453966041955
2834.488	0.16924971021524976
2834.6319999999996	0.16925294181201866
2834.776	0.16925294181201866
2834.9199999999996	0.16926005132491018
2835.0629999999996	0.16926005132491018
2835.207	0.16926909979586305
2835.3509999999997	0.16927103875392438
2835.495	0.16927168507327817
2835.638	0.1692736240313395
2835.7819999999997	0.16927556298940083
2835.926	0.16927750194746216
2836.071	0.16928267250229234
2836.214	0.16928848937647634
2836.3579999999997	0.16929107465389145
2836.502	0.16929301361195276
2836.645	0.16929753784742918
2836.79	0.16930723263773584
2836.933	0.16931692742804247
2837.0769999999998	0.16933696332800952
2837.221	0.1693544139505615
2837.365	0.16935635290862283
2837.509	0.16935764554733038
2837.652	0.16935764554733038
2837.797	0.1693602308247455
2837.94	0.1693641087408681
2838.084	0.16936604769892943
2838.2279999999996	0.16937186457311343
2838.372	0.1693770351279436
2838.5159999999996	0.16937897408600494
2838.6589999999997	0.16938479096018894
2838.803	0.1693919004730805
2838.9469999999997	0.16939577838920317
2839.091	0.16939642470855693
2839.2349999999997	0.1694003026246796
2839.3819999999996	0.16940547317950977
2839.5229999999997	0.16940676581821734
2839.6659999999997	0.16940676581821734
2839.81	0.16941387533110888
2839.9539999999997	0.16942163116335418
2840.098	0.1694235701214155
2840.2419999999997	0.16942486276012306
2840.386	0.16942486276012306
2840.5299999999997	0.16942550907947684
2840.673	0.1694293869955995
2840.817	0.16943714282784478
2840.961	0.1694416670633212
2841.105	0.16944295970202877
2841.25	0.16944425234073632
2841.394	0.1694448986600901
2841.538	0.1694455449794439
2841.681	0.1694507155342741
2841.825	0.16945782504716564
2841.969	0.16946105664393452
2842.113	0.16946234928264206
2842.2569999999996	0.16946299560199585
2842.401	0.16946364192134963
2842.5449999999996	0.16946493456005718
2842.689	0.16946622719876472
2842.832	0.16946622719876472
2842.9759999999997	0.1694668735181185
2843.12	0.1694675198374723
2843.2639999999997	0.1694675198374723
2843.408	0.16946881247617984
2843.5519999999997	0.16947075143424117
2843.696	0.16947075143424117
2843.839	0.16947333671165626
2843.984	0.1694765683084251
2844.1279999999997	0.16947786094713266
2844.27	0.16948044622454778
2844.415	0.1694830315019629
2844.5589999999997	0.16948432414067044
2844.7019999999998	0.1694888483761469
2844.846	0.16949466525033086
2844.99	0.16949725052774597
2845.134	0.16949725052774597
2845.278	0.16949725052774597
2845.422	0.16949725052774597
2845.565	0.16949725052774597
2845.709	0.16949725052774597
2845.8529999999996	0.16949725052774597
2845.997	0.16949725052774597
2846.1409999999996	0.16949725052774597
2846.2839999999997	0.16949725052774597
2846.4289999999996	0.16949725052774597
2846.5719999999997	0.16949725052774597
2846.72	0.16949725052774597
2846.8599999999997	0.16949725052774597
2847.004	0.16949725052774597
2847.1479999999997	0.16949725052774597
2847.2909999999997	0.16949725052774597
2847.435	0.16949725052774597
2847.5789999999997	0.16949725052774597
2847.723	0.16949725052774597
2847.8669999999997	0.16949725052774597
2848.011	0.16949725052774597
2848.1549999999997	0.16949725052774597
2848.298	0.16949725052774597
2848.442	0.16949725052774597
2848.586	0.16949725052774597
2848.73	0.16949725052774597
2848.874	0.16949725052774597
2849.018	0.16949725052774597
2849.1659999999997	0.16949725052774597
2849.308	0.16949725052774597
2849.453	0.16949725052774597
2849.595	0.16949725052774597
2849.74	0.16949725052774597
2849.884	0.16949725052774597
2850.028	0.16949725052774597
2850.169	0.16949725052774597
2850.312	0.16949725052774597
2850.4559999999997	0.16949725052774597
2850.6	0.16949725052774597
2850.7439999999997	0.16949725052774597
2850.888	0.16949725052774597
2851.0319999999997	0.16949725052774597
2851.176	0.16949725052774597
2851.319	0.16949725052774597
2851.4629999999997	0.16949854316645352
2851.607	0.16950177476322242
2851.7509999999997	0.16950177476322242
2851.895	0.16950177476322242
2852.0389999999998	0.16950436004063751
2852.183	0.1695050063599913
2852.326	0.1695050063599913
2852.47	0.16950823795676018
2852.614	0.16950823795676018
2852.758	0.16950823795676018
2852.902	0.16951211587288278
2853.046	0.16951470115029793
2853.19	0.16951664010835926
2853.3329999999996	0.1695179327470668
2853.477	0.16951922538577435
2853.6209999999996	0.16951922538577435
2853.765	0.16951922538577435
2853.9089999999997	0.16951922538577435
2854.053	0.16951922538577435
2854.1969999999997	0.16952245698254323
2854.3399999999997	0.16952633489866586
2854.484	0.1695282738567272
2854.6279999999997	0.16952956649543477
2854.772	0.1695315054534961
2854.9159999999997	0.1695315054534961
2855.06	0.1695340907309112
2855.2039999999997	0.16953473705026498
2855.3469999999998	0.16953602968897252
2855.491	0.16953926128574143
2855.6349999999998	0.16953926128574143
2855.779	0.16954120024380276
2855.922	0.16954184656315652
2856.067	0.16954378552121785
2856.211	0.16954507815992537
2856.354	0.16954572447927913
2856.499	0.1695463707986329
2856.642	0.1695463707986329
2856.7859999999996	0.1695463707986329
2856.9289999999996	0.1695463707986329
2857.0739999999996	0.1695463707986329
2857.218	0.1695463707986329
2857.3619999999996	0.1695463707986329
2857.508	0.1695463707986329
2857.6499999999996	0.1695463707986329
2857.7929999999997	0.1695463707986329
2857.937	0.1695463707986329
2858.0809999999997	0.1695463707986329
2858.2239999999997	0.1695463707986329
2858.368	0.1695463707986329
2858.5119999999997	0.1695463707986329
2858.656	0.1695463707986329
2858.801	0.1695463707986329
2858.944	0.1695463707986329
2859.089	0.1695463707986329
2859.232	0.16954766343734046
2859.3759999999997	0.16955154135346312
2859.52	0.16955412663087824
2859.6639999999998	0.16955412663087824
2859.808	0.16955412663087824
2859.951	0.16955541926958578
2860.095	0.16955735822764711
2860.239	0.1695580045470009
2860.383	0.1695580045470009
2860.527	0.16956058982441602
2860.671	0.16956058982441602
2860.815	0.16956058982441602
2860.9579999999996	0.16956058982441602
2861.1029999999996	0.16956058982441602
2861.2459999999996	0.16956058982441602
2861.39	0.16956058982441602
2861.5339999999997	0.16956058982441602
2861.6789999999996	0.16956058982441602
2861.8219999999997	0.16956058982441602
2861.9649999999997	0.16956058982441602
2862.109	0.16956058982441602
2862.2529999999997	0.16956058982441602
2862.397	0.16956058982441602
2862.5409999999997	0.16956058982441602
2862.685	0.16956058982441602
2862.8289999999997	0.16956058982441602
2862.9719999999998	0.16956058982441602
2863.1169999999997	0.16956058982441602
2863.2599999999998	0.16956058982441602
2863.404	0.16956058982441602
2863.548	0.1695580045470009
2863.692	0.1695580045470009
2863.836	0.1695580045470009
2863.979	0.1695580045470009
2864.123	0.16955735822764711
2864.267	0.16955735822764711
2864.4109999999996	0.16955735822764711
2864.555	0.16955735822764711
2864.6989999999996	0.16955735822764711
2864.843	0.16955541926958578
2864.986	0.16955541926958578
2865.1299999999997	0.16955541926958578
2865.274	0.16955412663087824
2865.4179999999997	0.16955412663087824
2865.562	0.16955154135346312
2865.7059999999997	0.16954766343734046
2865.85	0.1695463707986329
2865.993	0.1695463707986329
2866.1369999999997	0.1695463707986329
2866.281	0.1695463707986329
2866.426	0.16954572447927913
2866.569	0.16954507815992537
2866.7129999999997	0.16954378552121785
2866.857	0.16954184656315652
2867.0	0.16953926128574143
2867.144	0.16953602968897252
2867.288	0.1695340907309112
2867.432	0.1695321517728499
2867.576	0.16953021281478856
2867.72	0.16952956649543477
2867.864	0.1695282738567272
2868.0069999999996	0.16952310330189702
2868.151	0.16951922538577435
2868.2949999999996	0.16951922538577435
2868.439	0.1695179327470668
2868.5829999999996	0.16951470115029793
2868.729	0.16951211587288278
2868.8799999999997	0.16950823795676018
2869.0139999999997	0.1695050063599913
2869.158	0.1695050063599913
2869.3019999999997	0.16950436004063751
2869.446	0.16950436004063751
2869.5899999999997	0.16950436004063751
2869.734	0.16950436004063751
2869.8779999999997	0.16950436004063751
2870.0209999999997	0.16950436004063751
2870.165	0.16950177476322242
2870.3089999999997	0.16950177476322242
2870.453	0.16950177476322242
2870.5969999999998	0.16950177476322242
2870.741	0.16949854316645352
2870.884	0.16949725052774597
2871.0319999999997	0.16949466525033086
2871.172	0.16948755573743934
2871.317	0.16948755573743934
2871.46	0.1694830315019629
2871.604	0.16948044622454778
2871.748	0.16948044622454778
2871.892	0.16948044622454778
2872.035	0.16948044622454778
2872.1789999999996	0.16948044622454778
2872.323	0.16948044622454778
2872.4669999999996	0.16948044622454778
2872.611	0.16948044622454778
2872.7549999999997	0.16948044622454778
2872.8979999999997	0.16947786094713266
2873.042	0.16947462935036378
2873.1859999999997	0.16947462935036378
2873.33	0.16947075143424117
2873.4739999999997	0.1694701051148874
2873.618	0.16946816615682606
2873.7619999999997	0.16946622719876472
2873.906	0.16946493456005718
2874.049	0.16946493456005718
2874.1929999999998	0.16946493456005718
2874.337	0.1694617029632883
2874.4809999999998	0.16945976400522697
2874.625	0.16945911768587318
2874.769	0.16945523976975052
2874.913	0.16944877657621277
2875.056	0.1694455449794439
2875.2	0.1694455449794439
2875.344	0.16944360602138253
2875.488	0.1694416670633212
2875.6319999999996	0.16943972810525987
2875.776	0.16943778914719856
2875.919	0.16943520386978347
2876.0629999999996	0.1694293869955995
2876.2079999999996	0.16942615539883063
2876.355	0.16942550907947684
2876.4959999999996	0.16942163116335418
2876.6389999999997	0.16941452165046264
2876.7839999999997	0.16940870477627867
2876.9269999999997	0.16940676581821734
2877.071	0.16940547317950977
2877.2149999999997	0.16940547317950977
2877.359	0.1694022415827409
2877.5029999999997	0.1693996563053258
2877.6459999999997	0.1693996563053258
2877.7909999999997	0.16939900998597204
2877.9339999999997	0.1693970710279107
2878.078	0.16938737623760408
2878.2219999999998	0.16937832776665118
2878.366	0.1693699256150521
2878.5099999999998	0.1693621697828068
2878.653	0.16935829186668414
2878.798	0.16935829186668414
2878.941	0.1693544139505615
2879.085	0.16934988971508505
2879.229	0.16934471916025484
2879.373	0.16933050013447176
2879.517	0.1693136958312736
2879.66	0.1693136958312736
2879.805	0.1693136958312736
2879.948	0.1693136958312736
2880.0919999999996	0.16930981791515093
2880.236	0.169292367292599
2880.3799999999997	0.16926005132491018
2880.524	0.16924389334106577
2880.667	0.16924195438300446
2880.812	0.16923936910558934
2880.955	0.169237430147528
2881.0989999999997	0.16923613750882047
2881.243	0.16923419855075916
2881.3869999999997	0.16922644271851384
2881.531	0.16920963841531567
2881.674	0.16919800466694768
2881.819	0.16919606570888637
2881.962	0.16919477307017883
2882.1059999999998	0.16918378564116462
2882.25	0.16916245710249
2882.394	0.1691462991186456
2882.538	0.1691411285638154
2882.681	0.16913918960575408
2882.825	0.16913337273157011
2882.969	0.1691288484960937
2883.113	0.16911915370578706
2883.258	0.16910234940258886
2883.401	0.16909394725098975
2883.5449999999996	0.1690907156542209
2883.6879999999996	0.16907908190585294
2883.8329999999996	0.16906744815748498
2883.9759999999997	0.16905452177040942
2884.12	0.16903448587044237
2884.2639999999997	0.16902479108013574
2884.4089999999997	0.16902220580272065
2884.5519999999997	0.1690202668446593
2884.696	0.16901897420595174
2884.839	0.1690176815672442
2884.9829999999997	0.16901574260918287
2885.1279999999997	0.16900798677693757
2885.274	0.16899829198663094
2885.415	0.16899247511244694
2885.5589999999997	0.16896985393506478
2885.7019999999998	0.16894335484155995
2885.846	0.16893559900931465
2885.99	0.1689175020674089
2886.134	0.168882600822305
2886.278	0.16885416277073886
2886.422	0.16884382166107847
2886.566	0.1688399437449558
2886.709	0.16879599402889905
2886.8529999999996	0.16873653264835164
2886.997	0.16871197251290818
2887.1409999999996	0.16869839980647888
2887.285	0.16867965654521938
2887.4289999999996	0.16864410898076168
2887.573	0.16859304975181338
2887.716	0.16854586843898778
2887.8599999999997	0.16850902823582253
2888.004	0.16846572483911953
2888.1479999999997	0.16845926164558178
2888.292	0.16845926164558178
2888.4359999999997	0.16841401929081745
2888.58	0.16836231374251537
2888.723	0.16833064409418036
2888.8669999999997	0.16831319347162838
2889.011	0.1682834627813547
2889.1549999999997	0.16826278056203386
2889.299	0.16824209834271303
2889.4429999999998	0.1682052581395478
2889.587	0.16817682008798168
2889.73	0.1681626010621986
2889.874	0.16815225995253819
2890.018	0.16814515043964665
2890.162	0.16814515043964665
2890.306	0.1681276998170947
2890.45	0.16810507863971252
2890.594	0.168066299478486
2890.7369999999996	0.16803333719144342
2890.881	0.16803333719144342
2891.0249999999996	0.16803333719144342
2891.169	0.168028812955967
2891.3129999999996	0.16802234976242925
2891.457	0.16801330129147635
2891.6029999999996	0.16799520434957063
2891.7439999999997	0.1679803390044338
2891.888	0.1679764610883111
2892.0319999999997	0.16796999789477335
2892.176	0.16796288838188184
2892.3199999999997	0.16795642518834408
2892.464	0.16795190095286766
2892.607	0.1679473767173912
2892.7509999999997	0.167942206162561
2892.895	0.16792798713677792
2893.0389999999998	0.16791506074970242
2893.183	0.16791118283357975
2893.3269999999998	0.16789631748844291
2893.471	0.16788274478201362
2893.615	0.16787822054653717
2893.759	0.16784138034337195
2893.903	0.16780389382085292
2894.047	0.1678000159047303
2894.19	0.16779290639183875
2894.337	0.16778127264347076
2894.4779999999996	0.167774809449933
2894.623	0.16776317570156507
2894.7659999999996	0.16775218827255087
2894.91	0.167743139801598
2895.0539999999996	0.16773215237258382
2895.198	0.16772892077581492
2895.3419999999996	0.16772568917904604
2895.4849999999997	0.1677237502209847
2895.629	0.16769854376618748
2895.7729999999997	0.16766105724366848
2895.917	0.16764813085659291
2896.0609999999997	0.16764360662111652
2896.205	0.16763649710822498
2896.3489999999997	0.16762615599856456
2896.4919999999997	0.1676067664179513
2896.636	0.1675906084341069
2896.7799999999997	0.16758220628250775
2896.924	0.16756346302124828
2897.0679999999998	0.16754019552451238
2897.211	0.1675259764987293
2897.3559999999998	0.1675149890697151
2897.5	0.16750723323746977
2897.643	0.16749430685039426
2897.787	0.1674768562278423
2897.931	0.1674490644956299
2898.075	0.16742385804083268
2898.219	0.16739348103120522
2898.363	0.16735147027320976
2898.5069999999996	0.16733272701195026
2898.651	0.16732173958293606
2898.7949999999996	0.1673081668765068
2898.939	0.16729459417007747
2899.0829999999996	0.16728296042170954
2899.225	0.16727778986687933
2899.37	0.16727326563140288
2899.513	0.16726615611851134
2899.6569999999997	0.16726227820238868
2899.801	0.16726033924432734
2899.9449999999997	0.16726033924432734
2900.089	0.16726033924432734
2900.232	0.16726033924432734
2900.3759999999997	0.16726033924432734
2900.52	0.16726033924432734
2900.6639999999998	0.16726033924432734
2900.808	0.16726033924432734
2900.9519999999998	0.16726033924432734
2901.096	0.16726033924432734
2901.239	0.16726033924432734
2901.383	0.16726033924432734
2901.527	0.16726033924432734
2901.671	0.16726033924432734
2901.815	0.16726033924432734
2901.959	0.16726033924432734
2902.1029999999996	0.16726033924432734
2902.2459999999996	0.16726033924432734
2902.39	0.16726033924432734
2902.5339999999997	0.16726033924432734
2902.678	0.16726033924432734
2902.8219999999997	0.16726033924432734
2902.966	0.167258400286266
2903.1099999999997	0.167258400286266
2903.2529999999997	0.167258400286266
2903.402	0.167258400286266
2903.5409999999997	0.16724741285725184
2903.685	0.16724741285725184
2903.8289999999997	0.16724741285725184
2903.973	0.16723577910888388
2904.1169999999997	0.16723577910888388
2904.2599999999998	0.16723577910888388
2904.404	0.16723577910888388
2904.548	0.16723577910888388
2904.692	0.16723577910888388
2904.836	0.16723577910888388
2904.98	0.16723577910888388
2905.124	0.16723577910888388
2905.267	0.16723577910888388
2905.4109999999996	0.16723577910888388
2905.555	0.16723577910888388
2905.6989999999996	0.16723577910888388
2905.843	0.16723577910888388
2905.9869999999996	0.16723577910888388
2906.131	0.16723577910888388
2906.274	0.16723577910888388
2906.4179999999997	0.16723577910888388
2906.562	0.16723577910888388
2906.709	0.16723577910888388
2906.8489999999997	0.16723577910888388
2906.9939999999997	0.16723577910888388
2907.1369999999997	0.16723319383146878
2907.281	0.16723319383146878
2907.4249999999997	0.16723319383146878
2907.569	0.16723125487340745
2907.7129999999997	0.16722996223469988
2907.857	0.167226730637931
2908.0009999999997	0.16722414536051589
2908.144	0.16721962112503946
2908.288	0.16721380425085547
2908.432	0.16721057265408662
2908.576	0.16720734105731777
2908.72	0.16720346314119508
2908.864	0.16720152418313375
2909.008	0.16719764626701109
2909.151	0.16719247571218088
2909.2949999999996	0.1671866588379969
2909.439	0.16717696404769028
2909.5829999999996	0.1671679155767374
2909.727	0.1671627450219072
2909.87	0.16716145238319963
2910.0139999999997	0.16716080606384587
2910.158	0.16715886710578454
2910.3019999999997	0.167157574467077
2910.446	0.1671569281477232
2910.5899999999997	0.16715498918966187
2910.734	0.16714787967677033
2910.877	0.16714206280258634
2911.0209999999997	0.16714141648323255
2911.165	0.16713947752517128
2911.31	0.16713818488646373
2911.455	0.16713818488646373
2911.598	0.1671355996090486
2911.7419999999997	0.16713172169292595
2911.8849999999998	0.1671304290542184
2912.029	0.16712719745744953
2912.174	0.1671194416252042
2912.317	0.16711168579295888
2912.462	0.1671078078768362
2912.605	0.16710522259942112
2912.749	0.1670955278091145
2912.892	0.16708518669945407
2913.0359999999996	0.1670819551026852
2913.1839999999997	0.16708130878333144
2913.326	0.1670793698252701
2913.468	0.1670761382285012
2913.6119999999996	0.1670690287156097
2913.756	0.16706256552207194
2913.899	0.16706256552207194
2914.0429999999997	0.16706256552207194
2914.187	0.16706256552207194
2914.3309999999997	0.16706256552207194
2914.475	0.16706256552207194
2914.6189999999997	0.16706256552207194
2914.763	0.16706256552207194
2914.906	0.16706256552207194
2915.0499999999997	0.16706256552207194
2915.194	0.16705868760594927
2915.3379999999997	0.16705287073176528
2915.482	0.16705287073176528
2915.625	0.16705868760594927
2915.77	0.16705868760594927
2915.913	0.16705868760594927
2916.057	0.16706256552207194
2916.201	0.1670690287156097
2916.346	0.1670690287156097
2916.489	0.1670761382285012
2916.633	0.1670761382285012
2916.776	0.1670761382285012
2916.9199999999996	0.1670761382285012
2917.064	0.1670761382285012
2917.2079999999996	0.1670761382285012
2917.352	0.1670793698252701
2917.4959999999996	0.1670793698252701
2917.64	0.1670793698252701
2917.783	0.1670793698252701
2917.9269999999997	0.1670793698252701
2918.071	0.1670793698252701
2918.2149999999997	0.1670793698252701
2918.359	0.16708130878333144
2918.5029999999997	0.1670819551026852
2918.647	0.16708518669945407
2918.79	0.16709617412846828
2918.9339999999997	0.16710586891877488
2919.078	0.16710586891877488
2919.2219999999998	0.16710586891877488
2919.366	0.16710974683489754
2919.509	0.16710974683489754
2919.654	0.16710974683489754
2919.797	0.16710974683489754
2919.941	0.1671136247510202
2920.085	0.1671194416252042
2920.229	0.16712719745744953
2920.373	0.1671304290542184
2920.5159999999996	0.16713430697034107
2920.6609999999996	0.16713818488646373
2920.8039999999996	0.16713818488646373
2920.948	0.16713818488646373
2921.0919999999996	0.16714012384452503
2921.236	0.16714787967677033
2921.3799999999997	0.16715563550901566
2921.527	0.167157574467077
2921.667	0.1671595134251383
2921.8109999999997	0.1671698545347987
2921.955	0.16718471987993558
2922.0989999999997	0.16719635362830354
2922.243	0.16720346314119508
2922.3869999999997	0.16720734105731777
2922.5299999999997	0.16721057265408662
2922.674	0.16721380425085547
2922.8199999999997	0.16722026744439322
2922.962	0.167226730637931
2923.1059999999998	0.1672319011927612
2923.25	0.16723577910888388
2923.394	0.1672377180669452
2923.537	0.16724288862177542
2923.681	0.1672519370927283
2923.825	0.16725775396691223
2923.969	0.167258400286266
2924.113	0.16726033924432734
2924.2569999999996	0.16726033924432734
2924.3999999999996	0.16726033924432734
2924.5449999999996	0.16726615611851134
2924.689	0.16727326563140288
2924.832	0.16727326563140288
2924.9759999999997	0.16727326563140288
2925.12	0.16727326563140288
2925.2639999999997	0.16727326563140288
2925.408	0.16727326563140288
2925.551	0.16727326563140288
2925.6949999999997	0.16727326563140288
2925.839	0.16727326563140288
2925.984	0.16727326563140288
2926.1319999999996	0.16727326563140288
2926.274	0.16727326563140288
2926.417	0.16727326563140288
2926.558	0.16727326563140288
2926.7019999999998	0.16727326563140288
2926.846	0.16727326563140288
2926.99	0.16727326563140288
2927.134	0.16727326563140288
2927.278	0.16727326563140288
2927.422	0.16727778986687933
2927.565	0.16727778986687933
2927.709	0.16727778986687933
2927.8529999999996	0.16727778986687933
2927.997	0.1672810214636482
2928.1409999999996	0.1672836067410633
2928.2839999999997	0.16728554569912463
2928.4289999999996	0.16728748465718596
2928.5719999999997	0.16729524048943126
2928.7169999999996	0.16729524048943126
2928.861	0.1673023500023228
2929.0049999999997	0.1673023500023228
2929.149	0.1673023500023228
2929.292	0.16730428896038413
2929.437	0.16730622791844546
2929.58	0.16730687423779925
2929.7239999999997	0.16731592270875212
2929.868	0.16732432486035118
2930.0119999999997	0.16732432486035118
2930.156	0.16732432486035118
2930.2999999999997	0.1673269101377663
2930.4429999999998	0.16733143437324272
2930.591	0.16733143437324272
2930.7309999999998	0.1673346659700116
2930.875	0.16733660492807292
2931.019	0.1673404828441956
2931.163	0.1673456533990258
2931.306	0.16734823867644089
2931.45	0.16735534818933243
2931.594	0.1673637503409315
2931.738	0.16736633561834663
2931.8819999999996	0.1673669819377004
2932.026	0.1673702135344693
2932.1699999999996	0.16739024943443634
2932.314	0.1674070537376345
2932.457	0.1674173948472949
2932.6009999999997	0.16743484546984688
2932.745	0.16743484546984688
2932.8889999999997	0.16743484546984688
2933.033	0.16743484546984688
2933.176	0.16743484546984688
2933.3199999999997	0.16743484546984688
2933.464	0.16743484546984688
2933.6079999999997	0.16743484546984688
2933.752	0.16743484546984688
2933.8959999999997	0.16743484546984688
2934.04	0.16743484546984688
2934.1839999999997	0.16743484546984688
2934.3269999999998	0.16743484546984688
2934.471	0.16743484546984688
2934.615	0.16743484546984688
2934.759	0.16743484546984688
2934.903	0.16743484546984688
2935.047	0.16743484546984688
2935.191	0.16743484546984688
2935.334	0.1674451865795073
2935.4779999999996	0.1674451865795073
2935.622	0.1674451865795073
2935.7659999999996	0.1674451865795073
2935.91	0.1674451865795073
2936.0539999999996	0.1674451865795073
2936.198	0.1674451865795073
2936.341	0.1674451865795073
2936.4849999999997	0.1674451865795073
2936.633	0.1674451865795073
2936.7729999999997	0.1674451865795073
2936.917	0.1674451865795073
2937.06	0.1674451865795073
2937.205	0.1674451865795073
2937.3489999999997	0.1674451865795073
2937.4919999999997	0.1674451865795073
2937.636	0.1674451865795073
2937.7799999999997	0.1674451865795073
2937.924	0.1674451865795073
2938.067	0.1674451865795073
2938.211	0.1674451865795073
2938.355	0.1674451865795073
2938.499	0.1674451865795073
2938.643	0.1674451865795073
2938.787	0.1674451865795073
2938.931	0.1674451865795073
2939.075	0.1674451865795073
2939.218	0.1674451865795073
2939.3619999999996	0.1674451865795073
2939.506	0.1674451865795073
2939.652	0.1674451865795073
2939.7929999999997	0.1674451865795073
2939.939	0.1674451865795073
2940.0829999999996	0.1674451865795073
2940.225	0.1674451865795073
2940.3689999999997	0.1674451865795073
2940.513	0.1674451865795073
2940.6569999999997	0.1674451865795073
2940.801	0.1674451865795073
2940.9449999999997	0.1674451865795073
2941.089	0.1674451865795073
2941.232	0.16742450436018647
2941.3759999999997	0.1674070537376345
2941.52	0.16739024943443634
2941.6639999999998	0.1673702135344693
2941.808	0.16736633561834663
2941.9519999999998	0.1673637503409315
2942.096	0.1673637503409315
2942.239	0.1673637503409315
2942.383	0.1673637503409315
2942.527	0.1673637503409315
2942.671	0.16736633561834663
2942.815	0.16736633561834663
2942.9579999999996	0.16736633561834663
2943.1029999999996	0.16736827457640796
2943.2459999999996	0.16737150617317684
2943.39	0.16739024943443634
2943.5339999999997	0.1674070537376345
2943.678	0.16740963901504963
2943.8219999999997	0.16742450436018647
2943.966	0.1674393697053233
2944.109	0.1674451865795073
2944.2529999999997	0.1674503571343375
2944.397	0.16745617400852147
2944.5409999999997	0.16746716143753568
2944.685	0.16747491726978098
2944.8289999999997	0.16747556358913476
2944.973	0.16747879518590364
2945.1169999999997	0.16748461206008763
2945.2599999999998	0.16749042893427163
2945.404	0.1674936605310405
2945.548	0.16749624580845557
2945.692	0.16750335532134708
2945.836	0.16750787955682353
2945.98	0.16750852587617732
2946.124	0.1675149890697151
2946.268	0.1675208059438991
2946.412	0.1675227449019604
2946.556	0.16753050073420572
2946.7	0.16753954920515857
2946.843	0.16754795135675765
2946.988	0.16755506086964922
2947.131	0.1675608777438332
2947.2749999999996	0.16756669461801715
2947.419	0.1675692798954323
2947.5629999999996	0.16757315781155493
2947.707	0.16758414524056914
2947.8509999999997	0.16759190107281444
2947.9939999999997	0.16759319371152198
2948.138	0.1675951326695833
2948.2819999999997	0.16759901058570598
2948.426	0.16760288850182864
2948.5699999999997	0.1676067664179513
2948.7169999999996	0.16761193697278148
2948.8579999999997	0.1676216317630881
2949.0009999999997	0.16763068023404099
2949.1459999999997	0.16763261919210232
2949.2889999999998	0.1676332655114561
2949.433	0.1676384360662863
2949.5769999999998	0.16764813085659294
2949.721	0.16764813085659294
2949.865	0.16764813085659294
2950.009	0.16764813085659294
2950.152	0.16764813085659294
2950.296	0.16764813085659294
2950.44	0.1676384360662863
2950.584	0.1676332655114561
2950.7279999999996	0.1676332655114561
2950.872	0.1676332655114561
2951.0159999999996	0.16763132655339477
2951.1589999999997	0.16763132655339477
2951.303	0.1676216317630881
2951.448	0.16761193697278148
2951.593	0.1676067664179513
2951.741	0.16760288850182864
2951.883	0.16759901058570598
2952.027	0.16759384003087574
2952.1659999999997	0.16758414524056914
2952.31	0.16757315781155493
2952.4539999999997	0.1675692798954323
2952.598	0.16756669461801715
2952.7419999999997	0.1675608777438332
2952.886	0.16755506086964922
2953.0299999999997	0.16754795135675765
2953.173	0.16754795135675765
2953.3179999999998	0.16754795135675765
2953.461	0.16754795135675765
2953.6059999999998	0.16754795135675765
2953.75	0.16754795135675765
2953.893	0.16754795135675765
2954.0359999999996	0.16754795135675765
2954.18	0.16754795135675765
2954.3239999999996	0.16754795135675765
2954.468	0.16754795135675765
2954.6119999999996	0.16753954920515857
2954.756	0.1675285617761444
2954.8999999999996	0.1675149890697151
2955.0429999999997	0.16750852587617732
2955.187	0.16750787955682353
2955.3309999999997	0.16750335532134708
2955.475	0.16749624580845557
2955.6189999999997	0.1674936605310405
2955.763	0.16749042893427163
2955.9069999999997	0.16748461206008763
2956.051	0.16747879518590364
2956.194	0.16747556358913476
2956.3379999999997	0.16747491726978098
2956.482	0.16746716143753568
2956.6259999999997	0.16745617400852147
2956.769	0.1674503571343375
2956.9139999999998	0.1674451865795073
2957.057	0.1674393697053233
2957.201	0.16742450436018647
2957.345	0.16742450436018647
2957.489	0.16742450436018647
2957.633	0.16742450436018647
2957.778	0.16742450436018647
2957.9199999999996	0.16742450436018647
2958.064	0.16742450436018647
2958.2079999999996	0.16742450436018647
2958.352	0.16742450436018647
2958.4959999999996	0.16742450436018647
2958.64	0.16742450436018647
2958.7839999999997	0.16742450436018647
2958.9269999999997	0.16742450436018647
2959.071	0.16742450436018647
2959.2149999999997	0.16742450436018647
2959.359	0.16742450436018647
2959.5029999999997	0.16742450436018647
2959.647	0.16742450436018647
2959.7909999999997	0.16742450436018647
2959.9339999999997	0.16742450436018647
2960.078	0.16742450436018647
2960.2219999999998	0.16742450436018647
2960.366	0.16742450436018647
2960.5099999999998	0.16742450436018647
2960.654	0.16742450436018647
2960.798	0.16742450436018647
2960.942	0.16742450436018647
2961.085	0.16742450436018647
2961.229	0.16742450436018647
2961.373	0.16742450436018647
2961.517	0.16742450436018647
2961.6609999999996	0.16742450436018647
2961.805	0.16742450436018647
2961.948	0.16742450436018647
2962.0919999999996	0.16742450436018647
2962.236	0.16742450436018647
2962.3799999999997	0.16742450436018647
2962.524	0.16742450436018647
2962.6679999999997	0.16742450436018647
2962.8109999999997	0.16742450436018647
2962.955	0.16742450436018647
2963.0989999999997	0.16742450436018647
2963.243	0.16742450436018647
2963.3869999999997	0.16742450436018647
2963.531	0.16742450436018647
2963.676	0.16742450436018647
2963.819	0.16742450436018647
2963.9629999999997	0.16742450436018647
2964.107	0.16742450436018647
2964.2509999999997	0.16742450436018647
2964.395	0.16742450436018647
2964.5389999999998	0.16742450436018647
2964.683	0.16742450436018647
2964.826	0.16742450436018647
2964.97	0.16742450436018647
2965.114	0.16742450436018647
2965.258	0.16742450436018647
2965.402	0.16742450436018647
2965.5449999999996	0.16742450436018647
2965.69	0.16742450436018647
2965.834	0.16742450436018647
2965.977	0.16742450436018647
2966.1209999999996	0.16742450436018647
2966.265	0.16742450436018647
2966.4089999999997	0.16742450436018647
2966.5519999999997	0.16742450436018647
2966.6969999999997	0.16742450436018647
2966.843	0.16742450436018647
2966.984	0.16742450436018647
2967.1279999999997	0.16742450436018647
2967.2729999999997	0.16740963901504963
2967.417	0.16739024943443634
2967.5609999999997	0.16737150617317684
2967.703	0.16736827457640796
2967.8469999999998	0.16736633561834663
2967.991	0.1673637503409315
2968.1349999999998	0.16735470186997864
2968.279	0.16734177548290313
2968.423	0.16734177548290313
2968.567	0.16734177548290313
2968.711	0.16734177548290313
2968.854	0.16734177548290313
2968.998	0.1673346659700116
2969.142	0.1673346659700116
2969.2859999999996	0.16732884909582763
2969.43	0.1673210932635823
2969.5739999999996	0.1673159227087521
2969.7169999999996	0.1673126911119832
2969.861	0.16730299632167656
2970.0049999999997	0.16729330153136993
2970.149	0.16729006993460105
2970.2929999999997	0.16728619201847839
2970.4359999999997	0.16726292452174246
2970.5809999999997	0.16723513278953012
2970.7239999999997	0.16722479167986967
2970.868	0.16721251161214792
2971.0119999999997	0.16720410946054884
2971.156	0.16719570730894975
2971.2999999999997	0.16718148828316667
2971.444	0.16717114717350628
2971.587	0.167157574467077
2971.7309999999998	0.16710910051554378
2971.875	0.16706644343819457
2972.019	0.16704770017693507
2972.163	0.16702637163826045
2972.307	0.16701861580601518
2972.451	0.1670115062931236
2972.594	0.16700504309958583
2972.738	0.16699017775444902
2972.8819999999996	0.16697337345125085
2973.026	0.16696173970288286
2973.1699999999996	0.16695204491257623
2973.314	0.16694622803839224
2973.4579999999996	0.16693976484485445
2973.602	0.1669365332480856
2973.745	0.1669236068610101
2973.8889999999997	0.16690874151587326
2974.033	0.1669016320029817
2974.1769999999997	0.16688805929655243
2974.321	0.1668318295127739
2974.4649999999997	0.16677172181287273
2974.609	0.16675233223225944
2974.752	0.16675233223225944
2974.8959999999997	0.16672066258392443
2975.04	0.16662371468085804
2975.1839999999997	0.1665416321229285
2975.3269999999998	0.1665041456004095
2975.4719999999998	0.16645761060693762
2975.615	0.16642723359731015
2975.759	0.166404612419928
2975.9049999999997	0.16636777221676274
2976.047	0.16633545624907398
2976.191	0.16632770041682865
2976.335	0.16632188354264466
2976.4779999999996	0.16631606666846066
2976.622	0.16631412771039933
2976.7659999999996	0.16629538444913983
2976.91	0.16626371480080482
2977.0539999999996	0.16624497153954532
2977.198	0.16618357120093663
2977.3419999999996	0.16612410982038922
2977.486	0.1660691726753183
2977.629	0.16599032171415762
2977.7729999999997	0.1646104298938459
2977.917	0.15988260382097474
2978.0609999999997	0.15345366520896528
2978.205	0.1475805612412031
2978.3489999999997	0.14210882159213584
2978.4919999999997	0.13691629190389973
2978.636	0.1320365807828912
2978.7799999999997	0.12750588211292174
2978.924	0.12317166452650014
2979.0679999999998	0.11193863415787392
2979.212	0.10062352123131815
2979.3559999999998	0.09672815448611041
2979.499	0.09373763483618905
2979.643	0.0910689822244481
2979.787	0.08825878567423022
2979.931	0.08539752989506404
2980.075	0.08277218068002609
2980.219	0.0805882675836171
2980.3619999999996	0.07899896829268202
2980.506	0.07550561218552294
2980.6499999999996	0.07234381790685093
2980.794	0.07140471588581447
2980.9379999999996	0.07022970730064977
2981.082	0.06942310074713737
2981.227	0.06871732001281403
2981.37	0.06781505819494278
2981.5139999999997	0.06704529184459561
2981.6609999999996	0.0664028504069423
2981.8019999999997	0.06538812902151406
2981.946	0.06317319259612383
2982.0899999999997	0.061487591721476116
2982.234	0.060917538051445716
2982.377	0.06012256524630129
2982.5209999999997	0.05949822075055371
2982.665	0.05897534839334895
2982.8089999999997	0.05824112960745946
2982.953	0.057570896437593784
2983.096	0.05722059134784721
2983.241	0.05644888603943872
2983.384	0.054924218683881226
2983.528	0.05383387793406118
2983.672	0.0534273430605361
2983.816	0.052940018267789025
2983.96	0.05250439902334403
2984.1029999999996	0.052196751010946674
2984.248	0.05177341183422341
2984.3909999999996	0.051453483754104315
2984.535	0.05135265793491527
2984.6789999999996	0.05087761320988994
2984.825	0.04990813417922599
2984.9669999999996	0.049255351631912275
2985.111	0.048906339180873254
2985.254	0.04850174326540949
2985.3979999999997	0.04810554950154483
2985.542	0.04786511870194017
2985.6859999999997	0.04763696797005726
2985.83	0.04731251565446173
2985.9739999999997	0.04715222845472529
2986.118	0.04669528067160568
2986.261	0.04593973334704157
2986.4049999999997	0.04551962576708721
2986.549	0.045290828715850516
2986.6929999999998	0.0449418162648115
2986.836	0.04474339622320228
2986.9809999999998	0.04470720233939082
2987.124	0.04452106236550335
2987.268	0.04434914141739894
2987.412	0.04431747176906392
2987.556	0.043718980047467375
2987.7	0.04305003951630926
2987.844	0.042874240652082195
2987.9869999999996	0.0427049049813929
2988.131	0.042479339526925085
2988.2749999999996	0.0423442587819859
2988.419	0.0422557130305186
2988.5629999999996	0.0421212786049332
2988.707	0.042050829795371614
2988.8509999999997	0.041940309185875935
2988.995	0.04149176355435541
2989.138	0.04107294861310859
2989.2819999999997	0.04097018383585821
2989.426	0.04090102766500418
2989.5699999999997	0.04080472608129157
2989.714	0.04067158429441371
2989.8579999999997	0.040607598678389895
2990.002	0.040567526878455794
2990.145	0.04049061487535645
2990.2889999999998	0.040344546701403076
2990.433	0.04004917875672746
2990.5769999999998	0.03971180005405642
2990.72	0.03947718612863574
2990.865	0.03931108205471532
2991.008	0.0392147804710027
2991.152	0.03917664762912992
2991.296	0.03907194389381821
2991.44	0.038869645936086335
2991.584	0.03869513971056683
2991.7279999999996	0.038569753755934286
2991.8709999999996	0.0382065222791122
2992.015	0.037750220815346375
2992.1589999999997	0.03758347042207218
2992.303	0.03747618140934537
2992.4469999999997	0.037319772125731586
2992.591	0.03725707914841531
2992.7349999999997	0.03717628922919332
2992.8779999999997	0.03701018515527289
2993.022	0.036878982326456373
2993.1659999999997	0.03683503261039961
2993.31	0.03643625356911985
2993.4539999999997	0.036017438627873016
2993.5989999999997	0.035952160373141646
2993.7419999999997	0.0358998085054858
2993.888	0.03582742073786289
2994.029	0.03570138846387658
2994.173	0.03557794146730536
2994.317	0.035389216216002786
2994.461	0.035224404780789906
2994.605	0.03511517681000177
2994.749	0.03484695427818475
2994.893	0.03463496153014624
2995.0359999999996	0.03458002438507528
2995.18	0.03443072461435304
2995.3239999999996	0.03430986289519693
2995.468	0.03428336380169211
2995.611	0.03417801374702663
2995.756	0.03405909098593185
2995.899	0.03393887558612953
2996.0429999999997	0.03383287921211027
2996.187	0.03356982723512345
2996.3309999999997	0.03325248443241945
2996.475	0.033174279790612556
2996.622	0.03303338217148939
2996.7619999999997	0.032892484552366236
2996.906	0.0328530590717859
2997.0499999999997	0.032739306865521345
2997.194	0.03262296938184167
2997.3379999999997	0.03249758342720913
2997.482	0.03237995330482191
2997.6259999999997	0.032307565537199
2997.769	0.03226103054372713
2997.913	0.03221708082767036
2998.057	0.03217765534709003
2998.201	0.032133705631033266
2998.345	0.032018660786061144
2998.489	0.03194239510231558
2998.634	0.031924298160409856
2998.778	0.03190103066367392
2998.921	0.03180537539931508
2999.065	0.03161471118995116
2999.209	0.03149966634497904
2999.3529999999996	0.03142275434187971
2999.4959999999996	0.03132322116139821
2999.64	0.03123144381316202
2999.7839999999997	0.03114160542298716
2999.928	0.03104401120056699
3000.0719999999997	0.030947063297500604
3000.216	0.030857224907325738
3000.3599999999997	0.030757045407490465
3000.504	0.030610977233537104
3000.647	0.0304280688564185
3000.7909999999997	0.030320133524337916
3000.935	0.0302425752018848
3001.0789999999997	0.030132700911742888
3001.223	0.03003769196673782
3001.3669999999997	0.02998921801520462
3001.511	0.02996595051846869
3001.654	0.02986770997669474
3001.798	0.029757835686552832
3001.942	0.029712593331788512
3002.086	0.029680277364099714
3002.23	0.02964731507705714
3002.374	0.029591085293278634
3002.518	0.02955876932558983
3002.6609999999996	0.02952903863531614
3002.805	0.029495430028919786
3002.951	0.02948185732249049
3003.0969999999998	0.029316399567923847
3003.2369999999996	0.0291160405682533
3003.381	0.02906174974253612
3003.5249999999996	0.02901909266518691
3003.6679999999997	0.028937010107257362
3003.812	0.028816148388101252
3003.9559999999997	0.028681067643162073
3004.1	0.02857442494978904
3004.2439999999997	0.02851819516601053
3004.388	0.028500744543458578
3004.531	0.028456148508048038
3004.6749999999997	0.02831654352763243
3004.819	0.028165951118202633
3004.9629999999997	0.02809227071187217
3005.107	0.02800631023781997
3005.2509999999997	0.02792745927665931
3005.395	0.027855717828390174
3005.5389999999998	0.02777104999304552
3005.6839999999997	0.027739380344710497
3005.826	0.02772516131892743
3005.971	0.027702540141545273
3006.115	0.027687674796408428
3006.258	0.027679918964163115
3006.401	0.027662468341611162
3006.547	0.027619811264261947
3006.689	0.02755194773211547
3006.8329999999996	0.027486023158030323
3006.977	0.02744853663551132
3007.123	0.027433671290374474
3007.265	0.0274194522645914
3007.4089999999997	0.02740458691945455
3007.5539999999996	0.027361283522751564
3007.698	0.027321211722817457
3007.8419999999996	0.027296651587373967
3007.986	0.027272737771284257
3008.1319999999996	0.027266920897100273
3008.272	0.02725787242614741
3008.419	0.027243007081010566
3008.564	0.027231373332642597
3008.7039999999997	0.027228141735873717
3008.8509999999997	0.02722620277781239
3008.993	0.02721456902944442
3009.138	0.027191947852062262
3009.2819999999997	0.02717902146498674
3009.4249999999997	0.027173850910156533
3009.569	0.027169326674680104
3009.712	0.02715833924566591
3009.854	0.027145412858590394
3009.998	0.027139595984406406
3010.142	0.027133779110222425
3010.2859999999996	0.02713119383280732
3010.43	0.02712990119409977
3010.573	0.027118913765085576
3010.7169999999996	0.027107926336071383
3010.861	0.027104694739302507
3011.0049999999997	0.027098231545764746
3011.149	0.02708918307481188
3011.2929999999997	0.027074317729675036
3011.437	0.027056867107123087
3011.58	0.027045879678108894
3011.7239999999997	0.027040709123278682
3011.873	0.02703683120715603
3012.0119999999997	0.02702455113943429
3012.156	0.027007746836236114
3012.299	0.026998698365283246
3012.4429999999998	0.026989003574976606
3012.587	0.026979955104023744
3012.7309999999998	0.026971552952424656
3012.875	0.02695087073310383
3013.019	0.026937298026674536
3013.163	0.026934066429905652
3013.307	0.026924371639599015
3013.45	0.0269140305299386
3013.594	0.026901750462216857
3013.738	0.026888824075141336
3013.8819999999996	0.026884299839664904
3014.026	0.026881068242896024
3014.169	0.026858447065513866
3014.314	0.026835825888131708
3014.4579999999996	0.026821606862348635
3014.6009999999997	0.0268009246430278
3014.745	0.02678412033982963
3014.8889999999997	0.026760852843093694
3015.033	0.02672336632057469
3015.1769999999997	0.026677477646456595
3015.3199999999997	0.026650332233598004
3015.464	0.02664451535941402
3015.6079999999997	0.026626418417508298
3015.752	0.02660379724012614
3015.8959999999997	0.026588931894989287
3016.04	0.026579883424036426
3016.185	0.026577298146621322
3016.3289999999997	0.026576651827267546
3016.4719999999998	0.02655467696923916
3016.616	0.02653076315314945
3016.7599999999998	0.02652623891767302
3016.904	0.026522361001550365
3017.048	0.0265133125305975
3017.191	0.026505556698352188
3017.336	0.02650038614352198
3017.48	0.026479703924201146
3017.623	0.026464192259710525
3017.767	0.026462899621002976
3017.9109999999996	0.02645385115005011
3018.055	0.026440278443620818
3018.1989999999996	0.026414425669469783
3018.3419999999996	0.02638081706307343
3018.486	0.02636724435664413
3018.6299999999997	0.026366598037290356
3018.774	0.026365951717936584
3018.9179999999997	0.02636336644052148
3019.062	0.026356903246983716
3019.2059999999997	0.026352379011507283
3019.3489999999997	0.02634979373409218
3019.493	0.026344623179261978
3019.6369999999997	0.026336867347016665
3019.781	0.026330404153478905
3019.9249999999997	0.02632135568252604
3020.069	0.026311014572865624
3020.212	0.02629808818579011
3020.357	0.026224407779459648
3020.5	0.026156544247313174
3020.644	0.02614684945700653
3020.788	0.026091265992581797
3020.932	0.0260266340572042
3021.078	0.025980745383086104
3021.22	0.025935503028321788
3021.363	0.025896723867095232
3021.5069999999996	0.025861176302637554
3021.651	0.025795251728552408
3021.7949999999996	0.025725449238344602
3021.9379999999996	0.025676328967457633
3022.0829999999996	0.025633671890108418
3022.227	0.025600063283712067
3022.3709999999996	0.025558698845070407
3022.5139999999997	0.02551281017095231
3022.658	0.025473384690371977
3022.8019999999997	0.025457873025881355
3022.946	0.025437190806560525
3023.089	0.02540746011628683
3023.234	0.025377729426013136
3023.377	0.025360278803461186
3023.5209999999997	0.02535640088733853
3023.665	0.025340242903494133
3023.8089999999997	0.02532085332288085
3023.953	0.025315036448696867
3024.0969999999998	0.025283366800361844
3024.241	0.02522455173916823
3024.384	0.0251851262585879
3024.528	0.025154102929606653
3024.672	0.025129542794163167
3024.816	0.0251043363393659
3024.96	0.025081715161983743
3025.104	0.025071374052323334
3025.247	0.02502677801691279
3025.3909999999996	0.024958268165412537
3025.535	0.0249188426848322
3025.6789999999996	0.02490656261711046
3025.823	0.024869076094591457
3025.9669999999996	0.024835467488195106
3026.111	0.0248167242269356
3026.254	0.024794103049553443
3026.3979999999997	0.024772128191525057
3026.542	0.024752738610911783
3026.689	0.024748860694789127
3026.83	0.0247469217367278
3026.9739999999997	0.024742397501251366
3027.118	0.024722361601284312
3027.261	0.024705557298086135
3027.4049999999997	0.02470167938196348
3027.549	0.024689399314241738
3027.6929999999998	0.02464092536270854
3027.837	0.024595683007944222
3027.98	0.024569183914439408
3028.125	0.024525234198382644
3028.268	0.02449873510487783
3028.412	0.024491625591986293
3028.556	0.024484516079094756
3028.7	0.024476760246849444
3028.844	0.024463833859773926
3028.988	0.024430225253377576
3029.131	0.024326814156773423
3029.2749999999996	0.024240207363367443
3029.419	0.024206598756971093
3029.5629999999996	0.024180745982820055
3029.707	0.024178807024758726
3029.8509999999997	0.02416200272156055
3029.995	0.02413938154417839
3030.1409999999996	0.02413033307322553
3030.2819999999997	0.02409672446682918
3030.426	0.0240611769023715
3030.5699999999997	0.02405536002818752
3030.714	0.02405342107012619
3030.8579999999997	0.024052774750772415
3031.0009999999997	0.024041141002404447
3031.1459999999997	0.024019166144376065
3031.2889999999998	0.024003008160531664
3031.433	0.023987496496041046
3031.5769999999998	0.023966814276720212
3031.721	0.023942900460630502
3031.865	0.023926096157432325
3032.009	0.023920279283248344
3032.152	0.02390476761875772
3032.296	0.023882792760729334
3032.44	0.02387115901236137
3032.584	0.02386275686076228
3032.7279999999996	0.023844659918856558
3032.872	0.023825916657597052
3033.0159999999996	0.023807173396337547
3033.1589999999997	0.02379101541249315
3033.303	0.023787137496370493
3033.4469999999997	0.023736078267422193
3033.5919999999996	0.023659166264322854
3033.736	0.023625557657926503
3033.8799999999997	0.023608107035374554
3034.0229999999997	0.023586132177346168
3034.167	0.023573852109624427
3034.3109999999997	0.023553169890303594
3034.455	0.02351568336778459
3034.5989999999997	0.023494354829109984
3034.743	0.023482074761388243
3034.8869999999997	0.02346333150012874
3035.031	0.023438125045331475
3035.174	0.023380602622845414
3035.319	0.023322433881005578
3035.462	0.023303690619746076
3035.607	0.023283008400425242
3035.75	0.023260387223043084
3035.895	0.02323324181018449
3036.0389999999998	0.023202864800557024
3036.181	0.02317378042963711
3036.325	0.023145342378070963
3036.469	0.023133708629702997
3036.613	0.023087173636231126
3036.7569999999996	0.023042577600820586
3036.8999999999996	0.0230367607266366
3037.0449999999996	0.023017371146023327
3037.189	0.022999274204117598
3037.332	0.022988286775103405
3037.4759999999997	0.02296178768159859
3037.62	0.022937227546155105
3037.7639999999997	0.022925593797787136
3037.908	0.022916545326834275
3038.051	0.022903618939758758
3038.1949999999997	0.02289198519139079
3038.339	0.0228861683172068
3038.4829999999997	0.022882290401084145
3038.627	0.022877119846253936
3038.77	0.022848681794687797
3038.915	0.02282089006247543
3039.0609999999997	0.02279697624638572
3039.2019999999998	0.02277176979158846
3039.346	0.022764660278696926
3039.49	0.02276078236257427
3039.634	0.022753026530328957
3039.778	0.02274074646260721
3039.921	0.02272329584005526
3040.066	0.022711662091687294
3040.209	0.022709723133625966
3040.3529999999996	0.022700674662673104
3040.497	0.022692272511074016
3040.6409999999996	0.022687748275597584
3040.785	0.02267611452722962
3040.928	0.022667066056276754
3041.0719999999997	0.02265801758532389
3041.216	0.022643152240187044
3041.3619999999996	0.02262957953375775
3041.504	0.0226147141886209
3041.6499999999996	0.022603080440252932
3041.7909999999997	0.022600495162837828
3041.9359999999997	0.022600495162837828
3042.0809999999997	0.022597263566068948
3042.223	0.02258304454028588
3042.3669999999997	0.02257141079191791
3042.513	0.022566886556441478
3042.6549999999997	0.022561069682257497
3042.799	0.022556545446781064
3042.942	0.02255137489195086
3043.086	0.022541680101644215
3043.23	0.02253263163069135
3043.374	0.022528753714568698
3043.519	0.02250225462106388
3043.662	0.022470584972728858
3043.806	0.02246282914048355
3043.9489999999996	0.02246089018242222
3044.093	0.02244990275340803
3044.2369999999996	0.022415647827657904
3044.381	0.022387209776091762
3044.527	0.022381392901907778
3044.669	0.022375576027723797
3044.812	0.022338735824558566
3044.9559999999997	0.02230124930203956
3045.1	0.022292200831086694
3045.2439999999997	0.022283798679487606
3045.388	0.022258592224690343
3045.5319999999997	0.022230154173124204
3045.676	0.022173924389345692
3045.8199999999997	0.022115755647505855
3045.9629999999997	0.02209765870560013
3046.107	0.022073098570156643
3046.2509999999997	0.02201686878637813
3046.395	0.021958700044538298
3046.538	0.021916689286542862
3046.6839999999997	0.021871446931778542
3046.826	0.021846886796335056
3046.97	0.021828143535075555
3047.114	0.021811339231877377
3047.258	0.021682721680475962
3047.402	0.021536653506522598
3047.546	0.02149916698400359
3047.689	0.021473314209852552
3047.8329999999996	0.02143324240991844
3047.977	0.021397694845460762
3048.124	0.02139381692933811
3048.2659999999996	0.021375073668078608
3048.4089999999997	0.021341465061682253
3048.553	0.021311734371408562
3048.6969999999997	0.021289759513380177
3048.8399999999997	0.021278125765012208
3048.984	0.021271662571474455
3049.1279999999997	0.02125098035215362
3049.272	0.021230298132832788
3049.417	0.021203799039327974
3049.5589999999997	0.02116695883616275
3049.7039999999997	0.02114821557490324
3049.8469999999998	0.021114606968506894
3049.991	0.021071949891157682
3050.1349999999998	0.021036402326700003
3050.279	0.02101119587190274
3050.423	0.020989867333228135
3050.567	0.02096789247519975
3050.71	0.020953673449416677
3050.854	0.020940100742987383
3051.002	0.020932344910742074
3051.143	0.020918125884958998
3051.287	0.02089679734628439
3051.431	0.020879346723732442
3051.575	0.02087029825277958
3051.718	0.020868359294718253
3051.8619999999996	0.020866420336656925
3052.006	0.02081730006576995
3052.1499999999996	0.020744265978793267
3052.294	0.020712596330458244
3052.437	0.020691914111137417
3052.582	0.020669939253109032
3052.725	0.020653134949910855
3052.8689999999997	0.020635684327358905
3053.013	0.020617587385453176
3053.1569999999997	0.020603368359670103
3053.301	0.020594966208071018
3053.444	0.02057234503068886
3053.5879999999997	0.020550370172660478
3053.732	0.020543906979122718
3053.8759999999997	0.020525163717863216
3054.02	0.020492201430820645
3054.1639999999998	0.0204637633792545
3054.308	0.02045212963088653
3054.4519999999998	0.020448898034117653
3054.595	0.020443727479287445
3054.739	0.02043984956316479
3054.883	0.020434032688980808
3055.027	0.02041076519224487
3055.171	0.02038685137615516
3055.315	0.02036875443424943
3055.459	0.02035453540846636
3055.6029999999996	0.02035065749234371
3055.7459999999996	0.02034742589557483
3055.89	0.0203454869375135
3056.0339999999997	0.020339670063329512
3056.178	0.02033385318914553
3056.323	0.02033062159237665
3056.466	0.020326743676253995
3056.609	0.020322219440777563
3056.7529999999997	0.020320280482716238
3056.8999999999996	0.02030993937305582
3057.0409999999997	0.02029895194404163
3057.185	0.020296366666626525
3057.328	0.02029248875050387
3057.473	0.020286671876319887
3057.616	0.020281501321489682
3057.7599999999998	0.0202782697247208
3057.904	0.020269221253767934
3058.048	0.02026146542152262
3058.192	0.020258880144107518
3058.336	0.020255002227984865
3058.479	0.020253063269923537
3058.623	0.020251124311862212
3058.767	0.020247246395739556
3058.912	0.020243368479616896
3059.0539999999996	0.02023819792478669
3059.1989999999996	0.02023496632801781
3059.343	0.020229149453833827
3059.486	0.020222039940942287
3059.631	0.020220747302234734
3059.774	0.020218162024819634
3059.9179999999997	0.020215576747404533
3060.062	0.02020975987322055
3060.2059999999997	0.020203942999036564
3060.3489999999997	0.020202650360329012
3060.493	0.020197479805498804
3060.6369999999997	0.020192309250668596
3060.781	0.02018843133454594
3060.926	0.020184553418423283
3061.0699999999997	0.020181321821654406
3061.212	0.020175504947470422
3061.357	0.02017098071199399
3061.5	0.020168395434578885
3061.644	0.02016451751845623
3061.788	0.02016128592168735
3061.932	0.020156115366857144
3062.076	0.02015029849267316
3062.219	0.02014835953461183
3062.364	0.020146420576550503
3062.5069999999996	0.020144481618489175
3062.651	0.020144481618489175
3062.7949999999996	0.020142542660427847
3062.939	0.020139311063658967
3063.0829999999996	0.02013737210559764
3063.227	0.02013543314753631
3063.3709999999996	0.020133494189474983
3063.5139999999997	0.020131555231413654
3063.658	0.020127677315291
3063.8019999999997	0.020123799399168342
3063.9469999999997	0.020118628844338134
3064.0899999999997	0.02011345828950793
3064.2329999999997	0.020112165650800377
3064.377	0.020101824541139963
3064.5209999999997	0.020091483431479547
3064.665	0.020090190792771995
3064.8089999999997	0.02008889815406444
3064.9519999999998	0.020085020237941786
3065.096	0.020079849683111578
3065.24	0.020075971766988922
3065.384	0.02006239906055963
3065.528	0.020049472673484107
3065.672	0.020046887396069003
3065.816	0.020035253647701035
3065.96	0.020022327260625517
3066.1029999999996	0.020017156705795312
3066.249	0.020002291360658463
3066.3909999999996	0.019988718654229166
3066.535	0.01998548705746029
3066.6789999999996	0.019984194418752738
3066.823	0.019979670183276305
3066.9669999999996	0.019975145947799873
3067.111	0.01996286588007813
3067.254	0.01994993949300261
3067.3979999999997	0.01994347629946485
3067.542	0.019929257273681777
3067.6859999999997	0.019920208802728913
3067.8289999999997	0.019908575054360948
3067.973	0.0198937097092241
3068.1169999999997	0.01988595387697879
3068.261	0.019870442212488168
3068.4049999999997	0.01985040631252111
3068.5499999999997	0.019833602009322937
3068.694	0.0198239072190163
3068.837	0.019812919790002107
3068.982	0.019794176528742602
3069.125	0.01978512805778974
3069.269	0.01978060382231331
3069.413	0.019771555351360444
3069.557	0.01976444583846891
3069.701	0.019761860561053807
3069.845	0.019741824661086753
3069.988	0.01972114244176592
3070.1319999999996	0.019700460222445086
3070.276	0.019662973699926083
3070.4199999999996	0.019585415377472964
3070.564	0.019495576987298112
3070.7079999999996	0.019441932480934704
3070.8509999999997	0.019401214361646817
3070.995	0.019374715268142002
3071.14	0.019329472913377686
3071.283	0.019291340071504903
3071.4269999999997	0.01926484097800009
3071.571	0.01923123237160374
3071.718	0.019215720707113117
3071.859	0.01920085536197627
3072.0029999999997	0.01917888050394789
3072.1459999999997	0.019160137242688384
3072.29	0.019132345510476018
3072.4339999999997	0.019100675862140995
3072.578	0.01908581051700415
3072.7219999999998	0.01906189670091444
3072.866	0.019034751288055846
3073.009	0.018980460462338665
3073.153	0.018917121165668627
3073.297	0.018897731585055345
3073.441	0.018890622072163805
3073.585	0.018879634643149616
3073.7279999999996	0.018850550272229698
3073.872	0.018820173262602227
3074.0159999999996	0.018802076320696505
3074.16	0.01878139410137567
3074.3039999999996	0.018770406672361482
3074.448	0.018755541327224637
3074.5919999999996	0.018740029662734012
3074.736	0.018734859107903803
3074.879	0.01872710327565849
3075.0229999999997	0.018712237930521645
3075.167	0.018683153559601727
3075.312	0.01865019127255915
3075.455	0.018632740650007196
3075.5989999999997	0.018621753220993006
3075.743	0.018612704750040145
3075.886	0.0185816814210589
3076.0299999999997	0.018545487537247447
3076.174	0.01853708538564836
3076.3179999999998	0.018533207469525702
3076.462	0.018513171569558645
3076.605	0.018488611434115163
3076.75	0.01847568504703964
3076.893	0.018453710189011256
3077.038	0.018428503734213994
3077.182	0.01840200464070918
3077.325	0.018335433747270258
3077.469	0.018225559457128344
3077.6119999999996	0.01815575696692054
3077.756	0.018143476899198797
3077.8999999999996	0.018132489470184605
3078.044	0.018118270444401535
3078.1879999999996	0.01811245357021755
3078.332	0.018110514612156223
3078.4759999999997	0.018095002947665598
3078.62	0.018079491283174976
3078.763	0.018073674408990992
3078.9069999999997	0.018068503854160787
3079.051	0.018058162744500374
3079.1949999999997	0.01804265108000975
3079.339	0.01801938358327381
3079.4829999999997	0.017991591851061445
3079.627	0.017977372825278372
3079.77	0.017972202270448167
3079.9139999999998	0.017967678034971735
3080.058	0.017957336925311318
3080.2019999999998	0.01794634949629713
3080.345	0.01794117894146692
3080.49	0.01793794734469804
3080.634	0.017930837831806504
3080.777	0.017925020957622523
3080.921	0.01791920408343854
3081.065	0.017907570335070573
3081.209	0.017897875544763932
3081.3529999999996	0.017890766031872396
3081.4959999999996	0.017878485964150655
3081.6409999999996	0.017865559577075134
3081.7839999999997	0.0178610353415987
3081.928	0.017858450064183597
3082.0719999999997	0.017852633189999613
3082.216	0.017847462635169405
3082.3599999999997	0.01783906048357032
3082.5029999999997	0.017831950970678783
3082.6479999999997	0.017822256180372142
3082.7909999999997	0.017811915070711726
3082.935	0.0178099761126504
3083.0789999999997	0.017808037154589073
3083.223	0.017806098196527745
3083.3669999999997	0.01779769604492866
3083.511	0.01778800125462202
3083.654	0.017762794799824757
3083.798	0.017736295706319943
3083.942	0.017729186193428406
3084.086	0.01772530827730575
3084.23	0.017722722999890646
3084.3759999999997	0.017718198764414213
3084.517	0.017714967167645333
3084.662	0.017714320848291557
3084.805	0.017713028209584005
3084.9489999999996	0.017709796612815125
3085.093	0.01770591869669247
3085.2369999999996	0.01769945550315471
3085.3799999999997	0.0176891143934943
3085.5249999999996	0.017680065922541434
3085.669	0.017675541687064998
3085.812	0.017668432174173465
3085.957	0.017658737383866828
3086.1009999999997	0.017652274190329068
3086.245	0.0176406404419611
3086.388	0.017630299332300682
3086.533	0.01762642141617803
3086.68	0.01761995822264027
3086.821	0.017616080306517613
3086.964	0.017609617112979852
3087.1079999999997	0.017603153919442092
3087.2529999999997	0.017602507600088316
3087.3959999999997	0.01759992232267321
3087.54	0.017590873851720347
3087.6839999999997	0.017579886422706158
3087.828	0.01756308211950798
3087.9719999999998	0.017550155732432463
3088.115	0.017549509413078687
3088.2599999999998	0.01754563149695603
3088.404	0.017529473513111633
3088.547	0.017504913377668144
3088.691	0.017478414284163333
3088.836	0.017455793106781175
3088.979	0.017437049845521673
3089.123	0.01742153818103105
3089.267	0.01741442866813951
3089.41	0.01740796547460175
3089.5539999999996	0.017394392768172458
3089.701	0.017382112700450713
3089.845	0.01734785777470059
3089.989	0.017303261739290046
3090.133	0.017280640561907888
3090.277	0.017265775216771043
3090.422	0.017236044526497345
3090.5629999999996	0.01720825279428498
3090.705	0.017202435920100997
3090.8509999999997	0.017187570574964152
3090.993	0.01717464418788863
3091.136	0.017168827313704647
3091.2799999999997	0.017153961968567798
3091.4249999999997	0.01713715766536962
3091.5699999999997	0.01712617023635543
3091.7129999999997	0.017121646000879003
3091.857	0.017100963781558173
3091.999	0.017073818368699582
3092.144	0.01704796559454854
3092.287	0.017026637055873935
3092.432	0.017018881223628622
3092.575	0.017013710668798417
3092.718	0.017011125391383313
3092.864	0.017007247475260657
3093.006	0.01699884532366157
3093.153	0.016989150533354928
3093.297	0.0169846262978785
3093.441	0.016975577826925638
3093.584	0.016947139775359492
3093.725	0.016922579639916006
3093.872	0.01691547012702447
3094.013	0.0169038363786565
3094.156	0.016892202630288535
3094.301	0.016883800478689447
3094.444	0.016873459369029033
3094.5879999999997	0.016866996175491273
3094.732	0.01686247194001484
3094.8759999999997	0.016855362427123308
3095.02	0.016842436040047787
3095.163	0.016818522223958073
3095.308	0.016804303198175004
3095.451	0.016802364240113676
3095.595	0.016794608407868363
3095.739	0.016788145214330606
3095.883	0.01678426729820795
3096.027	0.016773279869193757
3096.171	0.016764231398240893
3096.314	0.016762292440179564
3096.4579999999996	0.016756475565995584
3096.602	0.01674742709504272
3096.7459999999996	0.016739671262797406
3096.89	0.016730622791844542
3097.0339999999997	0.01672480591766056
3097.178	0.01671898904347658
3097.321	0.016711233211231268
3097.4649999999997	0.016701538420924623
3097.609	0.01668861203384911
3097.7529999999997	0.01667697828548114
3097.897	0.016667929814528273
3098.0409999999997	0.016660173982282964
3098.185	0.016648540233914995
3098.3289999999997	0.016641430721023462
3098.4719999999998	0.01663819912425458
3098.616	0.016633028569424373
3098.7599999999998	0.016630443292009273
3098.904	0.016623980098471512
3099.048	0.016618163224287528
3099.192	0.016616870585579976
3099.336	0.016608468433980887
3099.479	0.01659360308884404
3099.623	0.01658584725659873
3099.767	0.01656839663404678
3099.9109999999996	0.016549653372787274
3100.055	0.016546421776018394
3100.1989999999996	0.01653931226312686
3100.343	0.016530263792173996
3100.486	0.016524446917990016
3100.6299999999997	0.01651992268251358
3100.774	0.016517337405098476
3100.919	0.016516044766390924
3101.0629999999996	0.01651087421156072
3101.2059999999997	0.016506349976084286
3101.35	0.016504411018022955
3101.493	0.016503118379315403
3101.6369999999997	0.01649924046319275
3101.781	0.01649342358900877
3101.93	0.016489545672886113
3102.069	0.016487606714824785
3102.214	0.016484375118055904
3102.3579999999997	0.016480497201933248
3102.5	0.01647855824387192
3102.644	0.016476619285810592
3102.788	0.016472741369687932
3102.933	0.01646692449550395
3103.076	0.01646433921808885
3103.22	0.01646110762131997
3103.363	0.016457876024551094
3103.508	0.016452705469720885
3103.652	0.016445595956829345
3103.797	0.016439132763291585
3103.94	0.016430730611692496
3104.084	0.01642426741815474
3104.2279999999996	0.016413926308494323
3104.372	0.016403585198833906
3104.5159999999996	0.01639389040852727
3104.6589999999997	0.016383549298866852
3104.803	0.016379671382744196
3104.9469999999997	0.016379025063390423
3105.0899999999997	0.01637773242468287
3105.2349999999997	0.016371915550498887
3105.3779999999997	0.01635705020536204
3105.522	0.01634089222151764
3105.6659999999997	0.01633442902797988
3105.81	0.016330551111857224
3105.9539999999997	0.016311807850597722
3106.0969999999998	0.016290479311923116
3106.2419999999997	0.016282723479677803
3106.3849999999998	0.016274321328078715
3106.529	0.016265272857125854
3106.673	0.01625945598294187
3106.817	0.016242651679743696
3106.961	0.016219384183007758
3107.107	0.01620645779593224
3107.248	0.016202579879809585
3107.392	0.016197409324979376
3107.5359999999996	0.016183190299196303
3107.68	0.016171556550828338
3107.8239999999996	0.016168971273413234
3107.968	0.016156044886337716
3108.1119999999996	0.016128253154125347
3108.256	0.016109509892865845
3108.399	0.016085596076776135
3108.5429999999997	0.016039707402658043
3108.687	0.015977014425341773
3108.8309999999997	0.01593564998670011
3108.975	0.015931772070577454
3109.1189999999997	0.0159117361706104
3109.2619999999997	0.015865201177138532
3109.406	0.015865201177138532
3109.5499999999997	0.015865201177138532
3109.694	0.015865201177138532
3109.8379999999997	0.015865201177138532
3109.9809999999998	0.015865201177138532
3110.1259999999997	0.015865201177138532
3110.269	0.015865201177138532
3110.413	0.015865201177138532
3110.557	0.015865201177138532
3110.701	0.015865201177138532
3110.845	0.015865201177138532
3110.989	0.015865201177138532
3111.1319999999996	0.015865201177138532
3111.276	0.015865201177138532
3111.423	0.015865201177138532
3111.564	0.015865201177138532
3111.7079999999996	0.015865201177138532
3111.852	0.015865201177138532
3111.9959999999996	0.015865201177138532
3112.1389999999997	0.015865201177138532
3112.283	0.015865201177138532
3112.4269999999997	0.015865201177138532
3112.571	0.015865201177138532
3112.7149999999997	0.015865201177138532
3112.859	0.015865201177138532
3113.0029999999997	0.015865201177138532
3113.1459999999997	0.015865201177138532
3113.29	0.015865201177138532
3113.4339999999997	0.015865201177138532
3113.578	0.015865201177138532
3113.7219999999998	0.015865201177138532
3113.865	0.015865201177138532
3114.0099999999998	0.015865201177138532
3114.153	0.015865201177138532
3114.297	0.015865201177138532
3114.441	0.015865201177138532
3114.585	0.015865201177138532
3114.729	0.015865201177138532
3114.872	0.015865201177138532
3115.017	0.015865201177138532
3115.16	0.015865201177138532
3115.3039999999996	0.015865201177138532
3115.448	0.015865201177138532
3115.5919999999996	0.015865201177138532
3115.736	0.015865201177138532
3115.8799999999997	0.015865201177138532
3116.0229999999997	0.015865201177138532
3116.167	0.015865201177138532
3116.3109999999997	0.015865201177138532
3116.455	0.015865201177138532
3116.5989999999997	0.015865201177138532
3116.7459999999996	0.015865201177138532
3116.8869999999997	0.015865201177138532
3117.031	0.015865201177138532
3117.174	0.015865201177138532
3117.3179999999998	0.015865201177138532
3117.462	0.015865201177138532
3117.6059999999998	0.015865201177138532
3117.7509999999997	0.015865201177138532
3117.894	0.015865201177138532
3118.038	0.015865201177138532
3118.182	0.015865201177138532
3118.3269999999998	0.015865201177138532
3118.469	0.015865201177138532
3118.613	0.015865201177138532
3118.7569999999996	0.015865201177138532
3118.901	0.015865201177138532
3119.044	0.015865201177138532
3119.1879999999996	0.015865201177138532
3119.332	0.015865201177138532
3119.4759999999997	0.015865201177138532
3119.62	0.015865201177138532
3119.7639999999997	0.015865201177138532
3119.9069999999997	0.015865201177138532
3120.051	0.015865201177138532
3120.1949999999997	0.015865201177138532
3120.339	0.015865201177138532
3120.4849999999997	0.015865201177138532
3120.627	0.015865201177138532
3120.7709999999997	0.015865201177138532
3120.9139999999998	0.015865201177138532
3121.0589999999997	0.015865201177138532
3121.203	0.015865201177138532
3121.3469999999998	0.015865201177138532
3121.491	0.015865201177138532
3121.6349999999998	0.015865201177138532
3121.779	0.015865201177138532
3121.922	0.015865201177138532
3122.066	0.015865201177138532
3122.21	0.015865201177138532
3122.354	0.015865201177138532
3122.498	0.015865201177138532
3122.6409999999996	0.015865201177138532
3122.7859999999996	0.015865201177138532
3122.9289999999996	0.015865201177138532
3123.073	0.015865201177138532
3123.2169999999996	0.015865201177138532
3123.361	0.015865201177138532
3123.5049999999997	0.015865201177138532
3123.6479999999997	0.015865201177138532
3123.7929999999997	0.015865201177138532
3123.9359999999997	0.015865201177138532
3124.08	0.015865201177138532
3124.2239999999997	0.015865201177138532
3124.368	0.015865201177138532
3124.5119999999997	0.015865201177138532
3124.656	0.015865201177138532
3124.799	0.015865201177138532
3124.9429999999998	0.015865201177138532
3125.087	0.015865201177138532
3125.2309999999998	0.015865201177138532
3125.375	0.015865201177138532
3125.519	0.015865201177138532
3125.663	0.015865201177138532
3125.806	0.015865201177138532
3125.95	0.015865201177138532
3126.094	0.015865201177138532
3126.238	0.015865201177138532
3126.3819999999996	0.015865201177138532
3126.526	0.015865201177138532
3126.6699999999996	0.015865201177138532
3126.814	0.015865201177138532
3126.957	0.015865201177138532
3127.1009999999997	0.015865201177138532
3127.245	0.015865201177138532
3127.3889999999997	0.015865201177138532
3127.5319999999997	0.015829653612680857
3127.676	0.015829653612680857
3127.8199999999997	0.015803800838529815
3127.964	0.015786350215977865
3128.1079999999997	0.015786350215977865
3128.252	0.015773423828902344
3128.3959999999997	0.015754680567642843
3128.54	0.015746278416043754
3128.683	0.015746278416043754
3128.8269999999998	0.015746278416043754
3128.971	0.01574110786121355
3129.115	0.015713962448354955
3129.259	0.015713962448354955
3129.403	0.01568746335485014
3129.549	0.015670659051651967
3129.69	0.015670659051651967
3129.834	0.015670659051651967
3129.9779999999996	0.01565450106780757
3130.122	0.01565450106780757
3130.2659999999996	0.01564674523556226
3130.41	0.0156402820420245
3130.553	0.015629294613010304
3130.6969999999997	0.015615075587227235
3130.841	0.015599563922736611
3130.986	0.015599563922736611
3131.1299999999997	0.01558082066147711
3131.2729999999997	0.01558082066147711
3131.4159999999997	0.015573064829231795
3131.5609999999997	0.015573064829231795
3131.705	0.015565308996986485
3131.8489999999997	0.01555819948409495
3131.993	0.015553028929264742
3132.138	0.015547212055080757
3132.2799999999997	0.015539456222835445
3132.423	0.01551942032286839
3132.5699999999997	0.015496152826132457
3132.714	0.015482580119703162
3132.859	0.015477409564872955
3133.002	0.01547159269068897
3133.147	0.015460605261674778
3133.29	0.015445093597184156
3133.4339999999997	0.015431520890754863
3133.5769999999998	0.015402436519834944
3133.7219999999998	0.015363657358608385
3133.866	0.015340389861872451
3134.009	0.015330695071565814
3134.153	0.015326817155443158
3134.297	0.0153229392393205
3134.441	0.01531001285224498
3134.5809999999997	0.01529450118775436
3134.725	0.015289330632924151
3134.8689999999997	0.015284806397447719
3135.013	0.015271880010372201
3135.156	0.01526218522006556
3135.301	0.01526218522006556
3135.444	0.01526218522006556
3135.5879999999997	0.015261538900711785
3135.732	0.01525895362329668
3135.8759999999997	0.015255075707174024
3136.02	0.015247966194282488
3136.1639999999998	0.015238917723329625
3136.307	0.015229222933022986
3136.451	0.01522211342013145
3136.595	0.015220174462070121
3136.739	0.015220174462070121
3136.883	0.015216296545947467
3137.027	0.015207894394348378
3137.171	0.015207894394348378
3137.314	0.015202723839518172
3137.4579999999996	0.015202723839518172
3137.602	0.015202723839518172
3137.7459999999996	0.015202723839518172
3137.89	0.015202723839518172
3138.0339999999997	0.015202723839518172
3138.178	0.015207894394348378
3138.3219999999997	0.015202723839518172
3138.466	0.015202723839518172
3138.613	0.015202723839518172
3138.754	0.015202723839518172
3138.8979999999997	0.015202723839518172
3139.0409999999997	0.015200784881456843
3139.185	0.015191090091150203
3139.3289999999997	0.015191090091150203
3139.473	0.015200784881456843
3139.6169999999997	0.015202723839518172
3139.761	0.015202723839518172
3139.9049999999997	0.015202723839518172
3140.049	0.015193029049211531
3140.1929999999998	0.015193029049211531
3140.336	0.015193029049211531
3140.48	0.015193029049211531
3140.624	0.015193029049211531
3140.768	0.015193029049211531
3140.912	0.015193029049211531
3141.056	0.015179456342782238
3141.1989999999996	0.015179456342782238
3141.344	0.015166529955706718
3141.4869999999996	0.015166529955706718
3141.631	0.015166529955706718
3141.7749999999996	0.015154896207338751
3141.919	0.015154896207338751
3142.0629999999996	0.01514520141703211
3142.2059999999997	0.01514520141703211
3142.35	0.015125165517065055
3142.4939999999997	0.015112239129989536
3142.638	0.015104483297744224
3142.7819999999997	0.015104483297744224
3142.9249999999997	0.015088971633253602
3143.069	0.01508121580100829
3143.2129999999997	0.015077337884885633
3143.357	0.015077337884885633
3143.5009999999997	0.015077337884885633
3143.645	0.015077337884885633
3143.7889999999998	0.015077337884885633
3143.933	0.015067643094578996
3144.0769999999998	0.015067643094578996
3144.22	0.015061826220395012
3144.364	0.015061826220395012
3144.508	0.015061826220395012
3144.652	0.015061826220395012
3144.796	0.015061826220395012
3144.94	0.015061826220395012
3145.0829999999996	0.015061826220395012
3145.2279999999996	0.015058594623626131
3145.372	0.015058594623626131
3145.515	0.015058594623626131
3145.66	0.015058594623626131
3145.803	0.015058594623626131
3145.9469999999997	0.015058594623626131
3146.0899999999997	0.015058594623626131
3146.234	0.015058594623626131
3146.3779999999997	0.015058594623626131
3146.522	0.015058594623626131
3146.6659999999997	0.015058594623626131
3146.81	0.015058594623626131
3146.957	0.015058594623626131
3147.098	0.015058594623626131
3147.241	0.015058594623626131
3147.3849999999998	0.015058594623626131
3147.529	0.015058594623626131
3147.673	0.015058594623626131
3147.816	0.015058594623626131
3147.961	0.015058594623626131
3148.104	0.015058594623626131
3148.248	0.015058594623626131
3148.392	0.015058594623626131
3148.5359999999996	0.015058594623626131
3148.68	0.015058594623626131
3148.8239999999996	0.015058594623626131
3148.9669999999996	0.015058594623626131
3149.111	0.015058594623626131
3149.2549999999997	0.015058594623626131
3149.399	0.015058594623626131
3149.5429999999997	0.015058594623626131
3149.687	0.015058594623626131
3149.8309999999997	0.015058594623626131
3149.9739999999997	0.015058594623626131
3150.118	0.015058594623626131
3150.2619999999997	0.015058594623626131
3150.406	0.015058594623626131
3150.5499999999997	0.015058594623626131
3150.694	0.015058594623626131
3150.8379999999997	0.015058594623626131
3150.982	0.015058594623626131
3151.125	0.015058594623626131
3151.2709999999997	0.015058594623626131
3151.413	0.015058594623626131
3151.557	0.015058594623626131
3151.7	0.015058594623626131
3151.845	0.015058594623626131
3151.988	0.015058594623626131
3152.1319999999996	0.015058594623626131
3152.276	0.015052131430088373
3152.4199999999996	0.015052131430088373
3152.564	0.015052131430088373
3152.7079999999996	0.015052131430088373
3152.852	0.01504114400107418
3152.995	0.01504114400107418
3153.1389999999997	0.01504114400107418
3153.283	0.01504114400107418
3153.4269999999997	0.01504114400107418
3153.571	0.015032741849475091
3153.7149999999997	0.015032741849475091
3153.8579999999997	0.015032741849475091
3154.002	0.015032741849475091
3154.1459999999997	0.015032741849475091
3154.29	0.015032741849475091
3154.4339999999997	0.015032741849475091
3154.578	0.015032741849475091
3154.7219999999998	0.015032741849475091
3154.865	0.015032741849475091
3155.009	0.015032741849475091
3155.153	0.015032741849475091
3155.297	0.015032741849475091
3155.441	0.015032741849475091
3155.585	0.015032741849475091
3155.729	0.015032741849475091
3155.873	0.015032741849475091
3156.017	0.015032741849475091
3156.1609999999996	0.015032741849475091
3156.305	0.015032741849475091
3156.4489999999996	0.015032741849475091
3156.594	0.015032741849475091
3156.7369999999996	0.015032741849475091
3156.881	0.015032741849475091
3157.024	0.015032741849475091
3157.1679999999997	0.015032741849475091
3157.312	0.015032741849475091
3157.4559999999997	0.015032741849475091
3157.6	0.015032741849475091
3157.7439999999997	0.015032741849475091
3157.888	0.015032741849475091
3158.031	0.015032741849475091
3158.1749999999997	0.015032741849475091
3158.319	0.015032741849475091
3158.4629999999997	0.015032741849475091
3158.607	0.015032741849475091
3158.75	0.015032741849475091
3158.894	0.015032741849475091
3159.038	0.015032741849475091
3159.183	0.015030802891413765
3159.326	0.015029510252706215
3159.47	0.015028863933352437
3159.614	0.015026278655937335
3159.758	0.0150191691430458
3159.901	0.015008181714031607
3160.0449999999996	0.014996547965663638
3160.189	0.014990731091479654
3160.3329999999996	0.014988792133418326
3160.4759999999997	0.014985560536649447
3160.6209999999996	0.014982328939880569
3160.7639999999997	0.014972634149573928
3160.908	0.01496293935926729
3161.0539999999996	0.014944842417361562
3161.196	0.014928684433517164
3161.3399999999997	0.014928038114163386
3161.4829999999997	0.014926099156102057
3161.6279999999997	0.014922867559333178
3161.774	0.014907355894842555
3161.915	0.014890551591644381
3162.0589999999997	0.014884734717460397
3162.203	0.014880210481983965
3162.3469999999998	0.01487503992715376
3162.491	0.014869223052969775
3162.634	0.014864052498139569
3162.778	0.014858881943309362
3162.922	0.014852418749771602
3163.066	0.01484724819494139
3163.21	0.014840138682049857
3163.354	0.014826565975620563
3163.498	0.014816871185313923
3163.6409999999996	0.01480911535306861
3163.785	0.014801359520823298
3163.9289999999996	0.014798127924054418
3164.073	0.014789725772455332
3164.2169999999996	0.014776799385379813
3164.361	0.014770336191842055
3164.5049999999997	0.014769689872488277
3164.6479999999997	0.014763872998304294
3164.792	0.01475805612412031
3164.9359999999997	0.014756763485412758
3165.08	0.014752885569290103
3165.2239999999997	0.014747715014459893
3165.368	0.014741251820922133
3165.5119999999997	0.01473543494673815
3165.6569999999997	0.014729618072554166
3165.799	0.014725093837077735
3165.9429999999998	0.014721215920955079
3166.087	0.014699241062926697
3166.2309999999998	0.014664986137176574
3166.374	0.01464947447268595
3166.519	0.014646242875917068
3166.663	0.014639133363025532
3166.806	0.014633962808195325
3166.95	0.014632023850133995
3167.094	0.014627499614657563
3167.238	0.014620390101766028
3167.3819999999996	0.01459647628567632
3167.5249999999996	0.014573855108294162
3167.669	0.014568038234110176
3167.8129999999996	0.014552526569619553
3167.957	0.014537014905128931
3168.1009999999997	0.014491772550364615
3168.245	0.014424555337571913
3168.3889999999997	0.014382544579576478
3168.533	0.014326961115151745
3168.676	0.014283657718448754
3168.8199999999997	0.014259097583005266
3168.964	0.014238415363684436
3169.1079999999997	0.014231952170146675
3169.2509999999997	0.014219025783071156
3169.3959999999997	0.014185417176674809
3169.54	0.014147284334802026
3169.683	0.014121431560650988
3169.8269999999998	0.014103334618745259
3169.971	0.014094286147792396
3170.115	0.014082006080070654
3170.258	0.01407166497041024
3170.403	0.01406649441558003
3170.546	0.014065201776872475
3170.691	0.014059384902688495
3170.834	0.014046458515612975
3170.9779999999996	0.014036763725306337
3171.122	0.01403288580918368
3171.2659999999996	0.01402836157370725
3171.4089999999997	0.014020605741461939
3171.5539999999996	0.014014142547924179
3171.6969999999997	0.014007033035032642
3171.841	0.014001862480202435
3171.9849999999997	0.01399281400924957
3172.129	0.013977948664112724
3172.2729999999997	0.013969546512513635
3172.4159999999997	0.013954034848023013
3172.5609999999997	0.013931413670640852
3172.7039999999997	0.01391267040938135
3172.8489999999997	0.01389845138359828
3172.993	0.01388875659329164
3173.1369999999997	0.013856440625602843
3173.2799999999997	0.013818954103083838
3173.4249999999997	0.013807966674069645
3173.5679999999998	0.013789869732163918
3173.712	0.013743334738692048
3173.8559999999998	0.0137097261322957
3174.0	0.01370326293875794
3174.144	0.013683873358144662
3174.288	0.013667069054946487
3174.432	0.013657374264639848
3174.575	0.013635399406611466
3174.7219999999998	0.013607607674399098
3174.863	0.013575291706710298
3175.0069999999996	0.013553316848681916
3175.151	0.013546207335790383
3175.2949999999996	0.013539744142252622
3175.439	0.013530695671299758
3175.582	0.013525525116469551
3175.7259999999997	0.013517122964870464
3175.87	0.0135080744939176
3176.0139999999997	0.013493209148780752
3176.158	0.013478343803643905
3176.301	0.01346929533269104
3176.4449999999997	0.013452491029492867
3176.589	0.013431808810172037
3176.7329999999997	0.01341500450697386
3176.877	0.013409187632789877
3177.0209999999997	0.013406602355374775
3177.165	0.013402724439252119
3177.3089999999997	0.01339561492636058
3177.4519999999998	0.013388505413469046
3177.596	0.013383981177992617
3177.74	0.013360067361902905
3177.884	0.013328397713567882
3178.028	0.01330771549424705
3178.172	0.013281862720096013
3178.316	0.013265058416897839
3178.459	0.013255363626591198
3178.6029999999996	0.013245022516930783
3178.747	0.0132230476589024
3178.8909999999996	0.013182329539614514
3179.035	0.01315453780740215
3179.1789999999996	0.013145489336449285
3179.323	0.013141611420326629
3179.4669999999996	0.013141611420326629
3179.6099999999997	0.013141611420326629
3179.754	0.013141611420326629
3179.8979999999997	0.013141611420326629
3180.042	0.013141611420326629
3180.185	0.013141611420326629
3180.33	0.013141611420326629
3180.473	0.013141611420326629
3180.6169999999997	0.013141611420326629
3180.761	0.013141611420326629
3180.9049999999997	0.013141611420326629
3181.049	0.013141611420326629
3181.1929999999998	0.013141611420326629
3181.337	0.013141611420326629
3181.48	0.013141611420326629
3181.624	0.013141611420326629
3181.768	0.013141611420326629
3181.912	0.013141611420326629
3182.056	0.013141611420326629
3182.2	0.013141611420326629
3182.343	0.013141611420326629
3182.488	0.013141611420326629
3182.631	0.013141611420326629
3182.7749999999996	0.013141611420326629
3182.919	0.013141611420326629
3183.0629999999996	0.013141611420326629
3183.207	0.013141611420326629
3183.35	0.013141611420326629
3183.4939999999997	0.013141611420326629
3183.638	0.013141611420326629
3183.785	0.013141611420326629
3183.926	0.013141611420326629
3184.0699999999997	0.013141611420326629
3184.214	0.013141611420326629
3184.3579999999997	0.013141611420326629
3184.5009999999997	0.013141611420326629
3184.645	0.013141611420326629
3184.7889999999998	0.013141611420326629
3184.933	0.013141611420326629
3185.076	0.013141611420326629
3185.221	0.013141611420326629
3185.365	0.013141611420326629
3185.508	0.013141611420326629
3185.652	0.013141611420326629
3185.796	0.013141611420326629
3185.941	0.013141611420326629
3186.084	0.013141611420326629
3186.2279999999996	0.013141611420326629
3186.372	0.013141611420326629
3186.5159999999996	0.013141611420326629
3186.66	0.013141611420326629
3186.8039999999996	0.013141611420326629
3186.9469999999997	0.013141611420326629
3187.091	0.013141611420326629
3187.234	0.013141611420326629
3187.3779999999997	0.013141611420326629
3187.522	0.013141611420326629
3187.6659999999997	0.013141611420326629
3187.81	0.013141611420326629
3187.9539999999997	0.013141611420326629
3188.098	0.013141611420326629
3188.241	0.013141611420326629
3188.3849999999998	0.013141611420326629
3188.529	0.013141611420326629
3188.673	0.013141611420326629
3188.817	0.013141611420326629
3188.96	0.013141611420326629
3189.105	0.013141611420326629
3189.248	0.013141611420326629
3189.392	0.013141611420326629
3189.5359999999996	0.013141611420326629
3189.68	0.013141611420326629
3189.8239999999996	0.013141611420326629
3189.9669999999996	0.013137087184850196
3190.1119999999996	0.013137087184850196
3190.2549999999997	0.013137087184850196
3190.399	0.013120282881652023
3190.5429999999997	0.01310153962039252
3190.687	0.013084088997840568
3190.8309999999997	0.013067284694642394
3190.9759999999997	0.013062114139812186
3191.1189999999997	0.01305500462692065
3191.263	0.01305500462692065
3191.4069999999997	0.013043370878552684
3191.551	0.01303432240759982
3191.6949999999997	0.013027212894708283
3191.844	0.013022688659231854
3191.9829999999997	0.013022688659231854
3192.127	0.013020749701170526
3192.27	0.013020749701170526
3192.4139999999998	0.012998774843142142
3192.558	0.01297809262382131
3192.7019999999998	0.012972275749637326
3192.846	0.012961288320623137
3192.99	0.01295611776579293
3193.133	0.012953532488377825
3193.277	0.012949008252901392
3193.421	0.012945776656132512
3193.565	0.012940606101302304
3193.709	0.01293672818517965
3193.852	0.012925094436811682
3193.997	0.01290958277232106
3194.14	0.01290441221749085
3194.2839999999997	0.01290118062072197
3194.428	0.01289471742718421
3194.5719999999997	0.012886961594938899
3194.716	0.012886961594938899
3194.8599999999997	0.01288372999817002
3195.0029999999997	0.01288372999817002
3195.147	0.01288243735946247
3195.2909999999997	0.01287920576269359
3195.435	0.012873388888509606
3195.5789999999997	0.012868864653033173
3195.723	0.01286627937561807
3195.8669999999997	0.012863047778849189
3196.0099999999998	0.01286110882078786
3196.154	0.012855291946603878
3196.298	0.012848182433712343
3196.442	0.012844304517589689
3196.586	0.012841072920820807
3196.73	0.012839780282113253
3196.874	0.012835902365990599
3197.017	0.012831378130514166
3197.1609999999996	0.012829439172452838
3197.305	0.01282750021439151
3197.4489999999996	0.012822975978915081
3197.593	0.012817159104731099
3197.7369999999996	0.012813927507962218
3197.881	0.012809403272485786
3198.0249999999996	0.012806171675716906
3198.1699999999996	0.012805525356363128
3198.312	0.0128035863983018
3198.457	0.01280229375959425
3198.6009999999997	0.012801647440240472
3198.7439999999997	0.012799708482179144
3198.89	0.012797769524117817
3199.035	0.01279583056605649
3199.178	0.01279259896928761
3199.3219999999997	0.012790660011226283
3199.4669999999996	0.012790660011226283
3199.6119999999996	0.012790660011226283
3199.7509999999997	0.012788721053164954
3199.894	0.012784843137042298
3200.038	0.012782257859627194
3200.182	0.012781611540273418
3200.3269999999998	0.012780318901565866
3200.47	0.012778379943504538
3200.614	0.012777733624150762
3200.758	0.012775794666089434
3200.902	0.012771270430613005
3201.0449999999996	0.0127686851531979
3201.189	0.0127686851531979
3201.3329999999996	0.012764807237075244
3201.477	0.012760283001598812
3201.6209999999996	0.012758344043537484
3201.767	0.012757051404829932
3201.908	0.012754466127414828
3202.0519999999997	0.012750588211292171
3202.196	0.012747356614523291
3202.3399999999997	0.012745417656461965
3202.484	0.012741539740339309
3202.627	0.012737661824216652
3202.772	0.012737661824216652
3202.915	0.012737661824216652
3203.0589999999997	0.012737015504862878
3203.203	0.012736369185509102
3203.3469999999998	0.012736369185509102
3203.4919999999997	0.012736369185509102
3203.6349999999998	0.01273507654680155
3203.778	0.012733137588740222
3203.922	0.012732491269386444
3204.066	0.012731198630678894
3204.21	0.01272861335326379
3204.354	0.012722796479079805
3204.498	0.012718272243603375
3204.642	0.012715040646834496
3204.785	0.01271116273071184
3204.9289999999996	0.012709223772650512
3205.073	0.012705992175881631
3205.2169999999996	0.012702114259758975
3205.361	0.012699528982343871
3205.5049999999997	0.012697590024282543
3205.649	0.012697590024282543
3205.792	0.01269629738557499
3205.9359999999997	0.012694358427513663
3206.08	0.012691126830744784
3206.2239999999997	0.012689187872683456
3206.368	0.012686602595268354
3206.511	0.012682724679145697
3206.656	0.012679493082376817
3206.8019999999997	0.012679493082376817
3206.9429999999998	0.012679493082376817
3207.087	0.012679493082376817
3207.2309999999998	0.012677554124315489
3207.375	0.012675615166254161
3207.518	0.012671737250131505
3207.662	0.0126691519727164
3207.806	0.0126691519727164
3207.95	0.012667213014655072
3208.094	0.012665274056593744
3208.238	0.012663981417886192
3208.3819999999996	0.01266010350176354
3208.527	0.01266010350176354
3208.6699999999996	0.01266010350176354
3208.814	0.012654932946933331
3208.9579999999996	0.012650408711456899
3209.102	0.012647823434041795
3209.2459999999996	0.012647823434041795
3209.39	0.012647823434041795
3209.533	0.012647823434041795
3209.6769999999997	0.012647823434041795
3209.821	0.012647823434041795
3209.9649999999997	0.012647823434041795
3210.109	0.012647823434041795
3210.252	0.012647823434041795
3210.397	0.012647823434041795
3210.54	0.012645884475980466
3210.6839999999997	0.012644591837272916
3210.83	0.01264200655985781
3210.9719999999998	0.012637482324381378
3211.116	0.012637482324381378
3211.2599999999998	0.0126342507276125
3211.403	0.01263101913084362
3211.547	0.012629080172782291
3211.691	0.012628433853428517
3211.835	0.01262778753407474
3211.979	0.012626494895367189
3212.123	0.012625202256659635
3212.267	0.01262132434053698
3212.4109999999996	0.012615507466352996
3212.5539999999996	0.012613568508291668
3212.698	0.012612275869584116
3212.8419999999996	0.012612275869584116
3212.986	0.012610336911522788
3213.1299999999997	0.012603873717985027
3213.274	0.012598056843801044
3213.4179999999997	0.012594825247032166
3213.5609999999997	0.012594825247032166
3213.7059999999997	0.012594825247032166
3213.85	0.012594825247032166
3213.9939999999997	0.012594825247032166
3214.1369999999997	0.012594825247032166
3214.281	0.012594825247032166
3214.424	0.012594825247032166
3214.5679999999998	0.012594825247032166
3214.712	0.012594825247032166
3214.8559999999998	0.012594825247032166
3215.0	0.012594825247032166
3215.144	0.012594825247032166
3215.287	0.012594825247032166
3215.431	0.012594825247032166
3215.575	0.012594825247032166
3215.719	0.012594825247032166
3215.863	0.012594825247032166
3216.0069999999996	0.012594825247032166
3216.151	0.012594825247032166
3216.294	0.012594825247032166
3216.4379999999996	0.012594825247032166
3216.582	0.012589008372848182
3216.7259999999997	0.012581898859956645
3216.87	0.012576728305126439
3217.0139999999997	0.012576081985772663
3217.158	0.012572850389003782
3217.3019999999997	0.012568972472881128
3217.4449999999997	0.012568326153527352
3217.589	0.012568326153527352
3217.7329999999997	0.012568326153527352
3217.877	0.012568326153527352
3218.0209999999997	0.012564448237404695
3218.165	0.012559277682574487
3218.308	0.012559277682574487
3218.4519999999998	0.012556046085805607
3218.596	0.012553460808390503
3218.74	0.012552814489036727
3218.884	0.012546351295498968
3219.027	0.012537302824546105
3219.172	0.012534717547131003
3219.315	0.012532778589069673
3219.459	0.012529546992300793
3219.6029999999996	0.012524376437470584
3219.747	0.012516620605225275
3219.893	0.012506925814918635
3220.035	0.012499169982673322
3220.178	0.012495938385904444
3220.3219999999997	0.012492060469781787
3220.466	0.012484304637536477
3220.6099999999997	0.012478487763352492
3220.754	0.012472670889168508
3220.8979999999997	0.012463622418215645
3221.042	0.01244681811501747
3221.185	0.012433245408588176
3221.3289999999997	0.012433245408588176
3221.473	0.012433245408588176
3221.6169999999997	0.012430660131173072
3221.761	0.012427428534404192
3221.9049999999997	0.012422257979573983
3222.049	0.012422257979573983
3222.1929999999998	0.012418380063451329
3222.336	0.012418380063451329
3222.48	0.012418380063451329
3222.624	0.01241644110539
3222.768	0.012407392634437136
3222.9109999999996	0.012393173608654065
3223.055	0.012382186179639872
3223.1989999999996	0.012382186179639872
3223.343	0.012378308263517218
3223.4869999999996	0.012377661944163443
3223.631	0.012366028195795476
3223.7749999999996	0.012351809170012405
3223.919	0.01233500486681423
3224.062	0.012319493202323607
3224.2059999999997	0.012316907924908502
3224.35	0.012314968966847174
3224.4939999999997	0.012298810983002775
3224.638	0.012281360360450824
3224.7819999999997	0.012276189805620617
3224.926	0.012263909737898874
3225.069	0.012246459115346924
3225.2129999999997	0.012236764325040284
3225.357	0.0122309474508563
3225.5009999999997	0.01222577689602609
3225.645	0.01222254529925721
3225.7889999999998	0.012219960021842108
3225.9339999999997	0.012219313702488332
3226.0769999999998	0.012214143147658124
3226.221	0.012207033634766589
3226.365	0.012205094676705261
3226.509	0.012202509399290157
3226.654	0.012193460928337294
3226.796	0.012184412457384431
3226.941	0.012178595583200447
3227.084	0.01217471766707779
3227.229	0.012170839750955134
3227.372	0.012166961834832478
3227.517	0.012161144960648494
3227.6609999999996	0.012155974405818287
3227.8039999999996	0.012154035447756959
3227.948	0.012148218573572976
3228.091	0.012142401699388992
3228.2369999999996	0.012138523783266335
3228.379	0.012134645867143681
3228.5229999999997	0.012125597396190818
3228.667	0.01211719524459173
3228.8109999999997	0.012112024689761523
3228.9559999999997	0.012108146773638867
3229.098	0.012101683580101108
3229.2419999999997	0.012093927747855795
3229.386	0.01209004983173314
3229.5299999999997	0.012087464554318035
3229.674	0.012084232957549155
3229.8179999999998	0.012081001360780276
3229.961	0.012079708722072724
3230.105	0.012076477125303844
3230.249	0.012071952889827414
3230.393	0.012062258099520773
3230.5359999999996	0.012055148586629236
3230.681	0.01205450226727546
3230.825	0.012053855947921686
3230.969	0.012053855947921686
3231.1119999999996	0.012051916989860358
3231.256	0.01204997803179903
3231.3999999999996	0.012048685393091478
3231.544	0.0120454537963226
3231.687	0.012043514838261271
3231.834	0.012041575880199943
3231.979	0.012038344283431063
3232.123	0.01203705164472351
3232.267	0.012036405325369735
3232.41	0.012035759006015959
3232.553	0.01203382004795463
3232.698	0.012031881089893304
3232.8379999999997	0.012028649493124424
3232.982	0.012023478938294214
3233.1259999999997	0.012019601022171558
3233.27	0.012017015744756455
3233.4139999999998	0.012015076786695129
3233.558	0.012010552551218696
3233.7019999999998	0.012000857760912056
3233.845	0.011994394567374295
3233.989	0.011994394567374295
3234.133	0.011986638735128985
3234.277	0.011972419709345913
3234.421	0.011960139641624172
3234.565	0.011954322767440188
3234.709	0.011951737490025083
3234.8529999999996	0.011947213254548651
3234.9959999999996	0.011943335338425997
3235.14	0.01193816478359579
3235.2839999999997	0.01193493318682691
3235.428	0.011932994228765582
3235.5719999999997	0.011929762631996702
3235.716	0.011925884715874045
3235.859	0.011923299438458941
3236.0029999999997	0.011921360480397613
3236.147	0.011919421522336285
3236.2909999999997	0.011918128883628733
3236.435	0.011916189925567406
3236.5789999999997	0.01191554360621363
3236.723	0.011914250967506078
3236.87	0.01191231200944475
3237.0099999999998	0.011910373051383424
3237.154	0.011908434093322096
3237.298	0.011905848815906991
3237.442	0.011901970899784335
3237.586	0.011893568748185247
3237.729	0.01188516659658616
3237.874	0.011883227638524832
3238.017	0.011883227638524832
3238.1609999999996	0.011882581319171057
3238.305	0.011876764444987073
3238.4489999999996	0.011870947570803089
3238.593	0.011870301251449313
3238.736	0.011870301251449313
3238.8799999999997	0.011867069654680432
3239.024	0.011863838057911552
3239.1679999999997	0.011863191738557776
3239.312	0.011862545419204002
3239.4559999999997	0.01186125278049645
3239.6	0.011856728545020017
3239.7439999999997	0.011852850628897363
3239.8869999999997	0.011850911670836035
3240.031	0.011849619032128483
3240.1749999999997	0.011848972712774707
3240.319	0.01184832639342093
3240.4629999999997	0.011846387435359602
3240.607	0.011844448477298273
3240.7509999999997	0.011843155838590722
3240.894	0.011834107367637858
3241.038	0.011826351535392547
3241.182	0.011826351535392547
3241.3269999999998	0.011825705216038773
3241.471	0.011823766257977444
3241.614	0.011821827299916116
3241.7569999999996	0.011818595703147236
3241.901	0.011816010425732132
3242.0449999999996	0.011816010425732132
3242.189	0.011815364106378356
3242.3329999999996	0.011813425148317028
3242.477	0.0118114861902557
3242.62	0.011806961954779267
3242.7639999999997	0.011799206122533958
3242.908	0.011789511332227318
3243.0519999999997	0.011783694458043333
3243.196	0.011781109180628229
3243.3399999999997	0.011778523903213127
3243.4849999999997	0.011778523903213127
3243.629	0.011777877583859349
3243.772	0.011777231264505573
3243.9159999999997	0.011775292306444245
3244.06	0.011773353348382918
3244.2039999999997	0.011769475432260262
3244.348	0.011764304877430055
3244.4919999999997	0.011763012238722503
3244.636	0.0117604269613074
3244.779	0.011757841683892295
3244.923	0.011753963767769639
3245.067	0.011746854254878102
3245.211	0.011742976338755448
3245.355	0.011742330019401672
3245.499	0.011741037380694121
3245.643	0.011738452103279017
3245.7859999999996	0.011734574187156361
3245.93	0.011734574187156361
3246.0739999999996	0.011734574187156361
3246.218	0.011734574187156361
3246.3619999999996	0.011734574187156361
3246.5049999999997	0.011734574187156361
3246.6499999999996	0.011734574187156361
3246.7929999999997	0.011734574187156361
3246.937	0.011734574187156361
3247.0829999999996	0.011734574187156361
3247.225	0.011734574187156361
3247.3689999999997	0.011734574187156361
3247.5119999999997	0.011734574187156361
3247.6569999999997	0.011734574187156361
3247.801	0.011734574187156361
3247.944	0.011734574187156361
3248.0879999999997	0.011734574187156361
3248.232	0.011734574187156361
3248.3759999999997	0.011734574187156361
3248.52	0.011734574187156361
3248.663	0.011734574187156361
3248.807	0.011734574187156361
3248.951	0.011734574187156361
3249.095	0.011734574187156361
3249.239	0.011722940438788392
3249.383	0.011713245648481755
3249.527	0.011712599329127979
3249.671	0.011712599329127979
3249.814	0.011712599329127979
3249.9579999999996	0.01171066037106665
3250.102	0.01171066037106665
3250.2459999999996	0.01170419717752889
3250.39	0.011699026622698682
3250.5339999999997	0.01169644134528358
3250.6769999999997	0.0116932097485147
3250.821	0.011691270790453371
3250.9649999999997	0.011689331832392043
3251.109	0.011687392874330715
3251.2529999999997	0.011679637042085404
3251.3959999999997	0.011669942251778764
3251.5409999999997	0.011667356974363661
3251.6839999999997	0.011662832738887229
3251.8309999999997	0.011658308503410797
3251.9719999999998	0.011647967393750382
3252.116	0.011636333645382413
3252.2599999999998	0.011633102048613534
3252.404	0.011631163090552206
3252.547	0.011629224132490878
3252.691	0.011622114619599343
3252.835	0.011615005106707807
3252.979	0.011612419829292705
3253.123	0.011602725038986066
3253.267	0.011580750180957682
3253.4109999999996	0.011567177474528387
3253.5539999999996	0.011560714280990626
3253.6989999999996	0.011550373171330213
3253.8419999999996	0.011540032061669796
3253.9869999999996	0.011530337271363156
3254.1299999999997	0.011522581439117843
3254.274	0.011518057203641414
3254.4179999999997	0.011510301371396102
3254.5609999999997	0.011501899219797015
3254.705	0.011499960261735687
3254.85	0.011486387555306392
3254.995	0.011472168529523319
3255.138	0.011468290613400663
3255.281	0.011464412697278008
3255.4249999999997	0.011463120058570456
3255.5679999999998	0.011460534781155352
3255.712	0.011456010545678921
3255.8559999999998	0.011450193671494937
3256.0	0.011439206242480746
3256.145	0.011430804090881659
3256.287	0.01142886513282033
3256.432	0.011426926174759003
3256.575	0.011423048258636347
3256.719	0.011420462981221242
3256.863	0.011420462981221242
3257.0069999999996	0.011418524023159914
3257.151	0.011416585065098588
3257.2949999999996	0.011413353468329708
3257.4379999999996	0.011413353468329708
3257.582	0.011408182913499501
3257.7259999999997	0.011408182913499501
3257.87	0.011408182913499501
3258.0139999999997	0.011408182913499501
3258.158	0.011408182913499501
3258.3019999999997	0.011408182913499501
3258.4449999999997	0.011402366039315517
3258.589	0.01139848812319286
3258.7329999999997	0.01139848812319286
3258.877	0.01139848812319286
3259.0209999999997	0.01139848812319286
3259.165	0.01139848812319286
3259.3089999999997	0.01139848812319286
3259.453	0.01139848812319286
3259.596	0.01139848812319286
3259.74	0.01139848812319286
3259.884	0.01139848812319286
3260.028	0.01139848812319286
3260.171	0.01139848812319286
3260.316	0.01139848812319286
3260.459	0.01139848812319286
3260.6029999999996	0.01139848812319286
3260.747	0.01139848812319286
3260.892	0.01139848812319286
3261.0359999999996	0.01139848812319286
3261.18	0.01139848812319286
3261.323	0.01139848812319286
3261.4669999999996	0.01139848812319286
3261.611	0.01139848812319286
3261.7549999999997	0.01139848812319286
3261.899	0.01139848812319286
3262.0429999999997	0.01139848812319286
3262.187	0.01139848812319286
3262.33	0.01139848812319286
3262.4739999999997	0.01139848812319286
3262.618	0.01139848812319286
3262.7619999999997	0.01139848812319286
3262.906	0.01139848812319286
3263.0499999999997	0.01139848812319286
3263.194	0.01139848812319286
3263.3379999999997	0.01139848812319286
3263.4809999999998	0.01139848812319286
3263.625	0.01139848812319286
3263.769	0.01139848812319286
3263.913	0.01139848812319286
3264.056	0.01139848812319286
3264.201	0.01139848812319286
3264.345	0.01139848812319286
3264.488	0.01139848812319286
3264.6319999999996	0.01139848812319286
3264.776	0.01139848812319286
3264.9199999999996	0.01139848812319286
3265.067	0.01139848812319286
3265.207	0.01139848812319286
3265.3509999999997	0.01139848812319286
3265.495	0.01139848812319286
3265.6389999999997	0.01139848812319286
3265.783	0.01139848812319286
3265.9269999999997	0.01139848812319286
3266.071	0.01139848812319286
3266.214	0.01139848812319286
3266.3579999999997	0.01139848812319286
3266.5029999999997	0.01139848812319286
3266.6459999999997	0.01139848812319286
3266.79	0.01139848812319286
3266.9339999999997	0.01139848812319286
3267.078	0.01139848812319286
3267.221	0.01139848812319286
3267.365	0.01139848812319286
3267.509	0.01139848812319286
3267.653	0.01139848812319286
3267.797	0.01139848812319286
3267.941	0.01139848812319286
3268.085	0.01139848812319286
3268.229	0.01139848812319286
3268.372	0.01139848812319286
3268.5159999999996	0.01139848812319286
3268.66	0.01139848812319286
3268.805	0.01139848812319286
3268.948	0.01139848812319286
3269.0919999999996	0.01139848812319286
3269.236	0.01139848812319286
3269.379	0.01139848812319286
3269.5229999999997	0.01139848812319286
3269.667	0.01139848812319286
3269.8109999999997	0.01139848812319286
3269.955	0.01139848812319286
3270.098	0.01139848812319286
3270.2419999999997	0.01139848812319286
3270.386	0.01139848812319286
3270.5299999999997	0.01139848812319286
3270.674	0.01139848812319286
3270.8179999999998	0.01139848812319286
3270.962	0.01139848812319286
3271.105	0.01139848812319286
3271.249	0.01139848812319286
3271.393	0.01139848812319286
3271.537	0.01139848812319286
3271.681	0.01139848812319286
3271.825	0.01139848812319286
3271.969	0.01139848812319286
3272.113	0.01139848812319286
3272.256	0.01139848812319286
3272.3999999999996	0.01139848812319286
3272.544	0.01139848812319286
3272.6879999999996	0.01139848812319286
3272.8309999999997	0.01139848812319286
3272.9759999999997	0.01139848812319286
3273.1189999999997	0.01139848812319286
3273.263	0.01139848812319286
3273.4069999999997	0.01139848812319286
3273.551	0.01139848812319286
3273.6949999999997	0.01139848812319286
3273.8379999999997	0.01139848812319286
3273.9829999999997	0.01139848812319286
3274.129	0.01139848812319286
3274.27	0.01139848812319286
3274.4139999999998	0.01139848812319286
3274.558	0.011402366039315517
3274.7019999999998	0.011402366039315517
3274.846	0.011411414510268381
3274.989	0.011411414510268381
3275.133	0.011418524023159914
3275.277	0.011420462981221242
3275.421	0.011424340897343899
3275.565	0.01142886513282033
3275.709	0.011430804090881659
3275.8529999999996	0.011439206242480746
3275.9959999999996	0.011450193671494937
3276.14	0.011456010545678921
3276.2839999999997	0.011458595823094024
3276.428	0.0114592421424478
3276.5719999999997	0.011461181100509128
3276.716	0.011463120058570456
3276.8599999999997	0.011464412697278008
3277.0029999999997	0.011468290613400663
3277.147	0.011470875890815767
3277.2909999999997	0.011470875890815767
3277.435	0.011470875890815767
3277.5789999999997	0.011472168529523319
3277.7219999999998	0.011482509639183736
3277.8669999999997	0.01149608234561303
3278.0099999999998	0.011501899219797015
3278.154	0.011510301371396102
3278.298	0.011518057203641414
3278.4429999999998	0.011527751993948052
3278.587	0.011537446784254692
3278.7309999999998	0.011541971019731125
3278.874	0.011550373171330213
3279.018	0.011561360600344402
3279.162	0.011588506013202993
3279.306	0.011613066148646479
3279.45	0.011622114619599343
3279.595	0.011642796838920173
3279.7369999999996	0.011662832738887229
3279.881	0.011669942251778764
3280.0249999999996	0.011682222319500508
3280.1699999999996	0.011695148706576028
3280.3129999999996	0.011711306690420427
3280.457	0.011735220506510137
3280.6009999999997	0.011754610087123417
3280.749	0.011768182793552712
3280.892	0.011773999667736694
3281.037	0.011781109180628229
3281.181	0.011792096609642422
3281.325	0.011798559803180182
3281.469	0.011813425148317028
3281.611	0.011828290493453875
3281.7509999999997	0.011836046325699186
3281.899	0.011856082225666241
3282.0389999999998	0.01188516659658616
3282.183	0.01190455617719944
3282.3269999999998	0.011920067841690063
3282.4719999999998	0.011931055270704254
3282.614	0.011936872144888238
3282.759	0.011946566935194875
3282.902	0.01195238380937886
3283.046	0.01195561540614774
3283.19	0.011972419709345915
3283.334	0.011998918802850731
3283.4779999999996	0.01202153998023289
3283.622	0.012046100115676375
3283.765	0.012066782334997205
3283.9089999999997	0.012076477125303844
3284.053	0.0120803550414265
3284.1969999999997	0.012097159344624676
3284.341	0.012113963647822851
3284.4849999999997	0.01211719524459173
3284.629	0.012126243715544594
3284.772	0.012137231144558783
3284.9159999999997	0.012144986976804096
3285.06	0.012151450170341856
3285.2039999999997	0.012169547112247582
3285.3469999999998	0.012190229331568414
3285.4919999999997	0.012228362173441195
3285.6349999999998	0.01226778765402153
3285.779	0.012278128763681943
3285.923	0.012298164663648999
3286.067	0.012344053337767093
3286.211	0.012401575760253154
3286.355	0.01242936749246552
3286.499	0.012439062282772157
3286.643	0.012512096369748843
3286.7859999999996	0.012602581079277477
3286.93	0.012630372811489843
3287.0739999999996	0.012639421282442706
3287.218	0.012680785721084368
3287.3619999999996	0.012723442798433581
3287.5049999999997	0.012733137588740222
3287.649	0.012737661824216654
3287.7929999999997	0.01274283237904686
3287.937	0.012753819808061052
3288.082	0.012769331472551675
3288.225	0.012782257859627194
3288.3689999999997	0.012791952649933835
3288.5119999999997	0.012797769524117816
3288.656	0.012808110633778232
3288.7999999999997	0.012817159104731099
3288.944	0.012825561256330185
3289.0879999999997	0.012833963407929272
3289.232	0.012868864653033173
3289.3759999999997	0.012908290133613507
3289.519	0.012914753327151265
3289.663	0.012916045965858818
3289.807	0.0129192775626277
3289.951	0.012930911310995667
3290.095	0.012955471446439153
3290.239	0.01297809262382131
3290.3819999999996	0.013000067481849693
3290.526	0.01301687178504787
3290.6699999999996	0.0130375540043687
3290.814	0.013063406778519738
3290.9579999999996	0.013194609607336257
3291.102	0.013500318661672287
3291.2459999999996	0.013758200083828897
3291.3889999999997	0.01397536338669762
3291.533	0.01411949260258966
3291.6769999999997	0.014161503360585095
3291.821	0.014185417176674809
3291.9649999999997	0.014185417176674809
3292.109	0.0142151478669485
3292.2549999999997	0.014248110153991075
3292.3959999999997	0.014270731331373233
3292.54	0.014270731331373233
3292.6839999999997	0.014270731331373233
3292.828	0.014270731331373233
3292.9719999999998	0.014270731331373233
3293.115	0.014270731331373233
3293.2599999999998	0.014270731331373233
3293.404	0.014270731331373233
3293.547	0.014270731331373233
3293.691	0.014270731331373233
3293.835	0.014270731331373233
3293.979	0.014270731331373233
3294.122	0.014270731331373233
3294.267	0.014270731331373233
3294.41	0.014270731331373233
3294.5539999999996	0.014270731331373233
3294.698	0.014270731331373233
3294.8419999999996	0.014270731331373233
3294.986	0.014270731331373233
3295.1299999999997	0.014270731331373233
3295.2729999999997	0.014270731331373233
3295.417	0.014270731331373233
3295.5609999999997	0.014270731331373233
3295.7059999999997	0.014270731331373233
3295.85	0.014270731331373233
3295.9939999999997	0.014270731331373233
3296.138	0.014270731331373233
3296.2819999999997	0.014270731331373233
3296.426	0.014270731331373233
3296.569	0.014270731331373233
3296.7129999999997	0.014270731331373233
3296.8599999999997	0.014270731331373233
3297.0009999999997	0.014270731331373233
3297.144	0.014270731331373233
3297.288	0.014270731331373233
3297.432	0.014270731331373233
3297.576	0.014270731331373233
3297.72	0.014270731331373233
3297.864	0.014270731331373233
3298.0069999999996	0.014270731331373233
3298.152	0.014270731331373233
3298.2949999999996	0.014270731331373233
3298.439	0.014270731331373233
3298.5829999999996	0.014270731331373233
3298.727	0.014270731331373233
3298.8709999999996	0.014270731331373233
3299.015	0.014270731331373233
3299.158	0.014270731331373233
3299.3019999999997	0.014270731331373233
3299.446	0.014270731331373233
3299.5899999999997	0.014270731331373233
3299.734	0.014270731331373233
3299.8779999999997	0.014270731331373233
3300.022	0.014270731331373233
3300.165	0.014270731331373233
3300.3089999999997	0.014270731331373233
3300.453	0.014270731331373233
3300.5969999999998	0.014270731331373233
3300.741	0.014270731331373233
3300.8849999999998	0.014270731331373233
3301.029	0.014270731331373233
3301.173	0.014270731331373233
3301.3179999999998	0.014270731331373233
3301.46	0.014270731331373233
3301.604	0.014270731331373233
3301.748	0.014270731331373233
3301.8909999999996	0.014270731331373233
3302.0359999999996	0.014270731331373233
3302.18	0.014270731331373233
3302.323	0.014270731331373233
3302.4669999999996	0.014270731331373233
3302.611	0.014270731331373233
3302.7549999999997	0.014270731331373233
3302.8979999999997	0.014270731331373233
3303.042	0.014270731331373233
3303.1859999999997	0.014270731331373233
3303.33	0.014270731331373233
3303.4739999999997	0.014270731331373233
3303.618	0.014270731331373233
3303.7619999999997	0.014270731331373233
3303.906	0.014270731331373233
3304.049	0.014270731331373233
3304.1929999999998	0.014270731331373233
3304.337	0.014270731331373233
3304.4809999999998	0.014270731331373233
3304.625	0.014270731331373233
3304.769	0.014270731331373233
3304.913	0.014270731331373233
3305.057	0.014270731331373233
3305.2	0.014270731331373233
3305.344	0.014270731331373233
3305.488	0.014270731331373233
3305.6319999999996	0.014270731331373233
3305.776	0.014270731331373233
3305.9199999999996	0.014270731331373233
3306.064	0.014270731331373233
3306.207	0.014270731331373233
3306.3509999999997	0.014270731331373233
3306.495	0.014270731331373233
3306.6389999999997	0.014270731331373233
3306.783	0.014270731331373233
3306.9269999999997	0.014270731331373233
3307.0699999999997	0.014270731331373233
3307.214	0.014270731331373233
3307.3579999999997	0.014270731331373233
3307.502	0.014270731331373233
3307.6459999999997	0.014270731331373233
3307.79	0.014270731331373233
3307.9339999999997	0.014270731331373233
3308.078	0.014270731331373233
3308.221	0.014270731331373233
3308.365	0.014270731331373233
3308.509	0.014270731331373233
3308.653	0.014270731331373233
3308.797	0.014270731331373233
3308.94	0.014270731331373233
3309.085	0.014270731331373233
3309.2279999999996	0.014270731331373233
3309.372	0.014270731331373233
3309.5159999999996	0.014270731331373233
3309.66	0.014270731331373233
3309.8039999999996	0.014270731331373233
3309.948	0.014270731331373233
3310.091	0.014270731331373233
3310.2349999999997	0.014270731331373233
3310.3819999999996	0.014270731331373233
3310.5249999999996	0.014270731331373233
3310.667	0.014270731331373233
3310.8109999999997	0.014270731331373233
3310.9539999999997	0.014270731331373233
3311.098	0.014270731331373233
3311.2419999999997	0.014270731331373233
3311.386	0.014270731331373233
3311.5299999999997	0.014270731331373233
3311.673	0.014270731331373233
3311.8179999999998	0.014270731331373233
3311.962	0.014270731331373233
3312.105	0.014270731331373233
3312.249	0.014270731331373233
3312.393	0.014270731331373233
3312.537	0.014270731331373233
3312.681	0.014270731331373233
3312.8239999999996	0.014270731331373233
3312.968	0.014270731331373233
3313.1119999999996	0.014270731331373233
3313.256	0.014270731331373233
3313.401	0.014270731331373233
3313.5449999999996	0.014270731331373233
3313.689	0.014270731331373233
3313.832	0.014270731331373233
3313.9759999999997	0.014270731331373233
3314.12	0.014270731331373233
3314.2639999999997	0.014270731331373233
3314.408	0.014270731331373233
3314.5519999999997	0.014270731331373233
3314.696	0.014270731331373233
3314.8399999999997	0.014270731331373233
3314.9829999999997	0.014270731331373233
3315.127	0.014270731331373233
3315.2709999999997	0.014270731331373233
3315.415	0.014270731331373233
3315.5589999999997	0.014270731331373233
3315.703	0.014270731331373233
3315.8469999999998	0.014270731331373233
3315.99	0.014270731331373233
3316.134	0.014270731331373233
3316.278	0.014270731331373233
3316.422	0.014270731331373233
3316.5679999999998	0.014270731331373233
3316.709	0.014270731331373233
3316.8529999999996	0.014270731331373233
3316.997	0.014270731331373233
3317.1409999999996	0.014239708002391988
3317.285	0.014210623631472071
3317.4289999999996	0.014204806757288087
3317.573	0.014185417176674809
3317.718	0.014158918083169995
3317.861	0.014145345376740698
3318.004	0.014135650586434057
3318.1479999999997	0.014126602115481194
3318.292	0.014113675728405675
3318.4359999999997	0.014080067122009324
3318.58	0.014025129976938368
3318.7239999999997	0.01399281400924957
3318.8669999999997	0.013982472899589156
3319.011	0.013962436999622102
3319.1549999999997	0.013947571654485255
3319.301	0.013912024090027576
3319.4429999999998	0.01383640472563579
3319.587	0.013723945158078772
3319.7309999999998	0.013647033154979431
3319.8759999999997	0.013617302464705735
3320.019	0.013577876984125402
3320.162	0.013554609487389468
3320.306	0.013548792613205483
3320.45	0.013477697484290129
3320.594	0.013405309716667223
3320.738	0.013401431800544565
3320.881	0.013301898620063066
3321.0249999999996	0.01320236543958157
3321.169	0.013198487523458913
3321.3129999999996	0.013173927388015426
3321.457	0.01315130621063327
3321.6	0.013132562949373768
3321.745	0.013106710175222728
3321.8889999999997	0.01308538163654812
3322.0319999999997	0.013068577333349946
3322.176	0.01304401719790646
3322.321	0.012981324220590191
3322.464	0.012938020823887201
3322.607	0.012921216520689026
3322.752	0.01289794902395309
3322.895	0.01287532784657093
3323.04	0.012838487643405703
3323.183	0.012815866466023545
3323.328	0.012794537927348939
3323.4719999999998	0.01275899036289126
3323.615	0.01274283237904686
3323.759	0.012737015504862876
3323.902	0.012700821621051423
3324.046	0.012667859334008848
3324.19	0.01266592037594752
3324.334	0.012636189685673826
3324.4779999999996	0.012605166356692581
3324.622	0.012602581079277479
3324.7659999999996	0.012585776776079301
3324.9089999999997	0.012567679834173576
3325.053	0.01254311969873009
3325.1969999999997	0.012512742689102619
3325.341	0.0124998163020271
3325.484	0.012492706789135563
3325.629	0.012484950956890253
3325.7729999999997	0.012467500334338301
3325.9159999999997	0.012452634989201454
3326.06	0.012439708602125935
3326.2039999999997	0.012439708602125935
3326.348	0.012439708602125935
3326.491	0.012439708602125935
3326.636	0.012439708602125935
3326.7799999999997	0.012439708602125935
3326.9269999999997	0.012439708602125935
3327.067	0.012439708602125935
3327.211	0.012439708602125935
3327.355	0.012439708602125935
3327.499	0.012439708602125935
3327.642	0.012439708602125935
3327.7859999999996	0.012439708602125935
3327.93	0.012439708602125935
3328.0739999999996	0.012439708602125935
3328.218	0.012439708602125935
3328.3619999999996	0.012439708602125935
3328.506	0.012439708602125935
3328.649	0.012439708602125935
3328.7929999999997	0.012439708602125935
3328.937	0.012439708602125935
3329.0809999999997	0.012439708602125935
3329.225	0.012439708602125935
3329.3689999999997	0.012439708602125935
3329.513	0.012439708602125935
3329.6569999999997	0.012439708602125935
3329.7999999999997	0.012439708602125935
3329.944	0.012439708602125935
3330.0879999999997	0.012439708602125935
3330.232	0.012439708602125935
3330.3759999999997	0.012439708602125935
3330.522	0.012439708602125935
3330.6659999999997	0.012439708602125935
3330.8109999999997	0.012439708602125935
3330.955	0.012439708602125935
3331.0989999999997	0.012439708602125935
3331.243	0.012439708602125935
3331.3869999999997	0.012439708602125935
3331.528	0.012439708602125935
3331.672	0.012439708602125935
3331.815	0.012439708602125935
3331.959	0.012439708602125935
3332.1029999999996	0.012439708602125935
3332.247	0.012439708602125935
3332.3909999999996	0.012439708602125935
3332.5339999999997	0.012439708602125935
3332.678	0.012439708602125935
3332.8219999999997	0.012439708602125935
3332.966	0.012439708602125935
3333.1099999999997	0.012439708602125935
3333.254	0.012439708602125935
3333.3979999999997	0.012439708602125935
3333.542	0.012439708602125935
3333.685	0.012439708602125935
3333.8289999999997	0.012439708602125935
3333.973	0.012439708602125935
3334.1169999999997	0.012439708602125935
3334.261	0.012439708602125935
3334.4049999999997	0.012439708602125935
3334.549	0.012439708602125935
3334.692	0.012439708602125935
3334.836	0.012439708602125935
3334.98	0.012439708602125935
3335.124	0.012439708602125935
3335.267	0.012439708602125935
3335.412	0.012439708602125935
3335.555	0.012439708602125935
3335.6989999999996	0.012439708602125935
3335.843	0.012439708602125935
3335.9869999999996	0.012439708602125935
3336.131	0.012439708602125935
3336.276	0.012439708602125935
3336.419	0.012439708602125935
3336.562	0.012439708602125935
3336.707	0.012439708602125935
3336.8509999999997	0.012439708602125935
3336.9939999999997	0.012439708602125935
3337.138	0.012439708602125935
3337.283	0.012439708602125935
3337.4289999999996	0.012439708602125935
3337.5699999999997	0.012439708602125935
3337.7129999999997	0.012439708602125935
3337.857	0.012439708602125935
3338.0009999999997	0.012439708602125935
3338.145	0.012439708602125935
3338.2889999999998	0.012439708602125935
3338.433	0.012439708602125935
3338.576	0.012439708602125935
3338.72	0.012439708602125935
3338.864	0.012439708602125935
3339.008	0.012439708602125935
3339.151	0.012439708602125935
3339.296	0.012439708602125935
3339.44	0.012439708602125935
3339.5829999999996	0.012439708602125935
3339.727	0.012439708602125935
3339.8709999999996	0.012439708602125935
3340.015	0.012439708602125935
3340.158	0.012439708602125935
3340.303	0.012439708602125935
3340.4469999999997	0.012439708602125935
3340.5899999999997	0.012439708602125935
3340.734	0.012439708602125935
3340.8779999999997	0.012439708602125935
3341.022	0.012439708602125935
3341.1659999999997	0.012439708602125935
3341.3089999999997	0.012439708602125935
3341.453	0.012439708602125935
3341.5969999999998	0.012439708602125935
3341.741	0.012439708602125935
3341.8869999999997	0.012439708602125935
3342.029	0.012439708602125935
3342.173	0.012439708602125935
3342.316	0.012439708602125935
3342.46	0.012439708602125935
3342.604	0.012439708602125935
3342.748	0.012439708602125935
3342.892	0.012439708602125935
3343.0359999999996	0.012439708602125935
3343.18	0.012439708602125935
3343.3239999999996	0.012439708602125935
3343.4669999999996	0.012439708602125935
3343.611	0.012439708602125935
3343.7549999999997	0.012439708602125935
3343.899	0.012439708602125935
3344.042	0.012439708602125935
3344.187	0.012439708602125935
3344.33	0.012439708602125935
3344.4739999999997	0.012439708602125935
3344.618	0.012439708602125935
3344.7619999999997	0.012439708602125935
3344.906	0.012439708602125935
3345.0499999999997	0.012439708602125935
3345.1929999999998	0.012439708602125935
3345.337	0.012439708602125935
3345.4809999999998	0.012439708602125935
3345.625	0.012439708602125935
3345.769	0.012439708602125935
3345.913	0.012439708602125935
3346.057	0.012439708602125935
3346.2	0.012439708602125935
3346.344	0.012439708602125935
3346.49	0.012439708602125935
3346.6319999999996	0.012439708602125935
3346.776	0.012439708602125935
3346.9199999999996	0.012439708602125935
3347.064	0.012439708602125935
3347.207	0.012439708602125935
3347.3509999999997	0.012439708602125935
3347.495	0.012439708602125935
3347.6389999999997	0.012439708602125935
3347.783	0.012439708602125935
3347.926	0.012439708602125935
3348.071	0.012439708602125935
3348.214	0.012439708602125935
3348.359	0.012439708602125935
3348.5029999999997	0.012439708602125935
3348.647	0.012439708602125935
3348.7909999999997	0.012439708602125935
3348.9339999999997	0.012439708602125935
3349.0789999999997	0.012452634989201454
3349.2219999999998	0.012467500334338301
3349.366	0.012484950956890253
3349.5099999999998	0.012484950956890253
3349.654	0.012484950956890253
3349.798	0.012492706789135563
3349.942	0.0124998163020271
3350.085	0.012512742689102619
3350.229	0.01254311969873009
3350.374	0.012567679834173576
3350.517	0.012573496708357558
3350.6609999999996	0.012589654692201958
3350.805	0.012634250727612501
3350.9489999999996	0.012699528982343871
3351.093	0.0127363691855091
3351.2369999999996	0.012742186059693085
3351.3799999999997	0.01275899036289126
3351.524	0.012802293759594248
3351.6679999999997	0.012841719240174583
3351.812	0.012897949023953092
3351.9559999999997	0.01297162943028355
3352.1	0.013026566575354509
3352.243	0.013060175181750858
3352.3869999999997	0.013087966913963224
3352.531	0.013110588091345382
3352.6749999999997	0.01312739239454356
3352.8179999999998	0.01315130621063327
3352.9629999999997	0.01316035468158613
3353.1059999999998	0.013170049471892771
3353.25	0.013198487523458913
3353.394	0.013224340297609953
3353.538	0.013281216400742236
3353.682	0.013345848336119834
3353.826	0.01336394527802556
3353.969	0.01341177291020498
3354.113	0.013464771097214608
3354.2569999999996	0.013474465887521249
3354.401	0.013540390461606397
3354.5449999999996	0.013630228851781256
3354.689	0.013661252180762504
3354.8329999999996	0.013740749461276945
3354.9759999999997	0.013910085131966246
3355.12	0.014010910951155298
3355.2639999999997	0.014033532128537456
3355.408	0.014058092263980942
3355.5539999999996	0.014070372331702686
3355.6949999999997	0.01408394503813198
3355.8399999999997	0.014102688299391482
3355.9829999999997	0.014113675728405675
3356.127	0.01411626100582078
3356.2709999999997	0.014121431560650988
3356.415	0.01412854107354252
3356.5589999999997	0.014139528502556713
3356.7019999999998	0.014139528502556713
3356.8469999999998	0.014149223292863354
3356.99	0.014149223292863354
3357.134	0.014149223292863354
3357.278	0.014149223292863354
3357.422	0.014149223292863354
3357.566	0.014149223292863354
3357.709	0.014149223292863354
3357.8529999999996	0.014149223292863354
3357.997	0.014149223292863354
3358.1409999999996	0.014149223292863354
3358.285	0.014149223292863354
3358.4289999999996	0.014149223292863354
3358.573	0.014149223292863354
3358.716	0.014149223292863354
3358.8599999999997	0.014149223292863354
3359.004	0.014149223292863354
3359.1479999999997	0.014149223292863354
3359.292	0.014149223292863354
3359.435	0.014149223292863354
3359.58	0.014149223292863354
3359.723	0.014149223292863354
3359.8669999999997	0.014149223292863354
3360.011	0.014149223292863354
3360.1549999999997	0.014149223292863354
3360.299	0.014149223292863354
3360.4429999999998	0.014149223292863354
3360.587	0.014149223292863354
3360.73	0.014149223292863354
3360.874	0.014149223292863354
3361.018	0.014149223292863354
3361.162	0.014149223292863354
3361.306	0.014149223292863354
3361.45	0.014155686486401111
3361.593	0.014169905512184184
3361.7369999999996	0.014186063496028585
3361.881	0.014192526689566342
3362.0249999999996	0.014202867799226759
3362.169	0.01421579418630228
3362.3129999999996	0.014222903699193813
3362.457	0.014232598489500453
3362.6009999999997	0.014246817515283524
3362.7439999999997	0.014257158624943941
3362.888	0.014261036541066596
3363.0319999999997	0.014268792373311908
3363.176	0.014278487163618547
3363.3199999999997	0.01428430403780253
3363.464	0.014286889315217634
3363.607	0.014292706189401618
3363.7509999999997	0.014299169382939377
3363.895	0.01430498625712336
3364.0389999999998	0.014316620005491328
3364.183	0.014326314795797965
3364.326	0.014341180140934814
3364.471	0.014372203469916061
3364.618	0.014391593050529339
3364.759	0.014402580479543532
3364.903	0.014412921589203946
3365.046	0.014416799505326601
3365.19	0.014421323740803033
3365.334	0.014440067002062537
3365.477	0.01446010290202959
3365.6209999999996	0.01447302928910511
3365.7659999999996	0.014486601995534407
3365.91	0.01449241886971839
3366.0539999999996	0.014526027476114738
3366.198	0.014557050805095985
3366.3419999999996	0.01456092872121864
3366.4849999999997	0.014573208788940384
3366.629	0.014584196217954575
3366.7729999999997	0.014606817395336735
3366.917	0.014628145934011343
3367.0609999999997	0.01464107232108686
3367.205	0.014661754540407692
3367.3489999999997	0.014680497801667193
3367.493	0.014690838911327608
3367.636	0.014690838911327608
3367.7799999999997	0.014692777869388936
3367.924	0.014702472659695577
3368.0679999999998	0.014712167450002214
3368.211	0.014717984324186199
3368.3559999999998	0.01473091071126172
3368.5	0.014742544459629685
3368.643	0.014749653972521221
3368.787	0.014758702443474086
3368.931	0.01477098251119583
3369.075	0.014785847856332676
3369.221	0.014798127924054418
3369.366	0.014844662917526289
3369.5099999999998	0.014891844230351933
3369.653	0.014899600062597244
3369.797	0.014922221239979404
3369.941	0.014922221239979404
3370.082	0.014939671862531353
3370.2259999999997	0.014939671862531353
3370.3689999999997	0.014939671862531353
3370.5139999999997	0.014942903459300234
3370.6569999999997	0.014942903459300234
3370.801	0.014942903459300234
3370.9449999999997	0.014942903459300234
3371.089	0.014942903459300234
3371.2329999999997	0.014942903459300234
3371.3779999999997	0.014942903459300234
3371.52	0.014942903459300234
3371.6639999999998	0.014942903459300234
3371.808	0.014942903459300234
3371.9559999999997	0.014942903459300234
3372.096	0.014942903459300234
3372.24	0.014942903459300234
3372.384	0.014942903459300234
3372.527	0.014942903459300234
3372.671	0.014942903459300234
3372.815	0.014942903459300234
3372.959	0.014942903459300234
3373.102	0.014942903459300234
3373.247	0.014942903459300234
3373.3909999999996	0.014942903459300234
3373.5339999999997	0.014942903459300234
3373.678	0.014942903459300234
3373.8219999999997	0.014942903459300234
3373.966	0.014942903459300234
3374.1099999999997	0.014942903459300234
3374.2529999999997	0.01494678137542289
3374.397	0.014952598249606874
3374.5409999999997	0.014955829846375755
3374.685	0.014963585678621065
3374.8289999999997	0.014974573107635256
3374.973	0.01499460900760231
3375.1169999999997	0.015015937546276918
3375.2599999999998	0.015025632336583558
3375.404	0.015032741849475095
3375.548	0.01503985136236663
3375.692	0.015044375597843062
3375.836	0.01505730198491858
3375.98	0.01507152101070165
3376.124	0.015079276842946961
3376.268	0.015088971633253602
3376.4109999999996	0.015092849549376256
3376.555	0.015096081146145135
3376.6989999999996	0.015096081146145135
3376.843	0.015096081146145135
3376.986	0.015096081146145135
3377.131	0.015096081146145135
3377.274	0.015096081146145135
3377.4179999999997	0.015096081146145135
3377.562	0.015096081146145135
3377.7059999999997	0.015096081146145135
3377.85	0.015096081146145135
3377.993	0.015096081146145135
3378.138	0.015096081146145135
3378.281	0.015096081146145135
3378.4249999999997	0.015096081146145135
3378.5699999999997	0.015096081146145135
3378.714	0.015096081146145135
3378.857	0.015096081146145135
3379.002	0.015096081146145135
3379.144	0.015096081146145135
3379.288	0.015096081146145135
3379.432	0.015096081146145135
3379.576	0.015096081146145135
3379.72	0.015096081146145135
3379.864	0.015096081146145135
3380.008	0.015096081146145135
3380.152	0.015096081146145135
3380.2949999999996	0.015096081146145135
3380.439	0.015096081146145135
3380.5829999999996	0.015096081146145135
3380.727	0.015096081146145135
3380.8709999999996	0.015096081146145135
3381.015	0.015096081146145135
3381.158	0.015096081146145135
3381.3019999999997	0.015096081146145135
3381.446	0.015096081146145135
3381.5899999999997	0.015096081146145135
3381.734	0.015096081146145135
3381.8779999999997	0.015096081146145135
3382.022	0.015096081146145135
3382.165	0.015096081146145135
3382.3089999999997	0.015096081146145135
3382.453	0.015096081146145135
3382.609	0.015096081146145135
3382.7569999999996	0.015096081146145135
3382.901	0.015096081146145135
3383.044	0.015096081146145135
3383.189	0.015096081146145135
3383.3329999999996	0.015096081146145135
3383.477	0.015096081146145135
3383.6209999999996	0.015096081146145135
3383.765	0.015096081146145135
3383.9089999999997	0.015096081146145135
3384.053	0.015096081146145135
3384.196	0.015096081146145135
3384.3399999999997	0.015096081146145135
3384.484	0.015096081146145135
3384.6279999999997	0.015096081146145135
3384.772	0.015096081146145135
3384.9159999999997	0.015096081146145135
3385.06	0.015096081146145135
3385.203	0.015096081146145135
3385.3469999999998	0.015096081146145135
3385.491	0.015096081146145135
3385.6349999999998	0.015096081146145135
3385.779	0.015096081146145135
3385.923	0.015096081146145135
3386.067	0.015096081146145135
3386.211	0.015096081146145135
3386.354	0.015096081146145135
3386.498	0.015096081146145135
3386.642	0.015096081146145135
3386.7889999999998	0.015096081146145135
3386.9289999999996	0.015096081146145135
3387.0739999999996	0.015096081146145135
3387.2169999999996	0.015096081146145135
3387.3619999999996	0.015096081146145135
3387.5049999999997	0.015088971633253602
3387.649	0.015079276842946961
3387.7929999999997	0.01507152101070165
3387.9359999999997	0.015059240942979907
3388.0809999999997	0.015046960875258164
3388.2239999999997	0.015044375597843062
3388.368	0.015032741849475093
3388.5119999999997	0.015015937546276918
3388.656	0.01499460900760231
3388.7999999999997	0.014976512065696581
3388.944	0.01497198783022015
3389.087	0.014963585678621065
3389.2309999999998	0.014955829846375755
3389.375	0.014952598249606874
3389.519	0.01494678137542289
3389.663	0.014942903459300234
3389.807	0.014939671862531353
3389.951	0.014918989643210524
3390.094	0.014899600062597244
3390.238	0.014891844230351933
3390.3819999999996	0.014882149440045296
3390.526	0.014869223052969775
3390.6699999999996	0.014858881943309359
3390.815	0.014840138682049857
3390.9579999999996	0.014812993269191266
3391.102	0.014798127924054418
3391.245	0.01478972577245533
3391.3889999999997	0.01478649417568645
3391.533	0.014782616259563796
3391.6789999999996	0.01477098251119583
3391.8199999999997	0.014757409804766534
3391.966	0.014745776056398565
3392.109	0.014732203349969272
3392.2529999999997	0.014717338004832423
3392.397	0.014700533701634249
3392.54	0.014690838911327608
3392.6839999999997	0.014663047179115242
3392.828	0.014632023850133997
3392.971	0.014624914337242462
3393.115	0.014609402672751837
3393.259	0.014591952050199888
3393.403	0.014584196217954575
3393.547	0.014580964621185695
3393.691	0.014577086705063039
3393.835	0.014565452956695073
3393.9779999999996	0.014538307543836483
3394.122	0.01450986949227034
3394.2659999999996	0.014494357827779717
3394.41	0.014483370398765526
3394.5539999999996	0.014477553524581544
3394.698	0.014477553524581544
3394.8419999999996	0.01446979769233623
3394.986	0.01446010290202959
3395.129	0.014458163943968264
3395.2729999999997	0.014456871305260712
3395.417	0.014453639708491832
3395.5609999999997	0.014436835405293657
3395.7039999999997	0.014421323740803033
3395.8489999999997	0.014416799505326601
3395.993	0.014412921589203946
3396.136	0.014409689992435066
3396.2799999999997	0.014399348882774651
3396.424	0.014391593050529339
3396.5679999999998	0.014389007773114235
3396.711	0.014374142427977389
3396.8559999999998	0.014348289653826351
3396.999	0.014326314795797967
3397.143	0.014313388408722448
3397.287	0.014308864173246016
3397.431	0.014304339937769583
3397.575	0.014293998828109169
3397.719	0.014281718760387425
3397.8619999999996	0.01427008501201946
3398.0069999999996	0.0142636218184817
3398.1499999999996	0.014242293279807094
3398.294	0.014216440505656054
3398.4379999999996	0.014193173008920118
3398.582	0.01415439384769356
3398.7259999999997	0.01412595579612742
3398.8689999999997	0.014078774483301772
3399.013	0.014030300531768576
3399.1569999999997	0.014010910951155298
3399.301	0.013997338244726001
3399.4449999999997	0.013976656025405172
3399.589	0.013944986377070149
3399.7329999999997	0.013930121031933303
3399.877	0.013894573467475625
3400.02	0.013840282641758444
3400.1639999999998	0.01381378354825363
3400.308	0.013802796119239439
3400.4519999999998	0.013787930774102591
3400.596	0.013762077999951553
3400.743	0.013705848216173044
3400.8849999999998	0.013653496348517192
3401.028	0.013623119338889721
3401.172	0.013600498161507562
3401.316	0.013596620245384907
3401.46	0.013571413790587645
3401.604	0.013541036780960171
3401.748	0.01353198831000731
3401.892	0.013510013451978928
3402.035	0.013486099635889216
3402.1789999999996	0.013446674155308884
3402.323	0.013408541313436103
3402.4669999999996	0.013398846523129462
3402.611	0.013391737010237926
3402.754	0.013364591597379336
3402.899	0.013334214587751865
3403.042	0.013327751394214108
3403.1859999999997	0.013309008132954605
3403.33	0.013290264871695101
3403.4739999999997	0.01328703327492622
3403.618	0.013277984803973356
3403.7619999999997	0.013268290013666717
3403.9049999999997	0.013265058416897839
3404.049	0.013254070987883648
3404.1929999999998	0.013238559323393025
3404.337	0.013232096129855264
3404.4809999999998	0.013228218213732608
3404.625	0.013223693978256176
3404.769	0.013218523423425967
3404.912	0.013210767591180657
3405.056	0.01319913384281269
3405.2	0.013189439052506049
3405.344	0.013186207455737169
3405.4869999999996	0.013182329539614514
3405.6319999999996	0.013182329539614514
3405.776	0.013176512665430531
3405.9199999999996	0.013167464194477667
3406.064	0.013167464194477667
3406.207	0.01315453780740215
3406.3509999999997	0.01315453780740215
3406.495	0.013147428294510615
3406.638	0.013139026142911528
3406.783	0.013129331352604887
3406.926	0.013125453436482231
3407.0699999999997	0.013108649133284054
3407.214	0.013093783788147208
3407.3579999999997	0.013082796359133017
3407.502	0.013082796359133017
3407.645	0.013082796359133017
3407.79	0.013082796359133017
3407.933	0.013082796359133017
3408.0769999999998	0.013082796359133017
3408.221	0.013082796359133017
3408.365	0.013082796359133017
3408.509	0.013082796359133017
3408.653	0.013082796359133017
3408.796	0.013082796359133017
3408.9429999999998	0.013062114139812186
3409.085	0.01305048039144422
3409.2309999999998	0.013049187752736668
3409.375	0.013042078239845132
3409.519	0.013033029768892266
3409.662	0.013028505533415835
3409.806	0.013012993868925212
3409.9469999999997	0.012996835885080812
3410.091	0.012993604288311934
3410.2349999999997	0.012991019010896828
3410.379	0.012984555817359068
3410.5229999999997	0.012977446304467535
3410.6659999999997	0.012972275749637328
3410.81	0.012965812556099568
3410.9539999999997	0.012949008252901392
3411.098	0.012932850269056995
3411.2419999999997	0.012921216520689028
3411.386	0.012907643814259732
3411.529	0.012901826940075748
3411.673	0.01288566895623135
3411.817	0.012859816182080312
3411.961	0.012844950836943463
3412.105	0.012835902365990599
3412.249	0.012831378130514166
3412.393	0.012826853895037736
3412.537	0.012826853895037736
3412.68	0.012826853895037736
3412.8239999999996	0.012826853895037736
3412.968	0.012826853895037736
3413.1119999999996	0.012826853895037736
3413.256	0.012826853895037736
3413.3999999999996	0.012826853895037736
3413.544	0.012826853895037736
3413.687	0.012826853895037736
3413.8309999999997	0.012826853895037736
3413.975	0.012826853895037736
3414.1189999999997	0.012826853895037736
3414.2619999999997	0.012826853895037736
3414.4069999999997	0.012826853895037736
3414.551	0.012826853895037736
3414.694	0.012826853895037736
3414.8379999999997	0.012826853895037736
3414.982	0.012826853895037736
3415.1259999999997	0.012826853895037736
3415.27	0.012826853895037736
3415.413	0.012826853895037736
3415.557	0.012826853895037736
3415.701	0.012826853895037736
3415.845	0.012826853895037736
3415.989	0.012826853895037736
3416.133	0.012821037020853753
3416.277	0.012821037020853753
3416.421	0.012821037020853753
3416.564	0.012817805424084873
3416.7079999999996	0.012817805424084873
3416.852	0.012816512785377319
3417.002	0.012812634869254663
3417.14	0.012797123204764041
3417.2839999999997	0.012784196817688522
3417.428	0.012782257859627194
3417.571	0.012780318901565866
3417.7149999999997	0.012778379943504538
3417.859	0.012777733624150762
3418.0029999999997	0.012761575640306364
3418.147	0.012737661824216654
3418.292	0.012729905991971342
3418.4359999999997	0.012720857521018479
3418.5789999999997	0.012709870092004288
3418.7239999999997	0.012703406898466527
3418.868	0.012697590024282543
3419.0119999999997	0.012688541553329678
3419.1549999999997	0.012680785721084368
3419.299	0.012673676208192833
3419.4429999999998	0.01266592037594752
3419.587	0.012665274056593744
3419.7309999999998	0.01265816454370221
3419.874	0.012649762392103123
3420.018	0.012644591837272914
3420.162	0.012638128643735156
3420.305	0.012630372811489843
3420.4489999999996	0.012625202256659635
3420.593	0.012625202256659635
3420.7369999999996	0.01262455593730586
3420.881	0.012620678021183204
3421.0249999999996	0.012616153785706772
3421.169	0.01261486114699922
3421.312	0.012612922188937892
3421.4559999999997	0.012610336911522788
3421.6	0.012609690592169012
3421.7439999999997	0.012609690592169012
3421.888	0.012609690592169012
3422.0319999999997	0.012600642121216149
3422.176	0.012600642121216149
3422.319	0.012600642121216149
3422.4629999999997	0.012600642121216149
3422.607	0.012600642121216149
3422.7509999999997	0.012600642121216149
3422.895	0.012600642121216149
3423.038	0.012600642121216149
3423.183	0.012600642121216149
3423.326	0.012600642121216149
3423.47	0.012600642121216149
3423.614	0.012600642121216149
3423.758	0.012600642121216149
3423.902	0.012600642121216149
3424.046	0.012600642121216149
3424.189	0.012600642121216149
3424.3329999999996	0.012600642121216149
3424.477	0.012600642121216149
3424.6209999999996	0.012600642121216149
3424.765	0.012600642121216149
3424.9089999999997	0.012600642121216149
3425.053	0.012600642121216149
3425.196	0.012600642121216149
3425.3399999999997	0.012600642121216149
3425.484	0.012600642121216149
3425.6279999999997	0.012600642121216149
3425.772	0.012600642121216149
3425.9159999999997	0.012600642121216149
3426.06	0.012600642121216149
3426.203	0.012600642121216149
3426.3469999999998	0.012600642121216149
3426.491	0.012600642121216149
3426.6349999999998	0.012600642121216149
3426.779	0.012600642121216149
3426.9249999999997	0.012600642121216149
3427.067	0.012600642121216149
3427.21	0.012600642121216149
3427.354	0.012600642121216149
3427.498	0.012600642121216149
3427.642	0.012600642121216149
3427.7889999999998	0.012600642121216149
3427.9289999999996	0.012600642121216149
3428.073	0.012600642121216149
3428.2169999999996	0.012600642121216149
3428.361	0.012600642121216149
3428.5049999999997	0.012600642121216149
3428.649	0.012600642121216149
3428.7929999999997	0.012600642121216149
3428.937	0.012600642121216149
3429.08	0.012600642121216149
3429.2239999999997	0.012600642121216149
3429.368	0.012600642121216149
3429.5119999999997	0.012600642121216149
3429.656	0.012600642121216149
3429.7999999999997	0.012600642121216149
3429.9429999999998	0.012600642121216149
3430.0879999999997	0.012600642121216149
3430.2309999999998	0.012600642121216149
3430.375	0.012600642121216149
3430.519	0.012600642121216149
3430.663	0.012600642121216149
3430.807	0.012600642121216149
3430.951	0.012600642121216149
3431.094	0.012600642121216149
3431.238	0.012600642121216149
3431.3819999999996	0.012600642121216149
3431.526	0.012600642121216149
3431.6699999999996	0.012600642121216149
3431.816	0.012600642121216149
3431.957	0.012600642121216149
3432.1009999999997	0.012600642121216149
3432.245	0.012600642121216149
3432.3889999999997	0.012600642121216149
3432.533	0.012589654692201958
3432.6769999999997	0.012585130456725525
3432.821	0.012582545179310423
3432.964	0.012579959901895319
3433.1079999999997	0.012577374624480215
3433.2529999999997	0.012577374624480215
3433.397	0.012577374624480215
3433.54	0.012577374624480215
3433.6839999999997	0.012577374624480215
3433.828	0.012573496708357558
3433.971	0.012559924001928263
3434.115	0.012549582892267848
3434.259	0.012549582892267848
3434.403	0.012549582892267848
3434.547	0.012549582892267848
3434.691	0.012549582892267848
3434.834	0.012549582892267848
3434.979	0.012549582892267848
3435.122	0.012549582892267848
3435.2659999999996	0.012549582892267848
3435.41	0.012549582892267848
3435.555	0.012549582892267848
3435.698	0.012549582892267848
3435.8419999999996	0.012549582892267848
3435.986	0.012549582892267848
3436.1299999999997	0.012549582892267848
3436.274	0.012549582892267848
3436.4179999999997	0.012549582892267848
3436.562	0.012549582892267848
3436.705	0.012549582892267848
3436.8509999999997	0.012549582892267848
3436.993	0.012549582892267848
3437.1369999999997	0.012549582892267848
3437.281	0.012549582892267848
3437.4249999999997	0.012549582892267848
3437.569	0.012548936572914072
3437.7129999999997	0.012545704976145194
3437.8559999999998	0.012545704976145194
3438.0	0.012545704976145194
3438.144	0.012545704976145194
3438.288	0.012545704976145194
3438.431	0.012537302824546105
3438.576	0.012529546992300793
3438.72	0.01252696171488569
3438.863	0.012521791160055484
3439.0069999999996	0.012509511092333739
3439.151	0.012498523663319546
3439.2949999999996	0.01249012151172046
3439.4379999999996	0.01248042672141382
3439.5829999999996	0.012470731931107183
3439.7259999999997	0.012464915056923199
3439.87	0.012454573947262782
3440.0139999999997	0.012441647560187263
3440.158	0.012435184366649504
3440.3019999999997	0.012431306450526848
3440.446	0.012410624231206018
3440.589	0.012388649373177634
3440.734	0.012382832498993652
3440.877	0.012371198750625683
3441.0209999999997	0.012364089237734147
3441.165	0.012358272363550162
3441.3089999999997	0.012350516531304853
3441.453	0.012342114379705765
3441.5969999999998	0.012336943824875556
3441.74	0.012320139521677383
3441.884	0.012320139521677383
3442.028	0.012320139521677383
3442.172	0.012320139521677383
3442.316	0.012320139521677383
3442.46	0.012320139521677383
3442.6029999999996	0.012320139521677383
3442.747	0.012320139521677383
3442.8909999999996	0.012320139521677383
3443.035	0.012320139521677383
3443.1789999999996	0.012320139521677383
3443.323	0.012320139521677383
3443.4669999999996	0.012320139521677383
3443.611	0.012320139521677383
3443.754	0.012320139521677383
3443.8979999999997	0.012320139521677383
3444.042	0.012320139521677383
3444.1859999999997	0.012320139521677383
3444.33	0.012320139521677383
3444.4739999999997	0.012320139521677383
3444.618	0.012320139521677383
3444.761	0.012320139521677383
3444.9049999999997	0.012320139521677383
3445.049	0.012320139521677383
3445.1929999999998	0.012320139521677383
3445.337	0.012320139521677383
3445.48	0.012320139521677383
3445.624	0.012320139521677383
3445.768	0.012320139521677383
3445.915	0.012320139521677383
3446.056	0.012320139521677383
3446.2	0.012320139521677383
3446.344	0.012320139521677383
3446.488	0.012320139521677383
3446.631	0.012320139521677383
3446.776	0.012320139521677383
3446.9199999999996	0.012320139521677383
3447.064	0.012320139521677383
3447.207	0.012320139521677383
3447.3509999999997	0.012320139521677383
3447.495	0.012320139521677383
3447.6389999999997	0.012320139521677383
3447.7819999999997	0.012320139521677383
3447.926	0.012320139521677383
3448.0699999999997	0.012320139521677383
3448.2129999999997	0.012320139521677383
3448.3579999999997	0.012320139521677383
3448.502	0.012320139521677383
3448.6459999999997	0.012320139521677383
3448.7889999999998	0.012320139521677383
3448.933	0.012320139521677383
3449.0769999999998	0.012320139521677383
3449.221	0.012320139521677383
3449.364	0.012320139521677383
3449.509	0.012320139521677383
3449.652	0.012320139521677383
3449.796	0.012320139521677383
3449.94	0.012320139521677383
3450.084	0.012320139521677383
3450.2279999999996	0.012320139521677383
3450.372	0.012320139521677383
3450.515	0.012320139521677383
3450.6589999999997	0.012320139521677383
3450.803	0.012320139521677383
3450.9469999999997	0.012320139521677383
3451.091	0.012320139521677383
3451.2349999999997	0.012320139521677383
3451.379	0.012320139521677383
3451.522	0.012320139521677383
3451.667	0.012320139521677383
3451.81	0.012320139521677383
3451.9539999999997	0.012320139521677383
3452.098	0.012320139521677383
3452.2419999999997	0.012320139521677383
3452.386	0.012320139521677383
3452.529	0.012320139521677383
3452.673	0.012320139521677383
3452.817	0.012320139521677383
3452.961	0.012320139521677383
3453.105	0.012320139521677383
3453.249	0.012320139521677383
3453.394	0.012320139521677383
3453.537	0.012320139521677383
3453.681	0.012320139521677383
3453.825	0.012320139521677383
3453.969	0.012320139521677383
3454.113	0.012320139521677383
3454.256	0.012320139521677383
3454.401	0.012320139521677383
3454.5449999999996	0.012320139521677383
3454.6879999999996	0.012320139521677383
3454.832	0.012320139521677383
3454.9779999999996	0.012320139521677383
3455.12	0.012316261605554726
3455.2639999999997	0.012285884595927256
3455.4069999999997	0.012285884595927256
3455.551	0.012285884595927256
3455.6949999999997	0.012285884595927256
3455.839	0.012285884595927256
3455.9829999999997	0.012285884595927256
3456.127	0.012285884595927256
3456.2709999999997	0.012285884595927256
3456.415	0.012285884595927256
3456.558	0.012285884595927256
3456.7019999999998	0.012285884595927256
3456.846	0.012285884595927256
3456.99	0.012285884595927256
3457.134	0.012285884595927256
3457.278	0.012285884595927256
3457.422	0.012285884595927256
3457.565	0.012285884595927256
3457.709	0.012285884595927256
3457.8529999999996	0.012285884595927256
3457.997	0.012285884595927256
3458.14	0.012285884595927256
3458.285	0.012285884595927256
3458.4289999999996	0.012285884595927256
3458.5719999999997	0.012285884595927256
3458.716	0.012285884595927256
3458.8599999999997	0.012285884595927256
3459.004	0.012285884595927256
3459.1479999999997	0.012285884595927256
3459.2909999999997	0.012285884595927256
3459.435	0.012285884595927256
3459.58	0.012285884595927256
3459.7239999999997	0.012285884595927256
3459.8689999999997	0.012285884595927256
3460.0119999999997	0.012285884595927256
3460.156	0.012285884595927256
3460.298	0.012285884595927256
3460.444	0.012285884595927256
3460.586	0.012285884595927256
3460.73	0.012285884595927256
3460.874	0.012285884595927256
3461.018	0.012285884595927256
3461.162	0.012285884595927256
3461.306	0.012274897166913065
3461.4489999999996	0.012265848695960202
3461.594	0.012265848695960202
3461.74	0.01224839807340825
3461.884	0.012236764325040284
3462.0319999999997	0.012227715854087419
3462.169	0.012216082105719454
3462.314	0.012216082105719454
3462.46	0.012209618912181693
3462.602	0.012206387315412813
3462.7439999999997	0.012185705096091981
3462.8889999999997	0.012159206002587165
3463.0339999999997	0.012148218573572976
3463.1789999999996	0.012142401699388992
3463.3219999999997	0.012139170102620112
3463.4669999999996	0.012130121631667249
3463.6099999999997	0.012121073160714386
3463.7509999999997	0.012119134202653058
3463.895	0.01211719524459173
3464.0389999999998	0.012113317328469075
3464.182	0.012099098302686004
3464.3269999999998	0.012084879276902931
3464.471	0.012078416083365172
3464.614	0.012072599209181188
3464.758	0.012068721293058533
3464.902	0.012060319141459445
3465.046	0.012052563309214132
3465.191	0.012049331712445252
3465.3329999999996	0.0120454537963226
3465.477	0.012040283241492391
3465.6209999999996	0.012036405325369735
3465.765	0.012032527409247078
3465.9089999999997	0.012017662064110231
3466.053	0.012004735677034712
3466.1969999999997	0.011991162970605417
3466.3399999999997	0.011973712348053465
3466.484	0.011964663877100603
3466.6279999999997	0.011960785960977946
3466.772	0.011947859573902427
3466.9159999999997	0.011929762631996702
3467.06	0.011901970899784335
3467.2039999999997	0.011876764444987073
3467.348	0.01187224020951064
3467.491	0.011867069654680432
3467.6349999999998	0.011863191738557776
3467.779	0.011862545419204002
3467.923	0.011857374864373795
3468.066	0.011852204309543587
3468.21	0.011850911670836035
3468.354	0.011848972712774707
3468.498	0.011847033754713378
3468.642	0.011843155838590722
3468.7859999999996	0.011834753686991635
3468.93	0.011828936812807651
3469.073	0.01180825459348682
3469.218	0.01178757237416599
3469.361	0.011786279735458437
3469.5049999999997	0.01177593862579802
3469.649	0.011758488003246071
3469.7929999999997	0.011742976338755446
3469.937	0.011732635229095033
3470.0809999999997	0.011721001480727068
3470.2239999999997	0.01171066037106665
3470.3689999999997	0.011705489816236442
3470.5119999999997	0.011700319261406234
3470.6569999999997	0.011691270790453371
3470.801	0.011684161277561835
3470.9449999999997	0.011678344403377852
3471.089	0.011666710655009883
3471.232	0.011657015864703246
3471.377	0.01164344315827395
3471.52	0.011627285174429552
3471.6639999999998	0.011618883022830463
3471.808	0.011608541913170048
3471.9519999999998	0.011598200803509633
3472.096	0.011594969206740753
3472.24	0.011580750180957682
3472.383	0.011561360600344402
3472.527	0.011551665810037762
3472.671	0.011545202616500003
3472.815	0.01153938574231602
3472.959	0.011535507826193364
3473.1029999999996	0.011533568868132036
3473.247	0.01152969095200938
3473.39	0.011518703522995189
3473.5339999999997	0.011507716093980998
3473.6789999999996	0.011500606581089461
3473.8219999999997	0.011494789706905477
3473.966	0.011490265471429046
3474.1099999999997	0.011486387555306392
3474.254	0.011470229571461992
3474.397	0.011446962074726058
3474.542	0.011435974645711867
3474.685	0.011423694577990123
3474.8289999999997	0.011400427081254189
3474.973	0.011375220626456925
3475.116	0.011355184726489869
3475.2599999999998	0.011342904658768128
3475.404	0.011336441465230367
3475.548	0.011326746674923728
3475.692	0.011314466607201985
3475.836	0.011308649733018001
3475.98	0.011291199110466051
3476.124	0.011264700016961237
3476.267	0.01124983467182439
3476.4109999999996	0.011237554604102647
3476.555	0.011227859813796006
3476.6989999999996	0.011212348149305383
3476.845	0.011195543846107207
3476.9869999999996	0.01118584905580057
3477.131	0.011172922668725051
3477.274	0.011158057323588204
3477.4179999999997	0.01114900885263534
3477.562	0.011145777255866459
3477.7059999999997	0.011143838297805131
3477.8489999999997	0.011138021423621148
3477.9939999999997	0.011120570801069197
3478.138	0.011101827539809695
3478.281	0.011093425388210607
3478.4249999999997	0.01108954747208795
3478.569	0.011085023236611518
3478.7129999999997	0.011081791639842638
3478.857	0.011079852681781311
3479.0	0.011077913723719983
3479.144	0.011074682126951103
3479.288	0.011072743168889775
3479.432	0.01106886525276712
3479.576	0.011061109420521808
3479.72	0.011055938865691601
3479.864	0.011053999907630275
3480.0069999999996	0.011053353588276497
3480.152	0.011051414630215169
3480.2949999999996	0.011043658797969858
3480.439	0.011033964007663218
3480.5829999999996	0.011028147133479233
3480.727	0.011022976578649028
3480.8709999999996	0.011018452343172596
3481.015	0.011017159704465044
3481.158	0.011015220746403716
3481.3019999999997	0.011012635468988612
3481.446	0.01100811123351218
3481.5899999999997	0.011002294359328195
3481.734	0.011000355401266867
3481.8779999999997	0.010999062762559315
3482.024	0.010997770123851764
3482.1639999999998	0.010995831165790436
3482.3089999999997	0.010993245888375334
3482.453	0.010991306930314006
3482.5969999999998	0.01098419741742247
3482.74	0.010976441585177157
3482.8849999999998	0.010973209988408276
3483.029	0.010969978391639398
3483.172	0.01096351519810164
3483.316	0.010955759365856327
3483.46	0.010949942491672342
3483.604	0.010940894020719478
3483.748	0.010933784507827943
3483.8909999999996	0.010929906591705289
3484.035	0.010922797078813752
3484.1789999999996	0.010916333885275995
3484.323	0.010911809649799563
3484.4669999999996	0.010909870691738235
3484.611	0.010904700136908026
3484.7549999999997	0.010898236943370266
3484.899	0.01089435902724761
3485.042	0.010890481111124953
3485.1859999999997	0.010887249514356073
3485.33	0.010881432640172092
3485.4739999999997	0.010875615765988108
3485.618	0.010871737849865452
3485.7619999999997	0.010865920975681467
3485.906	0.010860104101497483
3486.049	0.010856872504728604
3486.1929999999998	0.010845238756360637
3486.337	0.010834897646700222
3486.4809999999998	0.010832958688638894
3486.624	0.010826495495101134
3486.769	0.010817447024148271
3486.913	0.01081098383061051
3487.056	0.010809044872549184
3487.2	0.01080775223384163
3487.344	0.010805813275780302
3487.488	0.010799996401596318
3487.633	0.010789655291935905
3487.7749999999996	0.010776728904860386
3487.919	0.010762509879077314
3488.064	0.010750876130709346
3488.209	0.010744412937171587
3488.352	0.010738596062987604
3488.4959999999996	0.01072179175978943
3488.64	0.01070886537271391
3488.783	0.010708219053360134
3488.9269999999997	0.010708219053360134
3489.071	0.01070240217917615
3489.2149999999997	0.010693353708223288
3489.359	0.010690122111454408
3489.5029999999997	0.010690122111454408
3489.647	0.010687536834039304
3489.7909999999997	0.010675903085671335
3489.9339999999997	0.010665561976010918
3490.078	0.010659745101826936
3490.2219999999998	0.010640355521213656
3490.366	0.01061127115029374
3490.509	0.01059511316644934
3490.654	0.010593174208388012
3490.798	0.010592527889034236
3490.941	0.010582833098727599
3491.0879999999997	0.01057119935035963
3491.229	0.010563443518114318
3491.373	0.01055827296328411
3491.517	0.010556980324576557
3491.6609999999996	0.010555687685869007
3491.805	0.01055504136651523
3491.948	0.010553102408453903
3492.0919999999996	0.010549870811685022
3492.236	0.010540176021378383
3492.3799999999997	0.010528542273010416
3492.524	0.01052143276011888
3492.667	0.010516262205288672
3492.8109999999997	0.010504628456920705
3492.955	0.010489116792430083
3493.0989999999997	0.010480068321477218
3493.243	0.010474251447293234
3493.3869999999997	0.010469727211816804
3493.531	0.010465849295694149
3493.674	0.010461971379571493
3493.8179999999998	0.010454861866679956
3493.962	0.010443874437665764
3494.1059999999998	0.010430948050590246
3494.25	0.010421253260283606
3494.394	0.010416729024807173
3494.538	0.01040768055385431
3494.681	0.010398632082901448
3494.825	0.010391522570009913
3494.969	0.010384413057118376
3495.113	0.010381827779703272
3495.2569999999996	0.01037924250228817
3495.3999999999996	0.01037601090551929
3495.5449999999996	0.010374071947457961
3495.689	0.010368255073273977
3495.832	0.01035985292167489
3495.9759999999997	0.010355975005552236
3496.12	0.010353389728137131
3496.2639999999997	0.010350158131368251
3496.408	0.010348219173306923
3496.551	0.01034369493783049
3496.6949999999997	0.010338524383000283
3496.839	0.010335292786231402
3496.9829999999997	0.010330122231401196
3497.127	0.010324305357217213
3497.2709999999997	0.01031978112174078
3497.415	0.0103165495249719
3497.558	0.01031331792820302
3497.7019999999998	0.010297806263712399
3497.846	0.01028294091857555
3497.99	0.01027970932180667
3498.133	0.010275831405684015
3498.278	0.010273246128268911
3498.422	0.010268721892792479
3498.565	0.010263551337962272
3498.709	0.010260319741193392
3498.8529999999996	0.010255149186363183
3498.997	0.010245454396056545
3499.1409999999996	0.01023511328639613
3499.2839999999997	0.010228003773504593
3499.4289999999996	0.010224125857381937
3499.5719999999997	0.010220247941259282
3499.716	0.010215723705782852
3499.8599999999997	0.010215723705782852
3500.004	0.010215723705782852
3500.1499999999996	0.010215723705782852
3500.2909999999997	0.010220247941259282
3500.4359999999997	0.010220247941259282
3500.58	0.010224125857381937
3500.723	0.010224125857381937
3500.8669999999997	0.010224125857381937
3501.011	0.01023188168962725
3501.1549999999997	0.01023188168962725
3501.299	0.010248685992825423
3501.442	0.010260319741193392
3501.586	0.010260319741193392
3501.7309999999998	0.010260319741193392
3501.875	0.010260319741193392
3502.018	0.010260319741193392
3502.162	0.010260319741193392
3502.305	0.010263551337962272
3502.4489999999996	0.010267429254084928
3502.593	0.010275831405684015
3502.7369999999996	0.010285526195990654
3502.881	0.01030233049918883
3503.024	0.01032624431527854
3503.169	0.010338524383000283
3503.312	0.010341755979769163
3503.457	0.010345633895891819
3503.6	0.010345633895891819
3503.7439999999997	0.010345633895891819
3503.888	0.010345633895891819
3504.0319999999997	0.010345633895891819
3504.1749999999997	0.010345633895891819
3504.319	0.010345633895891819
3504.4629999999997	0.010345633895891819
3504.607	0.010345633895891819
3504.7509999999997	0.010345633895891819
3504.895	0.010345633895891819
3505.0389999999998	0.010345633895891819
3505.182	0.010345633895891819
3505.326	0.010345633895891819
3505.47	0.010345633895891819
3505.615	0.010345633895891819
3505.759	0.010345633895891819
3505.903	0.010345633895891819
3506.047	0.010345633895891819
3506.191	0.010345633895891819
3506.334	0.010345633895891819
3506.4779999999996	0.010345633895891819
3506.622	0.010345633895891819
3506.7659999999996	0.010345633895891819
3506.9139999999998	0.010345633895891819
3507.0539999999996	0.010345633895891819
3507.198	0.010345633895891819
3507.341	0.010345633895891819
3507.4849999999997	0.010345633895891819
3507.629	0.010345633895891819
3507.7729999999997	0.010345633895891819
3507.917	0.010345633895891819
3508.06	0.010345633895891819
3508.2039999999997	0.010345633895891819
3508.348	0.010345633895891819
3508.4919999999997	0.010345633895891819
3508.636	0.010345633895891819
3508.7799999999997	0.010345633895891819
3508.924	0.010345633895891819
3509.067	0.010345633895891819
3509.211	0.010345633895891819
3509.355	0.010345633895891819
3509.5	0.010345633895891819
3509.643	0.010345633895891819
3509.787	0.010345633895891819
3509.9339999999997	0.010345633895891819
3510.078	0.010345633895891819
3510.22	0.010345633895891819
3510.366	0.010345633895891819
3510.5099999999998	0.010345633895891819
3510.653	0.010345633895891819
3510.7949999999996	0.010345633895891819
3510.9379999999996	0.010345633895891819
3511.0809999999997	0.010345633895891819
3511.225	0.010345633895891819
3511.3689999999997	0.010345633895891819
3511.513	0.010345633895891819
3511.6569999999997	0.010345633895891819
3511.7999999999997	0.010345633895891819
3511.9449999999997	0.010345633895891819
3512.0879999999997	0.010345633895891819
3512.232	0.010345633895891819
3512.3759999999997	0.010345633895891819
3512.52	0.010345633895891819
3512.6639999999998	0.010345633895891819
3512.808	0.010341755979769163
3512.951	0.010338524383000283
3513.095	0.010338524383000283
3513.239	0.010338524383000283
3513.383	0.010338524383000283
3513.527	0.010338524383000283
3513.671	0.01032624431527854
3513.815	0.01032624431527854
3513.959	0.01032624431527854
3514.102	0.010311378970141692
3514.2459999999996	0.010304915776603932
3514.3909999999996	0.010302976818542604
3514.5339999999997	0.01029586730565107
3514.678	0.01029586730565107
3514.8219999999997	0.010285526195990654
3514.966	0.010285526195990654
3515.1099999999997	0.010285526195990654
3515.2529999999997	0.010285526195990654
3515.3979999999997	0.010285526195990654
3515.542	0.010285526195990654
3515.685	0.010285526195990654
3515.8289999999997	0.010285526195990654
3515.9719999999998	0.010285526195990654
3516.116	0.010285526195990654
3516.2599999999998	0.010285526195990654
3516.404	0.010285526195990654
3516.548	0.010285526195990654
3516.692	0.010285526195990654
3516.835	0.010285526195990654
3516.98	0.010285526195990654
3517.123	0.010285526195990654
3517.267	0.010285526195990654
3517.4109999999996	0.010285526195990654
3517.555	0.010285526195990654
3517.6989999999996	0.010285526195990654
3517.8419999999996	0.010285526195990654
3517.986	0.010285526195990654
3518.1299999999997	0.010285526195990654
3518.277	0.010285526195990654
3518.4179999999997	0.010285526195990654
3518.562	0.010285526195990654
3518.7059999999997	0.010285526195990654
3518.85	0.010285526195990654
3518.993	0.010285526195990654
3519.1369999999997	0.010285526195990654
3519.281	0.010285526195990654
3519.4249999999997	0.010285526195990654
3519.5679999999998	0.010285526195990654
3519.7129999999997	0.010285526195990654
3519.8559999999998	0.010285526195990654
3520.0	0.010285526195990654
3520.144	0.010285526195990654
3520.288	0.010285526195990654
3520.432	0.010285526195990654
3520.575	0.010285526195990654
3520.72	0.010285526195990654
3520.863	0.010285526195990654
3521.0069999999996	0.010285526195990654
3521.151	0.010285526195990654
3521.2949999999996	0.010285526195990654
3521.439	0.010285526195990654
3521.5829999999996	0.010285526195990654
3521.7259999999997	0.010285526195990654
3521.873	0.010285526195990654
3522.0139999999997	0.010285526195990654
3522.158	0.010285526195990654
3522.3019999999997	0.010285526195990654
3522.446	0.010285526195990654
3522.5899999999997	0.010285526195990654
3522.734	0.010285526195990654
3522.877	0.010285526195990654
3523.0209999999997	0.010285526195990654
3523.1659999999997	0.010285526195990654
3523.31	0.010285526195990654
3523.4539999999997	0.010285526195990654
3523.598	0.01029263570888219
3523.7419999999997	0.01029909890241995
3523.8849999999998	0.01029909890241995
3524.029	0.010302976818542604
3524.173	0.010302976818542604
3524.317	0.010302976818542604
3524.461	0.010302976818542604
3524.605	0.010302976818542604
3524.749	0.010302976818542604
3524.892	0.010305562095957708
3525.0359999999996	0.010311378970141692
3525.18	0.010311378970141692
3525.3239999999996	0.010311378970141692
3525.468	0.010311378970141692
3525.611	0.010311378970141692
3525.756	0.010311378970141692
3525.899	0.010311378970141692
3526.0429999999997	0.010311378970141692
3526.187	0.010311378970141692
3526.3309999999997	0.010328183273339868
3526.475	0.010342402299122939
3526.618	0.010342402299122939
3526.763	0.010342402299122939
3526.906	0.01035209708942958
3527.0499999999997	0.010360499241028666
3527.194	0.010368901392627753
3527.3399999999997	0.01038570569582593
3527.482	0.010399924721609
3527.6259999999997	0.010412204789330743
3527.769	0.010432240689297797
3527.913	0.010454861866679956
3528.057	0.010465849295694149
3528.201	0.010467788253755475
3528.345	0.010475544086000786
3528.489	0.010485238876307427
3528.633	0.010487177834368753
3528.777	0.010488470473076307
3528.9199999999996	0.01049622630532162
3529.065	0.010506567414982033
3529.2079999999996	0.010515615885934897
3529.352	0.010525956995595312
3529.4959999999996	0.01053759074396328
3529.6389999999997	0.010551809769746349
3529.7839999999997	0.010562797198760542
3529.9269999999997	0.01056796775359075
3530.071	0.010577016224543614
3530.2149999999997	0.010584772056788925
3530.359	0.010590588930972908
3530.502	0.0106015763599871
3530.647	0.010608685872878635
3530.79	0.010618380663185274
3530.9339999999997	0.010628721772845691
3531.078	0.010633892327675898
3531.2219999999998	0.010641001840567432
3531.366	0.01064617239539764
3531.5099999999998	0.010651342950227849
3531.653	0.010655867185704281
3531.797	0.010656513505058057
3531.941	0.010656513505058057
3532.085	0.01066685461471847
3532.229	0.010679781001793991
3532.373	0.010682366279209096
3532.517	0.010684305237270424
3532.66	0.01068818315339308
3532.8039999999996	0.01069141475016196
3532.948	0.010696585304992165
3533.0919999999996	0.010703048498529925
3533.236	0.01070886537271391
3533.3799999999997	0.0107198528017281
3533.524	0.010727608633973412
3533.667	0.010731486550096068
3533.8109999999997	0.010737303424280052
3533.955	0.010744412937171587
3534.0989999999997	0.010757339324247106
3534.243	0.010767034114553747
3534.386	0.010774143627445283
3534.531	0.01079030161128968
3534.6749999999997	0.010805813275780302
3534.8179999999998	0.010812276469318063
3534.962	0.010825202856393584
3535.1059999999998	0.010845885075714413
3535.25	0.01085881146278993
3535.393	0.010873030488573004
3535.538	0.010896944304662714
3535.682	0.01091051701109201
3535.825	0.010914394927214665
3535.969	0.010918272843337322
3536.113	0.010922150759459976
3536.2599999999998	0.010925382356228856
3536.401	0.010931845549766617
3536.544	0.010958344643271431
3536.6879999999996	0.010993245888375334
3536.832	0.011027500814125459
3536.9759999999997	0.011048829352800065
3537.12	0.011059816781814256
3537.2639999999997	0.01107856004307376
3537.408	0.01109277906885683
3537.551	0.011099888581748367
3537.6949999999997	0.011116046565592765
3537.839	0.01112961927202206
3537.9829999999997	0.011134789826852268
3538.127	0.011147069894574011
3538.2709999999997	0.011160642601003306
3538.415	0.011174215307432601
3538.5589999999997	0.011188434333215674
3538.7019999999998	0.0112065312751214
3538.846	0.011218165023489365
3538.99	0.011226567175088454
3539.134	0.011240139881517749
3539.277	0.011245956755701732
3539.422	0.011249188352470612
3539.565	0.011253712587947044
3539.709	0.011255005226654598
3539.8529999999996	0.011255651546008374
3539.997	0.011287967513697171
3540.1409999999996	0.011321576120093522
3540.285	0.011338380423291695
3540.428	0.01136035528132008
3540.5719999999997	0.011373281668395598
3540.7169999999996	0.011382976458702237
3540.861	0.011382976458702237
3541.0049999999997	0.011382976458702237
3541.149	0.011382976458702237
3541.2929999999997	0.011382976458702237
3541.4359999999997	0.011382976458702237
3541.58	0.011382976458702237
3541.7239999999997	0.011382976458702237
3541.868	0.011382976458702237
3542.0119999999997	0.011382976458702237
3542.156	0.011382976458702237
3542.2999999999997	0.011382976458702237
3542.444	0.011382976458702237
3542.587	0.011382976458702237
3542.7309999999998	0.011382976458702237
3542.8759999999997	0.011382976458702237
3543.02	0.011382976458702237
3543.163	0.011382976458702237
3543.307	0.011382976458702237
3543.451	0.011382976458702237
3543.594	0.011382976458702237
3543.738	0.011382976458702237
3543.8819999999996	0.011382976458702237
3544.026	0.011382976458702237
3544.1699999999996	0.011382976458702237
3544.314	0.011382976458702237
3544.4579999999996	0.011382976458702237
3544.6009999999997	0.011382976458702237
3544.745	0.011382976458702237
3544.8889999999997	0.011382976458702237
3545.033	0.011382976458702237
3545.1769999999997	0.011382976458702237
3545.323	0.011382976458702237
3545.464	0.011382976458702237
3545.6079999999997	0.011382976458702237
3545.752	0.011382976458702237
3545.8959999999997	0.011382976458702237
3546.04	0.011382976458702237
3546.1839999999997	0.011382976458702237
3546.3269999999998	0.011382976458702237
3546.4719999999998	0.011382976458702237
3546.615	0.011382976458702237
3546.759	0.011382976458702237
3546.903	0.011382976458702237
3547.047	0.011382976458702237
3547.191	0.011382976458702237
3547.335	0.011382976458702237
3547.4779999999996	0.011382976458702237
3547.622	0.011382976458702237
3547.7659999999996	0.011382976458702237
3547.91	0.011382976458702237
3548.0539999999996	0.011382976458702237
3548.198	0.011382976458702237
3548.3419999999996	0.011382976458702237
3548.486	0.011382976458702237
3548.629	0.011382976458702237
3548.7729999999997	0.011382976458702237
3548.917	0.011382976458702237
3549.0609999999997	0.011382976458702237
3549.2039999999997	0.011382976458702237
3549.3489999999997	0.011382976458702237
3549.4919999999997	0.011382976458702237
3549.6369999999997	0.011382976458702237
3549.7799999999997	0.011382976458702237
3549.924	0.011382976458702237
3550.0679999999998	0.011382976458702237
3550.211	0.011382976458702237
3550.3559999999998	0.011382976458702237
3550.499	0.011382976458702237
3550.643	0.011382976458702237
3550.787	0.011382976458702237
3550.931	0.011382976458702237
3551.075	0.011382976458702237
3551.219	0.011382976458702237
3551.3619999999996	0.011382976458702237
3551.506	0.011382976458702237
3551.6499999999996	0.011382976458702237
3551.794	0.011382976458702237
3551.94	0.011382976458702237
3552.0809999999997	0.011382976458702237
3552.2259999999997	0.011382976458702237
3552.3689999999997	0.011382976458702237
3552.513	0.011382976458702237
3552.6569999999997	0.011382976458702237
3552.801	0.011382976458702237
3552.9449999999997	0.011382976458702237
3553.089	0.011382976458702237
3553.2329999999997	0.011382976458702237
3553.3759999999997	0.011382976458702237
3553.52	0.011382976458702237
3553.6639999999998	0.011382976458702237
3553.808	0.011382976458702237
3553.9519999999998	0.011382976458702237
3554.096	0.011382976458702237
3554.24	0.011382976458702237
3554.3869999999997	0.011382976458702237
3554.527	0.011382976458702237
3554.671	0.011382976458702237
3554.815	0.011382976458702237
3554.959	0.011382976458702237
3555.1029999999996	0.011382976458702237
3555.247	0.011382976458702237
3555.39	0.011382976458702237
3555.535	0.011382976458702237
3555.678	0.011382976458702237
3555.8219999999997	0.011382976458702237
3555.966	0.011382976458702237
3556.1099999999997	0.011382976458702237
3556.2529999999997	0.011382976458702237
3556.3979999999997	0.011382976458702237
3556.542	0.011382976458702237
3556.6859999999997	0.011382976458702237
3556.8289999999997	0.011377159584518255
3556.973	0.011377159584518255
3557.1169999999997	0.011345489936183232
3557.2599999999998	0.011345489936183232
3557.404	0.011321576120093522
3557.548	0.011287967513697171
3557.692	0.011255651546008374
3557.836	0.011255005226654598
3557.98	0.01124983467182439
3558.125	0.011239493562163975
3558.269	0.011226567175088454
3558.412	0.011211701829951608
3558.556	0.011203945997706296
3558.7	0.011194251207399655
3558.844	0.011183263778385466
3558.9869999999996	0.011183263778385466
3559.1319999999996	0.011183263778385466
3559.2749999999996	0.011175507946140154
3559.419	0.011168398433248617
3559.5629999999996	0.011168398433248617
3559.707	0.011168398433248617
3559.8509999999997	0.011168398433248617
3559.995	0.01116452051712596
3560.138	0.011158057323588204
3560.2819999999997	0.011147069894574011
3560.426	0.011147069894574011
3560.5699999999997	0.011147069894574011
3560.7129999999997	0.011147069894574011
3560.8579999999997	0.011147069894574011
3561.002	0.011147069894574011
3561.149	0.011147069894574011
3561.2909999999997	0.011147069894574011
3561.437	0.011147069894574011
3561.5789999999997	0.011147069894574011
3561.7239999999997	0.011147069894574011
3561.865	0.011147069894574011
3562.0119999999997	0.011147069894574011
3562.1569999999997	0.011147069894574011
3562.299	0.011147069894574011
3562.4429999999998	0.011147069894574011
3562.584	0.011147069894574011
3562.7279999999996	0.011147069894574011
3562.8709999999996	0.011147069894574011
3563.0159999999996	0.011147069894574011
3563.1589999999997	0.011147069894574011
3563.303	0.011147069894574011
3563.4489999999996	0.011147069894574011
3563.591	0.011147069894574011
3563.7349999999997	0.011147069894574011
3563.8779999999997	0.011147069894574011
3564.0229999999997	0.011147069894574011
3564.167	0.011147069894574011
3564.31	0.011147069894574011
3564.4539999999997	0.011147069894574011
3564.598	0.011147069894574011
3564.7419999999997	0.011147069894574011
3564.886	0.011147069894574011
3565.029	0.011158057323588204
3565.173	0.011165813155833513
3565.317	0.011177446904201482
3565.461	0.011194251207399655
3565.605	0.011203945997706296
3565.749	0.011209116552536504
3565.893	0.011229152452503558
3566.037	0.011245310436347956
3566.18	0.011245310436347956
3566.3239999999996	0.011250480991178164
3566.468	0.011267285294376341
3566.611	0.011293784387881155
3566.756	0.011329331952338834
3566.903	0.011354538407136096
3567.044	0.011348075213598336
3567.187	0.011348075213598336
3567.3309999999997	0.011348075213598336
3567.475	0.011348075213598336
3567.6189999999997	0.011348075213598336
3567.7619999999997	0.011348075213598336
3567.906	0.011348075213598336
3568.0499999999997	0.011348075213598336
3568.194	0.011348075213598336
3568.3379999999997	0.011348075213598336
3568.482	0.011348075213598336
3568.6259999999997	0.011348075213598336
3568.77	0.011348075213598336
3568.913	0.011348075213598336
3569.057	0.011348075213598336
3569.201	0.011348075213598336
3569.346	0.011348075213598336
3569.489	0.011348075213598336
3569.6349999999998	0.011348075213598336
3569.777	0.011348075213598336
3569.921	0.011348075213598336
3570.064	0.011348075213598336
3570.209	0.011348075213598336
3570.352	0.011348075213598336
3570.4959999999996	0.011348075213598336
3570.64	0.011348075213598336
3570.7839999999997	0.011348075213598336
3570.9269999999997	0.011348075213598336
3571.071	0.011348075213598336
3571.2149999999997	0.011348075213598336
3571.359	0.011348075213598336
3571.5049999999997	0.011348075213598336
3571.6459999999997	0.011348075213598336
3571.79	0.011348075213598336
3571.9339999999997	0.011348075213598336
3572.078	0.011348075213598336
3572.2219999999998	0.011348075213598336
3572.366	0.011348075213598336
3572.511	0.011348075213598336
3572.653	0.011348075213598336
3572.798	0.011348075213598336
3572.941	0.011348075213598336
3573.085	0.011348075213598336
3573.229	0.011348075213598336
3573.373	0.011348075213598336
3573.517	0.011348075213598336
3573.6609999999996	0.011348075213598336
3573.8039999999996	0.01132674667492373
3573.948	0.01132674667492373
3574.0919999999996	0.01132674667492373
3574.236	0.01132674667492373
3574.379	0.01132674667492373
3574.524	0.01132674667492373
3574.6679999999997	0.011322868758801074
3574.8109999999997	0.011322868758801074
3574.955	0.011304771816895345
3575.0989999999997	0.011304771816895345
3575.243	0.011304771816895345
3575.3869999999997	0.011304771816895345
3575.531	0.011304771816895345
3575.6749999999997	0.011304771816895345
3575.819	0.011304771816895345
3575.9629999999997	0.011304771816895345
3576.107	0.011304771816895345
3576.2509999999997	0.011304771816895345
3576.395	0.011304771816895345
3576.538	0.011304771816895345
3576.682	0.011304771816895345
3576.826	0.011304771816895345
3576.97	0.011304771816895345
3577.114	0.011304771816895345
3577.258	0.011304771816895345
3577.402	0.011304771816895345
3577.5449999999996	0.011304771816895345
3577.689	0.011304771816895345
3577.8329999999996	0.011304771816895345
3577.977	0.011304771816895345
3578.1209999999996	0.011304771816895345
3578.265	0.011304771816895345
3578.4089999999997	0.011304771816895345
3578.553	0.011304771816895345
3578.696	0.011304771816895345
3578.8399999999997	0.011304771816895345
3578.984	0.011304771816895345
3579.1279999999997	0.011304771816895345
3579.2709999999997	0.011304771816895345
3579.4159999999997	0.011304771816895345
3579.5589999999997	0.011304771816895345
3579.703	0.011304771816895345
3579.8469999999998	0.011304771816895345
3579.991	0.011304771816895345
3580.1349999999998	0.011304771816895345
3580.279	0.011304771816895345
3580.424	0.011304771816895345
3580.567	0.011304771816895345
3580.71	0.011304771816895345
3580.854	0.011304771816895345
3580.998	0.011304771816895345
3581.142	0.011304771816895345
3581.2859999999996	0.011304771816895345
3581.4289999999996	0.011304771816895345
3581.576	0.011304771816895345
3581.7169999999996	0.011304771816895345
3581.861	0.011304771816895345
3582.0049999999997	0.011304771816895345
3582.149	0.011304771816895345
3582.2929999999997	0.011304771816895345
3582.4359999999997	0.011304771816895345
3582.58	0.011304771816895345
3582.7239999999997	0.011304771816895345
3582.868	0.011304771816895345
3583.0119999999997	0.011304771816895345
3583.1549999999997	0.011304771816895345
3583.2999999999997	0.011304771816895345
3583.4429999999998	0.011304771816895345
3583.5879999999997	0.011304771816895345
3583.732	0.011304771816895345
3583.8759999999997	0.011304771816895345
3584.019	0.011304771816895345
3584.163	0.011304771816895345
3584.307	0.011304771816895345
3584.45	0.011304771816895345
3584.594	0.011304771816895345
3584.738	0.011304771816895345
3584.8819999999996	0.011304771816895345
3585.026	0.011304771816895345
3585.1699999999996	0.011304771816895345
3585.3129999999996	0.011304771816895345
3585.4579999999996	0.011304771816895345
3585.6009999999997	0.011304771816895345
3585.745	0.011304771816895345
3585.8889999999997	0.011304771816895345
3586.033	0.011304771816895345
3586.1769999999997	0.011304771816895345
3586.3199999999997	0.011304771816895345
3586.464	0.011304771816895345
3586.6079999999997	0.011304771816895345
3586.752	0.011304771816895345
3586.8959999999997	0.011304771816895345
3587.04	0.011304771816895345
3587.1839999999997	0.011304771816895345
3587.328	0.011304771816895345
3587.471	0.011304771816895345
3587.615	0.011304771816895345
3587.759	0.011304771816895345
3587.903	0.011304771816895345
3588.046	0.011304771816895345
3588.191	0.011304771816895345
3588.335	0.011304771816895345
3588.4779999999996	0.011304771816895345
3588.622	0.011304771816895345
3588.75	0.011304771816895345
3588.894	0.011304771816895345
3589.037	0.011304771816895345
3589.182	0.011304771816895345
3589.325	0.011304771816895345
3589.469	0.011304771816895345
3589.613	0.011304771816895345
3589.7569999999996	0.011304771816895345
3589.901	0.011304771816895345
3590.0449999999996	0.011304771816895345
3590.1879999999996	0.011304771816895345
3590.332	0.011304771816895345
3590.4759999999997	0.011304771816895345
3590.624	0.011304771816895345
3590.7639999999997	0.011304771816895345
3590.908	0.011304771816895345
3591.0519999999997	0.011304771816895345
3591.196	0.011322868758801074
3591.339	0.011340319381353024
3591.4829999999997	0.01134419729747568
3591.627	0.011348075213598336
3591.7709999999997	0.011351953129720992
3591.915	0.011355831045843647
3592.0589999999997	0.011361001600673853
3592.2019999999998	0.011363586878088958
3592.346	0.011364233197442734
3592.49	0.01136487951679651
3592.634	0.011366818474857838
3592.778	0.011375866945810702
3592.921	0.011383622778056015
3593.067	0.011385561736117341
3593.21	0.011387500694178668
3593.354	0.011389439652239996
3593.498	0.01140947555220705
3593.642	0.011435328326358088
3593.7859999999996	0.01146893693275444
3593.93	0.011501899219797015
3594.073	0.011512886648811206
3594.2169999999996	0.011518057203641414
3594.361	0.011527751993948052
3594.5049999999997	0.01153938574231602
3594.649	0.01154584893585378
3594.7929999999997	0.011556190045514196
3594.937	0.01156329955840573
3595.08	0.01158268913901901
3595.2239999999997	0.011611127190585152
3595.368	0.011629224132490878
3595.5119999999997	0.011644089477627725
3595.656	0.01165636954534947
3595.7999999999997	0.011675112806608972
3595.944	0.011676405445316524
3596.0879999999997	0.011676405445316524
3596.2309999999998	0.011691917109807147
3596.375	0.011691917109807147
3596.519	0.011691917109807147
3596.663	0.011691917109807147
3596.807	0.011691917109807147
3596.953	0.011691917109807147
3597.095	0.011691917109807147
3597.239	0.011691917109807147
3597.3819999999996	0.011691917109807147
3597.526	0.011691917109807147
3597.671	0.011691917109807147
3597.815	0.011691917109807147
3597.9579999999996	0.011691917109807147
3598.102	0.011691917109807147
3598.245	0.011691917109807147
3598.3889999999997	0.011691917109807147
3598.533	0.011691917109807147
3598.6769999999997	0.011691917109807147
3598.821	0.011691917109807147
3598.964	0.011691917109807147
3599.1079999999997	0.011691917109807147
3599.252	0.011691917109807147
3599.3959999999997	0.011691917109807147
3599.542	0.011691917109807147
3599.6839999999997	0.011691917109807147
3599.828	0.011691917109807147
3599.9719999999998	0.011691917109807147
3600.0989999999997	0.011691917109807147
3600.243	0.011691917109807147
3600.3869999999997	0.011691917109807147
3600.531	0.011691917109807147
3600.6749999999997	0.011691917109807147
3600.819	0.011691917109807147
3600.9629999999997	0.011691917109807147
3601.1059999999998	0.011691917109807147
3601.25	0.011691917109807147
3601.394	0.011691917109807147
3601.538	0.011691917109807147
3601.682	0.011691917109807147
3601.826	0.011691917109807147
3601.969	0.011691917109807147
3602.113	0.011691917109807147
3602.2569999999996	0.011691917109807147
3602.401	0.011691917109807147
3602.5449999999996	0.011691917109807147
3602.689	0.011691917109807147
3602.8329999999996	0.011691917109807147
3602.9759999999997	0.011691917109807147
3603.12	0.011691917109807147
3603.2639999999997	0.011691917109807147
3603.408	0.011691917109807147
3603.5519999999997	0.011691917109807147
3603.696	0.011691917109807147
3603.839	0.011691917109807147
3603.984	0.011691917109807147
3604.127	0.011691917109807147
3604.2709999999997	0.011691917109807147
3604.415	0.011691917109807147
3604.5589999999997	0.011691917109807147
3604.703	0.011691917109807147
3604.8469999999998	0.011691917109807147
3604.99	0.011691917109807147
3605.134	0.011691917109807147
3605.278	0.011691917109807147
3605.422	0.011691917109807147
3605.566	0.011691917109807147
3605.71	0.011691917109807147
3605.854	0.011691917109807147
3605.997	0.011691917109807147
3606.1409999999996	0.011691917109807147
3606.285	0.011691917109807147
3606.4289999999996	0.011691917109807147
3606.573	0.011691917109807147
3606.7169999999996	0.011691917109807147
3606.861	0.011691917109807147
3607.0049999999997	0.011691917109807147
3607.1479999999997	0.011691917109807147
3607.292	0.011691917109807147
3607.4359999999997	0.011691917109807147
3607.58	0.011691917109807147
3607.723	0.011691917109807147
3607.868	0.011691917109807147
3608.011	0.011691917109807147
3608.1549999999997	0.011691917109807147
3608.299	0.011691917109807147
3608.4429999999998	0.011691917109807147
3608.589	0.011691917109807147
3608.73	0.011691917109807147
3608.874	0.011691917109807147
3609.018	0.011691917109807147
3609.162	0.011691917109807147
3609.306	0.011691917109807147
3609.45	0.011691917109807147
3609.594	0.011691917109807147
3609.738	0.011691917109807147
3609.881	0.011691917109807147
3610.0249999999996	0.011711953009774203
3610.169	0.011722940438788392
3610.3129999999996	0.011732635229095033
3610.457	0.011738452103279017
3610.602	0.011741683700047897
3610.7459999999996	0.011757195364538519
3610.8889999999997	0.011775938625798022
3611.033	0.011786926054812213
3611.1769999999997	0.011797913483826404
3611.321	0.011805669316071717
3611.4649999999997	0.0118114861902557
3611.609	0.011828290493453875
3611.7529999999997	0.011856082225666241
3611.8999999999996	0.011876764444987073
3612.04	0.011884520277232384
3612.1839999999997	0.011890983470770142
3612.328	0.011896800344954127
3612.4719999999998	0.011896800344954127
3612.615	0.011896800344954127
3612.7599999999998	0.011905202496553215
3612.903	0.011914250967506078
3613.047	0.011917482564274957
3613.191	0.011922006799751389
3613.335	0.011922006799751389
3613.479	0.011922006799751389
3613.623	0.011922006799751389
3613.7659999999996	0.011922006799751389
3613.9109999999996	0.011922006799751389
3614.0539999999996	0.011922006799751389
3614.198	0.011922006799751389
3614.3419999999996	0.011922006799751389
3614.486	0.011922006799751389
3614.6299999999997	0.011922006799751389
3614.7729999999997	0.011922006799751389
3614.917	0.011922006799751389
3615.0609999999997	0.011922006799751389
3615.205	0.011922006799751389
3615.3489999999997	0.011922006799751389
3615.493	0.011922006799751389
3615.6369999999997	0.011922006799751389
3615.781	0.011922006799751389
3615.924	0.011922006799751389
3616.0679999999998	0.011922006799751389
3616.212	0.011922006799751389
3616.3559999999998	0.011922006799751389
3616.5	0.011922006799751389
3616.644	0.011922006799751389
3616.787	0.011922006799751389
3616.931	0.011922006799751389
3617.075	0.011922006799751389
3617.219	0.011922006799751389
3617.363	0.011922006799751389
3617.506	0.011922006799751389
3617.653	0.011922006799751389
3617.794	0.011922006799751389
3617.9379999999996	0.011922006799751389
3618.082	0.011922006799751389
3618.2259999999997	0.011922006799751389
3618.37	0.011922006799751389
3618.5139999999997	0.011922006799751389
3618.6589999999997	0.011922006799751389
3618.8019999999997	0.011922006799751389
3618.9449999999997	0.011922006799751389
3619.089	0.011922006799751389
3619.2329999999997	0.011922006799751389
3619.377	0.011922006799751389
3619.5209999999997	0.011922006799751389
3619.6639999999998	0.011922006799751389
3619.808	0.011922006799751389
3619.9519999999998	0.011922006799751389
3620.096	0.011922006799751389
3620.24	0.011922006799751389
3620.384	0.011922006799751389
3620.528	0.011922006799751389
3620.672	0.011922006799751389
3620.815	0.011922006799751389
3620.959	0.011922006799751389
3621.1029999999996	0.011922006799751389
3621.247	0.011922006799751389
3621.3909999999996	0.011922006799751389
3621.535	0.011917482564274957
3621.6789999999996	0.011917482564274957
3621.8219999999997	0.011917482564274957
3621.966	0.011914250967506078
3622.1099999999997	0.011914250967506078
3622.254	0.01190908041267587
3622.3979999999997	0.011901324580430559
3622.5409999999997	0.011897446664307903
3622.6859999999997	0.011897446664307903
3622.83	0.011896800344954127
3622.973	0.011890983470770142
3623.1169999999997	0.011884520277232384
3623.2619999999997	0.011884520277232384
3623.4049999999997	0.011879349722402177
3623.549	0.011872886528864417
3623.6929999999998	0.011856082225666241
3623.8379999999997	0.011825058896684996
3623.9809999999998	0.011825058896684996
3624.125	0.011825058896684996
3624.269	0.011825058896684996
3624.413	0.011825058896684996
3624.556	0.011825058896684996
3624.7	0.011825058896684996
3624.846	0.011825058896684996
3624.9919999999997	0.011825058896684996
3625.134	0.011825058896684996
3625.277	0.011825058896684996
3625.4199999999996	0.011825058896684996
3625.566	0.011825058896684996
3625.709	0.011825058896684996
3625.854	0.011825058896684996
3625.998	0.011825058896684996
3626.1409999999996	0.011825058896684996
3626.281	0.011825058896684996
3626.426	0.011805669316071717
3626.5699999999997	0.011801145080595285
3626.716	0.011799206122533957
3626.857	0.011795974525765076
3627.0009999999997	0.011786926054812213
3627.145	0.011775938625798022
3627.2889999999998	0.011770121751614038
3627.432	0.011767536474198934
3627.576	0.011758488003246071
3627.72	0.011751378490354536
3627.864	0.01174750057423188
3628.009	0.011741683700047897
3628.153	0.011738452103279017
3628.297	0.011732635229095033
3628.44	0.0117281109936186
3628.584	0.011722940438788392
3628.7279999999996	0.011711306690420427
3628.872	0.011700319261406234
3629.0159999999996	0.01168997815174582
3629.16	0.011681576000146732
3629.3039999999996	0.011675759125962748
3629.448	0.011669942251778764
3629.591	0.011666064335656109
3629.7349999999997	0.011657662184057022
3629.879	0.01164990635181171
3630.0229999999997	0.011644089477627725
3630.167	0.011631163090552208
3630.3109999999997	0.011622114619599343
3630.455	0.011620175661538015
3630.598	0.011617590384122911
3630.7419999999997	0.011611773509938927
3630.886	0.011606602955108718
3631.0319999999997	0.011600786080924737
3631.174	0.011589152332556769
3631.317	0.011580750180957682
3631.462	0.011579457542250132
3631.605	0.011573640668066147
3631.749	0.011563945877759507
3631.893	0.01156006796163685
3632.037	0.011558129003575522
3632.181	0.011555543726160418
3632.3239999999996	0.011550373171330213
3632.468	0.011541971019731125
3632.6119999999996	0.011531629910070708
3632.756	0.011523874077825397
3632.8999999999996	0.011520642481056517
3633.044	0.011513532968164982
3633.1879999999996	0.011506423455273446
3633.3309999999997	0.011503838177858342
3633.475	0.011503191858504567
3633.6189999999997	0.011498021303674359
3633.763	0.011490265471429046
3633.9069999999997	0.011487680194013942
3634.051	0.011486387555306392
3634.1949999999997	0.011480570681122407
3634.339	0.01146893693275444
3634.482	0.011461827419862906
3634.6259999999997	0.011460534781155354
3634.77	0.0114592421424478
3634.9139999999998	0.011458595823094024
3635.057	0.01145471790697137
3635.2019999999998	0.011450839990848713
3635.346	0.011448901032787385
3635.489	0.011443730477957176
3635.633	0.011437913603773196
3635.779	0.011434682007004315
3635.921	0.011430804090881659
3636.065	0.011426926174759003
3636.2079999999996	0.01142563353605145
3636.3529999999996	0.011423694577990123
3636.4959999999996	0.011419170342513692
3636.64	0.011416585065098588
3636.7839999999997	0.01141464610703726
3636.928	0.011409475552207053
3637.0719999999997	0.011403658678023069
3637.2149999999997	0.011395902845777756
3637.359	0.011381683819994685
3637.5029999999997	0.011368757432919166
3637.647	0.01136487951679651
3637.7909999999997	0.011364233197442734
3637.9359999999997	0.011363586878088958
3638.0789999999997	0.011362294239381406
3638.223	0.011359062642612525
3638.366	0.01135195312972099
3638.5099999999998	0.011342258339414352
3638.654	0.011336441465230369
3638.798	0.011334502507169041
3638.942	0.011332563549107713
3639.086	0.011330624591046385
3639.229	0.01132674667492373
3639.373	0.011321576120093522
3639.517	0.011319637162032192
3639.6609999999996	0.011318344523324642
3639.805	0.01131705188461709
3639.948	0.011306710774956673
3640.093	0.011289260152404723
3640.236	0.011282150639513188
3640.3799999999997	0.01128021168145186
3640.524	0.011273102168560324
3640.6679999999997	0.011265346336315011
3640.812	0.011262761058899907
3640.9559999999997	0.011261468420192357
3641.0989999999997	0.011260175781484805
3641.243	0.011259529462131029
3641.3869999999997	0.0112575905040697
3641.531	0.011255651546008374
3641.6749999999997	0.011251773629885718
3641.819	0.011248542033116838
3641.9649999999997	0.011240786200871527
3642.1059999999998	0.011227859813796006
3642.25	0.01122075030090447
3642.394	0.011216872384781815
3642.538	0.01121299446865916
3642.682	0.011201360720291192
3642.825	0.011189726971923226
3642.969	0.01118584905580057
3643.113	0.011178093223555258
3643.2569999999996	0.01116969107195617
3643.401	0.01116645947518729
3643.5449999999996	0.011165813155833516
3643.689	0.01116193523971086
3643.832	0.011158057323588202
3643.977	0.011150301491342891
3644.12	0.011141253020390027
3644.2639999999997	0.011132850868790942
3644.408	0.01112509503654563
3644.5519999999997	0.011122509759130525
3644.696	0.011119278162361645
3644.8419999999996	0.011114107607531436
3644.9829999999997	0.011110229691408782
3645.1279999999997	0.011101181220455919
3645.2709999999997	0.011075974765658657
3645.415	0.011037841923785874
3645.56	0.011004879636743299
3645.7039999999997	0.010993245888375334
3645.848	0.010988721652898902
3645.991	0.010981612140007365
3646.1349999999998	0.010978380543238487
3646.279	0.010971271030346952
3646.423	0.010964161517455415
3646.567	0.010960283601332759
3646.711	0.010956405685210103
3646.855	0.010955759365856327
3646.998	0.010949942491672342
3647.142	0.010941540340073256
3647.2859999999996	0.010934430827181721
3647.43	0.01092796763364396
3647.5739999999996	0.0109215044401062
3647.7169999999996	0.010912455969153337
3647.8619999999996	0.010907285414323129
3648.0049999999997	0.01089759062401649
3648.149	0.010885956875648523
3648.2929999999997	0.010880786320818316
3648.437	0.01087690840469566
3648.5809999999997	0.010865920975681467
3648.7239999999997	0.010865920975681467
3648.868	0.010843946117653085
3649.0119999999997	0.010843946117653085
3649.156	0.010843946117653085
3649.2999999999997	0.010843946117653085
3649.444	0.010843946117653085
3649.5879999999997	0.010843946117653085
3649.732	0.010843946117653085
3649.875	0.01079676480482744
3650.019	0.01079676480482744
3650.163	0.01079676480482744
3650.307	0.01079676480482744
3650.451	0.01079676480482744
3650.595	0.01079676480482744
3650.739	0.01079676480482744
3650.8819999999996	0.01079676480482744
3651.026	0.01079676480482744
3651.1699999999996	0.01079676480482744
3651.314	0.01079676480482744
3651.4579999999996	0.01079676480482744
3651.602	0.01079676480482744
3651.7459999999996	0.01079676480482744
3651.8889999999997	0.01079676480482744
3652.033	0.01079676480482744
3652.1769999999997	0.01079676480482744
3652.3219999999997	0.01079676480482744
3652.4649999999997	0.01079676480482744
3652.609	0.01079676480482744
3652.7529999999997	0.01079676480482744
3652.8959999999997	0.01079676480482744
3653.04	0.01079676480482744
3653.1839999999997	0.01079676480482744
3653.328	0.01079676480482744
3653.4719999999998	0.01079676480482744
3653.616	0.01079676480482744
3653.759	0.01079676480482744
3653.906	0.010789008972582129
3654.047	0.010745705575879139
3654.191	0.010737949743633828
3654.334	0.010725023356558309
3654.479	0.01071209696948279
3654.623	0.01071209696948279
3654.7659999999996	0.01071209696948279
3654.91	0.01071209696948279
3655.0539999999996	0.01071209696948279
3655.198	0.01071209696948279
3655.3419999999996	0.01071209696948279
3655.486	0.01071209696948279
3655.629	0.01071209696948279
3655.7729999999997	0.01071209696948279
3655.917	0.01071209696948279
3656.0609999999997	0.01071209696948279
3656.205	0.01071209696948279
3656.3489999999997	0.01071209696948279
3656.4919999999997	0.01071209696948279
3656.6369999999997	0.01071209696948279
3656.7799999999997	0.01071209696948279
3656.928	0.01071209696948279
3657.067	0.01071209696948279
3657.212	0.01071209696948279
3657.3559999999998	0.01071209696948279
3657.499	0.01071209696948279
3657.643	0.01071209696948279
3657.787	0.01071209696948279
3657.931	0.01071209696948279
3658.075	0.01071209696948279
3658.219	0.01071209696948279
3658.363	0.01071209696948279
3658.5069999999996	0.01071209696948279
3658.6499999999996	0.01071209696948279
3658.794	0.01071209696948279
3658.9379999999996	0.01071209696948279
3659.082	0.01071209696948279
3659.225	0.01071209696948279
3659.37	0.01071209696948279
3659.5139999999997	0.01071209696948279
3659.6569999999997	0.01071209696948279
3659.801	0.01071209696948279
3659.9449999999997	0.01071209696948279
3660.089	0.01071209696948279
3660.2329999999997	0.01071209696948279
3660.377	0.01071209696948279
3660.5209999999997	0.01071209696948279
3660.6639999999998	0.01071209696948279
3660.808	0.01071209696948279
3660.9519999999998	0.01071209696948279
3661.096	0.01071209696948279
3661.24	0.01071209696948279
3661.383	0.01071209696948279
3661.527	0.01071209696948279
3661.671	0.01071209696948279
3661.815	0.01071209696948279
3661.959	0.01071209696948279
3662.1029999999996	0.01071209696948279
3662.247	0.01071209696948279
3662.3909999999996	0.01071209696948279
3662.5339999999997	0.01071209696948279
3662.678	0.01071209696948279
3662.8239999999996	0.01071209696948279
3662.9669999999996	0.01071209696948279
3663.111	0.01071209696948279
3663.2549999999997	0.01071209696948279
3663.399	0.01071209696948279
3663.542	0.01071209696948279
3663.6859999999997	0.01071209696948279
3663.83	0.01071209696948279
3663.9739999999997	0.01071209696948279
3664.1169999999997	0.01071209696948279
3664.2619999999997	0.01071209696948279
3664.406	0.01071209696948279
3664.549	0.01071209696948279
3664.6929999999998	0.01071209696948279
3664.837	0.01071209696948279
3664.9809999999998	0.01071209696948279
3665.125	0.01071209696948279
3665.269	0.01071209696948279
3665.413	0.01071209696948279
3665.557	0.01071209696948279
3665.7019999999998	0.01071209696948279
3665.844	0.01071209696948279
3665.988	0.01071209696948279
3666.133	0.01071209696948279
3666.276	0.01071209696948279
3666.4199999999996	0.01071209696948279
3666.564	0.01071209696948279
3666.707	0.01071209696948279
3666.8509999999997	0.01071209696948279
3666.995	0.01071209696948279
3667.1389999999997	0.01071209696948279
3667.283	0.010706280095298806
3667.426	0.010706280095298806
3667.5699999999997	0.010706280095298806
3667.714	0.010706280095298806
3667.8579999999997	0.010706280095298806
3668.002	0.010706280095298806
3668.1459999999997	0.010706280095298806
3668.29	0.010706280095298806
3668.433	0.010706280095298806
3668.5769999999998	0.010706280095298806
3668.721	0.010698524263053493
3668.865	0.010698524263053493
3669.009	0.010698524263053493
3669.153	0.010698524263053493
3669.297	0.010698524263053493
3669.44	0.010698524263053493
3669.584	0.010698524263053493
3669.7279999999996	0.010698524263053493
3669.872	0.010698524263053493
3670.0159999999996	0.010698524263053493
3670.1589999999997	0.010698524263053493
3670.3039999999996	0.010698524263053493
3670.4469999999997	0.010698524263053493
3670.591	0.010698524263053493
3670.7349999999997	0.010698524263053493
3670.879	0.010698524263053493
3671.0229999999997	0.010698524263053493
3671.171	0.010698524263053493
3671.3129999999996	0.010698524263053493
3671.4579999999996	0.010698524263053493
3671.6009999999997	0.010698524263053493
3671.745	0.010698524263053493
3671.893	0.010698524263053493
3672.0299999999997	0.010698524263053493
3672.1749999999997	0.010698524263053493
3672.317	0.010698524263053493
3672.461	0.010698524263053493
3672.605	0.010698524263053493
3672.749	0.010698524263053493
3672.893	0.010663623017949592
3673.037	0.010663623017949592
3673.181	0.010663623017949592
3673.3239999999996	0.010663623017949592
3673.468	0.010632599688968347
3673.6119999999996	0.010632599688968347
3673.756	0.010628721772845691
3673.8999999999996	0.010620965940600378
3674.0429999999997	0.010620965940600378
3674.1879999999996	0.010620965940600378
3674.332	0.010613210108355068
3674.475	0.010610624830939962
3674.6189999999997	0.010601576359987099
3674.763	0.010589296292265356
3674.9069999999997	0.010584772056788925
3675.0499999999997	0.010578308863251167
3675.1949999999997	0.010570553031005854
3675.339	0.010563443518114318
3675.482	0.01055827296328411
3675.6259999999997	0.010555041366515229
3675.77	0.010545346576208592
3675.9139999999998	0.010533066508486847
3676.058	0.010508506373043361
3676.201	0.01048459255695365
3676.346	0.010466495615047925
3676.489	0.010449691311849748
3676.633	0.010442581798958213
3676.778	0.010430948050590246
3676.921	0.010412204789330744
3677.065	0.010393461528071241
3677.209	0.010385059376472154
3677.352	0.010383766737764602
3677.4959999999996	0.010376657224873066
3677.64	0.010369547711981529
3677.7839999999997	0.010367608753920201
3677.928	0.010357913963613564
3678.0719999999997	0.010346280215245595
3678.216	0.01033723174429273
3678.359	0.010330122231401194
3678.5029999999997	0.010327536953986092
3678.647	0.01031978112174078
3678.7909999999997	0.010310732650787916
3678.935	0.010307501054019036
3679.0789999999997	0.010305562095957708
3679.223	0.010302976818542604
3679.3669999999997	0.010293928347589743
3679.5099999999998	0.01028294091857555
3679.654	0.010279063002452894
3679.798	0.010277770363745343
3679.9429999999998	0.010273892447622689
3680.085	0.010268075573438704
3680.23	0.010266136615377376
3680.373	0.010260319741193392
3680.519	0.010250624950886751
3680.6639999999998	0.010246747034764095
3680.806	0.010240930160580112
3680.9519999999998	0.01023188168962725
3681.093	0.010228003773504595
3681.238	0.010224125857381939
3681.381	0.010220247941259282
3681.5249999999996	0.010218308983197956
3681.669	0.0102144310670753
3681.8129999999996	0.01020796787353754
3681.957	0.010206675234829987
3682.1009999999997	0.010204736276768659
3682.2439999999997	0.010202150999353555
3682.388	0.010195687805815794
3682.5319999999997	0.010189870931631812
3682.676	0.010187931973570485
3682.8199999999997	0.010187931973570485
3682.964	0.010184700376801605
3683.1079999999997	0.010184700376801605
3683.2509999999997	0.010184700376801605
3683.395	0.010184700376801605
3683.5389999999998	0.010181468780032725
3683.683	0.010181468780032725
3683.8269999999998	0.010174359267141189
3683.971	0.010168542392957204
3684.114	0.010166603434895878
3684.258	0.01016466447683455
3684.402	0.010164018157480774
3684.546	0.010158847602650567
3684.69	0.010146567534928822
3684.834	0.010133641147853301
3684.977	0.010127824273669319
3685.122	0.010127177954315544
3685.265	0.010125238996254216
3685.4089999999997	0.01011812948336268
3685.553	0.01011166628982492
3685.6969999999997	0.010109727331763593
3685.841	0.010105203096287162
3685.9849999999997	0.010101325180164506
3686.1279999999997	0.010098739902749402
3686.272	0.010096800944688072
3686.4159999999997	0.01009550830598052
3686.56	0.010094215667272968
3686.7039999999997	0.010092276709211642
3686.848	0.010092276709211642
3686.9939999999997	0.010092276709211642
3687.1349999999998	0.010092276709211642
3687.279	0.010089691431796537
3687.423	0.010089691431796537
3687.567	0.01008775247373521
3687.711	0.010085813515673881
3687.855	0.010085813515673881
3687.999	0.010085813515673881
3688.143	0.010085813515673881
3688.2859999999996	0.010085813515673881
3688.43	0.010085813515673881
3688.5739999999996	0.010085813515673881
3688.718	0.010085813515673881
3688.861	0.010085813515673881
3689.006	0.010085813515673881
3689.149	0.010085813515673881
3689.2929999999997	0.010085813515673881
3689.437	0.010085813515673881
3689.5809999999997	0.010085813515673881
3689.725	0.010085813515673881
3689.8689999999997	0.010085813515673881
3690.0139999999997	0.010085813515673881
3690.156	0.010085813515673881
3690.2999999999997	0.010085813515673881
3690.444	0.010085813515673881
3690.5879999999997	0.010085813515673881
3690.732	0.010085813515673881
3690.8759999999997	0.010085813515673881
3691.019	0.010085813515673881
3691.163	0.010085813515673881
3691.307	0.010085813515673881
3691.451	0.010085813515673881
3691.595	0.010085813515673881
3691.739	0.010085813515673881
3691.883	0.010085813515673881
3692.026	0.010085813515673881
3692.1699999999996	0.010085813515673881
3692.314	0.010085813515673881
3692.4579999999996	0.010085813515673881
3692.602	0.010085813515673881
3692.7459999999996	0.010085813515673881
3692.89	0.010085813515673881
3693.0339999999997	0.010085813515673881
3693.1769999999997	0.010085813515673881
3693.321	0.010085813515673881
3693.4649999999997	0.010085813515673881
3693.609	0.010085813515673881
3693.7529999999997	0.010085813515673881
3693.897	0.010085813515673881
3694.0409999999997	0.010085813515673881
3694.1839999999997	0.010085813515673881
3694.328	0.010085813515673881
3694.473	0.010085813515673881
3694.6169999999997	0.010085813515673881
3694.7599999999998	0.010085813515673881
3694.903	0.010081289280197449
3695.048	0.010081289280197449
3695.191	0.010081289280197449
3695.335	0.010081289280197449
3695.479	0.010081289280197449
3695.623	0.010081289280197449
3695.767	0.010081289280197449
3695.91	0.010081289280197449
3696.0539999999996	0.010081289280197449
3696.198	0.010081289280197449
3696.3419999999996	0.010081289280197449
3696.486	0.010081289280197449
3696.6299999999997	0.010081289280197449
3696.774	0.010081289280197449
3696.9179999999997	0.010081289280197449
3697.0609999999997	0.010081289280197449
3697.205	0.010081289280197449
3697.3489999999997	0.010081289280197449
3697.493	0.010074179767305916
3697.636	0.010074179767305916
3697.781	0.010074179767305916
3697.926	0.01007030185118326
3698.069	0.01007030185118326
3698.2129999999997	0.01007030185118326
3698.357	0.01007030185118326
3698.5009999999997	0.01007030185118326
3698.645	0.01007030185118326
3698.7889999999998	0.01007030185118326
3698.933	0.01007030185118326
3699.078	0.01007030185118326
3699.22	0.01007030185118326
3699.364	0.01007030185118326
3699.508	0.01007030185118326
3699.652	0.01007030185118326
3699.7949999999996	0.01007030185118326
3699.939	0.01007030185118326
3700.0829999999996	0.01006707025441438
3700.227	0.01006707025441438
3700.3709999999996	0.01006707025441438
3700.515	0.01006707025441438
3700.6589999999997	0.01006707025441438
3700.8019999999997	0.01006707025441438
3700.946	0.01006707025441438
3701.0899999999997	0.01006707025441438
3701.234	0.01006707025441438
3701.3779999999997	0.01006707025441438
3701.522	0.01006707025441438
3701.6659999999997	0.01006707025441438
3701.8089999999997	0.01006707025441438
3701.9559999999997	0.01006707025441438
3702.0969999999998	0.01006707025441438
3702.241	0.01005866810281529
3702.3849999999998	0.01005866810281529
3702.529	0.01005866810281529
3702.673	0.01005866810281529
3702.817	0.01005866810281529
3702.96	0.01005866810281529
3703.104	0.010050265951216206
3703.248	0.010047680673801102
3703.392	0.010045741715739773
3703.535	0.010043802757678445
3703.68	0.010039924841555789
3703.8239999999996	0.010034107967371805
3703.9669999999996	0.010025705815772718
3704.111	0.010016657344819855
3704.2549999999997	0.010012133109343423
3704.399	0.010005023596451886
3704.5429999999997	0.009997267764206575
3704.6859999999997	0.009992097209376367
3704.83	0.009985634015838608
3704.9739999999997	0.009981109780362176
3705.118	0.00997270762876309
3705.2619999999997	0.009964951796517778
3705.406	0.009961720199748898
3705.5499999999997	0.009958488602980018
3705.694	0.009947501173965825
3705.8379999999997	0.009936513744951634
3705.9809999999998	0.009935867425597858
3706.125	0.00992617263529122
3706.269	0.009911953609508148
3706.413	0.009904844096616613
3706.557	0.00990225881920151
3706.701	0.009899673541786405
3706.844	0.009882869238588231
3706.99	0.009866064935390054
3707.134	0.009862187019267398
3707.279	0.009857016464437192
3707.424	0.009853138548314537
3707.569	0.009851199590253209
3707.709	0.009844090077361672
3707.854	0.00983504160640881
3707.9959999999996	0.009829871051578601
3708.1409999999996	0.009821468899979514
3708.2839999999997	0.009813066748380426
3708.4269999999997	0.009807896193550217
3708.5699999999997	0.009796908764536028
3708.7149999999997	0.009789152932290716
3708.8579999999997	0.009783336058106731
3709.002	0.009770409671031214
3709.1459999999997	0.009760068561370797
3709.29	0.009751020090417933
3709.4339999999997	0.009743264258172624
3709.5769999999998	0.009732923148512207
3709.721	0.009721935719498018
3709.865	0.009709655651776273
3710.009	0.009693497667931872
3710.153	0.009683802877625235
3710.297	0.009680571280856354
3710.441	0.009677339684087474
3710.585	0.009671522809903492
3710.7279999999996	0.009668937532488387
3710.872	0.009668937532488387
3711.0159999999996	0.009665705935719507
3711.16	0.009661828019596851
3711.3039999999996	0.009659889061535525
3711.448	0.009651486909936436
3711.591	0.009643731077691124
3711.7349999999997	0.009641792119629797
3711.879	0.009638560522860917
3712.0229999999997	0.00963468260673826
3712.167	0.009630804690615606
3712.31	0.009626280455139174
3712.455	0.00962046358095519
3712.598	0.00961723198418631
3712.7419999999997	0.009616585664832533
3712.886	0.009612707748709879
3713.0299999999997	0.00960430559711079
3713.174	0.009598488722926807
3713.3179999999998	0.009594610806804151
3713.461	0.009594610806804151
3713.605	0.009590732890681495
3713.749	0.00958685497455884
3713.893	0.009570696990714441
3714.037	0.009555831645577594
3714.181	0.009555831645577594
3714.325	0.009555831645577594
3714.468	0.009555831645577594
3714.6119999999996	0.009555831645577594
3714.756	0.009555831645577594
3714.8999999999996	0.009555831645577594
3715.044	0.009555831645577594
3715.187	0.009555831645577594
3715.332	0.009555831645577594
3715.477	0.009555831645577594
3715.62	0.009555831645577594
3715.7639999999997	0.009555831645577594
3715.908	0.009555831645577594
3716.0519999999997	0.009555831645577594
3716.1949999999997	0.009555831645577594
3716.3399999999997	0.009555831645577594
3716.4829999999997	0.009555831645577594
3716.627	0.009555831645577594
3716.7709999999997	0.009555831645577594
3716.915	0.009555831645577594
3717.065	0.009555831645577594
3717.203	0.009555831645577594
3717.346	0.009555831645577594
3717.49	0.009555831645577594
3717.634	0.009555831645577594
3717.778	0.009555831645577594
3717.922	0.009555831645577594
3718.066	0.009555831645577594
3718.21	0.009555831645577594
3718.3529999999996	0.009555831645577594
3718.497	0.009555831645577594
3718.6409999999996	0.009555831645577594
3718.785	0.009555831645577594
3718.928	0.009555831645577594
3719.073	0.009555831645577594
3719.2169999999996	0.009555831645577594
3719.361	0.009555831645577594
3719.504	0.009555831645577594
3719.6479999999997	0.009555831645577594
3719.792	0.009555831645577594
3719.9359999999997	0.009555831645577594
3720.0789999999997	0.009555831645577594
3720.223	0.009555831645577594
3720.3669999999997	0.009555831645577594
3720.511	0.009555831645577594
3720.6549999999997	0.009555831645577594
3720.799	0.009555831645577594
3720.9429999999998	0.009555831645577594
3721.086	0.009555831645577594
3721.23	0.009555831645577594
3721.374	0.009555831645577594
3721.518	0.009555831645577594
3721.662	0.009555831645577594
3721.807	0.009555831645577594
3721.95	0.009555831645577594
3722.094	0.009555831645577594
3722.2369999999996	0.009555831645577594
3722.381	0.009555831645577594
3722.5249999999996	0.009555831645577594
3722.6699999999996	0.009555831645577594
3722.812	0.009555831645577594
3722.957	0.009555831645577594
3723.1	0.009555831645577594
3723.2439999999997	0.009555831645577594
3723.388	0.009555831645577594
3723.5319999999997	0.009555831645577594
3723.676	0.009555831645577594
3723.8199999999997	0.009555831645577594
3723.964	0.009555831645577594
3724.107	0.009555831645577594
3724.2509999999997	0.009555831645577594
3724.395	0.009555831645577594
3724.5389999999998	0.009555831645577594
3724.683	0.009555831645577594
3724.8269999999998	0.009555831645577594
3724.97	0.009555831645577594
3725.115	0.009555831645577594
3725.258	0.009555831645577594
3725.402	0.009555831645577594
3725.546	0.009555831645577594
3725.69	0.009555831645577594
3725.834	0.009555831645577594
3725.977	0.009555831645577594
3726.123	0.009555831645577594
3726.265	0.009555831645577594
3726.4089999999997	0.009555831645577594
3726.553	0.009555831645577594
3726.696	0.009555831645577594
3726.841	0.009555831645577594
3726.9849999999997	0.009555831645577594
3727.1279999999997	0.009555831645577594
3727.272	0.009555831645577594
3727.4159999999997	0.009555831645577594
3727.56	0.009555831645577594
3727.703	0.009555831645577594
3727.848	0.009555831645577594
3727.9919999999997	0.009555831645577594
3728.1349999999998	0.009555831645577594
3728.279	0.009555831645577594
3728.423	0.009555831645577594
3728.567	0.009555831645577594
3728.711	0.009555831645577594
3728.854	0.009555831645577594
3728.998	0.009555831645577594
3729.142	0.009555831645577594
3729.2859999999996	0.009555831645577594
3729.43	0.009555831645577594
3729.5739999999996	0.009555831645577594
3729.718	0.009555831645577594
3729.861	0.009555831645577594
3730.0049999999997	0.009555831645577594
3730.149	0.009555831645577594
3730.2929999999997	0.00955324636816249
3730.437	0.00955324636816249
3730.5809999999997	0.00955324636816249
3730.725	0.00955324636816249
3730.8689999999997	0.00955324636816249
3731.0119999999997	0.00955324636816249
3731.156	0.00955324636816249
3731.2999999999997	0.00955324636816249
3731.444	0.00955324636816249
3731.587	0.00955324636816249
3731.732	0.00955324636816249
3731.875	0.00955324636816249
3732.022	0.00955324636816249
3732.163	0.00955324636816249
3732.307	0.00955324636816249
3732.451	0.00955324636816249
3732.594	0.00955324636816249
3732.738	0.00955324636816249
3732.8819999999996	0.00955324636816249
3733.027	0.00955324636816249
3733.171	0.00955324636816249
3733.315	0.00955324636816249
3733.459	0.00955324636816249
3733.6029999999996	0.00955324636816249
3733.7459999999996	0.00955324636816249
3733.89	0.00955324636816249
3734.0339999999997	0.009545490535917177
3734.178	0.009532564148841658
3734.3219999999997	0.00953062519078033
3734.466	0.009515113526289708
3734.6099999999997	0.00950218713921419
3734.7529999999997	0.009495077626322653
3734.897	0.009491199710199998
3735.0409999999997	0.00948926075213867
3735.187	0.009487968113431118
3735.3289999999997	0.00947633436506315
3735.473	0.009465993255402734
3735.6169999999997	0.009464700616695184
3735.7599999999998	0.009463407977987632
3735.904	0.009459530061864976
3736.048	0.009450481590912111
3736.192	0.009441433119959248
3736.336	0.00943173832965261
3736.48	0.00942333617805352
3736.624	0.009417519303869536
3736.768	0.009412995068393106
3736.9109999999996	0.009411056110331778
3737.055	0.009407178194209121
3737.1989999999996	0.009403946597440241
3737.343	0.009401361320025139
3737.4869999999996	0.009397483403902483
3737.6299999999997	0.009395544445841154
3737.7749999999996	0.009393605487779826
3737.9179999999997	0.00938972757165717
3738.062	0.00938972757165717
3738.2059999999997	0.00938972757165717
3738.35	0.009385849655534515
3738.4939999999997	0.009384557016826963
3738.6369999999997	0.009384557016826963
3738.781	0.009383910697473189
3738.9249999999997	0.009383264378119413
3739.069	0.009380032781350533
3739.2129999999997	0.0093755085458741
3739.357	0.0093755085458741
3739.5009999999997	0.0093755085458741
3739.645	0.009374862226520324
3739.788	0.009372923268458996
3739.932	0.009370984310397668
3740.076	0.009370984310397668
3740.22	0.009370984310397668
3740.364	0.009370984310397668
3740.508	0.009370984310397668
3740.652	0.00936904535233634
3740.7949999999996	0.00936904535233634
3740.939	0.009367752713628788
3741.0829999999996	0.009361935839444805
3741.227	0.009361935839444805
3741.3709999999996	0.009361935839444805
3741.515	0.009361935839444805
3741.658	0.009361935839444805
3741.8019999999997	0.009361935839444805
3741.946	0.009361935839444805
3742.0899999999997	0.009361935839444805
3742.234	0.009361935839444805
3742.3779999999997	0.00934513153624663
3742.5209999999997	0.00934513153624663
3742.6659999999997	0.00934513153624663
3742.8089999999997	0.00934513153624663
3742.953	0.00934513153624663
3743.0969999999998	0.00934513153624663
3743.241	0.00934513153624663
3743.3849999999998	0.009361935839444805
3743.529	0.009361935839444805
3743.672	0.009367752713628788
3743.816	0.00936904535233634
3743.96	0.009370984310397668
3744.104	0.009374862226520324
3744.25	0.009370984310397668
3744.392	0.009370984310397668
3744.5359999999996	0.009370984310397668
3744.6789999999996	0.009370984310397668
3744.823	0.009370984310397668
3744.9669999999996	0.009370984310397668
3745.111	0.009370984310397668
3745.2549999999997	0.009370984310397668
3745.399	0.009378093823289205
3745.5429999999997	0.009378093823289205
3745.6859999999997	0.009378093823289205
3745.83	0.009378093823289205
3745.9739999999997	0.009378093823289205
3746.118	0.009378093823289205
3746.2619999999997	0.009378093823289205
3746.4049999999997	0.009370984310397668
3746.5499999999997	0.00936904535233634
3746.6929999999998	0.009367752713628788
3746.837	0.009361935839444805
3746.9829999999997	0.009354180007199495
3747.125	0.00934189993947775
3747.27	0.009328973552402232
3747.412	0.0093244493169258
3747.557	0.009322510358864472
3747.7	0.009319278762095592
3747.844	0.009319278762095592
3747.988	0.009319278762095592
3748.1319999999996	0.009319278762095592
3748.276	0.009319278762095592
3748.4199999999996	0.009319278762095592
3748.5629999999996	0.009319278762095592
3748.707	0.009319278762095592
3748.8509999999997	0.009315400845972936
3748.995	0.009313461887911609
3749.1389999999997	0.009313461887911609
3749.283	0.009311522929850281
3749.4269999999997	0.009306352375020073
3749.571	0.009302474458897416
3749.714	0.009302474458897416
3749.8579999999997	0.009302474458897416
3750.002	0.009302474458897416
3750.1459999999997	0.009302474458897416
3750.29	0.009302474458897416
3750.4359999999997	0.009302474458897416
3750.5789999999997	0.009302474458897416
3750.7219999999998	0.009302474458897416
3750.866	0.009302474458897416
3751.0099999999998	0.009302474458897416
3751.154	0.009302474458897416
3751.297	0.009302474458897416
3751.442	0.009302474458897416
3751.585	0.009302474458897416
3751.729	0.009302474458897416
3751.873	0.009302474458897416
3752.017	0.009302474458897416
3752.1609999999996	0.009302474458897416
3752.305	0.009302474458897416
3752.448	0.009302474458897416
3752.5919999999996	0.009302474458897416
3752.736	0.009302474458897416
3752.8799999999997	0.009302474458897416
3753.024	0.009302474458897416
3753.1679999999997	0.009302474458897416
3753.314	0.009302474458897416
3753.455	0.009302474458897416
3753.6	0.009302474458897416
3753.743	0.009302474458897416
3753.8869999999997	0.009302474458897416
3754.031	0.009302474458897416
3754.1749999999997	0.009302474458897416
3754.319	0.009302474458897416
3754.462	0.009302474458897416
3754.6059999999998	0.009302474458897416
3754.75	0.009302474458897416
3754.894	0.009302474458897416
3755.038	0.009302474458897416
3755.182	0.009302474458897416
3755.326	0.009302474458897416
3755.469	0.009302474458897416
3755.613	0.009302474458897416
3755.7569999999996	0.009302474458897416
3755.901	0.009302474458897416
3756.0449999999996	0.009302474458897416
3756.189	0.009302474458897416
3756.3329999999996	0.009302474458897416
3756.477	0.009302474458897416
3756.62	0.009302474458897416
3756.7639999999997	0.009302474458897416
3756.908	0.009302474458897416
3757.0519999999997	0.009302474458897416
3757.196	0.009302474458897416
3757.339	0.009302474458897416
3757.4829999999997	0.009302474458897416
3757.627	0.009302474458897416
3757.7709999999997	0.009302474458897416
3757.915	0.009302474458897416
3758.0589999999997	0.009302474458897416
3758.203	0.009302474458897416
3758.3469999999998	0.009302474458897416
3758.49	0.009302474458897416
3758.634	0.009302474458897416
3758.778	0.009302474458897416
3758.922	0.009302474458897416
3759.066	0.009302474458897416
3759.21	0.009302474458897416
3759.354	0.009302474458897416
3759.497	0.009302474458897416
3759.6409999999996	0.009302474458897416
3759.785	0.009302474458897416
3759.9289999999996	0.009302474458897416
3760.0719999999997	0.009302474458897416
3760.2169999999996	0.009302474458897416
3760.361	0.009302474458897416
3760.5049999999997	0.009302474458897416
3760.6479999999997	0.009302474458897416
3760.792	0.009302474458897416
3760.9379999999996	0.009302474458897416
3761.08	0.009302474458897416
3761.223	0.009302474458897416
3761.368	0.009302474458897416
3761.511	0.009302474458897416
3761.6549999999997	0.009302474458897416
3761.799	0.009302474458897416
3761.9429999999998	0.009302474458897416
3762.091	0.009302474458897416
3762.23	0.009302474458897416
3762.374	0.009302474458897416
3762.518	0.009302474458897416
3762.662	0.009302474458897416
3762.806	0.009302474458897416
3762.95	0.009302474458897416
3763.094	0.009302474458897416
3763.238	0.009302474458897416
3763.381	0.009302474458897416
3763.5249999999996	0.009300535500836088
3763.669	0.00929730390406721
3763.8129999999996	0.009294718626652106
3763.957	0.009292779668590778
3764.1009999999997	0.009283084878284137
3764.245	0.0092733900879775
3764.3889999999997	0.00927015849120862
3764.5319999999997	0.009264987936378411
3764.6769999999997	0.009259171062194427
3764.821	0.009256585784779324
3764.964	0.009243659397703805
3765.1079999999997	0.0092249161364443
3765.252	0.009215221346137663
3765.395	0.009208111833246126
3765.5389999999998	0.009202941278415918
3765.683	0.009197124404231934
3765.8269999999998	0.009188075933279072
3765.971	0.009180966420387536
3766.114	0.009176442184911104
3766.259	0.009172564268788447
3766.403	0.009169332672019569
3766.546	0.009164808436543137
3766.691	0.009158345243005378
3766.834	0.009151235730113842
3766.9779999999996	0.00914671149463741
3767.1209999999996	0.009140894620453427
3767.265	0.009133138788208116
3767.4089999999997	0.009123443997901475
3767.553	0.009115688165656163
3767.6969999999997	0.009112456568887284
3767.841	0.009104700736641973
3767.986	0.009097591223750437
3768.1299999999997	0.00909371330762778
3768.2729999999997	0.00908725011409002
3768.417	0.009083372197967366
3768.5609999999997	0.009082079559259814
3768.705	0.009075616365722055
3768.8489999999997	0.00906979949153807
3768.993	0.00906010470123143
3769.1369999999997	0.009049117272217239
3769.281	0.0090394224819106
3769.424	0.009030374010957735
3769.5679999999998	0.0090232644980662
3769.712	0.009016801304528442
3769.8559999999998	0.009010984430344458
3769.999	0.009000643320684041
3770.144	0.00899288748843873
3770.287	0.00898513165619342
3770.431	0.008970266311056572
3770.575	0.008956693604627277
3770.719	0.008951523049797069
3770.863	0.008919853401462048
3771.006	0.008880427920881714
3771.151	0.008869440491867522
3771.294	0.00886491625639109
3771.441	0.008853928827376898
3771.582	0.008853928827376898
3771.7259999999997	0.008853928827376898
3771.87	0.008853928827376898
3772.0139999999997	0.008853928827376898
3772.1569999999997	0.008853928827376898
3772.301	0.008853928827376898
3772.4449999999997	0.008853928827376898
3772.589	0.008853928827376898
3772.7329999999997	0.008853928827376898
3772.877	0.008853928827376898
3773.0209999999997	0.008853928827376898
3773.1639999999998	0.008853928827376898
3773.308	0.008853928827376898
3773.4519999999998	0.008853928827376898
3773.596	0.008853928827376898
3773.74	0.008853928827376898
3773.884	0.008853928827376898
3774.028	0.008853928827376898
3774.171	0.008853928827376898
3774.315	0.008853928827376898
3774.459	0.008853928827376898
3774.6029999999996	0.008853928827376898
3774.747	0.008853928827376898
3774.8909999999996	0.008853928827376898
3775.035	0.008853928827376898
3775.178	0.008853928827376898
3775.3219999999997	0.008853928827376898
3775.466	0.008853928827376898
3775.6099999999997	0.008853928827376898
3775.754	0.008853928827376898
3775.897	0.008853928827376898
3776.042	0.008853928827376898
3776.185	0.008853928827376898
3776.33	0.008853928827376898
3776.473	0.008853928827376898
3776.6169999999997	0.008853928827376898
3776.761	0.008853928827376898
3776.9049999999997	0.008853928827376898
3777.0499999999997	0.008853928827376898
3777.192	0.008853928827376898
3777.336	0.008853928827376898
3777.48	0.008853928827376898
3777.624	0.008853928827376898
3777.768	0.008853928827376898
3777.912	0.008853928827376898
3778.056	0.008853928827376898
3778.1989999999996	0.008853928827376898
3778.343	0.008853928827376898
3778.4869999999996	0.008853928827376898
3778.631	0.008853928827376898
3778.7749999999996	0.008853928827376898
3778.9179999999997	0.008853928827376898
3779.062	0.008853928827376898
3779.2059999999997	0.008853928827376898
3779.35	0.008853928827376898
3779.4939999999997	0.008853928827376898
3779.638	0.008853928827376898
3779.781	0.008853928827376898
3779.9249999999997	0.008853928827376898
3780.069	0.008853928827376898
3780.2129999999997	0.008853928827376898
3780.359	0.008853928827376898
3780.5009999999997	0.008853928827376898
3780.645	0.008853928827376898
3780.7889999999998	0.008853928827376898
3780.932	0.008853928827376898
3781.076	0.008853928827376898
3781.22	0.008853928827376898
3781.364	0.008853928827376898
3781.508	0.008853928827376898
3781.652	0.008853928827376898
3781.796	0.008853928827376898
3781.939	0.008853928827376898
3782.0829999999996	0.008853928827376898
3782.227	0.008853928827376898
3782.3709999999996	0.008853928827376898
3782.5139999999997	0.008853928827376898
3782.6589999999997	0.008853928827376898
3782.803	0.008853928827376898
3782.946	0.008853928827376898
3783.0899999999997	0.008853928827376898
3783.234	0.008853928827376898
3783.3779999999997	0.008853928827376898
3783.522	0.008853928827376898
3783.665	0.008853928827376898
3783.81	0.008853928827376898
3783.953	0.008853928827376898
3784.0969999999998	0.008853928827376898
3784.241	0.008853928827376898
3784.3849999999998	0.008853928827376898
3784.529	0.008853928827376898
3784.672	0.008853928827376898
3784.817	0.008853928827376898
3784.961	0.008853928827376898
3785.104	0.008853928827376898
3785.248	0.008853928827376898
3785.393	0.008853928827376898
3785.537	0.008853928827376898
3785.68	0.008853928827376898
3785.8239999999996	0.008853928827376898
3785.968	0.008853928827376898
3786.1119999999996	0.008853928827376898
3786.256	0.008853928827376898
3786.3999999999996	0.008853928827376898
3786.544	0.008833246608056067
3786.687	0.008785418975876647
3786.8309999999997	0.008785418975876647
3786.975	0.008735652385635898
3787.1189999999997	0.008731774469513242
3787.263	0.008718848082437723
3787.4069999999997	0.008710445930838636
3787.551	0.008704629056654653
3787.6949999999997	0.008691702669579134
3787.841	0.008677483643796061
3787.982	0.008674252047027181
3788.1279999999997	0.008667788853489422
3788.27	0.00866197197930544
3788.4139999999998	0.008658740382536558
3788.557	0.00865550878576768
3788.701	0.00865550878576768
3788.845	0.0086522771889988
3788.989	0.008649691911583695
3789.133	0.008645813995461039
3789.277	0.00864064344063083
3789.423	0.008638058163215726
3789.564	0.008633533927739297
3789.7079999999996	0.008627717053555313
3789.852	0.008624485456786433
3789.9959999999996	0.008607681153588257
3790.14	0.008607681153588257
3790.283	0.008590876850390082
3790.428	0.008588937892328754
3790.5719999999997	0.008586998934267426
3790.7149999999997	0.0085850599762061
3790.859	0.008583121018144771
3791.0029999999997	0.008583121018144771
3791.1479999999997	0.008583121018144771
3791.29	0.008583121018144771
3791.435	0.008580535740729667
3791.578	0.008580535740729667
3791.7219999999998	0.008580535740729667
3791.8669999999997	0.008577304143960789
3792.013	0.008574718866545684
3792.154	0.008563085118177717
3792.298	0.008552097689163526
3792.442	0.008552097689163526
3792.586	0.008552097689163526
3792.73	0.008552097689163526
3792.874	0.008552097689163526
3793.017	0.008552097689163526
3793.1609999999996	0.008552097689163526
3793.305	0.008552097689163526
3793.448	0.008552097689163526
3793.593	0.008552097689163526
3793.736	0.008552097689163526
3793.8799999999997	0.008550158731102198
3794.024	0.008550158731102198
3794.1679999999997	0.008550158731102198
3794.312	0.008550158731102198
3794.455	0.008550158731102198
3794.5989999999997	0.008550158731102198
3794.743	0.008550158731102198
3794.8869999999997	0.008550158731102198
3795.031	0.008550158731102198
3795.1749999999997	0.008550158731102198
3795.319	0.008550158731102198
3795.4629999999997	0.008550158731102198
3795.6059999999998	0.008550158731102198
3795.75	0.008550158731102198
3795.894	0.008550158731102198
3796.038	0.008550158731102198
3796.182	0.008550158731102198
3796.326	0.008550158731102198
3796.469	0.008550158731102198
3796.613	0.008550158731102198
3796.7569999999996	0.008550158731102198
3796.901	0.008550158731102198
3797.0449999999996	0.008550158731102198
3797.189	0.008550158731102198
3797.332	0.008550158731102198
3797.4759999999997	0.008550158731102198
3797.62	0.008550158731102198
3797.7639999999997	0.008550158731102198
3797.908	0.008550158731102198
3798.0519999999997	0.008550158731102198
3798.196	0.008550158731102198
3798.339	0.008552097689163526
3798.4849999999997	0.008559853521408837
3798.627	0.008570840950423028
3798.7709999999997	0.008570840950423028
3798.915	0.008574718866545684
3799.0589999999997	0.008577304143960789
3799.203	0.008580535740729667
3799.346	0.008583121018144771
3799.49	0.0085850599762061
3799.634	0.008586998934267426
3799.778	0.008588937892328754
3799.922	0.00859281580845141
3800.065	0.008596693724574066
3800.21	0.008600571640696723
3800.3529999999996	0.00860574219552693
3800.497	0.008615436985833568
3800.6409999999996	0.008615436985833568
3800.785	0.008615436985833568
3800.9289999999996	0.008624485456786433
3801.073	0.008627717053555313
3801.216	0.008634180247093072
3801.3599999999997	0.008639997121277054
3801.504	0.008645167676107263
3801.6479999999997	0.008649691911583695
3801.792	0.0086522771889988
3801.9359999999997	0.00865550878576768
3802.08	0.008660033021244112
3802.223	0.008663264618012992
3802.3669999999997	0.008663910937366768
3802.511	0.00866649621478187
3802.6549999999997	0.008670374130904525
3802.799	0.008675544685734733
3802.944	0.00867942260185739
3803.0879999999997	0.008685239476041374
3803.2309999999998	0.00869041003087158
3803.375	0.008695580585701789
3803.519	0.008702690098593325
3803.663	0.008704629056654653
3803.807	0.008714970166315068
3803.95	0.008732420788867018
3804.095	0.008740822940466107
3804.238	0.008750517730772745
3804.3819999999996	0.00881062543067391
3804.526	0.008861038340268435
3804.6699999999996	0.008862330978975987
3804.814	0.008862330978975987
3804.957	0.008866208895098643
3805.102	0.008879781601527938
3805.245	0.008879781601527938
3805.3889999999997	0.008879781601527938
3805.533	0.008879781601527938
3805.6769999999997	0.008879781601527938
3805.821	0.008879781601527938
3805.966	0.008879781601527938
3806.1079999999997	0.008879781601527938
3806.2529999999997	0.008879781601527938
3806.3959999999997	0.008879781601527938
3806.5409999999997	0.008879781601527938
3806.6839999999997	0.008879781601527938
3806.8289999999997	0.008879781601527938
3806.9719999999998	0.008879781601527938
3807.1189999999997	0.008879781601527938
3807.259	0.008879781601527938
3807.403	0.008879781601527938
3807.547	0.008879781601527938
3807.691	0.008879781601527938
3807.835	0.008879781601527938
3807.979	0.008879781601527938
3808.123	0.008879781601527938
3808.2659999999996	0.008879781601527938
3808.41	0.008879781601527938
3808.5539999999996	0.008879781601527938
3808.698	0.008879781601527938
3808.841	0.008879781601527938
3808.986	0.008879781601527938
3809.129	0.008879781601527938
3809.2729999999997	0.008879781601527938
3809.417	0.008879781601527938
3809.5609999999997	0.008879781601527938
3809.705	0.008879781601527938
3809.8489999999997	0.008879781601527938
3809.9919999999997	0.008879781601527938
3810.136	0.008879781601527938
3810.2799999999997	0.008879781601527938
3810.424	0.008879781601527938
3810.5679999999998	0.008879781601527938
3810.712	0.008879781601527938
3810.8559999999998	0.008879781601527938
3810.999	0.008879781601527938
3811.143	0.008879781601527938
3811.287	0.008879781601527938
3811.431	0.008879781601527938
3811.575	0.008879781601527938
3811.719	0.008879781601527938
3811.863	0.008879781601527938
3812.0069999999996	0.008879781601527938
3812.1499999999996	0.008879781601527938
3812.294	0.008879781601527938
3812.4379999999996	0.008879781601527938
3812.582	0.008879781601527938
3812.725	0.008879781601527938
3812.87	0.008879781601527938
3813.013	0.008879781601527938
3813.1569999999997	0.008879781601527938
3813.301	0.008879781601527938
3813.4449999999997	0.008879781601527938
3813.589	0.008879781601527938
3813.732	0.008879781601527938
3813.877	0.008879781601527938
3814.02	0.008879781601527938
3814.1639999999998	0.008879781601527938
3814.308	0.008879781601527938
3814.4519999999998	0.008879781601527938
3814.596	0.008879781601527938
3814.74	0.008879781601527938
3814.883	0.008879781601527938
3815.028	0.008879781601527938
3815.171	0.008879781601527938
3815.315	0.008879781601527938
3815.459	0.008879781601527938
3815.6029999999996	0.008879781601527938
3815.747	0.008879781601527938
3815.8909999999996	0.008879781601527938
3816.0339999999997	0.008879781601527938
3816.178	0.008879781601527938
3816.3219999999997	0.008879781601527938
3816.466	0.008879781601527938
3816.6119999999996	0.008879781601527938
3816.754	0.008879781601527938
3816.897	0.008879781601527938
3817.0409999999997	0.008879781601527938
3817.185	0.008879781601527938
3817.3289999999997	0.008879781601527938
3817.473	0.008879781601527938
3817.6169999999997	0.008879781601527938
3817.761	0.008879781601527938
3817.9049999999997	0.008879781601527938
3818.048	0.008879781601527938
3818.192	0.008879781601527938
3818.336	0.008879781601527938
3818.48	0.008879781601527938
3818.624	0.008879781601527938
3818.767	0.008879781601527938
3818.912	0.008879781601527938
3819.055	0.008879781601527938
3819.1989999999996	0.008879781601527938
3819.343	0.008879781601527938
3819.4869999999996	0.008879781601527938
3819.631	0.008879781601527938
3819.774	0.008879781601527938
3819.9179999999997	0.008879781601527938
3820.062	0.008879781601527938
3820.2059999999997	0.008879781601527938
3820.3509999999997	0.008879781601527938
3820.495	0.008879781601527938
3820.64	0.008879781601527938
3820.7839999999997	0.008879781601527938
3820.926	0.008879781601527938
3821.0699999999997	0.008879781601527938
3821.214	0.008879781601527938
3821.3579999999997	0.008879781601527938
3821.5009999999997	0.008879781601527938
3821.6459999999997	0.008879781601527938
3821.79	0.008879781601527938
3821.9359999999997	0.008866208895098643
3822.0769999999998	0.008862330978975987
3822.221	0.008861038340268435
3822.3669999999997	0.008848758272546692
3822.509	0.008835831885471171
3822.653	0.00883001501128719
3822.797	0.008810625430673909
3822.94	0.008786065295230423
3823.084	0.008767968353324697
3823.2279999999996	0.008750517730772745
3823.374	0.008740822940466107
3823.5159999999996	0.008736298704989674
3823.663	0.008729189192098138
3823.807	0.008714970166315068
3823.95	0.008704629056654653
3824.093	0.008702690098593325
3824.2349999999997	0.008695580585701789
3824.3819999999996	0.00869041003087158
3824.5229999999997	0.008688471072810254
3824.667	0.008683300517980046
3824.812	0.00867619100508851
3824.955	0.008670374130904525
3825.098	0.00866649621478187
3825.2419999999997	0.008664557256720542
3825.386	0.008663910937366768
3825.5299999999997	0.008663264618012992
3825.6749999999997	0.008660033021244112
3825.817	0.00865550878576768
3825.961	0.0086522771889988
3826.105	0.008649691911583695
3826.249	0.008645167676107263
3826.393	0.008633533927739297
3826.537	0.008625778095493985
3826.681	0.008624485456786433
3826.8239999999996	0.008615436985833568
3826.968	0.00860574219552693
3827.1119999999996	0.008600571640696723
3827.256	0.008596693724574066
3827.3999999999996	0.008592169489097634
3827.5429999999997	0.008586998934267426
3827.6879999999996	0.008579889421375893
3827.8309999999997	0.008570840950423028
3827.975	0.008565024076239044
3828.1189999999997	0.008557268243993735
3828.263	0.008541110260149334
3828.4069999999997	0.008522366998889832
3828.5499999999997	0.008510733250521863
3828.6949999999997	0.008506855334399209
3828.8379999999997	0.00850491637633788
3828.982	0.008502977418276552
3829.1259999999997	0.008499745821507672
3829.27	0.008484880476370825
3829.4139999999998	0.00847130776994153
3829.558	0.008468722492526427
3829.701	0.0084667835344651
3829.845	0.008464198257049993
3829.989	0.008462259298988667
3830.133	0.008457735063512235
3830.277	0.008452564508682026
3830.421	0.008446747634498044
3830.565	0.008442223399021611
3830.709	0.008442223399021611
3830.852	0.008440284440960283
3830.9959999999996	0.008435113886130075
3831.14	0.008429943331299868
3831.2839999999997	0.0084183095829319
3831.428	0.00840861479262526
3831.5719999999997	0.008406675834563932
3831.7149999999997	0.008402797918441278
3831.859	0.008398920002318622
3832.0029999999997	0.008395042086195965
3832.147	0.008393103128134639
3832.2909999999997	0.008390517850719535
3832.4339999999997	0.008381469379766672
3832.5789999999997	0.008371774589460031
3832.7219999999998	0.008366604034629825
3832.866	0.008362079799153392
3833.0099999999998	0.008359494521738288
3833.154	0.008354970286261858
3833.298	0.008347860773370321
3833.442	0.008334288066941028
3833.585	0.008321361679865507
3833.729	0.008311666889558866
3833.873	0.008303911057313556
3834.017	0.00830197209925223
3834.1609999999996	0.008298094183129573
3834.305	0.008294216267006917
3834.45	0.00829033835088426
3834.595	0.00828710675411538
3834.7369999999996	0.00827611932510119
3834.881	0.008262546618671894
3835.024	0.008258668702549238
3835.1679999999997	0.008257376063841686
3835.312	0.008255437105780358
3835.4559999999997	0.008250912870303925
3835.6	0.00824251071870484
3835.743	0.008237986483228408
3835.8869999999997	0.008232169609044424
3836.031	0.008223767457445335
3836.1749999999997	0.008219243221968904
3836.319	0.00821213370907737
3836.4629999999997	0.008204377876832057
3836.607	0.008200499960709401
3836.75	0.008197268363940522
3836.894	0.008193390447817866
3837.0409999999997	0.008190158851048988
3837.182	0.008186927254280107
3837.325	0.008183049338157451
3837.47	0.008178525102681019
3837.614	0.008175939825265915
3837.7569999999996	0.008172708228497035
3837.902	0.008167537673666828
3838.046	0.008161720799482845
3838.19	0.008156550244652637
3838.334	0.008154611286591309
3838.477	0.008152026009176205
3838.6209999999996	0.00814814809305355
3838.765	0.008144270176930894
3838.9089999999997	0.008141038580162014
3839.053	0.008133929067270479
3839.1969999999997	0.008126173235025166
3839.341	0.008122941638256286
3839.484	0.008121648999548734
3839.629	0.008121002680194958
3839.772	0.00811906372213363
3839.9159999999997	0.008115185806010974
3840.06	0.008112600528595871
3840.2039999999997	0.008110661570534543
3840.348	0.008105491015704335
3840.4919999999997	0.00810161309958168
3840.6349999999998	0.008100966780227904
3840.779	0.008093857267336368
3840.923	0.008084808796383503
3841.067	0.008080930880260849
3841.211	0.00807769928349197
3841.355	0.008060894980293793
3841.499	0.00804409067709562
3841.642	0.008036334844850307
3841.7859999999996	0.00802470109648234
3841.93	0.008019530541652132
3842.0739999999996	0.008017591583590805
3842.218	0.008016945264237029
3842.361	0.008005957835222836
3842.5049999999997	0.007994970406208647
3842.649	0.007991092490085991
3842.7929999999997	0.007982690338486902
3842.937	0.007972349228826487
3843.0809999999997	0.007972349228826487
3843.225	0.007972349228826487
3843.368	0.007972349228826487
3843.513	0.007972349228826487
3843.6589999999997	0.007972349228826487
3843.7999999999997	0.007972349228826487
3843.944	0.007972349228826487
3844.0879999999997	0.007972349228826487
3844.232	0.007972349228826487
3844.3759999999997	0.007972349228826487
3844.519	0.007972349228826487
3844.663	0.007972349228826487
3844.807	0.007972349228826487
3844.951	0.007972349228826487
3845.095	0.007972349228826487
3845.239	0.007972349228826487
3845.383	0.007972349228826487
3845.526	0.007972349228826487
3845.6699999999996	0.007972349228826487
3845.816	0.007972349228826487
3845.9579999999996	0.007972349228826487
3846.102	0.007972349228826487
3846.2459999999996	0.007972349228826487
3846.39	0.007972349228826487
3846.533	0.007972349228826487
3846.6769999999997	0.007972349228826487
3846.821	0.007972349228826487
3846.9649999999997	0.007972349228826487
3847.109	0.007972349228826487
3847.252	0.007972349228826487
3847.397	0.007972349228826487
3847.54	0.007972349228826487
3847.6839999999997	0.007972349228826487
3847.828	0.007972349228826487
3847.9719999999998	0.007972349228826487
3848.116	0.007972349228826487
3848.259	0.007972349228826487
3848.403	0.007972349228826487
3848.547	0.007972349228826487
3848.692	0.007972349228826487
3848.835	0.007972349228826487
3848.98	0.007972349228826487
3849.123	0.007972349228826487
3849.267	0.007972349228826487
3849.41	0.007972349228826487
3849.5539999999996	0.007972349228826487
3849.698	0.007972349228826487
3849.8419999999996	0.007972349228826487
3849.9849999999997	0.007972349228826487
3850.1299999999997	0.007972349228826487
3850.274	0.007972349228826487
3850.4179999999997	0.007972349228826487
3850.5609999999997	0.007972349228826487
3850.705	0.007972349228826487
3850.8489999999997	0.007972349228826487
3850.9919999999997	0.007972349228826487
3851.1369999999997	0.007972349228826487
3851.2799999999997	0.007972349228826487
3851.424	0.007972349228826487
3851.5679999999998	0.007972349228826487
3851.712	0.007972349228826487
3851.8559999999998	0.007972349228826487
3852.0	0.007972349228826487
3852.147	0.007972349228826487
3852.287	0.007972349228826487
3852.431	0.007972349228826487
3852.575	0.007972349228826487
3852.719	0.007972349228826487
3852.863	0.007972349228826487
3853.0069999999996	0.007972349228826487
3853.151	0.007972349228826487
3853.294	0.007972349228826487
3853.4379999999996	0.007972349228826487
3853.582	0.007972349228826487
3853.7259999999997	0.007972349228826487
3853.87	0.007972349228826487
3854.0139999999997	0.007972349228826487
3854.158	0.007972349228826487
3854.301	0.007972349228826487
3854.4449999999997	0.007972349228826487
3854.589	0.007972349228826487
3854.7329999999997	0.007972349228826487
3854.877	0.007972349228826487
3855.0209999999997	0.007972349228826487
3855.165	0.007972349228826487
3855.3089999999997	0.007972349228826487
3855.453	0.007972349228826487
3855.5969999999998	0.007972349228826487
3855.741	0.007972349228826487
3855.8849999999998	0.007972349228826487
3856.028	0.007972349228826487
3856.172	0.007972349228826487
3856.3199999999997	0.007972349228826487
3856.461	0.007972349228826487
3856.607	0.007972349228826487
3856.75	0.007972349228826487
3856.894	0.007972349228826487
3857.037	0.007972349228826487
3857.1789999999996	0.007972349228826487
3857.323	0.007972349228826487
3857.4669999999996	0.007972349228826487
3857.611	0.007972349228826487
3857.7549999999997	0.007972349228826487
3857.899	0.007972349228826487
3858.0429999999997	0.007972349228826487
3858.1859999999997	0.007972349228826487
3858.33	0.007972349228826487
3858.4739999999997	0.007972349228826487
3858.618	0.007972349228826487
3858.761	0.007972349228826487
3858.906	0.007972349228826487
3859.0499999999997	0.007972349228826487
3859.1929999999998	0.007972349228826487
3859.337	0.007972349228826487
3859.4809999999998	0.007972349228826487
3859.625	0.007972349228826487
3859.768	0.007972349228826487
3859.913	0.007972349228826487
3860.056	0.007972349228826487
3860.2	0.007972349228826487
3860.344	0.007972349228826487
3860.488	0.007972349228826487
3860.6319999999996	0.007972349228826487
3860.776	0.007972349228826487
3860.919	0.007972349228826487
3861.0629999999996	0.007972349228826487
3861.207	0.007972349228826487
3861.3509999999997	0.007972349228826487
3861.495	0.007972349228826487
3861.6389999999997	0.007972349228826487
3861.785	0.007972349228826487
3861.926	0.007972349228826487
3862.0699999999997	0.007972349228826487
3862.214	0.007972349228826487
3862.359	0.00797816610301047
3862.5029999999997	0.00797816610301047
3862.6459999999997	0.00797816610301047
3862.79	0.00797816610301047
3862.9339999999997	0.00797816610301047
3863.0769999999998	0.00797816610301047
3863.221	0.00797816610301047
3863.365	0.00797816610301047
3863.509	0.00797816610301047
3863.652	0.00797816610301047
3863.796	0.00797816610301047
3863.94	0.00797816610301047
3864.084	0.00797816610301047
3864.2279999999996	0.00797816610301047
3864.374	0.00797816610301047
3864.5159999999996	0.00797816610301047
3864.66	0.00797816610301047
3864.803	0.007991092490085991
3864.9469999999997	0.007994970406208647
3865.091	0.008007250473930388
3865.2349999999997	0.008018884222298355
3865.379	0.008018884222298355
3865.5229999999997	0.008018884222298355
3865.667	0.008018884222298355
3865.81	0.008018884222298355
3865.9539999999997	0.008019530541652132
3866.098	0.008019530541652132
3866.2419999999997	0.008019530541652132
3866.386	0.008019530541652132
3866.5299999999997	0.008019530541652132
3866.674	0.008019530541652132
3866.817	0.00802340845777479
3866.9629999999997	0.008028579012604998
3867.105	0.008028579012604998
3867.249	0.008028579012604998
3867.393	0.008028579012604998
3867.5359999999996	0.008028579012604998
3867.681	0.008036334844850307
3867.8239999999996	0.008071882409307986
3867.968	0.008112600528595871
3868.1119999999996	0.008139745941454462
3868.256	0.008179171422034795
3868.3999999999996	0.00831425216697397
3868.5429999999997	0.008459027702219787
3868.687	0.008535939705319125
3868.8309999999997	0.008583767337498546
3868.975	0.008592169489097634
3869.1189999999997	0.008599925321342947
3869.263	0.008632241289031744
3869.4069999999997	0.008665849895428094
3869.551	0.008674898366380957
3869.694	0.008709153292131084
3869.8379999999997	0.008742761898527435
3869.982	0.008747932453357641
3870.1259999999997	0.008766675714617145
3870.27	0.008791882169414407
3870.4139999999998	0.008804162237136152
3870.558	0.008829368691933414
3870.7019999999998	0.008851343549961796
3870.846	0.008855867785438227
3870.989	0.00887137944992885
3871.133	0.008890122711188353
3871.277	0.008899171182141216
3871.4199999999996	0.008912097569216735
3871.565	0.008926962914353583
3871.7079999999996	0.008934718746598895
3871.852	0.008938596662721551
3871.9959999999996	0.008939889301429103
3872.14	0.008943767217551758
3872.2839999999997	0.008946352494966862
3872.4269999999997	0.008951523049797069
3872.571	0.008951523049797069
3872.7149999999997	0.008951523049797069
3872.8599999999997	0.008951523049797069
3873.004	0.008957339923981053
3873.1479999999997	0.008957339923981053
3873.292	0.008962510478811261
3873.4359999999997	0.008963803117518813
3873.5789999999997	0.008967034714287692
3873.723	0.008967034714287692
3873.8669999999997	0.008969619991702796
3874.011	0.008969619991702796
3874.154	0.008969619991702796
3874.299	0.008969619991702796
3874.4429999999998	0.008969619991702796
3874.586	0.008969619991702796
3874.73	0.008969619991702796
3874.874	0.008969619991702796
3875.018	0.008969619991702796
3875.162	0.008969619991702796
3875.306	0.008969619991702796
3875.4489999999996	0.008969619991702796
3875.594	0.008969619991702796
3875.7369999999996	0.008969619991702796
3875.8819999999996	0.008969619991702796
3876.026	0.008969619991702796
3876.169	0.008969619991702796
3876.312	0.008969619991702796
3876.457	0.008969619991702796
3876.6009999999997	0.008969619991702796
3876.745	0.008969619991702796
3876.8889999999997	0.008969619991702796
3877.033	0.008969619991702796
3877.176	0.008969619991702796
3877.319	0.008975436865886779
3877.464	0.008978668462655659
3877.607	0.008979314782009435
3877.7509999999997	0.008981253740070763
3877.895	0.008981253740070763
3878.0389999999998	0.008983192698132091
3878.183	0.008983192698132091
3878.3269999999998	0.008983192698132091
3878.47	0.008983192698132091
3878.614	0.008987716933608524
3878.758	0.008992887488438732
3878.902	0.008994826446500058
3879.046	0.008994826446500058
3879.19	0.008997411723915162
3879.334	0.00899935068197649
3879.477	0.009002582278745369
3879.6209999999996	0.00900581387551425
3879.765	0.009007106514221801
3879.912	0.009012923388405786
3880.053	0.00901874026258977
3880.1969999999997	0.009020679220651098
3880.341	0.009022618178712426
3880.484	0.009023910817419977
3880.6279999999997	0.009025849775481305
3880.772	0.009030374010957735
3880.9159999999997	0.00903619088514172
3881.06	0.0090394224819106
3881.203	0.009040715120618152
3881.348	0.00904265407867948
3881.491	0.009044593036740808
3881.6349999999998	0.009046531994802137
3881.779	0.009050409910924791
3881.923	0.009058165743170102
3882.067	0.009064628936707862
3882.211	0.00906979949153807
3882.354	0.009078201643137159
3882.498	0.009084018517321142
3882.642	0.009097591223750437
3882.7859999999996	0.009110517610825956
3882.93	0.009115688165656163
3883.0739999999996	0.009121505039840147
3883.218	0.009122151359193925
3883.361	0.009123443997901475
3883.5049999999997	0.009125382955962803
3883.649	0.009129907191439236
3883.7929999999997	0.009135724065623218
3883.9359999999997	0.009139601981745875
3884.0809999999997	0.009145418855929859
3884.225	0.009151882049467618
3884.368	0.00915640628494405
3884.5119999999997	0.009162223159128033
3884.656	0.009168686352665793
3884.7999999999997	0.009172564268788447
3884.944	0.009173856907496
3885.087	0.009178381142972432
3885.232	0.009188075933279072
3885.375	0.009197124404231934
3885.519	0.009202294959062142
3885.663	0.009206172875184798
3885.807	0.009212636068722559
3885.951	0.009220391900967871
3886.094	0.009228794052566958
3886.239	0.00923331828804339
3886.383	0.009235257246104717
3886.526	0.00923784252351982
3886.6699999999996	0.009239781481581149
3886.814	0.009243659397703805
3886.9579999999996	0.009249476271887788
3887.102	0.00925529314607177
3887.245	0.009257878423486875
3887.39	0.009259817381548203
3887.533	0.009263048978317083
3887.6769999999997	0.009267573213793515
3887.821	0.009278560642807706
3887.9649999999997	0.009290194391175673
3888.109	0.009301181820189864
3888.254	0.009314108207265383
3888.3959999999997	0.009320571400803144
3888.5409999999997	0.00932121772015692
3888.6839999999997	0.00932121772015692
3888.8309999999997	0.009325095636279576
3888.9719999999998	0.00933091251046356
3889.1169999999997	0.009332851468524887
3889.2599999999998	0.009334144107232437
3889.4069999999997	0.00933543674593999
3889.5499999999997	0.009336083065293765
3889.6949999999997	0.009338022023355095
3889.839	0.009339960981416422
3889.9809999999998	0.009340607300770198
3890.1279999999997	0.00934513153624663
3890.268	0.00935159472978439
3890.4109999999996	0.009353533687845717
3890.555	0.009353533687845717
3890.6989999999996	0.009355472645907045
3890.844	0.009358057923322149
3890.9869999999996	0.009359996881383477
3891.1299999999997	0.009361935839444805
3891.274	0.009363874797506132
3891.4179999999997	0.00936581375556746
3891.562	0.009367752713628788
3891.7059999999997	0.00936904535233634
3891.85	0.00936904535233634
3891.9939999999997	0.009372923268458996
3892.1369999999997	0.009395544445841154
3892.281	0.009416226665161986
3892.4249999999997	0.009421397219992194
3892.569	0.009425275136114849
3892.7129999999997	0.009429153052237505
3892.857	0.009432384649006385
3893.0009999999997	0.009436262565129042
3893.145	0.009444018397374354
3893.288	0.009448542632850783
3893.432	0.00945565214574232
3893.576	0.009464700616695184
3893.72	0.009469224852171616
3893.864	0.009478273323124477
3894.0069999999996	0.009493138668261326
3894.152	0.009520930400473693
3894.2949999999996	0.009544844216563403
3894.439	0.009557124284285144
3894.5829999999996	0.009578452822959752
3894.727	0.009593318168096599
3894.8709999999996	0.009597196084219255
3895.015	0.009603012958403238
3895.1589999999997	0.009603012958403238
3895.3019999999997	0.009603012958403238
3895.446	0.009603012958403238
3895.5899999999997	0.009603012958403238
3895.734	0.009597196084219255
3895.8779999999997	0.009597196084219255
3896.0229999999997	0.009591379210035271
3896.1659999999997	0.009591379210035271
3896.3089999999997	0.009568111713299337
3896.453	0.009568111713299337
3896.5969999999998	0.009568111713299337
3896.741	0.009568111713299337
3896.8849999999998	0.009544844216563403
3897.029	0.009544844216563403
3897.178	0.009540966300440747
3897.316	0.009540966300440747
3897.461	0.009540966300440747
3897.604	0.009540966300440747
3897.748	0.009540966300440747
3897.892	0.009529978871426554
3898.035	0.009529978871426554
3898.1789999999996	0.009529978871426554
3898.323	0.009529978871426554
3898.4669999999996	0.009529978871426554
3898.611	0.009529978871426554
3898.7549999999997	0.009529978871426554
3898.899	0.009529978871426554
3899.0429999999997	0.009529978871426554
3899.187	0.009529978871426554
3899.33	0.009529978871426554
3899.4739999999997	0.009529978871426554
3899.618	0.009529978871426554
3899.7619999999997	0.009529978871426554
3899.9049999999997	0.009529978871426554
3900.0499999999997	0.009529978871426554
3900.1929999999998	0.009529978871426554
3900.337	0.009529978871426554
3900.4809999999998	0.009529978871426554
3900.625	0.009529978871426554
3900.769	0.009540966300440747
3900.912	0.009544844216563403
3901.056	0.009550661090747386
3901.2	0.009550661090747386
3901.344	0.009557124284285144
3901.488	0.009574574906837096
3901.6319999999996	0.009591379210035271
3901.776	0.009599135042280584
3901.9199999999996	0.009604951916464566
3902.0629999999996	0.009615939345478757
3902.207	0.009626280455139174
3902.3509999999997	0.009629512051908054
3902.495	0.009640499480922243
3902.638	0.009651486909936434
3902.783	0.009657950103474195
3902.9269999999997	0.009663766977658179
3903.0699999999997	0.009665705935719507
3903.214	0.009667644893780835
3903.3579999999997	0.009668937532488387
3903.502	0.009676693364733698
3903.645	0.009676693364733698
3903.79	0.009688327113101667
3903.933	0.009696082945346976
3904.0769999999998	0.009701253500177184
3904.2219999999998	0.009706424055007393
3904.365	0.00972128940014424
3904.509	0.009725167316266894
3904.654	0.009725167316266894
3904.797	0.009725167316266894
3904.941	0.009725167316266894
3905.085	0.009725167316266894
3905.2279999999996	0.00972904523238955
3905.372	0.009736154745281087
3905.5159999999996	0.009743910577526398
3905.66	0.009747788493649054
3905.8039999999996	0.009747788493649054
3905.9469999999997	0.009751666409771709
3906.091	0.009756190645248141
3906.2349999999997	0.009758775922663245
3906.379	0.009765239116201006
3906.5229999999997	0.009771702309738766
3906.667	0.009776226545215195
3906.8109999999997	0.00978204341939918
3906.957	0.009787213974229388
3907.098	0.009791091890352044
3907.2419999999997	0.009796908764536028
3907.386	0.009804018277427563
3907.5299999999997	0.00980918883225777
3907.674	0.009811774109672874
3907.819	0.00981565202579553
3907.962	0.009819529941918186
3908.1059999999998	0.009821468899979514
3908.25	0.009822761538687066
3908.394	0.009823407858040843
3908.538	0.00982534681610217
3908.681	0.00982857841287105
3908.826	0.009830517370932379
3908.969	0.009831163690286155
3909.113	0.00983310264834748
3909.2569999999996	0.009834395287055032
3909.401	0.009834395287055032
3909.5449999999996	0.009835041606408808
3909.6879999999996	0.009838273203177688
3909.8329999999996	0.009841504799946568
3909.9759999999997	0.009845382716069224
3910.12	0.009845382716069224
3910.2639999999997	0.009848614312838103
3910.408	0.009848614312838103
3910.5519999999997	0.009848614312838103
3910.696	0.009848614312838103
3910.839	0.009848614312838103
3910.9829999999997	0.00984926063219188
3911.127	0.009853784867668313
3911.2709999999997	0.009853784867668313
3911.415	0.00984926063219188
3911.5589999999997	0.009848614312838103
3911.703	0.009845382716069224
3911.846	0.009845382716069224
3911.993	0.009841504799946568
3912.134	0.009838273203177688
3912.278	0.009835041606408808
3912.422	0.009834395287055032
3912.566	0.00983310264834748
3912.71	0.009831163690286155
3912.854	0.009831163690286155
3912.997	0.009830517370932379
3913.1409999999996	0.009830517370932379
3913.285	0.009830517370932379
3913.4289999999996	0.009830517370932379
3913.5719999999997	0.00982857841287105
3913.7169999999996	0.009824700496748395
3913.8599999999997	0.009821468899979514
3914.004	0.009819529941918186
3914.1479999999997	0.00981565202579553
3914.292	0.009811774109672874
3914.4359999999997	0.00980918883225777
3914.58	0.009807249874196443
3914.723	0.009804018277427563
3914.8669999999997	0.009800786680658683
3915.011	0.009797555083889803
3915.1549999999997	0.009793677167767148
3915.299	0.00979173820970582
3915.4429999999998	0.009789799251644492
3915.587	0.009781397100045403
3915.73	0.009771702309738766
3915.875	0.00976782439361611
3916.022	0.009763300158139677
3916.162	0.009758775922663245
3916.306	0.009756190645248141
3916.45	0.009751666409771709
3916.594	0.009740032661403743
3916.738	0.00972904523238955
3916.881	0.009721935719498014
3917.0249999999996	0.009714179887252705
3917.169	0.009710301971130049
3917.3129999999996	0.009701253500177184
3917.457	0.009701253500177184
3917.6009999999997	0.009701253500177184
3917.745	0.009701253500177184
3917.888	0.009701253500177184
3918.0319999999997	0.009701253500177184
3918.176	0.009701253500177184
3918.321	0.009701253500177184
3918.464	0.009701253500177184
3918.6079999999997	0.009701253500177184
3918.752	0.009701253500177184
3918.895	0.009701253500177184
3919.04	0.009701253500177184
3919.183	0.009701253500177184
3919.3269999999998	0.009701253500177184
3919.471	0.009701253500177184
3919.614	0.009701253500177184
3919.758	0.009701253500177184
3919.902	0.009701253500177184
3920.046	0.009701253500177184
3920.19	0.009701253500177184
3920.334	0.009701253500177184
3920.4779999999996	0.009701253500177184
3920.6209999999996	0.009701253500177184
3920.765	0.009701253500177184
3920.9089999999997	0.009701253500177184
3921.053	0.009701253500177184
3921.1969999999997	0.009701253500177184
3921.341	0.009701253500177184
3921.4849999999997	0.009701253500177184
3921.629	0.009701253500177184
3921.772	0.009701253500177184
3921.9159999999997	0.009701253500177184
3922.06	0.009701253500177184
3922.2039999999997	0.009701253500177184
3922.3469999999998	0.009701253500177184
3922.4919999999997	0.009701253500177184
3922.6349999999998	0.009701253500177184
3922.779	0.009701253500177184
3922.923	0.009701253500177184
3923.067	0.009701253500177184
3923.211	0.009701253500177184
3923.355	0.009701253500177184
3923.498	0.009701253500177184
3923.642	0.009701253500177184
3923.7859999999996	0.009701253500177184
3923.93	0.009701253500177184
3924.0739999999996	0.009701253500177184
3924.218	0.009701253500177184
3924.3619999999996	0.009701253500177184
3924.5049999999997	0.009701253500177184
3924.649	0.009701253500177184
3924.7929999999997	0.009701253500177184
3924.937	0.009701253500177184
3925.0829999999996	0.009701253500177184
3925.2259999999997	0.009701253500177184
3925.37	0.009701253500177184
3925.5139999999997	0.009701253500177184
3925.6569999999997	0.009701253500177184
3925.801	0.009701253500177184
3925.9449999999997	0.009701253500177184
3926.089	0.009701253500177184
3926.2329999999997	0.009701253500177184
3926.377	0.009701253500177184
3926.5209999999997	0.009701253500177184
3926.6639999999998	0.009701253500177184
3926.808	0.009701253500177184
3926.9519999999998	0.009701253500177184
3927.096	0.009701253500177184
3927.24	0.009701253500177184
3927.384	0.009701253500177184
3927.528	0.009701253500177184
3927.671	0.009701253500177184
3927.815	0.009701253500177184
3927.959	0.009701253500177184
3928.1029999999996	0.009701253500177184
3928.247	0.009701253500177184
3928.39	0.009701253500177184
3928.5339999999997	0.009701253500177184
3928.678	0.009701253500177184
3928.8219999999997	0.009701253500177184
3928.966	0.009701253500177184
3929.1099999999997	0.009701253500177184
3929.254	0.009701253500177184
3929.397	0.009701253500177184
3929.5409999999997	0.009701253500177184
3929.685	0.009701253500177184
3929.8289999999997	0.009701253500177184
3929.973	0.009701253500177184
3930.1169999999997	0.009701253500177184
3930.261	0.009701253500177184
3930.4049999999997	0.009701253500177184
3930.548	0.009701253500177184
3930.692	0.009701253500177184
3930.836	0.009701253500177184
3930.98	0.009701253500177184
3931.123	0.009701253500177184
3931.268	0.009701253500177184
3931.412	0.009701253500177184
3931.555	0.009701253500177184
3931.6989999999996	0.009701253500177184
3931.844	0.009701253500177184
3931.9869999999996	0.009701253500177184
3932.131	0.009701253500177184
3932.2749999999996	0.009701253500177184
3932.4179999999997	0.009701253500177184
3932.5629999999996	0.009701253500177184
3932.7059999999997	0.009701253500177184
3932.8509999999997	0.009698021903408304
3932.9939999999997	0.009698021903408304
3933.138	0.009698021903408304
3933.281	0.009698021903408304
3933.4249999999997	0.009693497667931874
3933.569	0.00969091239051677
3933.7129999999997	0.009687680793747891
3933.857	0.009682510238917683
3934.0009999999997	0.00967475440667237
3934.147	0.009668937532488387
3934.2889999999998	0.00966699857442706
3934.432	0.009661181700243077
3934.576	0.009655364826059092
3934.72	0.009653425867997762
3934.864	0.009651486909936434
3935.0069999999996	0.009649547951875106
3935.153	0.009646962674460004
3935.2949999999996	0.009635975245445811
3935.439	0.009626280455139174
3935.5829999999996	0.009622402539016518
3935.727	0.009619817261601413
3935.872	0.009611415110002325
3936.0139999999997	0.00960107400034191
3936.163	0.009597196084219255
3936.306	0.009591379210035271
3936.448	0.009585562335851287
3936.593	0.009581684419728634
3936.7369999999996	0.00957909914231353
3936.881	0.009575221226190872
3937.0249999999996	0.009566819074591785
3937.169	0.0095610022004078
3937.3089999999997	0.009557124284285144
3937.453	0.00955324636816249
3937.5969999999998	0.009546783174624731
3937.741	0.009537734703671866
3937.8869999999997	0.009531271510134106
3938.029	0.009526100955303901
3938.172	0.009521576719827469
3938.316	0.009518991442412363
3938.46	0.009517052484351035
3938.604	0.009500894500506635
3938.748	0.009484736516662238
3938.892	0.009482151239247134
3939.0359999999996	0.009480212281185806
3939.1789999999996	0.009467285894110288
3939.323	0.009454359507034767
3939.4669999999996	0.00945242054897344
3939.611	0.009450481590912111
3939.7549999999997	0.009432384649006385
3939.8979999999997	0.00941558034580821
3940.0429999999997	0.0094078245135629
3940.187	0.009382618058765635
3940.33	0.009361289520091028
3940.4739999999997	0.009353533687845719
3940.618	0.00934836313301551
3940.7619999999997	0.009341253620123974
3940.9049999999997	0.009331558829817333
3941.049	0.009321864039510696
3941.1929999999998	0.009306998694373847
3941.337	0.00929084071052945
3941.4809999999998	0.009279206962161482
3941.625	0.00927015849120862
3941.769	0.009261756339609531
3941.913	0.009257232104133099
3942.056	0.009252707868656668
3942.2039999999997	0.009236549884812269
3942.344	0.009220391900967871
3942.488	0.009212636068722559
3942.6319999999996	0.009206819194538574
3942.777	0.00920423391712347
3942.921	0.009192600168755503
3943.064	0.00918032010103376
3943.2079999999996	0.00917708850426488
3943.352	0.009172564268788447
3943.4959999999996	0.009164808436543135
3943.64	0.009157698923651602
3943.7839999999997	0.00914994309140629
3943.9269999999997	0.009138309343038324
3944.071	0.009125382955962803
3944.2149999999997	0.009118273443071269
3944.359	0.00908595747538247
3944.5029999999997	0.009038776162556824
3944.647	0.009023910817419977
3944.79	0.009014862346467114
3944.9339999999997	0.008996765404561388
3945.078	0.00897414422717923
3945.2219999999998	0.008953462007858397
3945.366	0.008953462007858397
3945.5099999999998	0.008953462007858397
3945.654	0.008953462007858397
3945.798	0.008953462007858397
3945.941	0.008953462007858397
3946.086	0.008953462007858397
3946.23	0.008953462007858397
3946.373	0.008953462007858397
3946.517	0.008953462007858397
3946.6609999999996	0.008953462007858397
3946.806	0.008953462007858397
3946.9489999999996	0.008953462007858397
3947.093	0.008953462007858397
3947.236	0.008953462007858397
3947.3799999999997	0.008953462007858397
3947.5229999999997	0.008953462007858397
3947.6679999999997	0.008953462007858397
3947.812	0.008953462007858397
3947.955	0.008953462007858397
3948.0989999999997	0.008953462007858397
3948.243	0.008953462007858397
3948.3869999999997	0.008953462007858397
3948.531	0.008953462007858397
3948.674	0.008953462007858397
3948.819	0.008953462007858397
3948.962	0.008953462007858397
3949.1059999999998	0.008953462007858397
3949.25	0.008953462007858397
3949.394	0.008953462007858397
3949.538	0.008953462007858397
3949.681	0.008953462007858397
3949.825	0.008953462007858397
3949.969	0.008953462007858397
3950.113	0.008953462007858397
3950.2569999999996	0.008953462007858397
3950.401	0.008953462007858397
3950.5449999999996	0.008953462007858397
3950.6879999999996	0.008953462007858397
3950.832	0.008953462007858397
3950.9759999999997	0.008953462007858397
3951.12	0.008953462007858397
3951.2639999999997	0.008953462007858397
3951.408	0.008953462007858397
3951.5519999999997	0.008953462007858397
3951.696	0.008953462007858397
3951.839	0.008953462007858397
3951.9829999999997	0.008953462007858397
3952.1299999999997	0.008953462007858397
3952.2709999999997	0.008953462007858397
3952.4139999999998	0.008953462007858397
3952.5589999999997	0.008953462007858397
3952.7019999999998	0.008953462007858397
3952.846	0.008953462007858397
3952.99	0.008953462007858397
3953.134	0.008953462007858397
3953.278	0.008953462007858397
3953.422	0.008953462007858397
3953.565	0.008953462007858397
3953.709	0.008953462007858397
3953.8529999999996	0.008953462007858397
3953.997	0.008953462007858397
3954.1409999999996	0.008953462007858397
3954.285	0.008953462007858397
3954.4289999999996	0.008953462007858397
3954.573	0.008953462007858397
3954.716	0.008953462007858397
3954.8599999999997	0.008953462007858397
3955.004	0.008953462007858397
3955.1479999999997	0.008953462007858397
3955.292	0.008953462007858397
3955.4359999999997	0.008953462007858397
3955.58	0.008953462007858397
3955.723	0.008953462007858397
3955.8669999999997	0.008953462007858397
3956.011	0.008953462007858397
3956.1549999999997	0.008953462007858397
3956.299	0.008953462007858397
3956.4429999999998	0.008953462007858397
3956.586	0.008953462007858397
3956.73	0.008953462007858397
3956.874	0.008953462007858397
3957.0209999999997	0.008953462007858397
3957.162	0.008953462007858397
3957.306	0.008953462007858397
3957.4489999999996	0.008953462007858397
3957.593	0.008953462007858397
3957.7369999999996	0.008953462007858397
3957.881	0.008953462007858397
3958.0249999999996	0.008953462007858397
3958.169	0.008953462007858397
3958.3129999999996	0.008953462007858397
3958.4559999999997	0.008953462007858397
3958.6009999999997	0.008953462007858397
3958.7439999999997	0.008953462007858397
3958.888	0.008953462007858397
3959.0319999999997	0.008953462007858397
3959.176	0.008953462007858397
3959.3199999999997	0.008953462007858397
3959.4629999999997	0.008953462007858397
3959.607	0.008953462007858397
3959.7509999999997	0.008953462007858397
3959.895	0.008953462007858397
3960.0389999999998	0.008953462007858397
3960.1839999999997	0.008953462007858397
3960.328	0.008953462007858397
3960.4719999999998	0.008953462007858397
3960.616	0.008953462007858397
3960.7599999999998	0.008953462007858397
3960.903	0.008953462007858397
3961.048	0.008953462007858397
3961.194	0.008953462007858397
3961.335	0.008953462007858397
3961.479	0.008953462007858397
3961.622	0.008953462007858397
3961.7659999999996	0.008953462007858397
3961.91	0.008953462007858397
3962.0539999999996	0.008953462007858397
3962.198	0.008953462007858397
3962.341	0.008953462007858397
3962.4849999999997	0.008953462007858397
3962.629	0.008953462007858397
3962.7729999999997	0.008953462007858397
3962.917	0.008953462007858397
3963.0609999999997	0.008953462007858397
3963.205	0.008953462007858397
3963.3489999999997	0.008953462007858397
3963.4919999999997	0.008953462007858397
3963.636	0.008953462007858397
3963.7799999999997	0.008953462007858397
3963.924	0.008953462007858397
3964.0679999999998	0.008953462007858397
3964.212	0.008953462007858397
3964.3559999999998	0.008953462007858397
3964.499	0.008953462007858397
3964.643	0.008953462007858397
3964.787	0.008953462007858397
3964.931	0.008953462007858397
3965.0739999999996	0.008953462007858397
3965.219	0.008953462007858397
3965.363	0.008953462007858397
3965.506	0.008953462007858397
3965.6499999999996	0.008953462007858397
3965.794	0.008953462007858397
3965.9379999999996	0.008953462007858397
3966.082	0.008953462007858397
3966.225	0.008953462007858397
3966.37	0.008953462007858397
3966.513	0.008953462007858397
3966.6569999999997	0.008953462007858397
3966.801	0.008953462007858397
3966.9449999999997	0.008953462007858397
3967.089	0.008953462007858397
3967.232	0.008953462007858397
3967.377	0.008953462007858397
3967.52	0.008953462007858397
3967.6639999999998	0.008953462007858397
3967.808	0.008953462007858397
3967.9519999999998	0.008953462007858397
3968.096	0.008953462007858397
3968.24	0.008953462007858397
3968.383	0.008953462007858397
3968.527	0.008953462007858397
3968.671	0.008953462007858397
3968.815	0.008953462007858397
3968.959	0.00897414422717923
3969.1029999999996	0.008996765404561388
3969.247	0.009014862346467114
3969.39	0.009014862346467114
3969.5339999999997	0.009014862346467114
3969.678	0.009062043659292758
3969.8219999999997	0.009077555323783383
3969.966	0.009077555323783383
3970.1099999999997	0.009077555323783383
3970.256	0.009077555323783383
3970.397	0.009077555323783383
3970.5409999999997	0.009252061549302892
3970.685	0.009393605487779826
3970.8289999999997	0.009438847842544146
3970.973	0.00948602915536979
3971.116	0.009590086571327719
3971.261	0.009657950103474195
3971.4049999999997	0.009669583851842162
3971.548	0.009677339684087474
3971.692	0.009709009332422497
3971.836	0.009750373771064158
3971.98	0.009765885435554782
3972.124	0.009789152932290716
3972.267	0.009811127790319098
3972.4109999999996	0.009824700496748393
3972.555	0.009841504799946568
3972.6989999999996	0.009853138548314535
3972.843	0.009861540699913624
3972.9869999999996	0.00986865021280516
3973.131	0.009909368332093046
3973.274	0.00996947603199421
3973.4179999999997	0.01000760887386699
3973.562	0.010032169009310477
3973.7059999999997	0.010044449077032221
3973.85	0.010049619631862428
3973.9939999999997	0.010070301851183258
3974.138	0.010091630389857865
3974.2819999999997	0.01009550830598052
3974.426	0.010103910457579609
3974.569	0.010115544205947576
3974.7129999999997	0.010129116912376872
3974.8579999999997	0.01014527489622127
3975.0009999999997	0.010176944544556293
3975.145	0.010202150999353555
3975.288	0.010206028915476211
3975.432	0.01021119947030642
3975.576	0.010213138428367746
3975.72	0.010226064815443265
3975.864	0.010239637521872562
3976.0069999999996	0.010244161757348994
3976.152	0.010257088144424512
3976.2949999999996	0.010267429254084928
3976.441	0.010269368212146256
3976.5829999999996	0.010277770363745345
3976.727	0.01028940411211331
3976.8709999999996	0.010299745221773727
3977.015	0.010310732650787916
3977.158	0.010321073760448333
3977.3019999999997	0.010333353828170074
3977.446	0.010342402299122939
3977.5899999999997	0.0103488654926607
3977.7349999999997	0.01035662132490601
3977.879	0.010367608753920201
3978.0229999999997	0.010378596182934394
3978.167	0.010389583611948585
3978.31	0.010399278402255224
3978.4539999999997	0.01040315631837788
3978.598	0.01040638791514676
3978.7419999999997	0.010410265831269416
3978.886	0.010413497428038295
3979.0299999999997	0.010415436386099621
3979.174	0.01041737534416095
3979.319	0.010421253260283606
3979.461	0.010427716453821366
3979.605	0.010439996521543109
3979.749	0.010449044992495972
3979.893	0.010455508186033732
3980.037	0.010462617698925269
3980.18	0.010464556656986597
3980.325	0.010474251447293234
3980.468	0.010485238876307427
3980.6119999999996	0.010509152692397137
3980.756	0.010531773869779297
3980.8999999999996	0.010542114979439712
3981.0429999999997	0.010553102408453903
3981.1879999999996	0.010558272963284111
3981.332	0.010567321434236974
3981.4759999999997	0.01057443094712851
3981.6189999999997	0.010580894140666269
3981.763	0.010586711014850252
3981.9069999999997	0.01059511316644934
3982.0499999999997	0.010609978511586186
3982.194	0.010640355521213656
3982.3379999999997	0.010668793572779799
3982.482	0.0107198528017281
3982.6259999999997	0.010783192098398144
3982.77	0.01080193535965765
3982.9159999999997	0.010811630149964287
3983.0589999999997	0.010835543966053997
3983.205	0.010903407498200474
3983.348	0.011141253020390027
3983.4919999999997	0.011328685632985057
3983.6349999999998	0.01136811111356539
3983.7799999999997	0.011428218813466555
3983.921	0.011457303184386473
3984.065	0.011477339084353527
3984.2079999999996	0.011514179287518758
3984.352	0.011543263658438677
3984.4959999999996	0.011596261845448305
3984.64	0.011651845309873038
3984.7839999999997	0.011697087664637354
3984.928	0.011785633416104661
3985.071	0.011848972712774707
3985.2149999999997	0.011869654932095536
3985.359	0.011901324580430559
3985.5029999999997	0.01192846999328915
3985.647	0.011956908044855292
3985.7909999999997	0.011991162970605419
3985.9339999999997	0.01200215039961961
3986.078	0.012017662064110233
3986.2219999999998	0.012053855947921684
3986.366	0.012088757193025587
3986.5099999999998	0.012106854134931316
3986.654	0.012115256286530401
3986.798	0.012124304757483266
3986.942	0.012144340657450322
3987.085	0.012168900792893808
3987.232	0.012205094676705261
3987.373	0.01225809286371489
3987.517	0.012428721173111744
3987.6609999999996	0.012578020943833992
3987.805	0.012610983230876564
3987.948	0.012714394327480718
3988.0919999999996	0.012835256046636824
3988.236	0.012887607914292677
3988.3799999999997	0.012980677901236415
3988.524	0.013091198510732104
3988.6679999999997	0.01318168322026074
3988.812	0.01334003146193585
3988.9559999999997	0.013641216280795447
3989.1	0.013871952290093467
3989.2439999999997	0.013901036661013385
3989.3869999999997	0.014020605741461935
3989.531	0.014336655905458382
3989.6749999999997	0.014602939479214079
3989.8179999999998	0.01469083891132761
3989.9629999999997	0.014807822714361058
3990.1059999999998	0.014928038114163388
3990.25	0.01527640424584863
3990.394	0.01576760695471836
3990.538	0.015958917483436044
3990.682	0.016090766631606343
3990.825	0.016216798905592654
3990.969	0.01628595507644668
3991.113	0.016354464927946934
3991.2569999999996	0.016459814982612418
3991.401	0.01663044329200927
3991.5449999999996	0.016722220640245457
3991.689	0.01689284894964231
3991.8329999999996	0.01751848608409744
3991.9759999999997	0.017999347683306757
3992.12	0.01803424892841066
3992.2639999999997	0.018129257873415724
3992.408	0.01829342298927482
3992.5519999999997	0.01840394359877051
3992.696	0.01848085560186985
3992.8399999999997	0.018615936346809026
3992.9829999999997	0.01869866522409235
3993.127	0.018811771111003142
3993.2709999999997	0.018956546646248955
3993.415	0.019014715388088792
3993.558	0.019043153439654938
3993.703	0.01905543350737668
3993.8469999999998	0.019062543020268212
3993.99	0.019072237810574856
3994.134	0.019113602249216516
3994.278	0.019162722520103488
3994.422	0.019198270084561167
3994.566	0.019220891261943325
3994.709	0.019302973819872872
3994.854	0.019383763739094867
3994.997	0.01939733644552416
3995.1409999999996	0.01942642081644408
3995.2859999999996	0.019456151506717777
3995.43	0.0194716631712084
3995.5739999999996	0.019477480045392383
3995.718	0.01948135796151504
3995.861	0.019488467474406575
3996.0049999999997	0.019516905525972718
3996.149	0.01962613349676085
3996.2929999999997	0.01973988570302542
3996.437	0.019767677435237788
3996.5809999999997	0.019798054444865258
3996.725	0.019844589438337126
3996.868	0.019874966447964597
3997.0119999999997	0.019889831793101442
3997.156	0.019915038247898708
3997.2999999999997	0.0200281441348095
3997.446	0.02021299146998943
3997.5879999999997	0.020330621592376655
3997.7309999999998	0.020403655679353337
3997.875	0.020503188859834834
3998.019	0.020593027250009693
3998.163	0.020707425775628036
3998.307	0.020832165410906798
3998.451	0.0208832246398551
3998.594	0.02090261422046838
3998.739	0.020928466994619418
3998.8819999999996	0.02106742565568125
3999.026	0.02223984896343084
3999.1699999999996	0.02332372651971313
3999.314	0.023447819835638116
3999.4579999999996	0.023556401487072477
3999.6009999999997	0.023593241690237705
3999.745	0.023608107035374554
3999.8889999999997	0.02365334939013887
4000.033	0.023702469661025842
4000.1769999999997	0.02371410340939381
4000.321	0.023732846670653313
4000.4649999999997	0.02376063840286568
4000.609	0.023777442706063856
4000.752	0.023807173396337547
4000.8959999999997	0.023861464222054728
4001.04	0.02392221824130967
4001.1839999999997	0.023988142815394818
4001.328	0.02403273885080536
4001.4719999999998	0.02406182322172528
4001.616	0.024100602382951836
4001.759	0.024249902153674084
4001.903	0.02438950713408969
4002.049	0.024450907472698406
4002.191	0.024529758433859072
4002.334	0.024568537595085635
4002.479	0.024609255714373515
4002.623	0.024713313130331448
4002.767	0.024830296933364894
4002.91	0.024876831926836762
4003.0589999999997	0.02489492886874249
4003.198	0.025108860574842337
4003.3419999999996	0.025346706097031886
4003.4849999999997	0.025393241090503758
4003.629	0.02552315128061273
4003.7729999999997	0.025646598277183935
4003.917	0.02568602375776427
4004.0609999999997	0.025748070415726763
4004.205	0.025779740064061786
4004.3489999999997	0.02596975795407192
4004.493	0.026271589092285295
4004.6369999999997	0.026516544127366384
4004.7799999999997	0.02665744174648954
4004.924	0.026787351936598508
4005.0679999999998	0.026948931775042498
4005.212	0.027010978433004987
4005.355	0.02705234287164665
4005.5	0.027134425429576198
4005.643	0.027192594171416035
4005.787	0.027264335619685172
4005.931	0.02758297106109672
4006.075	0.02801794398618794
4006.219	0.028244155760009527
4006.365	0.028283581240589863
4006.506	0.028368895395288286
4006.6499999999996	0.028481354962845304
4006.794	0.02861772834649203
4006.9379999999996	0.028788356655888886
4007.082	0.0288685002557571
4007.2259999999997	0.02888853615572416
4007.37	0.02912573535855994
4007.5139999999997	0.029475394128952732
4007.6569999999997	0.02970613013825075
4007.801	0.029980815863605535
4007.9449999999997	0.030207027637427122
4008.089	0.030417727746758084
4008.2329999999997	0.030697584026943076
4008.3759999999997	0.03084171324283512
4008.52	0.03090182094273628
4008.6639999999998	0.03099941516515645
4008.808	0.031357476087148325
4008.9519999999998	0.03181507018962171
4009.096	0.03201025863446205
4009.24	0.032231299853453424
4009.383	0.032568032236770704
4009.527	0.03278454922028566
4009.671	0.032876326568521845
4009.815	0.03313873222615488
4009.959	0.033379163025759544
4010.1029999999996	0.033404369480556806
4010.247	0.03375015033482694
4010.3909999999996	0.034327959837102656
4010.5339999999997	0.034638193126915115
4010.678	0.034837905807231895
4010.8219999999997	0.034979449745708824
4010.966	0.03504278904237887
4011.1099999999997	0.0351281031970773
4011.2529999999997	0.03527417137103066
4011.3979999999997	0.035400203645016975
4011.5409999999997	0.03551072425451267
4011.685	0.03582935969592421
4011.8289999999997	0.03618548165985476
4011.9719999999998	0.03632250136285527
4012.1169999999997	0.03648602015936059
4012.261	0.03668444020096981
4012.404	0.036747779497639854
4012.548	0.036797546087880606
4012.6929999999998	0.0368408494845836
4012.837	0.03696235752309347
4012.9809999999998	0.03707934132612692
4013.124	0.03738246510304785
4013.268	0.03781291379266264
4013.412	0.03803266237294646
4013.556	0.03811797652764489
4013.7	0.03814124402438082
4013.844	0.03833901774663627
4013.988	0.03852838931729263
4014.1319999999996	0.03864472680097231
4014.2749999999996	0.038823757261968246
4014.419	0.03889873030700626
4014.5629999999996	0.03924580379998395
4014.707	0.03960968159615981
4014.8509999999997	0.03980874795712281
4014.995	0.040031728134175514
4015.138	0.04021722178870922
4015.2819999999997	0.040447957798007236
4015.4269999999997	0.04061729346869653
4015.5699999999997	0.04078986073615472
4015.714	0.041070363335693486
4015.8579999999997	0.04137025551584553
4016.002	0.04173219435396007
4016.145	0.0420217454244517
4016.2889999999998	0.042155533530683326
4016.433	0.04241212231413238
4016.5769999999998	0.04263510249118509
4016.7219999999998	0.04272170928459107
4016.865	0.042845802600516056
4017.009	0.04302547938086577
4017.153	0.043197400328970174
4017.297	0.04331050621588097
4017.44	0.0436860177604248
4017.584	0.044097723188780094
4017.7279999999996	0.04421535331116731
4017.8709999999996	0.04448616112039945
4018.0159999999996	0.04484228308433
4018.1589999999997	0.045014204032434404
4018.303	0.045217794628873834
4018.4469999999997	0.04545822542847849
4018.591	0.045559051247667536
4018.7349999999997	0.04565793810879526
4018.879	0.04608515520164118
4019.0229999999997	0.04653046923639281
4019.1659999999997	0.04670174386514343
4019.31	0.04695380841311606
4019.4539999999997	0.047232372054593505
4019.598	0.04744242584457069
4019.7419999999997	0.04757750658950987
4019.886	0.047821815305237186
4020.0299999999997	0.048155962411139355
4020.173	0.04846554938159804
4020.317	0.048813915513283276
4020.461	0.04913319727404861
4020.605	0.04938655446072879
4020.749	0.04963150949580988
4020.892	0.049864830782523004
4021.0359999999996	0.05004062964675006
4021.18	0.05025068343672724
4021.3239999999996	0.050461383546058204
4021.468	0.05074059350688942
4021.6119999999996	0.05113420199333899
4021.756	0.05172623052139777
4021.8999999999996	0.05220515316254576
4022.0429999999997	0.052316320091395224
4022.187	0.052397756329971
4022.3309999999997	0.05266403990372669
4022.475	0.05290447070333134
4022.6189999999997	0.052987199580614666
4022.7619999999997	0.05315782789001153
4022.9069999999997	0.053431220976658755
4023.0499999999997	0.053925008962943596
4023.194	0.05466892253913973
4023.3379999999997	0.055138796709334845
4023.482	0.05539861708955278
4023.6259999999997	0.055737934750285156
4023.77	0.05607660609166376
4023.913	0.05643143541688676
4024.057	0.056611758516590255
4024.201	0.05681211751626081
4024.345	0.05702152498688423
4024.49	0.05747524117323495
4024.633	0.058165510243067674
4024.777	0.05856558192305499
4024.9199999999996	0.05888163208705143
4025.064	0.05915696413176
4025.2079999999996	0.05936701792173718
4025.352	0.0596598005889977
4025.4959999999996	0.05989958506924858
4025.64	0.06009800511085779
4025.783	0.06044443228448171
4025.928	0.061087520041488805
4026.071	0.0618269093822085
4026.2149999999997	0.062247016962162866
4026.359	0.06249778887142794
4026.5029999999997	0.0627007331485136
4026.647	0.06286812986114157
4026.7909999999997	0.06313441343489727
4026.9339999999997	0.06338324638610102
4027.078	0.0636120434373377
4027.2219999999998	0.06391969144973506
4027.366	0.06471660321294082
4027.5099999999998	0.06554712358254294
4027.654	0.06591617193354901
4027.801	0.06619990612985666
4027.941	0.0665721860776316
4028.085	0.06692960068026971
4028.229	0.06704916976071826
4028.373	0.06730899014093619
4028.517	0.06769742807255555
4028.66	0.06794496838505173
4028.8039999999996	0.06868888196124787
4028.948	0.0695646446856143
4029.0919999999996	0.06990460866570046
4029.236	0.07026590118446122
4029.3799999999997	0.07063171793869842
4029.524	0.07097555983490723
4029.6679999999997	0.07136011985040393
4029.812	0.0715921484984095
4029.9559999999997	0.07181642131416976
4030.0989999999997	0.07204198676863756
4030.2439999999997	0.07307932933144798
4030.388	0.07417225535868313
4030.5319999999997	0.07444629476468415
4030.6749999999997	0.07477591763510988
4030.8199999999997	0.07525031604078145
4030.964	0.0756626677884905
4031.107	0.07589469643649607
4031.2509999999997	0.07612543244579409
4031.395	0.07632837672287976
4031.5389999999998	0.07653713787414938
4031.682	0.07766173354971956
4031.826	0.07883221789940781
4031.97	0.07917024292143265
4032.114	0.07946948878223092
4032.2619999999997	0.079757747214015
4032.402	0.08008090689090298
4032.546	0.08038532330653146
4032.69	0.08055982953205097
4032.8329999999996	0.08093340211853348
4032.977	0.08161397639805956
4033.1209999999996	0.0827851070671016
4033.265	0.0838146937976667
4033.4089999999997	0.0843175302549044
4033.5519999999997	0.08477706331543912
4033.696	0.08516356228899716
4033.8399999999997	0.08553390327871077
4033.984	0.08583573441692413
4034.1279999999997	0.08606905570363726
4034.272	0.08621706283565195
4034.4159999999997	0.08671925297353589
4034.56	0.08810366902932398
4034.703	0.08930259143057839
4034.8469999999998	0.08981253740070763
4034.991	0.09033670239661995
4035.1349999999998	0.09073935935402236
4035.279	0.09111810249533508
4035.423	0.09159250090100664
4035.567	0.09199257258099396
4035.711	0.09241849703513232
4035.854	0.09347393653984845
4035.998	0.09515630581772729
4036.142	0.09626086559333041
4036.2859999999996	0.0968386750956061
4036.43	0.09748370181067452
4036.573	0.09795810021634607
4036.7169999999996	0.09836204981245605
4036.861	0.0988771663374155
4037.0049999999997	0.09944915896550723
4037.149	0.09994423959049961
4037.2929999999997	0.10078962530523856
4037.437	0.102014400480644
4037.5809999999997	0.10289016320501046
4037.7239999999997	0.103370378484866
4037.868	0.10383766737764602
4038.0119999999997	0.10447881617659177
4038.156	0.10498876214672098
4038.299	0.10547479430076052
4038.444	0.10605389644174379
4038.5879999999997	0.1065560865796277
4038.7309999999998	0.10773432676156128
4038.875	0.10917303364306657
4039.019	0.10994538527082887
4039.163	0.11047019658609494
4039.307	0.11097044776591752
4039.45	0.1114577725586646
4039.595	0.11207630018022821
4039.738	0.1128396033370376
4039.8819999999996	0.11352664081010144
4040.026	0.11393899255781052
4040.1699999999996	0.11499895629800311
4040.314	0.1165507690664192
4040.4579999999996	0.11751055330677651
4040.602	0.1180347183026888
4040.745	0.11857827287921438
4040.8889999999997	0.11909468204288137
4041.033	0.11949669268093002
4041.1769999999997	0.1200480030897009
4041.305	0.12063486106292948
4041.4489999999996	0.12114092911693608
4041.593	0.12264103633705006
4041.736	0.1244733517050049
4041.8799999999997	0.12522178951667745
4042.024	0.12565094556758472
4042.1679999999997	0.12608591849267595
4042.312	0.1264633689952811
4042.455	0.12702889842983506
4042.604	0.12763385334496935
4042.743	0.12818581007309404
4042.8869999999997	0.12881403248496426
4043.031	0.13048476801447514
4043.1749999999997	0.13243729878223232
4043.319	0.13333697532268846
4043.4629999999997	0.13387535934438385
4043.607	0.1343575135823007
4043.75	0.13493144516845376
4043.894	0.1353929171870498
4044.038	0.13605474820531638
4044.182	0.13676182157834726
4044.3269999999998	0.13717481964541012
4044.47	0.13823995394043292
4044.614	0.13911313138738424
4044.7569999999996	0.13921783512269592
4044.901	0.13930961247093215
4045.0449999999996	0.1394020361385221
4045.189	0.13951643466414043
4045.3329999999996	0.1395836518769331
4045.48	0.1396385890220041
4045.624	0.1396818924187071
4045.768	0.13970968415091944
4045.91	0.13976591393469795
4046.053	0.13980016886044808
4046.196	0.13986350815711812
4046.3399999999997	0.13993266432797213
4046.4829999999997	0.1399688582117836
4046.627	0.14000763737301017
4046.7709999999997	0.14004512389552917
4046.915	0.14007162298903397
4047.062	0.1401297917308738
4047.2019999999998	0.14018796047271365
4047.3469999999998	0.14019894790172782
4047.491	0.14021445956621845
4047.6349999999998	0.14024677553390724
4047.779	0.14033273600795948
4047.923	0.140426452314257
4048.067	0.14046070724000712
4048.211	0.14058350791722454
4048.355	0.1407088938718571
4048.498	0.14072634449440902
4048.642	0.14079226906849418
4048.7859999999996	0.14089761912315968
4048.93	0.14098681119398077
4049.0739999999996	0.14106178423901877
4049.218	0.14110702659378307
4049.3619999999996	0.14117230484851442
4049.506	0.1413054466353923
4049.649	0.14146508751577497
4049.7929999999997	0.1415549259059498
4049.937	0.1415607427801338
4050.0809999999997	0.1415904734704075
4050.225	0.14162149679938874
4050.3689999999997	0.14164799589289356
4050.5119999999997	0.14169517720571922
4050.656	0.14175528490562037
4050.7999999999997	0.14180181989909224
4050.944	0.14188778037314442
4051.0879999999997	0.14201639792454587
4051.232	0.1420933099276452
4051.3759999999997	0.14212885749210288
4051.519	0.14214760075336236
4051.665	0.1423369723240187
4051.807	0.14254379451722704
4051.951	0.14264462033641606
4052.095	0.14276095782009576
4052.239	0.14283916246190265
4052.383	0.1429348177262615
4052.526	0.14302142451966746
4052.6699999999996	0.14307377638732333
4052.814	0.14319399178712566
4052.9579999999996	0.14330257343856
4053.102	0.14334199891914035
4053.245	0.14342278883836235
4053.39	0.14348095758020218
4053.533	0.1435048713962919
4053.6769999999997	0.1436225015186791
4053.821	0.14373496108623612
4053.9649999999997	0.14374853379266544
4054.109	0.14387262710859042
4054.2529999999997	0.14401740264383622
4054.3959999999997	0.14406652291472322
4054.54	0.14412986221139323
4054.6839999999997	0.14423262698864361
4054.828	0.14431470954657316
4054.9719999999998	0.14435478134650728
4055.115	0.1443858046754885
4055.2599999999998	0.14441682800446975
4055.404	0.144453668207635
4055.547	0.14456483513648447
4055.691	0.14467535574598017
4055.835	0.14472641497492847
4055.979	0.14479169322965985
4056.123	0.14484339877796193
4056.2659999999996	0.14493065189072168
4056.4109999999996	0.1450185513228352
4056.5539999999996	0.14508382957756655
4056.698	0.14515944894195834
4056.8419999999996	0.14520469129672267
4056.986	0.14525122629019455
4057.1299999999997	0.14531133399009571
4057.274	0.14535463738679869
4057.417	0.1453785512028884
4057.5609999999997	0.14539923342220923
4057.705	0.14542573251571403
4057.8489999999997	0.1454477073737424
4057.993	0.14554465527680882
4058.1369999999997	0.14563126207021482
4058.2819999999997	0.1456668096346725
4058.4249999999997	0.14570041824106883
4058.5679999999998	0.14571011303137546
4058.712	0.14572562469586609
4058.8559999999998	0.14574049004100292
4059.0	0.14575341642807846
4059.144	0.14577086705063041
4059.287	0.14580512197638057
4059.431	0.14583162106988534
4059.575	0.14583873058277688
4059.719	0.14584907169243733
4059.863	0.14598803035349917
4060.0069999999996	0.14614056172099027
4060.151	0.1461987304628301
4060.2949999999996	0.146395211546378
4060.4379999999996	0.14659880214281742
4060.582	0.14666472671690256
4060.729	0.1467532724683699
4060.87	0.1468974016842619
4061.013	0.14701955604212558
4061.158	0.14708483429685693
4061.3019999999997	0.14719600122570642
4061.4449999999997	0.14733689884482956
4061.589	0.14765488796688733
4061.7329999999997	0.14797934028248289
4061.877	0.14805689860493598
4062.0209999999997	0.14818099192086098
4062.165	0.1482869882948802
4062.308	0.1482947441271255
4062.4519999999998	0.1483302916915832
4062.596	0.14840138682049858
4062.74	0.148486700975197
4062.884	0.14853323596866885
4063.028	0.1485422844396217
4063.172	0.14857395408795676
4063.315	0.14859786790404647
4063.459	0.14863600074591926
4063.6029999999996	0.14867413358779205
4063.747	0.14875104559089136
4063.8909999999996	0.1488279575939907
4064.0339999999997	0.14886932203263237
4064.1789999999996	0.14896820889376008
4064.3219999999997	0.1490296092323688
4064.466	0.14906386415811892
4064.6099999999997	0.14913560560638806
4064.754	0.14918601851598257
4064.8979999999997	0.1492041154578883
4065.042	0.1492364314255771
4065.1859999999997	0.14927585690615747
4065.33	0.1493469520350728
4065.4739999999997	0.1494141692478655
4065.618	0.14950206867997903
4065.7619999999997	0.14958091964113973
4065.906	0.14963650310556445
4066.0499999999997	0.14972698781509308
4066.1929999999998	0.14977287648921117
4066.337	0.14980713141496127
4066.4809999999998	0.14984849585360294
4066.625	0.14987240966969267
4066.769	0.14989632348578236
4066.913	0.14992411521799476
4067.056	0.15000425881786295
4067.2	0.15007600026613208
4067.344	0.1501154257467124
4067.488	0.15027312766903375
4067.6319999999996	0.15041014737203426
4067.776	0.1504851204170723
4067.9199999999996	0.15064152970068606
4068.064	0.15074429447793644
4068.207	0.1507610987811346
4068.3509999999997	0.15077402516821012
4068.495	0.150777256764979
4068.6389999999997	0.1508819605002907
4068.783	0.1510008832613855
4068.9269999999997	0.15104806457421116
4069.071	0.15109783116445188
4069.214	0.15118766955462673
4069.3579999999997	0.15126264259966476
4069.502	0.1512671668351412
4069.6479999999997	0.15128073954157048
4069.79	0.1513137018286131
4069.9339999999997	0.15134343251888677
4070.0769999999998	0.15137380952851423
4070.221	0.15141194237038702
4070.365	0.1514604163219202
4070.509	0.15150889027345338
4070.653	0.15154443783791108
4070.797	0.1516187645635953
4070.941	0.15168275017961913
4071.085	0.1517344557279212
4071.2279999999996	0.15180813613425168
4071.372	0.1518398057825867
4071.5159999999996	0.15184368369870938
4071.662	0.15187147543092172
4071.8039999999996	0.15196906965334187
4071.948	0.15196906965334187
4072.0919999999996	0.1520537374886865
4072.2349999999997	0.15213711268532362
4072.379	0.15221143941100787
4072.5229999999997	0.15222824371420604
4072.667	0.15224892593352687
4072.8109999999997	0.15227154711090904
4072.955	0.15231161891084316
4073.098	0.15236138550108388
4073.2419999999997	0.15241567632680106
4073.386	0.152444760697721
4073.5299999999997	0.1525249042975892
4073.674	0.1526134500490565
4073.8179999999998	0.15262896171354712
4073.962	0.15267614302637278
4074.105	0.15277890780362316
4074.249	0.1529042937582557
4074.393	0.15301869228387405
4074.537	0.15309366532891205
4074.681	0.15323068503191256
4074.8239999999996	0.15337546056715837
4074.968	0.15341682500580003
4075.1119999999996	0.15344073882188974
4075.256	0.15347628638634744
4075.3999999999996	0.1536223545603008
4075.544	0.15377423960843814
4075.6879999999996	0.1538046166180656
4075.832	0.15385502952766014
4075.975	0.1539338804888208
4076.1189999999997	0.1539907565919531
4076.263	0.15402371887899569
4076.4069999999997	0.15409675296597236
4076.551	0.15420921253352937
4076.6949999999997	0.15428741717533628
4076.839	0.15436109758166672
4076.982	0.15444059486218115
4077.1259999999997	0.15456598081681372
4077.274	0.15467003823277164
4077.4139999999998	0.15480899689383348
4077.558	0.15499125895159827
4077.7019999999998	0.15518450843837728
4077.845	0.1553344545284533
4077.989	0.15538486743804783
4078.133	0.1554637183992085
4078.277	0.1555205945023408
4078.421	0.15554256936036917
4078.565	0.15555937366356737
4078.709	0.15558393379901084
4078.852	0.15560590865703922
4078.9959999999996	0.15562465191829872
4079.14	0.15564791941503464
4079.2839999999997	0.15566278476017148
4079.428	0.15566795531500172
4079.5719999999997	0.1556705405924168
4079.7149999999997	0.15569445440850654
4079.859	0.15572418509878022
4080.0029999999997	0.15574745259551614
4080.147	0.1557700737728983
4080.2909999999997	0.15582048668249285
4080.435	0.15589158181140822
4080.5789999999997	0.15592001986297432
4080.723	0.15592454409845077
4080.866	0.1559316536113423
4081.0099999999998	0.15594975055324806
4081.154	0.1559904686725359
4081.298	0.15601890672410207
4081.442	0.15602730887570115
4081.586	0.15606221012080504
4081.73	0.15612425677876754
4081.873	0.1561740233690083
4082.017	0.15621861940441883
4082.1609999999996	0.15624964273340008
4082.305	0.1562683859946596
4082.4489999999996	0.15628389765915018
4082.594	0.15630070196234835
4082.7419999999997	0.15632526209779185
4082.884	0.1563433590396976
4083.028	0.1563672728557873
4083.171	0.15639571090735344
4083.316	0.15641122257184406
4083.46	0.15642673423633469
4083.6	0.15645064805242442
4083.7439999999997	0.15646486707820748
4083.888	0.15649718304589627
4084.0319999999997	0.15652562109746243
4084.176	0.15653854748453794
4084.3199999999997	0.1565521201909672
4084.4629999999997	0.15655922970385877
4084.6079999999997	0.1565799119231796
4084.7509999999997	0.15659930150379286
4084.8959999999997	0.1566141668489297
4085.0389999999998	0.15662903219406657
4085.183	0.15662903219406657
4085.3269999999998	0.15662903219406657
4085.471	0.15662903219406657
4085.615	0.15662903219406657
4085.759	0.15662903219406657
4085.902	0.15662903219406657
4086.046	0.15662903219406657
4086.189	0.15662903219406657
4086.334	0.15663678802631187
4086.4779999999996	0.15665876288434027
4086.6209999999996	0.15665876288434027
4086.765	0.15665876288434027
4086.9089999999997	0.15665876288434027
4087.053	0.15665876288434027
4087.1969999999997	0.15665876288434027
4087.3419999999996	0.15665876288434027
4087.484	0.15668590829719886
4087.6279999999997	0.15669948100362813
4087.774	0.15670982211328854
4087.9159999999997	0.15672404113907162
4088.06	0.1567440770390387
4088.2039999999997	0.1567602350228831
4088.348	0.15676605189706708
4088.4919999999997	0.15677897828414258
4088.6349999999998	0.15679772154540209
4088.779	0.15681064793247762
4088.923	0.156832622790506
4089.067	0.1568778651452703
4089.21	0.15690694951619022
4089.355	0.15691793694520442
4089.498	0.15694378971935546
4089.642	0.15696770353544517
4089.7859999999996	0.1569773983257518
4089.93	0.1569799836031669
4090.0739999999996	0.1569858004773509
4090.218	0.15703039651276146
4090.3619999999996	0.1570717609514031
4090.5049999999997	0.15707757782558707
4090.649	0.15710536955779947
4090.7929999999997	0.15714220976096469
4090.937	0.15716224566093173
4091.0809999999997	0.15717258677059215
4091.225	0.15717711100606857
4091.368	0.15718357419960635
4091.5119999999997	0.1572223533608329
4091.656	0.1572546693285217
4091.7999999999997	0.157268242034951
4091.944	0.1573787626444467
4092.091	0.15750414859907924
4092.2309999999998	0.15753387928935292
4092.3759999999997	0.1575371108861218
4092.519	0.15755391518932
4092.663	0.15757847532476346
4092.807	0.1576036817795607
4092.951	0.15762048608275886
4093.095	0.15765086309238635
4093.239	0.15769998336327334
4093.3819999999996	0.15783635674692004
4093.526	0.1579714374918592
4093.6699999999996	0.15800116818213295
4093.814	0.15801603352726978
4093.9579999999996	0.15801603352726978
4094.1009999999997	0.15801603352726978
4094.2459999999996	0.15801603352726978
4094.3889999999997	0.15801603352726978
4094.533	0.15801603352726978
4094.6769999999997	0.15801603352726978
4094.821	0.15801603352726978
4094.9649999999997	0.15801603352726978
4095.109	0.15801603352726978
4095.252	0.15801603352726978
4095.397	0.15801603352726978
4095.54	0.15801603352726978
4095.6839999999997	0.15801603352726978
4095.828	0.15801603352726978
4095.972	0.15801603352726978
4096.115000000001	0.15801603352726978
4096.259	0.15801603352726978
4096.403	0.15801603352726978
4096.549	0.15801603352726978
4096.691000000001	0.15801603352726978
4096.837	0.15801603352726978
4096.979	0.15801603352726978
4097.122	0.15801603352726978
4097.2660000000005	0.15801603352726978
4097.41	0.15801603352726978
4097.554	0.15801603352726978
4097.698	0.15801603352726978
4097.842000000001	0.15801603352726978
4097.986	0.15801603352726978
4098.13	0.15801603352726978
4098.273	0.15801603352726978
4098.417	0.15801603352726978
4098.561000000001	0.15801603352726978
4098.705	0.15801603352726978
4098.849	0.15801603352726978
4098.993	0.15801603352726978
4099.136	0.15801603352726978
4099.281	0.15801603352726978
4099.426	0.15801603352726978
4099.568	0.15801603352726978
4099.712	0.15801603352726978
4099.856000000001	0.15801603352726978
4099.999000000001	0.15801603352726978
4100.145	0.15801603352726978
4100.2880000000005	0.15801603352726978
4100.432000000001	0.15801603352726978
4100.576	0.15801603352726978
4100.719	0.15801603352726978
4100.8640000000005	0.15801603352726978
4101.008000000001	0.15801603352726978
4101.151	0.15801603352726978
4101.295	0.15801603352726978
4101.439	0.15801603352726978
4101.5830000000005	0.15801603352726978
4101.727	0.15801603352726978
4101.87	0.15801603352726978
4102.014	0.15801603352726978
4102.16	0.15801603352726978
4102.302000000001	0.15801603352726978
4102.446	0.15801603352726978
4102.59	0.15801603352726978
4102.734	0.15801603352726978
4102.878000000001	0.15801603352726978
4103.021000000001	0.15801603352726978
4103.165	0.15801603352726978
4103.309	0.15801603352726978
4103.453	0.15801603352726978
4103.597000000001	0.15801603352726978
4103.741	0.15801603352726978
4103.885	0.15801603352726978
4104.029	0.15801603352726978
4104.1720000000005	0.15801603352726978
4104.316000000001	0.15801603352726978
4104.46	0.15801603352726978
4104.604	0.15801603352726978
4104.7480000000005	0.15801603352726978
4104.893	0.15801603352726978
4105.036	0.15801603352726978
4105.179	0.15801603352726978
4105.323	0.15801603352726978
4105.467000000001	0.15801603352726978
4105.611	0.15801603352726978
4105.755	0.15801603352726978
4105.901	0.15801603352726978
4106.042	0.15801603352726978
4106.186000000001	0.15801603352726978
4106.33	0.15801603352726978
4106.474	0.15801603352726978
4106.618	0.15801603352726978
4106.762000000001	0.15801603352726978
4106.909000000001	0.15801603352726978
4107.05	0.15801603352726978
4107.193	0.15801603352726978
4107.337	0.15801603352726978
4107.481000000001	0.15801603352726978
4107.625	0.15801603352726978
4107.768	0.15801603352726978
4107.912	0.15801603352726978
4108.0560000000005	0.15801603352726978
4108.200000000001	0.15801603352726978
4108.344	0.15801603352726978
4108.488	0.15801603352726978
4108.6320000000005	0.15801603352726978
4108.776	0.15801603352726978
4108.919	0.15801603352726978
4109.063	0.15801603352726978
4109.207	0.15801603352726978
4109.351000000001	0.15801603352726978
4109.495	0.15801603352726978
4109.639	0.15801603352726978
4109.783	0.15801603352726978
4109.926	0.15801603352726978
4110.070000000001	0.15801603352726978
4110.214	0.15801603352726978
4110.358	0.15801603352726978
4110.502	0.15801603352726978
4110.646000000001	0.15801603352726978
4110.79	0.15801603352726978
4110.934	0.15801603352726978
4111.077	0.15801603352726978
4111.2210000000005	0.15801603352726978
4111.366	0.15801603352726978
4111.509	0.15801603352726978
4111.652	0.15801603352726978
4111.7970000000005	0.15801603352726978
4111.9400000000005	0.15801603352726978
4112.085	0.15801603352726978
4112.228	0.15801603352726978
4112.372	0.15801603352726978
4112.5160000000005	0.15801603352726978
4112.66	0.15801603352726978
4112.804	0.15801603352726978
4112.948	0.15801603352726978
4113.092000000001	0.15801603352726978
4113.236	0.15801603352726978
4113.379	0.15801603352726978
4113.523	0.15801603352726978
4113.667	0.15801603352726978
4113.81	0.15801603352726978
4113.954000000001	0.15801603352726978
4114.098	0.15801603352726978
4114.242	0.15801603352726978
4114.386	0.15801603352726978
4114.530000000001	0.15801603352726978
4114.674	0.15801603352726978
4114.818	0.15801603352726978
4114.964	0.15801603352726978
4115.1050000000005	0.15801603352726978
4115.249000000001	0.15801603352726978
4115.393	0.15801603352726978
4115.537	0.15801603352726978
4115.6810000000005	0.15800116818213295
4115.825000000001	0.1579714374918592
4115.969	0.1579714374918592
4116.112	0.1579714374918592
4116.256	0.15775621314705185
4116.400000000001	0.15754939095384354
4116.543000000001	0.15745502832819225
4116.688	0.1573651899380174
4116.832	0.15735549514771074
4116.975	0.1573328739703286
4117.119000000001	0.15730572855747002
4117.263	0.15729150953168694
4117.407	0.1572650104381821
4117.552000000001	0.15724174294144616
4117.695000000001	0.15722429231889423
4117.839	0.1571952079479743
4117.983	0.15716224566093173
4118.127	0.1571389781641958
4118.271000000001	0.15712475913841273
4118.415	0.15707305359011065
4118.559	0.15702716491599256
4118.702	0.15700648269667172
4118.8460000000005	0.15698967839347355
4118.990000000001	0.15698515415799713
4119.134	0.15697933728381314
4119.278	0.1569702888128603
4119.4220000000005	0.15696059402255363
4119.566000000001	0.15695542346772343
4119.71	0.15693086333227996
4119.853	0.156907595835544
4119.997	0.15689079153234584
4120.1410000000005	0.1568571829259495
4120.285	0.15679707522604833
4120.429	0.1567253337777792
4120.573	0.15661287421022216
4120.717000000001	0.1564752081878679
4120.860000000001	0.15640992993313652
4121.004	0.15633948112357493
4121.148	0.15627678814625867
4121.292	0.15624770377533875
4121.436000000001	0.15619018135285268
4121.58	0.15613782948519683
4121.724	0.15611391566910712
