0.0	0.08052027263904024
0.10399999999999998	0.08074439856902506
0.20799999999999996	0.08242929820738151
0.31399999999999995	0.08423654423575322
0.41800000000000004	0.08462995116226776
0.522	0.0850344325464992
0.627	0.08579171451228318
0.731	0.08621729010168966
0.835	0.08640239175210065
0.9490000000000001	0.08700357659958934
1.053	0.08747925092628653
1.157	0.08758103046625611
1.262	0.08896111883983321
1.3659999999999999	0.09058959147934645
1.47	0.09089545745438454
1.575	0.09115860766394318
1.679	0.09171918616646993
1.783	0.09206302171082312
1.887	0.09213157787764199
1.9929999999999999	0.09266948010960557
2.097	0.0931862881363941
2.201	0.09330388833024496
2.305	0.0944914920815998
2.409	0.0957265577945985
2.513	0.09588581904367008
2.617	0.09613473066473557
2.721	0.09676650210972806
2.825	0.09721686339021521
2.973	0.0973444833315242
3.139	0.09784599805956085
3.281	0.09830426966698862
3.425	0.0983221997413874
3.569	0.09914909258424903
3.713	0.10007987438759774
3.8560000000000003	0.10030610973810009
3.9999999999999996	0.10067314890814581
4.144	0.10097637810753704
4.288	0.10106180963849595
4.432	0.10141935641621291
4.577	0.1017811220349649
4.720000000000001	0.10183333019277312
4.864000000000001	0.10216767334479752
5.007999999999999	0.1031960158470808
5.151999999999999	0.1039796655693336
5.295999999999999	0.10413892681840517
5.4399999999999995	0.10443740982163202
5.584	0.10465626220032309
5.727	0.10470794300300193
5.871	0.10498796857670062
6.015000000000001	0.10530069016842061
6.159000000000001	0.10539508673657892
6.303000000000001	0.10563239654479814
6.446	0.10630319226936447
6.590999999999999	0.10683212946412865
6.734	0.10694920230285013
6.878	0.10721235251240879
7.022	0.1074343690218761
7.166	0.10746864710528554
7.3100000000000005	0.10783410420994313
7.454000000000001	0.10822118287490515
7.5969999999999995	0.1082950125930178
7.741	0.10846798507545313
7.885	0.10891676429055214
8.029	0.10922737646175462
8.173	0.10937872738388557
8.315999999999999	0.10956171961377906
8.459999999999999	0.10973152796543814
8.604	0.10994247001718856
8.748	0.1101903269279953
8.892	0.11038966716689944
9.036	0.11044609416574269
9.18	0.11074141303819329
9.324	0.11135630911904576
9.466999999999999	0.111742333073749
9.610999999999999	0.11185307765091795
9.754999999999999	0.11199071733968512
9.899	0.11217212750419048
10.043	0.11235037353791957
10.187	0.11244846159198352
10.33	0.11259453896282068
10.474	0.11276645673499727
10.619	0.11315300804482992
10.763	0.11367403491265346
10.907	0.11389816084263828
11.049999999999999	0.11403474582114667
11.193999999999999	0.11432004494613912
11.338	0.11451094750297325
11.482	0.11453573319405391
11.626	0.11467390023795043
11.77	0.1148532009819383
11.913	0.1149787115027298
12.057	0.1153657901676918
12.200999999999999	0.11569907860945747
12.344999999999999	0.1157887289814514
12.488999999999999	0.1159295328009948
12.633	0.11600916342553058
12.777	0.11612359948860519
12.92	0.11623909026193854
13.064	0.1163145020454393
13.208	0.11640151564178636
13.352	0.11647165387399336
13.495999999999999	0.11653388177925975
13.639	0.11660718414224303
13.783	0.11680072347472403
13.927	0.11704910774066016
14.07	0.11716090702808787
14.214	0.11723420939107115
14.357999999999999	0.11730223820276064
14.501999999999999	0.11750157844166478
14.645999999999999	0.11773150527807276
14.789	0.11777369368842283
14.933	0.11781008119234979
15.077	0.1179308455169769
15.221	0.118117529232776
15.365	0.11823987562279124
15.508	0.11832161566784453
15.652999999999999	0.1184676930386817
15.796	0.11856630844787502
15.943999999999999	0.11872926118285224
16.084	0.11893123819740326
16.227999999999998	0.11898186428982335
16.372	0.11900875940142153
16.516	0.1193504855252572
16.659	0.11973229063892546
16.803	0.11984039844044755
16.947	0.11991528286881895
17.091	0.11996432689585093
17.235	0.12001231621262415
17.378999999999998	0.12006716114607924
17.523	0.12012095136927559
17.666	0.12021587529256328
17.81	0.12030288888891036
17.954	0.12035404233645983
18.098	0.12045476716617065
18.242	0.12055865612665773
18.386	0.12061033692933656
18.529	0.1206846940025786
18.673	0.12074797661810373
18.817	0.12075325016939749
18.961	0.12077909057073694
19.105	0.12087717862480087
19.249	0.12095680924933663
19.392	0.12099477881865173
19.535999999999998	0.1210854839009044
19.68	0.12115878626388765
19.823999999999998	0.12118726344087397
19.968	0.12122997920635344
20.112	0.12126109315898662
20.255	0.12134283320403991
20.399	0.1215321536954859
20.543	0.1216861413932637
20.687	0.1217394042613307
20.831	0.12177157292422264
20.974999999999998	0.12183274611923026
21.119	0.1218928646039791
21.262	0.1219239785566123
21.406	0.12199728091959558
21.55	0.12209325955314201
21.694	0.12221085974699288
21.838	0.12232898729597311
21.983	0.1223843595845576
22.126	0.12241652824744954
22.27	0.12244342335904773
22.413999999999998	0.12250195977840846
22.558	0.12257737156190923
22.701999999999998	0.12268547936343133
22.846	0.12281890021116346
22.99	0.12293017214346179
23.133	0.12298923591795191
23.277	0.12300347450644507
23.421	0.12301876780519697
23.565	0.12307835893481647
23.709	0.1231484971670235
23.852	0.12318119318504481
23.996	0.12321810804410113
24.14	0.12326029645445122
24.284	0.123339927078987
24.428	0.12353188434607987
24.572	0.12366688725920014
24.716	0.12369958327722144
24.86	0.12374968201451217
25.003	0.12387835666607994
25.147	0.12400914073816519
25.291999999999998	0.12404289146644526
25.435	0.12408086103576034
25.579	0.12412357680123978
25.723	0.1242090083321987
25.866	0.12429180308751074
26.011	0.12430762374139204
26.155	0.12432344439527332
26.298	0.12445422846735857
26.442	0.12457446543685632
26.586	0.12463933011776958
26.73	0.12474321907825665
26.874	0.12478540748860674
27.018	0.12482232234766306
27.162	0.1248697843093069
27.306	0.12491091800939823
27.448999999999998	0.12495152435436019
27.593	0.12496418087746522
27.737	0.12498791185828713
27.881	0.12501586168014406
28.024	0.12503115497889597
28.168	0.12505541331484726
28.312	0.1250759801648929
28.456	0.12516352111636936
28.599999999999998	0.12529325047819584
28.744	0.12536655284117912
28.887	0.1254134874476936
29.031	0.12550366517481693
29.175	0.1256070267801746
29.317999999999998	0.12564816048026595
29.462	0.12566450848927663
29.605999999999998	0.12568138385341665
29.75	0.1257024780585917
29.893	0.12574097498303616
30.038	0.12576576067411682
30.182	0.12578210868312745
30.325	0.1258496101396876
30.469	0.12590656449366022
30.613	0.1259345143155171
30.756999999999998	0.12601519965031166
30.901	0.1260848105273893
31.044	0.1261001038261412
31.188	0.12611276034924623
31.332	0.12612330745183375
31.476	0.12612963571338626
31.62	0.12614651107752628
31.767000000000003	0.12617551560964196
31.908	0.12619397303917013
32.051	0.12622719641232083
32.195	0.12626147449573027
32.339	0.12628573283168157
32.483	0.1263247571112554
32.627	0.12635692577414737
32.771	0.12638751237165116
32.914	0.12640438773579118
33.058	0.12641124335247306
33.202	0.12641757161402556
33.346	0.12642337252044872
33.489	0.12644235730510628
33.634	0.12645870531411693
33.777	0.1264660882859282
33.921	0.1264771627436451
34.065	0.12648454571545636
34.208999999999996	0.12648665513597385
34.353	0.12648823720136199
34.497	0.126496674883432
34.64	0.12650722198601952
34.784	0.12651091347192514
34.928	0.12652356999503017
35.072	0.1265494103963696
35.216	0.1265915988067197
35.359	0.12662324011448223
35.504	0.12663115044142287
35.647	0.12664486167478667
35.791	0.12665593613250356
35.935	0.12666542852483234
36.079	0.12669865189798302
36.223	0.12673134791600432
36.367	0.1267587703827319
36.51	0.1267809192981657
36.653999999999996	0.12678777491484758
36.798	0.12684947546498457
36.942	0.1269074845292159
37.085	0.1269106486599922
37.23	0.12695125500495413
37.373	0.1270034631627624
37.517	0.12701770175125554
37.661	0.12705197983466499
37.805	0.12710577005786133
37.949	0.12718012713110335
38.092	0.12726714072745038
38.236	0.12730194616598922
38.38	0.12731249326857674
38.524	0.1273356968942693
38.668	0.12736311936099687
38.812	0.1273799947251369
38.955	0.12738526827643065
39.099	0.12739212389311252
39.243	0.12739739744440629
39.387	0.12740214364057068
39.532	0.12742060107009884
39.676	0.12744644147143824
39.82	0.12745909799454327
39.963	0.12746226212531953
40.107	0.1274654262560958
40.252	0.12746911774200143
40.394999999999996	0.12747491864842456
40.539	0.1274912666574352
40.682	0.1275139429279984
40.827	0.1275265994511034
40.971	0.12753820126394969
41.115	0.12755033043192532
41.258	0.12757142463710036
41.402	0.1275925188422754
41.546	0.12762732428081425
41.69	0.1276594929437062
41.833999999999996	0.12766423913987057
41.978	0.1276737315321993
42.122	0.1276937710271156
42.266	0.12771064639125565
42.409	0.12773648679259508
42.553	0.1277607451285464
42.697	0.1277734016516514
42.841	0.1278024061837671
42.985	0.12785566905183407
43.128	0.12789996688270167
43.272	0.12791789695710043
43.416	0.1279300261250761
43.559	0.12793477232124045
43.703	0.12799910964702432
43.847	0.12806186490742008
43.991	0.12808665059850077
44.135	0.12811407306522832
44.278	0.12815731618583717
44.422	0.12820846963338667
44.568	0.1282205988013623
44.71	0.12822639970778543
44.853	0.12823061854882045
44.998	0.12823483738985544
45.141	0.12824063829627858
45.285	0.12824907597834861
45.429	0.12826595134248864
45.573	0.12827649844507616
45.717	0.12828124464124052
45.861	0.12829179174382804
46.005	0.12830286620154496
46.147999999999996	0.12830866710796807
46.292	0.12831868685542624
46.436	0.12833239808879002
46.58	0.12834927345293007
46.726	0.1283788053401751
46.867	0.1283988448350914
47.011	0.12840200896586765
47.155	0.12843259556337144
47.299	0.12846581893652215
47.443	0.1284689830672984
47.586999999999996	0.12846951042242777
47.731	0.12847267455320405
47.874	0.12847689339423907
48.018	0.12848796785195593
48.162	0.12850167908531973
48.306	0.12850853470200163
48.449	0.1285196091597185
48.594	0.12852910155204728
48.738	0.12853226568282353
48.881	0.12853701187898792
49.025	0.1285401760097642
49.169	0.12854070336489357
49.313	0.12855599666364548
49.457	0.12857392673804424
49.6	0.12857656351369112
49.744	0.12857814557907926
49.888	0.12858130970985548
50.032	0.12858605590601987
50.176	0.12859502094321928
50.319	0.1286050406906774
50.463	0.12861769721378247
50.607	0.12862613489585248
50.751	0.12862929902662873
50.894999999999996	0.1286350999330519
51.039	0.1286456470356394
51.183	0.1286546120728388
51.328	0.12866199504465003
51.47	0.12867728834340195
51.614	0.12869363635241263
51.758	0.12870154667935327
51.902	0.1287052381652589
52.045	0.12871473055758764
52.189	0.12872105881914014
52.333	0.12872264088452828
52.477	0.12872527766017516
52.621	0.12872738708069265
52.764	0.12872896914608079
52.909	0.12874584451022084
53.053	0.12878117730388902
53.196	0.12880279886419344
53.339999999999996	0.12880701770522845
53.484	0.12880912712574596
53.628	0.12880965448087534
53.772	0.12881861951807472
53.915	0.12882916662066224
54.059	0.12883180339630912
54.203	0.1288349675270854
54.347	0.12883707694760288
54.491	0.12883813165786162
54.635	0.128847096695061
54.778	0.12885764379764852
54.922	0.12886397205920105
55.066	0.12887030032075358
55.211	0.12888401155411736
55.354	0.1288966680772224
55.5	0.12889930485286927
55.642	0.12890194162851615
55.786	0.1289035236939043
55.93	0.1289098519554568
56.074	0.12891723492726803
56.217999999999996	0.1289203990580443
56.361	0.12892514525420867
56.505	0.12892778202985555
56.649	0.12893463764653745
56.793	0.12894307532860746
56.937	0.12894676681451311
57.082	0.12895889598248877
57.226	0.12897049779533504
57.369	0.12897313457098192
57.513	0.1289815722530519
57.657	0.12899211935563942
57.801	0.12899581084154507
57.945	0.1289995023274507
58.088	0.1290079400095207
58.232	0.1290147956262026
58.375	0.12901637769159074
58.519	0.12901954182236702
58.663	0.12902270595314327
58.807	0.12902587008391952
58.951	0.12903378041086017
59.095	0.1290416907378008
59.238	0.12904485486857706
59.382	0.12904485486857706
59.525999999999996	0.12905118313012956
59.67	0.12906225758784645
59.815	0.1290680584942696
59.957	0.1290706952699165
60.101	0.12907385940069271
60.245	0.1290764961763396
60.389	0.12908071501737461
60.533	0.12908546121353898
60.677	0.12908862534431526
60.821	0.12909178947509153
60.964	0.12909548096099716
61.108	0.12910022715716152
61.252	0.1291028639328084
61.396	0.12910444599819654
61.54	0.12910708277384342
61.684	0.1291081374841022
61.83	0.12910866483923156
61.971	0.12911182897000784
62.115	0.12911499310078406
62.259	0.12911552045591343
62.403	0.12911552045591343
62.547	0.1291181572315603
62.692	0.1291229034277247
62.833999999999996	0.12912870433414786
62.978	0.1291360873059591
63.122	0.12914136085725286
63.266	0.12914610705341725
63.41	0.12915032589445224
63.553	0.12915349002522852
63.697	0.12915981828678103
63.840999999999994	0.12916720125859232
63.985	0.12917036538936857
64.129	0.12917933042656796
64.273	0.1291914595945436
64.417	0.12919620579070795
64.56099999999999	0.12920042463174297
64.704	0.12920358876251925
64.848	0.1292067528932955
64.992	0.12920991702407175
65.137	0.12921044437920112
65.279	0.1292114990894599
65.424	0.12921571793049488
65.567	0.12922362825743552
65.711	0.1292310112292468
65.855	0.12924050362157558
65.999	0.12924735923825745
66.143	0.12924841394851622
66.287	0.12926159782675062
66.42999999999999	0.12928005525627878
66.574	0.1292906023588663
66.718	0.1292964032652894
66.862	0.12931327862942943
67.006	0.12933015399356948
67.149	0.12936390472184955
67.294	0.1293976554501296
67.437	0.1293997648706471
67.581	0.129410839328364
67.725	0.1294240232065984
67.869	0.12942876940276282
68.013	0.1294319335335391
68.157	0.12943457030918595
68.3	0.12944037121560908
68.448	0.12944669947716161
68.588	0.1294535550938435
68.732	0.12945830129000785
68.876	0.129459883355396
69.02	0.12946252013104287
69.163	0.129464102196431
69.30799999999999	0.1294704304579835
69.451	0.1294793954951829
69.596	0.12948255962595917
69.74	0.1294836143362179
69.883	0.12948519640160605
70.027	0.12949152466315855
70.171	0.12949785292471105
70.315	0.1294999623452286
70.458	0.1295036538311342
70.603	0.12950734531703983
70.746	0.12952158390553298
70.89	0.129538459269673
71.034	0.12954795166200178
71.17999999999999	0.12955797140945993
71.322	0.12956271760562432
71.466	0.12957115528769436
71.609	0.12958012032489374
71.753	0.12958697594157564
71.897	0.12959699568903377
72.041	0.129604378660845
72.185	0.12960965221213877
72.329	0.12961281634291505
72.472	0.12961756253907944
72.616	0.12962178138011443
72.76	0.1296228360903732
72.904	0.1296244181557613
73.048	0.1296275822865376
73.191	0.12963021906218447
73.336	0.12963180112757258
73.479	0.12963232848270195
73.623	0.12963549261347823
73.767	0.12964023880964262
73.911	0.12964656707119512
74.05499999999999	0.12965236797761825
74.2	0.1296539500430064
74.342	0.12965869623917076
74.487	0.12966555185585266
74.631	0.12967029805201702
74.775	0.1296734621827933
74.918	0.12967609895844018
75.063	0.1296782083789577
75.206	0.1296797904443458
75.35	0.12968084515460457
75.494	0.12968137250973394
75.638	0.12968348193025142
75.782	0.1296866460610277
75.925	0.12968822812641584
76.07	0.12968822812641584
76.213	0.12969033754693332
76.357	0.1296929743225802
76.501	0.1296935016777096
76.645	0.12969455638796834
76.791	0.12969561109822708
76.93299999999999	0.12969613845335648
77.076	0.1296998299392621
77.22	0.12970404878029712
77.364	0.12970563084568523
77.508	0.12970774026620274
77.652	0.12971248646236713
77.796	0.12971565059314338
77.939	0.12972092414443714
78.083	0.12972672505086028
78.227	0.1297283071162484
78.371	0.12972988918163653
78.515	0.12973147124702467
78.659	0.1297325259572834
78.803	0.1297325259572834
78.946	0.1297325259572834
79.09	0.12973410802267155
79.234	0.1297372721534478
79.378	0.1297393815739653
79.522	0.12974254570474153
79.666	0.12974254570474153
79.81099999999999	0.1297451824803884
79.954	0.1297451824803884
80.097	0.12974940132142343
80.241	0.12975362016245845
80.385	0.12975362016245845
80.529	0.1297552022278466
80.674	0.1297567842932347
80.816	0.1297567842932347
80.96	0.1297567842932347
81.104	0.12975731164836407
81.248	0.1297588937137522
81.392	0.1297588937137522
81.536	0.12975994842401095
81.67999999999999	0.12975994842401095
81.823	0.12976205784452846
81.967	0.12976416726504597
82.111	0.1297657493304341
82.255	0.129768386106081
82.399	0.12976944081633973
82.542	0.12977102288172787
82.68599999999999	0.12977418701250415
82.83	0.12977629643302163
82.974	0.12977787849840977
83.118	0.12977946056379788
83.262	0.12977998791892725
83.406	0.129781042629186
83.549	0.12978209733944476
83.693	0.12978209733944476
83.837	0.12978209733944476
83.981	0.12978262469457413
84.125	0.12978526147022101
84.269	0.12978526147022101
84.413	0.1297878982458679
84.556	0.12979106237664417
84.7	0.12979528121767914
84.844	0.12979686328306728
84.989	0.12979739063819665
85.132	0.12979950005871416
85.275	0.12979950005871416
85.419	0.12979950005871416
85.563	0.12979950005871416
85.707	0.12979950005871416
85.851	0.12979950005871416
85.995	0.12979950005871416
86.139	0.12979950005871416
86.282	0.12979950005871416
86.426	0.12979950005871416
86.57	0.12979950005871416
86.714	0.12979950005871416
86.858	0.12979950005871416
87.001	0.12979950005871416
87.146	0.12979950005871416
87.289	0.12980213683436104
87.43299999999999	0.12980371889974918
87.577	0.12980371889974918
87.72	0.12980582832026666
87.865	0.12980846509591354
88.008	0.1298095198061723
88.152	0.1298095198061723
88.296	0.12981004716130168
88.44	0.12981162922668982
88.584	0.12981162922668982
88.728	0.12981321129207796
88.872	0.12981373864720733
89.015	0.12981373864720733
89.159	0.12981479335746607
89.30499999999999	0.12981690277798358
89.447	0.12981795748824232
89.591	0.1298184848433717
89.734	0.12981901219850106
89.879	0.12981901219850106
90.022	0.12981901219850106
90.166	0.1298200669087598
90.31	0.1298200669087598
90.454	0.1298200669087598
90.598	0.1298200669087598
90.741	0.1298227036844067
90.885	0.12982586781518296
91.029	0.12982586781518296
91.173	0.12982586781518296
91.317	0.12982586781518296
91.461	0.12982586781518296
91.604	0.1298274498805711
91.751	0.1298279772357005
91.892	0.1298279772357005
92.037	0.12982850459082987
92.181	0.12982850459082987
92.325	0.12982850459082987
92.468	0.12982850459082987
92.612	0.12982850459082987
92.756	0.12982850459082987
92.9	0.12982850459082987
93.044	0.1298295593010886
93.188	0.12983061401134735
93.332	0.12983219607673546
93.475	0.129834305497253
93.619	0.129834305497253
93.763	0.129834305497253
93.907	0.129834305497253
94.05	0.129834305497253
94.195	0.129834305497253
94.339	0.129834305497253
94.482	0.12983219607673546
94.626	0.12983219607673546
94.77	0.12983219607673546
94.914	0.12983061401134735
95.05799999999999	0.12983061401134735
95.201	0.12983061401134735
95.345	0.12983061401134735
95.489	0.12983061401134735
95.633	0.12983061401134735
95.777	0.12983219607673546
95.921	0.12983219607673546
96.065	0.12983219607673546
96.208	0.12983219607673546
96.352	0.12983219607673546
96.496	0.12983219607673546
96.64	0.12983219607673546
96.784	0.12983219607673546
96.928	0.12983219607673546
97.072	0.12983219607673546
97.215	0.12983219607673546
97.359	0.129834305497253
97.503	0.129834305497253
97.647	0.129834305497253
97.792	0.12983483285238237
97.934	0.12983483285238237
98.078	0.12983483285238237
98.222	0.12983483285238237
98.366	0.12983483285238237
98.51	0.12983483285238237
98.654	0.12983483285238237
98.798	0.12983483285238237
98.941	0.12983483285238237
99.085	0.12983483285238237
99.229	0.12983483285238237
99.373	0.12983483285238237
99.516	0.12983483285238237
99.66	0.12983641491777048
99.80499999999999	0.1298406337588055
99.948	0.1298406337588055
100.092	0.12984379788958178
100.236	0.12984432524471115
100.38	0.12984432524471115
100.524	0.12984379788958178
100.667	0.1298406337588055
100.81099999999999	0.1298406337588055
100.955	0.12983641491777048
101.099	0.12983483285238237
101.242	0.12983483285238237
101.387	0.129834305497253
101.53	0.12983272343186486
101.674	0.1298316687216061
101.818	0.1298316687216061
101.962	0.12983114136647672
102.106	0.12983061401134735
102.249	0.12983061401134735
102.393	0.12983114136647672
102.537	0.1298316687216061
102.681	0.12983272343186486
102.825	0.129834305497253
102.969	0.12983272343186486
103.113	0.129834305497253
103.257	0.12983483285238237
103.4	0.12983483285238237
103.544	0.12983483285238237
103.688	0.12983641491777048
103.832	0.12983483285238237
103.976	0.12983641491777048
104.12	0.12983483285238237
104.264	0.12983483285238237
104.407	0.12983483285238237
104.551	0.12983483285238237
104.695	0.12983483285238237
104.839	0.12983483285238237
104.982	0.12983483285238237
105.126	0.12983483285238237
105.27	0.12983641491777048
105.414	0.1298406337588055
105.55799999999999	0.12984379788958178
105.702	0.12984379788958178
105.846	0.12984379788958178
105.989	0.12984379788958178
106.133	0.12984379788958178
106.277	0.12984379788958178
106.421	0.12984379788958178
106.565	0.12984432524471115
106.708	0.12984432524471115
106.855	0.12984379788958178
106.996	0.12984379788958178
107.14	0.12984379788958178
107.284	0.1298406337588055
107.428	0.12983641491777048
107.572	0.1298406337588055
107.715	0.12983641491777048
107.859	0.12983641491777048
108.003	0.12983483285238237
108.147	0.12983483285238237
108.29	0.12983483285238237
108.435	0.129834305497253
108.579	0.129834305497253
108.722	0.129834305497253
108.866	0.12983483285238237
109.01	0.12983483285238237
109.154	0.12983483285238237
109.298	0.12983641491777048
109.442	0.1298406337588055
109.586	0.12984379788958178
109.73	0.12984432524471115
109.874	0.12984432524471115
110.018	0.1298453799549699
110.162	0.12984432524471115
110.306	0.12984432524471115
110.449	0.12984432524471115
110.593	0.12984432524471115
110.737	0.12984432524471115
110.881	0.12984432524471115
111.024	0.1298453799549699
111.172	0.1298453799549699
111.316	0.1298453799549699
111.456	0.1298453799549699
111.603	0.12984432524471115
111.744	0.1298453799549699
111.891	0.12984643466522863
112.035	0.12984643466522863
112.175	0.12984643466522863
112.319	0.12984643466522863
112.463	0.1298474893754874
112.607	0.12984854408574614
112.751	0.12984907144087554
112.895	0.12984907144087554
113.04	0.12984907144087554
113.182	0.12985065350626368
113.326	0.12985170821652242
113.47	0.12985170821652242
113.614	0.12985065350626368
113.757	0.12985170821652242
113.901	0.1298538176370399
114.045	0.12985170821652242
114.189	0.12985065350626368
114.333	0.12985170821652242
114.477	0.1298538176370399
114.621	0.1298538176370399
114.765	0.1298538176370399
114.908	0.1298538176370399
115.05199999999999	0.1298538176370399
115.196	0.1298538176370399
115.34	0.1298538176370399
115.483	0.12985170821652242
115.628	0.1298538176370399
115.771	0.12985698176781618
115.915	0.12985698176781618
116.059	0.12985698176781618
116.203	0.12985803647807492
116.347	0.1298601458985924
116.49	0.12986383738449803
116.634	0.12986383738449803
116.778	0.12986383738449803
116.922	0.12986383738449803
117.066	0.12986383738449803
117.21	0.12986541944988617
117.354	0.12986541944988617
117.497	0.12986541944988617
117.641	0.12986541944988617
117.785	0.12986541944988617
117.929	0.12986541944988617
118.073	0.12986541944988617
118.216	0.12986541944988617
118.36	0.12986541944988617
118.504	0.12986541944988617
118.648	0.12986541944988617
118.792	0.12986541944988617
118.93599999999999	0.12986541944988617
119.08	0.12986541944988617
119.223	0.1298664741601449
119.367	0.12986805622553305
119.511	0.12986805622553305
119.655	0.12986805622553305
119.798	0.12986805622553305
119.943	0.12986805622553305
120.086	0.12986963829092119
120.23	0.1298712203563093
120.374	0.1298728024216974
120.518	0.1298728024216974
120.662	0.12987438448708555
120.80499999999999	0.1298759665524737
120.949	0.1298759665524737
121.093	0.1298759665524737
121.237	0.1298759665524737
121.381	0.12987860332812057
121.525	0.12987860332812057
121.669	0.1298801853935087
121.815	0.12988176745889685
121.956	0.12988176745889685
122.1	0.12988176745889685
122.244	0.1298849315896731
122.388	0.1298849315896731
122.531	0.12988651365506124
122.675	0.12988756836531998
122.819	0.12988756836531998
122.963	0.12988756836531998
123.107	0.12988756836531998
123.251	0.12989073249609623
123.395	0.12989073249609623
123.538	0.1298928419166137
123.682	0.12989442398200185
123.826	0.12989758811277813
123.97	0.12989758811277813
124.114	0.12989917017816627
124.257	0.12989917017816627
124.401	0.12989917017816627
124.545	0.12989917017816627
124.689	0.12989917017816627
124.833	0.12989917017816627
124.977	0.1299007522435544
125.121	0.1299007522435544
125.264	0.12990233430894252
125.408	0.12990233430894252
125.55199999999999	0.12990338901920126
125.696	0.12990338901920126
125.84	0.12990497108458937
125.984	0.12990497108458937
126.128	0.12990497108458937
126.271	0.12990497108458937
126.415	0.12990497108458937
126.559	0.12990497108458937
126.703	0.12990497108458937
126.847	0.12990497108458937
126.991	0.12990497108458937
127.136	0.12990338901920126
127.279	0.12990497108458937
127.423	0.12990549843971874
127.566	0.12990760786023625
127.711	0.1299097172807538
127.85499999999999	0.1299097172807538
127.99799999999999	0.1299097172807538
128.142	0.12990760786023625
128.286	0.12990549843971874
128.43	0.12990497108458937
128.573	0.12990338901920126
128.718	0.12990233430894252
128.861	0.12990338901920126
129.005	0.12990233430894252
129.149	0.12990233430894252
129.293	0.12990233430894252
129.437	0.1299007522435544
129.581	0.1299007522435544
129.724	0.1299007522435544
129.868	0.1299007522435544
130.012	0.12990233430894252
130.156	0.12990338901920126
130.299	0.12990338901920126
130.444	0.12990497108458937
130.587	0.12990549843971874
130.731	0.12990760786023625
130.875	0.1299097172807538
131.019	0.12991024463588316
131.163	0.12991182670127127
131.306	0.12991288141153004
131.45	0.12991288141153004
131.594	0.12991288141153004
131.738	0.12991288141153004
131.883	0.12991288141153004
132.026	0.12991288141153004
132.17	0.12991288141153004
132.313	0.1299134087666594
132.457	0.1299134087666594
132.601	0.12991499083204755
132.745	0.12991499083204755
132.889	0.12991499083204755
133.032	0.1299160455423063
133.176	0.12991657289743566
133.32	0.12991657289743566
133.464	0.12991657289743566
133.608	0.12991657289743566
133.752	0.12991657289743566
133.896	0.12991657289743566
134.039	0.12991710025256503
134.183	0.12991868231795317
134.327	0.12991868231795317
134.471	0.12992131909360005
134.615	0.1299223738038588
134.759	0.1299223738038588
134.903	0.1299223738038588
135.046	0.12992395586924693
135.19	0.12992553793463504
135.334	0.12992553793463504
135.478	0.12992553793463504
135.62199999999999	0.12992553793463504
135.765	0.12992553793463504
135.91	0.1299287020654113
136.053	0.12993186619618755
136.197	0.12993344826157566
136.341	0.12993661239235194
136.485	0.12993924916799882
136.629	0.12993924916799882
136.775	0.1299418859436457
136.918	0.1299418859436457
137.06	0.1299418859436457
137.204	0.1299418859436457
137.347	0.1299418859436457
137.492	0.12994346800903384
137.635	0.12994557742955132
137.779	0.12994610478468072
137.923	0.12994610478468072
138.067	0.12994610478468072
138.211	0.12994768685006883
138.355	0.1299487415603276
138.498	0.1299487415603276
138.642	0.12994979627058634
138.786	0.1299503236257157
138.93	0.12995085098084508
139.074	0.12995085098084508
139.218	0.12995190569110382
139.362	0.12995348775649196
139.505	0.12995348775649196
139.649	0.12995348775649196
139.793	0.12995348775649196
139.937	0.12995401511162136
140.081	0.12995401511162136
140.225	0.1299550698218801
140.368	0.12995612453213884
140.512	0.12995612453213884
140.656	0.12995665188726824
140.8	0.12995876130778575
140.944	0.129961925438562
141.088	0.12996456221420888
141.231	0.129966144279597
141.375	0.12997194518602012
141.519	0.12997721873731388
141.663	0.12997721873731388
141.807	0.12997880080270202
141.951	0.12998038286809016
142.095	0.12998038286809016
142.238	0.12998091022321953
142.382	0.12998091022321953
142.526	0.12998091022321953
142.67	0.12998301964373704
142.814	0.12998565641938392
142.958	0.1299867111296427
143.102	0.1299867111296427
143.245	0.1299882931950308
143.389	0.1299882931950308
143.533	0.1299904026155483
143.677	0.12999092997067768
143.821	0.12999198468093642
143.964	0.12999356674632456
144.109	0.1299951488117127
144.252	0.1299967308771008
144.397	0.12999725823223018
144.541	0.12999831294248892
144.685	0.1299993676527477
144.829	0.1299993676527477
144.972	0.1299993676527477
145.11599999999999	0.1300009497181358
145.26	0.13000358649378269
145.404	0.13000516855917083
145.548	0.13000886004507645
145.692	0.13001202417585273
145.835	0.13001307888611147
145.979	0.13001307888611147
146.123	0.1300141335963702
146.267	0.1300146609514996
146.411	0.13001518830662898
146.555	0.13001624301688774
146.698	0.13001729772714649
146.842	0.13001782508227586
146.986	0.13001940714766397
147.13	0.13002204392331085
147.274	0.130023625988699
147.418	0.13002415334382836
147.561	0.1300273174746046
147.705	0.13003153631563963
147.849	0.1300347004464159
147.993	0.13003628251180402
148.137	0.1300373372220628
148.281	0.1300389192874509
148.425	0.13003944664258027
148.569	0.13003944664258027
148.712	0.1300436654836153
148.856	0.13004841167977968
149.0	0.1300499937451678
149.144	0.13005157581055593
149.288	0.13005315787594407
149.431	0.13005315787594407
149.578	0.1300542125862028
149.719	0.1300542125862028
149.867	0.13005473994133218
150.01	0.13005526729646155
150.154	0.1300563220067203
150.294	0.13005948613749657
150.438	0.13006159555801405
150.582	0.1300626502682728
150.726	0.13006475968879033
150.87	0.13006634175417844
151.014	0.13006845117469595
151.158	0.13007108795034283
151.302	0.13007530679137785
151.445	0.13008005298754222
151.589	0.13008374447344784
151.734	0.13008585389396538
151.877	0.13008585389396538
152.021	0.13008585389396538
152.164	0.13008690860422412
152.308	0.130089545379871
152.452	0.1300916548003885
152.596	0.13009481893116476
152.74	0.13009851041707038
152.884	0.13010167454784666
153.028	0.13010378396836414
153.171	0.13010536603375228
153.315	0.13010853016452856
153.459	0.13011116694017544
153.603	0.13011222165043418
153.746	0.13011222165043418
153.891	0.13011538578121043
154.035	0.13011538578121043
154.178	0.13011907726711605
154.322	0.1301206593325042
154.466	0.13012224139789233
154.61	0.1301227687530217
154.754	0.13012382346328044
154.897	0.13012487817353918
155.041	0.13012804230431546
155.185	0.1301312064350917
155.329	0.13013226114535048
155.473	0.13013331585560922
155.617	0.1301354252761267
155.761	0.1301354252761267
155.904	0.1301354252761267
156.048	0.13013911676203233
156.192	0.13014069882742046
156.336	0.1301417535376792
156.479	0.13014333560306734
156.624	0.13014544502358485
156.768	0.13014808179923176
156.911	0.13015071857487862
157.055	0.13015230064026673
157.199	0.13015388270565487
157.343	0.13015862890181923
157.487	0.13016337509798365
157.63	0.13016495716337179
157.774	0.13016495716337179
157.918	0.13016601187363053
158.063	0.1301755042659593
158.206	0.13018552401341743
158.35	0.1301907975647112
158.494	0.1301950164057462
158.637	0.13019659847113435
158.781	0.13019818053652246
158.925	0.13019818053652246
159.069	0.13019870789165183
159.213	0.13019870789165183
159.356	0.13019870789165183
159.5	0.13019976260191057
159.644	0.13020081731216931
159.788	0.1302013446672987
159.932	0.13020187202242808
160.076	0.1302034540878162
160.22	0.13020609086346308
160.363	0.13020767292885121
160.507	0.1302082002839806
160.651	0.13020925499423935
160.795	0.13021347383527437
160.939	0.13021822003143874
161.083	0.13022243887247376
161.227	0.13022507564812064
161.371	0.13022718506863812
161.514	0.13022929448915563
161.658	0.13023193126480254
161.802	0.13023667746096693
161.947	0.13023984159174318
162.09	0.13024300572251943
162.235	0.13024669720842508
162.378	0.13024933398407196
162.522	0.1302503886943307
162.666	0.1302503886943307
162.81	0.13025197075971884
162.954	0.13025513489049506
163.097	0.1302567169558832
163.24099999999999	0.1302567169558832
163.385	0.13025777166614194
163.529	0.13025935373153008
163.673	0.13026093579691822
163.817	0.1302635725725651
163.961	0.13026568199308258
164.105	0.13027042818924695
164.248	0.13027517438541136
164.392	0.13027728380592885
164.536	0.13027992058157573
164.68	0.1302809752918345
164.823	0.1302825573572226
164.967	0.1302851941328695
165.111	0.13028783090851637
165.255	0.13029152239442202
165.399	0.1302962685905864
165.543	0.13029943272136266
165.687	0.13030101478675077
165.83	0.13030365156239765
165.974	0.13030839775856207
166.118	0.13031419866498517
166.262	0.1303189448611496
166.406	0.1303210542816671
166.55	0.1303210542816671
166.694	0.13032210899192587
166.84	0.1303231637021846
166.981	0.1303231637021846
167.125	0.1303231637021846
167.269	0.13032474576757275
167.413	0.13032632783296086
167.556	0.13032790989834897
167.7	0.13033001931886648
167.844	0.13033054667399585
167.988	0.130332128739384
168.132	0.1303337108047721
168.276	0.1303337108047721
168.42	0.13033476551503087
168.563	0.13033634758041898
168.707	0.13034056642145397
168.851	0.130344785262489
168.995	0.13034636732787713
169.139	0.13034742203813587
169.283	0.13034794939326524
169.426	0.13034953145865336
169.57	0.13035216823430024
169.714	0.13035427765481777
169.858	0.13035480500994714
170.002	0.1303558597202059
170.146	0.13035691443046465
170.289	0.13035691443046465
170.433	0.13035744178559402
170.577	0.13035902385098214
170.721	0.13036060591637028
170.865	0.13036271533688776
171.009	0.13036693417792278
171.153	0.13036957095356969
171.296	0.13036957095356969
171.44	0.13037431714973408
171.584	0.1303801180561572
171.728	0.13038170012154535
171.87199999999999	0.13038222747667472
172.016	0.13038328218693346
172.159	0.13038591896258034
172.303	0.13038802838309782
172.447	0.13038855573822722
172.591	0.13038961044848596
172.735	0.1303911925138741
172.879	0.13039277457926224
173.022	0.13039435664465038
173.166	0.1303959387100385
173.31	0.1303975207754266
173.454	0.13040121226133222
173.598	0.13040543110236724
173.742	0.13040754052288472
173.886	0.1304101772985316
174.029	0.13041175936391974
174.173	0.13041228671904914
174.317	0.1304154508498254
174.461	0.13041966969086038
174.604	0.1304217791113779
174.749	0.13042547059728354
174.892	0.13042968943831856
175.037	0.1304307441485773
175.18	0.13043127150370667
175.324	0.13043338092422418
175.468	0.1304349629896123
175.612	0.1304349629896123
175.755	0.1304349629896123
175.899	0.1304370724101298
176.043	0.13044076389603543
176.187	0.1304439280268117
176.33	0.1304460374473292
176.475	0.1304507836434936
176.618	0.13045658454991677
176.762	0.13045816661530488
176.906	0.13045816661530488
177.05	0.13045869397043425
177.194	0.13045922132556362
177.337	0.13045922132556362
177.481	0.13045922132556362
177.625	0.13046080339095173
177.769	0.13046080339095173
177.913	0.130463967521728
178.057	0.1304666042973749
178.201	0.13046765900763363
178.345	0.13046871371789237
178.488	0.1304702957832805
178.632	0.13047556933457427
178.776	0.13048031553073863
178.92	0.1304829523063855
179.064	0.1304861164371618
179.208	0.1304898079230674
179.352	0.1304898079230674
179.496	0.13049560882949054
179.64	0.13049560882949054
179.784	0.1304993003153962
179.928	0.1304993003153962
180.071	0.1304993003153962
180.215	0.1304993003153962
180.359	0.1304993003153962
180.503	0.13050035502565493
180.647	0.13050035502565493
180.791	0.1305008823807843
180.935	0.1305008823807843
181.079	0.13050299180130182
181.222	0.13050299180130182
181.36599999999999	0.1305056285769487
181.51	0.13050826535259558
181.654	0.13050826535259558
181.8	0.13051142948337185
181.941	0.13051353890388934
182.085	0.13051512096927748
182.229	0.13051617567953622
182.373	0.13051775774492436
182.517	0.13051933981031247
182.661	0.13051933981031247
182.804	0.13051986716544184
182.948	0.13052039452057124
183.092	0.13052039452057124
183.236	0.13052144923082998
183.38	0.13052250394108872
183.524	0.13052250394108872
183.667	0.13052408600647686
183.811	0.130525668071865
183.955	0.13052619542699437
184.099	0.13052672278212374
184.243	0.13052777749238248
184.387	0.13053041426802936
184.53	0.13053516046419375
184.674	0.13053832459497
184.818	0.13053832459497
184.962	0.13053937930522874
185.106	0.13054201608087562
185.251	0.1305451802116519
185.394	0.13054676227704004
185.537	0.13054834434242815
185.681	0.13055203582833377
185.825	0.13055414524885128
185.969	0.13055519995911002
186.112	0.13055678202449816
186.257	0.1305583640898863
186.4	0.13056047351040379
186.544	0.13056152822066255
186.688	0.13056311028605067
186.832	0.13056311028605067
186.976	0.13056680177195631
187.12	0.13056996590273257
187.263	0.1305715479681207
187.407	0.13057313003350884
187.551	0.13057418474376759
187.695	0.13057471209889696
187.838	0.13057523945402633
187.983	0.13057629416428507
188.126	0.13057734887454384
188.27	0.13057734887454384
188.414	0.1305778762296732
188.558	0.13058104036044949
188.702	0.1305852592014845
188.845	0.13058684126687262
188.989	0.13058684126687262
189.133	0.130587368622002
189.277	0.13058789597713136
189.421	0.13058789597713136
189.565	0.13058895068739013
189.709	0.13059000539764887
189.853	0.13059053275277824
189.996	0.1305910601079076
190.14	0.13059211481816635
190.284	0.13059316952842512
190.428	0.13059316952842512
190.571	0.13059316952842512
190.715	0.1305942242386839
190.861	0.13059527894894263
191.006	0.130595806304072
191.147	0.13060107985536573
191.293	0.13060740811691823
191.438	0.13060899018230637
191.58	0.1306105722476945
191.722	0.1306105722476945
191.86599999999999	0.1306132090233414
192.01	0.1306132090233414
192.154	0.13061479108872953
192.298	0.13061479108872953
192.442	0.13061690050924707
192.585	0.1306200646400233
192.729	0.1306200646400233
192.873	0.1306200646400233
193.017	0.1306200646400233
193.161	0.1306200646400233
193.304	0.13062270141567017
193.448	0.13062481083618765
193.592	0.13062586554644642
193.736	0.13062586554644642
193.88	0.13062586554644642
194.024	0.1306263929015758
194.168	0.13062797496696393
194.311	0.13062955703235207
194.455	0.13063008438748144
194.599	0.13063008438748144
194.743	0.1306311390977402
194.886	0.13063219380799895
195.031	0.13063272116312832
195.175	0.1306374673592927
195.318	0.13064168620032773
195.462	0.1306422135554571
195.606	0.13064379562084522
195.75	0.13064379562084522
195.894	0.13064537768623335
196.037	0.13064590504136273
196.181	0.1306469597516215
196.325	0.13064801446188024
196.469	0.1306485418170096
196.612	0.13064906917213898
196.759	0.13064906917213898
196.901	0.13065012388239772
197.045	0.1306511785926565
197.189	0.13065170594778586
197.333	0.130653288013174
197.477	0.13065539743369148
197.62	0.13065645214395025
197.765	0.13065645214395025
197.908	0.13065697949907962
198.052	0.13065697949907962
198.196	0.13065697949907962
198.34	0.13065750685420902
198.484	0.13065856156446776
198.628	0.13066119834011464
198.771	0.13066330776063215
198.915	0.13066383511576152
199.059	0.13066488982602026
199.203	0.13066752660166714
199.346	0.13066910866705528
199.49	0.13066910866705528
199.634	0.13066963602218465
199.778	0.13067016337731402
199.922	0.13067121808757276
200.066	0.1306722727978315
200.21	0.1306722727978315
200.353	0.1306728001529609
200.49699999999999	0.13067438221834904
200.641	0.13067543692860778
200.785	0.13067596428373715
200.929	0.13067807370425466
201.073	0.13067807370425466
201.217	0.13067965576964277
201.36	0.13068071047990154
201.504	0.13068176519016028
201.648	0.13068176519016028
201.792	0.13068229254528965
201.936	0.13068281990041902
202.079	0.13068387461067776
202.223	0.13068492932093653
202.367	0.13068651138632464
202.511	0.13068809345171278
202.655	0.13068809345171278
202.799	0.13068967551710092
202.943	0.1306923122927478
203.086	0.1306923122927478
203.23	0.13069336700300657
203.374	0.13069336700300657
203.518	0.13069389435813594
203.661	0.13069547642352408
203.806	0.1306970584889122
203.95	0.1306991679094297
204.094	0.13070180468507658
204.237	0.13070285939533535
204.381	0.13070444146072346
204.525	0.13070918765688785
204.669	0.13071498856331099
204.812	0.13071815269408726
204.956	0.1307197347594754
205.1	0.13072289889025163
205.244	0.13072659037615725
205.388	0.13072922715180413
205.532	0.13073080921719227
205.676	0.1307329186377098
205.819	0.13073555541335669
205.963	0.13073661012361543
206.107	0.13073661012361543
206.251	0.13073713747874477
206.394	0.13073924689926225
206.539	0.1307408289646504
206.682	0.1307408289646504
206.826	0.13074346574029727
206.97	0.13074610251594415
207.114	0.1307471572262029
207.258	0.13075032135697917
207.402	0.13075032135697917
207.545	0.13075032135697917
207.689	0.13075243077749668
207.833	0.13075243077749668
207.977	0.13075243077749668
208.121	0.13075348548775545
208.265	0.13075348548775545
208.408	0.13075506755314356
208.552	0.13075664961853167
208.696	0.13075981374930795
208.84	0.13076297788008417
208.984	0.13076561465573106
209.127	0.13076877878650733
209.271	0.13076877878650733
209.415	0.13076877878650733
209.559	0.13076877878650733
209.703	0.13077036085189547
209.847	0.13077036085189547
209.99099999999999	0.1307719429172836
210.135	0.13077352498267172
210.278	0.13077510704805986
210.422	0.130776689113448
210.566	0.13077774382370677
210.71	0.13077932588909488
210.853	0.130780907954483
210.998	0.13078196266474174
211.142	0.13078196266474174
211.285	0.1307824900198711
211.429	0.13078407208525922
211.573	0.13078565415064736
211.717	0.13078618150577676
211.863	0.1307872362160355
212.004	0.13078881828142364
212.148	0.13078881828142364
212.292	0.13079092770194117
212.436	0.13079356447758805
212.58	0.13079356447758805
212.724	0.1307946191878468
212.868	0.13079514654297617
213.011	0.13079567389810554
213.155	0.13079567389810554
213.299	0.13079567389810554
213.443	0.13079567389810554
213.586	0.13079567389810554
213.73	0.13079725596349365
213.875	0.13079883802888176
214.018	0.13079883802888176
214.162	0.13080147480452864
214.307	0.13080411158017552
214.451	0.13080411158017552
214.594	0.13080411158017552
214.738	0.13080411158017552
214.882	0.13080569364556366
215.026	0.13080569364556366
215.17	0.1308072757109518
215.314	0.13080780306608117
215.458	0.13080833042121054
215.602	0.13080833042121054
215.745	0.13080938513146928
215.889	0.13081149455198682
216.033	0.13081307661737493
216.177	0.13081465868276304
216.32	0.1308157133930218
216.464	0.1308157133930218
216.608	0.1308157133930218
216.752	0.13081782281353932
216.896	0.1308199322340568
217.04	0.13082256900970368
217.184	0.13082520578535056
217.328	0.13082520578535056
217.471	0.13082573314047996
217.615	0.13082626049560933
217.759	0.13082626049560933
217.903	0.1308273152058681
218.047	0.13082836991612684
218.191	0.13082995198151498
218.335	0.1308331161122912
218.478	0.1308352255328087
218.62199999999999	0.13083838966358496
218.766	0.13084102643923184
218.91	0.13084208114949059
219.053	0.1308462999905256
219.197	0.13084999147643125
219.341	0.13085051883156062
219.485	0.1308531556072075
219.629	0.13085631973798376
219.773	0.13085790180337187
219.917	0.13086053857901875
220.06	0.13086528477518317
220.204	0.1308689762610888
220.348	0.13086950361621816
220.492	0.13087372245725315
220.636	0.1308821601393232
220.78	0.1308884884008757
220.924	0.1308884884008757
221.068	0.13089165253165197
221.211	0.1308927072419107
221.355	0.1308990355034632
221.499	0.13090800054066262
221.643	0.130912746736827
221.786	0.13091591086760324
221.93	0.13091749293299138
222.076	0.13091907499837951
222.22	0.1309238211945439
222.365	0.13093014945609643
222.506	0.13093858713816642
222.652	0.1309459701099777
222.795	0.13095071630614208
222.939	0.13095388043691833
223.081	0.13095757192282398
223.225	0.13096231811898834
223.369	0.13096442753950588
223.513	0.13096548224976462
223.657	0.13097075580105838
223.8	0.13097602935235214
223.944	0.13097866612799902
224.088	0.13098341232416338
224.232	0.1309855217446809
224.376	0.13098657645493966
224.519	0.13098921323058654
224.663	0.13099079529597465
224.807	0.13099712355752718
224.951	0.13100450652933843
225.095	0.1310076706601147
225.239	0.1310139989216672
225.383	0.1310182177627022
225.527	0.1310197998280903
225.67	0.1310229639588666
225.814	0.1310271827999016
225.958	0.13103034693067786
226.102	0.13103245635119537
226.246	0.1310366751922304
226.39	0.1310430034537829
226.533	0.1310466949396885
226.677	0.1310498590704648
226.825	0.1310540779114998
226.965	0.13106409765895793
227.109	0.13107359005128671
227.252	0.13108150037822736
227.396	0.13108993806029734
227.54	0.13109099277055608
227.684	0.1310931021910736
227.828	0.13109626632184984
227.972	0.13110048516288486
228.11599999999999	0.13110681342443736
228.26	0.13111155962060178
228.403	0.13111472375137806
228.547	0.13111788788215428
228.691	0.13112052465780116
228.835	0.13112316143344804
228.979	0.13112527085396555
229.123	0.13112738027448306
229.267	0.13112738027448306
229.41	0.13113212647064745
229.554	0.13113634531168245
229.698	0.13113740002194121
229.842	0.13114056415271746
229.985	0.13114531034888183
230.129	0.1311484744796581
230.273	0.13115005654504622
230.417	0.131151111255305
230.561	0.13115374803095187
230.705	0.13115533009633998
230.849	0.13115533009633998
230.993	0.13115533009633998
231.136	0.1311569121617281
231.28	0.13115849422711623
231.424	0.13115849422711623
231.568	0.13116007629250437
231.711	0.13116482248866876
231.857	0.131167986619445
232.0	0.1311711507502213
232.144	0.13117431488099754
232.288	0.13117642430151505
232.432	0.13118064314255
232.576	0.13118433462845566
232.719	0.1311874987592319
232.864	0.13118960817974945
233.007	0.13119277231052567
233.151	0.13119593644130195
233.295	0.13119646379643132
233.439	0.13119646379643132
233.583	0.13119646379643132
233.727	0.13119646379643132
233.87	0.13119646379643132
234.014	0.13119804586181943
234.158	0.13119804586181943
234.302	0.13119804586181943
234.445	0.13119804586181943
234.59	0.13119804586181943
234.733	0.13119804586181943
234.877	0.13119804586181943
235.021	0.13120068263746631
235.165	0.13120068263746631
235.309	0.13120068263746631
235.452	0.13120226470285445
235.596	0.13120595618876008
235.74	0.13120595618876008
235.884	0.13120912031953633
236.028	0.13120912031953633
236.172	0.13120912031953633
236.316	0.13121070238492444
236.46	0.13121333916057132
236.603	0.13121544858108886
236.74699999999999	0.1312186127118651
236.891	0.13122072213238262
237.035	0.13122177684264136
237.178	0.1312228315529001
237.323	0.13122441361828824
237.466	0.13122652303880575
237.61	0.13122705039393512
237.754	0.131229687169582
237.898	0.13123285130035825
238.042	0.13123496072087576
238.185	0.13123759749652264
238.33	0.13123917956191078
238.473	0.13123917956191078
238.617	0.13124076162729892
238.761	0.13124234369268703
238.905	0.13124550782346328
239.049	0.1312481445991102
239.193	0.1312481445991102
239.336	0.1312497266644983
239.48	0.1312497266644983
239.624	0.1312513087298864
239.768	0.13125289079527452
239.912	0.13125289079527452
240.056	0.1312555275709214
240.2	0.13125658228118017
240.343	0.13125710963630954
240.487	0.13126080112221522
240.631	0.13126080112221522
240.775	0.13126080112221522
240.918	0.13126080112221522
241.063	0.13126080112221522
241.206	0.13126080112221522
241.35	0.13126080112221522
241.494	0.13126396525299147
241.638	0.1312650199632502
241.784	0.1312650199632502
241.925	0.1312650199632502
242.069	0.1312650199632502
242.213	0.1312650199632502
242.357	0.1312650199632502
242.501	0.1312650199632502
242.644	0.1312650199632502
242.789	0.1312650199632502
242.932	0.13126660202863832
243.076	0.13126660202863832
243.22	0.13126660202863832
243.364	0.13126660202863832
243.508	0.13126660202863832
243.651	0.13126660202863832
243.796	0.13126660202863832
243.939	0.13126660202863832
244.083	0.13126660202863832
244.227	0.13126660202863832
244.371	0.13126660202863832
244.515	0.13126660202863832
244.659	0.13126660202863832
244.802	0.13126660202863832
244.946	0.13126660202863832
245.09	0.13126660202863832
245.234	0.13126660202863832
245.377	0.1312687114491558
245.521	0.1312687114491558
245.665	0.1312687114491558
245.809	0.1312687114491558
245.953	0.1312687114491558
246.096	0.1312687114491558
246.24099999999999	0.1312687114491558
246.384	0.1312687114491558
246.528	0.1312687114491558
246.672	0.1312687114491558
246.816	0.1312687114491558
246.96	0.1312687114491558
247.104	0.1312687114491558
247.248	0.1312687114491558
247.391	0.1312687114491558
247.535	0.1312687114491558
247.679	0.1312687114491558
247.823	0.1312687114491558
247.967	0.1312687114491558
248.11	0.1312687114491558
248.255	0.1312687114491558
248.398	0.1312687114491558
248.542	0.1312687114491558
248.686	0.1312687114491558
248.83	0.1312687114491558
248.974	0.1312687114491558
249.117	0.1312687114491558
249.262	0.1312687114491558
249.406	0.1312687114491558
249.55	0.1312687114491558
249.694	0.1312687114491558
249.838	0.1312687114491558
249.981	0.1312687114491558
250.125	0.13126660202863832
250.269	0.1312650199632502
250.413	0.1312650199632502
250.557	0.1312650199632502
250.701	0.1312650199632502
250.844	0.1312650199632502
250.988	0.1312650199632502
251.132	0.13126396525299147
251.276	0.13126396525299147
251.419	0.13126396525299147
251.564	0.13126396525299147
251.708	0.13126396525299147
251.851	0.13126396525299147
251.995	0.1312634378978621
252.139	0.13126027376708582
252.283	0.13125710963630954
252.426	0.13125710963630954
252.571	0.13125710963630954
252.714	0.13125710963630954
252.858	0.13125710963630954
253.002	0.13125710963630954
253.146	0.13125710963630954
253.29	0.13125710963630954
253.434	0.13125710963630954
253.577	0.13125710963630954
253.721	0.13125710963630954
253.865	0.13125710963630954
254.009	0.13125710963630954
254.153	0.1312555275709214
254.297	0.1312555275709214
254.44	0.1312555275709214
254.584	0.1312555275709214
254.728	0.1312555275709214
254.87199999999999	0.1312539455055333
255.016	0.1312539455055333
255.159	0.1312539455055333
255.304	0.13125236344014518
255.447	0.1312497266644983
255.591	0.1312481445991102
255.735	0.13124550782346328
255.87900000000002	0.13124234369268703
256.023	0.13124023427216952
256.166	0.13124023427216952
256.31	0.13123759749652264
256.454	0.13123496072087576
256.598	0.13123285130035825
256.742	0.13123285130035825
256.889	0.13123074187984074
257.029	0.13122810510419386
257.173	0.13122810510419386
257.317	0.13122810510419386
257.461	0.13122810510419386
257.605	0.13122652303880575
257.749	0.13122441361828824
257.892	0.1312228315529001
258.036	0.13122177684264136
258.18	0.13122072213238262
258.324	0.1312186127118651
258.468	0.1312186127118651
258.612	0.1312143938708301
258.755	0.13121070238492444
258.899	0.13121070238492444
259.043	0.13121070238492444
259.187	0.13121070238492444
259.331	0.13120912031953633
259.475	0.13120595618876008
259.618	0.13120595618876008
259.762	0.13120595618876008
259.906	0.13120595618876008
260.05	0.13120595618876008
260.194	0.13120279205798385
260.338	0.1312012099925957
260.481	0.13120279205798385
260.625	0.13120279205798385
260.769	0.13120595618876008
260.913	0.13120595618876008
261.057	0.13121070238492444
261.2	0.1312143938708301
261.345	0.1312186127118651
261.488	0.13122072213238262
261.632	0.13122230419777076
261.776	0.13122494097341764
261.92	0.13122757774906452
262.064	0.13123074187984074
262.208	0.13123285130035825
262.351	0.13123496072087576
262.495	0.13123812485165204
262.639	0.13124076162729892
262.783	0.13124234369268703
262.926	0.13124550782346328
263.071	0.1312481445991102
263.214	0.1312497266644983
263.358	0.13125236344014518
263.502	0.1312539455055333
263.646	0.1312560549260508
263.79	0.13126027376708582
263.933	0.1312629105427327
264.077	0.13126449260812084
264.221	0.13126765673889706
264.365	0.13126976615941457
264.509	0.13127398500044957
264.653	0.1312782038414846
264.797	0.13127873119661398
264.94	0.13128136797226087
265.084	0.13128611416842523
265.228	0.1312892782992015
265.372	0.1312892782992015
265.516	0.13128611416842523
265.659	0.13128136797226087
265.803	0.13127873119661398
265.947	0.13127873119661398
266.091	0.1312782038414846
266.235	0.1312782038414846
266.379	0.1312782038414846
266.523	0.13127873119661398
266.666	0.13127873119661398
266.811	0.13127873119661398
266.955	0.13127873119661398
267.099	0.13127873119661398
267.243	0.13127873119661398
267.387	0.13127873119661398
267.53	0.13127873119661398
267.674	0.13127873119661398
267.818	0.13127873119661398
267.962	0.13127873119661398
268.106	0.13127873119661398
268.25	0.13127873119661398
268.393	0.13127873119661398
268.537	0.13127873119661398
268.681	0.13127873119661398
268.825	0.13127873119661398
268.969	0.13127873119661398
269.113	0.13127873119661398
269.257	0.13127873119661398
269.4	0.13127873119661398
269.544	0.13127873119661398
269.688	0.13127978590687273
269.832	0.13127978590687273
269.975	0.1312824226825196
270.12	0.1312824226825196
270.265	0.1312824226825196
270.407	0.131287168878684
270.551	0.131287168878684
270.695	0.1312919150748484
270.839	0.13129402449536587
270.983	0.131295606560754
271.126	0.1312982433364009
271.27	0.1312982433364009
271.414	0.13129982540178903
271.558	0.13129982540178903
271.701	0.13129982540178903
271.848	0.13129982540178903
271.989	0.13129982540178903
272.133	0.13129982540178903
272.277	0.13129982540178903
272.421	0.13129982540178903
272.565	0.13129982540178903
272.708	0.13130140746717717
272.852	0.13130140746717717
272.996	0.1313087904389884
273.14	0.1313151187005409
273.283	0.1313156460556703
273.428	0.13131722812105845
273.572	0.13131722812105845
273.716	0.13131881018644656
273.859	0.13131881018644656
274.003	0.13131881018644656
274.147	0.13131722812105845
274.291	0.13131722812105845
274.434	0.13131722812105845
274.578	0.1313156460556703
274.722	0.1313151187005409
274.866	0.1313151187005409
275.01	0.13131353663515277
275.154	0.13131353663515277
275.298	0.13131353663515277
275.441	0.13131353663515277
275.585	0.13130773572872967
275.729	0.13130773572872967
275.873	0.13130773572872967
276.016	0.13130773572872967
276.161	0.13130773572872967
276.304	0.13130773572872967
276.448	0.13130773572872967
276.592	0.13130773572872967
276.736	0.13130773572872967
276.88	0.13130773572872967
277.024	0.13130773572872967
277.167	0.13130773572872967
277.311	0.13130773572872967
277.455	0.13130773572872967
277.599	0.13130773572872967
277.743	0.13130773572872967
277.887	0.13130773572872967
278.031	0.13130773572872967
278.174	0.13130773572872967
278.318	0.13130773572872967
278.462	0.13130773572872967
278.606	0.13130773572872967
278.749	0.13130773572872967
278.894	0.13130773572872967
279.037	0.13131353663515277
279.181	0.13131353663515277
279.325	0.1313151187005409
279.469	0.1313151187005409
279.613	0.1313156460556703
279.757	0.1313156460556703
279.9	0.1313156460556703
280.044	0.13131722812105845
280.188	0.13131722812105845
280.332	0.13131881018644656
280.476	0.13131986489670533
280.62	0.1313203922518347
280.764	0.1313246110928697
280.907	0.1313246110928697
281.051	0.13132777522364594
281.195	0.13132988464416345
281.339	0.1313314667095516
281.482	0.1313314667095516
281.627	0.1313314667095516
281.77	0.1313314667095516
281.914	0.1313314667095516
282.058	0.1313351581954572
282.202	0.1313351581954572
282.346	0.1313351581954572
282.49	0.1313351581954572
282.633	0.1313351581954572
282.78	0.1313351581954572
282.921	0.1313351581954572
283.066	0.1313351581954572
283.211	0.13134095910188034
283.356	0.13134095910188034
283.498	0.13134095910188034
283.643	0.13134095910188034
283.784	0.131344650587786
283.928	0.13134728736343287
284.072	0.13135150620446787
284.215	0.1313551976903735
284.361	0.13135994388653788
284.504	0.1313641627275729
284.648	0.13136469008270227
284.792	0.1313710183442548
284.936	0.1313710183442548
285.08	0.13137681925067793
285.224	0.13138156544684232
285.367	0.13138736635326542
285.511	0.1313905304840417
285.655	0.13139422196994735
285.799	0.13140635113792298
285.942	0.13141953501615738
286.087	0.13142217179180427
286.23	0.13142217179180427
286.374	0.13142375385719238
286.518	0.1314258632777099
286.662	0.1314258632777099
286.807	0.1314258632777099
286.949	0.1314258632777099
287.094	0.1314258632777099
287.237	0.1314258632777099
287.381	0.1314258632777099
287.525	0.1314258632777099
287.669	0.1314258632777099
287.813	0.1314258632777099
287.957	0.13142744534309803
288.1	0.13142902740848614
288.24399999999997	0.1314295547636155
288.388	0.13143060947387428
288.532	0.13143060947387428
288.675	0.13143060947387428
288.82	0.13143060947387428
288.963	0.1314327188943918
289.107	0.1314327188943918
289.251	0.13143588302516804
289.395	0.13143588302516804
289.539	0.13143588302516804
289.682	0.13143588302516804
289.827	0.13143588302516804
289.97	0.13143588302516804
290.114	0.1314390471559443
290.258	0.1314406292213324
290.402	0.1314406292213324
290.546	0.1314406292213324
290.69	0.1314406292213324
290.833	0.13144221128672054
290.977	0.13144379335210868
291.121	0.1314453754174968
291.265	0.13144643012775556
291.408	0.13145170367904932
291.553	0.13145961400598996
291.696	0.13146225078163684
291.84	0.13146488755728372
291.984	0.13146805168805997
292.128	0.13146857904318937
292.272	0.1314696337534481
292.415	0.13147068846370685
292.56	0.13147121581883625
292.703	0.1314727978842244
292.847	0.13147385259448313
292.991	0.1314743799496125
293.135	0.13147490730474187
293.279	0.13147648937013
293.423	0.13148229027655312
293.566	0.13148229027655312
293.71	0.13148229027655312
293.854	0.13148650911758814
293.998	0.1314870364727175
294.141	0.13148861853810562
294.286	0.13148967324836439
294.429	0.13149020060349376
294.573	0.1314917826688819
294.717	0.1314917826688819
294.861	0.1314938920893994
295.005	0.13149705622017566
295.149	0.13149705622017566
295.292	0.13150180241634002
295.436	0.13150654861250444
295.58	0.13150865803302195
295.724	0.13150971274328072
295.868	0.13151129480866883
296.012	0.1315118221637982
296.156	0.1315118221637982
296.299	0.1315118221637982
296.443	0.13151287687405694
296.587	0.13151393158431568
296.731	0.13151445893944505
296.874	0.13151498629457442
297.019	0.13151498629457442
297.162	0.1315181504253507
297.306	0.13152342397664446
297.45	0.13152553339716197
297.594	0.13152553339716197
297.738	0.13152764281767948
297.882	0.131529752238197
298.025	0.13153080694845576
298.169	0.13153397107923198
298.313	0.13153713521000826
298.457	0.13153871727539637
298.601	0.13153924463052574
298.745	0.13153924463052574
298.889	0.13153924463052574
299.032	0.13154240876130202
299.176	0.13154979173311326
299.32	0.13155401057414826
299.464	0.13155506528440702
299.607	0.13155664734979514
299.752	0.1315571747049245
299.895	0.1315571747049245
300.039	0.1315571747049245
300.183	0.1315571747049245
300.327	0.1315598114805714
300.471	0.13156297561134767
300.615	0.13156350296647704
300.758	0.13156350296647704
300.903	0.13156350296647704
301.046	0.13156508503186515
301.19	0.13156930387290017
301.334	0.13157246800367642
301.478	0.13157405006906453
301.622	0.13157405006906453
301.766	0.1315751047793233
301.913	0.13157563213445267
302.054	0.1315772141998408
302.198	0.13157879626522895
302.342	0.13157932362035832
302.486	0.1315803783306171
302.629	0.13158196039600523
302.773	0.1315824877511346
302.917	0.1315824877511346
303.061	0.13158354246139337
303.205	0.1315845971716521
303.349	0.1315845971716521
303.493	0.13158565188191085
303.636	0.13158723394729896
303.78	0.13158776130242833
303.924	0.13158776130242833
304.067	0.13158776130242833
304.212	0.13158881601268707
304.356	0.13158881601268707
304.499	0.13159145278833398
304.643	0.13159303485372212
304.787	0.1315935622088515
304.931	0.13159567162936897
305.074	0.1315972536947571
305.219	0.1315972536947571
305.362	0.13160041782553336
305.506	0.1316035819563096
305.65	0.13160463666656838
305.794	0.13160569137682715
305.938	0.13160621873195652
306.082	0.13160621873195652
306.225	0.13160832815247403
306.36899999999997	0.1316130743486384
306.513	0.13161623847941464
306.657	0.1316172931896734
306.801	0.1316194026101909
306.945	0.13162045732044964
307.089	0.13162098467557903
307.232	0.13162256674096717
307.376	0.13162362145122591
307.52	0.13162414880635528
307.664	0.13162467616148465
307.808	0.13162467616148465
307.952	0.1316257308717434
308.095	0.13162678558200216
308.239	0.13162994971277842
308.383	0.13163364119868404
308.527	0.13163575061920157
308.671	0.13163838739484846
308.815	0.1316394421051072
308.958	0.1316394421051072
309.102	0.13163996946023657
309.246	0.13164049681536594
309.39	0.13164155152562468
309.534	0.13164260623588345
309.678	0.13164313359101282
309.822	0.1316462977217891
309.965	0.13164998920769472
310.109	0.13165157127308283
310.253	0.1316520986282122
310.397	0.13165315333847094
310.541	0.1316542080487297
310.685	0.1316542080487297
310.829	0.13165579011411785
310.972	0.13165789953463536
311.116	0.13165842688976476
311.26	0.13165842688976476
311.404	0.13165842688976476
311.548	0.1316594816000235
311.691	0.13166053631028224
311.835	0.13166211837567038
311.979	0.13166422779618786
312.123	0.13166475515131723
312.267	0.131665809861576
312.411	0.13166739192696414
312.555	0.13166739192696414
312.698	0.13166897399235228
312.842	0.1316705560577404
312.986	0.1316726654782579
313.13	0.131674247543646
313.273	0.131674247543646
313.418	0.131674247543646
313.562	0.13167530225390478
313.704	0.13167635696416352
313.849	0.13167635696416352
313.993	0.1316768843192929
314.137	0.13167952109493977
314.281	0.13168321258084542
314.424	0.13168795877700978
314.568	0.13168795877700978
314.712	0.13169112290778603
314.856	0.13169112290778603
315.0	0.13169112290778603
315.144	0.1316916502629154
315.287	0.1316921776180448
315.431	0.13169323232830354
315.575	0.13169481439369168
315.719	0.13169534174882105
315.863	0.13169692381420917
316.006	0.1316985058795973
316.151	0.13170008794498544
316.294	0.13170272472063232
316.438	0.13170377943089107
316.582	0.13170588885140858
316.726	0.13170799827192609
316.873	0.13170799827192609
317.014	0.13170799827192609
317.157	0.13170905298218483
317.301	0.13171327182321985
317.445	0.13171749066425487
317.589	0.13172012743990175
317.732	0.13172223686041923
317.877	0.13172223686041923
318.02	0.13172223686041923
318.164	0.13172223686041923
318.308	0.13172223686041923
318.452	0.13172223686041923
318.596	0.13172223686041923
318.739	0.1317243462809367
318.883	0.1317243462809367
319.029	0.1317243462809367
319.173	0.13172592834632485
319.317	0.13172592834632485
319.46	0.13172592834632485
319.608	0.13172592834632485
319.751	0.13172592834632485
319.891	0.13172592834632485
320.035	0.13172592834632485
320.179	0.13172592834632485
320.323	0.13172592834632485
320.467	0.13172592834632485
320.611	0.13172592834632485
320.755	0.13172592834632485
320.898	0.13172592834632485
321.042	0.13172592834632485
321.186	0.13172592834632485
321.33	0.1317243462809367
321.473	0.1317211821501605
321.617	0.13171907272964298
321.761	0.13171907272964298
321.905	0.13171907272964298
322.049	0.13171907272964298
322.193	0.13171907272964298
322.337	0.13171907272964298
322.481	0.1317211821501605
322.624	0.1317243462809367
322.768	0.13172592834632485
322.912	0.13172592834632485
323.056	0.13172592834632485
323.199	0.13172592834632485
323.343	0.13172592834632485
323.487	0.13172592834632485
323.631	0.13172592834632485
323.775	0.13172592834632485
323.919	0.1317243462809367
324.063	0.13172592834632485
324.206	0.13172592834632485
324.35	0.13172592834632485
324.49399999999997	0.131727510411713
324.638	0.13173331131813615
324.782	0.13173753015917114
324.926	0.1317380575143005
325.07	0.13173858486942988
325.213	0.13173963957968865
325.357	0.1317406942899474
325.501	0.1317406942899474
325.645	0.13174227635533553
325.789	0.1317449131309824
325.932	0.13174596784124115
326.076	0.13174649519637052
326.22	0.13174807726175863
326.364	0.1317491319720174
326.508	0.1317512413925349
326.652	0.1317512413925349
326.796	0.1317512413925349
326.939	0.1317512413925349
327.083	0.1317512413925349
327.227	0.1317544055233112
327.371	0.1317544055233112
327.514	0.1317544055233112
327.659	0.13175546023356993
327.803	0.13175546023356993
327.946	0.1317559875886993
328.09	0.13175651494382867
328.234	0.13175756965408741
328.378	0.13175862436434618
328.522	0.1317649526258987
328.665	0.13177233559770996
328.809	0.1317739176630981
328.953	0.13177602708361558
329.097	0.13177866385926246
329.241	0.13177971856952123
329.385	0.1317802459246506
329.529	0.13178182799003874
329.672	0.13178341005542685
329.816	0.13178551947594436
329.96	0.13178551947594436
330.104	0.13178815625159124
330.247	0.13178973831697938
330.392	0.13179026567210875
330.535	0.13179132038236752
330.679	0.13179290244775563
330.823	0.13179501186827314
330.967	0.13179659393366125
331.111	0.13179659393366125
331.255	0.13179764864392002
331.398	0.13179870335417876
331.542	0.1318002854195669
331.686	0.131801867484955
331.836	0.13180344955034315
331.973	0.13180344955034315
332.117	0.13180608632599003
332.261	0.13180714103624877
332.405	0.13180766839137814
332.549	0.13181083252215442
332.693	0.1318134692978013
332.837	0.13181399665293067
332.98	0.13181557871831878
333.124	0.1318197975593538
333.268	0.13182296169013002
333.412	0.13182454375551816
333.556	0.1318261258209063
333.7	0.13182770788629444
333.844	0.13182981730681195
333.987	0.13183139937220006
334.131	0.1318329814375882
334.275	0.13183561821323508
334.419	0.13183825498888194
334.563	0.13184036440939945
334.706	0.13184352854017573
334.85	0.1318461653158226
334.99399999999997	0.13184880209146949
335.138	0.1318503841568576
335.282	0.13185091151198697
335.426	0.1318530209325045
335.57	0.13185565770815139
335.713	0.13185829448379827
335.857	0.13185987654918638
336.001	0.1318614586145745
336.145	0.13186778687612702
336.288	0.13187358778255015
336.433	0.1318751698479383
336.577	0.13187675191332643
336.721	0.13187833397871454
336.865	0.1318814981094908
337.009	0.1318857169505258
337.153	0.1318888810813021
337.297	0.13189837347363084
337.44	0.13190733851083022
337.584	0.13190839322108897
337.728	0.13191050264160648
337.872	0.13191261206212396
338.015	0.13191366677238273
338.16	0.13191524883777087
338.304	0.13191683090315898
338.447	0.13191788561341775
338.591	0.13192263180958214
338.735	0.13193054213652278
338.879	0.13193370626729903
339.022	0.13193845246346342
339.167	0.13194478072501592
339.31	0.1319479448557922
339.454	0.13195110898656842
339.598	0.1319537457622153
339.742	0.13195743724812092
339.886	0.13196323815454408
340.029	0.13196640228532036
340.173	0.13197167583661412
340.317	0.13197958616355476
340.461	0.13198275029433099
340.605	0.13198327764946036
340.748	0.13198327764946036
340.892	0.1319890785558835
341.036	0.1319959341725654
341.18	0.13199751623795353
341.324	0.13200226243411792
341.468	0.13200806334054105
341.612	0.1320117548264467
341.755	0.13201491895722295
341.899	0.13201913779825794
342.043	0.1320223019290342
342.187	0.13202493870468107
342.331	0.13202810283545732
342.475	0.13203021225597483
342.61899999999997	0.13203179432136297
342.762	0.13203495845213922
342.906	0.13203917729317421
343.051	0.13204075935856235
343.194	0.13204128671369172
343.34	0.13204445084446798
343.485	0.132048669685503
343.628	0.13205236117140862
343.772	0.1320555253021849
343.913	0.13205921678809052
344.06	0.13206501769451368
344.201	0.13206765447016056
344.344	0.13206923653554867
344.488	0.13207134595606618
344.632	0.13207451008684246
344.776	0.13207714686248934
344.92	0.1320776742176187
345.063	0.13208083834839496
345.208	0.13208611189968872
345.351	0.13209085809585308
345.495	0.13209402222662936
345.639	0.13209560429201747
345.783	0.13209718635740558
345.927	0.13209718635740558
346.07	0.13210035048818186
346.214	0.13210351461895808
346.358	0.13210509668434622
346.502	0.13210562403947562
346.646	0.13210667874973436
346.789	0.1321077334599931
346.936	0.13211195230102812
347.077	0.13211669849719251
347.221	0.13211828056258063
347.365	0.13211828056258063
347.509	0.13211828056258063
347.653	0.13212249940361565
347.796	0.13212249940361565
347.941	0.13212724559978004
348.084	0.13212724559978004
348.228	0.13212724559978004
348.372	0.13212882766516815
348.516	0.13212935502029755
348.66	0.13213093708568568
348.803	0.1321325191510738
348.947	0.1321346285715913
349.091	0.13213779270236756
349.235	0.13213779270236756
349.379	0.13214201154340255
349.522	0.13214570302930817
349.667	0.1321472850946963
349.81	0.13215255864599007
349.954	0.13215730484215446
350.098	0.13215835955241323
350.242	0.13215941426267197
350.386	0.13215994161780134
350.529	0.13216152368318945
350.673	0.13216152368318945
350.817	0.13216416045883633
350.961	0.13216785194474198
351.104	0.13216785194474198
351.249	0.1321699613652595
351.392	0.1321699613652595
351.536	0.13217101607551823
351.68	0.1321736528511651
351.824	0.13217523491655325
351.968	0.13217523491655325
352.112	0.1321768169819414
352.255	0.1321783990473295
352.4	0.13217945375758827
352.543	0.13218209053323515
352.687	0.13218419995375263
352.831	0.13218630937427017
352.975	0.13218789143965828
353.11899999999997	0.13218894614991705
353.262	0.13219316499095204
353.406	0.13219685647685767
353.55	0.13220054796276332
353.694	0.13220476680379833
353.838	0.13220687622431582
353.982	0.13220845828970396
354.126	0.13221162242048023
354.27	0.1322163686166446
354.414	0.13222111481280896
354.558	0.13222375158845584
354.702	0.13222375158845584
354.846	0.13222375158845584
354.989	0.13222375158845584
355.133	0.13222375158845584
355.277	0.13222427894358524
355.421	0.13222586100897338
355.564	0.13222691571923212
355.709	0.1322274430743615
355.853	0.1322290251397496
355.996	0.13223007985000837
356.14	0.13223060720513774
356.284	0.13223377133591396
356.428	0.13223799017694898
356.572	0.13224115430772526
356.716	0.1322427363731134
356.859	0.13224379108337214
357.003	0.1322469552141484
357.147	0.1322490646346659
357.291	0.1322490646346659
357.435	0.13225011934492464
357.579	0.13225011934492464
357.722	0.13225170141031278
357.866	0.13225328347570092
358.01	0.13225486554108903
358.154	0.13225802967186528
358.298	0.13226119380264156
358.442	0.13226172115777093
358.585	0.1322627758680297
358.729	0.13226593999880593
358.873	0.1322691041295822
359.017	0.13227015883984095
359.161	0.1322712135500997
359.304	0.13227279561548783
359.449	0.13227437768087597
359.592	0.1322754323911347
359.736	0.1322754323911347
359.88	0.1322754323911347
360.024	0.1322754323911347
360.168	0.1322754323911347
360.312	0.1322754323911347
360.455	0.1322754323911347
360.599	0.1322754323911347
360.743	0.1322754323911347
360.887	0.1322754323911347
361.031	0.1322754323911347
361.175	0.1322754323911347
361.318	0.1322754323911347
361.462	0.1322754323911347
361.606	0.1322754323911347
361.75	0.13227595974626408
361.896	0.13227595974626408
362.037	0.13227648710139345
362.182	0.13227912387704033
362.326	0.1322817606526872
362.469	0.1322822880078166
362.613	0.13228387007320475
362.757	0.13228387007320475
362.901	0.13228387007320475
363.045	0.13228387007320475
363.188	0.13228703420398097
363.332	0.13229019833475725
363.476	0.13229019833475725
363.62	0.13228703420398097
363.764	0.13228387007320475
363.908	0.13228281536294598
364.052	0.1322822880078166
364.195	0.1322817606526872
364.339	0.13227912387704033
364.483	0.13227648710139345
364.627	0.13227648710139345
364.771	0.13227648710139345
364.915	0.13227912387704033
365.058	0.13227912387704033
365.202	0.13227912387704033
365.346	0.13227912387704033
365.49	0.13227912387704033
365.634	0.13227912387704033
365.777	0.1322817606526872
365.921	0.13227912387704033
366.065	0.13227912387704033
366.209	0.13227648710139345
366.353	0.13227648710139345
366.497	0.13227648710139345
366.641	0.13227595974626408
366.784	0.1322754323911347
366.928	0.1322754323911347
367.072	0.1322754323911347
367.216	0.1322754323911347
367.36	0.1322754323911347
367.504	0.13227437768087597
367.647	0.13227437768087597
367.792	0.13227437768087597
367.935	0.13227437768087597
368.079	0.13227437768087597
368.223	0.13227437768087597
368.367	0.1322754323911347
368.511	0.1322754323911347
368.654	0.1322754323911347
368.798	0.1322754323911347
368.942	0.1322754323911347
369.086	0.1322754323911347
369.23	0.1322754323911347
369.374	0.1322754323911347
369.518	0.1322754323911347
369.661	0.1322754323911347
369.805	0.1322754323911347
369.949	0.1322754323911347
370.093	0.1322754323911347
370.237	0.1322754323911347
370.38	0.1322754323911347
370.524	0.1322754323911347
370.668	0.1322754323911347
370.812	0.1322754323911347
370.956	0.1322754323911347
371.1	0.1322754323911347
371.24399999999997	0.1322754323911347
371.387	0.1322754323911347
371.531	0.1322754323911347
371.676	0.1322754323911347
371.82	0.1322754323911347
371.964	0.1322754323911347
372.108	0.1322754323911347
372.254	0.1322754323911347
372.398	0.1322754323911347
372.539	0.1322754323911347
372.683	0.1322754323911347
372.83	0.1322754323911347
372.973	0.1322754323911347
373.114	0.1322754323911347
373.258	0.1322754323911347
373.402	0.1322754323911347
373.546	0.1322754323911347
373.69	0.1322754323911347
373.834	0.1322754323911347
373.978	0.1322754323911347
374.121	0.1322754323911347
374.265	0.1322754323911347
374.409	0.1322754323911347
374.553	0.1322754323911347
374.696	0.1322754323911347
374.841	0.1322754323911347
374.985	0.1322754323911347
375.128	0.1322754323911347
375.272	0.1322754323911347
375.416	0.1322754323911347
375.56	0.1322754323911347
375.704	0.1322754323911347
375.847	0.1322754323911347
375.991	0.1322754323911347
376.135	0.13227437768087597
376.279	0.13227174090522908
376.423	0.13227015883984095
376.567	0.13227015883984095
376.711	0.1322691041295822
376.857	0.13226804941932344
376.998	0.13226804941932344
377.142	0.13226646735393532
377.286	0.13226435793341781
377.429	0.1322622485129003
377.574	0.13225802967186528
377.718	0.13225802967186528
377.861	0.1322553928962184
378.005	0.13225486554108903
378.149	0.13225433818595966
378.293	0.13225328347570092
378.437	0.13225064670005404
378.58	0.13224853727953653
378.724	0.13224642785901902
378.868	0.13224484579363088
379.012	0.13224484579363088
379.156	0.13224379108337214
379.3	0.1322427363731134
379.444	0.1322427363731134
379.587	0.13224115430772526
379.731	0.13223799017694898
379.875	0.13223377133591396
380.019	0.13223377133591396
380.163	0.13223799017694898
380.307	0.13224115430772526
380.452	0.1322353534013021
380.594	0.13223060720513774
380.738	0.13223060720513774
380.882	0.13223060720513774
381.026	0.1322353534013021
381.17	0.1322353534013021
381.313	0.13224115430772526
381.457	0.1322427363731134
381.601	0.13224115430772526
381.747	0.13224115430772526
381.889	0.1322353534013021
382.033	0.13224115430772526
382.178	0.13224115430772526
382.321	0.13224115430772526
382.468	0.13224115430772526
382.61	0.13224115430772526
382.754	0.13224115430772526
382.896	0.1322427363731134
383.04	0.13224379108337214
383.184	0.13224379108337214
383.327	0.13224484579363088
383.471	0.13224484579363088
383.615	0.13224484579363088
383.759	0.13224642785901902
383.903	0.13224853727953653
384.046	0.13224853727953653
384.19	0.13224853727953653
384.334	0.13225011934492464
384.478	0.13224853727953653
384.622	0.13224853727953653
384.766	0.13224642785901902
384.91	0.13224853727953653
385.053	0.13224853727953653
385.197	0.13224642785901902
385.341	0.13224642785901902
385.485	0.13224642785901902
385.628	0.13224484579363088
385.773	0.13224484579363088
385.916	0.13224484579363088
386.06	0.13224379108337214
386.204	0.1322427363731134
386.348	0.1322427363731134
386.492	0.1322427363731134
386.636	0.1322427363731134
386.779	0.1322427363731134
386.923	0.13224379108337214
387.067	0.13224484579363088
387.211	0.13224484579363088
387.355	0.13224484579363088
387.499	0.13224642785901902
387.643	0.13224853727953653
387.787	0.13225011934492464
387.93	0.13225170141031278
388.074	0.13225328347570092
388.218	0.13225433818595966
388.361	0.13225433818595966
388.506	0.13225486554108903
388.649	0.13225433818595966
388.793	0.13225433818595966
388.937	0.13225433818595966
389.081	0.13225328347570092
389.226	0.13225170141031278
389.37	0.13225011934492464
389.513	0.13224853727953653
389.657	0.13224642785901902
389.802	0.13224484579363088
389.945	0.13224379108337214
390.088	0.1322427363731134
390.233	0.1322427363731134
390.377	0.1322427363731134
390.52	0.1322427363731134
390.664	0.1322427363731134
390.808	0.1322427363731134
390.952	0.1322427363731134
391.095	0.1322427363731134
391.24	0.1322427363731134
391.383	0.13224115430772526
391.527	0.13224115430772526
391.671	0.13224115430772526
391.815	0.1322353534013021
391.962	0.13224115430772526
392.103	0.13224115430772526
392.246	0.1322353534013021
392.39	0.1322290251397496
392.534	0.13222691571923212
392.678	0.13222691571923212
392.821	0.13222691571923212
392.966	0.13222691571923212
393.109	0.13222691571923212
393.253	0.13222691571923212
393.397	0.13222691571923212
393.541	0.13222691571923212
393.685	0.13222691571923212
393.828	0.13222691571923212
393.972	0.13222691571923212
394.116	0.13222691571923212
394.26	0.13222691571923212
394.404	0.1322290251397496
394.548	0.1322353534013021
394.692	0.1322353534013021
394.836	0.13224115430772526
394.979	0.13224115430772526
395.123	0.13224379108337214
395.267	0.13224379108337214
395.411	0.13224379108337214
395.554	0.13224484579363088
395.698	0.13224484579363088
395.842	0.13224484579363088
395.986	0.13224642785901902
396.13	0.13224853727953653
396.274	0.1322490646346659
396.418	0.13225011934492464
396.562	0.13225011934492464
396.705	0.13225011934492464
396.849	0.13225170141031278
396.993	0.13225222876544215
397.137	0.13225328347570092
397.281	0.13225433818595966
397.425	0.13225486554108903
397.568	0.13225697496160654
397.712	0.13226119380264156
397.856	0.13226383057828844
398.0	0.13226435793341781
398.144	0.13226646735393532
398.287	0.13226804941932344
398.431	0.13226804941932344
398.575	0.1322691041295822
398.719	0.13227015883984095
398.863	0.13227174090522908
399.007	0.13227437768087597
399.151	0.13227437768087597
399.295	0.13227437768087597
399.438	0.13227437768087597
399.582	0.13227595974626408
399.726	0.13227595974626408
399.87	0.13227595974626408
400.014	0.13227595974626408
400.158	0.13227595974626408
400.301	0.13227595974626408
400.445	0.13227595974626408
400.589	0.1322775418116522
400.733	0.13228017858729907
400.877	0.1322822880078166
401.02	0.13228281536294598
401.164	0.13228281536294598
401.308	0.13228281536294598
401.452	0.13228387007320475
401.595	0.13228387007320475
401.74	0.1322849247834635
401.884	0.1322849247834635
402.027	0.1322849247834635
402.171	0.1322849247834635
402.315	0.1322849247834635
402.459	0.1322849247834635
402.602	0.1322849247834635
402.746	0.1322849247834635
402.89	0.1322849247834635
403.034	0.1322849247834635
403.178	0.1322849247834635
403.322	0.1322849247834635
403.466	0.1322849247834635
403.61	0.1322849247834635
403.753	0.1322849247834635
403.898	0.1322849247834635
404.041	0.1322849247834635
404.185	0.1322849247834635
404.328	0.1322849247834635
404.473	0.1322849247834635
404.616	0.1322849247834635
404.76	0.1322849247834635
404.904	0.1322849247834635
405.048	0.13228545213859286
405.192	0.13228703420398097
405.335	0.13228967097962785
405.479	0.132291253045016
405.623	0.132291253045016
405.767	0.132291253045016
405.911	0.132291253045016
406.055	0.132291253045016
406.199	0.132291253045016
406.343	0.132291253045016
406.486	0.13229178040014536
406.631	0.13229178040014536
406.775	0.13229178040014536
406.921	0.13229178040014536
407.062	0.13229178040014536
407.207	0.13229178040014536
407.35	0.13229178040014536
407.49399999999997	0.13229178040014536
407.638	0.13229178040014536
407.782	0.13229178040014536
407.926	0.13229178040014536
408.07	0.13229178040014536
408.213	0.13229178040014536
408.357	0.13229178040014536
408.501	0.13229178040014536
408.644	0.13229178040014536
408.789	0.13229178040014536
408.933	0.13229178040014536
409.076	0.13229336246553347
409.22	0.13229336246553347
409.364	0.13229336246553347
409.508	0.13229336246553347
409.652	0.13229336246553347
409.795	0.13229336246553347
409.939	0.13229336246553347
410.083	0.13229336246553347
410.227	0.1322949445309216
410.371	0.13229547188605098
410.515	0.13229547188605098
410.659	0.13229547188605098
410.803	0.13229652659630975
410.946	0.1322975813065685
411.09	0.13230232750273285
411.234	0.13230865576428538
411.377	0.13231023782967352
411.522	0.13231023782967352
411.665	0.13231181989506163
411.809	0.13231181989506163
411.953	0.13231181989506163
412.097	0.13231181989506163
412.24399999999997	0.13231181989506163
412.385	0.13231181989506163
412.528	0.13231181989506163
412.672	0.13231181989506163
412.816	0.13231181989506163
412.96	0.13231181989506163
413.104	0.1323144566707085
413.248	0.13231551138096728
413.391	0.13231551138096728
413.535	0.13231551138096728
413.679	0.13231603873609665
413.823	0.13231656609122605
413.966	0.1323176208014848
414.111	0.1323192028668729
414.254	0.13232078493226104
414.398	0.1323218396425198
414.542	0.13232500377329606
414.686	0.13232869525920168
414.83	0.13233291410023668
414.973	0.13233291410023668
415.117	0.13233291410023668
415.261	0.13233291410023668
415.405	0.13233291410023668
415.549	0.13233291410023668
415.693	0.13233291410023668
415.837	0.13233291410023668
415.98	0.13233291410023668
416.124	0.13233291410023668
416.268	0.13233818765153044
416.412	0.13234029707204797
416.555	0.1323418791374361
416.7	0.13234293384769485
416.844	0.13234293384769485
416.987	0.13234346120282423
417.131	0.13234504326821234
417.275	0.1323460979784711
417.419	0.1323460979784711
417.562	0.13234926210924736
417.707	0.1323524262400236
417.85	0.13235295359515298
417.99399999999997	0.13235453566054112
418.138	0.13235611772592926
418.282	0.13235664508105863
418.426	0.13235664508105863
418.569	0.13235822714644674
418.713	0.13235980921183485
418.857	0.13235980921183485
419.001	0.13235980921183485
419.145	0.13236086392209362
419.289	0.13236297334261113
419.433	0.13236297334261113
419.576	0.13236402805286987
419.72	0.13236455540799924
419.866	0.13236455540799924
420.007	0.13236455540799924
420.152	0.1323650827631286
420.296	0.1323650827631286
420.439	0.1323650827631286
420.583	0.1323650827631286
420.727	0.1323650827631286
420.871	0.1323650827631286
421.014	0.13236613747338738
421.159	0.1323677195387755
421.304	0.13237299309006925
421.446	0.13237299309006925
421.59	0.13237299309006925
421.734	0.13237773928623364
421.878	0.1323809034170099
422.021	0.1323809034170099
422.166	0.1323809034170099
422.309	0.1323809034170099
422.453	0.1323809034170099
422.597	0.1323809034170099
422.741	0.1323809034170099
422.885	0.1323809034170099
423.028	0.1323809034170099
423.172	0.1323809034170099
423.316	0.1323809034170099
423.46	0.13238670432343302
423.603	0.1323898684542093
423.748	0.1323903958093387
423.892	0.13239145051959744
424.035	0.13239514200550306
424.18	0.13239936084653808
424.324	0.1324030523324437
424.468	0.13240516175296121
424.611	0.13240674381834933
424.756	0.1324093805939962
424.9	0.1324120173696431
425.043	0.1324120173696431
425.187	0.1324120173696431
425.331	0.1324120173696431
425.475	0.1324120173696431
425.618	0.1324120173696431
425.762	0.13241518150041937
425.906	0.1324167635658075
426.05	0.1324167635658075
426.194	0.1324167635658075
426.338	0.1324167635658075
426.482	0.1324167635658075
426.625	0.1324167635658075
426.769	0.1324167635658075
426.913	0.1324167635658075
427.057	0.1324167635658075
427.201	0.13241834563119564
427.345	0.13242045505171313
427.489	0.1324209824068425
427.632	0.13242203711710127
427.776	0.13242203711710127
427.92	0.13242467389274812
428.064	0.13242467389274812
428.207	0.1324294200889125
428.351	0.1324294200889125
428.495	0.13243258421968876
428.639	0.13243258421968876
428.783	0.13243258421968876
428.927	0.13243258421968876
429.071	0.13243258421968876
429.214	0.13243522099533564
429.358	0.13243522099533564
429.502	0.13243785777098252
429.646	0.13243785777098252
429.79	0.1324383851261119
429.934	0.13243996719150003
430.078	0.13244102190175877
430.221	0.13244102190175877
430.365	0.13244102190175877
430.509	0.13244102190175877
430.653	0.13244102190175877
430.797	0.13244102190175877
430.941	0.13244313132227628
431.085	0.13244313132227628
431.228	0.13244629545305253
431.372	0.13244629545305253
431.516	0.1324473501633113
431.66	0.13244787751844067
431.804	0.1324494595838288
431.948	0.1324520963594757
432.092	0.1324552604902519
432.235	0.13245684255564005
432.379	0.13245684255564005
432.523	0.13245789726589882
432.666	0.13245789726589882
432.811	0.13246053404154573
432.954	0.1324626434620632
433.098	0.13246317081719258
433.242	0.13246422552745132
433.386	0.13246580759283944
433.53	0.13246738965822757
433.673	0.1324689717236157
433.818	0.13247055378900385
433.961	0.1324716084992626
434.105	0.13247319056465073
434.249	0.13247477263003887
434.393	0.13247529998516824
434.537	0.1324758273402976
434.68	0.13247688205055635
434.825	0.1324784641159445
434.968	0.13247899147107386
435.112	0.13247899147107386
435.256	0.13248057353646198
435.4	0.13248215560185012
435.543	0.13248215560185012
435.687	0.13248215560185012
435.831	0.13248215560185012
435.975	0.13248215560185012
436.11899999999997	0.13248215560185012
436.263	0.13248215560185012
436.407	0.13248215560185012
436.55	0.13248215560185012
436.694	0.13248321031210886
436.838	0.13248321031210886
436.985	0.13248321031210886
437.126	0.13248321031210886
437.269	0.13248321031210886
437.414	0.13248321031210886
437.557	0.13248321031210886
437.701	0.13248215560185012
437.845	0.13248215560185012
437.989	0.13248215560185012
438.133	0.13248215560185012
438.276	0.13248057353646198
438.42	0.13248057353646198
438.564	0.13248057353646198
438.708	0.13248215560185012
438.852	0.13248215560185012
438.996	0.13248215560185012
439.14	0.13248215560185012
439.283	0.13248215560185012
439.427	0.13248215560185012
439.571	0.13248321031210886
439.715	0.13248426502236763
439.859	0.13248426502236763
440.003	0.13248426502236763
440.147	0.13248426502236763
440.29	0.13248426502236763
440.434	0.13248426502236763
440.578	0.13248426502236763
440.722	0.132484792377497
440.866	0.132484792377497
441.01	0.13248426502236763
441.153	0.13248321031210886
441.297	0.13248215560185012
441.441	0.13248215560185012
441.586	0.13248215560185012
441.73	0.13248215560185012
441.874	0.13248215560185012
442.017	0.13248215560185012
442.161	0.13248215560185012
442.305	0.13248215560185012
442.449	0.13248215560185012
442.593	0.13248321031210886
442.736	0.13248426502236763
442.881	0.13248584708775574
443.024	0.13248742915314388
443.168	0.13248848386340262
443.312	0.1324895385736614
443.456	0.1324895385736614
443.6	0.1324895385736614
443.743	0.1324895385736614
443.887	0.13248848386340262
444.031	0.13248848386340262
444.175	0.1324895385736614
444.319	0.1324895385736614
444.463	0.1324895385736614
444.607	0.13249006592879076
444.75	0.13249006592879076
444.894	0.13249006592879076
445.038	0.13249006592879076
445.182	0.13249006592879076
445.325	0.13249006592879076
445.47	0.13249006592879076
445.613	0.1324916479941789
445.757	0.132493230059567
445.901	0.13249375741469638
446.045	0.13249375741469638
446.189	0.13249533948008452
446.332	0.13249533948008452
446.477	0.13249533948008452
446.62	0.1324979762557314
446.764	0.1324979762557314
446.908	0.1324979762557314
447.052	0.1324979762557314
447.196	0.1324979762557314
447.339	0.13250377716215453
447.484	0.13251010542370706
447.627	0.13251168748909517
447.771	0.13251221484422454
447.915	0.1325169610403889
448.059	0.1325169610403889
448.203	0.13252117988142392
448.346	0.13252117988142392
448.49	0.13252117988142392
448.634	0.13252117988142392
448.778	0.13252117988142392
448.922	0.13252276194681206
449.066	0.13252276194681206
449.21	0.13252539872245894
449.353	0.13252539872245894
449.497	0.1325285628532352
449.641	0.1325306722737527
449.785	0.1325306722737527
449.929	0.1325306722737527
450.073	0.1325306722737527
450.217	0.1325306722737527
450.36	0.1325306722737527
450.504	0.1325306722737527
450.648	0.1325285628532352
450.791	0.13252539872245894
450.936	0.13252539872245894
451.079	0.1325285628532352
451.223	0.1325285628532352
451.367	0.1325285628532352
451.511	0.1325285628532352
451.655	0.13252539872245894
451.799	0.13252539872245894
451.945	0.13252539872245894
452.086	0.13252539872245894
452.23	0.13252539872245894
452.374	0.13252539872245894
452.518	0.13252539872245894
452.662	0.1325285628532352
452.805	0.1325306722737527
452.95	0.1325306722737527
453.093	0.1325306722737527
453.237	0.1325306722737527
453.381	0.1325306722737527
453.525	0.1325285628532352
453.669	0.13252539872245894
453.812	0.13252276194681206
453.956	0.13252117988142392
454.1	0.13252117988142392
454.24399999999997	0.13252117988142392
454.388	0.13252117988142392
454.532	0.13252117988142392
454.676	0.13252117988142392
454.819	0.13252117988142392
454.963	0.13252117988142392
455.107	0.13252117988142392
455.251	0.13252117988142392
455.394	0.13252276194681206
455.539	0.13252539872245894
455.682	0.13252276194681206
455.826	0.13252117988142392
455.97	0.13252117988142392
456.114	0.13252276194681206
456.258	0.13252539872245894
456.401	0.13252539872245894
456.546	0.13252539872245894
456.689	0.13252539872245894
456.833	0.13252539872245894
456.977	0.13252539872245894
457.121	0.13252276194681206
457.265	0.13252117988142392
457.408	0.13252117988142392
457.553	0.13252117988142392
457.696	0.13252117988142392
457.84	0.13252117988142392
457.984	0.13252117988142392
458.128	0.13252117988142392
458.272	0.13252065252629455
458.415	0.13252065252629455
458.559	0.13252065252629455
458.703	0.13252065252629455
458.847	0.13251590633013016
458.991	0.13250746864806018
459.136	0.13250272245189576
459.28	0.13250114038650762
459.423	0.13250114038650762
459.567	0.13249850361086074
459.711	0.13249533948008452
459.855	0.13249533948008452
459.999	0.13249533948008452
460.143	0.13249375741469638
460.286	0.13249375741469638
460.43	0.13249375741469638
460.576	0.13249375741469638
460.718	0.132493230059567
460.862	0.1324911206390495
461.005	0.1324911206390495
461.149	0.1324911206390495
461.293	0.1324895385736614
461.437	0.1324911206390495
461.581	0.1324916479941789
461.725	0.13249375741469638
461.86899999999997	0.13249375741469638
462.012	0.13249375741469638
462.156	0.13249375741469638
462.3	0.13249375741469638
462.444	0.13249375741469638
462.588	0.13249692154547263
462.732	0.13249375741469638
462.876	0.13249375741469638
463.019	0.13249375741469638
463.163	0.13249375741469638
463.307	0.13249375741469638
463.451	0.1324916479941789
463.595	0.1324916479941789
463.739	0.1324895385736614
463.883	0.1324895385736614
464.026	0.1324895385736614
464.17	0.1324895385736614
464.314	0.1324895385736614
464.457	0.1324895385736614
464.602	0.13248848386340262
464.746	0.13248742915314388
464.889	0.13248637444288514
465.033	0.132484792377497
465.177	0.13248426502236763
465.321	0.13248426502236763
465.464	0.13248321031210886
465.608	0.13248321031210886
465.752	0.13248215560185012
465.896	0.13248215560185012
466.04	0.13248215560185012
466.184	0.13248215560185012
466.328	0.13248215560185012
466.471	0.13248215560185012
466.615	0.13248162824672072
466.759	0.13248162824672072
466.906	0.13248162824672072
467.046	0.13248162824672072
467.191	0.1324800461813326
467.335	0.1324800461813326
467.478	0.1324800461813326
467.622	0.13247899147107386
467.766	0.13247899147107386
467.91	0.13247899147107386
468.053	0.1324784641159445
468.198	0.13247793676081512
468.341	0.13247793676081512
468.485	0.13247793676081512
468.629	0.13247688205055635
468.773	0.1324758273402976
468.917	0.13247688205055635
469.06	0.13247793676081512
469.204	0.1324784641159445
469.348	0.13247899147107386
469.492	0.13247899147107386
469.636	0.13247899147107386
469.78	0.13247899147107386
469.924	0.13247899147107386
470.067	0.13247899147107386
470.211	0.1324800461813326
470.355	0.13248162824672072
470.499	0.13248162824672072
470.643	0.13248162824672072
470.787	0.13248215560185012
470.931	0.13248162824672072
471.074	0.13248215560185012
471.218	0.13248215560185012
471.362	0.13248215560185012
471.506	0.13248215560185012
471.65	0.13248215560185012
471.794	0.13248321031210886
471.937	0.13248426502236763
472.081	0.13248426502236763
472.225	0.13248321031210886
472.36899999999997	0.13248426502236763
472.512	0.13248426502236763
472.656	0.132484792377497
472.8	0.1324853197326264
472.944	0.13248637444288514
473.088	0.13248742915314388
473.232	0.13248742915314388
473.376	0.13248742915314388
473.519	0.13248742915314388
473.663	0.13248742915314388
473.807	0.13248742915314388
473.951	0.13248848386340262
474.094	0.13248848386340262
474.239	0.13248848386340262
474.383	0.13248848386340262
474.526	0.13248742915314388
474.67	0.13248742915314388
474.814	0.13248637444288514
474.958	0.13248637444288514
475.101	0.13248637444288514
475.246	0.13248637444288514
475.389	0.13248742915314388
475.533	0.13248848386340262
475.677	0.13248848386340262
475.821	0.13248848386340262
475.965	0.13248848386340262
476.108	0.13248742915314388
476.252	0.13248742915314388
476.396	0.13248848386340262
476.54	0.1324895385736614
476.685	0.1324895385736614
476.829	0.1324895385736614
476.973	0.1324895385736614
477.116	0.1324895385736614
477.26	0.1324895385736614
477.404	0.1324895385736614
477.548	0.1324895385736614
477.692	0.1324895385736614
477.836	0.1324895385736614
477.98	0.1324895385736614
478.123	0.1324895385736614
478.267	0.1324895385736614
478.411	0.1324895385736614
478.556	0.1324916479941789
478.699	0.1324916479941789
478.843	0.1324916479941789
478.986	0.1324916479941789
479.13	0.1324895385736614
479.274	0.1324895385736614
479.418	0.1324895385736614
479.561	0.1324916479941789
479.705	0.13249375741469638
479.849	0.13249375741469638
479.993	0.13249375741469638
480.137	0.13249375741469638
480.281	0.1324916479941789
480.425	0.13249375741469638
480.568	0.13249533948008452
480.712	0.13249692154547263
480.856	0.1324979762557314
481.0	0.13249903096599014
481.144	0.1324995583211195
481.288	0.13249903096599014
481.432	0.13249903096599014
481.575	0.1324979762557314
481.719	0.1324979762557314
481.863	0.1324979762557314
482.01	0.13249692154547263
482.15	0.13249533948008452
482.294	0.13249375741469638
482.438	0.132493230059567
482.582	0.132493230059567
482.726	0.132493230059567
482.87	0.132493230059567
483.014	0.13249375741469638
483.157	0.13249375741469638
483.301	0.13249375741469638
483.445	0.13249375741469638
483.589	0.132493230059567
483.733	0.132493230059567
483.877	0.1324911206390495
484.021	0.1324911206390495
484.164	0.1324895385736614
484.308	0.1324895385736614
484.452	0.1324895385736614
484.596	0.1324895385736614
484.74	0.1324895385736614
484.884	0.13248848386340262
485.027	0.13248848386340262
485.171	0.13248848386340262
485.315	0.13248848386340262
485.459	0.1324895385736614
485.602	0.1324895385736614
485.747	0.1324895385736614
485.891	0.1324895385736614
486.034	0.1324895385736614
486.178	0.1324911206390495
486.322	0.132493230059567
486.466	0.13249375741469638
486.609	0.13249533948008452
486.753	0.13249692154547263
486.897	0.1324979762557314
487.041	0.1324979762557314
487.185	0.13249903096599014
487.329	0.1324995583211195
487.473	0.1324995583211195
487.616	0.13250114038650762
487.76	0.13250272245189576
487.904	0.13250324980702516
488.048	0.13250324980702516
488.191	0.1325043045172839
488.336	0.13250588658267204
488.48	0.13250588658267204
488.623	0.1325064139378014
488.767	0.1325064139378014
488.911	0.1325064139378014
489.055	0.1325064139378014
489.198	0.1325064139378014
489.342	0.13250746864806018
489.486	0.13250852335831892
489.63	0.13250852335831892
489.774	0.13250852335831892
489.918	0.13250852335831892
490.062	0.13251010542370706
490.205	0.13251168748909517
490.349	0.13251168748909517
490.493	0.13251168748909517
490.637	0.13251168748909517
490.781	0.13251168748909517
490.925	0.13251168748909517
491.069	0.13251168748909517
491.212	0.13251168748909517
491.356	0.13251168748909517
491.5	0.13251168748909517
491.644	0.13251168748909517
491.788	0.13251168748909517
491.932	0.13251168748909517
492.075	0.13251168748909517
492.219	0.13251379690961268
492.363	0.1325169610403889
492.507	0.13251801575064767
492.65	0.13251801575064767
492.795	0.1325169610403889
492.939	0.13251379690961268
493.082	0.13251168748909517
493.226	0.13251168748909517
493.37	0.13251168748909517
493.514	0.13251168748909517
493.657	0.13251168748909517
493.801	0.13251168748909517
493.945	0.13251168748909517
494.09	0.13251168748909517
494.234	0.13251379690961268
494.378	0.13251379690961268
494.522	0.13251379690961268
494.665	0.13251168748909517
494.809	0.13251168748909517
494.953	0.13251168748909517
495.097	0.13251010542370706
495.24	0.13251010542370706
495.385	0.13251010542370706
495.528	0.13251010542370706
495.672	0.13251010542370706
495.816	0.13251010542370706
495.96	0.13251010542370706
496.104	0.13251010542370706
496.247	0.13250852335831892
496.391	0.13250852335831892
496.535	0.13250852335831892
496.679	0.13250852335831892
496.823	0.13250852335831892
496.97	0.13250852335831892
497.111	0.13250852335831892
497.254	0.13250852335831892
497.398	0.13250852335831892
497.542	0.13250746864806018
497.686	0.1325064139378014
497.83	0.1325064139378014
497.974	0.1325064139378014
498.118	0.1325064139378014
498.261	0.13250588658267204
498.405	0.1325064139378014
498.549	0.13250588658267204
498.693	0.1325064139378014
498.837	0.1325064139378014
498.981	0.1325064139378014
499.124	0.1325064139378014
499.268	0.13250588658267204
499.412	0.13250588658267204
499.556	0.13250588658267204
499.7	0.13250588658267204
499.843	0.13250588658267204
499.988	0.13250588658267204
500.131	0.1325043045172839
500.275	0.13250588658267204
500.419	0.1325064139378014
500.563	0.1325064139378014
500.707	0.1325064139378014
500.85	0.1325064139378014
500.99399999999997	0.1325064139378014
501.138	0.1325064139378014
501.282	0.1325064139378014
501.426	0.1325064139378014
501.57	0.1325064139378014
501.714	0.1325064139378014
501.857	0.13250746864806018
502.001	0.13250852335831892
502.145	0.13250852335831892
502.289	0.13250852335831892
502.433	0.13250852335831892
502.577	0.13250852335831892
502.72	0.13250852335831892
502.864	0.13250852335831892
503.008	0.13250852335831892
503.152	0.13250852335831892
503.296	0.13250852335831892
503.44	0.13250852335831892
503.583	0.13250852335831892
503.727	0.13250852335831892
503.871	0.13250852335831892
504.015	0.13250852335831892
504.159	0.13250852335831892
504.302	0.13250852335831892
504.447	0.13250852335831892
504.59	0.13250852335831892
504.734	0.13250852335831892
504.878	0.13250852335831892
505.022	0.13250852335831892
505.166	0.13250852335831892
505.309	0.13250852335831892
505.453	0.13250852335831892
505.597	0.13250746864806018
505.741	0.1325064139378014
505.885	0.1325064139378014
506.029	0.13250746864806018
506.173	0.13250852335831892
506.316	0.13250852335831892
506.46	0.13250852335831892
506.604	0.13250852335831892
506.748	0.13250852335831892
506.891	0.13250852335831892
507.036	0.13250852335831892
507.18	0.13250852335831892
507.323	0.13250852335831892
507.467	0.13250852335831892
507.611	0.13250852335831892
507.755	0.13250852335831892
507.898	0.13250852335831892
508.043	0.13250852335831892
508.186	0.13250852335831892
508.33	0.13250852335831892
508.474	0.13250852335831892
508.618	0.13250852335831892
508.762	0.13250852335831892
508.905	0.13250852335831892
509.049	0.13250852335831892
509.193	0.13250852335831892
509.337	0.13250852335831892
509.481	0.13250852335831892
509.625	0.13250852335831892
509.769	0.13250852335831892
509.912	0.13250852335831892
510.056	0.13250852335831892
510.2	0.13250852335831892
510.344	0.13250852335831892
510.488	0.13250852335831892
510.632	0.13250852335831892
510.775	0.13250852335831892
510.919	0.13250746864806018
511.063	0.13250746864806018
511.207	0.13250746864806018
511.351	0.13250746864806018
511.495	0.13250746864806018
511.64	0.13250746864806018
511.78299999999996	0.1325064139378014
511.93	0.1325064139378014
512.071	0.1325064139378014
512.215	0.13250588658267204
512.3580000000001	0.1325043045172839
512.503	0.13250324980702516
512.6460000000001	0.13250324980702516
512.7900000000001	0.13250272245189576
512.9340000000001	0.13250114038650762
513.0780000000001	0.13250114038650762
513.2220000000001	0.1324995583211195
513.365	0.1324995583211195
513.509	0.13250114038650762
513.653	0.13250114038650762
513.797	0.13250272245189576
513.941	0.13250272245189576
514.085	0.13250324980702516
514.229	0.13250324980702516
514.3720000000001	0.13250324980702516
514.5160000000001	0.1325043045172839
514.6600000000001	0.1325043045172839
514.8040000000001	0.1325043045172839
514.9480000000001	0.13250588658267204
515.0920000000001	0.1325064139378014
515.2360000000001	0.1325064139378014
515.379	0.1325064139378014
515.523	0.13250746864806018
515.667	0.13250746864806018
515.811	0.13250746864806018
515.955	0.1325064139378014
516.099	0.1325064139378014
516.243	0.1325064139378014
516.3860000000001	0.1325064139378014
516.5300000000001	0.1325064139378014
516.6740000000001	0.1325064139378014
516.8180000000001	0.1325064139378014
516.961	0.1325064139378014
517.1060000000001	0.13250588658267204
517.25	0.13250588658267204
517.393	0.13250535922754264
517.537	0.13250588658267204
517.681	0.13250588658267204
517.825	0.13250535922754264
517.9680000000001	0.13250535922754264
518.1120000000001	0.13250535922754264
518.2560000000001	0.13250535922754264
518.4000000000001	0.13250535922754264
518.5440000000001	0.13250535922754264
518.6880000000001	0.1325043045172839
518.8320000000001	0.13250324980702516
518.975	0.13250324980702516
519.119	0.1325043045172839
519.263	0.13250535922754264
519.407	0.13250535922754264
519.551	0.13250535922754264
519.695	0.13250535922754264
519.839	0.13250588658267204
519.9820000000001	0.1325064139378014
520.1260000000001	0.1325064139378014
520.2700000000001	0.1325064139378014
520.4140000000001	0.13250588658267204
520.5580000000001	0.13250588658267204
520.7020000000001	0.13250535922754264
520.845	0.13250535922754264
520.989	0.13250588658267204
521.133	0.13250588658267204
521.277	0.1325064139378014
521.421	0.1325064139378014
521.565	0.13250746864806018
521.7090000000001	0.13250746864806018
521.8520000000001	0.13250852335831892
521.9960000000001	0.13251010542370706
522.1400000000001	0.13251010542370706
522.2840000000001	0.13251168748909517
522.427	0.13251221484422454
522.572	0.13251379690961268
522.715	0.13251379690961268
522.859	0.13251485161987142
523.003	0.13251485161987142
523.147	0.13251485161987142
523.291	0.13251485161987142
523.4340000000001	0.13251485161987142
523.5780000000001	0.13251643368525956
523.7220000000001	0.13252065252629455
523.8660000000001	0.1325238166570708
524.0100000000001	0.1325238166570708
524.1540000000001	0.1325238166570708
524.298	0.1325238166570708
524.441	0.1325238166570708
524.585	0.1325238166570708
524.729	0.13252539872245894
524.873	0.13252645343271768
525.017	0.13252645343271768
525.1610000000001	0.13252645343271768
525.3040000000001	0.13252645343271768
525.4480000000001	0.13252645343271768
525.5920000000001	0.13252539872245894
525.7360000000001	0.1325243440122002
525.8800000000001	0.1325238166570708
526.024	0.1325238166570708
526.168	0.1325238166570708
526.311	0.1325238166570708
526.455	0.1325238166570708
526.599	0.13251907046090644
526.743	0.13251485161987142
526.8870000000001	0.13251485161987142
527.033	0.13251379690961268
527.1740000000001	0.13251379690961268
527.3180000000001	0.13251485161987142
527.4620000000001	0.13251485161987142
527.6060000000001	0.13251485161987142
527.75	0.13251907046090644
527.894	0.13251907046090644
528.037	0.13251907046090644
528.181	0.13251907046090644
528.325	0.1325238166570708
528.469	0.1325238166570708
528.613	0.1325238166570708
528.7570000000001	0.1325238166570708
528.9010000000001	0.1325238166570708
529.0450000000001	0.1325243440122002
529.1890000000001	0.13252539872245894
529.3330000000001	0.13252645343271768
529.4770000000001	0.13252645343271768
529.62	0.13252698078784708
529.7650000000001	0.13252645343271768
529.908	0.13252645343271768
530.052	0.13252539872245894
530.196	0.13252539872245894
530.34	0.13252539872245894
530.484	0.13252645343271768
530.6270000000001	0.13252645343271768
530.772	0.13252645343271768
530.9150000000001	0.13252645343271768
531.0590000000001	0.13252645343271768
531.2030000000001	0.13252645343271768
531.3470000000001	0.13252645343271768
531.4910000000001	0.13252645343271768
531.634	0.13252645343271768
531.778	0.13252645343271768
531.922	0.13252645343271768
532.066	0.13252645343271768
532.21	0.13252645343271768
532.354	0.13252645343271768
532.498	0.13252645343271768
532.6410000000001	0.13252645343271768
532.7850000000001	0.13252645343271768
532.9290000000001	0.13252645343271768
533.0730000000001	0.13252645343271768
533.2170000000001	0.13252645343271768
533.3610000000001	0.13252645343271768
533.504	0.13252645343271768
533.648	0.13252645343271768
533.792	0.13252645343271768
533.936	0.13252698078784708
534.08	0.13252645343271768
534.224	0.13252645343271768
534.368	0.13252645343271768
534.5110000000001	0.13252645343271768
534.6550000000001	0.13252645343271768
534.7990000000001	0.13252645343271768
534.9430000000001	0.13252645343271768
535.0870000000001	0.13252645343271768
535.23	0.13252645343271768
535.374	0.13252698078784708
535.518	0.13252645343271768
535.662	0.13252645343271768
535.806	0.13252539872245894
535.95	0.1325243440122002
536.0930000000001	0.1325238166570708
536.2370000000001	0.1325238166570708
536.3810000000001	0.1325243440122002
536.5250000000001	0.1325238166570708
536.6690000000001	0.1325238166570708
536.8130000000001	0.1325238166570708
536.9570000000001	0.1325238166570708
537.1	0.13252223459168266
537.244	0.13251801575064767
537.388	0.13251801575064767
537.532	0.13251801575064767
537.676	0.13251801575064767
537.82	0.13252223459168266
537.9630000000001	0.13252223459168266
538.1070000000001	0.13252223459168266
538.2510000000001	0.13251801575064767
538.3950000000001	0.13251485161987142
538.5390000000001	0.13251485161987142
538.682	0.13251379690961268
538.8270000000001	0.13251485161987142
538.97	0.13251485161987142
539.114	0.13251485161987142
539.258	0.13251485161987142
539.402	0.13251485161987142
539.546	0.13251485161987142
539.6890000000001	0.13251485161987142
539.8330000000001	0.13251485161987142
539.9770000000001	0.13251485161987142
540.1210000000001	0.13251485161987142
540.2650000000001	0.13251485161987142
540.4090000000001	0.13251485161987142
540.5530000000001	0.13251485161987142
540.696	0.13251801575064767
540.84	0.13252223459168266
540.984	0.1325238166570708
541.128	0.1325238166570708
541.272	0.1325238166570708
541.416	0.1325243440122002
541.5600000000001	0.13252539872245894
541.7030000000001	0.13252539872245894
541.8470000000001	0.13252539872245894
541.994	0.13252698078784708
542.134	0.13252698078784708
542.2790000000001	0.13252698078784708
542.422	0.13252698078784708
542.566	0.13252698078784708
542.71	0.13252698078784708
542.854	0.13252539872245894
542.998	0.13252539872245894
543.1410000000001	0.13252539872245894
543.2860000000001	0.13252539872245894
543.4290000000001	0.13252698078784708
543.5730000000001	0.13252698078784708
543.7170000000001	0.13252698078784708
543.8610000000001	0.13252698078784708
544.0050000000001	0.13252539872245894
544.148	0.13252539872245894
544.293	0.13252539872245894
544.436	0.1325243440122002
544.58	0.1325243440122002
544.724	0.1325238166570708
544.868	0.13252328930194143
545.0120000000001	0.13252328930194143
545.1550000000001	0.13252328930194143
545.2990000000001	0.13252328930194143
545.4430000000001	0.1325238166570708
545.5870000000001	0.13252328930194143
545.73	0.13252328930194143
545.875	0.13252328930194143
546.019	0.13252223459168266
546.162	0.13252223459168266
546.306	0.13251801575064767
546.45	0.13251801575064767
546.595	0.13252223459168266
546.738	0.13252328930194143
546.883	0.13252328930194143
547.0260000000001	0.13252328930194143
547.1700000000001	0.13252223459168266
547.3140000000001	0.13251854310577704
547.4580000000001	0.1325153789750008
547.6020000000001	0.13251854310577704
547.745	0.13251854310577704
547.889	0.13252223459168266
548.033	0.13252223459168266
548.177	0.13252223459168266
548.321	0.13252223459168266
548.465	0.13252223459168266
548.609	0.13252223459168266
548.7520000000001	0.13252328930194143
548.8960000000001	0.1325238166570708
549.0400000000001	0.13252328930194143
549.1840000000001	0.13252223459168266
549.3280000000001	0.13251959781603578
549.471	0.1325169610403889
549.615	0.13251959781603578
549.759	0.13251959781603578
549.903	0.13251959781603578
550.047	0.13252223459168266
550.19	0.13252223459168266
550.335	0.13252223459168266
550.4780000000001	0.13252328930194143
550.6220000000001	0.13252328930194143
550.7660000000001	0.13252328930194143
550.9100000000001	0.13252328930194143
551.0540000000001	0.13252328930194143
551.197	0.1325238166570708
551.341	0.1325238166570708
551.485	0.1325238166570708
551.629	0.1325238166570708
551.773	0.1325238166570708
551.917	0.13252328930194143
552.0600000000001	0.13252328930194143
552.2040000000001	0.13252223459168266
552.3480000000001	0.13251959781603578
552.4920000000001	0.1325169610403889
552.6360000000001	0.1325153789750008
552.7800000000001	0.1325153789750008
552.9240000000001	0.1325169610403889
553.067	0.13251959781603578
553.211	0.13252223459168266
553.355	0.13252328930194143
553.499	0.13252328930194143
553.643	0.1325238166570708
553.7860000000001	0.1325243440122002
553.9300000000001	0.1325243440122002
554.0740000000001	0.1325243440122002
554.2180000000001	0.1325243440122002
554.3620000000001	0.13252539872245894
554.5060000000001	0.13252539872245894
554.6500000000001	0.13252539872245894
554.793	0.13252645343271768
554.937	0.13252645343271768
555.081	0.13252539872245894
555.225	0.13252539872245894
555.369	0.13252539872245894
555.513	0.1325243440122002
555.657	0.1325243440122002
555.8000000000001	0.1325243440122002
555.9440000000001	0.1325243440122002
556.0880000000001	0.1325243440122002
556.2320000000001	0.1325243440122002
556.3760000000001	0.1325243440122002
556.519	0.1325243440122002
556.663	0.1325243440122002
556.807	0.1325243440122002
556.955	0.1325238166570708
557.095	0.1325238166570708
557.238	0.13252328930194143
557.383	0.13252328930194143
557.5260000000001	0.13252328930194143
557.6700000000001	0.13252328930194143
557.8140000000001	0.13252328930194143
557.9580000000001	0.13252328930194143
558.1020000000001	0.1325238166570708
558.245	0.1325243440122002
558.389	0.1325243440122002
558.5350000000001	0.1325243440122002
558.677	0.1325243440122002
558.821	0.13252539872245894
558.965	0.13252539872245894
559.109	0.13252645343271768
559.2520000000001	0.13252645343271768
559.3960000000001	0.13252645343271768
559.5400000000001	0.13252645343271768
559.6840000000001	0.13252698078784708
559.8270000000001	0.13252698078784708
559.9720000000001	0.13252698078784708
560.1160000000001	0.13252698078784708
560.259	0.13252698078784708
560.403	0.13252698078784708
560.547	0.13252645343271768
560.691	0.13252645343271768
560.8340000000001	0.13252645343271768
560.9780000000001	0.13252645343271768
561.1220000000001	0.13252698078784708
561.2660000000001	0.13252856285323522
561.4100000000001	0.13253172698401147
561.5540000000001	0.13253489111478772
561.6980000000001	0.13253647318017586
561.841	0.13253805524556397
561.985	0.13253805524556397
562.129	0.13253910995582271
562.273	0.13253910995582271
562.417	0.13253910995582271
562.561	0.13253910995582271
562.7040000000001	0.13253910995582271
562.8480000000001	0.13253910995582271
562.9920000000001	0.13253910995582271
563.1360000000001	0.13253910995582271
563.2790000000001	0.13253910995582271
563.4240000000001	0.13253963731095209
563.567	0.13253963731095209
563.711	0.13253963731095209
563.855	0.13253910995582271
564.0	0.13253910995582271
564.144	0.13253805524556397
564.288	0.13253647318017586
564.431	0.13253489111478772
564.575	0.13253172698401147
564.719	0.13252856285323522
564.863	0.13252750814297645
565.0070000000001	0.13252750814297645
565.1510000000001	0.13252750814297645
565.2940000000001	0.13252698078784708
565.4380000000001	0.13252698078784708
565.5820000000001	0.13252698078784708
565.7260000000001	0.13252698078784708
565.87	0.13252698078784708
566.014	0.13252698078784708
566.158	0.13252698078784708
566.301	0.13252698078784708
566.445	0.13252698078784708
566.589	0.13252750814297645
566.7330000000001	0.13252698078784708
566.8770000000001	0.13252698078784708
567.0210000000001	0.13252698078784708
567.1650000000001	0.13252698078784708
567.3080000000001	0.13252698078784708
567.4520000000001	0.13252698078784708
567.596	0.13252698078784708
567.74	0.13252750814297645
567.883	0.13252750814297645
568.027	0.13252856285323522
568.171	0.13253172698401147
568.315	0.13253172698401147
568.4590000000001	0.13253172698401147
568.6030000000001	0.13253172698401147
568.7470000000001	0.13253172698401147
568.8900000000001	0.13253172698401147
569.0340000000001	0.13253172698401147
569.1780000000001	0.13253489111478772
569.322	0.13253647318017586
569.465	0.13253647318017586
569.61	0.13253647318017586
569.754	0.13253489111478772
569.897	0.13253172698401147
570.041	0.13253172698401147
570.1850000000001	0.13253172698401147
570.3290000000001	0.13253172698401147
570.4720000000001	0.13253172698401147
570.6170000000001	0.13252856285323522
570.7600000000001	0.13252856285323522
570.9040000000001	0.13252856285323522
571.048	0.13253172698401147
571.192	0.13252856285323522
571.336	0.13252750814297645
571.479	0.13252750814297645
571.624	0.13252698078784708
571.767	0.13252645343271768
571.916	0.13252645343271768
572.0550000000001	0.13252645343271768
572.1990000000001	0.13252645343271768
572.3430000000001	0.13252645343271768
572.4860000000001	0.13252539872245894
572.6300000000001	0.1325243440122002
572.774	0.1325238166570708
572.918	0.1325238166570708
573.062	0.1325238166570708
573.206	0.1325238166570708
573.349	0.1325238166570708
573.493	0.1325238166570708
573.6370000000001	0.1325238166570708
573.7810000000001	0.1325238166570708
573.9240000000001	0.13252328930194143
574.0690000000001	0.13252328930194143
574.2130000000001	0.13252223459168266
574.3570000000001	0.13252223459168266
574.5	0.13252223459168266
574.644	0.13251959781603578
574.788	0.13252223459168266
574.931	0.13252223459168266
575.076	0.13252223459168266
575.219	0.13251959781603578
575.363	0.13251959781603578
575.5070000000001	0.13251959781603578
575.6510000000001	0.13251801575064767
575.7950000000001	0.13251959781603578
575.9380000000001	0.13251959781603578
576.0820000000001	0.13251801575064767
576.2260000000001	0.13251801575064767
576.37	0.13251959781603578
576.514	0.13252223459168266
576.658	0.13252328930194143
576.802	0.13252328930194143
576.945	0.1325238166570708
577.089	0.13252539872245894
577.2330000000001	0.13252539872245894
577.3770000000001	0.13252539872245894
577.5210000000001	0.13252539872245894
577.6650000000001	0.1325238166570708
577.8080000000001	0.13252539872245894
577.9520000000001	0.1325238166570708
578.096	0.1325238166570708
578.24	0.13252539872245894
578.384	0.13252539872245894
578.528	0.13252539872245894
578.672	0.13252539872245894
578.815	0.13252645343271768
578.9590000000001	0.13252645343271768
579.1030000000001	0.13252645343271768
579.2470000000001	0.13252645343271768
579.3910000000001	0.13252645343271768
579.5340000000001	0.13252645343271768
579.6780000000001	0.13252645343271768
579.822	0.13252645343271768
579.966	0.13252645343271768
580.11	0.13252645343271768
580.254	0.13252645343271768
580.398	0.13252645343271768
580.541	0.13252645343271768
580.6850000000001	0.13252645343271768
580.8290000000001	0.13252645343271768
580.9730000000001	0.13252645343271768
581.1170000000001	0.13252645343271768
581.2610000000001	0.13252645343271768
581.4050000000001	0.13252645343271768
581.5490000000001	0.13252645343271768
581.6930000000001	0.13252645343271768
581.8370000000001	0.13252698078784708
581.9810000000001	0.13252750814297645
582.125	0.13252750814297645
582.269	0.13252750814297645
582.412	0.13252750814297645
582.556	0.13252856285323522
582.7	0.13252961756349396
582.844	0.13253014491862333
582.988	0.13253014491862333
583.1320000000001	0.13253225433914084
583.2760000000001	0.13253225433914084
583.4190000000001	0.13253225433914084
583.5630000000001	0.13253225433914084
583.7070000000001	0.13253225433914084
583.8510000000001	0.13253225433914084
583.994	0.13253225433914084
584.139	0.13253014491862333
584.282	0.13253014491862333
584.426	0.13253225433914084
584.57	0.13253225433914084
584.714	0.13253383640452898
584.8580000000001	0.13253383640452898
585.0010000000001	0.13253383640452898
585.1450000000001	0.13253541846991712
585.2890000000001	0.13253805524556397
585.4330000000001	0.13253805524556397
585.5770000000001	0.13253805524556397
585.721	0.13253805524556397
585.865	0.13253910995582271
586.008	0.13253910995582271
586.152	0.13253910995582271
586.296	0.13253910995582271
586.44	0.13253910995582271
586.5830000000001	0.13254069202121083
586.7280000000001	0.13254227408659897
586.8720000000001	0.13254227408659897
587.018	0.13254227408659897
587.1590000000001	0.13254280144172836
587.3030000000001	0.13254280144172836
587.447	0.13254332879685773
587.59	0.13254332879685773
587.735	0.13254332879685773
587.879	0.13254332879685773
588.022	0.13254332879685773
588.166	0.13254280144172836
588.3100000000001	0.13254280144172836
588.4540000000001	0.13254280144172836
588.5970000000001	0.13254280144172836
588.7420000000001	0.13254280144172836
588.8850000000001	0.13254332879685773
589.0290000000001	0.13254332879685773
589.173	0.13254332879685773
589.317	0.13254332879685773
589.461	0.13254332879685773
589.604	0.13254332879685773
589.748	0.13254332879685773
589.892	0.13254332879685773
590.0360000000001	0.13254332879685773
590.1800000000001	0.13254280144172836
590.3240000000001	0.13254227408659897
590.4680000000001	0.13253963731095209
590.6110000000001	0.13253541846991712
590.7550000000001	0.13253383640452898
590.899	0.13253225433914084
591.043	0.13253225433914084
591.187	0.13253014491862333
591.331	0.13252961756349396
591.475	0.13253014491862333
591.618	0.13253014491862333
591.7620000000001	0.13253014491862333
591.9060000000001	0.13252961756349396
592.0490000000001	0.13252961756349396
592.1940000000001	0.13253014491862333
592.3380000000001	0.13253014491862333
592.4810000000001	0.13253014491862333
592.625	0.13253225433914084
592.769	0.13253225433914084
592.913	0.13253014491862333
593.056	0.13253014491862333
593.201	0.13253225433914084
593.345	0.13253383640452898
593.488	0.13253383640452898
593.6320000000001	0.13253383640452898
593.7760000000001	0.13253225433914084
593.9200000000001	0.13253383640452898
594.0630000000001	0.13253541846991712
594.2080000000001	0.13253963731095209
594.3510000000001	0.13253963731095209
594.495	0.13254227408659897
594.639	0.13254227408659897
594.783	0.13254280144172836
594.927	0.13254280144172836
595.07	0.13254332879685773
595.214	0.13254332879685773
595.3580000000001	0.13254491086224587
595.5020000000001	0.13254754763789278
595.6460000000001	0.13255018441353966
595.7900000000001	0.13255018441353966
595.9340000000001	0.13255176647892777
596.0770000000001	0.13255282118918651
596.221	0.13255282118918651
596.365	0.13255598531996277
596.509	0.132559149450739
596.653	0.132559149450739
596.798	0.13255598531996277
596.941	0.13255598531996277
597.0840000000001	0.13255598531996277
597.2280000000001	0.13255598531996277
597.3720000000001	0.13255598531996277
597.5160000000001	0.132559149450739
597.6590000000001	0.132559149450739
597.8040000000001	0.13256020416099776
597.947	0.13256020416099776
598.091	0.132559149450739
598.235	0.13255598531996277
598.379	0.13255598531996277
598.523	0.13255598531996277
598.666	0.132559149450739
598.811	0.132559149450739
598.955	0.132559149450739
599.099	0.13255493060970402
599.243	0.13255176647892777
599.3870000000001	0.13255176647892777
599.5310000000001	0.13255493060970402
599.6740000000001	0.132559149450739
599.8180000000001	0.13256020416099776
599.9620000000001	0.13256073151612713
600.1060000000001	0.13256231358151527
600.25	0.13256231358151527
600.394	0.13256231358151527
600.538	0.13256231358151527
600.681	0.13256073151612713
600.825	0.13256020416099776
600.969	0.132559149450739
601.113	0.132559149450739
601.2570000000001	0.13255493060970402
601.4010000000001	0.13255176647892777
601.5450000000001	0.13255176647892777
601.6880000000001	0.13255493060970402
601.8320000000001	0.132559149450739
601.979	0.13256020416099776
602.12	0.13256073151612713
602.263	0.13256073151612713
602.408	0.13256073151612713
602.551	0.13256073151612713
602.695	0.13256231358151527
602.839	0.132563368291774
602.9830000000001	0.132563368291774
603.1270000000001	0.132563368291774
603.2700000000001	0.13256231358151527
603.4140000000001	0.13256073151612713
603.5580000000001	0.13256073151612713
603.7020000000001	0.13256020416099776
603.846	0.13256020416099776
603.99	0.13256020416099776
604.134	0.13256020416099776
604.277	0.13256020416099776
604.421	0.13256020416099776
604.565	0.132559149450739
604.7090000000001	0.13255493060970402
604.8530000000001	0.1325512391237984
604.9970000000001	0.13254965705841026
605.1400000000001	0.13254754763789278
605.2840000000001	0.13254491086224587
605.4280000000001	0.13254491086224587
605.572	0.13254332879685773
605.716	0.13254491086224587
605.86	0.13254491086224587
606.004	0.13254491086224587
606.147	0.13254491086224587
606.291	0.13254491086224587
606.4350000000001	0.13254754763789278
606.5790000000001	0.13254754763789278
606.7220000000001	0.13254491086224587
606.8670000000001	0.13254332879685773
607.0100000000001	0.13254332879685773
607.1540000000001	0.13254280144172836
607.298	0.13254280144172836
607.442	0.13254332879685773
607.586	0.13254332879685773
607.729	0.13254332879685773
607.873	0.13254491086224587
608.017	0.13254491086224587
608.1610000000001	0.13254754763789278
608.3050000000001	0.13254965705841026
608.4490000000001	0.13254965705841026
608.5930000000001	0.13254965705841026
608.7360000000001	0.13254965705841026
608.8800000000001	0.1325512391237984
609.024	0.1325512391237984
609.168	0.1325512391237984
609.312	0.1325512391237984
609.456	0.1325512391237984
609.6	0.1325512391237984
609.743	0.13255176647892777
609.8870000000001	0.13255493060970402
610.0310000000001	0.13255493060970402
610.1750000000001	0.13255809474048025
610.3190000000001	0.13255809474048025
610.4630000000001	0.132559149450739
610.6060000000001	0.13256020416099776
610.75	0.13256073151612713
610.894	0.13256231358151527
611.038	0.13256231358151527
611.182	0.132563368291774
611.325	0.132563368291774
611.469	0.132563368291774
611.613	0.13256231358151527
611.7570000000001	0.13256073151612713
611.9010000000001	0.13256020416099776
612.0450000000001	0.13256020416099776
612.1890000000001	0.132559149450739
612.3320000000001	0.132559149450739
612.4760000000001	0.13256020416099776
612.62	0.13256020416099776
612.764	0.132559149450739
612.908	0.132559149450739
613.052	0.132559149450739
613.196	0.132559149450739
613.339	0.132559149450739
613.4830000000001	0.13255493060970402
613.6270000000001	0.132559149450739
613.7710000000001	0.13255493060970402
613.9150000000001	0.132559149450739
614.0590000000001	0.132559149450739
614.2020000000001	0.132559149450739
614.346	0.132559149450739
614.49	0.132559149450739
614.634	0.132559149450739
614.778	0.132559149450739
614.922	0.132559149450739
615.065	0.132559149450739
615.2090000000001	0.13256020416099776
615.3530000000001	0.13256073151612713
615.4970000000001	0.13256073151612713
615.6410000000001	0.13256073151612713
615.7840000000001	0.13256020416099776
615.9290000000001	0.132559149450739
616.072	0.13255493060970402
616.216	0.13255493060970402
616.36	0.13255493060970402
616.5050000000001	0.132559149450739
616.649	0.132559149450739
616.792	0.13256020416099776
616.9390000000001	0.13256020416099776
617.08	0.13256020416099776
617.224	0.13256020416099776
617.368	0.13256020416099776
617.5120000000001	0.13256020416099776
617.6560000000001	0.13256020416099776
617.7990000000001	0.13256020416099776
617.9430000000001	0.13256020416099776
618.0870000000001	0.13256020416099776
618.2310000000001	0.132559149450739
618.374	0.13255493060970402
618.519	0.13255493060970402
618.663	0.13255493060970402
618.806	0.13255493060970402
618.95	0.13255493060970402
619.095	0.132559149450739
619.238	0.13256020416099776
619.3810000000001	0.13256073151612713
619.5250000000001	0.13256073151612713
619.6690000000001	0.13256073151612713
619.8130000000001	0.13256231358151527
619.9570000000001	0.13256231358151527
620.1010000000001	0.132563368291774
620.245	0.132563368291774
620.388	0.132563368291774
620.532	0.132563368291774
620.676	0.132563368291774
620.82	0.1325638956469034
620.964	0.1325660050674209
621.1080000000001	0.132567587132809
621.2520000000001	0.132567587132809
621.3950000000001	0.132567587132809
621.5390000000001	0.132567587132809
621.6830000000001	0.132567587132809
621.826	0.132567587132809
621.971	0.132567587132809
622.114	0.13256864184306777
622.258	0.13256864184306777
622.402	0.13257127861871465
622.546	0.1325728606841028
622.69	0.13257338803923216
622.8330000000001	0.13257391539436153
622.9770000000001	0.13257391539436153
623.1210000000001	0.13257391539436153
623.2650000000001	0.13257391539436153
623.4090000000001	0.13257391539436153
623.5530000000001	0.13257391539436153
623.697	0.13257391539436153
623.84	0.13257391539436153
623.984	0.13257338803923216
624.128	0.1325728606841028
624.272	0.1325728606841028
624.416	0.1325728606841028
624.5600000000001	0.1325728606841028
624.7040000000001	0.13257338803923216
624.8470000000001	0.13257391539436153
624.9910000000001	0.13257391539436153
625.1350000000001	0.13257391539436153
625.2790000000001	0.13257391539436153
625.422	0.13257391539436153
625.567	0.13257391539436153
625.71	0.13257391539436153
625.854	0.13257497010462027
625.998	0.13257602481487904
626.142	0.13257760688026715
626.2860000000001	0.13258024365591403
626.4290000000001	0.1325828804315609
626.5730000000001	0.13258446249694905
626.7170000000001	0.13258446249694905
626.8610000000001	0.13258446249694905
627.0050000000001	0.13258446249694905
627.149	0.13258446249694905
627.293	0.13258498985207845
627.436	0.13258498985207845
627.58	0.1325865719174666
627.724	0.13258762662772533
627.868	0.1325881539828547
628.0120000000001	0.13258868133798407
628.1560000000001	0.1325897360482428
628.3000000000001	0.13259079075850158
628.4430000000001	0.13259079075850158
628.5870000000001	0.13259079075850158
628.7310000000001	0.13259131811363095
628.875	0.13259342753414843
629.019	0.13259342753414843
629.162	0.13259131811363095
629.306	0.13259079075850158
629.45	0.1325897360482428
629.594	0.1325897360482428
629.738	0.1325897360482428
629.8810000000001	0.1325897360482428
630.0260000000001	0.13258868133798407
630.1690000000001	0.13258868133798407
630.3130000000001	0.1325881539828547
630.4570000000001	0.13258762662772533
630.6010000000001	0.1325865719174666
630.744	0.1325865719174666
630.888	0.13258498985207845
631.032	0.13258446249694905
631.176	0.1325828804315609
631.32	0.13258024365591403
631.464	0.13257760688026715
631.6080000000001	0.13257602481487904
631.7510000000001	0.13257497010462027
631.8950000000001	0.13257391539436153
632.042	0.13257391539436153
632.1830000000001	0.13257391539436153
632.3270000000001	0.13257338803923216
632.47	0.1325728606841028
632.615	0.13257127861871465
632.758	0.13256969655332654
632.902	0.13256864184306777
633.046	0.132567587132809
633.19	0.132567587132809
633.3340000000001	0.132567587132809
633.4770000000001	0.132567587132809
633.6210000000001	0.1325660050674209
633.7650000000001	0.1325660050674209
633.9100000000001	0.1325638956469034
634.0540000000001	0.132563368291774
634.1980000000001	0.1325638956469034
634.341	0.1325638956469034
634.485	0.1325660050674209
634.629	0.1325660050674209
634.773	0.1325660050674209
634.917	0.132567587132809
635.0600000000001	0.132567587132809
635.2040000000001	0.1325660050674209
635.3480000000001	0.1325660050674209
635.4920000000001	0.1325638956469034
635.6360000000001	0.132563368291774
635.7800000000001	0.132563368291774
635.9240000000001	0.132563368291774
636.067	0.132563368291774
636.211	0.132563368291774
636.355	0.1325638956469034
636.499	0.1325660050674209
636.643	0.132567587132809
636.787	0.132567587132809
636.931	0.132567587132809
637.0740000000001	0.132567587132809
637.2180000000001	0.132567587132809
637.3620000000001	0.132567587132809
637.5060000000001	0.132567587132809
637.6500000000001	0.132567587132809
637.793	0.132567587132809
637.937	0.132567587132809
638.081	0.132567587132809
638.225	0.132567587132809
638.369	0.132567587132809
638.5120000000001	0.132567587132809
638.657	0.132567587132809
638.8000000000001	0.132567587132809
638.9440000000001	0.132567587132809
639.0880000000001	0.132567587132809
639.2320000000001	0.1325660050674209
639.3760000000001	0.1325660050674209
639.519	0.1325660050674209
639.6640000000001	0.1325660050674209
639.807	0.1325638956469034
639.951	0.1325638956469034
640.095	0.1325638956469034
640.239	0.1325660050674209
640.383	0.132567587132809
640.5260000000001	0.132567587132809
640.6700000000001	0.132567587132809
640.8140000000001	0.13256864184306777
640.9580000000001	0.13256969655332654
641.1020000000001	0.13257127861871465
641.2460000000001	0.13257338803923216
641.3900000000001	0.13257127861871465
641.533	0.13257127861871465
641.677	0.13257338803923216
641.821	0.13257338803923216
641.965	0.13257391539436153
642.1080000000001	0.13257391539436153
642.253	0.13257497010462027
642.3960000000001	0.13257497010462027
642.5400000000001	0.13257497010462027
642.6840000000001	0.13257497010462027
642.8280000000001	0.13257602481487904
642.9720000000001	0.13257602481487904
643.115	0.13257602481487904
643.259	0.1325765521700084
643.403	0.1325765521700084
643.547	0.13257602481487904
643.691	0.13257497010462027
643.835	0.13257497010462027
643.979	0.13257497010462027
644.1220000000001	0.13257602481487904
644.2660000000001	0.13257602481487904
644.4100000000001	0.13257602481487904
644.5540000000001	0.13257602481487904
644.6980000000001	0.1325765521700084
644.8420000000001	0.13257602481487904
644.985	0.13257497010462027
645.129	0.13257497010462027
645.273	0.13257497010462027
645.417	0.13257497010462027
645.561	0.13257497010462027
645.705	0.13257497010462027
645.849	0.13257391539436153
645.9920000000001	0.13257338803923216
646.1360000000001	0.13257338803923216
646.2800000000001	0.13257127861871465
646.4240000000001	0.13257127861871465
646.567	0.13257127861871465
646.7120000000001	0.13257127861871465
646.855	0.13257127861871465
647.0020000000001	0.13257338803923216
647.143	0.13257391539436153
647.287	0.13257338803923216
647.431	0.13257338803923216
647.5740000000001	0.13257391539436153
647.7180000000001	0.13257497010462027
647.8620000000001	0.1325765521700084
648.0060000000001	0.1325770795251378
648.1500000000001	0.13257813423539655
648.2940000000001	0.13257813423539655
648.4380000000001	0.13258024365591403
648.581	0.13258024365591403
648.725	0.13258024365591403
648.869	0.13258024365591403
649.013	0.13257813423539655
649.1560000000001	0.13257813423539655
649.301	0.13257813423539655
649.445	0.13258024365591403
649.5880000000001	0.1325812983661728
649.7320000000001	0.13258182572130217
649.8760000000001	0.13258182572130217
650.0200000000001	0.1325812983661728
650.163	0.13258024365591403
650.3080000000001	0.13257813423539655
650.451	0.1325770795251378
650.595	0.1325770795251378
650.739	0.1325765521700084
650.883	0.1325765521700084
651.027	0.1325765521700084
651.1700000000001	0.1325770795251378
651.3140000000001	0.13257813423539655
651.4590000000001	0.13257813423539655
651.6030000000001	0.13258024365591403
651.7470000000001	0.1325812983661728
651.8910000000001	0.1325812983661728
652.0350000000001	0.13258182572130217
652.1780000000001	0.13258182572130217
652.322	0.13258182572130217
652.466	0.1325834077866903
652.61	0.13258498985207845
652.754	0.13258551720720782
652.898	0.1325865719174666
653.041	0.13258551720720782
653.1850000000001	0.13258498985207845
653.3290000000001	0.13258498985207845
653.4730000000001	0.13258498985207845
653.6160000000001	0.13258551720720782
653.7610000000001	0.1325865719174666
653.9050000000001	0.13258762662772533
654.048	0.1325881539828547
654.192	0.1325881539828547
654.336	0.1325881539828547
654.48	0.1325897360482428
654.623	0.1325897360482428
654.768	0.13259079075850158
654.9110000000001	0.13259079075850158
655.0550000000001	0.13259131811363095
655.1990000000001	0.13259131811363095
655.3430000000001	0.1325929001790191
655.4870000000001	0.13259395488927783
655.6300000000001	0.13259395488927783
655.774	0.1325944822444072
655.918	0.13259500959953657
656.062	0.13259500959953657
656.206	0.13259606430979531
656.35	0.13259711902005408
656.494	0.13259764637518345
656.6370000000001	0.13259764637518345
656.7810000000001	0.1325992284405716
656.9250000000001	0.1325992284405716
657.0690000000001	0.13260028315083033
657.2130000000001	0.13260081050595973
657.3570000000001	0.13260081050595973
657.5010000000001	0.13260081050595973
657.644	0.13260081050595973
657.788	0.13260028315083033
657.932	0.1325992284405716
658.076	0.13260028315083033
658.22	0.13260028315083033
658.364	0.13260028315083033
658.508	0.13260028315083033
658.6510000000001	0.13260028315083033
658.7950000000001	0.13260028315083033
658.9390000000001	0.1325992284405716
659.0830000000001	0.13259764637518345
659.2260000000001	0.13259764637518345
659.3710000000001	0.13259764637518345
659.514	0.13259764637518345
659.658	0.13259764637518345
659.802	0.13259711902005408
659.946	0.13259711902005408
660.09	0.13259606430979531
660.2330000000001	0.13259500959953657
660.3770000000001	0.13259500959953657
660.5210000000001	0.13259500959953657
660.6650000000001	0.1325944822444072
660.8090000000001	0.13259395488927783
660.9530000000001	0.13259395488927783
661.0970000000001	0.13259395488927783
661.24	0.13259395488927783
661.384	0.1325944822444072
661.528	0.13259500959953657
661.672	0.13259606430979531
661.816	0.13259711902005408
661.9630000000001	0.13259764637518345
662.1030000000001	0.1325992284405716
662.2470000000001	0.13260028315083033
662.3910000000001	0.13260028315083033
662.5350000000001	0.13260081050595973
662.6790000000001	0.1326013378610891
662.8230000000001	0.1326013378610891
662.9670000000001	0.13260291992647721
663.11	0.13260450199186535
663.254	0.1326055567021241
663.398	0.13260713876751223
663.542	0.13260977554315911
663.6850000000001	0.13261188496367662
663.83	0.13261504909445287
663.974	0.1326187405803585
664.1170000000001	0.13262085000087603
664.2610000000001	0.13262243206626417
664.4050000000001	0.13262243206626417
664.5490000000001	0.13262243206626417
664.692	0.13262348677652291
664.8370000000001	0.13262506884191103
664.98	0.13262665090729914
665.124	0.13263086974833416
665.268	0.1326340338791104
665.412	0.1326340338791104
665.556	0.1326340338791104
665.6990000000001	0.1326340338791104
665.8430000000001	0.1326340338791104
665.9870000000001	0.1326340338791104
666.1310000000001	0.13263456123423978
666.2750000000001	0.13263456123423978
666.4190000000001	0.13263508858936918
666.5630000000001	0.13263508858936918
666.706	0.13263508858936918
666.85	0.13263508858936918
666.994	0.13263508858936918
667.138	0.13263508858936918
667.282	0.13263508858936918
667.426	0.13263508858936918
667.5690000000001	0.13263508858936918
667.7130000000001	0.13263508858936918
667.8570000000001	0.13263508858936918
668.0010000000001	0.13263614329962792
668.1450000000001	0.13263614329962792
668.2890000000001	0.13263614329962792
668.4330000000001	0.13263772536501606
668.576	0.13263772536501606
668.72	0.13263772536501606
668.865	0.13263772536501606
669.009	0.13263772536501606
669.153	0.13263930743040417
669.296	0.1326403621406629
669.44	0.13264088949579228
669.5840000000001	0.13264088949579228
669.7280000000001	0.13264088949579228
669.8720000000001	0.13264088949579228
670.0160000000001	0.13264247156118042
670.1600000000001	0.13264247156118042
670.3030000000001	0.13264247156118042
670.447	0.13264247156118042
670.591	0.1326435262714392
670.735	0.1326435262714392
670.879	0.1326435262714392
671.023	0.1326435262714392
671.167	0.1326435262714392
671.3100000000001	0.1326435262714392
671.4540000000001	0.1326435262714392
671.5980000000001	0.1326435262714392
671.7420000000001	0.1326435262714392
671.8850000000001	0.1326451083368273
672.0300000000001	0.1326451083368273
672.173	0.1326451083368273
672.317	0.1326451083368273
672.461	0.1326451083368273
672.605	0.1326451083368273
672.749	0.1326451083368273
672.892	0.1326451083368273
673.0360000000001	0.1326451083368273
673.181	0.1326451083368273
673.3240000000001	0.1326451083368273
673.4680000000001	0.1326451083368273
673.6120000000001	0.13264669040221544
673.7560000000001	0.1326498545329917
673.899	0.13265301866376794
674.043	0.13265301866376794
674.187	0.13265407337402668
674.331	0.13265565543941482
674.475	0.13265565543941482
674.619	0.13265565543941482
674.763	0.13265565543941482
674.9060000000001	0.13265565543941482
675.0500000000001	0.13265565543941482
675.1940000000001	0.13265565543941482
675.3380000000001	0.13265723750480296
675.4820000000001	0.13265723750480296
675.6260000000001	0.1326582922150617
675.769	0.1326588195701911
675.913	0.1326588195701911
676.057	0.1326588195701911
676.201	0.1326588195701911
676.344	0.1326588195701911
676.489	0.1326588195701911
676.633	0.1326588195701911
676.7760000000001	0.1326588195701911
676.9200000000001	0.1326588195701911
677.067	0.1326588195701911
677.2080000000001	0.1326588195701911
677.3510000000001	0.1326588195701911
677.4960000000001	0.1326588195701911
677.639	0.1326588195701911
677.783	0.1326588195701911
677.927	0.1326588195701911
678.071	0.1326588195701911
678.215	0.1326588195701911
678.3580000000001	0.1326588195701911
678.5020000000001	0.1326588195701911
678.6460000000001	0.1326588195701911
678.7900000000001	0.13266092899070858
678.9340000000001	0.13266356576635546
679.0780000000001	0.13266462047661423
679.2220000000001	0.1326651478317436
679.365	0.13266567518687297
679.509	0.13266672989713174
679.653	0.132669894027908
679.797	0.13267464022407238
679.941	0.132678331709978
680.085	0.13267938642023674
680.229	0.13267991377536614
680.3720000000001	0.13268149584075428
680.5160000000001	0.13268255055101302
680.6600000000001	0.13268307790614242
680.8040000000001	0.1326851873266599
680.9480000000001	0.13268782410230678
681.0920000000001	0.13268887881256552
681.235	0.13269046087795366
681.379	0.13269257029847115
681.523	0.13269309765360054
681.667	0.13269309765360054
681.811	0.13269415236385929
681.9540000000001	0.13269573442924743
682.0980000000001	0.1326962617843768
682.2420000000001	0.1326962617843768
682.3860000000001	0.1326978438497649
682.5300000000001	0.13269942591515302
682.6740000000001	0.13269942591515302
682.8180000000001	0.13269942591515302
682.961	0.13270100798054113
683.105	0.13270259004592927
683.249	0.13270259004592927
683.393	0.13270259004592927
683.537	0.13270259004592927
683.681	0.132703644756188
683.825	0.13270575417670555
683.9680000000001	0.1327073362420937
684.1120000000001	0.13270891830748183
684.2560000000001	0.13271050037286994
684.4000000000001	0.13271208243825805
684.5440000000001	0.1327136645036462
684.6880000000001	0.1327136645036462
684.831	0.13271524656903433
684.975	0.13271630127929307
685.119	0.13271630127929307
685.263	0.13271682863442244
685.407	0.13271841069981058
685.551	0.13271999276519872
685.6940000000001	0.13272157483058683
685.8380000000001	0.1327247389613631
685.9820000000001	0.13272790309213933
686.1260000000001	0.13272895780239807
686.2700000000001	0.13272895780239807
686.4140000000001	0.13272948515752747
686.5590000000001	0.13273001251265687
686.7020000000001	0.132731594578045
686.846	0.132731594578045
686.99	0.13273317664343312
687.134	0.13273528606395063
687.278	0.1327379228395975
687.421	0.1327379228395975
687.565	0.1327379228395975
687.7090000000001	0.13273950490498565
687.8530000000001	0.13273950490498565
687.9970000000001	0.1327405596152444
688.1410000000001	0.1327405596152444
688.2850000000001	0.1327405596152444
688.4280000000001	0.13274214168063253
688.572	0.13274372374602064
688.716	0.13274372374602064
688.86	0.13274425110115
689.003	0.1327463605216675
689.148	0.13274899729731438
689.291	0.13275057936270251
689.4350000000001	0.1327511067178319
689.5790000000001	0.1327511067178319
689.7230000000001	0.1327511067178319
689.8670000000001	0.13275268878322005
690.0100000000001	0.13275427084860816
690.1540000000001	0.13275585291399628
690.298	0.13275848968964316
690.442	0.1327600717550313
690.586	0.13276059911016067
690.73	0.13276323588580752
690.874	0.13276745472684254
691.017	0.13276903679223068
691.1610000000001	0.13276903679223068
691.3050000000001	0.13277009150248942
691.4490000000001	0.13277009150248942
691.5930000000001	0.13277167356787756
691.7370000000001	0.1327732556332657
691.8810000000001	0.13277589240891258
692.027	0.1327774744743007
692.168	0.13277800182943006
692.312	0.13278169331533568
692.456	0.13278485744611196
692.6	0.1327859121563707
692.743	0.1327859121563707
692.888	0.13278696686662944
693.0310000000001	0.13278854893201758
693.1750000000001	0.13279171306279386
693.3190000000001	0.13279593190382888
693.4620000000001	0.13279909603460513
693.6070000000001	0.1327996233897345
693.75	0.13280067809999324
693.894	0.13280173281025198
694.038	0.13280226016538135
694.182	0.1328054242961576
694.326	0.1328080610718045
694.469	0.1328080610718045
694.613	0.1328080610718045
694.7570000000001	0.13280858842693388
694.9010000000001	0.13281017049232202
695.0450000000001	0.13281175255771016
695.1890000000001	0.13281649875387452
695.3330000000001	0.13282282701542705
695.4760000000001	0.13282704585646204
695.62	0.13283073734236767
695.764	0.13283284676288518
695.908	0.13283495618340269
696.051	0.13283970237956705
696.196	0.13284286651034333
696.339	0.13284392122060207
696.4830000000001	0.13284392122060207
696.6270000000001	0.1328449759308608
696.7710000000001	0.1328455032859902
696.9150000000001	0.13284603064111958
697.0580000000001	0.13284603064111958
697.2030000000001	0.13284866741676646
697.346	0.1328518315475427
697.49	0.13285341361293085
697.634	0.132854995678319
697.778	0.13285552303344836
697.922	0.13285710509883647
698.065	0.13286396071551837
698.2090000000001	0.13286396071551837
698.3530000000001	0.13286976162194153
698.4970000000001	0.13287134368732967
698.6410000000001	0.1328723983975884
698.7850000000001	0.1328723983975884
698.9280000000001	0.13287556252836466
699.072	0.1328787266591409
699.216	0.13287925401427028
699.36	0.1328808360796584
699.504	0.13288663698608155
699.648	0.1328924378925047
699.792	0.1328950746681516
699.9350000000001	0.1328987661540572
700.0790000000001	0.1329008755745747
700.2230000000001	0.1329008755745747
700.3670000000001	0.13290193028483344
700.5100000000001	0.13290298499509218
700.6550000000001	0.1329066764809978
700.798	0.13291616887332658
700.942	0.13292355184513788
701.086	0.1329277706861729
701.23	0.1329319895272079
701.374	0.132933571592596
701.517	0.13293409894772537
701.6610000000001	0.13293568101311348
701.8050000000001	0.13293831778876036
701.9490000000001	0.1329398998541485
702.0930000000001	0.13294148191953664
702.2370000000001	0.1329398998541485
702.3810000000001	0.1329398998541485
702.524	0.1329398998541485
702.668	0.13294148191953664
702.812	0.13294781018108914
702.956	0.13295519315290044
703.099	0.13296310347984108
703.244	0.13296995909652293
703.3870000000001	0.1329731232272992
703.5310000000001	0.13297628735807548
703.6750000000001	0.1329778694234636
703.8190000000001	0.13297892413372236
703.964	0.132982615619628
704.1070000000001	0.13298525239527487
704.2510000000001	0.13298577975040424
704.3950000000001	0.1329863071055336
704.5390000000001	0.13298736181579235
704.6830000000001	0.13299052594656863
704.8270000000001	0.1329973815632505
704.971	0.1330021277594149
705.114	0.13300476453506177
705.258	0.13300740131070865
705.402	0.13300792866583802
705.546	0.13301425692739055
705.6890000000001	0.13302322196458993
705.8340000000001	0.1330279681607543
705.9770000000001	0.13303060493640118
706.1210000000001	0.13303218700178931
706.2650000000001	0.13303429642230685
706.4090000000001	0.13303746055308308
706.5530000000001	0.1330390426184712
706.696	0.13304062468385933
706.84	0.13304326145950623
706.9870000000001	0.13304906236592937
707.128	0.1330548632723525
707.272	0.13305591798261124
707.416	0.13305644533774064
707.5600000000001	0.13305697269287
707.7030000000001	0.13305697269287
707.8470000000001	0.13305697269287
707.9910000000001	0.13305697269287
708.1350000000001	0.13305697269287
708.2790000000001	0.13305697269287
708.423	0.13305697269287
708.566	0.13305697269287
708.71	0.13305697269287
708.854	0.13305697269287
708.998	0.13305697269287
709.142	0.13305697269287
709.2860000000001	0.13305697269287
709.4300000000001	0.13305697269287
709.5730000000001	0.13305697269287
709.7170000000001	0.13305802740312878
709.8610000000001	0.13305802740312878
710.0050000000001	0.13305908211338752
710.148	0.1330596094685169
710.293	0.13306013682364626
710.436	0.13306488301981065
710.58	0.13307068392623378
710.724	0.13307226599162192
710.868	0.1330743754121394
711.0120000000001	0.13307701218778628
711.1550000000001	0.13307806689804505
711.2990000000001	0.1330812310288213
711.4430000000001	0.13308544986985632
711.5870000000001	0.13308544986985632
711.7310000000001	0.13308544986985632
711.875	0.13308650458011506
712.019	0.13308861400063257
712.162	0.13309177813140882
712.306	0.1330928328416676
712.45	0.1330949422621851
712.594	0.13309810639296132
712.738	0.13309968845834946
712.8820000000001	0.1331012705237376
713.0250000000001	0.13310285258912571
713.1690000000001	0.13310443465451383
713.3130000000001	0.1331070714301607
713.4570000000001	0.1331097082058076
713.6010000000001	0.13311129027119573
713.744	0.13311129027119573
713.889	0.1331118176263251
714.032	0.13311339969171324
714.176	0.13311603646736014
714.32	0.13311867324300702
714.464	0.13312025530839514
714.6080000000001	0.1331207826635245
714.7510000000001	0.133122892084042
714.8950000000001	0.133122892084042
715.0390000000001	0.133122892084042
715.1830000000001	0.133122892084042
715.3270000000001	0.133122892084042
715.471	0.133122892084042
715.615	0.133122892084042
715.758	0.133122892084042
715.902	0.133122892084042
716.046	0.133122892084042
716.19	0.133122892084042
716.3340000000001	0.133122892084042
716.4780000000001	0.13312447414943013
716.6210000000001	0.13312552885968887
716.7650000000001	0.13312552885968887
716.9090000000001	0.13312552885968887
717.0530000000001	0.13312552885968887
717.197	0.13312552885968887
717.341	0.133127110925077
717.485	0.1331276382802064
717.628	0.1331276382802064
717.772	0.13312869299046515
717.916	0.13313132976611203
718.0600000000001	0.13313291183150017
718.2030000000001	0.13313343918662954
718.3480000000001	0.1331339665417589
718.4910000000001	0.13313554860714705
718.6350000000001	0.13313818538279393
718.7790000000001	0.1331402948033114
718.923	0.13314187686869955
719.067	0.13314187686869955
719.21	0.13314187686869955
719.354	0.13314187686869955
719.498	0.13314240422382892
719.642	0.1331434589340877
719.7860000000001	0.1331434589340877
719.9300000000001	0.1331434589340877
720.0740000000001	0.1331434589340877
720.2170000000001	0.1331434589340877
720.3610000000001	0.13314609570973457
720.5050000000001	0.13314767777512268
720.649	0.1331492598405108
720.792	0.13315136926102833
720.937	0.13315136926102833
721.08	0.1331534786815458
721.224	0.13315506074693395
721.369	0.1331566428123221
721.513	0.1331582248777102
721.657	0.1331582248777102
721.8000000000001	0.13315927958796897
721.9440000000001	0.13315927958796897
722.0920000000001	0.13315927958796897
722.2320000000001	0.13316191636361585
722.3760000000001	0.13316402578413333
722.5200000000001	0.13316455313926273
722.6640000000001	0.13316560784952147
722.807	0.1331666625597802
722.951	0.13316824462516835
723.095	0.1331698266905565
723.239	0.1331698266905565
723.383	0.13317088140081523
723.527	0.13317193611107397
723.671	0.13317193611107397
723.8140000000001	0.13317246346620334
723.9580000000001	0.13317457288672085
724.1020000000001	0.1331777370174971
724.2460000000001	0.1331777370174971
724.3900000000001	0.133180373793144
724.5340000000001	0.13318195585853213
724.677	0.1331824832136615
724.821	0.13318353792392024
724.965	0.13318353792392024
725.109	0.13318353792392024
725.253	0.13318670205469652
725.397	0.13318670205469652
725.5250000000001	0.13318670205469652
725.668	0.1331898661854728
725.812	0.1331898661854728
725.956	0.1331898661854728
726.1	0.1331898661854728
726.243	0.1331898661854728
726.388	0.1331914482508609
726.532	0.1331914482508609
726.6750000000001	0.1331914482508609
726.8190000000001	0.1331914482508609
726.9630000000001	0.1331914482508609
727.1070000000001	0.13319197560599028
727.25	0.13319355767137842
727.394	0.13319513973676653
727.538	0.13319619444702527
727.682	0.13319619444702527
727.826	0.13319619444702527
727.97	0.13319619444702527
728.114	0.13319619444702527
728.2570000000001	0.13319619444702527
728.4010000000001	0.13319619444702527
728.5450000000001	0.13319777651241338
728.6890000000001	0.13319830386754278
728.8320000000001	0.13319830386754278
728.9770000000001	0.13319830386754278
729.12	0.13319830386754278
729.264	0.13319830386754278
729.408	0.13319830386754278
729.552	0.13319830386754278
729.696	0.13319830386754278
729.839	0.13319830386754278
729.9830000000001	0.13319777651241338
730.1270000000001	0.13319619444702527
730.2710000000001	0.13319513973676653
730.4150000000001	0.13319513973676653
730.5590000000001	0.13319619444702527
730.7030000000001	0.13319619444702527
730.846	0.13319777651241338
730.9910000000001	0.13319830386754278
731.134	0.13319830386754278
731.278	0.13319830386754278
731.422	0.13319935857780152
731.566	0.13320146799831906
731.71	0.13320305006370717
731.8530000000001	0.13320463212909528
731.9970000000001	0.13320463212909528
732.1410000000001	0.13320463212909528
732.2850000000001	0.13320726890474216
732.413	0.13320726890474216
732.557	0.13320726890474216
732.7	0.13320726890474216
732.844	0.13320726890474216
732.988	0.13320726890474216
733.1320000000001	0.13320726890474216
733.2760000000001	0.13320410477396594
733.4200000000001	0.13320146799831906
733.5640000000001	0.13319935857780152
733.7070000000001	0.13319935857780152
733.8510000000001	0.13320146799831906
733.995	0.13320410477396594
734.139	0.13320726890474216
734.283	0.1332088509701303
734.427	0.1332088509701303
734.57	0.1332088509701303
734.714	0.13321043303551844
734.8580000000001	0.13321201510090658
735.0020000000001	0.13321201510090658
735.1460000000001	0.13321201510090658
735.2890000000001	0.13321201510090658
735.4330000000001	0.13321201510090658
735.5780000000001	0.13321201510090658
735.721	0.13321201510090658
735.865	0.13321201510090658
736.009	0.13321201510090658
736.153	0.13321043303551844
736.296	0.1332088509701303
736.44	0.1332088509701303
736.5840000000001	0.1332088509701303
736.7280000000001	0.1332088509701303
736.8720000000001	0.1332088509701303
737.019	0.1332088509701303
737.1600000000001	0.13320726890474216
737.3030000000001	0.13320726890474216
737.447	0.13320726890474216
737.591	0.13320726890474216
737.735	0.13320726890474216
737.879	0.1332088509701303
738.023	0.13320726890474216
738.167	0.1332088509701303
738.3100000000001	0.1332088509701303
738.4540000000001	0.1332088509701303
738.5980000000001	0.13321043303551844
738.7420000000001	0.13321201510090658
738.8870000000001	0.13321201510090658
739.0310000000001	0.13321201510090658
739.1740000000001	0.13321359716629472
739.3180000000001	0.1332157065868122
739.4620000000001	0.13321728865220034
739.6060000000001	0.13321887071758845
739.75	0.13321939807271782
739.894	0.13322098013810596
740.038	0.1332225622034941
740.181	0.1332225622034941
740.325	0.13322361691375284
740.469	0.13322467162401158
740.613	0.13322519897914098
740.7570000000001	0.13322572633427035
740.9010000000001	0.13322572633427035
741.0440000000001	0.13322572633427035
741.1880000000001	0.13322572633427035
741.3320000000001	0.13322572633427035
741.4760000000001	0.13322572633427035
741.62	0.13322572633427035
741.764	0.13322836310991723
741.907	0.1332309998855641
742.051	0.1332309998855641
742.195	0.13323258195095222
742.339	0.1332352187265991
742.4830000000001	0.13323785550224598
742.6270000000001	0.1332399649227635
742.7710000000001	0.13324049227789286
742.9140000000001	0.13324049227789286
743.0580000000001	0.1332415469881516
743.2020000000001	0.1332415469881516
743.345	0.1332415469881516
743.49	0.1332415469881516
743.634	0.13324260169841035
743.778	0.13324312905353974
743.921	0.13324471111892788
744.065	0.133246293184316
744.2090000000001	0.13324682053944537
744.3520000000001	0.13324682053944537
744.4970000000001	0.13324682053944537
744.6410000000001	0.1332478752497041
744.7840000000001	0.13324892995996288
744.9280000000001	0.13324945731509225
745.072	0.13325103938048038
745.216	0.13325209409073915
745.359	0.13325262144586852
745.504	0.1332531488009979
745.647	0.1332531488009979
745.791	0.1332531488009979
745.9350000000001	0.1332531488009979
746.0790000000001	0.1332531488009979
746.2230000000001	0.1332531488009979
746.3660000000001	0.13325420351125664
746.5100000000001	0.13325525822151538
746.6540000000001	0.13325578557664475
746.798	0.13325578557664475
746.942	0.13325578557664475
747.086	0.13325578557664475
747.23	0.13325578557664475
747.374	0.13325578557664475
747.517	0.13325578557664475
747.6610000000001	0.13325578557664475
747.8050000000001	0.13325578557664475
747.9490000000001	0.13325578557664475
748.0930000000001	0.13325578557664475
748.2360000000001	0.13325578557664475
748.3800000000001	0.13325578557664475
748.524	0.13325631293177415
748.668	0.13325631293177415
748.812	0.13325631293177415
748.955	0.13325631293177415
749.099	0.13325631293177415
749.243	0.13325578557664475
749.3870000000001	0.13325631293177415
749.5310000000001	0.1332573676420329
749.6750000000001	0.13325894970742103
749.8190000000001	0.13325894970742103
749.9620000000001	0.13325894970742103
750.1060000000001	0.13326053177280917
750.25	0.1332615864830679
750.394	0.13326211383819728
750.538	0.13326211383819728
750.682	0.13326369590358542
750.826	0.13326369590358542
750.969	0.13326369590358542
751.113	0.13326369590358542
751.2570000000001	0.13326369590358542
751.4010000000001	0.13326211383819728
751.5450000000001	0.1332615864830679
751.6890000000001	0.13326000441767977
751.8320000000001	0.13326000441767977
751.9760000000001	0.13326000441767977
752.123	0.13326000441767977
752.264	0.1332615864830679
752.408	0.13326211383819728
752.552	0.13326369590358542
752.695	0.13326633267923232
752.839	0.13326633267923232
752.9830000000001	0.13326633267923232
753.1270000000001	0.13326896945487918
753.2710000000001	0.13327160623052603
753.4140000000001	0.13327529771643168
753.5590000000001	0.13327898920233733
753.7020000000001	0.1332816259779842
753.846	0.13328320804337235
753.99	0.13328373539850172
754.134	0.13328479010876046
754.278	0.1332858448190192
754.421	0.1332858448190192
754.565	0.1332858448190192
754.7090000000001	0.13328637217414857
754.8530000000001	0.1332879542395367
754.9970000000001	0.1332879542395367
755.1410000000001	0.1332879542395367
755.2850000000001	0.1332879542395367
755.4280000000001	0.1332879542395367
755.572	0.13328953630492485
755.716	0.1332879542395367
755.86	0.13328637217414857
756.004	0.1332858448190192
756.148	0.13328479010876046
756.293	0.13328479010876046
756.436	0.13328479010876046
756.58	0.13328479010876046
756.724	0.13328373539850172
756.868	0.13328373539850172
757.0110000000001	0.13328373539850172
757.1560000000001	0.13328320804337235
757.2990000000001	0.1332816259779842
757.4430000000001	0.13327898920233733
757.5870000000001	0.1332774071369492
757.7310000000001	0.13327371565104357
757.875	0.13327371565104357
758.018	0.13327371565104357
758.163	0.13327371565104357
758.306	0.13327371565104357
758.45	0.1332774071369492
758.594	0.1332774071369492
758.738	0.13327898920233733
758.8820000000001	0.1332816259779842
759.0250000000001	0.1332816259779842
759.1690000000001	0.1332816259779842
759.3130000000001	0.1332816259779842
759.4570000000001	0.1332816259779842
759.6010000000001	0.1332816259779842
759.745	0.13328320804337235
759.888	0.13328373539850172
760.032	0.13328373539850172
760.176	0.13328479010876046
760.32	0.13328479010876046
760.464	0.13328479010876046
760.6080000000001	0.13328479010876046
760.7520000000001	0.1332858448190192
760.8950000000001	0.13328479010876046
761.0390000000001	0.13328373539850172
761.1830000000001	0.13328373539850172
761.3270000000001	0.13328373539850172
761.47	0.13328373539850172
761.615	0.13328373539850172
761.758	0.13328479010876046
761.902	0.1332858448190192
762.046	0.13328637217414857
762.19	0.1332879542395367
762.3340000000001	0.1332879542395367
762.4770000000001	0.1332879542395367
762.6210000000001	0.13328953630492485
762.7650000000001	0.13329006366005422
762.9090000000001	0.13328953630492485
763.0530000000001	0.13328953630492485
763.197	0.13328953630492485
763.341	0.1332879542395367
763.485	0.13328953630492485
763.628	0.13329006366005422
763.772	0.13329006366005422
763.916	0.13329006366005422
764.0590000000001	0.13329006366005422
764.2040000000001	0.13329006366005422
764.3470000000001	0.13329006366005422
764.4910000000001	0.13329006366005422
764.6350000000001	0.13329006366005422
764.7790000000001	0.13329006366005422
764.923	0.13329006366005422
765.066	0.13329006366005422
765.21	0.13329006366005422
765.354	0.13329006366005422
765.498	0.13329006366005422
765.642	0.13329006366005422
765.7860000000001	0.13329006366005422
765.9300000000001	0.13329006366005422
766.0730000000001	0.13329006366005422
766.2170000000001	0.13329006366005422
766.3610000000001	0.13329006366005422
766.5050000000001	0.13329006366005422
766.649	0.13329006366005422
766.793	0.13329006366005422
766.936	0.13329006366005422
767.0830000000001	0.13329006366005422
767.2230000000001	0.13329006366005422
767.368	0.13329006366005422
767.5120000000001	0.13329006366005422
767.6560000000001	0.133291118370313
767.8000000000001	0.133291118370313
767.9430000000001	0.133291118370313
768.0870000000001	0.1332927004357011
768.2310000000001	0.1332927004357011
768.375	0.133291118370313
768.518	0.13329006366005422
768.663	0.13329006366005422
768.806	0.133291118370313
768.95	0.1332927004357011
769.094	0.1332927004357011
769.238	0.1332927004357011
769.3820000000001	0.13329322779083047
769.5250000000001	0.13329322779083047
769.6690000000001	0.13329322779083047
769.8130000000001	0.13329322779083047
769.9570000000001	0.13329322779083047
770.1010000000001	0.13329322779083047
770.245	0.13329322779083047
770.389	0.13329322779083047
770.532	0.1332942825010892
770.676	0.1332942825010892
770.82	0.1332942825010892
770.964	0.13329639192160675
771.1070000000001	0.13329797398699486
771.2520000000001	0.13329850134212423
771.3960000000001	0.13329850134212423
771.5390000000001	0.13329850134212423
771.6830000000001	0.13329850134212423
771.8270000000001	0.13329850134212423
771.971	0.13329850134212423
772.114	0.13329850134212423
772.259	0.13330008340751237
772.402	0.13330272018315925
772.546	0.13330272018315925
772.69	0.13330272018315925
772.8340000000001	0.13330272018315925
772.9780000000001	0.133303774893418
773.1210000000001	0.133303774893418
773.2650000000001	0.13330272018315925
773.4090000000001	0.13330008340751237
773.5530000000001	0.13329850134212423
773.697	0.13329797398699486
773.8420000000001	0.13329797398699486
773.9860000000001	0.13329797398699486
774.129	0.13329797398699486
774.273	0.13329797398699486
774.417	0.13329797398699486
774.5600000000001	0.13329797398699486
774.705	0.13329797398699486
774.849	0.13329850134212423
774.9920000000001	0.13329850134212423
775.1360000000001	0.13329850134212423
775.2800000000001	0.13329850134212423
775.4240000000001	0.13329850134212423
775.567	0.13329850134212423
775.7120000000001	0.13330008340751237
775.855	0.13330008340751237
775.999	0.13330272018315925
776.143	0.133303774893418
776.287	0.13330430224854736
776.431	0.13330482960367673
776.5740000000001	0.13330482960367673
776.7180000000001	0.13330482960367673
776.8620000000001	0.13330482960367673
777.0060000000001	0.13330482960367673
777.149	0.13330482960367673
777.2940000000001	0.13330482960367673
777.437	0.13330482960367673
777.581	0.13330482960367673
777.725	0.13330430224854736
777.869	0.13330430224854736
778.013	0.13330430224854736
778.1560000000001	0.13330482960367673
778.3000000000001	0.13330588431393547
778.4440000000001	0.13330693902419424
778.5880000000001	0.13330852108958235
778.7320000000001	0.13331168522035863
778.8760000000001	0.13331379464087612
779.0200000000001	0.13331379464087612
779.163	0.1333143219960055
779.307	0.1333143219960055
779.451	0.1333143219960055
779.595	0.1333143219960055
779.739	0.1333143219960055
779.883	0.1333143219960055
780.027	0.1333143219960055
780.1700000000001	0.13331537670626425
780.3140000000001	0.13331537670626425
780.4580000000001	0.13331537670626425
780.6020000000001	0.13331537670626425
780.7460000000001	0.13331537670626425
780.8900000000001	0.13331537670626425
781.033	0.1333143219960055
781.177	0.1333143219960055
781.321	0.1333143219960055
781.465	0.1333143219960055
781.609	0.1333143219960055
781.7520000000001	0.1333143219960055
781.8960000000001	0.1333143219960055
782.0440000000001	0.1333143219960055
782.1840000000001	0.1333143219960055
782.3280000000001	0.13331379464087612
782.4720000000001	0.13331379464087612
782.6160000000001	0.13331221257548798
782.759	0.13331221257548798
782.903	0.13331221257548798
783.047	0.13331063051009986
783.191	0.13331063051009986
783.335	0.13331221257548798
783.479	0.13331379464087612
783.623	0.1333143219960055
783.7660000000001	0.1333143219960055
783.9100000000001	0.1333143219960055
784.0540000000001	0.13331537670626425
784.197	0.13331537670626425
784.3420000000001	0.13331537670626425
784.485	0.1333143219960055
784.629	0.1333143219960055
784.773	0.1333143219960055
784.917	0.1333143219960055
785.061	0.1333143219960055
785.2040000000001	0.1333143219960055
785.3480000000001	0.1333143219960055
785.4920000000001	0.1333143219960055
785.6360000000001	0.1333143219960055
785.7800000000001	0.1333143219960055
785.9240000000001	0.1333143219960055
786.0680000000001	0.1333143219960055
786.211	0.1333143219960055
786.355	0.1333143219960055
786.499	0.1333143219960055
786.643	0.1333143219960055
786.787	0.1333143219960055
786.931	0.1333143219960055
787.0740000000001	0.1333143219960055
787.2180000000001	0.1333143219960055
787.3620000000001	0.1333143219960055
787.5060000000001	0.1333143219960055
787.6500000000001	0.1333143219960055
787.793	0.1333143219960055
787.9380000000001	0.1333143219960055
788.081	0.1333143219960055
788.225	0.1333143219960055
788.369	0.1333143219960055
788.513	0.1333143219960055
788.657	0.1333143219960055
788.8000000000001	0.1333143219960055
788.9440000000001	0.1333143219960055
789.0880000000001	0.1333143219960055
789.2320000000001	0.1333143219960055
789.3760000000001	0.1333143219960055
789.5200000000001	0.1333143219960055
789.6640000000001	0.13331379464087612
789.807	0.13331221257548798
789.951	0.13331115786522924
790.095	0.13331115786522924
790.239	0.13330904844471175
790.383	0.13330904844471175
790.527	0.13330588431393547
790.671	0.13330482960367673
790.8140000000001	0.13330166547290048
790.9580000000001	0.13329850134212423
791.1020000000001	0.13329850134212423
791.2460000000001	0.13329850134212423
791.3910000000001	0.13329850134212423
791.5340000000001	0.13329850134212423
791.6780000000001	0.13329797398699486
791.822	0.13329533721134798
791.966	0.13329322779083047
792.11	0.13329164572544233
792.253	0.13328953630492485
792.398	0.13328900894979548
792.541	0.1332879542395367
792.6850000000001	0.1332879542395367
792.8290000000001	0.1332879542395367
792.9730000000001	0.13328637217414857
793.1170000000001	0.13328479010876046
793.2600000000001	0.13328479010876046
793.4040000000001	0.13328479010876046
793.548	0.13328373539850172
793.692	0.13328373539850172
793.836	0.13328373539850172
793.98	0.13328320804337235
794.124	0.13328320804337235
794.267	0.13328320804337235
794.4110000000001	0.13328320804337235
794.5550000000001	0.13328320804337235
794.6990000000001	0.1332816259779842
794.8430000000001	0.13328057126772547
794.9870000000001	0.13328057126772547
795.1310000000001	0.13327898920233733
795.274	0.1332774071369492
795.418	0.13327582507156105
795.562	0.13327371565104354
795.706	0.13327318829591417
795.849	0.13327213358565543
795.993	0.1332705515202673
796.1370000000001	0.13327002416513792
796.2810000000001	0.13327002416513792
796.4250000000001	0.13326896945487918
796.5690000000001	0.13326738738949107
796.7130000000001	0.13326686003436167
796.8560000000001	0.13326580532410293
797.003	0.13326369590358542
797.144	0.13326053177280914
797.288	0.1332568402869035
797.432	0.13325420351125664
797.576	0.1332531488009979
797.72	0.13325262144586852
797.863	0.13325209409073915
798.0070000000001	0.13325209409073915
798.1510000000001	0.13324945731509225
798.2950000000001	0.13324682053944537
798.4390000000001	0.13324682053944537
798.5830000000001	0.133246293184316
798.7270000000001	0.13324471111892788
798.87	0.13324365640866911
799.014	0.13324312905353974
799.158	0.1332415469881516
799.302	0.1332415469881516
799.446	0.1332415469881516
799.59	0.13324312905353974
799.7330000000001	0.13324312905353974
799.8770000000001	0.1332415469881516
800.0210000000001	0.13324049227789286
800.1650000000001	0.1332399649227635
800.3090000000001	0.1332399649227635
800.4530000000001	0.1332399649227635
800.5970000000001	0.1332399649227635
800.74	0.1332399649227635
800.884	0.1332399649227635
801.028	0.13323943756763412
801.172	0.13323785550224598
801.315	0.13323785550224598
801.46	0.13323943756763412
801.6030000000001	0.13323943756763412
801.7470000000001	0.13323943756763412
801.8910000000001	0.1332399649227635
802.0350000000001	0.13324049227789286
802.1790000000001	0.13324049227789286
802.322	0.1332415469881516
802.466	0.1332415469881516
802.61	0.1332415469881516
802.754	0.1332415469881516
802.898	0.13324049227789286
803.042	0.13324049227789286
803.186	0.1332415469881516
803.3290000000001	0.13324049227789286
803.4730000000001	0.1332399649227635
803.6170000000001	0.13323943756763412
803.7610000000001	0.13323785550224598
803.9050000000001	0.13323627343685787
804.0490000000001	0.1332352187265991
804.1930000000001	0.1332352187265991
804.336	0.13323416401634036
804.48	0.13323416401634036
804.624	0.13323416401634036
804.768	0.1332352187265991
804.912	0.1332352187265991
805.056	0.1332352187265991
805.2	0.1332352187265991
805.3430000000001	0.1332352187265991
805.4870000000001	0.13323416401634036
805.6310000000001	0.13323416401634036
805.7750000000001	0.13323416401634036
805.918	0.13323416401634036
806.062	0.13323416401634036
806.206	0.1332352187265991
806.35	0.13323627343685787
806.494	0.13323785550224598
806.638	0.13323943756763412
806.782	0.1332399649227635
806.9250000000001	0.1332399649227635
807.0690000000001	0.1332399649227635
807.2130000000001	0.1332399649227635
807.3570000000001	0.1332399649227635
807.5010000000001	0.13324049227789286
807.6450000000001	0.1332415469881516
807.7890000000001	0.13324312905353974
807.932	0.13324471111892788
808.076	0.13324471111892788
808.22	0.13324471111892788
808.364	0.13324471111892788
808.508	0.13324471111892788
808.652	0.13324471111892788
808.796	0.13324312905353974
808.94	0.1332415469881516
809.0840000000001	0.1332415469881516
809.2280000000001	0.1332415469881516
809.3720000000001	0.1332415469881516
809.5160000000001	0.1332415469881516
809.6600000000001	0.13324312905353974
809.8030000000001	0.13324471111892788
809.947	0.133246293184316
810.091	0.133246293184316
810.235	0.133246293184316
810.378	0.133246293184316
810.523	0.133246293184316
810.667	0.1332484026048335
810.8100000000001	0.1332484026048335
810.9540000000001	0.1332484026048335
811.0980000000001	0.1332484026048335
811.2420000000001	0.133246293184316
811.3860000000001	0.133246293184316
811.5290000000001	0.13324471111892788
811.673	0.133242074343281
811.817	0.13324049227789286
811.961	0.1332399649227635
812.1070000000001	0.13323943756763412
812.249	0.13323785550224598
812.393	0.13323627343685787
812.5360000000001	0.1332352187265991
812.6800000000001	0.13323416401634036
812.8240000000001	0.13323416401634036
812.9680000000001	0.13323416401634036
813.1120000000001	0.13323416401634036
813.2560000000001	0.13323416401634036
813.399	0.13323258195095222
813.543	0.13323258195095222
813.687	0.13323416401634036
813.831	0.13323416401634036
813.975	0.13323416401634036
814.119	0.13323416401634036
814.2620000000001	0.13323416401634036
814.4060000000001	0.13323416401634036
814.5500000000001	0.13323416401634036
814.6940000000001	0.13323416401634036
814.8380000000001	0.13323416401634036
814.9820000000001	0.13323416401634036
815.1260000000001	0.13323416401634036
815.2700000000001	0.13323416401634036
815.413	0.13323416401634036
815.557	0.13323416401634036
815.701	0.13323416401634036
815.845	0.13323416401634036
815.988	0.1332352187265991
816.1320000000001	0.1332352187265991
816.2760000000001	0.1332352187265991
816.4200000000001	0.1332352187265991
816.5640000000001	0.1332352187265991
816.7080000000001	0.1332352187265991
816.8520000000001	0.1332352187265991
816.995	0.1332352187265991
817.139	0.1332352187265991
817.283	0.1332352187265991
817.427	0.1332352187265991
817.571	0.1332352187265991
817.715	0.1332352187265991
817.859	0.1332352187265991
818.0020000000001	0.1332352187265991
818.1460000000001	0.1332352187265991
818.2900000000001	0.1332352187265991
818.4340000000001	0.13323416401634036
818.5770000000001	0.13323416401634036
818.7220000000001	0.13323416401634036
818.865	0.1332352187265991
819.009	0.1332352187265991
819.153	0.1332352187265991
819.297	0.1332352187265991
819.441	0.1332352187265991
819.5840000000001	0.1332352187265991
819.729	0.1332352187265991
819.8720000000001	0.1332352187265991
820.0160000000001	0.1332352187265991
820.1600000000001	0.13323416401634036
820.3040000000001	0.13323416401634036
820.4480000000001	0.1332352187265991
820.591	0.1332352187265991
820.7360000000001	0.1332352187265991
820.879	0.1332352187265991
821.023	0.13323627343685787
821.167	0.13323627343685787
821.311	0.13323627343685787
821.455	0.1332352187265991
821.5980000000001	0.1332352187265991
821.7420000000001	0.13323627343685787
821.8860000000001	0.13323627343685787
822.0300000000001	0.13323627343685787
822.1740000000001	0.13323785550224598
822.3180000000001	0.13323785550224598
822.4620000000001	0.13323943756763412
822.605	0.13323943756763412
822.749	0.13323943756763412
822.893	0.13323943756763412
823.037	0.1332399649227635
823.181	0.1332399649227635
823.325	0.1332399649227635
823.4680000000001	0.13323943756763412
823.6120000000001	0.1332399649227635
823.7560000000001	0.1332399649227635
823.9000000000001	0.13323943756763412
824.0440000000001	0.1332399649227635
824.1880000000001	0.1332399649227635
824.331	0.1332399649227635
824.475	0.13324049227789286
824.619	0.133242074343281
824.763	0.13324471111892788
824.907	0.133246293184316
825.0500000000001	0.1332478752497041
825.195	0.1332478752497041
825.3380000000001	0.13324945731509225
825.4820000000001	0.13325103938048038
825.6260000000001	0.13325209409073915
825.7700000000001	0.13325209409073915
825.9140000000001	0.13325209409073915
826.057	0.13325209409073915
826.201	0.13325209409073915
826.346	0.13325103938048038
826.49	0.13324945731509225
826.634	0.1332478752497041
826.778	0.133246293184316
826.922	0.133246293184316
827.0680000000001	0.133246293184316
827.2090000000001	0.13324471111892788
827.3530000000001	0.13324365640866911
827.4970000000001	0.13324365640866911
827.6410000000001	0.13324365640866911
827.7850000000001	0.13324365640866911
827.9290000000001	0.133242074343281
828.072	0.133242074343281
828.216	0.133242074343281
828.36	0.13324049227789286
828.504	0.1332399649227635
828.647	0.13323943756763412
828.791	0.13323785550224598
828.9350000000001	0.13323627343685787
829.0790000000001	0.1332352187265991
829.2230000000001	0.13323416401634036
829.3670000000001	0.133233636661211
829.5110000000001	0.13323310930608162
829.6540000000001	0.13323310930608162
829.798	0.13323310930608162
829.942	0.133233636661211
830.086	0.13323416401634036
830.23	0.1332352187265991
830.374	0.1332352187265991
830.518	0.1332352187265991
830.6610000000001	0.13323627343685787
830.8050000000001	0.13323680079198724
830.9490000000001	0.13323838285737535
831.0930000000001	0.13323943756763412
831.2370000000001	0.1332399649227635
831.3810000000001	0.13324049227789286
831.524	0.133242074343281
831.668	0.13324365640866911
831.812	0.13324471111892788
831.956	0.13324365640866911
832.1	0.133242074343281
832.244	0.1332399649227635
832.388	0.1332399649227635
832.5310000000001	0.13323943756763412
832.6750000000001	0.13323943756763412
832.8190000000001	0.13323943756763412
832.9630000000001	0.13323943756763412
833.1060000000001	0.13323838285737535
833.2510000000001	0.13323838285737535
833.3950000000001	0.13323680079198724
833.538	0.1332352187265991
833.682	0.13323416401634036
833.826	0.133233636661211
833.97	0.13323310930608162
834.113	0.13323205459582288
834.2570000000001	0.1332309998855641
834.4010000000001	0.1332309998855641
834.5450000000001	0.13322836310991723
834.6890000000001	0.13322572633427035
834.8330000000001	0.13322414426888224
834.9770000000001	0.1332220348483647
835.12	0.13322045278297656
835.263	0.13321887071758845
835.408	0.13321834336245908
835.552	0.13321834336245908
835.695	0.13321834336245908
835.84	0.13321834336245908
835.984	0.13321728865220034
836.1270000000001	0.13321623394194157
836.2710000000001	0.13321412452142406
836.4150000000001	0.13321412452142406
836.5590000000001	0.13321096039064784
836.7020000000001	0.13321096039064784
836.846	0.13321096039064784
836.99	0.13321412452142406
837.134	0.13321412452142406
837.278	0.13321728865220034
837.422	0.13321834336245908
837.566	0.13321834336245908
837.7090000000001	0.13321834336245908
837.8530000000001	0.13321834336245908
837.9970000000001	0.13321887071758845
838.1410000000001	0.13321887071758845
838.2850000000001	0.13322045278297656
838.4290000000001	0.1332220348483647
838.572	0.1332225622034941
838.716	0.13322414426888224
838.86	0.13322414426888224
839.004	0.13322414426888224
839.148	0.13322414426888224
839.292	0.13322572633427035
839.436	0.13322572633427035
839.5790000000001	0.13322572633427035
839.7230000000001	0.13322572633427035
839.8670000000001	0.13322572633427035
840.0110000000001	0.13322572633427035
840.1540000000001	0.13322572633427035
840.2990000000001	0.13322678104452912
840.442	0.133229417820176
840.586	0.1332309998855641
840.73	0.133229417820176
840.874	0.133229417820176
841.018	0.133229417820176
841.1610000000001	0.133229417820176
841.3050000000001	0.133229417820176
841.4490000000001	0.133229417820176
841.5930000000001	0.1332309998855641
841.7370000000001	0.13323205459582288
841.8810000000001	0.13323205459582288
842.027	0.13323310930608162
842.168	0.133233636661211
842.312	0.133233636661211
842.456	0.133233636661211
842.6	0.13323416401634036
842.743	0.13323416401634036
842.888	0.13323416401634036
843.032	0.133233636661211
843.1750000000001	0.13323310930608162
843.3190000000001	0.13323310930608162
843.4630000000001	0.13323310930608162
843.6070000000001	0.13323310930608162
843.7520000000001	0.13323310930608162
843.8960000000001	0.13323310930608162
844.0390000000001	0.13323310930608162
844.1830000000001	0.13323205459582288
844.3270000000001	0.1332309998855641
844.471	0.1332309998855641
844.615	0.133229417820176
844.758	0.133229417820176
844.902	0.133229417820176
845.046	0.133229417820176
845.19	0.1332309998855641
845.3340000000001	0.1332309998855641
845.4780000000001	0.1332309998855641
845.6210000000001	0.13323205459582288
845.7650000000001	0.13323310930608162
845.9090000000001	0.13323310930608162
846.0530000000001	0.13323205459582288
846.197	0.13323205459582288
846.341	0.13323205459582288
846.485	0.13323205459582288
846.628	0.13323205459582288
846.772	0.13323205459582288
846.916	0.13323310930608162
847.0600000000001	0.13323310930608162
847.2040000000001	0.13323310930608162
847.3470000000001	0.133233636661211
847.4910000000001	0.13323416401634036
847.6350000000001	0.13323574608172847
847.7790000000001	0.13323732814711658
847.923	0.13323838285737535
848.067	0.13323943756763412
848.211	0.13323943756763412
848.354	0.1332415469881516
848.498	0.1332415469881516
848.642	0.13324365640866911
848.7860000000001	0.13324365640866911
848.9300000000001	0.13324365640866911
849.0740000000001	0.13324365640866911
849.2170000000001	0.13324365640866911
849.3610000000001	0.13324365640866911
849.5050000000001	0.13324365640866911
849.649	0.13324365640866911
849.792	0.13324365640866911
849.937	0.13324365640866911
850.08	0.13324365640866911
850.224	0.13324523847405723
850.368	0.13324682053944537
850.5120000000001	0.1332478752497041
850.6560000000001	0.1332478752497041
850.7990000000001	0.1332478752497041
850.9430000000001	0.1332478752497041
851.0870000000001	0.1332478752497041
851.2310000000001	0.1332478752497041
851.375	0.13324892995996288
851.519	0.13324892995996288
851.663	0.13324892995996288
851.806	0.13324892995996288
851.95	0.13324892995996288
852.094	0.13324892995996288
852.238	0.13324892995996288
852.3820000000001	0.13324892995996288
852.5260000000001	0.13324892995996288
852.6690000000001	0.13324892995996288
852.8130000000001	0.13324892995996288
852.9570000000001	0.13324892995996288
853.1010000000001	0.13324892995996288
853.245	0.13324892995996288
853.388	0.13324892995996288
853.533	0.1332478752497041
853.676	0.1332478752497041
853.82	0.13324892995996288
853.964	0.13324892995996288
854.1080000000001	0.13325051202535101
854.2520000000001	0.13325209409073915
854.3950000000001	0.13325209409073915
854.5390000000001	0.13325209409073915
854.6830000000001	0.13325209409073915
854.8270000000001	0.13325209409073915
854.971	0.13325209409073915
855.115	0.13325051202535101
855.259	0.13324892995996288
855.402	0.13324892995996288
855.546	0.13324892995996288
855.69	0.13324892995996288
855.8330000000001	0.13324892995996288
855.9780000000001	0.13324892995996288
856.1220000000001	0.1332478752497041
856.2650000000001	0.13324682053944537
856.4090000000001	0.13324682053944537
856.5530000000001	0.133246293184316
856.697	0.133246293184316
856.84	0.13324471111892788
856.985	0.13324365640866911
857.1300000000001	0.133242074343281
857.272	0.133242074343281
857.416	0.133242074343281
857.5600000000001	0.13324365640866911
857.7040000000001	0.13324471111892788
857.8470000000001	0.13324471111892788
857.9910000000001	0.13324471111892788
858.1350000000001	0.13324365640866911
858.2790000000001	0.133242074343281
858.423	0.133242074343281
858.567	0.133242074343281
858.711	0.133242074343281
858.854	0.133242074343281
858.998	0.133242074343281
859.142	0.133242074343281
859.2860000000001	0.133242074343281
859.4290000000001	0.1332399649227635
859.5740000000001	0.13323943756763412
859.7170000000001	0.13323943756763412
859.8610000000001	0.13323838285737535
860.0050000000001	0.13323732814711658
860.149	0.13323574608172847
860.293	0.133233636661211
860.436	0.133233636661211
860.58	0.133233636661211
860.724	0.13323310930608162
860.868	0.13323205459582288
861.0120000000001	0.13322994517530534
861.1560000000001	0.13322836310991723
861.301	0.13322783575478786
861.4440000000001	0.13322678104452912
861.5880000000001	0.13322783575478786
861.7320000000001	0.13322783575478786
861.8760000000001	0.13322783575478786
862.0200000000001	0.13322783575478786
862.1640000000001	0.13322783575478786
862.3080000000001	0.13322783575478786
862.451	0.13322783575478786
862.595	0.13322783575478786
862.739	0.13322836310991723
862.883	0.13322994517530534
863.027	0.13322994517530534
863.171	0.13322994517530534
863.315	0.13322994517530534
863.4580000000001	0.13322836310991723
863.6020000000001	0.13322783575478786
863.7460000000001	0.13322783575478786
863.889	0.13322678104452912
864.0340000000001	0.13322572633427035
864.177	0.13322572633427035
864.321	0.13322572633427035
864.465	0.13322572633427035
864.609	0.13322572633427035
864.753	0.13322678104452912
864.8960000000001	0.13322783575478786
865.0400000000001	0.13322783575478786
865.1840000000001	0.13322783575478786
865.3280000000001	0.13322783575478786
865.4720000000001	0.13322783575478786
865.6160000000001	0.13322783575478786
865.7600000000001	0.13322783575478786
865.903	0.13322783575478786
866.047	0.13322783575478786
866.191	0.13322783575478786
866.335	0.13322678104452912
866.4780000000001	0.13322678104452912
866.623	0.13322678104452912
866.767	0.13322678104452912
866.9100000000001	0.13322678104452912
867.0540000000001	0.13322678104452912
867.1980000000001	0.13322678104452912
867.3420000000001	0.13322678104452912
867.485	0.13322678104452912
867.6300000000001	0.13322678104452912
867.774	0.13322678104452912
867.917	0.13322572633427035
868.061	0.13322572633427035
868.205	0.13322414426888224
868.349	0.1332225622034941
868.4920000000001	0.1332220348483647
868.6360000000001	0.13322150749323533
868.7800000000001	0.13322150749323533
868.9240000000001	0.13322045278297656
869.0680000000001	0.13321781600732968
869.2120000000001	0.13321623394194157
869.3560000000001	0.13321465187655346
869.499	0.13321306981116532
869.643	0.13321306981116532
869.787	0.13321254245603595
869.931	0.13321201510090658
870.075	0.13321096039064784
870.219	0.13320990568038907
870.363	0.1332093783252597
870.5060000000001	0.1332093783252597
870.6500000000001	0.13320779625987156
870.7940000000001	0.13320674154961282
870.9380000000001	0.13320674154961282
871.0820000000001	0.13320674154961282
871.2260000000001	0.13320674154961282
871.369	0.13320621419448342
871.513	0.13320568683935405
871.657	0.13320305006370717
871.801	0.13320305006370717
871.945	0.1332004132880603
872.0920000000001	0.1332004132880603
872.2330000000001	0.1332004132880603
872.3760000000001	0.1332004132880603
872.5200000000001	0.13319935857780152
872.6640000000001	0.13319830386754278
872.8080000000001	0.13319830386754278
872.951	0.13319777651241338
873.096	0.13319619444702527
873.239	0.13319461238163716
873.383	0.13319408502650779
873.527	0.13319408502650779
873.671	0.13319303031624902
873.815	0.13319303031624902
873.9580000000001	0.13319039354060214
874.1020000000001	0.13319039354060214
874.2460000000001	0.13319039354060214
874.3900000000001	0.13318828412008465
874.5340000000001	0.13318670205469652
874.6780000000001	0.13318670205469652
874.822	0.13318406527904963
874.965	0.1331824832136615
875.109	0.13318090114827336
875.253	0.13317931908288524
875.397	0.13317931908288524
875.5400000000001	0.13317931908288524
875.6850000000001	0.13317931908288524
875.8280000000001	0.13317879172775587
875.9720000000001	0.13317720966236773
876.1160000000001	0.13317720966236773
876.2600000000001	0.13317720966236773
876.4040000000001	0.1331782643726265
876.547	0.13317720966236773
876.692	0.13317720966236773
876.835	0.13317720966236773
876.979	0.13317720966236773
877.123	0.13317720966236773
877.267	0.1331756275969796
877.4110000000001	0.1331756275969796
877.5540000000001	0.1331756275969796
877.6980000000001	0.13317720966236773
877.8420000000001	0.13317720966236773
877.9860000000001	0.1331782643726265
878.1300000000001	0.13317879172775587
878.274	0.13317931908288524
878.418	0.13317931908288524
878.561	0.13317931908288524
878.706	0.13318090114827336
878.85	0.1331824832136615
878.994	0.1331824832136615
879.138	0.1331824832136615
879.282	0.13318090114827336
879.4250000000001	0.1331824832136615
879.5690000000001	0.13318353792392024
879.7130000000001	0.13318353792392024
879.8570000000001	0.1331824832136615
880.0010000000001	0.1331824832136615
880.144	0.1331824832136615
880.2890000000001	0.1331824832136615
880.432	0.1331824832136615
880.576	0.1331824832136615
880.72	0.1331824832136615
880.864	0.1331824832136615
881.008	0.1331824832136615
881.1510000000001	0.1331824832136615
881.2950000000001	0.1331824832136615
881.4390000000001	0.1331824832136615
881.5830000000001	0.1331824832136615
881.7270000000001	0.1331824832136615
881.8710000000001	0.1331824832136615
882.0150000000001	0.1331824832136615
882.158	0.1331824832136615
882.302	0.13318353792392024
882.446	0.13318511998930838
882.59	0.13318511998930838
882.734	0.13318511998930838
882.878	0.13318511998930838
883.022	0.13318511998930838
883.1650000000001	0.13318511998930838
883.3090000000001	0.13318670205469652
883.4530000000001	0.13318828412008465
883.5970000000001	0.13319039354060214
883.7410000000001	0.13319197560599028
883.8850000000001	0.13319303031624902
884.028	0.13319408502650779
884.172	0.13319408502650779
884.316	0.13319408502650779
884.46	0.13319408502650779
884.604	0.13319408502650779
884.748	0.13319408502650779
884.892	0.13319408502650779
885.0360000000001	0.13319408502650779
885.1790000000001	0.13319408502650779
885.3230000000001	0.13319408502650779
885.4670000000001	0.13319408502650779
885.61	0.13319408502650779
885.7550000000001	0.13319408502650779
885.898	0.13319408502650779
886.042	0.13319303031624902
886.186	0.13319303031624902
886.33	0.13319303031624902
886.474	0.13319303031624902
886.6170000000001	0.13319303031624902
886.7610000000001	0.13319197560599028
886.9050000000001	0.13319197560599028
887.052	0.1331914482508609
887.1930000000001	0.1331898661854728
887.3370000000001	0.13318828412008465
887.4810000000001	0.13318670205469652
887.624	0.13318511998930838
887.768	0.13318511998930838
887.912	0.13318511998930838
888.056	0.13318670205469652
888.2	0.13318670205469652
888.344	0.13318670205469652
888.488	0.13318828412008465
888.6310000000001	0.13318828412008465
888.7750000000001	0.13318670205469652
888.9190000000001	0.13318511998930838
889.0630000000001	0.13318511998930838
889.2070000000001	0.13318511998930838
889.3510000000001	0.13318511998930838
889.494	0.13318511998930838
889.638	0.13318511998930838
889.782	0.13318511998930838
889.926	0.13318670205469652
890.07	0.13318670205469652
890.2130000000001	0.13318511998930838
890.3580000000001	0.13318511998930838
890.5010000000001	0.13318511998930838
890.6450000000001	0.13318511998930838
890.7890000000001	0.13318511998930838
890.9330000000001	0.13318511998930838
891.0770000000001	0.13318511998930838
891.22	0.13318511998930838
891.364	0.13318670205469652
891.508	0.13318828412008465
891.652	0.1331898661854728
891.796	0.1331914482508609
891.94	0.1331914482508609
892.0840000000001	0.1331914482508609
892.2270000000001	0.13319197560599028
892.3710000000001	0.13319197560599028
892.5150000000001	0.13319197560599028
892.6590000000001	0.13319303031624902
892.8030000000001	0.13319408502650779
892.947	0.13319408502650779
893.091	0.13319408502650779
893.234	0.13319461238163716
893.378	0.13319672180215464
893.522	0.13319672180215464
893.6650000000001	0.13319672180215464
893.8100000000001	0.13319672180215464
893.9540000000001	0.13319672180215464
894.0970000000001	0.13319672180215464
894.2410000000001	0.13319672180215464
894.3850000000001	0.13319672180215464
894.5290000000001	0.13319830386754278
894.672	0.13319830386754278
894.817	0.13319830386754278
894.96	0.13319830386754278
895.104	0.13319830386754278
895.248	0.13319830386754278
895.392	0.13319672180215464
895.5360000000001	0.13319672180215464
895.6790000000001	0.13319672180215464
895.8230000000001	0.13319513973676653
895.9670000000001	0.13319461238163716
896.1110000000001	0.13319461238163716
896.2560000000001	0.13319461238163716
896.4000000000001	0.13319513973676653
896.5440000000001	0.13319672180215464
896.687	0.13319830386754278
896.831	0.13319672180215464
896.975	0.13319672180215464
897.119	0.13319830386754278
897.263	0.13319830386754278
897.407	0.13319830386754278
897.551	0.13319935857780152
897.6940000000001	0.13319830386754278
897.8380000000001	0.13319672180215464
897.9820000000001	0.13319672180215464
898.1260000000001	0.13319672180215464
898.2700000000001	0.13319672180215464
898.4140000000001	0.13319672180215464
898.5580000000001	0.13319830386754278
898.701	0.13319830386754278
898.845	0.13319935857780152
898.989	0.13319830386754278
899.133	0.13319935857780152
899.2760000000001	0.1332004132880603
899.4200000000001	0.13320146799831906
899.5640000000001	0.13320410477396594
899.7080000000001	0.13320621419448342
899.8520000000001	0.13320674154961282
899.9960000000001	0.13320674154961282
900.1400000000001	0.13320674154961282
900.283	0.13320674154961282
900.427	0.13320674154961282
900.571	0.13320674154961282
900.715	0.13320674154961282
900.859	0.13320674154961282
901.003	0.13320674154961282
901.147	0.13320674154961282
901.2900000000001	0.13320674154961282
901.4340000000001	0.13320621419448342
901.5780000000001	0.13320410477396594
901.7220000000001	0.13320146799831906
901.8660000000001	0.1332004132880603
902.0100000000001	0.1332004132880603
902.1560000000001	0.1332004132880603
902.297	0.1332004132880603
902.441	0.1332004132880603
902.585	0.1332004132880603
902.7280000000001	0.1332004132880603
902.873	0.1332004132880603
903.017	0.1332004132880603
903.1600000000001	0.1332004132880603
903.3040000000001	0.1332004132880603
903.4480000000001	0.1332004132880603
903.5920000000001	0.13320146799831906
903.735	0.13320410477396594
903.8800000000001	0.13320410477396594
904.023	0.13320410477396594
904.167	0.13320146799831906
904.311	0.13320146799831906
904.455	0.13320146799831906
904.599	0.13320146799831906
904.7420000000001	0.13320146799831906
904.8860000000001	0.13320410477396594
905.0300000000001	0.13320410477396594
905.1740000000001	0.13320410477396594
905.3180000000001	0.13320146799831906
905.4620000000001	0.1332004132880603
905.6060000000001	0.1332004132880603
905.749	0.13319935857780152
905.893	0.13319830386754278
906.037	0.13319672180215464
906.181	0.13319672180215464
906.325	0.13319672180215464
906.469	0.13319830386754278
906.6120000000001	0.13319935857780152
906.7560000000001	0.13319935857780152
906.9000000000001	0.1332004132880603
907.0440000000001	0.1332004132880603
907.1880000000001	0.13320146799831906
907.331	0.13320410477396594
907.4760000000001	0.13320568683935405
907.619	0.13320621419448342
907.763	0.13320779625987156
907.907	0.13320779625987156
908.051	0.13320779625987156
908.195	0.13320779625987156
908.3380000000001	0.13320779625987156
908.4820000000001	0.1332093783252597
908.6260000000001	0.1332093783252597
908.7700000000001	0.13321096039064784
908.9140000000001	0.13321201510090658
909.0580000000001	0.13321254245603595
909.2020000000001	0.13321306981116532
909.345	0.13321306981116532
909.489	0.13321306981116532
909.633	0.13321306981116532
909.777	0.13321306981116532
909.921	0.13321306981116532
910.065	0.13321412452142406
910.2090000000001	0.13321517923168283
910.3520000000001	0.1332157065868122
910.4960000000001	0.13321781600732968
910.6400000000001	0.13322045278297656
910.7840000000001	0.13322045278297656
910.9280000000001	0.13322045278297656
911.071	0.1332220348483647
911.215	0.1332225622034941
911.359	0.1332225622034941
911.503	0.13322361691375284
911.647	0.13322467162401158
911.7900000000001	0.13322519897914098
911.9350000000001	0.13322519897914098
912.0780000000001	0.13322572633427035
912.2220000000001	0.13322572633427035
912.3660000000001	0.13322572633427035
912.5100000000001	0.13322678104452912
912.6540000000001	0.13322678104452912
912.798	0.13322678104452912
912.941	0.13322783575478786
913.085	0.13322678104452912
913.229	0.13322572633427035
913.373	0.13322678104452912
913.517	0.13322783575478786
913.662	0.13322783575478786
913.8050000000001	0.13322783575478786
913.9490000000001	0.133229417820176
914.0930000000001	0.1332309998855641
914.2370000000001	0.1332309998855641
914.3800000000001	0.13323416401634036
914.5250000000001	0.13323838285737535
914.6690000000001	0.13323838285737535
914.812	0.13323943756763412
914.956	0.13323943756763412
915.1	0.13323838285737535
915.244	0.13323838285737535
915.3870000000001	0.13323943756763412
915.5310000000001	0.1332399649227635
915.6750000000001	0.1332415469881516
915.8190000000001	0.13324260169841035
915.9630000000001	0.13324260169841035
916.1070000000001	0.13324312905353974
916.2510000000001	0.13324365640866911
916.394	0.13324523847405723
916.5390000000001	0.13324682053944537
916.682	0.13324682053944537
916.826	0.13324682053944537
916.969	0.13324682053944537
917.1160000000001	0.13324682053944537
917.2570000000001	0.1332478752497041
917.4010000000001	0.13324945731509225
917.5450000000001	0.13324998467022162
917.6890000000001	0.13324998467022162
917.8330000000001	0.13324998467022162
917.9760000000001	0.13324998467022162
918.1210000000001	0.13324998467022162
918.264	0.13324998467022162
918.408	0.13324998467022162
918.552	0.13325103938048038
918.696	0.13325103938048038
918.84	0.13325262144586852
918.9830000000001	0.13325262144586852
919.128	0.13325262144586852
919.2710000000001	0.13325262144586852
919.4150000000001	0.13325262144586852
919.5590000000001	0.13325262144586852
919.7030000000001	0.13325262144586852
919.8470000000001	0.1332531488009979
919.99	0.1332531488009979
920.134	0.1332531488009979
920.278	0.13325420351125664
920.422	0.13325420351125664
920.566	0.13325420351125664
920.71	0.13325420351125664
920.8530000000001	0.13325420351125664
920.9970000000001	0.13325420351125664
921.1410000000001	0.13325420351125664
921.2850000000001	0.13325420351125664
921.4290000000001	0.13325578557664475
921.5730000000001	0.13325631293177415
921.7170000000001	0.1332573676420329
921.86	0.13325842235229163
922.004	0.13325842235229163
922.148	0.13325894970742103
922.292	0.13326053177280917
922.4350000000001	0.1332615864830679
922.5790000000001	0.1332615864830679
922.7230000000001	0.13326316854845605
922.8670000000001	0.13326475061384419
923.0110000000001	0.13326475061384419
923.1550000000001	0.13326580532410293
923.2990000000001	0.1332684420997498
923.442	0.13327002416513792
923.586	0.1332705515202673
923.73	0.13327107887539666
923.874	0.13327107887539666
924.017	0.13327266094078477
924.162	0.1332742430061729
924.306	0.1332742430061729
924.4490000000001	0.13327582507156105
924.5930000000001	0.13327846184720793
924.7370000000001	0.1332795165574667
924.8810000000001	0.1332795165574667
925.024	0.1332795165574667
925.1690000000001	0.13328004391259607
925.312	0.13328004391259607
925.456	0.13328004391259607
925.6	0.13328057126772547
925.744	0.1332816259779842
925.888	0.13328268068824295
926.0310000000001	0.13328320804337235
926.1750000000001	0.13328373539850172
926.3190000000001	0.13328373539850172
926.4630000000001	0.13328373539850172
926.6070000000001	0.13328373539850172
926.7510000000001	0.13328373539850172
926.894	0.13328373539850172
927.038	0.13328479010876046
927.182	0.1332858448190192
927.326	0.1332858448190192
927.47	0.1332858448190192
927.614	0.1332858448190192
927.758	0.1332858448190192
927.9010000000001	0.13328637217414857
928.0450000000001	0.1332879542395367
928.1890000000001	0.1332879542395367
928.3330000000001	0.13328637217414857
928.4760000000001	0.13328637217414857
928.6210000000001	0.13328637217414857
928.764	0.13328637217414857
928.908	0.1332858448190192
929.052	0.13328479010876046
929.196	0.13328479010876046
929.34	0.13328479010876046
929.4830000000001	0.13328373539850172
929.6270000000001	0.13328373539850172
929.7710000000001	0.13328373539850172
929.9150000000001	0.13328373539850172
930.0590000000001	0.13328373539850172
930.2030000000001	0.13328479010876046
930.3470000000001	0.13328479010876046
930.49	0.13328373539850172
930.634	0.13328373539850172
930.778	0.13328320804337235
930.922	0.13328268068824295
931.065	0.13328268068824295
931.211	0.1332816259779842
931.354	0.13328057126772547
931.498	0.13328004391259607
931.642	0.13328004391259607
931.7860000000001	0.13328004391259607
931.9300000000001	0.13328004391259607
932.076	0.13328057126772547
932.2170000000001	0.1332816259779842
932.3610000000001	0.1332816259779842
932.5050000000001	0.1332816259779842
932.649	0.13328268068824295
932.793	0.13328320804337235
932.937	0.13328320804337235
933.08	0.13328320804337235
933.224	0.13328320804337235
933.368	0.13328373539850172
933.5120000000001	0.13328373539850172
933.6560000000001	0.13328373539850172
933.8000000000001	0.13328373539850172
933.9430000000001	0.13328479010876046
934.0870000000001	0.13328479010876046
934.2310000000001	0.1332858448190192
934.375	0.1332858448190192
934.519	0.1332858448190192
934.663	0.13328637217414857
934.807	0.13328637217414857
934.95	0.1332879542395367
935.094	0.1332879542395367
935.238	0.13328900894979548
935.3820000000001	0.13328900894979548
935.5250000000001	0.13328900894979548
935.6690000000001	0.13328900894979548
935.8130000000001	0.13328953630492485
935.9570000000001	0.13329006366005422
936.1010000000001	0.13329006366005422
936.245	0.133291118370313
936.389	0.133291118370313
936.532	0.133291118370313
936.676	0.133291118370313
936.82	0.133291118370313
936.964	0.133291118370313
937.1080000000001	0.1332927004357011
937.2520000000001	0.1332942825010892
937.3960000000001	0.13329639192160675
937.5390000000001	0.13329797398699486
937.6830000000001	0.13329797398699486
937.8270000000001	0.13329797398699486
937.971	0.13329797398699486
938.114	0.13329797398699486
938.259	0.13329955605238297
938.402	0.13329955605238297
938.546	0.13329955605238297
938.69	0.13329955605238297
938.8340000000001	0.13329955605238297
938.9780000000001	0.13330061076264174
939.1210000000001	0.13330061076264174
939.2660000000001	0.1333011381177711
939.4090000000001	0.1333016654729005
939.5530000000001	0.1333011381177711
939.697	0.1333011381177711
939.841	0.1333011381177711
939.985	0.1333011381177711
940.128	0.1333011381177711
940.273	0.1333011381177711
940.416	0.1333016654729005
940.5600000000001	0.1333016654729005
940.7040000000001	0.13330272018315925
940.8480000000001	0.1333016654729005
940.9920000000001	0.1333016654729005
941.1350000000001	0.1333016654729005
941.2790000000001	0.1333011381177711
941.423	0.1333011381177711
941.567	0.1333016654729005
941.711	0.1333016654729005
941.855	0.13330272018315925
941.998	0.1333016654729005
942.142	0.1333016654729005
942.2860000000001	0.13330272018315925
942.4300000000001	0.13330272018315925
942.5730000000001	0.1333016654729005
942.7180000000001	0.13330272018315925
942.8620000000001	0.13330272018315925
943.0060000000001	0.1333016654729005
943.149	0.1333016654729005
943.293	0.1333011381177711
943.437	0.1333011381177711
943.58	0.1333016654729005
943.725	0.13330272018315925
943.868	0.13330272018315925
944.0120000000001	0.13330272018315925
944.1560000000001	0.13330272018315925
944.3000000000001	0.13330272018315925
944.4440000000001	0.13330272018315925
944.5870000000001	0.13330272018315925
944.7320000000001	0.13330272018315925
944.875	0.13330272018315925
945.019	0.13330272018315925
945.163	0.13330430224854736
945.307	0.13330641166906487
945.451	0.13330799373445298
945.594	0.13330904844471175
945.738	0.13330904844471175
945.8820000000001	0.1333101031549705
946.0260000000001	0.1333101031549705
946.1700000000001	0.1333101031549705
946.3140000000001	0.13331063051009986
946.4580000000001	0.13331115786522924
946.6010000000001	0.13331115786522924
946.745	0.13331115786522924
946.889	0.13331221257548798
947.033	0.13331221257548798
947.1780000000001	0.13331221257548798
947.321	0.13331063051009986
947.464	0.13331063051009986
947.6080000000001	0.13331221257548798
947.7520000000001	0.13331326728574674
947.8960000000001	0.13331326728574674
948.0400000000001	0.13331326728574674
948.1830000000001	0.13331326728574674
948.3270000000001	0.13331326728574674
948.471	0.13331326728574674
948.6160000000001	0.13331326728574674
948.7600000000001	0.13331326728574674
948.9040000000001	0.13331326728574674
949.048	0.13331379464087612
949.191	0.1333143219960055
949.335	0.1333169587716524
949.479	0.13332012290242864
949.623	0.13332170496781676
949.767	0.13332170496781676
949.9110000000001	0.13332170496781676
950.0550000000001	0.13332170496781676
950.1980000000001	0.13332065025755802
950.3420000000001	0.13332012290242864
950.4860000000001	0.13332012290242864
950.6300000000001	0.13332012290242864
950.773	0.13332065025755802
950.918	0.13332065025755802
951.061	0.13332065025755802
951.205	0.13332065025755802
951.349	0.13332065025755802
951.493	0.13332170496781676
951.6370000000001	0.13332065025755802
951.7800000000001	0.13332065025755802
951.9250000000001	0.13332065025755802
952.0690000000001	0.13332065025755802
952.2120000000001	0.13332170496781676
952.3560000000001	0.13332170496781676
952.5	0.1333232870332049
952.644	0.13332381438833427
952.787	0.13332381438833427
952.932	0.13332381438833427
953.075	0.13332381438833427
953.219	0.1333232870332049
953.363	0.13332170496781676
953.5070000000001	0.13332065025755802
953.6510000000001	0.13332065025755802
953.7940000000001	0.13332065025755802
953.9380000000001	0.13332012290242864
954.0820000000001	0.1333169587716524
954.2260000000001	0.1333169587716524
954.37	0.1333169587716524
954.514	0.1333169587716524
954.658	0.1333143219960055
954.801	0.1333143219960055
954.945	0.1333143219960055
955.089	0.13331379464087612
955.2330000000001	0.13331326728574674
955.3770000000001	0.13331326728574674
955.5210000000001	0.13331326728574674
955.6640000000001	0.13331326728574674
955.8080000000001	0.13331326728574674
955.9520000000001	0.13331326728574674
956.096	0.13331326728574674
956.24	0.13331326728574674
956.384	0.13331326728574674
956.528	0.13331326728574674
956.671	0.13331326728574674
956.815	0.13331326728574674
956.9590000000001	0.13331326728574674
957.1030000000001	0.13331221257548798
957.2470000000001	0.13331063051009986
957.3910000000001	0.13330904844471175
957.5340000000001	0.13330799373445298
957.6780000000001	0.13330799373445298
957.822	0.13330641166906487
957.966	0.13330430224854736
958.11	0.13330219282802985
958.253	0.13330219282802985
958.397	0.13329955605238297
958.541	0.13329797398699486
958.6850000000001	0.1332974466318655
958.8290000000001	0.13329639192160675
958.9730000000001	0.1332942825010892
959.1170000000001	0.1332927004357011
959.2600000000001	0.133291118370313
959.4040000000001	0.13329006366005422
959.548	0.13329006366005422
959.692	0.13329006366005422
959.836	0.13329006366005422
959.98	0.13329006366005422
960.124	0.13329006366005422
960.267	0.13329006366005422
960.4110000000001	0.13328953630492485
960.5550000000001	0.13328900894979548
960.6990000000001	0.13328900894979548
960.8420000000001	0.13328900894979548
960.9870000000001	0.1332863721741486
961.1310000000001	0.13328320804337235
961.274	0.1332816259779842
961.418	0.13328057126772547
961.562	0.13327898920233733
961.706	0.1332774071369492
961.849	0.1332774071369492
961.994	0.13327687978181982
962.1400000000001	0.13327635242669045
962.2810000000001	0.1332747703613023
962.4250000000001	0.13327213358565543
962.5690000000001	0.13327107887539666
962.7130000000001	0.13327107887539666
962.8560000000001	0.13327107887539666
963.0010000000001	0.13327107887539666
963.144	0.13327107887539666
963.288	0.13327107887539666
963.432	0.13327107887539666
963.576	0.13327107887539666
963.72	0.13327107887539666
963.863	0.13327107887539666
964.0070000000001	0.13327107887539666
964.1510000000001	0.1332705515202673
964.2950000000001	0.13326738738949107
964.4390000000001	0.13326475061384419
964.5830000000001	0.13326475061384419
964.7260000000001	0.13326369590358542
964.87	0.13326211383819728
965.014	0.13326000441767977
965.158	0.13325842235229163
965.302	0.1332573676420329
965.446	0.1332573676420329
965.59	0.13325578557664475
965.7330000000001	0.13325420351125664
965.8770000000001	0.13325156673560976
966.0210000000001	0.13324998467022162
966.166	0.13324998467022162
966.3100000000001	0.13324998467022162
966.4540000000001	0.13324945731509225
966.5970000000001	0.13324892995996288
966.7410000000001	0.13324892995996288
966.8850000000001	0.13324892995996288
967.0290000000001	0.13324892995996288
967.173	0.13324892995996288
967.316	0.13324892995996288
967.461	0.13324892995996288
967.604	0.1332478752497041
967.748	0.13324523847405723
967.892	0.133242074343281
968.0360000000001	0.133242074343281
968.1800000000001	0.133242074343281
968.3230000000001	0.133242074343281
968.4670000000001	0.133242074343281
968.6110000000001	0.133242074343281
968.7550000000001	0.1332399649227635
968.899	0.13323838285737535
969.043	0.13323680079198724
969.187	0.13323627343685787
969.33	0.13323627343685787
969.474	0.13323627343685787
969.618	0.13323627343685787
969.7620000000001	0.13323627343685787
969.9060000000001	0.13323627343685787
970.0500000000001	0.13323627343685787
970.1940000000001	0.1332352187265991
970.3370000000001	0.1332352187265991
970.4810000000001	0.1332352187265991
970.625	0.1332309998855641
970.769	0.1332309998855641
970.912	0.1332309998855641
971.056	0.1332309998855641
971.2	0.1332309998855641
971.344	0.1332309998855641
971.488	0.1332309998855641
971.6320000000001	0.1332309998855641
971.7760000000001	0.13322783575478786
971.9190000000001	0.13322467162401158
972.0630000000001	0.13321887071758845
972.2070000000001	0.13321623394194157
972.3510000000001	0.1332157065868122
972.495	0.13321412452142406
972.639	0.13321254245603595
972.783	0.13320515948422468
972.926	0.13320515948422468
973.07	0.13319777651241338
973.214	0.133197249157284
973.3580000000001	0.13319461238163716
973.5020000000001	0.1331914482508609
973.6460000000001	0.1331898661854728
973.7900000000001	0.13318670205469652
973.9330000000001	0.13318301056879087
974.0770000000001	0.13317984643801462
974.221	0.13317720966236773
974.365	0.13317299082133272
974.509	0.1331698266905565
974.653	0.1331671899149096
974.796	0.13316455313926273
974.94	0.13316402578413333
975.0840000000001	0.13315927958796897
975.2280000000001	0.13315506074693395
975.3710000000001	0.13314873248538145
975.5160000000001	0.13314187686869955
975.6600000000001	0.13313924009305267
975.8030000000001	0.1331339665417589
975.947	0.133127110925077
976.091	0.13312183737378325
976.235	0.13311181762632512
976.378	0.13309546961731444
976.522	0.13308175838395067
976.666	0.13307543012239817
976.8100000000001	0.13307384805701006
976.9540000000001	0.13307226599162192
977.1	0.1330675197954575
977.2410000000001	0.13304326145950623
977.3850000000001	0.13302269460946056
977.5290000000001	0.13295941199393546
977.673	0.13287081633220027
977.817	0.13166370044105846
977.961	0.1271764356451977
978.105	0.12092780471722095
978.249	0.1156410695452261
978.392	0.11096975780921309
978.5360000000001	0.10635012687587894
978.6800000000001	0.10211441047673055
978.8240000000001	0.09867500032293997
978.9670000000001	0.09550137715435493
979.1120000000001	0.08758313988677362
979.2560000000001	0.07998764395837044
979.399	0.07802377345657405
979.543	0.07642483270430586
979.687	0.07480901658789765
979.831	0.07379438531897815
979.974	0.07268113864086533
980.119	0.07128101077237192
980.2620000000001	0.07015932641218907
980.4060000000001	0.06930553845772924
980.5500000000001	0.0663323102383071
980.6940000000001	0.06342658347544511
980.8380000000001	0.06283278159976768
980.9810000000001	0.06217358768804762
981.125	0.061375172022172284
981.269	0.060787698408047375
981.413	0.060386381154592196
981.557	0.0597039836171796
981.701	0.059051117967012054
981.845	0.05865454690972126
981.988	0.057228051284759066
982.1320000000001	0.05591599172287147
982.2760000000001	0.0555210027309688
982.4200000000001	0.0550126323862503
982.5630000000001	0.05469041840220154
982.7080000000001	0.054480531060709866
982.8510000000001	0.05405759224695028
982.995	0.05358508205102934
983.139	0.053310330028624425
983.283	0.0528088153005878
983.427	0.051722463734073146
983.571	0.05093881401182034
983.715	0.05073789170752807
983.859	0.05039774764908053
984.003	0.050088717543266166
984.147	0.04991152621979582
984.291	0.04955714357285511
984.4350000000001	0.04928133684019144
984.5780000000001	0.04919537795410314
984.7220000000001	0.048752399645427255
984.8660000000001	0.047918123830754354
985.0100000000001	0.04742293736427025
985.1540000000001	0.04731008336658378
985.298	0.047065917941682675
985.441	0.04688978132847107
985.585	0.046805931862900274
985.729	0.04653961752256538
985.873	0.04632603869516808
986.017	0.0462374430334329
986.1610000000001	0.04581819570557895
986.3050000000001	0.0451742950926108
986.4480000000001	0.04478405229687252
986.5920000000001	0.04468227275690294
986.7360000000001	0.04457574702076898
986.8800000000001	0.04447027599489377
987.023	0.044382735043417346
987.168	0.04415913646856191
987.312	0.04399301960280845
987.455	0.04395399532323463
987.599	0.043717740225274165
987.743	0.04323837441267134
987.8870000000001	0.04295412999793764
988.0300000000001	0.04292354340043383
988.1740000000001	0.04281279882326487
988.3180000000001	0.042645099892123284
988.4620000000001	0.042577071080433765
988.6060000000001	0.04239038736463465
988.75	0.042126709799946635
988.894	0.042014383157389534
989.037	0.04173172080804398
989.181	0.04119434593120978
989.325	0.04083152560219906
989.469	0.04069072178265566
989.6120000000001	0.04058946959781546
989.7570000000001	0.04051669458996157
989.9000000000001	0.040417551825638866
990.0440000000001	0.04031946377157492
990.1880000000001	0.0402055550636297
990.3320000000001	0.04009586519671948
990.4760000000001	0.03991392767708474
990.619	0.0396792546445124
990.763	0.03955585354423841
990.907	0.03948677002229015
991.051	0.039407139397754365
991.195	0.0393248719975717
991.339	0.0392346942704484
991.4830000000001	0.03906805004956557
991.6260000000001	0.03895414134162034
991.7700000000001	0.038904569959459
991.9140000000001	0.03864511123580598
992.0580000000001	0.03834399145693225
992.2040000000001	0.0382548684400677
992.346	0.038235356300280784
992.489	0.03818947640402508
992.633	0.03814517857315749
992.777	0.038124084367982446
992.921	0.038109845779489296
993.065	0.038063965883233575
993.2090000000001	0.03802125011775412
993.3520000000001	0.03784827763531877
993.4960000000001	0.0376626486297784
993.6400000000001	0.03764155442460336
993.7840000000001	0.037602002789900155
993.9280000000001	0.03755875966929133
994.071	0.037463835746003635
994.215	0.03736627504706906
994.359	0.03728822648792141
994.503	0.037194357274892474
994.647	0.03712474639781484
994.791	0.03686212354338557
994.9350000000001	0.03663325141723636
995.0780000000001	0.03660530159537943
995.2220000000001	0.03653727278368993
995.3660000000001	0.03648242785023481
995.5100000000001	0.036448149766825366
995.6540000000001	0.03639541425388777
995.798	0.03628572438697755
995.941	0.03619607401498362
996.085	0.036193964594466124
996.229	0.03609007563397904
996.373	0.035984604608103835
996.517	0.035923431413096216
996.6600000000001	0.035819542452609134
996.8040000000001	0.035714598781863297
996.9480000000001	0.035584342064907404
997.0920000000001	0.0354809804595497
997.2360000000001	0.03543720998381149
997.3800000000001	0.03541664313376583
997.524	0.035349141677205695
997.667	0.035277948734739925
997.811	0.03524578007184799
997.955	0.03520728314740354
998.099	0.035167731512700334
998.243	0.035129234588255884
998.3870000000001	0.03508915559842331
998.5310000000001	0.035054350159884486
998.6740000000001	0.035040638926520706
998.8180000000001	0.03502850975854506
998.9620000000001	0.03501163439440503
999.1060000000001	0.03487715883641414
999.25	0.034726862624541964
999.394	0.03468309214880375
999.537	0.03461031714094985
999.681	0.0345169752830503
999.825	0.03446107563933644
999.969	0.03442152400463323
1000.1120000000001	0.03434874899677934
1000.2570000000001	0.03427386456840794
1000.4010000000001	0.03422112905547033
1000.5440000000001	0.03411987687063013
1000.6880000000001	0.034013351134496175
1000.8320000000001	0.03395586942539418
1000.9760000000001	0.033891004744480924
1001.12	0.0338498710443896
1001.264	0.03381190147507453
1001.408	0.03376707628907756
1001.552	0.03373701704670312
1001.696	0.03371434077613995
1001.84	0.03370801251458744
1001.984	0.033694301281223665
1002.1270000000001	0.03367848062734238
1002.2710000000001	0.0336473666747092
1002.4150000000001	0.0335835567040547
1002.5590000000001	0.03352765706034083
1002.7020000000001	0.033504980789777664
1002.8470000000001	0.0334954883974489
1002.9910000000001	0.03347017535123885
1003.1370000000001	0.033443807594770045
1003.278	0.033418494548559996
1003.422	0.03338949001644431
1003.566	0.03334835631635298
1003.71	0.033284546345698475
1003.8530000000001	0.03324710413151277
1003.9970000000001	0.03320807985193895
1004.1410000000001	0.033165891441588866
1004.2850000000001	0.0330794052003712
1004.4290000000001	0.032994501024541656
1004.5730000000001	0.03298078979117788
1004.716	0.03297077004371973
1004.86	0.03295494938983845
1005.004	0.03292910898849902
1005.148	0.03288639322301956
1005.292	0.032845786878057615
1005.436	0.03283471242034072
1005.5790000000001	0.03278303161766186
1005.7230000000001	0.03272080371239548
1005.8670000000001	0.03270656512390233
1006.0110000000001	0.0326390636673422
1006.1550000000001	0.032546249164572015
1006.2990000000001	0.032513025791421325
1006.4430000000001	0.03250564281961006
1006.586	0.03247663828749438
1006.73	0.03244605168999057
1006.874	0.03243497723227366
1007.018	0.032425484839944896
1007.1650000000001	0.03241915657839238
1007.306	0.032412828316839865
1007.4490000000001	0.032391734111664836
1007.5930000000001	0.03234901834618538
1007.7370000000001	0.03228257159988399
1007.8810000000001	0.032235636993369524
1008.024	0.032160752564998125
1008.1690000000001	0.03202574965187786
1008.312	0.0319524472888946
1008.456	0.031923442756778914
1008.6	0.031902348551603864
1008.744	0.03189443822466322
1008.888	0.0318817817015582
1009.032	0.03186701575793567
1009.1750000000001	0.031858050720736275
1009.3190000000001	0.0318332650296556
1009.4630000000001	0.03178738513339989
1009.6070000000001	0.03175363440511982
1009.7510000000001	0.0317409778820148
1009.8950000000001	0.031725684583262886
1010.0390000000001	0.03171039128451099
1010.182	0.03170880921912286
1010.326	0.03170300831269972
1010.47	0.03169087914472407
1010.614	0.031648163379244615
1010.758	0.03160386554837702
1010.902	0.03155323945595692
1011.0450000000001	0.031502613363536824
1011.1890000000001	0.03149364832633743
1011.3330000000001	0.031480991803232404
1011.4770000000001	0.03145145991598734
1011.62	0.03142087331848353
1011.7650000000001	0.031403997954343496
1011.908	0.03139397820688536
1012.052	0.03136971987093405
1012.196	0.03134809831062964
1012.34	0.031329640881101475
1012.484	0.03131223816183207
1012.628	0.03130327312463267
1012.7710000000001	0.03129008924639827
1012.9150000000001	0.03125633851811821
1013.0590000000001	0.031223642500096894
1013.2030000000001	0.031202020939792477
1013.3470000000001	0.031171434342288667
1013.4910000000001	0.03105752563434344
1013.634	0.030891408768589985
1013.778	0.03076378882728098
1013.922	0.03070050621175585
1014.066	0.030688904398909582
1014.21	0.030667282838605165
1014.354	0.030651462184723886
1014.498	0.03064724334368888
1014.6410000000001	0.030642497147524497
1014.7850000000001	0.0306335321103251
1014.9290000000001	0.030607691708985675
1015.0730000000001	0.030572358915317475
1015.216	0.03055442884091869
1015.3610000000001	0.03053280728061427
1015.5050000000001	0.030501693327981083
1015.648	0.03046530582405414
1015.792	0.030432082450903453
1015.936	0.030422590058574686
1016.08	0.030414679731634045
1016.224	0.03039305817132962
1016.3670000000001	0.03036247157382581
1016.5110000000001	0.030345596209685778
1016.6550000000001	0.03034137736865077
1016.7990000000001	0.03031395490192322
1016.9430000000001	0.03028705979032504
1017.0870000000001	0.03028231359416065
1017.2310000000001	0.03027651268773751
1017.374	0.030266492940279367
1017.518	0.030253309062044972
1017.662	0.03024539873510433
1017.806	0.030239070473551816
1017.95	0.03019055380164922
1018.0930000000001	0.03013201738228848
1018.2370000000001	0.030095102523232158
1018.3810000000001	0.03007031683215148
1018.5250000000001	0.030059769729563958
1018.6700000000001	0.030033929328224535
1018.8130000000001	0.029995432403780085
1018.9580000000001	0.029971174067828787
1019.1010000000001	0.029955880769076883
1019.245	0.02994533366648936
1019.389	0.029939005404936846
1019.533	0.029925294171573066
1019.677	0.02990736409717428
1019.821	0.029881523695834855
1019.964	0.029863066266306696
1020.109	0.029857792715012935
1020.2520000000001	0.02985462858423668
1020.3960000000001	0.02985357387397793
1020.5390000000001	0.029851464453460423
1020.6840000000001	0.029845663547037285
1020.8280000000001	0.029832479668802887
1020.971	0.029818241080309733
1021.115	0.029806111912334086
1021.259	0.029798201585393445
1021.403	0.029787127127676546
1021.547	0.029762868791725253
1021.691	0.029741247231420832
1021.8340000000001	0.02970644179288201
1021.9780000000001	0.029677437260766326
1022.125	0.029661616606885044
1022.2660000000001	0.029597279281101167
1022.4090000000001	0.02954401641303419
1022.5540000000001	0.029524504273247276
1022.6980000000001	0.02949075354496721
1022.841	0.02946754991927466
1022.985	0.02944487364871149
1023.129	0.029425361508924577
1023.273	0.02941692382685456
1023.417	0.02940901349991392
1023.5600000000001	0.02939213813577389
1023.7040000000001	0.029376844837021982
1023.848	0.029360496828011323
1023.992	0.029342039398483163
1024.136	0.029337820557448158
1024.28	0.02932410932408438
1024.424	0.029300905698391833
1024.567	0.029288776530416182
1024.711	0.02927981149321679
1024.855	0.029263990839335507
1024.999	0.029234986307219823
1025.143	0.029209673261009775
1025.287	0.029200180868681
1025.43	0.02917803195324721
1025.574	0.029137952963414634
1025.718	0.029106311655652074
1025.862	0.029096291908193926
1026.006	0.0290947098428058
1026.15	0.029092600422288294
1026.294	0.0290815259645714
1026.4370000000001	0.029041974329868193
1026.5810000000001	0.02900716889132937
1026.7250000000001	0.028995039723353724
1026.8690000000001	0.0289823832002487
1027.0130000000001	0.028971308742531805
1027.156	0.028965507836108673
1027.3010000000002	0.02896287106046179
1027.444	0.028944413630933627
1027.588	0.0289185732295942
1027.732	0.028901697865454164
1027.876	0.028890096052607894
1028.02	0.0288811310154085
1028.163	0.02887058391282098
1028.307	0.028863200941009713
1028.451	0.028860036810233455
1028.595	0.028856345324327827
1028.739	0.028852126483292818
1028.883	0.02882523137169464
1029.026	0.028774605279274536
1029.17	0.028747182812546984
1029.314	0.028733998934312582
1029.458	0.028720287700948803
1029.602	0.02871501414965505
1029.746	0.02869761143038564
1029.89	0.028680736066245605
1030.0330000000001	0.02867440780469309
1030.1770000000001	0.028671243673916835
1030.3210000000001	0.028670188963658083
1030.4650000000001	0.028667024832881825
1030.6090000000002	0.02865964186107056
1030.752	0.028633801459731135
1030.896	0.028611652544297338
1031.04	0.028609015768650457
1031.184	0.028603742217356697
1031.329	0.028598996021192313
1031.472	0.02859688660067481
1031.616	0.028589503628863547
1031.76	0.028581593301922906
1031.903	0.0285794838814054
1032.047	0.028576319750629145
1032.191	0.028564190582653498
1032.335	0.02855258876980722
1032.479	0.028537295471055317
1032.622	0.02852358423769154
1032.767	0.028520420106915287
1032.91	0.028518310686397784
1033.054	0.028512509779974646
1033.198	0.02850565416329276
1033.342	0.028502490032516502
1033.486	0.028492997640187735
1033.6290000000001	0.028465575173460177
1033.7730000000001	0.028432879155438864
1033.9170000000001	0.028416003791298827
1034.0610000000001	0.028408620819487564
1034.2050000000002	0.028396491651511913
1034.3490000000002	0.02837381538094874
1034.4930000000002	0.028359576792455585
1034.636	0.028354830596291205
1034.78	0.028347974979609315
1034.924	0.02834375613857431
1035.068	0.028339009942409926
1035.212	0.028320552512881764
1035.356	0.028301567728224224
1035.499	0.028297876242318592
1035.643	0.028294712111542338
1035.787	0.028286274429472326
1035.931	0.028267289644814786
1036.076	0.02824672279476912
1036.219	0.02823881246782848
1036.363	0.028231956851146586
1036.507	0.028224046524205945
1036.651	0.02821560884213593
1036.795	0.02820506173954841
1036.939	0.02819767876773714
1037.083	0.028193459926702136
1037.229	0.028187659020278998
1037.3700000000001	0.02816867423562146
1037.5140000000001	0.028146525320187667
1037.6580000000001	0.028135978217600145
1037.8020000000001	0.028129122600918256
1037.9450000000002	0.028122794339365743
1038.0900000000001	0.0281127745919076
1038.2340000000002	0.028094844517508814
1038.377	0.028082715349533167
1038.521	0.02807955121875691
1038.665	0.028077969153368784
1038.809	0.028070058826428143
1038.953	0.028057929658452496
1039.096	0.028048964621253104
1039.24	0.02803999958405371
1039.384	0.028035253387889324
1039.528	0.028032616612242444
1039.672	0.028026288350689932
1039.815	0.02802101479939617
1039.96	0.028016795958361162
1040.103	0.028003084724997386
1040.247	0.027979881099304837
1040.391	0.027961423669776674
1040.535	0.02795245863257728
1040.679	0.027948239791542272
1040.8220000000001	0.027943493595377886
1040.9660000000001	0.027937165333825377
1041.1100000000001	0.027934001203049126
1041.2540000000001	0.027932419137660994
1041.3980000000001	0.02793083707227286
1041.5420000000001	0.027927672941496604
1041.6870000000001	0.02792450881072035
1041.829	0.027923454100461598
1041.973	0.027921872035073472
1042.117	0.027918707904297214
1042.261	0.027912906997874076
1042.405	0.02790868815683907
1042.55	0.027906051381192194
1042.692	0.027903941960674687
1042.836	0.02790025047476906
1042.98	0.02789444956834592
1043.124	0.027888648661922786
1043.268	0.027884429820887773
1043.411	0.027881265690111512
1043.557	0.027871773297782752
1043.699	0.027862280905453986
1043.843	0.02785489793364272
1043.987	0.02784804231696083
1044.131	0.027845932896443323
1044.275	0.02784276876566707
1044.419	0.027838022569502685
1044.5620000000001	0.027833276373338302
1044.708	0.027830112242562044
1044.8500000000001	0.027828530177173915
1044.9940000000001	0.02782272927075078
1045.137	0.027816401009198265
1045.2820000000002	0.027813764233551384
1045.425	0.02781218216816326
1045.569	0.027806908616869498
1045.713	0.027800580355316983
1045.857	0.027798998289928857
1046.001	0.027793724738635096
1046.145	0.027786869121953207
1046.289	0.02778370499117695
1046.432	0.027778431439883188
1046.576	0.027769993757813173
1046.72	0.027758391944966897
1046.864	0.02775153632828501
1047.008	0.027749426907767508
1047.152	0.02773993451543874
1047.298	0.0277320241884981
1047.44	0.02772886005772184
1047.583	0.027723586506428078
1047.727	0.02771884031026369
1047.871	0.02771092998332305
1048.015	0.02770196494612366
1048.1580000000001	0.027694581974312397
1048.3020000000001	0.02769036313327739
1048.4460000000001	0.027689835778148014
1048.5900000000001	0.027677179255042986
1048.7340000000002	0.027659249180644205
1048.8780000000002	0.02765028414344481
1049.021	0.027645537947280426
1049.165	0.027643955881892297
1049.309	0.027643428526762923
1049.453	0.027637100265210407
1049.597	0.027629717293399143
1049.742	0.02762497109723476
1049.885	0.02762075225619975
1050.028	0.027605458957447843
1050.172	0.027588056238178435
1050.316	0.02758383739714343
1050.46	0.02758120062149655
1050.604	0.02757803649072029
1050.747	0.027574872359944037
1050.891	0.027573290294555908
1051.035	0.027572235584297156
1051.179	0.027570653518909027
1051.323	0.02757012616377965
1051.4660000000001	0.02756432525735651
1051.611	0.027551668734251487
1051.7540000000001	0.02753268394959395
1051.8980000000001	0.02751950007135955
1052.0420000000001	0.027513699164936414
1052.191	0.02750473412773702
1052.3300000000002	0.027499987931572635
1052.473	0.02749787851105513
1052.6180000000002	0.027494714380278874
1052.761	0.027492077604631994
1052.905	0.027489440828985114
1053.049	0.027485749343079485
1053.193	0.027483639922561982
1053.337	0.02747942108152697
1053.481	0.027472565464845076
1053.625	0.027462018362257562
1053.769	0.02745147125967004
1053.913	0.027445670353246902
1054.06	0.027442506222470648
1054.201	0.02744039680195315
1054.345	0.027432486475012507
1054.488	0.027412446980096213
1054.632	0.02739715368134431
1054.776	0.027395571615956182
1054.92	0.02739346219543868
1055.063	0.02739188013005055
1055.207	0.02738818864414492
1055.351	0.027365512373581743
1055.4950000000001	0.027337035196595437
1055.6390000000001	0.027326488094007916
1055.7830000000001	0.027320687187584777
1055.9270000000001	0.027306448599091628
1056.0710000000001	0.027295901496504106
1056.2140000000002	0.02728113555288158
1056.358	0.02724474804895463
1056.502	0.02722207177839146
1056.646	0.027215216161709573
1056.79	0.027199395507828295
1056.934	0.02716775420006573
1057.077	0.02714033173333817
1057.221	0.02709919803324684
1057.365	0.02703538806259234
1057.509	0.026991090231724756
1057.652	0.026951011241892177
1057.797	0.026911986962318345
1057.94	0.02689247482253143
1058.086	0.02688720127123767
1058.228	0.026870325907097634
1058.372	0.026849759057051968
1058.516	0.026837102533946944
1058.659	0.026828664851876932
1058.804	0.0268270827864888
1058.9470000000001	0.026826555431359422
1059.0910000000001	0.026822336590324413
1059.2350000000001	0.026811789487736895
1059.3790000000001	0.02679913296463187
1059.5230000000001	0.026792804703079355
1059.6660000000002	0.02678331231075059
1059.81	0.026771183142774945
1059.954	0.02676590959148118
1060.098	0.02675799926454054
1060.242	0.02675114364785865
1060.386	0.026733213573459865
1060.53	0.026708955237508568
1060.673	0.026701044910567927
1060.817	0.02669682606953292
1060.961	0.026690497807980405
1061.105	0.026685751611816022
1061.248	0.02667362244384037
1061.393	0.02666149327586472
1061.537	0.02665885650021784
1061.68	0.026649364107889074
1061.824	0.02663407080913717
1061.968	0.026621941641161523
1062.112	0.02661561337960901
1062.255	0.026612449248832756
1062.3990000000001	0.0266092851180565
1062.5430000000001	0.02660506627702149
1062.6870000000001	0.026600320080857102
1062.8310000000001	0.02659979272572772
1062.9750000000001	0.026598210660339593
1063.1190000000001	0.02659557388469272
1063.265	0.02659451917443397
1063.406	0.02659451917443397
1063.55	0.026593991819304594
1063.693	0.02659240975391646
1063.838	0.026591355043657706
1063.981	0.026588190912881452
1064.125	0.02658449942697582
1064.269	0.02658397207184644
1064.413	0.026582917361587688
1064.557	0.026580280585940814
1064.701	0.02656920612822392
1064.844	0.026558131670507024
1064.988	0.02655654960511889
1065.132	0.02655654960511889
1065.276	0.02655391282947201
1065.42	0.026550221343566383
1065.564	0.026546002502531377
1065.708	0.026540728951237616
1065.851	0.026537564820461358
1065.9950000000001	0.026536510110202603
1066.1390000000001	0.026535982755073226
1066.2830000000001	0.026533873334555723
1066.4260000000002	0.02652912713839134
1066.5710000000001	0.026521744166580076
1066.7140000000002	0.026514361194768812
1066.858	0.026511197063992555
1067.002	0.0265101423537338
1067.1490000000001	0.02650750557808692
1067.2920000000001	0.02650381409218129
1067.434	0.026500649961405033
1067.577	0.0264990678960169
1067.721	0.026497485830628775
1067.865	0.02649590376524065
1068.009	0.026494321699852517
1068.152	0.026493266989593766
1068.297	0.026491684924205637
1068.44	0.026483774597264996
1068.584	0.026477446335712484
1068.728	0.026475864270324355
1068.872	0.02647428220493623
1069.016	0.026473227494677475
1069.159	0.026472172784418723
1069.304	0.02647164542928935
1069.4470000000001	0.02647006336390122
1069.5910000000001	0.02646900865364247
1069.7350000000001	0.026465317167736833
1069.8790000000001	0.0264616256818312
1070.0230000000001	0.026460043616443073
1070.1670000000001	0.026457406840796192
1070.31	0.02645635213053744
1070.454	0.02645635213053744
1070.598	0.026454770065149312
1070.742	0.02645213328950243
1070.885	0.026450551224114306
1071.03	0.026448969158726177
1071.174	0.026446332383079297
1071.318	0.026444750317691168
1071.462	0.02644158618691491
1071.606	0.026438422056138656
1071.75	0.026436839990750527
1071.894	0.026435257925362398
1072.037	0.026435257925362398
1072.181	0.02643314850484489
1072.325	0.026429984374068637
1072.469	0.026423128757386748
1072.613	0.026415218430446107
1072.757	0.026412054299669852
1072.9	0.026410472234281727
1073.044	0.02640572603811734
1073.188	0.026397288356047325
1073.332	0.02639148744962419
1073.476	0.02638990538423606
1073.6190000000001	0.02638990538423606
1073.7630000000001	0.026388323318847932
1073.9070000000002	0.026386213898330426
1074.0510000000002	0.026385686543201052
1074.1950000000002	0.026384104477812927
1074.3390000000002	0.026381467702166046
1074.483	0.026379885636777914
1074.626	0.02637830357138978
1074.77	0.026376721506001656
1074.914	0.026374612085484157
1075.058	0.026373030020096028
1075.201	0.026371975309837276
1075.346	0.026370393244449147
1075.489	0.02636986588931977
1075.633	0.02636459233802601
1075.777	0.026357736721344123
1075.921	0.026356154655955998
1076.065	0.02635562730082662
1076.209	0.026350881104662233
1076.352	0.026345080198239095
1076.496	0.02633558780591033
1076.64	0.02632767747896969
1076.786	0.026326095413581562
1076.928	0.026323458637934682
1077.0720000000001	0.02632240392767593
1077.2150000000001	0.026320294507158424
1077.3590000000002	0.02631713037638217
1077.5030000000002	0.02631449360073529
1077.6470000000002	0.026312384180217786
1077.7910000000002	0.02631185682508841
1077.934	0.0263076379840534
1078.078	0.02630341914301839
1078.222	0.026302891787889013
1078.366	0.026297090881465875
1078.51	0.02628970790965461
1078.654	0.026284961713490228
1078.798	0.026280215517325844
1078.941	0.026277051386549587
1079.085	0.02627283254551458
1079.229	0.026261758087797682
1079.373	0.02625384776085704
1079.517	0.02624962891982203
1079.66	0.026244882723657645
1079.804	0.02624330065826952
1079.948	0.026242245948010768
1080.092	0.026241718592881394
1080.236	0.026233808265940753
1080.38	0.0262216790979651
1080.5240000000001	0.02621376877102446
1080.6670000000001	0.026209549929989452
1080.8110000000001	0.02620744050947195
1080.9550000000002	0.026204803733825072
1081.0990000000002	0.026198475472272557
1081.2430000000002	0.02618318217352065
1081.387	0.026172107715803757
1081.531	0.02616367003373374
1081.674	0.02615417764140497
1081.818	0.026148376734981833
1081.962	0.026141521118299947
1082.106	0.026136774922135557
1082.251	0.026133610791359303
1082.393	0.026130446660583048
1082.537	0.026124118399030533
1082.681	0.026118317492607394
1082.825	0.02611673542721927
1082.969	0.026109352455408005
1083.113	0.02609564122204423
1083.257	0.026089312960491717
1083.4	0.02608773089510359
1083.544	0.02607823850277482
1083.688	0.026069273465575426
1083.832	0.026067691400187297
1083.976	0.026067164045057923
1084.1200000000001	0.02606610933479917
1084.2640000000001	0.02606189049376416
1084.4070000000002	0.02605819900785853
1084.5510000000002	0.026056089587341024
1084.6950000000002	0.026054507521952895
1084.8390000000002	0.026046069839882877
1084.983	0.026036050092424733
1085.126	0.026032358606519104
1085.27	0.026029194475742846
1085.414	0.02602603034496659
1085.558	0.02602286621419033
1085.702	0.026018647373155325
1085.846	0.026015483242379067
1085.99	0.02600968233595593
1086.133	0.026001772009015288
1086.277	0.025998080523109656
1086.421	0.0259949163923334
1086.565	0.02599227961668652
1086.708	0.025991224906427766
1086.853	0.025986478710263383
1086.996	0.025978568383322746
1087.14	0.025974349542287736
1087.284	0.025968548635864598
1087.428	0.025962220374312086
1087.5720000000001	0.025958001533277077
1087.7160000000001	0.025947454430689555
1087.8590000000002	0.025936379972972663
1088.0030000000002	0.025928469646032022
1088.1470000000002	0.025905266020339476
1088.2910000000002	0.025886808590811317
1088.435	0.02588522652542319
1088.5800000000002	0.02588206239464693
1088.7240000000002	0.02587415206770629
1088.867	0.025860968189471888
1089.011	0.02585411257279
1089.155	0.025847256956108112
1089.299	0.02582721746119182
1089.442	0.025809287386793035
1089.587	0.025801904414981768
1089.731	0.02579768557394676
1089.876	0.025795576153429256
1090.018	0.025787138471359237
1090.162	0.025775536658512965
1090.306	0.025764989555925443
1090.45	0.025749696257173542
1090.593	0.025739676509715398
1090.737	0.02573809444432727
1090.882	0.025734402958421637
1091.025	0.02571436346350535
1091.169	0.02569432396858906
1091.313	0.025689577772424674
1091.457	0.02568377686600154
1091.6000000000001	0.0256758665390609
1091.7440000000001	0.02567164769802589
1091.8880000000001	0.02566742885699088
1092.0320000000002	0.025664264726214626
1092.1760000000002	0.025660573240308994
1092.319	0.02565424497875648
1092.463	0.02565108084798022
1092.607	0.025646862006945215
1092.751	0.025635260194098942
1092.895	0.025625240446640794
1093.039	0.025609419792759512
1093.183	0.02558199732603196
1093.326	0.025561430475986295
1093.47	0.025552992793916277
1093.614	0.02554930130801064
1093.758	0.025542445691328755
1093.901	0.02553611742977624
1094.046	0.02553348065412936
1094.189	0.025528207102835605
1094.333	0.02551555057973058
1094.477	0.025505530832272437
1094.621	0.025498147860461173
1094.765	0.02549129224377928
1094.909	0.025489710178391155
1095.0520000000001	0.025488128113003026
1095.1960000000001	0.02548338191683864
1095.3400000000001	0.025479690430933004
1095.4840000000002	0.025476526300156753
1095.6280000000002	0.02547178010399237
1095.7720000000002	0.025464397132181106
1095.9160000000002	0.025455959450111084
1096.059	0.025448576478299817
1096.203	0.025443830282135437
1096.347	0.025443302927006056
1096.491	0.02544172086161793
1096.635	0.025440138796229805
1096.779	0.025436974665453548
1096.923	0.02543275582441854
1097.066	0.02543011904877166
1097.2160000000001	0.02542748227312478
1097.354	0.025424318142348523
1097.498	0.025421154011572265
1097.642	0.025414825750019757
1097.785	0.025409552198725996
1097.929	0.02540322393717348
1098.073	0.025395840965362217
1098.217	0.025393204189715336
1098.361	0.02538845799355095
1098.505	0.025383711797386566
1098.6490000000001	0.025381075021739686
1098.7920000000001	0.025374746760187174
1098.9360000000001	0.025370000564022787
1099.0800000000002	0.025368418498634658
1099.2240000000002	0.02536209023708215
1099.367	0.025355761975529637
1099.512	0.025355761975529637
1099.656	0.025355761975529637
1099.799	0.025355761975529637
1099.943	0.025355761975529637
1100.087	0.025355761975529637
1100.231	0.025355761975529637
1100.375	0.025355761975529637
1100.518	0.025355761975529637
1100.662	0.025355761975529637
1100.806	0.025355761975529637
1100.95	0.025354707265270886
1101.094	0.025352597844753383
1101.238	0.025352597844753383
1101.382	0.02535101577936525
1101.525	0.025349961069106496
1101.669	0.025349961069106496
1101.813	0.025348906358847744
1101.957	0.025348906358847744
1102.1000000000001	0.025348906358847744
1102.2440000000001	0.025348906358847744
1102.3880000000001	0.025348906358847744
1102.5320000000002	0.025348906358847744
1102.6760000000002	0.025348906358847744
1102.8200000000002	0.025348906358847744
1102.9640000000002	0.025348906358847744
1103.108	0.02534837900371837
1103.251	0.02534837900371837
1103.395	0.02534837900371837
1103.539	0.02534837900371837
1103.683	0.025346796938330245
1103.827	0.025346796938330245
1103.971	0.025344160162683364
1104.115	0.025342578097295232
1104.258	0.025342050742165854
1104.402	0.025342050742165854
1104.546	0.025342050742165854
1104.69	0.025342050742165854
1104.833	0.025342050742165854
1104.978	0.025342050742165854
1105.122	0.025342050742165854
1105.265	0.025342050742165854
1105.409	0.025342050742165854
1105.553	0.025342050742165854
1105.6970000000001	0.025342050742165854
1105.8410000000001	0.025342050742165854
1105.9850000000001	0.025342050742165854
1106.1290000000001	0.025342050742165854
1106.2730000000001	0.025342050742165854
1106.4170000000001	0.025342050742165854
1106.5610000000001	0.025342050742165854
1106.7050000000002	0.025342050742165854
1106.8490000000002	0.025342050742165854
1106.992	0.025342050742165854
1107.136	0.025342050742165854
1107.28	0.025342050742165854
1107.424	0.025342050742165854
1107.567	0.0253388866113896
1107.712	0.02533519512548397
1107.855	0.025333613060095836
1107.999	0.025330448929319585
1108.143	0.025327284798543327
1108.287	0.025324120667767073
1108.431	0.025321483892120196
1108.575	0.02532095653699082
1108.718	0.02532042918186144
1108.862	0.025319374471602686
1109.006	0.02531779240621456
1109.15	0.025317265051085187
1109.294	0.025314628275438306
1109.438	0.025311991499791426
1109.582	0.025311464144662045
1109.7250000000001	0.02530988207927392
1109.8690000000001	0.025308300013885787
1110.0130000000001	0.025305663238238907
1110.1570000000002	0.025303553817721407
1110.3	0.025303553817721407
1110.4450000000002	0.025303553817721407
1110.588	0.02530197175233328
1110.732	0.025298280266427643
1110.876	0.025296170845910144
1111.02	0.025295116135651392
1111.164	0.025291952004875135
1111.308	0.025288787874098877
1111.451	0.02528720580871075
1111.595	0.025286678453581374
1111.739	0.025280877547158236
1111.883	0.0252750766407351
1112.026	0.025273494575346972
1112.173	0.02527085779970009
1112.314	0.025268221024053218
1112.458	0.02526663895866509
1112.602	0.02526663895866509
1112.746	0.025266111603535715
1112.89	0.02526400218301821
1113.0330000000001	0.02526242011763008
1113.178	0.02526083805224195
1113.3210000000001	0.025258201276595067
1113.4650000000001	0.025256619211206935
1113.6090000000002	0.025254509790689435
1113.7530000000002	0.02525292772530131
1113.8970000000002	0.0252487088842663
1114.0410000000002	0.02524343533297254
1114.184	0.02524238062271379
1114.328	0.02524238062271379
1114.472	0.02524238062271379
1114.616	0.02524238062271379
1114.76	0.025241853267584408
1114.904	0.025238689136808153
1115.048	0.025234470295773147
1115.191	0.025231306164996893
1115.335	0.025228142034220635
1115.479	0.025226559968832506
1115.623	0.025226032613703132
1115.767	0.025225505258573755
1115.911	0.025225505258573755
1116.054	0.025225505258573755
1116.198	0.02522075906240937
1116.342	0.025213376090598105
1116.486	0.025209157249563095
1116.63	0.02520335634313996
1116.7740000000001	0.02519913750210495
1116.9170000000001	0.025197555436716822
1117.0610000000001	0.025195446016199316
1117.2050000000002	0.025194918661069942
1117.3490000000002	0.025191754530293688
1117.492	0.02518753568925868
1117.637	0.02518331684822367
1117.78	0.02518015271744741
1117.924	0.02517909800718866
1118.068	0.02517751594180053
1118.212	0.025175933876412405
1118.356	0.025174351811024273
1118.499	0.0251738244558949
1118.644	0.025172769745636148
1118.787	0.02516960561485989
1118.931	0.025167496194342387
1119.075	0.025165914128954258
1119.219	0.02516433206356613
1119.363	0.02516116793278987
1119.507	0.025156949091754865
1119.65	0.025156949091754865
1119.794	0.025153257605849234
1119.938	0.025153257605849234
1120.082	0.025150620830202353
1120.2250000000001	0.02515009347507298
1120.3700000000001	0.02514851140968485
1120.5130000000001	0.02514534727890859
1120.6570000000002	0.025143237858391086
1120.8010000000002	0.025143237858391086
1120.9470000000001	0.025142183148132335
1121.0890000000002	0.02513480017632107
1121.232	0.02512847191476856
1121.377	0.02512688984938043
1121.52	0.025122143653216043
1121.664	0.025111069195499148
1121.808	0.025103158868558507
1121.952	0.025103158868558507
1122.096	0.025102104158299755
1122.24	0.02510052209291163
1122.383	0.025099994737782256
1122.527	0.025099994737782256
1122.671	0.025097357962135376
1122.815	0.02509419383135912
1122.958	0.025093666476229744
1123.103	0.02509261176597099
1123.246	0.02509102970058286
1123.39	0.025090502345453486
1123.535	0.02508944763519473
1123.679	0.025088392924935976
1123.823	0.02508681085954785
1123.967	0.02508259201851285
1124.1100000000001	0.025079427887736594
1124.2540000000001	0.02507784582234846
1124.3980000000001	0.025070462850537194
1124.5420000000001	0.025064134588984682
1124.6860000000001	0.025064134588984682
1124.8300000000002	0.025064134588984682
1124.9740000000002	0.025064134588984682
1125.117	0.025064134588984682
1125.261	0.025064134588984682
1125.405	0.025064134588984682
1125.549	0.025064134588984682
1125.692	0.025064134588984682
1125.837	0.025064134588984682
1125.98	0.025064134588984682
1126.124	0.025064134588984682
1126.268	0.025064134588984682
1126.412	0.02506202516846718
1126.556	0.025060970458208428
1126.7	0.025057806327432174
1126.843	0.025057806327432174
1126.987	0.025048313935103407
1127.132	0.025037239477386508
1127.275	0.02503565741199838
1127.419	0.02503407534661025
1127.563	0.025030911215833992
1127.7060000000001	0.025027219729928357
1127.8500000000001	0.025025110309410858
1127.9940000000001	0.025024582954281484
1128.1380000000001	0.025022473533763977
1128.2820000000002	0.02501772733759959
1128.425	0.025014563206823336
1128.5700000000002	0.025013508496564585
1128.713	0.025010871720917704
1128.857	0.0250087623004002
1129.001	0.025007180235012073
1129.145	0.024999797263200806
1129.289	0.02499346900164829
1129.432	0.02499346900164829
1129.576	0.024992414291389542
1129.72	0.024990832226001417
1129.864	0.02499030487087204
1130.008	0.024989250160613284
1130.152	0.024986613384966404
1130.296	0.024985031319578275
1130.439	0.02498186718880202
1130.583	0.02497659363750826
1130.727	0.024973429506732002
1130.871	0.024971847441343877
1131.015	0.024970265375955748
1131.1580000000001	0.02496868331056762
1131.3020000000001	0.024967101245179493
1131.4460000000001	0.024963409759273858
1131.5900000000001	0.02494969852591008
1131.7340000000002	0.024938624068193183
1131.8780000000002	0.02493809671306381
1132.0220000000002	0.02493809671306381
1132.165	0.024933877872028797
1132.309	0.024928076965605662
1132.453	0.02492333076944128
1132.597	0.02492016663866502
1132.741	0.024919639283535643
1132.884	0.024919639283535643
1133.028	0.024917002507888766
1133.172	0.024913838377112512
1133.316	0.024912256311724383
1133.46	0.02490751011556
1133.604	0.024903818629654368
1133.748	0.02490170920913686
1133.891	0.024899599788619355
1134.035	0.024899599788619355
1134.179	0.024899599788619355
1134.323	0.02489749036810185
1134.4660000000001	0.02489379888219622
1134.611	0.02489221681680809
1134.7540000000001	0.024890634751419963
1134.8980000000001	0.02488747062064371
1135.0420000000001	0.02488747062064371
1135.1860000000001	0.024884833844996825
1135.3300000000002	0.024883779134738073
1135.4740000000002	0.0248832517796087
1135.617	0.02488272442447932
1135.761	0.02488272442447932
1135.905	0.02488008764883244
1136.049	0.02487428674240931
1136.193	0.024867958480856794
1136.337	0.024863739639821785
1136.48	0.024862157574433656
1136.624	0.024860048153916153
1136.768	0.024858466088528024
1136.912	0.024858466088528024
1137.056	0.024857411378269273
1137.199	0.024856356668010525
1137.343	0.024854774602622396
1137.487	0.02485266518210489
1137.631	0.024850555761587383
1137.775	0.024848973696199254
1137.919	0.024848973696199254
1138.063	0.024847918985940503
1138.207	0.024847918985940503
1138.3500000000001	0.024847918985940503
1138.4940000000001	0.024847918985940503
1138.6380000000001	0.024847918985940503
1138.7820000000002	0.024847918985940503
1138.9260000000002	0.024847918985940503
1139.069	0.024847918985940503
1139.213	0.024847918985940503
1139.357	0.024847918985940503
1139.501	0.024847918985940503
1139.645	0.024847918985940503
1139.789	0.024847918985940503
1139.932	0.024847918985940503
1140.076	0.024847918985940503
1140.22	0.024847918985940503
1140.364	0.024847918985940503
1140.507	0.024847918985940503
1140.652	0.024847918985940503
1140.796	0.024847918985940503
1140.94	0.024847918985940503
1141.084	0.024847918985940503
1141.228	0.024847918985940503
1141.372	0.024847918985940503
1141.516	0.024847918985940503
1141.66	0.024847918985940503
1141.803	0.024842645434646746
1141.9470000000001	0.024837899238482362
1142.0910000000001	0.024837899238482362
1142.238	0.024837899238482362
1142.3790000000001	0.024837899238482362
1142.5230000000001	0.024833153042317976
1142.6660000000002	0.024827352135894837
1142.81	0.024824188005118583
1142.954	0.024822605939730454
1143.098	0.02482207858460108
1143.241	0.02482207858460108
1143.386	0.024817332388436694
1143.529	0.02480889470636668
1143.673	0.02480889470636668
1143.817	0.024796238183261654
1143.961	0.024787800501191636
1144.105	0.024786218435803507
1144.249	0.024783054305027252
1144.392	0.024781472239639123
1144.536	0.024780417529380372
1144.68	0.02477830810886287
1144.824	0.02477514397808661
1144.968	0.024773034557569105
1145.112	0.02476987042679285
1145.256	0.02476565158575784
1145.3990000000001	0.024764069520369712
1145.5430000000001	0.024760905389593454
1145.6870000000001	0.0247577412588172
1145.8310000000001	0.0247577412588172
1145.9740000000002	0.0247556318382997
1146.1180000000002	0.02475299506265282
1146.262	0.024750358287005936
1146.406	0.024748776221617808
1146.55	0.024747721511359056
1146.694	0.024746139445970927
1146.838	0.024740865894677166
1146.982	0.02473506498825403
1147.125	0.024734010277995277
1147.269	0.024730846147219022
1147.413	0.02472715466131339
1147.556	0.024726627306184013
1147.701	0.024725045240795884
1147.845	0.024723463175407755
1147.988	0.024720826399760875
1148.132	0.024716607558725866
1148.276	0.024711861362561482
1148.42	0.02470395103562084
1148.564	0.024697622774068333
1148.707	0.024697622774068333
1148.851	0.024691821867645194
1148.9950000000001	0.02468443889583393
1149.1390000000001	0.02468022005479892
1149.2820000000002	0.02467916534454017
1149.4270000000001	0.024678637989410793
1149.5710000000001	0.02467494650350516
1149.7140000000002	0.024671782372728907
1149.858	0.02466861824195265
1150.002	0.024665454111176394
1150.146	0.02466228998040014
1150.289	0.024659125849623882
1150.433	0.024658071139365127
1150.577	0.024657016429106372
1150.721	0.024654379653459495
1150.865	0.02465121552268324
1151.009	0.02464963345729511
1151.153	0.024648578747036357
1151.297	0.024648051391906983
1151.44	0.02464594197138948
1151.584	0.024642777840613223
1151.728	0.024640141064966342
1151.872	0.024637504289319462
1152.015	0.024635922223931336
1152.16	0.024635922223931336
1152.305	0.024635922223931336
1152.4470000000001	0.02463539486880196
1152.5910000000001	0.02463539486880196
1152.7350000000001	0.02463539486880196
1152.8790000000001	0.02463539486880196
1153.0220000000002	0.02463539486880196
1153.1660000000002	0.02463539486880196
1153.31	0.02463539486880196
1153.454	0.02463539486880196
1153.598	0.02463539486880196
1153.742	0.02463539486880196
1153.886	0.02463539486880196
1154.03	0.02463539486880196
1154.173	0.02463539486880196
1154.317	0.02463539486880196
1154.461	0.02463539486880196
1154.605	0.02463539486880196
1154.748	0.02463539486880196
1154.893	0.02463539486880196
1155.036	0.02463539486880196
1155.18	0.02463539486880196
1155.324	0.02463539486880196
1155.468	0.02463539486880196
1155.612	0.02463539486880196
1155.756	0.02463539486880196
1155.8990000000001	0.02463539486880196
1156.044	0.02463539486880196
1156.1870000000001	0.02463539486880196
1156.3310000000001	0.02463539486880196
1156.4750000000001	0.02463539486880196
1156.6190000000001	0.02463539486880196
1156.7630000000001	0.02463539486880196
1156.906	0.02463381280341383
1157.05	0.0246322307380257
1157.198	0.024630648672637572
1157.338	0.02462959396237882
1157.481	0.02462959396237882
1157.625	0.02462959396237882
1157.769	0.024629066607249447
1157.913	0.024627484541861318
1158.057	0.024626429831602563
1158.201	0.024624847766214437
1158.345	0.02462168363543818
1158.49	0.02462168363543818
1158.633	0.024620101570050054
1158.777	0.024619046859791303
1158.921	0.024619046859791303
1159.065	0.024619046859791303
1159.209	0.024616410084144422
1159.353	0.02461271859823879
1159.497	0.024609027112333155
1159.64	0.024609027112333155
1159.784	0.024609027112333155
1159.928	0.024609027112333155
1160.0720000000001	0.024609027112333155
1160.2150000000001	0.024609027112333155
1160.3590000000002	0.024609027112333155
1160.5030000000002	0.024609027112333155
1160.6470000000002	0.024609027112333155
1160.7910000000002	0.024609027112333155
1160.935	0.024609027112333155
1161.079	0.024609027112333155
1161.223	0.024609027112333155
1161.366	0.024609027112333155
1161.51	0.024609027112333155
1161.654	0.024609027112333155
1161.798	0.024609027112333155
1161.942	0.024609027112333155
1162.086	0.024606390336686275
1162.229	0.024602171495651266
1162.373	0.024602171495651266
1162.517	0.02459689794435751
1162.661	0.02459689794435751
1162.805	0.024592679103322496
1162.948	0.024590042327675615
1163.092	0.02458951497254624
1163.236	0.02458687819689936
1163.38	0.02458687819689936
1163.5240000000001	0.02458424142125248
1163.6680000000001	0.02458424142125248
1163.8120000000001	0.02458424142125248
1163.9560000000001	0.024583714066123107
1164.0990000000002	0.024582132000734978
1164.2430000000002	0.02458054993534685
1164.387	0.024578440514829346
1164.531	0.024576858449441217
1164.674	0.024574221673794337
1164.818	0.024571057543018082
1164.962	0.024567366057112447
1165.106	0.024562092505818686
1165.25	0.024558401019913058
1165.394	0.024556291599395555
1165.538	0.024555764244266177
1165.681	0.024553127468619297
1165.825	0.02454996333784304
1165.969	0.024548381272454907
1166.113	0.024545744496808027
1166.257	0.0245441624314199
1166.401	0.0245441624314199
1166.545	0.024542580366031776
1166.689	0.024540998300643647
1166.832	0.024540998300643647
1166.976	0.024540998300643647
1167.1200000000001	0.024540998300643647
1167.2640000000001	0.024540998300643647
1167.4070000000002	0.024540470945514273
1167.5520000000001	0.024539943590384895
1167.6950000000002	0.024539943590384895
1167.8390000000002	0.02453888888012614
1167.983	0.024539943590384895
1168.127	0.02453888888012614
1168.271	0.02453888888012614
1168.414	0.024537834169867385
1168.559	0.024537834169867385
1168.702	0.024537834169867385
1168.846	0.024537834169867385
1168.99	0.02453730681473801
1169.134	0.024536779459608637
1169.278	0.024536779459608637
1169.421	0.024535724749349886
1169.565	0.024535724749349886
1169.709	0.024535724749349886
1169.853	0.024535724749349886
1169.997	0.024536779459608637
1170.14	0.024536779459608637
1170.284	0.024536779459608637
1170.428	0.02453730681473801
1170.5720000000001	0.02453730681473801
1170.7160000000001	0.024536779459608637
1170.8600000000001	0.02453730681473801
1171.0040000000001	0.024536779459608637
1171.1470000000002	0.024536779459608637
1171.2910000000002	0.024536779459608637
1171.435	0.024535724749349886
1171.579	0.024534142683961757
1171.723	0.02453361532883238
1171.867	0.02453361532883238
1172.011	0.02453361532883238
1172.156	0.02453361532883238
1172.298	0.02453361532883238
1172.442	0.024534142683961757
1172.586	0.02453361532883238
1172.73	0.024532560618573628
1172.873	0.024532560618573628
1173.018	0.024534142683961757
1173.161	0.024534142683961757
1173.305	0.024534142683961757
1173.449	0.024534142683961757
1173.593	0.024534142683961757
1173.737	0.024532560618573628
1173.88	0.024532560618573628
1174.0240000000001	0.024532560618573628
1174.1680000000001	0.024532560618573628
1174.3120000000001	0.024532560618573628
1174.4560000000001	0.024531505908314877
1174.6000000000001	0.024530451198056125
1174.7440000000001	0.02452781442240925
1174.887	0.02452781442240925
1175.031	0.02452781442240925
1175.175	0.02452465029163299
1175.319	0.024521486160856733
1175.463	0.02451937674033923
1175.606	0.024517267319821727
1175.751	0.02451410318904547
1175.895	0.024512521123657337
1176.039	0.02451093905826921
1176.183	0.024509356992881086
1176.327	0.02450830228262233
1176.471	0.024507247572363576
1176.614	0.024506720217234202
1176.758	0.024506720217234202
1176.902	0.024506720217234202
1177.046	0.024506720217234202
1177.19	0.024506720217234202
1177.334	0.024506720217234202
1177.478	0.024506720217234202
1177.621	0.024506720217234202
1177.765	0.024506720217234202
1177.909	0.024506720217234202
1178.053	0.024506720217234202
1178.1970000000001	0.024506720217234202
1178.3400000000001	0.024506720217234202
1178.4850000000001	0.024506720217234202
1178.6280000000002	0.024506720217234202
1178.7720000000002	0.024506720217234202
1178.9160000000002	0.024506720217234202
1179.06	0.024506720217234202
1179.204	0.024506720217234202
1179.347	0.024506720217234202
1179.491	0.024506720217234202
1179.635	0.024506720217234202
1179.779	0.024506720217234202
1179.923	0.024506720217234202
1180.067	0.024506192862104828
1180.211	0.024506192862104828
1180.354	0.024506192862104828
1180.498	0.024506192862104828
1180.642	0.024506192862104828
1180.786	0.024506192862104828
1180.93	0.024506192862104828
1181.073	0.024505138151846073
1181.218	0.02450408344158732
1181.361	0.024503556086457948
1181.505	0.024500919310811067
1181.6490000000001	0.024497227824905432
1181.7930000000001	0.024495645759517303
1181.9370000000001	0.02449511840438793
1182.0800000000002	0.024493536338999804
1182.2240000000002	0.02449195427361167
1182.3680000000002	0.02448984485309417
1182.512	0.02448826278770604
1182.656	0.02448668072231791
1182.8	0.024485098656929785
1182.944	0.024483516591541656
1183.087	0.024481934526153527
1183.231	0.024480879815894776
1183.375	0.024479825105636024
1183.519	0.0244782430402479
1183.663	0.024476133619730393
1183.806	0.024475606264601015
1183.951	0.024475606264601015
1184.094	0.024474551554342264
1184.238	0.024472969488954138
1184.382	0.02447244213382476
1184.526	0.02447244213382476
1184.67	0.02447244213382476
1184.814	0.024471387423566006
1184.957	0.024470332713307254
1185.101	0.02446980535817788
1185.2450000000001	0.024467168582531
1185.3890000000001	0.02446453180688412
1185.5330000000001	0.02446294974149599
1185.6770000000001	0.024461367676107862
1185.8200000000002	0.02445925825559036
1185.9640000000002	0.02445767619020223
1186.108	0.02445662147994348
1186.252	0.024455039414555346
1186.396	0.024451347928649718
1186.539	0.02444712908761471
1186.684	0.024446074377355957
1186.827	0.02444554702222658
1186.971	0.024443964956838454
1187.115	0.02444238289145033
1187.262	0.02444185553632095
1187.403	0.02444185553632095
1187.546	0.024440800826062196
1187.69	0.024438164050415316
1187.834	0.024435527274768436
1187.978	0.02443394520938031
1188.122	0.024433417854250933
1188.266	0.02443236314399218
1188.41	0.024430781078604052
1188.553	0.024430781078604052
1188.6970000000001	0.02442603488243967
1188.8410000000001	0.02442603488243967
1188.9850000000001	0.02442603488243967
1189.1290000000001	0.02442603488243967
1189.2720000000002	0.02442603488243967
1189.4170000000001	0.02442603488243967
1189.56	0.02442603488243967
1189.704	0.02442603488243967
1189.848	0.02442603488243967
1189.992	0.02442603488243967
1190.136	0.02442603488243967
1190.279	0.02442603488243967
1190.423	0.02442603488243967
1190.567	0.02442603488243967
1190.711	0.02442603488243967
1190.855	0.02442603488243967
1190.999	0.02442603488243967
1191.143	0.02442603488243967
1191.286	0.02442603488243967
1191.43	0.02442603488243967
1191.574	0.02442603488243967
1191.718	0.02442603488243967
1191.862	0.02442603488243967
1192.005	0.02442603488243967
1192.1490000000001	0.02442603488243967
1192.2930000000001	0.02442023397601653
1192.4370000000001	0.02442023397601653
1192.5810000000001	0.02442023397601653
1192.7250000000001	0.02442023397601653
1192.8690000000001	0.02442023397601653
1193.015	0.02442023397601653
1193.159	0.02442023397601653
1193.304	0.02442023397601653
1193.4450000000002	0.02442023397601653
1193.5890000000002	0.02442023397601653
1193.733	0.02442023397601653
1193.877	0.024418651910628402
1194.02	0.024415487779852148
1194.164	0.024411796293946512
1194.308	0.02441126893881714
1194.452	0.02440705009778213
1194.596	0.02440124919135899
1194.739	0.024399667125970866
1194.883	0.024399667125970866
1195.027	0.024398612415712114
1195.171	0.02439386621954773
1195.315	0.02438753795799522
1195.459	0.02438490118234834
1195.603	0.024380154986183955
1195.747	0.024374354079760817
1195.89	0.024370135238725808
1196.034	0.024365389042561424
1196.178	0.024363279622043918
1196.3220000000001	0.02436275226691454
1196.4650000000001	0.024361170201526415
1196.6100000000001	0.024358533425879535
1196.7530000000002	0.02435695136049141
1196.8970000000002	0.024356424005362032
1197.0410000000002	0.024356424005362032
1197.185	0.024355369295103277
1197.329	0.02435378722971515
1197.472	0.024353259874585774
1197.616	0.024350623098938894
1197.76	0.024347458968162636
1197.904	0.024341130706610124
1198.048	0.024335329800186985
1198.192	0.024333747734798856
1198.336	0.02432952889376385
1198.479	0.024326364762987593
1198.623	0.024322673277081965
1198.767	0.024316872370658826
1198.911	0.02431265352962382
1199.055	0.02430157907190692
1199.198	0.024292086679578155
1199.342	0.024289449903931275
1199.486	0.024286285773155017
1199.63	0.024284703707766888
1199.7740000000001	0.024279430156473127
1199.9180000000001	0.024273629250049993
1200.0620000000001	0.024264136857721223
1200.2050000000002	0.02425622653078058
1200.3490000000002	0.024255699175651207
1200.4930000000002	0.024254117110263075
1200.637	0.024253062400004324
1200.781	0.02425253504487495
1200.925	0.024239878521769925
1201.068	0.024227749353794275
1201.212	0.024227749353794275
1201.356	0.024220366381983008
1201.5	0.024207182503748606
1201.644	0.024199799531937342
1201.788	0.02419241656012608
1201.931	0.024185033588314815
1202.076	0.024178705326762303
1202.222	0.02417237706520979
1202.363	0.02416710351391603
1202.507	0.024158138476716638
1202.651	0.02415075550490537
1202.794	0.024148646084387868
1202.938	0.024146009308740987
1203.082	0.02414020840231785
1203.226	0.02413388014076534
1203.3700000000001	0.024127551879212825
1203.5130000000001	0.024121223617660312
1203.6580000000001	0.024113313290719675
1203.8010000000002	0.024107512384296537
1203.9450000000002	0.02410329354326153
1204.0890000000002	0.02409538321632089
1204.233	0.024086418179121494
1204.377	0.024080617272698356
1204.52	0.024075871076533972
1204.664	0.02407112488036959
1204.808	0.024063214553428948
1204.952	0.02405214009571205
1205.096	0.024047393899547666
1205.24	0.02404317505851266
1205.384	0.024036846796960144
1205.527	0.02403368266618389
1205.671	0.024031573245666387
1205.815	0.024029991180278258
1205.959	0.024026827049502
1206.103	0.024023662918725742
1206.246	0.024022080853337617
1206.39	0.024021026143078866
1206.534	0.02402049878794949
1206.678	0.024018389367431985
1206.8220000000001	0.024016807302043856
1206.9660000000001	0.024016807302043856
1207.1100000000001	0.02401522523665573
1207.2530000000002	0.024013643171267602
1207.3970000000002	0.024013643171267602
1207.5410000000002	0.02401258846100885
1207.685	0.024011006395620718
1207.829	0.024008896975103215
1207.972	0.024006260199456335
1208.117	0.024005205489197583
1208.26	0.02400204135842133
1208.404	0.023997295162256946
1208.548	0.023995713096868817
1208.692	0.023994658386610065
1208.836	0.02399360367635131
1208.979	0.02399360367635131
1209.123	0.023993076321221933
1209.267	0.02399096690070443
1209.411	0.02398833012505755
1209.555	0.0239872754147988
1209.699	0.02398569334941067
1209.843	0.02398411128402254
1209.986	0.02398252921863441
1210.13	0.023980947153246286
1210.2740000000001	0.02398041979811691
1210.4180000000001	0.023979892442987535
1210.5620000000001	0.023978837732728783
1210.7050000000002	0.023977783022470032
1210.8500000000001	0.023977783022470032
1210.9940000000001	0.023976200957081903
1211.1380000000001	0.023976200957081903
1211.2820000000002	0.02397461889169377
1211.4260000000002	0.023970400050658765
1211.569	0.02396565385449438
1211.713	0.023964071789106253
1211.857	0.023962489723718124
1212.001	0.023960907658329998
1212.145	0.023959852948071243
1212.288	0.023959325592941866
1212.433	0.02395774352755374
1212.576	0.02395616146216561
1212.72	0.023954579396777483
1212.864	0.02395352468651873
1213.008	0.023952997331389357
1213.152	0.02395246997625998
1213.296	0.02395088791087185
1213.439	0.023949305845483722
1213.583	0.023947723780095596
1213.727	0.023945087004448716
1213.871	0.02394403229418996
1214.015	0.023943504939060587
1214.159	0.023941922873672458
1214.3020000000001	0.023939813453154955
1214.4460000000001	0.023937176677508075
1214.5900000000001	0.02393559461211995
1214.7340000000002	0.023935067256990572
1214.8780000000002	0.02393348519160244
1215.021	0.023932430481343688
1215.165	0.023932430481343688
1215.309	0.023931903126214314
1215.453	0.023930321060826185
1215.597	0.023928738995438056
1215.741	0.02392715693004993
1215.885	0.023925574864661802
1216.028	0.023925047509532425
1216.172	0.023923992799273673
1216.316	0.023922410733885544
1216.46	0.023920301313368038
1216.604	0.023918719247979912
1216.747	0.02391766453772116
1216.891	0.023916082472333032
1217.035	0.023914500406944907
1217.18	0.023912918341556774
1217.323	0.023910281565909894
1217.467	0.02390817214539239
1217.611	0.02390817214539239
1217.7540000000001	0.023907644790263013
1217.8980000000001	0.023907117435133636
1218.0420000000001	0.02390395330435738
1218.1860000000001	0.023900789173581127
1218.3300000000002	0.023899734463322376
1218.4740000000002	0.023897097687675495
1218.617	0.023895515622287367
1218.761	0.023893933556899238
1218.905	0.02389235149151111
1219.049	0.023890242070993606
1219.193	0.023884968519699845
1219.337	0.023881804388923587
1219.48	0.023881804388923587
1219.624	0.023880749678664836
1219.768	0.023879694968406084
1219.896	0.023877058192759204
1220.04	0.023870729931206692
1220.184	0.02386703844530106
1220.327	0.02386703844530106
1220.471	0.02386703844530106
1220.615	0.02386440166965418
1220.759	0.023861237538877922
1220.903	0.023860710183748548
1221.046	0.02385912811836042
1221.191	0.02385649134271354
1221.334	0.023854909277325406
1221.478	0.023854381922196032
1221.622	0.02385332721193728
1221.766	0.023850163081161026
1221.91	0.02384699895038477
1222.053	0.023844889529867266
1222.198	0.023843307464479137
1222.3410000000001	0.023841198043961634
1222.4850000000001	0.023839615978573505
1222.6290000000001	0.023838561268314754
1222.7730000000001	0.023836979202926625
1222.9170000000001	0.02383645184779725
1223.06	0.02383645184779725
1223.204	0.023835397137538496
1223.348	0.023834342427279744
1223.492	0.02383381507215037
1223.636	0.023831705651632867
1223.779	0.023829068875985984
1223.924	0.023826432100339103
1224.067	0.023824850034950974
1224.211	0.023824322679821597
1224.355	0.023821158549045346
1224.499	0.023816939708010337
1224.643	0.023815357642622208
1224.786	0.02381377557723408
1224.93	0.023807974670810944
1225.074	0.02380322847464656
1225.218	0.023802701119517183
1225.361	0.023801646409258432
1225.506	0.02379900963361155
1225.65	0.023797427568223423
1225.7930000000001	0.023795845502835294
1225.9370000000001	0.02379268137205904
1226.0810000000001	0.023790571951541536
1226.2250000000001	0.023788989886153404
1226.3690000000001	0.02378793517589465
1226.512	0.023786353110506524
1226.656	0.023783716334859643
1226.8	0.023782661624600892
1226.944	0.023782661624600892
1227.087	0.023782134269471518
1227.232	0.02377897013869526
1227.376	0.023774751297660254
1227.519	0.023771587166883996
1227.663	0.02376789568097836
1227.807	0.023764731550202107
1227.951	0.023761567419425852
1228.094	0.023761567419425852
1228.239	0.02375945799890835
1228.383	0.02375787593352022
1228.527	0.023755239157873337
1228.671	0.023754184447614585
1228.815	0.023754184447614585
1228.959	0.023753129737355834
1229.103	0.02375154767196771
1229.246	0.023749438251450202
1229.39	0.023747856186062073
1229.534	0.023747856186062073
1229.678	0.023747856186062073
1229.8210000000001	0.023745219410415193
1229.9660000000001	0.023745219410415193
1230.1100000000001	0.023742582634768312
1230.2530000000002	0.02374047321425081
1230.3970000000002	0.023737309083474552
1230.5410000000002	0.023733090242439546
1230.685	0.023729926111663288
1230.828	0.02372834404627516
1230.973	0.02372676198088703
1231.1180000000002	0.023726234625757653
1231.262	0.0237230704949814
1231.405	0.023719379009075767
1231.549	0.023713578102652632
1231.6970000000001	0.023708304551358875
1231.8410000000001	0.023706195130841365
1231.982	0.023703558355194485
1232.1280000000002	0.0236988121590301
1232.27	0.023693011252606963
1232.411	0.023689319766701335
1232.555	0.023686155635925077
1232.699	0.023684046215407574
1232.842	0.023683518860278197
1232.986	0.023680882084631316
1233.13	0.023678245308984436
1233.2740000000001	0.023675081178208178
1233.419	0.023667170851267537
1233.5610000000001	0.023659787879456273
1233.7060000000001	0.023653459617903765
1233.8500000000001	0.023648713421739378
1233.9930000000002	0.02364554929096312
1234.137	0.023643439870445614
1234.281	0.02363869367428123
1234.425	0.02363236541272872
1234.568	0.023630783347340593
1234.712	0.02362972863708184
1234.856	0.023626037151176206
1235.0	0.023623400375529326
1235.144	0.0236218183101412
1235.287	0.023619708889623697
1235.432	0.023614435338329937
1235.575	0.02360968914216555
1235.719	0.023606525011389295
1235.863	0.023588067581861133
1236.007	0.0235711922177211
1236.151	0.02356697337668609
1236.294	0.023564336601039213
1236.438	0.023559590404874826
1236.582	0.023553789498451688
1236.726	0.023550625367675434
1236.8700000000001	0.02354746123689918
1237.0140000000001	0.02354429710612292
1237.1580000000001	0.023541132975346664
1237.3010000000002	0.02353955090995854
1237.4450000000002	0.02353902355482916
1237.5890000000002	0.023531640583017897
1237.733	0.02352162083555975
1237.877	0.02351740199452474
1238.02	0.023510019022713477
1238.165	0.023501053985514084
1238.308	0.023501053985514084
1238.452	0.023495780434220324
1238.596	0.023492616303444066
1238.74	0.02348945217266781
1238.884	0.023479959780339045
1239.027	0.023471522098269026
1239.172	0.02346835796749277
1239.315	0.02346519383671651
1239.459	0.023460447640552128
1239.603	0.023456756154646496
1239.747	0.02345359202387024
1239.891	0.023448845827705858
1240.035	0.0234456816969296
1240.178	0.02344199021102397
1240.3220000000001	0.02343935343537709
1240.4660000000001	0.023436189304600834
1240.6100000000001	0.02343355252895395
1240.7540000000001	0.023429861043048318
1240.8980000000001	0.02342511484688393
1241.0420000000001	0.023419313940460797
1241.185	0.023414040389167036
1241.329	0.023411403613520156
1241.473	0.023407712127614524
1241.617	0.02340454799683827
1241.76	0.02340296593145014
1241.904	0.023402438576320767
1242.048	0.023400856510932634
1242.192	0.023398219735285754
1242.336	0.02339663766989763
1242.48	0.02339663766989763
1242.624	0.02339663766989763
1242.767	0.023394528249380125
1242.911	0.023391364118603868
1243.055	0.023389782053215735
1243.199	0.02338925469808636
1243.343	0.02338661792243948
1243.487	0.02338661792243948
1243.631	0.023381344371145724
1243.7740000000001	0.023376598174981337
1243.9180000000001	0.023370269913428825
1244.0620000000001	0.02336605107239382
1244.2060000000001	0.02336446900700569
1244.3500000000001	0.02336288694161756
1244.4950000000001	0.023361304876229432
1244.637	0.023358140745453174
1244.781	0.02335603132493567
1244.925	0.023355503969806297
1245.069	0.023354449259547543
1245.213	0.023350230418512537
1245.357	0.02334706628773628
1245.5	0.02334548422234815
1245.644	0.02334284744670127
1245.788	0.02334126538131314
1245.933	0.023339683315925015
1246.077	0.023338101250536883
1246.22	0.02333757389540751
1246.365	0.02333599183001938
1246.508	0.0233333550543725
1246.652	0.0233333550543725
1246.796	0.023332300344113748
1246.94	0.023330190923596245
1247.084	0.023330190923596245
1247.231	0.023326499437690613
1247.371	0.023326499437690613
1247.515	0.023323862662043733
1247.659	0.023323862662043733
1247.803	0.023322280596655608
1247.9470000000001	0.02332069853126748
1248.0910000000001	0.023318589110749972
1248.2340000000002	0.023317534400491217
1248.3780000000002	0.023315952335103092
1248.5220000000002	0.02331384291458559
1248.6660000000002	0.02331067878380933
1248.81	0.02330804200816245
1248.953	0.023306459942774325
1249.097	0.023304350522256823
1249.241	0.02330276845686869
1249.385	0.023301186391480565
1249.529	0.023299604326092436
1249.673	0.023298549615833684
1249.817	0.02329644019531618
1249.961	0.023294330774798675
1250.104	0.023293276064539924
1250.248	0.02329222135428117
1250.392	0.023289057223504914
1250.536	0.023281146896564277
1250.68	0.02327481863501176
1250.824	0.023273236569623636
1250.968	0.023271654504235507
1251.111	0.023270072438847378
1251.255	0.023269017728588626
1251.3990000000001	0.023267435663200497
1251.5430000000001	0.02326532624268299
1251.6860000000001	0.023263744177294862
1251.8300000000002	0.02326268946703611
1251.9740000000002	0.02326163475677736
1252.1180000000002	0.02326163475677736
1252.262	0.023260052691389234
1252.406	0.023257943270871727
1252.55	0.0232563612054836
1252.693	0.023255306495224844
1252.837	0.023255306495224844
1252.981	0.023253724429836718
1253.125	0.023251087654189838
1253.269	0.023249505588801712
1253.413	0.023248978233672335
1253.557	0.023246341458025455
1253.7	0.023243704682378574
1253.844	0.023243177327249197
1253.988	0.02324159526186107
1254.132	0.02324001319647294
1254.276	0.023239485841343565
1254.419	0.023237903775955436
1254.563	0.02323632171056731
1254.707	0.023235267000308556
1254.851	0.023234212290049804
1254.9950000000001	0.02323368493492043
1255.1390000000001	0.023231575514402927
1255.2830000000001	0.023228938738756044
1255.4270000000001	0.023226301963109163
1255.5700000000002	0.023224719897721034
1255.7140000000002	0.02322313783233291
1255.858	0.02322155576694478
1256.002	0.02322050105668603
1256.146	0.023219446346427277
1256.29	0.023218918991297903
1256.434	0.023217336925909774
1256.577	0.02321417279513352
1256.721	0.023212063374616013
1256.865	0.023211008664357262
1257.009	0.02320837188871038
1257.152	0.023206789823322253
1257.296	0.02320626246819288
1257.44	0.023204680402804746
1257.584	0.023202043627157866
1257.728	0.023199934206640363
1257.872	0.023198352141252234
1258.016	0.023197297430993483
1258.16	0.023196770075864105
1258.303	0.02319624272073473
1258.4470000000001	0.02319518801047598
1258.5910000000001	0.023193078589958473
1258.7350000000001	0.023189914459182216
1258.8780000000002	0.02318780503866471
1259.0230000000001	0.02318675032840596
1259.1670000000001	0.02318569561814721
1259.31	0.02318569561814721
1259.454	0.02318411355275908
1259.598	0.023182004132241578
1259.742	0.023178312646335943
1259.885	0.023174093805300937
1260.029	0.023171457029654056
1260.173	0.02316987496426593
1260.317	0.02316987496426593
1260.461	0.02316987496426593
1260.605	0.02316987496426593
1260.749	0.02316987496426593
1260.892	0.02316987496426593
1261.036	0.023167765543748425
1261.18	0.02316565612323092
1261.324	0.023164601412972167
1261.468	0.023160909927066535
1261.611	0.023158273151419655
1261.756	0.023158273151419655
1261.8990000000001	0.023155109020643397
1262.0430000000001	0.02315141753473777
1262.188	0.02315141753473777
1262.3310000000001	0.02315089017960839
1262.4750000000001	0.02315089017960839
1262.6180000000002	0.02315089017960839
1262.762	0.02314983546934964
1262.906	0.02314825340396151
1263.05	0.02314667133857338
1263.194	0.023145616628314627
1263.3390000000002	0.023144034562926498
1263.483	0.023141925142408995
1263.627	0.02314139778727962
1263.77	0.02313876101163274
1263.914	0.02313348746033898
1264.058	0.023130323329562726
1264.202	0.023128741264174597
1264.345	0.023127686553915845
1264.489	0.023127686553915845
1264.633	0.023127159198786468
1264.777	0.023125577133398342
1264.921	0.023124522423139587
1265.065	0.023123995068010213
1265.209	0.023122413002622084
1265.352	0.023120830937233952
1265.496	0.02311872151671645
1265.64	0.023117139451328324
1265.784	0.02311608474106957
1265.928	0.02311028383464643
1266.0720000000001	0.02311028383464643
1266.2160000000001	0.02310501028335267
1266.3600000000001	0.023103428217964544
1266.5030000000002	0.023103428217964544
1266.6470000000002	0.023103428217964544
1266.7910000000002	0.02310131879744704
1266.935	0.02310131879744704
1267.078	0.02310131879744704
1267.222	0.02310131879744704
1267.366	0.02310131879744704
1267.51	0.02310131879744704
1267.654	0.02310131879744704
1267.798	0.02310131879744704
1267.942	0.02310131879744704
1268.085	0.02310131879744704
1268.229	0.02310131879744704
1268.373	0.02310131879744704
1268.517	0.02310131879744704
1268.66	0.02310131879744704
1268.805	0.02310131879744704
1268.948	0.02310131879744704
1269.092	0.02310131879744704
1269.236	0.02310131879744704
1269.38	0.02310131879744704
1269.5240000000001	0.02310131879744704
1269.6680000000001	0.02310131879744704
1269.8110000000001	0.02310131879744704
1269.9550000000002	0.02310131879744704
1270.0990000000002	0.02310131879744704
1270.2430000000002	0.02310131879744704
1270.387	0.02310131879744704
1270.531	0.02310131879744704
1270.675	0.02310131879744704
1270.818	0.02310131879744704
1270.962	0.02310131879744704
1271.106	0.02310131879744704
1271.25	0.02310131879744704
1271.393	0.02310131879744704
1271.538	0.02310026408718829
1271.681	0.023099736732058916
1271.825	0.02309920937692954
1271.969	0.02309657260128266
1272.113	0.02309657260128266
1272.257	0.02309657260128266
1272.401	0.023093935825635778
1272.544	0.0230934084705064
1272.688	0.023092881115377027
1272.832	0.023089716984600772
1272.976	0.023084970788436385
1273.1200000000001	0.023082334012789505
1273.2640000000001	0.023080751947401376
1273.4080000000001	0.023080224592272
1273.5510000000002	0.023078642526883873
1273.6950000000002	0.023078642526883873
1273.8390000000002	0.023075478396107615
1273.983	0.023075478396107615
1274.126	0.023075478396107615
1274.271	0.023072841620460735
1274.414	0.023069150134555107
1274.558	0.023066513358908226
1274.702	0.023064931293520094
1274.846	0.023061767162743836
1274.99	0.023059657742226333
1275.134	0.023058075676838208
1275.277	0.023057020966579456
1275.421	0.02305649361145008
1275.565	0.02305491154606195
1275.709	0.02305332948067382
1275.852	0.023052802125544444
1275.997	0.023051747415285692
1276.141	0.023050165349897567
1276.285	0.02304963799476819
1276.428	0.02304963799476819
1276.5720000000001	0.02304963799476819
1276.7160000000001	0.023048055929380064
1276.8590000000002	0.023045419153733183
1277.007	0.02304120031269817
1277.1470000000002	0.023036454116533787
1277.294	0.023034872051145662
1277.435	0.02303223527549878
1277.579	0.023029071144722524
1277.723	0.02302696172420502
1277.867	0.02302432494855814
1278.01	0.023023270238299386
1278.154	0.023022742883170008
1278.298	0.023021160817781883
1278.444	0.023019578752393757
1278.585	0.0230164146216175
1278.729	0.02301377784597062
1278.874	0.02301325049084124
1279.019	0.023012723135711864
1279.161	0.023012723135711864
1279.305	0.02301114107032374
1279.449	0.023006922229288733
1279.592	0.023001121322865595
1279.736	0.022996902481830582
1279.88	0.022996902481830582
1280.0240000000001	0.0229942657061837
1280.1680000000001	0.022992683640795576
1280.3120000000001	0.0229921562856662
1280.4560000000001	0.0229921562856662
1280.5990000000002	0.0229921562856662
1280.7430000000002	0.0229921562856662
1280.8880000000001	0.0229921562856662
1281.0320000000002	0.022991628930536825
1281.1760000000002	0.02298899215488994
1281.319	0.02298635537924306
1281.463	0.022985828024113683
1281.607	0.022984245958725558
1281.751	0.02298319124846681
1281.895	0.02298319124846681
1282.039	0.022982663893337432
1282.183	0.022982663893337432
1282.326	0.022982663893337432
1282.47	0.022982136538208055
1282.614	0.022982136538208055
1282.758	0.022976862986914294
1282.902	0.022976862986914294
1283.046	0.022976862986914294
1283.189	0.022971589435620533
1283.333	0.022971589435620533
1283.477	0.02296948001510303
1283.621	0.022967370594585527
1283.765	0.022967370594585527
1283.909	0.022967370594585527
1284.0520000000001	0.022965788529197402
1284.1960000000001	0.02296315175355052
1284.3400000000001	0.02296156968816239
1284.4840000000002	0.022961042333033012
1284.6280000000002	0.022961042333033012
1284.7720000000002	0.02295998762277426
1284.9160000000002	0.02295735084712738
1285.059	0.022955241426609877
1285.203	0.022953132006092374
1285.347	0.02294996787531612
1285.491	0.02294838580992799
1285.634	0.02294733109966924
1285.778	0.022944694324022356
1285.922	0.022943112258634227
1286.066	0.0229415301932461
1286.21	0.022937311352211092
1286.354	0.02293467457656421
1286.498	0.022934147221434838
1286.642	0.02293203780091733
1286.785	0.022928873670141077
1286.929	0.022927291604752948
1287.073	0.022926236894494197
1287.217	0.02292518218423544
1287.3600000000001	0.022923600118847316
1287.505	0.022922018053459187
1287.6480000000001	0.022922018053459187
1287.7920000000001	0.02291990863294168
1287.9360000000001	0.022917799212424178
1288.0800000000002	0.022916744502165427
1288.2240000000002	0.02291463508164792
1288.367	0.022908306820095408
1288.511	0.022901978558542896
1288.655	0.022901978558542896
1288.799	0.022900923848284144
1288.943	0.02290039649315477
1289.087	0.02290039649315477
1289.231	0.022899869138025393
1289.374	0.022899869138025393
1289.518	0.022897232362378513
1289.662	0.022894068231602255
1289.806	0.022894068231602255
1289.95	0.022894068231602255
1290.093	0.022894068231602255
1290.237	0.02289248616621413
1290.381	0.02288932203543787
1290.525	0.022884575839273488
1290.669	0.022881939063626608
1290.813	0.022881939063626608
1290.957	0.022880884353367856
1291.1000000000001	0.022878247577720973
1291.2440000000001	0.022876665512332844
1291.3880000000001	0.022875083446944715
1291.5320000000002	0.022872974026427212
1291.675	0.022872446671297838
1291.8200000000002	0.022872446671297838
1291.9640000000002	0.022872446671297838
1292.108	0.02287086460590971
1292.256	0.022869282540521584
1292.395	0.022869282540521584
1292.539	0.022869282540521584
1292.683	0.022867700475133455
1292.826	0.022866118409745326
1292.97	0.022866118409745326
1293.114	0.022866118409745326
1293.258	0.022865063699486574
1293.402	0.022865063699486574
1293.546	0.022862426923839694
1293.69	0.022862426923839694
1293.833	0.022862426923839694
1293.977	0.022860317503322188
1294.121	0.022860317503322188
1294.265	0.022859790148192814
1294.4080000000001	0.022859790148192814
1294.5520000000001	0.022858208082804685
1294.6960000000001	0.022856626017416556
1294.8400000000001	0.022855571307157804
1294.9840000000002	0.02285398924176968
1295.1280000000002	0.0228534618866403
1295.2720000000002	0.022852407176381546
1295.415	0.022851352466122795
1295.559	0.022851352466122795
1295.703	0.022850297755864044
1295.847	0.022848715690475918
1295.991	0.02284818833534654
1296.134	0.022847133625087786
1296.279	0.02284555155969966
1296.422	0.022845024204570286
1296.566	0.022845024204570286
1296.71	0.022843969494311535
1296.854	0.02284291478405278
1296.998	0.022842387428923402
1297.141	0.022841860073794025
1297.285	0.022841860073794025
1297.429	0.022840805363535277
1297.573	0.02283922329814715
1297.717	0.022838695943017774
1297.861	0.022838695943017774
1298.005	0.022838695943017774
1298.1480000000001	0.022838695943017774
1298.2930000000001	0.022838695943017774
1298.4370000000001	0.02283764123275902
1298.5810000000001	0.02283447710198276
1298.7250000000001	0.02283236768146526
1298.8680000000002	0.022831312971206507
1299.012	0.022829730905818378
1299.156	0.022828148840430253
1299.3	0.022827094130171498
1299.444	0.02282656677504212
1299.588	0.022826039419912743
1299.7350000000001	0.022824457354524617
1299.875	0.022822875289136492
1300.019	0.022822875289136492
1300.163	0.022821820578877737
1300.307	0.022819711158360234
1300.451	0.02281812909297211
1300.595	0.02281760173784273
1300.739	0.02281760173784273
1300.882	0.022816547027583976
1301.026	0.022813910251937096
1301.17	0.02281074612116084
1301.314	0.022809164055772713
1301.457	0.022809164055772713
1301.602	0.022808636700643335
1301.7450000000001	0.02280810934551396
1301.8890000000001	0.02280705463525521
1302.0330000000001	0.0228028357942202
1302.1770000000001	0.02279914430831457
1302.3210000000001	0.02279756224292644
1302.4640000000002	0.02279756224292644
1302.608	0.02279598017753831
1302.752	0.022795452822408937
1302.896	0.022794398112150185
1303.04	0.022791761336503305
1303.184	0.022788597205727047
1303.328	0.02278701514033892
1303.471	0.022785960430080167
1303.615	0.022784378364692038
1303.759	0.02278279629930391
1303.903	0.022781214233915784
1304.047	0.022780686878786406
1304.191	0.022779632168527655
1304.334	0.022778577458268903
1304.478	0.022778050103139526
1304.622	0.0227764680377514
1304.766	0.0227764680377514
1304.91	0.022775413327492645
1305.054	0.022775413327492645
1305.198	0.022774885972363268
1305.3410000000001	0.02277435861723389
1305.4850000000001	0.02277435861723389
1305.6290000000001	0.02277172184158701
1305.7730000000001	0.02276855771081076
1305.9160000000002	0.02276697564542263
1306.0610000000001	0.02276592093516388
1306.2050000000002	0.02276433886977575
1306.348	0.02276275680438762
1306.492	0.022759592673611363
1306.636	0.022755373832576357
1306.78	0.022754319122317603
1306.923	0.022754319122317603
1307.067	0.022754319122317603
1307.213	0.022754319122317603
1307.355	0.022753791767188225
1307.499	0.0227522097018001
1307.643	0.022750627636411974
1307.787	0.022750100281282597
1307.93	0.022750100281282597
1308.074	0.022750100281282597
1308.218	0.022749045571023842
1308.362	0.022749045571023842
1308.505	0.02274799086076509
1308.65	0.02274799086076509
1308.7930000000001	0.022747463505635716
1308.9370000000001	0.022745881440247587
1309.0810000000001	0.022744826729988836
1309.2250000000001	0.022744826729988836
1309.3690000000001	0.022744826729988836
1309.512	0.022743244664600707
1309.656	0.022741662599212578
1309.8	0.0227411352440832
1309.944	0.022740607888953827
1310.088	0.022740607888953827
1310.232	0.022740607888953827
1310.376	0.022739025823565698
1310.519	0.022737443758177572
1310.663	0.022735861692789443
1310.807	0.022734279627401315
1310.951	0.02273322491714256
1311.095	0.022732170206883808
1311.239	0.022727424010719425
1311.383	0.02272162310429629
1311.526	0.02272056839403754
1311.67	0.022720041038908165
1311.814	0.022718458973520032
1311.958	0.022717404263261277
1312.102	0.022715822197873152
1312.246	0.02271371277735565
1312.39	0.022711603356838146
1312.5330000000001	0.022705802450415008
1312.6770000000001	0.022701056254250625
1312.8210000000001	0.022698419478603744
1312.9650000000001	0.02269631005808624
1313.1090000000002	0.022691563861921855
1313.2530000000002	0.022685235600369343
1313.3970000000002	0.022683653534981214
1313.54	0.022683653534981214
1313.684	0.022682071469593085
1313.828	0.022678379983687456
1313.971	0.02267468849778182
1314.116	0.02267205172213494
1314.259	0.02267099701187619
1314.403	0.02266836023622931
1314.547	0.02266572346058243
1314.691	0.02266519610545305
1314.835	0.022664668750323674
1314.978	0.022664668750323674
1315.122	0.022664668750323674
1315.266	0.022663086684935545
1315.41	0.02266150461954742
1315.554	0.02265886784390054
1315.698	0.02265570371312428
1315.843	0.02264779338618364
1315.987	0.022640410414372376
1316.13	0.022638300993854873
1316.2740000000001	0.022630390666914232
1316.4180000000001	0.022621952984844214
1316.5620000000001	0.022617734143809208
1316.7060000000001	0.022616152078421083
1316.8500000000001	0.02261404265790358
1316.9930000000002	0.022610878527127322
1317.137	0.02260929646173919
1317.281	0.022603495555316055
1317.425	0.02259769464889292
1317.568	0.022597167293763543
1317.713	0.022594530518116662
1317.857	0.022591893742469782
1318.0	0.02258556548091727
1318.144	0.02257870986423538
1318.288	0.022578182509106006
1318.432	0.022576600443717877
1318.575	0.022567635406518485
1318.72	0.022557615659060337
1318.863	0.022550232687249074
1319.007	0.022542322360308432
1319.151	0.02253177525772091
1319.295	0.022520700800004016
1319.439	0.022517009314098384
1319.582	0.022511735762804623
1319.726	0.022506462211510862
1319.8700000000001	0.0225011886602171
1320.0140000000001	0.022491696267888335
1320.1580000000001	0.02248536800633582
1320.3020000000001	0.022481149165300814
1320.4460000000001	0.022479039744783307
1320.5890000000002	0.022478512389653933
1320.733	0.022477985034524556
1320.877	0.022476402969136427
1321.021	0.022464273801160776
1321.165	0.02244950785753825
1321.309	0.022443179595985737
1321.452	0.0224352692690451
1321.596	0.02242735894210446
1321.74	0.022422085390810698
1321.884	0.022416811839516937
1322.028	0.022414175063870057
1322.171	0.022412065643352554
1322.318	0.022404155316411913
1322.459	0.022396772344600642
1322.603	0.022390971438177504
1322.747	0.02238622524201312
1322.891	0.02238622524201312
1323.035	0.02238042433558999
1323.178	0.022369877233002468
1323.323	0.022364603681708707
1323.4660000000001	0.022362494261191204
1323.6100000000001	0.022360912195803072
1323.7540000000001	0.022359330130414946
1323.8980000000001	0.022354056579121186
1324.0420000000001	0.022348255672698047
1324.185	0.022342982121404287
1324.329	0.022339817990628032
1324.473	0.022334017084204898
1324.617	0.0223250520470055
1324.761	0.022321887916229247
1324.905	0.022320833205970496
1325.049	0.022318196430323615
1325.192	0.02231661436493549
1325.336	0.022315032299547358
1325.48	0.02231345023415923
1325.624	0.0223118681687711
1325.768	0.0223118681687711
1325.912	0.0223118681687711
1326.056	0.0223118681687711
1326.199	0.0223118681687711
1326.343	0.0223118681687711
1326.487	0.0223118681687711
1326.631	0.0223118681687711
1326.775	0.0223118681687711
1326.9180000000001	0.0223118681687711
1327.0620000000001	0.0223118681687711
1327.2060000000001	0.0223118681687711
1327.3500000000001	0.0223118681687711
1327.4940000000001	0.0223118681687711
1327.6380000000001	0.0223118681687711
1327.7820000000002	0.0223118681687711
1327.9260000000002	0.0223118681687711
1328.069	0.0223118681687711
1328.213	0.0223118681687711
1328.357	0.0223118681687711
1328.501	0.0223118681687711
1328.644	0.0223118681687711
1328.788	0.0223118681687711
1328.932	0.0223118681687711
1329.076	0.0223118681687711
1329.22	0.0223118681687711
1329.364	0.0223118681687711
1329.508	0.0223118681687711
1329.651	0.0223118681687711
1329.795	0.0223118681687711
1329.939	0.02230817668286547
1330.083	0.022306067262347965
1330.227	0.022304485196959836
1330.371	0.022301848421312956
1330.515	0.02230026635592483
1330.6580000000001	0.022299739000795453
1330.8020000000001	0.022299739000795453
1330.9460000000001	0.022299739000795453
1331.0900000000001	0.0222986842905367
1331.2340000000002	0.02229762958027795
1331.3780000000002	0.022294465449501692
1331.521	0.022290246608466686
1331.665	0.02228919189820793
1331.809	0.022286027767431674
1331.953	0.02227969950587916
1332.097	0.022271261823809146
1332.241	0.022265988272515386
1332.385	0.022262296786609754
1332.528	0.02225649588018662
1332.672	0.022252804394280984
1332.816	0.022250167618634104
1332.96	0.022248585553245978
1333.104	0.0222480581981166
1333.248	0.0222480581981166
1333.393	0.0222480581981166
1333.536	0.022246476132728475
1333.68	0.02224014787117596
1333.824	0.022234346964752825
1333.968	0.022230128123717816
1334.112	0.022225909282682806
1334.255	0.022223272507035926
1334.3990000000001	0.02222116308651842
1334.5430000000001	0.022220635731389046
1334.6870000000001	0.022220635731389046
1334.8310000000001	0.022219581021130294
1334.9750000000001	0.022216944245483414
1335.1190000000001	0.02221483482496591
1335.262	0.022214307469836533
1335.406	0.022213252759577782
1335.55	0.02221219804931903
1335.6950000000002	0.022211670694189653
1335.838	0.022210088628801524
1335.982	0.022209033918542773
1336.125	0.022209033918542773
1336.269	0.022209033918542773
1336.413	0.022208506563413395
1336.557	0.02220692449802527
1336.7	0.02220428772237839
1336.845	0.022202178301860886
1336.988	0.022200596236472754
1337.132	0.02219848681595525
1337.279	0.022197432105696503
1337.42	0.022197432105696503
1337.564	0.022195322685178997
1337.707	0.02219215855440274
1337.852	0.02219057648901461
1337.9950000000001	0.022190049133885236
1338.1390000000001	0.022188994423626485
1338.2830000000001	0.022187412358238356
1338.4270000000001	0.022185830292850227
1338.5710000000001	0.022184248227462098
1338.7140000000002	0.022184248227462098
1338.858	0.022184248227462098
1339.002	0.022184248227462098
1339.146	0.022184248227462098
1339.29	0.02218266616207397
1339.434	0.022180029386427092
1339.578	0.022178447321038963
1339.721	0.022178447321038963
1339.865	0.022177919965909586
1340.009	0.02217633790052146
1340.153	0.02217370112487458
1340.297	0.022172119059486455
1340.441	0.022171591704357077
1340.584	0.022170009638968945
1340.728	0.022168954928710193
1340.872	0.022168954928710193
1341.016	0.022167900218451442
1341.16	0.022166318153063313
1341.303	0.02216579079793394
1341.448	0.022164736087675184
1341.5910000000001	0.022162099312028304
1341.7350000000001	0.022160517246640178
1341.8790000000001	0.0221599898915108
1342.0230000000001	0.022159462536381423
1342.1670000000001	0.022159462536381423
1342.31	0.022158407826122672
1342.454	0.022156825760734543
1342.598	0.02215629840560517
1342.742	0.02215471634021704
1342.886	0.02215313427482891
1343.03	0.022151552209440782
1343.174	0.022149970144052657
1343.317	0.022149970144052657
1343.461	0.022148388078664528
1343.605	0.02214416923762952
1343.749	0.022141532461982638
1343.893	0.022141005106853264
1344.037	0.022139423041465135
1344.18	0.022137313620947632
1344.324	0.02213625891068888
1344.468	0.022134676845300752
1344.612	0.02213309477991262
1344.756	0.022132567424783246
1344.9	0.02213204006965387
1345.044	0.02213204006965387
1345.1870000000001	0.02212940329400699
1345.3310000000001	0.022126239163230733
1345.4750000000001	0.02212571180810136
1345.6190000000001	0.022124657097842608
1345.762	0.02212307503245448
1345.9070000000002	0.022122547677325105
1346.05	0.022120965611936976
1346.194	0.022118328836290092
1346.338	0.022116746770901963
1346.482	0.022115164705513838
1346.626	0.02211358264012571
1346.769	0.02211200057473758
1346.913	0.02211094586447883
1347.057	0.02211094586447883
1347.201	0.02211041850934945
1347.345	0.022108836443961326
1347.489	0.022106199668314445
1347.633	0.022103562892667565
1347.776	0.022102508182408814
1347.92	0.022101980827279436
1348.064	0.02210145347215006
1348.208	0.02209987140676193
1348.351	0.022098289341373804
1348.496	0.022097234631115053
1348.6390000000001	0.022095652565726924
1348.7830000000001	0.022092488434950666
1348.9270000000001	0.022089851659303786
1349.0710000000001	0.022088269593915657
1349.2150000000001	0.022086160173398154
1349.358	0.02208405075288065
1349.5030000000002	0.022082468687492522
1349.646	0.02208141397723377
1349.79	0.022079831911845642
1349.934	0.022079304556716268
1350.078	0.022078249846457516
1350.222	0.02207614042594001
1350.365	0.02207455836055188
1350.51	0.022071394229775623
1350.653	0.022068757454128746
1350.798	0.022068757454128746
1350.941	0.022068230098999372
1351.086	0.022064538613093737
1351.23	0.022060319772058728
1351.373	0.022059265061799976
1351.517	0.022059265061799976
1351.661	0.0220587377066706
1351.805	0.0220587377066706
1351.948	0.022058210351541225
1352.093	0.022057155641282473
1352.239	0.022057155641282473
1352.38	0.022054518865635593
1352.5240000000001	0.022054518865635593
1352.6680000000001	0.022054518865635593
1352.8120000000001	0.022054518865635593
1352.9550000000002	0.022052936800247468
1353.0990000000002	0.022052936800247468
1353.2430000000002	0.022052936800247468
1353.387	0.022051354734859335
1353.531	0.022049772669471206
1353.675	0.022049245314341832
1353.819	0.022047663248953703
1353.962	0.022046608538694952
1354.106	0.022045553828436197
1354.25	0.022044499118177446
1354.394	0.022044499118177446
1354.538	0.022045553828436197
1354.682	0.022045553828436197
1354.825	0.022044499118177446
1354.969	0.022044499118177446
1355.113	0.022044499118177446
1355.257	0.022044499118177446
1355.401	0.022044499118177446
1355.545	0.022044499118177446
1355.688	0.022044499118177446
1355.832	0.022044499118177446
1355.976	0.022044499118177446
1356.1200000000001	0.022044499118177446
1356.2640000000001	0.022045553828436197
1356.4070000000002	0.022045553828436197
1356.5510000000002	0.022046608538694952
1356.6950000000002	0.022047663248953703
1356.8390000000002	0.022049245314341832
1356.983	0.022049245314341832
1357.127	0.022049245314341832
1357.271	0.022049245314341832
1357.414	0.022049245314341832
1357.558	0.022049245314341832
1357.702	0.022049245314341832
1357.846	0.022049245314341832
1357.99	0.022049245314341832
1358.134	0.022049245314341832
1358.278	0.022049245314341832
1358.421	0.022049245314341832
1358.565	0.022049245314341832
1358.709	0.022049245314341832
1358.853	0.022049245314341832
1358.997	0.022049245314341832
1359.141	0.022049245314341832
1359.285	0.022049245314341832
1359.428	0.022049245314341832
1359.5720000000001	0.022049245314341832
1359.7160000000001	0.022049245314341832
1359.8600000000001	0.022049245314341832
1360.0030000000002	0.022049245314341832
1360.1470000000002	0.022049245314341832
1360.2910000000002	0.022049245314341832
1360.435	0.022049245314341832
1360.579	0.022049245314341832
1360.723	0.022049245314341832
1360.867	0.022049245314341832
1361.01	0.022049245314341832
1361.154	0.022049245314341832
1361.298	0.022049245314341832
1361.442	0.022049245314341832
1361.586	0.022049245314341832
1361.73	0.022049245314341832
1361.874	0.022049772669471206
1362.017	0.022049772669471206
1362.161	0.022051354734859335
1362.305	0.022052936800247468
1362.448	0.022052936800247468
1362.593	0.022052936800247468
1362.736	0.022055573575894348
1362.88	0.022058210351541225
1363.0240000000001	0.022058210351541225
1363.1680000000001	0.022058210351541225
1363.3120000000001	0.022058210351541225
1363.4550000000002	0.022058210351541225
1363.6000000000001	0.022058210351541225
1363.7430000000002	0.022058210351541225
1363.887	0.022058210351541225
1364.031	0.022058210351541225
1364.175	0.0220587377066706
1364.319	0.0220587377066706
1364.462	0.0220587377066706
1364.606	0.022059265061799976
1364.75	0.022059265061799976
1364.894	0.022059265061799976
1365.037	0.022059265061799976
1365.182	0.022059265061799976
1365.326	0.022059265061799976
1365.469	0.022059265061799976
1365.613	0.022059265061799976
1365.757	0.022059265061799976
1365.901	0.022059265061799976
1366.044	0.022059265061799976
1366.189	0.022059265061799976
1366.333	0.022059265061799976
1366.476	0.022059265061799976
1366.6200000000001	0.022059265061799976
1366.7640000000001	0.022059265061799976
1366.9080000000001	0.022059265061799976
1367.0510000000002	0.022059265061799976
1367.1950000000002	0.022059265061799976
1367.342	0.022059265061799976
1367.483	0.022059265061799976
1367.627	0.022059265061799976
1367.771	0.022059265061799976
1367.914	0.022059265061799976
1368.058	0.022059265061799976
1368.202	0.022059265061799976
1368.347	0.02206401125796436
1368.491	0.02206401125796436
1368.635	0.022068757454128746
1368.779	0.022068757454128746
1368.922	0.022068757454128746
1369.066	0.022068757454128746
1369.21	0.022072976295163756
1369.354	0.022072976295163756
1369.497	0.022078249846457516
1369.641	0.022079831911845642
1369.785	0.02208141397723377
1369.929	0.022086160173398154
1370.073	0.022089851659303786
1370.217	0.022093015790080044
1370.361	0.0220961799208563
1370.5040000000001	0.022097234631115053
1370.6480000000001	0.022101453472150062
1370.7920000000001	0.022106199668314445
1370.9360000000001	0.0221093637990907
1371.0800000000002	0.0221093637990907
1371.2240000000002	0.022112527929866958
1371.3680000000002	0.022112527929866958
1371.511	0.022116746770901967
1371.655	0.02212149296706635
1371.799	0.02212149296706635
1371.943	0.02212149296706635
1372.087	0.02212149296706635
1372.231	0.02212149296706635
1372.374	0.02212149296706635
1372.518	0.02212149296706635
1372.662	0.022124657097842608
1372.806	0.022128875938877614
1372.95	0.022128875938877614
1373.093	0.022132567424783246
1373.238	0.022132567424783246
1373.381	0.022132567424783246
1373.525	0.022132567424783246
1373.669	0.022134676845300752
1373.813	0.022138895686335758
1373.957	0.022145751303017647
1374.1000000000001	0.022145751303017647
1374.2440000000001	0.022145751303017647
1374.3880000000001	0.022151552209440782
1374.5320000000002	0.022151552209440782
1374.6760000000002	0.02215471634021704
1374.8200000000002	0.022164208732545813
1374.9640000000002	0.022181084096685844
1375.107	0.022190049133885236
1375.251	0.022193740619790868
1375.395	0.02220428772237839
1375.539	0.022212725404448404
1375.683	0.022215889535224662
1375.827	0.02221747160061279
1375.971	0.022225381927553432
1376.114	0.022225381927553432
1376.258	0.022225381927553432
1376.402	0.022225381927553432
1376.545	0.022225381927553432
1376.69	0.022225381927553432
1376.833	0.022225381927553432
1376.977	0.022225381927553432
1377.121	0.022225381927553432
1377.265	0.022225381927553432
1377.409	0.022225381927553432
1377.5520000000001	0.022225381927553432
1377.6970000000001	0.022225381927553432
1377.8400000000001	0.022225381927553432
1377.9840000000002	0.022225381927553432
1378.1280000000002	0.022225381927553432
1378.2720000000002	0.022225381927553432
1378.4160000000002	0.022225381927553432
1378.559	0.022225381927553432
1378.703	0.022225381927553432
1378.847	0.022225381927553432
1378.991	0.022225381927553432
1379.135	0.022225381927553432
1379.279	0.022225381927553432
1379.423	0.022225381927553432
1379.566	0.022225381927553432
1379.71	0.022225381927553432
1379.854	0.022225381927553432
1379.998	0.022225381927553432
1380.142	0.022225381927553432
1380.286	0.022225381927553432
1380.43	0.022234346964752825
1380.573	0.022236983740399705
1380.717	0.02224964026350473
1380.861	0.022261242076351002
1381.005	0.022270734468679772
1381.1480000000001	0.022270734468679772
1381.2920000000001	0.02228128157126729
1381.4360000000001	0.022286027767431674
1381.5800000000002	0.022304485196959836
1381.7240000000002	0.022327161467523005
1381.8680000000002	0.02233454443933427
1382.012	0.022335599149593023
1382.155	0.022337181214981155
1382.303	0.02234034534575741
1382.443	0.022350892448344928
1382.587	0.022366185747096833
1382.731	0.0223735687189081
1382.875	0.022375678139425606
1383.019	0.02237778755994311
1383.162	0.022393080858695014
1383.306	0.022411538288223176
1383.45	0.02241733919464631
1383.594	0.022421030680551943
1383.738	0.022431577783139464
1383.882	0.022441597530597608
1384.025	0.02244370695111511
1384.169	0.02244950785753825
1384.313	0.02246005496012577
1384.457	0.022467437931937038
1384.601	0.02247376619348955
1384.7440000000001	0.022481149165300814
1384.8890000000001	0.022483785940947694
1385.0320000000002	0.02248695007172395
1385.1760000000002	0.0224990792396996
1385.3200000000002	0.02250698956664024
1385.4640000000002	0.022509098987157743
1385.608	0.022509098987157743
1385.752	0.02250962634228712
1385.896	0.02251648195896901
1386.04	0.022524919641039025
1386.184	0.022527029061556528
1386.328	0.022527029061556528
1386.472	0.022527029061556528
1386.616	0.022527556416685905
1386.759	0.022528611126944657
1386.903	0.022529665837203408
1387.047	0.022530193192332786
1387.191	0.02253177525772091
1387.335	0.022533357323109043
1387.479	0.022534939388497172
1387.623	0.02253757616414405
1387.766	0.022539685584661552
1387.91	0.02254021293979093
1388.054	0.02254021293979093
1388.198	0.02254390442569656
1388.342	0.02254812326673157
1388.486	0.0225497053321197
1388.63	0.02255234210776658
1388.7730000000001	0.02255392417315471
1388.9170000000001	0.022555506238542834
1389.0610000000001	0.022555506238542834
1389.2050000000002	0.022557615659060337
1389.3490000000002	0.022559725079577844
1389.492	0.022561307144965972
1389.636	0.022562889210354098
1389.78	0.022562889210354098
1389.924	0.022566053341130356
1390.068	0.022568690116777236
1390.212	0.02256974482703599
1390.356	0.02257027218216537
1390.499	0.022574491023200374
1390.643	0.02257870986423538
1390.787	0.022579237219364758
1390.931	0.02258029192962351
1391.075	0.02258292870527039
1391.218	0.02258292870527039
1391.363	0.022584510770658518
1391.506	0.022584510770658518
1391.65	0.022584510770658518
1391.794	0.022585038125787896
1391.938	0.022585565480917273
1392.082	0.022585565480917273
1392.2250000000001	0.02258662019117602
1392.3690000000001	0.022588202256564147
1392.5130000000001	0.022590311677081653
1392.6570000000002	0.02259347580785791
1392.8010000000002	0.022596639938634165
1392.9450000000002	0.022598222004022294
1393.0890000000002	0.022598222004022294
1393.232	0.022598222004022294
1393.376	0.022598222004022294
1393.52	0.022598222004022294
1393.664	0.022598222004022294
1393.807	0.022598222004022294
1393.952	0.022598222004022294
1394.096	0.022598222004022294
1394.239	0.022598222004022294
1394.383	0.022598222004022294
1394.527	0.022598222004022294
1394.671	0.022598222004022294
1394.814	0.022598222004022294
1394.959	0.022598222004022294
1395.102	0.022598222004022294
1395.246	0.022598222004022294
1395.39	0.022598222004022294
1395.534	0.022598222004022294
1395.678	0.022598222004022294
1395.8210000000001	0.022598222004022294
1395.9660000000001	0.022598222004022294
1396.1090000000002	0.022598222004022294
1396.2530000000002	0.022598222004022294
1396.3970000000002	0.022598222004022294
1396.5410000000002	0.022598222004022294
1396.685	0.022598222004022294
1396.828	0.022598222004022294
1396.972	0.022598222004022294
1397.116	0.022598222004022294
1397.261	0.022598222004022294
1397.403	0.022598222004022294
1397.548	0.022599804069410423
1397.692	0.022601386134798552
1397.835	0.022601386134798552
1397.979	0.022602440845057303
1398.123	0.022605077620704184
1398.266	0.022607714396351064
1398.411	0.02260929646173919
1398.555	0.022609823816868567
1398.698	0.022610878527127322
1398.842	0.022612460592515447
1398.986	0.022614042657903576
1399.13	0.022615624723291705
1399.2740000000001	0.022617734143809208
1399.4180000000001	0.022619316209197337
1399.5610000000001	0.02262037091945609
1399.7050000000002	0.022621952984844217
1399.8490000000002	0.022623535050232343
1399.9930000000002	0.02262511711562047
1400.137	0.02262564447074985
1400.281	0.0226266991810086
1400.425	0.02262828124639673
1400.568	0.022628808601526107
1400.712	0.02262986331178486
1400.856	0.022631445377172987
1401.0	0.02263197273230236
1401.144	0.02263197273230236
1401.287	0.02263197273230236
1401.432	0.022633027442561113
1401.575	0.022635136863078616
1401.719	0.02263619157333737
1401.863	0.02263619157333737
1402.007	0.02263619157333737
1402.151	0.02263619157333737
1402.294	0.02263619157333737
1402.438	0.02263619157333737
1402.582	0.02263619157333737
1402.726	0.02263619157333737
1402.8690000000001	0.02263619157333737
1403.0140000000001	0.02263619157333737
1403.1580000000001	0.02263619157333737
1403.3020000000001	0.02263619157333737
1403.4460000000001	0.02263619157333737
1403.5900000000001	0.022636718928466748
1403.7340000000002	0.02263882834898425
1403.877	0.02263882834898425
1404.0220000000002	0.02263882834898425
1404.165	0.02263882834898425
1404.309	0.022640410414372376
1404.453	0.022640410414372376
1404.597	0.022640410414372376
1404.741	0.022640410414372376
1404.884	0.022640410414372376
1405.028	0.022640410414372376
1405.172	0.022640410414372376
1405.316	0.022640410414372376
1405.46	0.022640410414372376
1405.604	0.022640410414372376
1405.748	0.022640410414372376
1405.891	0.022640410414372376
1406.035	0.022640410414372376
1406.179	0.022640410414372376
1406.323	0.022640410414372376
1406.467	0.022640410414372376
1406.611	0.022640410414372376
1406.7540000000001	0.02263882834898425
1406.8980000000001	0.022636718928466748
1407.0420000000001	0.022636718928466748
1407.1860000000001	0.022636718928466748
1407.3300000000002	0.02263619157333737
1407.4740000000002	0.02263619157333737
1407.6180000000002	0.02263619157333737
1407.761	0.02263619157333737
1407.905	0.02263619157333737
1408.049	0.02263619157333737
1408.193	0.02263619157333737
1408.336	0.02263619157333737
1408.481	0.02263619157333737
1408.624	0.02263619157333737
1408.768	0.02263619157333737
1408.912	0.02263619157333737
1409.056	0.02263619157333737
1409.2	0.02263619157333737
1409.343	0.02263619157333737
1409.487	0.02263619157333737
1409.631	0.02263619157333737
1409.775	0.02263619157333737
1409.919	0.022636718928466748
1410.063	0.02263882834898425
1410.207	0.02263882834898425
1410.3500000000001	0.02263882834898425
1410.4940000000001	0.02263882834898425
1410.6380000000001	0.02263882834898425
1410.7820000000002	0.02263882834898425
1410.9260000000002	0.022636718928466748
1411.0700000000002	0.022636718928466748
1411.2140000000002	0.022636718928466748
1411.357	0.022636718928466748
1411.501	0.022636718928466748
1411.645	0.022636718928466748
1411.789	0.02263619157333737
1411.932	0.022635136863078616
1412.077	0.022633027442561113
1412.221	0.02263197273230236
1412.367	0.022631445377172987
1412.508	0.02262986331178486
1412.652	0.022628808601526107
1412.796	0.02262828124639673
1412.939	0.0226266991810086
1413.084	0.02262564447074985
1413.227	0.02262511711562047
1413.371	0.022623535050232343
1413.515	0.022621952984844217
1413.659	0.02262037091945609
1413.803	0.022619316209197337
1413.9460000000001	0.022618788854067963
1414.0900000000001	0.022618261498938586
1414.2340000000002	0.022618261498938586
1414.3780000000002	0.022617206788679834
1414.5220000000002	0.022615624723291705
1414.6670000000001	0.022614042657903576
1414.81	0.022612460592515447
1414.953	0.022610878527127322
1415.097	0.022609823816868567
1415.241	0.02260929646173919
1415.385	0.022607714396351064
1415.529	0.022605077620704184
1415.673	0.022603495555316058
1415.817	0.022602440845057303
1415.96	0.022601386134798552
1416.104	0.022601386134798552
1416.248	0.022599804069410423
1416.392	0.022598222004022294
1416.536	0.022598222004022294
1416.679	0.022596639938634165
1416.823	0.02259347580785791
1416.967	0.022590311677081653
1417.111	0.0225871475463054
1417.255	0.022585565480917273
1417.3990000000001	0.022585038125787896
1417.5430000000001	0.022584510770658518
1417.6860000000001	0.02258292870527039
1417.8300000000002	0.02258029192962351
1417.9740000000002	0.022579237219364758
1418.1180000000002	0.02257870986423538
1418.262	0.022574491023200374
1418.406	0.02257027218216537
1418.549	0.02256974482703599
1418.693	0.022568690116777236
1418.837	0.022566053341130356
1418.981	0.022566053341130356
1419.125	0.022564471275742227
1419.269	0.022562889210354098
1419.413	0.022560779789836595
1419.556	0.02256025243470722
1419.7	0.022558670369319092
1419.844	0.02255603359367221
1419.987	0.022554451528284083
1420.132	0.02255392417315471
1420.276	0.022552869462895954
1420.419	0.022550232687249074
1420.563	0.02254812326673157
1420.708	0.02254812326673157
1420.852	0.02254812326673157
1420.9950000000001	0.02254812326673157
1421.1390000000001	0.02254812326673157
1421.2830000000001	0.02254812326673157
1421.4270000000001	0.02254654120134344
1421.5710000000001	0.02254654120134344
1421.7150000000001	0.02254284971543781
1421.8590000000002	0.022539685584661552
1422.002	0.022539158229532178
1422.146	0.02253757616414405
1422.29	0.022534939388497172
1422.434	0.022533357323109043
1422.578	0.022532829967979666
1422.722	0.02253177525772091
1422.866	0.022530193192332786
1423.009	0.022529665837203408
1423.153	0.022529665837203408
1423.297	0.022529665837203408
1423.441	0.022529665837203408
1423.584	0.022529665837203408
1423.729	0.022529665837203408
1423.872	0.022529665837203408
1424.016	0.022529665837203408
1424.16	0.022529665837203408
1424.304	0.022528611126944657
1424.448	0.022525446996168402
1424.5910000000001	0.0225233375756509
1424.7350000000001	0.02252175551026277
1424.8790000000001	0.022519118734615887
1425.0230000000001	0.02251753666922776
1425.1670000000001	0.022517009314098384
1425.3110000000001	0.022517009314098384
1425.4550000000002	0.022513317828192752
1425.598	0.02250962634228712
1425.742	0.022509098987157743
1425.886	0.02250857163202837
1426.03	0.02250698956664024
1426.174	0.022502770725605227
1426.318	0.022499606594828976
1426.462	0.02249749717431147
1426.605	0.02249327833327646
1426.749	0.022489059492241455
1426.893	0.02248167652043019
1427.037	0.022474293548618924
1427.181	0.02246954735245454
1427.328	0.022464801156290154
1427.468	0.022463219090902025
1427.612	0.02246269173577265
1427.756	0.022460582315255148
1427.9	0.02245900024986702
1428.0430000000001	0.022455836119090765
1428.1870000000001	0.022452671988314507
1428.3310000000001	0.022452671988314507
1428.4750000000001	0.022452671988314507
1428.6190000000001	0.022452671988314507
1428.7630000000001	0.022447398437020746
1428.9070000000002	0.022442124885726986
1429.05	0.022440542820338857
1429.1950000000002	0.022436851334433225
1429.338	0.022431577783139464
1429.482	0.02242155803568132
1429.625	0.022414175063870057
1429.77	0.022412592998481924
1429.913	0.0224110109330938
1430.057	0.022408901512576296
1430.201	0.022406264736929415
1430.345	0.022402045895894406
1430.489	0.022398354409988774
1430.632	0.022397827054859397
1430.776	0.022396772344600642
1430.92	0.022395190279212517
1431.064	0.02239360821382439
1431.208	0.022392553503565636
1431.352	0.022390444083048133
1431.496	0.02238833466253063
1431.6390000000001	0.022387279952271875
1431.7830000000001	0.02238358846636624
1431.9270000000001	0.022379369625331234
1432.0710000000001	0.022375678139425606
1432.2150000000001	0.0223735687189081
1432.3590000000002	0.02237093194326122
1432.5030000000002	0.022367767812484965
1432.646	0.022364603681708707
1432.79	0.022361966906061827
1432.934	0.022359857485544324
1433.078	0.02235774806502682
1433.222	0.022355638644509315
1433.366	0.02235300186886243
1433.509	0.022349310382956802
1433.653	0.022345091541921793
1433.797	0.022343509476533664
1433.941	0.02234298212140429
1434.084	0.02234298212140429
1434.229	0.02234034534575741
1434.372	0.02233770857011053
1434.516	0.022337181214981155
1434.66	0.022336653859851778
1434.804	0.022335599149593023
1434.948	0.022334017084204898
1435.0910000000001	0.02233243501881677
1435.2350000000001	0.022326634112393634
1435.3790000000001	0.022321887916229247
1435.5230000000001	0.02232030585084112
1435.6670000000001	0.02231608700980611
1435.8110000000001	0.022310286103382974
1435.9550000000002	0.022306594617477343
1436.098	0.02230026635592483
1436.242	0.022291301318725434
1436.386	0.02228813718794918
1436.53	0.02228655512256105
1436.673	0.02228391834691417
1436.818	0.02228286363665542
1436.961	0.02228286363665542
1437.105	0.022280754216137913
1437.249	0.022277590085361655
1437.393	0.022276535375102904
1437.537	0.02227600801997353
1437.68	0.022272843889197275
1437.825	0.02226967975842102
1437.968	0.02226809769303289
1438.112	0.022267042982774137
1438.257	0.022263878851997883
1438.401	0.02225755059044537
1438.545	0.022251749684022236
1438.688	0.022249112908375356
1438.832	0.022247003487857853
1438.976	0.022243312001952217
1439.1200000000001	0.02224014787117596
1439.2640000000001	0.02223751109552908
1439.4080000000001	0.022236456385270324
1439.5520000000001	0.02223592903014095
1439.6950000000002	0.022235401675011576
1439.8390000000002	0.022232764899364696
1439.983	0.022221163086518423
1440.127	0.0222106159839309
1440.271	0.022205869787766515
1440.415	0.022199541526214006
1440.558	0.02219637739543775
1440.702	0.02219637739543775
1440.846	0.022193740619790868
1440.99	0.022187412358238352
1441.133	0.02218266616207397
1441.278	0.022179502031297718
1441.421	0.022175810545392083
1441.565	0.022173173769745202
1441.709	0.022171591704357077
1441.853	0.022168954928710193
1441.997	0.022163681377416432
1442.14	0.022155243695346417
1442.286	0.022148388078664528
1442.428	0.022145751303017647
1442.5720000000001	0.022143114527370767
1442.7160000000001	0.022138895686335758
1442.8600000000001	0.022135731555559507
1443.0040000000001	0.02213520420043013
1443.1470000000002	0.022134149490171375
1443.2910000000002	0.02213309477991262
1443.435	0.022131512714524494
1443.579	0.02212940329400699
1443.722	0.022128875938877614
1443.867	0.02212782122861886
1444.01	0.022126766518360107
1444.154	0.022126239163230733
1444.298	0.02212307503245448
1444.442	0.022118328836290092
1444.586	0.022115164705513838
1444.729	0.02210989115422008
1444.873	0.022105144958055694
1445.017	0.022104617602926317
1445.161	0.022101980827279436
1445.305	0.022098816696503182
1445.449	0.02209354314520942
1445.593	0.02208563281826878
1445.736	0.022082468687492522
1445.88	0.02207877720158689
1446.0240000000001	0.022068757454128746
1446.1680000000001	0.022060847127188105
1446.3120000000001	0.022059265061799976
1446.4560000000001	0.0220587377066706
1446.6000000000001	0.022058210351541225
1446.7430000000002	0.022053991510506216
1446.887	0.022048190604083077
1447.031	0.022045553828436197
1447.175	0.022042917052789317
1447.319	0.022040807632271814
1447.463	0.02203711614636618
1447.607	0.022032897305331173
1447.75	0.02202815110916679
1447.894	0.022024459623261154
1448.038	0.022023404913002406
1448.181	0.022020768137355526
1448.326	0.02201707665144989
1448.469	0.022012857810414885
1448.613	0.022010748389897382
1448.757	0.02200916632450925
1448.901	0.02200389277321549
1449.045	0.02199861922192173
1449.188	0.021995455091145474
1449.333	0.021993873025757345
1449.476	0.021993873025757345
1449.6200000000001	0.021992818315498593
1449.7640000000001	0.021991236250110464
1449.9080000000001	0.02199070889498109
1450.0520000000001	0.02198912682959296
1450.1950000000002	0.02198649005394608
1450.3390000000002	0.021985435343687333
1450.483	0.021984907988557956
1450.627	0.021981743857781698
1450.771	0.021974360885970434
1450.915	0.021968559979547296
1451.059	0.021966977914159167
1451.202	0.021966450559029793
1451.346	0.021965395848771038
1451.49	0.021962231717994784
1451.634	0.021956958166701027
1451.778	0.021951684615407266
1451.922	0.02194799312950163
1452.065	0.021943246933337247
1452.209	0.02194008280256099
1452.353	0.02194008280256099
1452.497	0.021936918671784735
1452.641	0.021930590410232223
1452.784	0.021926898924326588
1452.929	0.021923734793550333
1453.0720000000001	0.021921098017903453
1453.2160000000001	0.021918461242256573
1453.3600000000001	0.021915297111480315
1453.5040000000001	0.021913715046092186
1453.6480000000001	0.02191107827044531
1453.7910000000002	0.02190949620505718
1453.935	0.02190791413966905
1454.079	0.021906332074280922
1454.223	0.021906332074280922
1454.367	0.02190264058837529
1454.511	0.021897894392210907
1454.655	0.021891038775529018
1454.798	0.02188523786910588
1454.942	0.021884710513976502
1455.086	0.021882601093459
1455.23	0.02187627283190649
1455.373	0.02186678043957772
1455.518	0.021862034243413337
1455.662	0.02185992482289583
1455.806	0.0218562333369902
1455.95	0.02185465127160207
1456.094	0.021853069206213944
1456.238	0.021851487140825816
1456.381	0.021851487140825816
1456.526	0.02184937772030831
1456.669	0.021843049458755797
1456.813	0.021838830617720788
1456.957	0.021838830617720788
1457.101	0.02183830326259141
1457.2450000000001	0.021837775907462036
1457.393	0.021836721197203285
1457.5320000000002	0.02183513913181516
1457.6760000000002	0.021831447645909524
1457.8200000000002	0.021828283515133266
1457.9640000000002	0.02182722880487452
1458.108	0.021825119384357015
1458.252	0.021825119384357015
1458.395	0.021821955253580758
1458.539	0.02181720905741637
1458.6860000000001	0.02181457228176949
1458.827	0.021814044926640117
1458.973	0.021812462861251988
1459.114	0.02181088079586386
1459.262	0.02181088079586386
1459.406	0.021809298730475733
1459.548	0.02180824402021698
1459.69	0.02180666195482885
1459.833	0.021801915758664466
1459.978	0.021798224272758834
1460.122	0.021797696917629457
1460.265	0.021794005431723825
1460.409	0.02178820452530069
1460.553	0.021786095104783184
1460.6970000000001	0.021786095104783184
1460.8400000000001	0.021785040394524433
1460.9850000000001	0.021785040394524433
1461.1280000000002	0.021785040394524433
1461.2720000000002	0.021785040394524433
1461.4160000000002	0.021785040394524433
1461.56	0.021785040394524433
1461.704	0.021785040394524433
1461.847	0.021785040394524433
1461.991	0.021785040394524433
1462.135	0.021785040394524433
1462.279	0.021785040394524433
1462.423	0.021785040394524433
1462.567	0.021785040394524433
1462.711	0.021785040394524433
1462.854	0.021785040394524433
1462.998	0.021785040394524433
1463.142	0.021785040394524433
1463.286	0.021785040394524433
1463.43	0.021785040394524433
1463.574	0.021785040394524433
1463.718	0.021785040394524433
1463.861	0.021785040394524433
1464.005	0.021785040394524433
1464.1490000000001	0.021785040394524433
1464.2930000000001	0.021785040394524433
1464.4370000000001	0.021785040394524433
1464.5810000000001	0.021785040394524433
1464.7250000000001	0.021785040394524433
1464.8680000000002	0.021785040394524433
1465.012	0.021785040394524433
1465.156	0.021785040394524433
1465.3	0.021785040394524433
1465.443	0.021785040394524433
1465.588	0.021785040394524433
1465.731	0.021785040394524433
1465.875	0.021785040394524433
1466.019	0.021785040394524433
1466.163	0.021785040394524433
1466.307	0.021785040394524433
1466.45	0.021785040394524433
1466.594	0.021785040394524433
1466.738	0.021785040394524433
1466.882	0.021785040394524433
1467.026	0.021785040394524433
1467.17	0.021785040394524433
1467.314	0.021785040394524433
1467.457	0.021785040394524433
1467.6000000000001	0.021785040394524433
1467.7450000000001	0.021785040394524433
1467.8890000000001	0.021785040394524433
1468.0330000000001	0.021785040394524433
1468.1770000000001	0.021785040394524433
1468.3210000000001	0.021785040394524433
1468.4640000000002	0.021785040394524433
1468.608	0.021785040394524433
1468.752	0.021785040394524433
1468.896	0.021785040394524433
1469.04	0.021785040394524433
1469.184	0.021785040394524433
1469.327	0.021785040394524433
1469.471	0.021785040394524433
1469.615	0.021785040394524433
1469.759	0.021786095104783184
1469.902	0.021786095104783184
1470.047	0.021786095104783184
1470.191	0.021786095104783184
1470.334	0.021786095104783184
1470.478	0.021786095104783184
1470.622	0.021786095104783184
1470.766	0.021786095104783184
1470.909	0.021786095104783184
1471.054	0.021786095104783184
1471.1970000000001	0.021786095104783184
1471.3410000000001	0.021786095104783184
1471.4850000000001	0.021786095104783184
1471.6290000000001	0.02178820452530069
1471.7730000000001	0.02178820452530069
1471.9160000000002	0.02178820452530069
1472.06	0.02178820452530069
1472.204	0.02178820452530069
1472.351	0.02178820452530069
1472.491	0.02178820452530069
1472.636	0.02178820452530069
1472.78	0.02178820452530069
1472.923	0.02178820452530069
1473.067	0.02178820452530069
1473.212	0.02178820452530069
1473.356	0.02178820452530069
1473.499	0.02178820452530069
1473.644	0.02178820452530069
1473.787	0.02178820452530069
1473.931	0.02178820452530069
1474.075	0.02178820452530069
1474.219	0.02178820452530069
1474.363	0.021794005431723825
1474.506	0.021798224272758834
1474.651	0.021798751627888212
1474.794	0.021803497824052595
1474.938	0.02180824402021698
1475.082	0.02181088079586386
1475.226	0.021814044926640117
1475.3700000000001	0.02181720905741637
1475.5130000000001	0.02181720905741637
1475.6580000000001	0.02181720905741637
1475.8010000000002	0.021814044926640117
1475.9450000000002	0.02181088079586386
1476.0890000000002	0.02180824402021698
1476.233	0.021803497824052595
1476.377	0.021798751627888212
1476.52	0.021798224272758834
1476.664	0.021794005431723825
1476.808	0.021794005431723825
1476.952	0.02178820452530069
1477.096	0.021786095104783184
1477.24	0.021786095104783184
1477.384	0.02178029419836005
1477.527	0.021774493291936915
1477.671	0.021773965936807537
1477.815	0.02177343858167816
1477.959	0.02177185651629003
1478.103	0.02176763767525502
1478.247	0.021762364123961264
1478.391	0.021759727348314384
1478.534	0.021759199993185006
1478.678	0.021758672638055632
1478.8220000000001	0.02175761792779688
1478.9660000000001	0.02175603586240875
1479.1100000000001	0.02175550850727937
1479.2530000000002	0.02175445379702062
1479.3970000000002	0.021749707600856236
1479.5410000000002	0.021746016114950605
1479.685	0.021744961404691853
1479.829	0.0217439066944331
1479.972	0.021740742563656844
1480.117	0.02173757843288059
1480.26	0.02173599636749246
1480.404	0.021734414302104335
1480.548	0.02173335959184558
1480.692	0.021731777526457455
1480.836	0.021730195461069322
1480.979	0.021728613395681197
1481.123	0.021727031330293068
1481.267	0.021725976620034317
1481.411	0.021725976620034317
1481.555	0.02172281248925806
1481.699	0.0217196483584818
1481.843	0.0217196483584818
1481.986	0.021719121003352423
1482.13	0.021719121003352423
1482.2740000000001	0.02171701158283492
1482.4180000000001	0.021715429517446795
1482.5620000000001	0.02171437480718804
1482.7060000000001	0.02171332009692929
1482.8500000000001	0.02171173803154116
1482.9930000000002	0.02170857390076491
1483.137	0.02170857390076491
1483.281	0.02170857390076491
1483.425	0.02170857390076491
1483.568	0.02170857390076491
1483.712	0.021706464480247403
1483.856	0.021706464480247403
1484.0	0.021706464480247403
1484.144	0.021706464480247403
1484.288	0.021706464480247403
1484.432	0.021706464480247403
1484.575	0.021706464480247403
1484.719	0.021705937125118025
1484.863	0.021706464480247403
1485.007	0.021706464480247403
1485.151	0.021706464480247403
1485.295	0.021706464480247403
1485.439	0.021706464480247403
1485.582	0.021705937125118025
1485.726	0.021706464480247403
1485.8700000000001	0.021706464480247403
1486.0140000000001	0.021706464480247403
1486.1580000000001	0.02170699183537678
1486.3020000000001	0.02170857390076491
1486.448	0.02171173803154116
1486.5900000000001	0.02171332009692929
1486.733	0.02171437480718804
1486.877	0.021715429517446795
1487.025	0.021715429517446795
1487.164	0.021715956872576173
1487.313	0.02171648422770555
1487.452	0.02171648422770555
1487.596	0.02171648422770555
1487.74	0.02171648422770555
1487.884	0.02171648422770555
1488.028	0.02171648422770555
1488.171	0.021717538937964298
1488.315	0.021717538937964298
1488.459	0.02171648422770555
1488.603	0.02171648422770555
1488.747	0.021715956872576173
1488.891	0.021715956872576173
1489.036	0.021715429517446795
1489.178	0.02171437480718804
1489.3220000000001	0.02171332009692929
1489.4660000000001	0.02171173803154116
1489.6100000000001	0.02170857390076491
1489.7540000000001	0.02170699183537678
1489.8980000000001	0.021706464480247403
1490.0420000000001	0.021705937125118025
1490.185	0.021705937125118025
1490.329	0.021705937125118025
1490.473	0.021704882414859274
1490.6180000000002	0.02170382770460052
1490.762	0.02170382770460052
1490.905	0.02170277299434177
1491.049	0.02170013621869489
1491.193	0.02170277299434177
1491.337	0.02170277299434177
1491.481	0.02170013621869489
1491.625	0.02169855415330676
1491.769	0.021698026798177387
1491.912	0.021698026798177387
1492.056	0.02169855415330676
1492.2	0.02170119092895364
1492.344	0.02169855415330676
1492.488	0.02170119092895364
1492.631	0.02170119092895364
1492.776	0.02170382770460052
1492.919	0.021704882414859274
1493.063	0.02170382770460052
1493.207	0.02170382770460052
1493.351	0.02170382770460052
1493.4950000000001	0.02170382770460052
1493.6380000000001	0.02170382770460052
1493.7820000000002	0.02170382770460052
1493.9260000000002	0.02170382770460052
1494.0700000000002	0.02170382770460052
1494.2140000000002	0.02170382770460052
1494.358	0.02170382770460052
1494.501	0.02170382770460052
1494.645	0.02170382770460052
1494.789	0.021704882414859274
1494.933	0.021705937125118025
1495.077	0.021705937125118025
1495.22	0.021705937125118025
1495.365	0.021706464480247403
1495.508	0.02170857390076491
1495.652	0.02171173803154116
1495.796	0.02171332009692929
1495.94	0.02171437480718804
1496.084	0.021715429517446795
1496.227	0.021715956872576173
1496.371	0.02171648422770555
1496.515	0.021717538937964298
1496.659	0.021717538937964298
1496.803	0.02171859364822305
1496.9470000000001	0.02171859364822305
1497.0910000000001	0.021719121003352423
1497.2340000000002	0.0217196483584818
1497.3780000000002	0.0217196483584818
1497.5220000000002	0.02172281248925806
1497.6660000000002	0.021725976620034317
1497.81	0.021729140750810574
1497.954	0.02173335959184558
1498.097	0.021734414302104335
1498.241	0.021734414302104335
1498.385	0.021734414302104335
1498.529	0.021734414302104335
1498.673	0.021734414302104335
1498.817	0.021734414302104335
1498.96	0.021735469012363087
1499.104	0.021737051077751215
1499.248	0.02173757843288059
1499.392	0.02173757843288059
1499.536	0.02173757843288059
1499.679	0.02173757843288059
1499.823	0.02173757843288059
1499.967	0.02173757843288059
1500.111	0.02173757843288059
1500.255	0.02173757843288059
1500.3990000000001	0.02173757843288059
1500.5430000000001	0.02173757843288059
1500.6860000000001	0.02173757843288059
1500.8300000000002	0.02173757843288059
1500.9740000000002	0.02173757843288059
1501.1180000000002	0.021737051077751215
1501.262	0.021735469012363087
1501.406	0.021734414302104335
1501.55	0.021734414302104335
1501.693	0.021730195461069326
1501.837	0.021725976620034317
1501.981	0.02172281248925806
1502.125	0.0217196483584818
1502.271	0.0217196483584818
1502.411	0.021719121003352423
1502.556	0.021719121003352423
1502.7	0.02171859364822305
1502.844	0.02171859364822305
1502.988	0.02171859364822305
1503.132	0.02171859364822305
1503.275	0.02171859364822305
1503.419	0.02171859364822305
1503.563	0.02171859364822305
1503.707	0.02171859364822305
1503.851	0.02171859364822305
1503.9950000000001	0.02171859364822305
1504.1390000000001	0.02171859364822305
1504.2820000000002	0.02171859364822305
1504.4260000000002	0.02171859364822305
1504.5700000000002	0.021717538937964298
1504.7140000000002	0.021717538937964298
1504.858	0.021717538937964298
1505.002	0.021717538937964298
1505.145	0.02171859364822305
1505.289	0.02171859364822305
1505.433	0.021719121003352423
1505.577	0.0217196483584818
1505.72	0.0217196483584818
1505.865	0.0217196483584818
1506.008	0.0217196483584818
1506.152	0.0217196483584818
1506.296	0.0217196483584818
1506.44	0.0217196483584818
1506.584	0.0217196483584818
1506.727	0.0217196483584818
1506.871	0.0217196483584818
1507.015	0.0217196483584818
1507.159	0.0217196483584818
1507.303	0.0217196483584818
1507.4470000000001	0.02172281248925806
1507.5910000000001	0.021730195461069326
1507.7340000000002	0.021734414302104335
1507.8780000000002	0.021734414302104335
1508.0220000000002	0.021735469012363087
1508.1670000000001	0.021735469012363087
1508.3110000000001	0.021737051077751215
1508.4550000000002	0.02173757843288059
1508.5990000000002	0.02173757843288059
1508.742	0.02173863314313934
1508.886	0.021740215208527466
1509.03	0.0217417972739156
1509.174	0.021743379339303724
1509.317	0.02174548875982123
1509.461	0.021748652890597485
1509.605	0.021751289666244365
1509.749	0.02175234437650312
1509.893	0.02175234437650312
1510.037	0.021755508507279378
1510.181	0.021758672638055632
1510.324	0.021758672638055632
1510.468	0.021759199993185006
1510.612	0.021759727348314384
1510.756	0.021762364123961264
1510.9	0.02176500089960814
1511.044	0.02176500089960814
1511.188	0.02176500089960814
1511.3310000000001	0.02176500089960814
1511.4750000000001	0.02176500089960814
1511.6190000000001	0.02176500089960814
1511.7630000000001	0.02176500089960814
1511.9070000000002	0.02176500089960814
1512.05	0.02176500089960814
1512.194	0.02176500089960814
1512.338	0.02176500089960814
1512.482	0.02176500089960814
1512.626	0.02176500089960814
1512.77	0.02176500089960814
1512.914	0.02176500089960814
1513.057	0.02176500089960814
1513.201	0.02176500089960814
1513.345	0.02176500089960814
1513.489	0.02176500089960814
1513.633	0.02176500089960814
1513.776	0.02176500089960814
1513.92	0.02176500089960814
1514.064	0.02176500089960814
1514.208	0.02176500089960814
1514.352	0.02176500089960814
1514.496	0.02176500089960814
1514.64	0.02176500089960814
1514.7830000000001	0.02176500089960814
1514.9270000000001	0.02176500089960814
1515.0710000000001	0.02176500089960814
1515.2150000000001	0.02176500089960814
1515.358	0.02176500089960814
1515.5030000000002	0.02176500089960814
1515.646	0.02176500089960814
1515.79	0.02176500089960814
1515.934	0.02176500089960814
1516.078	0.02176500089960814
1516.222	0.02176500089960814
1516.367	0.02176500089960814
1516.509	0.02176500089960814
1516.653	0.02176500089960814
1516.797	0.02176500089960814
1516.941	0.02176500089960814
1517.085	0.02176500089960814
1517.229	0.02176500089960814
1517.375	0.02176500089960814
1517.516	0.02176500089960814
1517.66	0.02176500089960814
1517.804	0.02176500089960814
1517.948	0.02176500089960814
1518.092	0.02176500089960814
1518.2350000000001	0.02176500089960814
1518.3790000000001	0.02176500089960814
1518.5230000000001	0.02176500089960814
1518.6670000000001	0.02176500089960814
1518.81	0.02176500089960814
1518.9550000000002	0.02176500089960814
1519.0990000000002	0.02176500089960814
1519.242	0.02176500089960814
1519.386	0.02176500089960814
1519.53	0.02176500089960814
1519.674	0.02176500089960814
1519.817	0.02176500089960814
1519.962	0.02176500089960814
1520.105	0.02176500089960814
1520.249	0.02176500089960814
1520.393	0.02176500089960814
1520.537	0.02176500089960814
1520.681	0.02176500089960814
1520.824	0.02176500089960814
1520.968	0.02176500089960814
1521.112	0.02176500089960814
1521.256	0.02176500089960814
1521.4	0.02176500089960814
1521.544	0.02176500089960814
1521.691	0.02176500089960814
1521.8310000000001	0.02176500089960814
1521.9750000000001	0.02176500089960814
1522.1190000000001	0.02176500089960814
1522.2630000000001	0.02176500089960814
1522.4070000000002	0.02176500089960814
1522.5510000000002	0.02176500089960814
1522.6950000000002	0.02176500089960814
1522.838	0.02176500089960814
1522.982	0.02176500089960814
1523.126	0.02176500089960814
1523.27	0.02176500089960814
1523.414	0.02176500089960814
1523.558	0.02176500089960814
1523.701	0.02176500089960814
1523.845	0.02176500089960814
1523.989	0.02176500089960814
1524.133	0.02176500089960814
1524.276	0.02176500089960814
1524.421	0.02176500089960814
1524.564	0.02176500089960814
1524.708	0.02176500089960814
1524.852	0.02176500089960814
1524.996	0.02176500089960814
1525.1390000000001	0.02176500089960814
1525.284	0.02176500089960814
1525.428	0.02176500089960814
1525.5720000000001	0.02176500089960814
1525.7160000000001	0.02176500089960814
1525.8600000000001	0.02176500089960814
1526.0040000000001	0.02176500089960814
1526.1470000000002	0.021766055609866893
1526.2910000000002	0.021768692385513773
1526.435	0.02177185651629003
1526.579	0.021776602712454414
1526.723	0.02178029419836005
1526.867	0.021782403618877552
1527.01	0.021789786590688816
1527.155	0.021798224272758834
1527.298	0.021802443113793844
1527.442	0.021804025179181973
1527.586	0.021805607244570098
1527.73	0.021808771375346356
1527.874	0.02181351757151074
1528.017	0.021817209057416374
1528.161	0.02181773641254575
1528.305	0.0218187911228045
1528.449	0.021820373188192625
1528.593	0.021820900543322003
1528.737	0.021821955253580754
1528.88	0.021821955253580754
1529.025	0.021821955253580754
1529.1680000000001	0.021821955253580754
1529.3120000000001	0.021821955253580754
1529.4560000000001	0.021821955253580754
1529.6000000000001	0.021821955253580754
1529.7440000000001	0.021821955253580754
1529.887	0.021823009963839506
1530.031	0.021825646739486386
1530.175	0.021825646739486386
1530.319	0.021828283515133266
1530.463	0.021828283515133266
1530.607	0.021831447645909524
1530.75	0.021834611776685782
1530.894	0.021834611776685782
1531.038	0.02183513913181516
1531.182	0.021837248552332662
1531.326	0.021837248552332662
1531.47	0.021839885327979543
1531.614	0.021842522103626423
1531.757	0.021842522103626423
1531.901	0.021842522103626423
1532.045	0.021847268299790806
1532.189	0.021850432430567064
1532.336	0.02185201449595519
1532.477	0.02185359656134332
1532.6200000000001	0.02185359656134332
1532.7640000000001	0.021855178626731447
1532.9080000000001	0.02185728804724895
1533.0520000000001	0.02185887011263708
1533.1960000000001	0.021860979533154586
1533.3400000000001	0.021863616308801466
1533.4840000000002	0.021863616308801466
1533.627	0.02186572572931897
1533.771	0.02186572572931897
1533.915	0.021867307794707098
1534.059	0.02186836250496585
1534.203	0.021868889860095227
1534.347	0.021868889860095227
1534.49	0.021868889860095227
1534.634	0.021868889860095227
1534.778	0.021870471925483352
1534.922	0.021872053990871478
1535.066	0.021874163411388984
1535.21	0.021876800187035868
1535.354	0.021879436962682748
1535.497	0.021882601093459
1535.641	0.021885765224235257
1535.785	0.021887347289623386
1535.929	0.021890511420399644
1536.073	0.021894730261434653
1536.217	0.021897894392210904
1536.3600000000001	0.02190105852298716
1536.5040000000001	0.021905277364022174
1536.6480000000001	0.021908968849927803
1536.7920000000001	0.02191055091531593
1536.9360000000001	0.02191318769096281
1537.0810000000001	0.021915297111480315
1537.2240000000002	0.021915824466609692
1537.3680000000002	0.021916879176868444
1537.511	0.021922152728162204
1537.656	0.021926371569197214
1537.8020000000001	0.021932699830749726
1539.0230000000001	0.021942192223078492
1539.1580000000001	0.02194693841924288
1539.3020000000001	0.021948520484631008
1539.4450000000002	0.021951684615407266
1539.5890000000002	0.0219574855218304
1539.733	0.021960649652606655
1539.877	0.021962759073124158
1540.021	0.021964341138512287
1540.165	0.021965923203900416
1540.308	0.02197014204493542
1540.452	0.02197330617571168
1540.596	0.02197488824109981
1540.74	0.02197488824109981
1540.884	0.021975942951358563
1541.028	0.021975942951358563
1541.171	0.021975942951358563
1541.315	0.021977525016746692
1541.459	0.021980689147522943
1541.603	0.021982271212911072
1541.746	0.021984907988557952
1541.891	0.02198912682959296
1542.035	0.021993873025757345
1542.178	0.02199756451166298
1542.3220000000001	0.021999146577051105
1542.4660000000001	0.022000728642439238
1542.6100000000001	0.02200283806295674
1542.7540000000001	0.02200600219373299
1542.8980000000001	0.022008638969379872
1543.0420000000001	0.022008638969379872
1543.1860000000001	0.022010221034768004
1543.3300000000002	0.022011803100156137
1543.4740000000002	0.022014439875803017
1543.617	0.022014439875803017
1543.762	0.022014439875803017
1543.906	0.022014439875803017
1544.049	0.022014439875803017
1544.193	0.022018658716838023
1544.337	0.022018658716838023
1544.48	0.022018658716838023
1544.625	0.022021295492484903
1544.768	0.02202182284761428
1544.912	0.022022350202743655
1545.056	0.022023932268131784
1545.2	0.022027096398908038
1545.344	0.022028678464296167
1545.487	0.02203184259507242
1545.632	0.02203606143610743
1545.775	0.022037116146366182
1545.919	0.022037116146366182
1546.063	0.022037116146366182
1546.207	0.022037116146366182
1546.351	0.02203764350149556
1546.4950000000001	0.022042389697659946
1546.6380000000001	0.022042389697659946
1546.7820000000002	0.022042389697659946
1546.9260000000002	0.022042389697659946
1547.0700000000002	0.022046608538694952
1547.2140000000002	0.022046608538694952
1547.361	0.022046608538694952
1547.5	0.022046608538694952
1547.645	0.022047663248953703
1547.789	0.022050300024600584
1547.933	0.02205346415537684
1548.077	0.022057155641282473
1548.22	0.022059265061799976
1548.365	0.022063483902834986
1548.508	0.022068230098999372
1548.652	0.022068757454128746
1548.796	0.022069812164387498
1548.94	0.02207086687464625
1549.084	0.022071394229775623
1549.227	0.02207350365029313
1549.372	0.02207350365029313
1549.515	0.02207614042594001
1549.659	0.02207614042594001
1549.803	0.02207719513619876
1549.9470000000001	0.022078249846457516
1550.0900000000001	0.022079304556716268
1550.2350000000001	0.022079831911845642
1550.3780000000002	0.02208141397723377
1550.5220000000002	0.02208141397723377
1550.6660000000002	0.0220829960426219
1550.81	0.022083523397751274
1550.954	0.022083523397751274
1551.097	0.022083523397751274
1551.241	0.022083523397751274
1551.385	0.022083523397751274
1551.529	0.022083523397751274
1551.673	0.022083523397751274
1551.817	0.022083523397751274
1551.96	0.022083523397751274
1552.104	0.022083523397751274
1552.248	0.022083523397751274
1552.392	0.022083523397751274
1552.536	0.022083523397751274
1552.68	0.022083523397751274
1552.824	0.022083523397751274
1552.967	0.022083523397751274
1553.111	0.022083523397751274
1553.255	0.022083523397751274
1553.3990000000001	0.022083523397751274
1553.5430000000001	0.022083523397751274
1553.6870000000001	0.022084578108010025
1553.8300000000002	0.02208563281826878
1553.9740000000002	0.02208563281826878
1554.1180000000002	0.02208563281826878
1554.262	0.02208563281826878
1554.406	0.02208563281826878
1554.55	0.02208563281826878
1554.694	0.022086160173398154
1554.837	0.022086160173398154
1554.981	0.022086160173398154
1555.125	0.022086160173398154
1555.269	0.022086160173398154
1555.413	0.022086160173398154
1555.557	0.022086160173398154
1555.7	0.022086160173398154
1555.844	0.022086160173398154
1555.988	0.022086687528527528
1556.132	0.022086687528527528
1556.276	0.022086687528527528
1556.42	0.022086687528527528
1556.564	0.022086687528527528
1556.707	0.022086687528527528
1556.851	0.022086687528527528
1556.9950000000001	0.022086687528527528
1557.1380000000001	0.022086687528527528
1557.2830000000001	0.022086687528527528
1557.4270000000001	0.022086687528527528
1557.5700000000002	0.022086687528527528
1557.7140000000002	0.022087742238786283
1557.858	0.022087742238786283
1558.002	0.022087742238786283
1558.145	0.022089324304174412
1558.29	0.022090906369562537
1558.433	0.022090906369562537
1558.577	0.022090906369562537
1558.721	0.022090906369562537
1558.865	0.022090906369562537
1559.009	0.022090906369562537
1559.153	0.022090906369562537
1559.297	0.022092488434950666
1559.44	0.022093015790080044
1559.584	0.022093015790080044
1559.728	0.022093015790080044
1559.876	0.022093015790080044
1560.015	0.022093015790080044
1560.16	0.022093015790080044
1560.303	0.022093015790080044
1560.4470000000001	0.022093015790080044
1560.592	0.022093015790080044
1560.736	0.022092488434950666
1560.88	0.022092488434950666
1561.0230000000001	0.022090906369562537
1561.169	0.022089851659303786
1561.3110000000001	0.022089324304174412
1561.4550000000002	0.022087742238786283
1561.5990000000002	0.022086687528527528
1561.7430000000002	0.022086687528527528
1561.887	0.022086160173398154
1562.0330000000001	0.02208563281826878
1562.175	0.02208563281826878
1562.3210000000001	0.02208563281826878
1562.462	0.022084578108010025
1562.606	0.022083523397751274
1562.75	0.022083523397751274
1562.893	0.022083523397751274
1563.037	0.0220829960426219
1563.181	0.022082468687492522
1563.325	0.022082468687492522
1563.469	0.02208141397723377
1563.613	0.02208141397723377
1563.757	0.022079831911845642
1563.9	0.022079304556716268
1564.044	0.022078249846457516
1564.188	0.02207719513619876
1564.332	0.02207614042594001
1564.476	0.02207508571568126
1564.6190000000001	0.02207350365029313
1564.7630000000001	0.022071394229775623
1564.9070000000002	0.02207086687464625
1565.0510000000002	0.022069812164387498
1565.1950000000002	0.022068757454128746
1565.3390000000002	0.022068757454128746
1565.483	0.022068757454128746
1565.626	0.022068230098999372
1565.77	0.022068230098999372
1565.914	0.022067702743869995
1566.058	0.022065065968223115
1566.201	0.022062429192576234
1566.346	0.022062429192576234
1566.49	0.022060847127188105
1566.633	0.022059265061799976
1566.777	0.0220587377066706
1566.921	0.022057155641282473
1567.065	0.022052409445118087
1567.209	0.022048717959212455
1567.353	0.022047663248953703
1567.496	0.022046608538694952
1567.64	0.022046608538694952
1567.784	0.022045553828436197
1567.928	0.02204397176304807
1568.0710000000001	0.022041862342530565
1568.2160000000001	0.02203922556688369
1568.3590000000002	0.022038170856624937
1568.5030000000002	0.022038170856624937
1568.6470000000002	0.02203764350149556
1568.7910000000002	0.022037116146366182
1568.934	0.02203606143610743
1569.079	0.022034479370719298
1569.222	0.022032369950201795
1569.366	0.02202973317455492
1569.51	0.022028678464296167
1569.654	0.022028678464296167
1569.798	0.022028678464296167
1569.941	0.02202815110916679
1570.085	0.022026569043778664
1570.229	0.02202551433351991
1570.373	0.022023932268131784
1570.517	0.022022350202743655
1570.661	0.022022350202743655
1570.804	0.02202182284761428
1570.948	0.02202182284761428
1571.092	0.022021295492484903
1571.236	0.022021295492484903
1571.38	0.02202024078222615
1571.5240000000001	0.022018658716838023
1571.6670000000001	0.022018131361708645
1571.8110000000001	0.022017076651449894
1571.957	0.022017076651449894
1572.103	0.022017076651449894
1572.246	0.022017076651449894
1572.39	0.022017076651449894
1572.5320000000002	0.022017076651449894
1572.6770000000001	0.022015494586061765
1572.818	0.022012857810414885
1572.962	0.022012857810414885
1573.106	0.022012857810414885
1573.25	0.022010221034768004
1573.394	0.022008638969379872
1573.537	0.02200758425912112
1573.681	0.02200600219373299
1573.825	0.02200600219373299
1573.969	0.02200600219373299
1574.113	0.02200600219373299
1574.257	0.022002310707827363
1574.4	0.02200020128730986
1574.544	0.021999146577051105
1574.688	0.02199756451166298
1574.832	0.021997037156533603
1574.976	0.021997037156533603
1575.1190000000001	0.02199598244627485
1575.2640000000001	0.021994400380886722
1575.4070000000002	0.02199229096036922
1575.5510000000002	0.02198965418472234
1575.6950000000002	0.021988599474463584
1575.8390000000002	0.021988599474463584
1575.982	0.021988599474463584
1576.126	0.021988072119334207
1576.27	0.021988072119334207
1576.414	0.02198649005394608
1576.558	0.0219838532782992
1576.702	0.021982271212911072
1576.846	0.021980689147522943
1576.989	0.021978052371876066
1577.133	0.021976997661617315
1577.277	0.021976470306487937
1577.422	0.021974360885970434
1577.565	0.021972778820582302
1577.709	0.021971196755194176
1577.852	0.021968559979547296
1577.997	0.02196750526928854
1578.141	0.021965923203900416
1578.285	0.021964341138512287
1578.429	0.021964341138512287
1578.573	0.021963813783382913
1578.717	0.021963286428253535
1578.8600000000001	0.021963286428253535
1579.0040000000001	0.021960649652606655
1579.1480000000001	0.021960649652606655
1579.2920000000001	0.021957485521830397
1579.4360000000001	0.021957485521830397
1579.5800000000002	0.021957485521830397
1579.723	0.021957485521830397
1579.867	0.021957485521830397
1580.011	0.021956958166701023
1580.155	0.021956958166701023
1580.299	0.021956958166701023
1580.443	0.021956958166701023
1580.586	0.021956958166701023
1580.73	0.021956958166701023
1580.874	0.021956958166701023
1581.018	0.021956958166701023
1581.161	0.021956958166701023
1581.306	0.021956958166701023
1581.454	0.021956958166701023
1581.593	0.021956958166701023
1581.737	0.021956958166701023
1581.881	0.021956958166701023
1582.025	0.021956958166701023
1582.169	0.021956958166701023
1582.313	0.021956958166701023
1582.4560000000001	0.021954321391054143
1582.6000000000001	0.021954321391054143
1582.7440000000001	0.021954321391054143
1582.8880000000001	0.021954321391054143
1583.031	0.021951684615407262
1583.1760000000002	0.021951684615407262
1583.319	0.021951684615407262
1583.463	0.02195062990514851
1583.607	0.02195062990514851
1583.751	0.02194799312950163
1583.894	0.0219464110641135
1584.039	0.0219464110641135
1584.182	0.021945883708984128
1584.326	0.021944301643596
1584.47	0.02194166486794912
1584.614	0.021939555447431612
1584.758	0.02193744602691411
1584.901	0.021935863961525984
1585.045	0.021935863961525984
1585.189	0.021934281896137855
1585.333	0.021930063055102846
1585.477	0.021924262148679707
1585.621	0.021918461242256573
1585.7640000000001	0.021912660335833438
1585.9080000000001	0.02190791413966905
1586.0520000000001	0.021905804719151545
1586.1960000000001	0.021902640588375287
1586.3400000000001	0.021896839681952156
1586.4840000000002	0.021893148196046524
1586.6280000000002	0.021889984065270266
1586.771	0.021886292579364634
1586.915	0.021884710513976502
1587.059	0.021882601093459
1587.203	0.021876800187035864
1587.347	0.021870471925483352
1587.491	0.021867307794707098
1587.634	0.02186572572931897
1587.778	0.02186519837418959
1587.922	0.02186519837418959
1588.066	0.02186519837418959
1588.21	0.021863616308801466
1588.354	0.021862034243413337
1588.497	0.021858342757507705
1588.641	0.021854123916472692
1588.785	0.021850959785696438
1588.929	0.02184674094466143
1589.073	0.021844631524143926
1589.217	0.021842522103626423
1589.361	0.021839357972850165
1589.5040000000001	0.02183302971129765
1589.6480000000001	0.021825646739486386
1589.7920000000001	0.02181984583306325
1589.9360000000001	0.021807189309958227
1590.079	0.021795060141982577
1590.2240000000002	0.021789786590688816
1590.367	0.02178029419836005
1590.511	0.021770801806031283
1590.655	0.021748652890597485
1590.799	0.02172386719951681
1590.943	0.02171595687257617
1591.087	0.021710155966153034
1591.23	0.021701190928953642
1591.374	0.021667440200673575
1591.518	0.021637908313428517
1591.662	0.021627361210840995
1591.806	0.02161523204286535
1591.949	0.02161048584670096
1592.093	0.021599411388984066
1592.238	0.02158517280049091
1592.382	0.021574625697903388
1592.525	0.021565660660704
1592.669	0.021565660660704
1592.8120000000001	0.021559332399151483
1592.9560000000001	0.021553004137598974
1593.1000000000001	0.021547730586305214
1593.2440000000001	0.021547730586305214
1593.3880000000001	0.021545093810658333
1593.5320000000002	0.021538765549105818
1593.6760000000002	0.021531382577294554
1593.819	0.021527691091388926
1593.963	0.021524526960612668
1594.107	0.021523472250353913
1594.251	0.021523472250353913
1594.395	0.02152294489522454
1594.539	0.021519780764448285
1594.682	0.02151450721315452
1594.826	0.02150659688621388
1594.97	0.02150132333492012
1595.114	0.02150132333492012
1595.258	0.02149974126953199
1595.402	0.021497104493885113
1595.547	0.021497104493885113
1595.69	0.02149604978362636
1595.834	0.021493940363108855
1595.978	0.02148919416694447
1596.122	0.021486557391297588
1596.266	0.021482338550262582
1596.41	0.02147442822332194
1596.553	0.021469682027157558
1596.6970000000001	0.021468099961769432
1596.8410000000001	0.021468099961769432
1596.9850000000001	0.021468099961769432
1597.1290000000001	0.021468099961769432
1597.2730000000001	0.021468099961769432
1597.4160000000002	0.021468099961769432
1597.56	0.021468099961769432
1597.704	0.021468099961769432
1597.848	0.021468099961769432
1597.992	0.021468099961769432
1598.136	0.021468099961769432
1598.28	0.021468099961769432
1598.423	0.021468099961769432
1598.567	0.021468099961769432
1598.711	0.021468099961769432
1598.854	0.021468099961769432
1598.999	0.021468099961769432
1599.143	0.021468099961769432
1599.286	0.021468099961769432
1599.43	0.021468099961769432
1599.574	0.021468099961769432
1599.718	0.021468099961769432
1599.861	0.021468099961769432
1600.006	0.021468099961769432
1600.1490000000001	0.021468099961769432
1600.2930000000001	0.021468099961769432
1600.4370000000001	0.021468099961769432
1600.5810000000001	0.021468099961769432
1600.7250000000001	0.021468099961769432
1600.8690000000001	0.021468099961769432
1601.0130000000001	0.021468099961769432
1601.156	0.021468099961769432
1601.3	0.021468099961769432
1601.444	0.021468099961769432
1601.588	0.021468099961769432
1601.731	0.021468099961769432
1601.876	0.021468099961769432
1602.019	0.021468099961769432
1602.163	0.021468099961769432
1602.307	0.021468099961769432
1602.451	0.021468099961769432
1602.594	0.021468099961769432
1602.739	0.021468099961769432
1602.882	0.021468099961769432
1603.026	0.021468099961769432
1603.17	0.021468099961769432
1603.314	0.021468099961769432
1603.458	0.021468099961769432
1603.601	0.021468099961769432
1603.7450000000001	0.021468099961769432
1603.8890000000001	0.021464935830993175
1604.0330000000001	0.021464935830993175
1604.1770000000001	0.021462299055346294
1604.3210000000001	0.021462299055346294
1604.4640000000002	0.021461771700216917
1604.6090000000002	0.021461771700216917
1604.752	0.021461771700216917
1604.896	0.021461771700216917
1605.04	0.021461771700216917
1605.184	0.021460189634828788
1605.328	0.021460189634828788
1605.471	0.021460189634828788
1605.615	0.021460189634828788
1605.759	0.021460189634828788
1605.903	0.021460189634828788
1606.047	0.021460189634828788
1606.191	0.021460189634828788
1606.334	0.021460189634828788
1606.479	0.021460189634828788
1606.622	0.021460189634828788
1606.766	0.021460189634828788
1606.91	0.021460189634828788
1607.054	0.021460189634828788
1607.198	0.021460189634828788
1607.347	0.021460189634828788
1607.4850000000001	0.021460189634828788
1607.6290000000001	0.021460189634828788
1607.7730000000001	0.021460189634828788
1607.9170000000001	0.021460189634828788
1608.0610000000001	0.021460189634828788
1608.204	0.021460189634828788
1608.3490000000002	0.021460189634828788
1608.492	0.021460189634828788
1608.637	0.021460189634828788
1608.78	0.021460189634828788
1608.924	0.021460189634828788
1609.0720000000001	0.021460189634828788
1609.211	0.021460189634828788
1609.3590000000002	0.021460189634828788
1609.502	0.021460189634828788
1609.644	0.021460189634828788
1609.79	0.02145860756944066
1609.931	0.021458080214311285
1610.074	0.021458080214311285
1610.218	0.021458080214311285
1610.362	0.021454388728405653
1610.506	0.021454388728405653
1610.65	0.021454388728405653
1610.794	0.021454388728405653
1610.938	0.021454388728405653
1611.0810000000001	0.021454388728405653
1611.2250000000001	0.021454388728405653
1611.3690000000001	0.021454388728405653
1611.5130000000001	0.021454388728405653
1611.6570000000002	0.021454388728405653
1611.8010000000002	0.021454388728405653
1611.944	0.021454388728405653
1612.088	0.021454388728405653
1612.232	0.021452279307888147
1612.376	0.021452279307888147
1612.52	0.021450697242500018
1612.664	0.021450697242500018
1612.807	0.021450697242500018
1612.951	0.021450697242500018
1613.096	0.021450697242500018
1613.24	0.021450697242500018
1613.384	0.02145016988737064
1613.528	0.02145016988737064
1613.672	0.02145016988737064
1613.815	0.02145016988737064
1613.959	0.02145016988737064
1614.103	0.02145016988737064
1614.247	0.02145016988737064
1614.391	0.02145016988737064
1614.535	0.02145016988737064
1614.678	0.021449642532241266
1614.8220000000001	0.021449642532241266
1614.9660000000001	0.021449642532241266
1615.1100000000001	0.021449642532241266
1615.2540000000001	0.021449642532241266
1615.3980000000001	0.021449642532241266
1615.5410000000002	0.021449642532241266
1615.685	0.021448587821982515
1615.829	0.02144700575659439
1615.973	0.02144700575659439
1616.117	0.02144700575659439
1616.261	0.02144700575659439
1616.405	0.02144700575659439
1616.548	0.02144700575659439
1616.692	0.02144700575659439
1616.836	0.02144700575659439
1616.98	0.02144700575659439
1617.123	0.02144700575659439
1617.268	0.02144700575659439
1617.411	0.02144700575659439
1617.555	0.02144700575659439
1617.699	0.02144700575659439
1617.843	0.02144700575659439
1617.987	0.021445423691206257
1618.131	0.021445423691206257
1618.275	0.021445423691206257
1618.4180000000001	0.02144700575659439
1618.5620000000001	0.02144700575659439
1618.7060000000001	0.021448587821982515
1618.8500000000001	0.021449642532241266
1618.9930000000002	0.021449642532241266
1619.1380000000001	0.021449642532241266
1619.281	0.021449642532241266
1619.425	0.02145016988737064
1619.569	0.021450697242500018
1619.713	0.021450697242500018
1619.856	0.02145016988737064
1620.001	0.021449642532241266
1620.144	0.021448587821982515
1620.288	0.021448587821982515
1620.432	0.02144700575659439
1620.576	0.021445423691206257
1620.72	0.021445423691206257
1620.863	0.021445423691206257
1621.008	0.021445423691206257
1621.151	0.021445423691206257
1621.295	0.021445423691206257
1621.439	0.021444368980947506
1621.583	0.021444368980947506
1621.726	0.021445423691206257
1621.871	0.02144700575659439
1622.015	0.02144700575659439
1622.1580000000001	0.02144700575659439
1622.3020000000001	0.02144700575659439
1622.448	0.02144700575659439
1622.5900000000001	0.02144700575659439
1622.733	0.02144700575659439
1622.877	0.02144700575659439
1623.021	0.02144700575659439
1623.165	0.02144700575659439
1623.309	0.02144700575659439
1623.453	0.02144700575659439
1623.597	0.02144700575659439
1623.741	0.02144700575659439
1623.884	0.02144700575659439
1624.028	0.02144700575659439
1624.172	0.02144700575659439
1624.316	0.02144700575659439
1624.46	0.02144700575659439
1624.603	0.02144700575659439
1624.747	0.02144700575659439
1624.891	0.02144700575659439
1625.034	0.021448587821982515
1625.179	0.02145016988737064
1625.323	0.02145016988737064
1625.4660000000001	0.021450697242500018
1625.6100000000001	0.021450697242500018
1625.7540000000001	0.021450697242500018
1625.8980000000001	0.021450697242500018
1626.0420000000001	0.021450697242500018
1626.1860000000001	0.021450697242500018
1626.3300000000002	0.021450697242500018
1626.473	0.021450697242500018
1626.617	0.021450697242500018
1626.761	0.021450697242500018
1626.905	0.021450697242500018
1627.049	0.021450697242500018
1627.193	0.021450697242500018
1627.336	0.021450697242500018
1627.48	0.021450697242500018
1627.624	0.021450697242500018
1627.768	0.021450697242500018
1627.912	0.021450697242500018
1628.056	0.021450697242500018
1628.2	0.021450697242500018
1628.343	0.021450697242500018
1628.487	0.021450697242500018
1628.631	0.021450697242500018
1628.775	0.021451751952758773
1628.919	0.0214533340181469
1629.063	0.0214533340181469
1629.2060000000001	0.0214533340181469
1629.3500000000001	0.0214533340181469
1629.4940000000001	0.0214533340181469
1629.6380000000001	0.0214533340181469
1629.781	0.0214533340181469
1629.9260000000002	0.0214533340181469
1630.069	0.0214533340181469
1630.213	0.0214533340181469
1630.357	0.0214533340181469
1630.502	0.0214533340181469
1630.646	0.0214533340181469
1630.79	0.02145597079379378
1630.934	0.02145597079379378
1631.077	0.02145597079379378
1631.221	0.021458080214311285
1631.365	0.021458080214311285
1631.509	0.021458080214311285
1631.652	0.021458080214311285
1631.797	0.021458080214311285
1631.94	0.021458080214311285
1632.084	0.021458080214311285
1632.228	0.02146018963482879
1632.372	0.021462299055346294
1632.516	0.02146388112073442
1632.66	0.0214665178963813
1632.803	0.021468099961769432
1632.9470000000001	0.021469682027157558
1633.0910000000001	0.02147073673741631
1633.2350000000001	0.021472318802804438
1633.3790000000001	0.021476010288710073
1633.5220000000002	0.021479174419486328
1633.6670000000001	0.021481811195133205
1633.81	0.021483393260521334
1633.954	0.021483920615650708
1634.098	0.021484447970780085
1634.242	0.021485502681038837
1634.385	0.021489721522073846
1634.53	0.021492885652850104
1634.673	0.021494467718238233
1634.817	0.02149604978362636
1634.961	0.021497631849014487
1635.105	0.021500268624661367
1635.249	0.021503432755437625
1635.392	0.02150712424134326
1635.536	0.021511343082378266
1635.68	0.021513979858025147
1635.824	0.021514507213154524
1635.968	0.021514507213154524
1636.112	0.021514507213154524
1636.255	0.021514507213154524
1636.4	0.021514507213154524
1636.5430000000001	0.02151608927854265
1636.6870000000001	0.02151608927854265
1636.8310000000001	0.02151608927854265
1636.9750000000001	0.02151608927854265
1637.1190000000001	0.02151608927854265
1637.262	0.02151608927854265
1637.409	0.02151608927854265
1637.55	0.02151608927854265
1637.694	0.02151608927854265
1637.838	0.02151608927854265
1637.982	0.02151608927854265
1638.125	0.02151608927854265
1638.269	0.02151608927854265
1638.413	0.02151608927854265
1638.557	0.02151608927854265
1638.701	0.021518198699060152
1638.845	0.021518198699060152
1638.989	0.02151608927854265
1639.132	0.02151608927854265
1639.276	0.021518198699060152
1639.42	0.021519780764448285
1639.564	0.021519780764448285
1639.708	0.021519780764448285
1639.852	0.021519780764448285
1639.9950000000001	0.021519780764448285
1640.1390000000001	0.021519780764448285
1640.2830000000001	0.021519780764448285
1640.4270000000001	0.021519780764448285
1640.5710000000001	0.021519780764448285
1640.7150000000001	0.021519780764448285
1640.8590000000002	0.021519780764448285
1641.002	0.02152136282983641
1641.146	0.02152136282983641
1641.29	0.02152294489522454
1641.433	0.02152294489522454
1641.578	0.02152294489522454
1641.722	0.02152294489522454
1641.865	0.02152294489522454
1642.009	0.02152294489522454
1642.153	0.02152294489522454
1642.297	0.02152136282983641
1642.441	0.02152136282983641
1642.588	0.02152136282983641
1642.728	0.021519780764448285
1642.872	0.02152136282983641
1643.016	0.021519780764448285
1643.16	0.021519780764448285
1643.303	0.021519780764448285
1643.448	0.021519780764448285
1643.5910000000001	0.021518198699060152
1643.7350000000001	0.021518198699060152
1643.8790000000001	0.021518198699060152
1644.0230000000001	0.021518198699060152
1644.1670000000001	0.021518198699060152
1644.31	0.021518198699060152
1644.454	0.021519780764448285
1644.598	0.021519780764448285
1644.742	0.021519780764448285
1644.886	0.021519780764448285
1645.03	0.021519780764448285
1645.174	0.021519780764448285
1645.317	0.02152136282983641
1645.461	0.021527691091388926
1645.605	0.021527691091388926
1645.749	0.021527691091388926
1645.892	0.021527691091388926
1646.037	0.021534019352941434
1646.181	0.02153507406320019
1646.324	0.021535601418329567
1646.468	0.02153612877345894
1646.612	0.02153612877345894
1646.756	0.021537183483717692
1646.8990000000001	0.021538238193976444
1647.0430000000001	0.021539820259364573
1647.1870000000001	0.021539820259364573
1647.3310000000001	0.021541929679882076
1647.4750000000001	0.021541929679882076
1647.6190000000001	0.021541929679882076
1647.7630000000001	0.021541929679882076
1647.906	0.021541929679882076
1648.0510000000002	0.021541929679882076
1648.1950000000002	0.021541929679882076
1648.3390000000002	0.021541929679882076
1648.483	0.021541929679882076
1648.627	0.021541929679882076
1648.77	0.021541929679882076
1648.914	0.021541929679882076
1649.058	0.021541929679882076
1649.202	0.021541929679882076
1649.346	0.021541929679882076
1649.49	0.021541929679882076
1649.633	0.021541929679882076
1649.777	0.021541929679882076
1649.921	0.021541929679882076
1650.065	0.021541929679882076
1650.209	0.021541929679882076
1650.352	0.021541929679882076
1650.497	0.021541929679882076
1650.64	0.021541929679882076
1650.784	0.021541929679882076
1650.928	0.0215435117452702
1651.0720000000001	0.0215435117452702
1651.2160000000001	0.0215435117452702
1651.3590000000002	0.0215435117452702
1651.5040000000001	0.0215435117452702
1651.6470000000002	0.0215435117452702
1651.7920000000001	0.0215435117452702
1651.9370000000001	0.021544566455528956
1652.082	0.021544566455528956
1652.223	0.021544566455528956
1652.372	0.021544566455528956
1652.5130000000001	0.021544566455528956
1652.656	0.021544566455528956
1652.798	0.021544566455528956
1652.941	0.021544566455528956
1653.086	0.021546148520917085
1653.229	0.021546148520917085
1653.373	0.021546148520917085
1653.517	0.021546148520917085
1653.661	0.021546148520917085
1653.805	0.021546148520917085
1653.948	0.021548785296563965
1654.092	0.021551422072210842
1654.236	0.0215545862029871
1654.38	0.0215545862029871
1654.5240000000001	0.021556695623504606
1654.6680000000001	0.021558277688892735
1654.8120000000001	0.021559332399151483
1654.9550000000002	0.021559332399151483
1655.0990000000002	0.021559332399151483
1655.2430000000002	0.021559332399151483
1655.387	0.021559332399151483
1655.531	0.021559332399151483
1655.675	0.021560914464539612
1655.819	0.021559332399151483
1655.962	0.021559332399151483
1656.106	0.021558277688892735
1656.25	0.021556695623504606
1656.394	0.0215545862029871
1656.537	0.021551422072210842
1656.682	0.021548785296563965
1656.825	0.021546148520917085
1656.969	0.021544566455528956
1657.113	0.021544566455528956
1657.257	0.0215435117452702
1657.401	0.021541929679882076
1657.544	0.021541929679882076
1657.688	0.021539820259364573
1657.832	0.021538238193976444
1657.976	0.021537183483717692
1658.1200000000001	0.021537183483717692
1658.2640000000001	0.021535601418329567
1658.4070000000002	0.021535601418329567
1658.5510000000002	0.021535601418329567
1658.6950000000002	0.021535601418329567
1658.8390000000002	0.02153507406320019
1658.983	0.02153243728755331
1659.127	0.021526109026000797
1659.271	0.021522417540095165
1659.414	0.02152136282983641
1659.558	0.02152136282983641
1659.702	0.021519780764448285
1659.846	0.021518198699060152
1659.989	0.0215171439888014
1660.134	0.0215171439888014
1660.278	0.021518198699060152
1660.421	0.0215171439888014
1660.565	0.0215171439888014
1660.709	0.021518198699060152
1660.853	0.021518198699060152
1660.996	0.021518198699060152
1661.141	0.021518198699060152
1661.284	0.021519780764448285
1661.428	0.021519780764448285
1661.5720000000001	0.021518198699060152
1661.7160000000001	0.021518198699060152
1661.8600000000001	0.021518198699060152
1662.0030000000002	0.021518198699060152
1662.1470000000002	0.021519780764448285
1662.2910000000002	0.021519780764448285
1662.435	0.021519780764448285
1662.579	0.02152136282983641
1662.723	0.02152136282983641
1662.866	0.021522417540095165
1663.01	0.021522417540095165
1663.154	0.021522417540095165
1663.298	0.021522417540095165
1663.442	0.021522417540095165
1663.585	0.021522417540095165
1663.73	0.021526109026000797
1663.873	0.02153243728755331
1664.017	0.02153243728755331
1664.161	0.02153243728755331
1664.305	0.02153243728755331
1664.449	0.02153243728755331
1664.592	0.02153243728755331
1664.736	0.02152663638113017
1664.88	0.02152663638113017
1665.0240000000001	0.02153243728755331
1665.1680000000001	0.02153243728755331
1665.3120000000001	0.02153507406320019
1665.4560000000001	0.02153507406320019
1665.6000000000001	0.02153507406320019
1665.7440000000001	0.02153507406320019
1665.8880000000001	0.02153507406320019
1666.0320000000002	0.021536656128588315
1666.1760000000002	0.021536656128588315
1666.3200000000002	0.02153507406320019
1666.463	0.02153243728755331
1666.607	0.02152663638113017
1666.751	0.02152294489522454
1666.895	0.021522417540095165
1667.039	0.021520835474707036
1667.183	0.021518198699060152
1667.327	0.0215171439888014
1667.472	0.02151608927854265
1667.614	0.0215150345682839
1667.758	0.021514507213154524
1667.902	0.021513979858025147
1668.045	0.02151292514776639
1668.19	0.021511343082378266
1668.333	0.021511343082378266
1668.477	0.021509761016990137
1668.621	0.021508706306731386
1668.765	0.021508706306731386
1668.909	0.021508706306731386
1669.0520000000001	0.02150817895160201
1669.1960000000001	0.02150817895160201
1669.3400000000001	0.02150765159647263
1669.4840000000002	0.021506596886213883
1669.6280000000002	0.021505014820825754
1669.7720000000002	0.021505014820825754
1669.915	0.021503432755437625
1670.059	0.021500795979790745
1670.203	0.021500795979790745
1670.347	0.021500795979790745
1670.491	0.021500795979790745
1670.634	0.021499213914402616
1670.779	0.021499213914402616
1670.922	0.021500795979790745
1671.066	0.021503432755437625
1671.21	0.021505014820825754
1671.354	0.021505014820825754
1671.498	0.021505014820825754
1671.641	0.021506596886213883
1671.785	0.02150765159647263
1671.929	0.02150817895160201
1672.073	0.02150817895160201
1672.217	0.02150817895160201
1672.361	0.021508706306731386
1672.505	0.021509761016990137
1672.6480000000001	0.021511343082378266
1672.7920000000001	0.02151292514776639
1672.9360000000001	0.02151292514776639
1673.0800000000002	0.02151292514776639
1673.2240000000002	0.021513979858025147
1673.3680000000002	0.021514507213154524
1673.512	0.021514507213154524
1673.655	0.021514507213154524
1673.799	0.021514507213154524
1673.943	0.021514507213154524
1674.087	0.021514507213154524
1674.231	0.021514507213154524
1674.375	0.021514507213154524
1674.518	0.021514507213154524
1674.662	0.021514507213154524
1674.806	0.021514507213154524
1674.95	0.021514507213154524
1675.094	0.021514507213154524
1675.238	0.021514507213154524
1675.381	0.021513979858025147
1675.525	0.021513979858025147
1675.669	0.021513979858025147
1675.813	0.02151292514776639
1675.957	0.02151292514776639
1676.101	0.021514507213154524
1676.2450000000001	0.02151608927854265
1676.3880000000001	0.02151608927854265
1676.5320000000002	0.021518198699060152
1676.6760000000002	0.021518198699060152
1676.8200000000002	0.021518198699060152
1676.9640000000002	0.021518198699060152
1677.107	0.021518198699060152
1677.252	0.021518198699060152
1677.395	0.021518198699060152
1677.539	0.021518198699060152
1677.683	0.021518198699060152
1677.827	0.021518198699060152
1677.971	0.021518198699060152
1678.114	0.021518198699060152
1678.258	0.021518198699060152
1678.402	0.021518198699060152
1678.546	0.021518198699060152
1678.689	0.021518198699060152
1678.834	0.021518198699060152
1678.978	0.021518198699060152
1679.121	0.02151608927854265
1679.265	0.02151608927854265
1679.409	0.02151608927854265
1679.553	0.02151608927854265
1679.6960000000001	0.02151608927854265
1679.8410000000001	0.02151608927854265
1679.9840000000002	0.02151608927854265
1680.1280000000002	0.02151608927854265
1680.2720000000002	0.02151608927854265
1680.4160000000002	0.02151608927854265
1680.56	0.02151608927854265
1680.703	0.02151608927854265
1680.847	0.02151608927854265
1680.991	0.02151608927854265
1681.135	0.02151608927854265
1681.279	0.02151608927854265
1681.423	0.02151608927854265
1681.567	0.02151608927854265
1681.71	0.02151608927854265
1681.854	0.02151608927854265
1681.998	0.02151608927854265
1682.142	0.02151608927854265
1682.286	0.021514507213154524
1682.432	0.021514507213154524
1682.573	0.02151292514776639
1682.717	0.021511343082378266
1682.861	0.021509761016990137
1683.006	0.021508706306731386
1683.15	0.02150817895160201
1683.294	0.02150765159647263
1683.438	0.021506596886213883
1683.5810000000001	0.021505014820825754
1683.7250000000001	0.021503432755437625
1683.8690000000001	0.021502378045178874
1684.0130000000001	0.021500795979790745
1684.156	0.021499213914402616
1684.3010000000002	0.021499213914402616
1684.444	0.021498686559273242
1684.588	0.021497104493885113
1684.732	0.02149604978362636
1684.876	0.02149604978362636
1685.02	0.021494467718238233
1685.163	0.021492358297720726
1685.308	0.02149183094259135
1685.452	0.021490248877203223
1685.5990000000002	0.021487612101556343
1685.74	0.021484975325909463
1685.885	0.021481811195133205
1686.03	0.02147864706435695
1686.172	0.021475482933580696
1686.314	0.021475482933580696
1686.458	0.021472318802804438
1686.602	0.021472318802804438
1686.746	0.021472318802804438
1686.89	0.02147073673741631
1687.034	0.021464408475863797
1687.1770000000001	0.021458080214311285
1687.3210000000001	0.021458080214311285
1687.4650000000001	0.021458080214311285
1687.6090000000002	0.021458080214311285
1687.7530000000002	0.021458080214311285
1687.8970000000002	0.021458080214311285
1688.0410000000002	0.021458080214311285
1688.184	0.021458080214311285
1688.328	0.021458080214311285
1688.472	0.021458080214311285
1688.616	0.021458080214311285
1688.759	0.021457025504052533
1688.904	0.021457025504052533
1689.048	0.02145491608353503
1689.191	0.02145491608353503
1689.335	0.021451751952758773
1689.479	0.021451751952758773
1689.623	0.021448060466853137
1689.766	0.021445423691206257
1689.91	0.021442259560430003
1690.054	0.021442259560430003
1690.198	0.021442259560430003
1690.342	0.021442786915559377
1690.486	0.021445423691206257
1690.63	0.021448060466853137
1690.7730000000001	0.021448060466853137
1690.9170000000001	0.021448587821982515
1691.0610000000001	0.021448587821982515
1691.2050000000002	0.021448587821982515
1691.3490000000002	0.02144700575659439
1691.4930000000002	0.02144700575659439
1691.637	0.02144700575659439
1691.78	0.021448587821982515
1691.925	0.021448587821982515
1692.068	0.021448587821982515
1692.212	0.021448587821982515
1692.356	0.021448587821982515
1692.5	0.021448587821982515
1692.643	0.021452806663017524
1692.787	0.021448587821982515
1692.931	0.02144700575659439
1693.075	0.021445423691206257
1693.219	0.02144384162581813
1693.363	0.02144384162581813
1693.507	0.021445423691206257
1693.65	0.02144700575659439
1693.794	0.021448587821982515
1693.938	0.021452806663017524
1694.082	0.021452806663017524
1694.226	0.021457025504052533
1694.3690000000001	0.021458080214311285
1694.5130000000001	0.021458080214311285
1694.6570000000002	0.021458080214311285
1694.8010000000002	0.021458080214311285
1694.9450000000002	0.02145860756944066
1695.0890000000002	0.02145860756944066
1695.233	0.02145860756944066
1695.376	0.02145860756944066
1695.52	0.02145860756944066
1695.6660000000002	0.02145860756944066
1695.808	0.021458080214311285
1695.952	0.021457025504052533
1696.096	0.021457025504052533
1696.24	0.021452806663017524
1696.383	0.021448587821982515
1696.527	0.02144700575659439
1696.671	0.021445423691206257
1696.815	0.02144384162581813
1696.959	0.021442259560430003
1697.103	0.021440677495041874
1697.247	0.02143751336426562
1697.393	0.02143487658861874
1697.534	0.02143329452323061
1697.678	0.021431712457842485
1697.8220000000001	0.021431185102713107
1697.9660000000001	0.02142960303732498
1698.1090000000002	0.021428548327066227
1698.2530000000002	0.021428548327066227
1698.3970000000002	0.021426966261678098
1698.5410000000002	0.021424329486031218
1698.685	0.021421692710384337
1698.828	0.02141958328986683
1698.973	0.021418001224478705
1699.116	0.021408508832149935
1699.262	0.021398489084691795
1699.404	0.021395852309044915
1699.548	0.02139321553339803
1699.692	0.021390051402621776
1699.835	0.02138688727184552
1699.979	0.021385305206457393
1700.123	0.021382668430810513
1700.267	0.021378449589775503
1700.412	0.02137475810386987
1700.556	0.021371593973093614
1700.7	0.021368429842317356
1700.843	0.0213652657115411
1700.987	0.02136421100128235
1701.131	0.02136262893589422
1701.275	0.021357882739729835
1701.4180000000001	0.02135313654356545
1701.563	0.02135049976791857
1701.7060000000001	0.02134944505765982
1701.8500000000001	0.021348917702530446
1701.9940000000001	0.021345753571754188
1702.1380000000001	0.02134258944097793
1702.2820000000002	0.021340480020460427
1702.425	0.021337843244813547
1702.569	0.021335206469166666
1702.713	0.021333097048649163
1702.857	0.021331514983261034
1703.001	0.021330460273002283
1703.145	0.021330460273002283
1703.289	0.02132940556274353
1703.432	0.021326768787096648
1703.577	0.021324659366579145
1703.72	0.021323077301191016
1703.864	0.021321495235802887
1704.008	0.021318331105026633
1704.152	0.021315166974250375
1704.296	0.02131305755373287
1704.439	0.021309893422956618
1704.583	0.021307256647309737
1704.727	0.021305674581921605
1704.871	0.02130514722679223
1705.015	0.02130514722679223
1705.159	0.02130409251653348
1705.303	0.021300401030627848
1705.4460000000001	0.021297764254980964
1705.5900000000001	0.02129723689985159
1705.7340000000002	0.021296709544722216
1705.8780000000002	0.021293545413945958
1706.0220000000002	0.021288799217781575
1706.1660000000002	0.021288799217781575
1706.31	0.021288799217781575
1706.453	0.021288799217781575
1706.597	0.021288799217781575
1706.741	0.021288799217781575
1706.884	0.02128458037674657
1707.029	0.02128141624597031
1707.172	0.021278252115194053
1707.316	0.021275615339547173
1707.46	0.021269814433124035
1707.604	0.021260849395924646
1707.748	0.021257685265148388
1707.891	0.021252939068984004
1708.035	0.021248192872819618
1708.179	0.021247665517690244
1708.323	0.021247138162560866
1708.467	0.021247138162560866
1708.611	0.02124397403178461
1708.755	0.021237118415102722
1708.8980000000001	0.02123184486380896
1709.0420000000001	0.02122973544329146
1709.1860000000001	0.02122920808816208
1709.3300000000002	0.021224989247127075
1709.4740000000002	0.021220243050962692
1709.6180000000002	0.02121496949966893
1709.762	0.021208641238116416
1709.905	0.021206004462469535
1710.049	0.021201785621434526
1710.193	0.021197039425270143
1710.337	0.021193875294493885
1710.481	0.021193875294493885
1710.625	0.021193875294493885
1710.768	0.021193875294493885
1710.912	0.021192293229105756
1711.056	0.021192293229105756
1711.2	0.021192293229105756
1711.344	0.021192293229105756
1711.487	0.021192293229105756
1711.631	0.021192293229105756
1711.775	0.021192293229105756
1711.919	0.021192293229105756
1712.063	0.021192293229105756
1712.207	0.021192293229105756
1712.352	0.021192293229105756
1712.4940000000001	0.021192293229105756
1712.6380000000001	0.021192293229105756
1712.7820000000002	0.021192293229105756
1712.9260000000002	0.021192293229105756
1713.0700000000002	0.021192293229105756
1713.2140000000002	0.021192293229105756
1713.358	0.021192293229105756
1713.501	0.021192293229105756
1713.645	0.021192293229105756
1713.789	0.021192293229105756
1713.933	0.021192293229105756
1714.077	0.021192293229105756
1714.22	0.021192293229105756
1714.364	0.021192293229105756
1714.508	0.021192293229105756
1714.652	0.021189129098329502
1714.796	0.021185964967553247
1714.939	0.021184910257294496
1715.084	0.02118016406113011
1715.227	0.021175417864965726
1715.371	0.021171726379060094
1715.515	0.021171726379060094
1715.659	0.021171726379060094
1715.803	0.021171726379060094
1715.9460000000001	0.021171726379060094
1716.0910000000001	0.021171726379060094
1716.2340000000002	0.021171726379060094
1716.3780000000002	0.021171726379060094
1716.5220000000002	0.021171726379060094
1716.6660000000002	0.021171726379060094
1716.81	0.021171726379060094
1716.953	0.021171726379060094
1717.097	0.021171726379060094
1717.241	0.021171726379060094
1717.385	0.021171726379060094
1717.529	0.021171726379060094
1717.673	0.021171726379060094
1717.817	0.021171726379060094
1717.961	0.021171726379060094
1718.105	0.021171726379060094
1718.249	0.021171726379060094
1718.393	0.021171726379060094
1718.536	0.021171726379060094
1718.68	0.021171726379060094
1718.824	0.021171726379060094
1718.968	0.021171726379060094
1719.112	0.021171726379060094
1719.256	0.021171726379060094
1719.404	0.021171726379060094
1719.546	0.021171726379060094
1719.691	0.021171726379060094
1719.832	0.02116856224828384
1719.978	0.021166980182895707
1720.122	0.021166980182895707
1720.2630000000001	0.021166980182895707
1720.4070000000002	0.02116381605211945
1720.55	0.02116381605211945
1720.694	0.02116381605211945
1720.838	0.02116381605211945
1720.982	0.02116381605211945
1721.126	0.02116381605211945
1721.269	0.02116381605211945
1721.413	0.02116381605211945
1721.557	0.02116381605211945
1721.701	0.02116381605211945
1721.845	0.02116381605211945
1721.988	0.02116381605211945
1722.133	0.02116381605211945
1722.276	0.02116381605211945
1722.42	0.02116381605211945
1722.564	0.02116381605211945
1722.708	0.02116381605211945
1722.852	0.02116381605211945
1722.9950000000001	0.02116381605211945
1723.14	0.02116381605211945
1723.2830000000001	0.02116381605211945
1723.4270000000001	0.02116381605211945
1723.5710000000001	0.02116381605211945
1723.7150000000001	0.02116381605211945
1723.858	0.02116381605211945
1724.002	0.02116381605211945
1724.146	0.02116381605211945
1724.29	0.02116381605211945
1724.434	0.02116381605211945
1724.577	0.02116381605211945
1724.722	0.02116381605211945
1724.865	0.021166980182895707
1725.009	0.021166980182895707
1725.153	0.021166980182895707
1725.297	0.021166980182895707
1725.441	0.021166980182895707
1725.584	0.021166980182895707
1725.728	0.021166980182895707
1725.872	0.021166980182895707
1726.016	0.021166980182895707
1726.16	0.021166980182895707
1726.304	0.021166980182895707
1726.448	0.021166980182895707
1726.5910000000001	0.021166980182895707
1726.7350000000001	0.021166980182895707
1726.8790000000001	0.021166980182895707
1727.0230000000001	0.021166980182895707
1727.1660000000002	0.021166980182895707
1727.3110000000001	0.021166980182895707
1727.457	0.021166980182895707
1727.598	0.021166980182895707
1727.742	0.021166980182895707
1727.886	0.021166980182895707
1728.03	0.021166980182895707
1728.173	0.021166980182895707
1728.317	0.021166980182895707
1728.461	0.021166980182895707
1728.605	0.021166980182895707
1728.749	0.021166980182895707
1728.893	0.021166980182895707
1729.037	0.02116856224828384
1729.18	0.02116856224828384
1729.324	0.02116856224828384
1729.468	0.021169089603413214
1729.612	0.021169089603413214
1729.756	0.021171726379060094
1729.9	0.021175417864965726
1730.0430000000001	0.021175417864965726
1730.1870000000001	0.02117699993035385
1730.3310000000001	0.02117858199574198
1730.4750000000001	0.02118016406113011
1730.6190000000001	0.021182273481647612
1730.765	0.021183855547035745
1730.9070000000002	0.021184910257294496
1731.05	0.021185964967553247
1731.194	0.021189129098329502
1731.338	0.021192293229105756
1731.482	0.021192293229105756
1731.625	0.021192293229105756
1731.77	0.021192820584235134
1731.914	0.021194402649623263
1732.057	0.02119598471501139
1732.201	0.021201785621434526
1732.345	0.02120758652785766
1732.489	0.021209695948375167
1732.632	0.021211278013763296
1732.776	0.021213914789410176
1732.92	0.021218133630445186
1733.064	0.021219715695833315
1733.208	0.0212265713125152
1733.352	0.02123342692919709
1733.496	0.02123500899458522
1733.6390000000001	0.021241864611267106
1733.7830000000001	0.021247665517690244
1733.9270000000001	0.02124924758307837
1734.0710000000001	0.021250302293337124
1734.2150000000001	0.021251884358725253
1734.3590000000002	0.021253466424113382
1734.502	0.021258739975407143
1734.646	0.02126506823695965
1734.79	0.021266650302347784
1734.934	0.021269814433124035
1735.078	0.021273505919029666
1735.221	0.021275087984417795
1735.366	0.021278252115194053
1735.51	0.02128247095622906
1735.654	0.021284580376746562
1735.798	0.021288271862652197
1735.942	0.021291435993428455
1736.086	0.02129249070368721
1736.229	0.021294072769075335
1736.373	0.02129881896523972
1736.517	0.02130303780627473
1736.661	0.021308838712697863
1736.805	0.021316221684509126
1736.949	0.02131991317041476
1737.093	0.021322022590932264
1737.236	0.021323077301191016
1737.38	0.021324132011449767
1737.5240000000001	0.021328350852484777
1737.6680000000001	0.021336261179425418
1737.8120000000001	0.0213410073755898
1737.9560000000001	0.021343644151236685
1738.0990000000002	0.021345226216624814
1738.2430000000002	0.021347335637142317
1738.387	0.0213520818333067
1738.531	0.02135471860895358
1738.674	0.02135471860895358
1738.819	0.021355245964082954
1738.963	0.021356828029471083
1739.106	0.021359464805117963
1739.25	0.02136262893589422
1739.394	0.021367375132058608
1739.538	0.021371593973093614
1739.681	0.02137317603848174
1739.825	0.021373703393611117
1739.969	0.021373703393611117
1740.113	0.02137475810386987
1740.257	0.02137792223464613
1740.401	0.02138108636542238
1740.545	0.02138108636542238
1740.688	0.02138108636542238
1740.832	0.02138108636542238
1740.976	0.02138108636542238
1741.1200000000001	0.02138108636542238
1741.2630000000001	0.02138108636542238
1741.4080000000001	0.021382141075681132
1741.5510000000002	0.021382141075681132
1741.6950000000002	0.02138266843081051
1741.8390000000002	0.02138266843081051
1741.983	0.02138266843081051
1742.127	0.02138266843081051
1742.27	0.02138266843081051
1742.4170000000001	0.02138266843081051
1742.558	0.02138266843081051
1742.702	0.02138266843081051
1742.846	0.02138266843081051
1742.99	0.02138266843081051
1743.134	0.021384777851328016
1743.277	0.021390051402621776
1743.421	0.021394270243656782
1743.565	0.021394270243656782
1743.709	0.02139479759878616
1743.853	0.02139479759878616
1743.997	0.02139479759878616
1744.142	0.02139479759878616
1744.284	0.02139479759878616
1744.428	0.02139479759878616
1744.5720000000001	0.02139479759878616
1744.7160000000001	0.02139479759878616
1744.8600000000001	0.02139479759878616
1745.0040000000001	0.02139479759878616
1745.1480000000001	0.02139479759878616
1745.2910000000002	0.02139479759878616
1745.435	0.02139479759878616
1745.579	0.02139901643982117
1745.723	0.02139901643982117
1745.867	0.02139901643982117
1746.011	0.02139901643982117
1746.154	0.02140692676676181
1746.298	0.021416946514219954
1746.442	0.021430130392454352
1746.586	0.02143856807452437
1746.729	0.021442259560430003
1746.874	0.021453334018146898
1747.017	0.02146388112073442
1747.161	0.021476010288710067
1747.305	0.021491303587461975
1747.449	0.021506596886213883
1747.593	0.021519780764448285
1747.736	0.021524526960612668
1747.88	0.02152769109138892
1748.0240000000001	0.02153243728755331
1748.1680000000001	0.021545093810658333
1748.3120000000001	0.021554058847857722
1748.4560000000001	0.021561969174798364
1748.6000000000001	0.021580426604326526
1748.7430000000002	0.0215920284171728
1748.887	0.02159835667872531
1749.031	0.02160943113644221
1749.175	0.021619450883900354
1749.319	0.021623669724935363
1749.463	0.021628943276229124
1749.606	0.02163738095829914
1749.75	0.02164423657498103
1749.894	0.021651619546792296
1750.038	0.021660057228862314
1750.182	0.021676932593002345
1750.326	0.021693280602013
1750.47	0.02169908150843614
1750.614	0.021702245639212393
1750.757	0.021706991835376777
1750.901	0.021716484227705547
1751.045	0.021727031330293068
1751.189	0.021734414302104335
1751.332	0.02174021520852747
1751.477	0.02174443404956248
1751.6200000000001	0.021747598180338733
1751.7640000000001	0.02175076231111499
1751.9080000000001	0.021753926441891246
1752.0520000000001	0.02175603586240875
1752.1960000000001	0.02175761792779688
1752.3390000000002	0.021758672638055632
1752.483	0.02176289147909064
1752.627	0.021767637675255025
1752.771	0.021769747095772528
1752.9160000000002	0.021772383871419408
1753.06	0.021775548002195666
1753.204	0.021779239488101294
1753.347	0.021780821553489423
1753.491	0.02180244311379384
1753.635	0.02182670144974514
1753.779	0.021834084421556404
1753.923	0.021839885327979543
1754.067	0.021840940038238294
1754.211	0.021841467393367668
1754.354	0.021845158879273303
1754.498	0.021850959785696438
1754.642	0.021855178626731447
1754.786	0.021858342757507705
1754.93	0.02185992482289583
1755.074	0.02186572572931897
1755.218	0.02187363605625961
1755.362	0.021878382252423993
1755.505	0.02188154638320025
1755.6490000000001	0.021884710513976505
1755.7920000000001	0.021889984065270266
1755.9370000000001	0.021892620840917146
1756.0810000000001	0.021894730261434653
1756.2240000000002	0.021896839681952156
1756.3680000000002	0.021897894392210907
1756.512	0.021899476457599036
1756.656	0.021902640588375287
1756.799	0.021908968849927803
1756.944	0.021914242401221563
1757.087	0.021914242401221563
1757.231	0.021914242401221563
1757.375	0.021914242401221563
1757.519	0.021914242401221563
1757.663	0.021914242401221563
1757.806	0.021914242401221563
1757.95	0.021915824466609692
1758.094	0.021915824466609692
1758.238	0.021915824466609692
1758.382	0.021915824466609692
1758.526	0.021918461242256573
1758.67	0.021922152728162204
1758.814	0.02192320743842096
1758.957	0.02192953569997347
1759.101	0.02192953569997347
1759.2450000000001	0.02193639131665536
1759.3890000000001	0.021937973382043487
1759.5330000000001	0.021939028092302238
1759.6760000000002	0.021943774288466625
1759.8200000000002	0.021952739325666014
1759.9640000000002	0.021956958166701023
1760.108	0.021956958166701023
1760.252	0.02195906758721853
1760.396	0.021961177007736032
1760.54	0.021966977914159167
1760.683	0.021974360885970434
1760.827	0.021977525016746692
1760.971	0.021979107082134818
1761.115	0.021979107082134818
1761.259	0.021980689147522943
1761.402	0.0219838532782992
1761.547	0.021988072119334214
1761.69	0.02199229096036922
1761.834	0.021995982446274848
1761.978	0.021998091866792354
1762.122	0.02200125599756861
1762.266	0.02200600219373299
1762.409	0.02200600219373299
1762.553	0.02200600219373299
1762.6970000000001	0.02200600219373299
1762.8410000000001	0.02200758425912112
1762.9850000000001	0.02200758425912112
1763.1290000000001	0.02200758425912112
1763.2730000000001	0.02200758425912112
1763.4160000000002	0.02200758425912112
1763.56	0.02200758425912112
1763.704	0.02200758425912112
1763.848	0.02200758425912112
1763.992	0.02200758425912112
1764.136	0.02200758425912112
1764.28	0.02200758425912112
1764.423	0.02200758425912112
1764.567	0.02200758425912112
1764.711	0.02200758425912112
1764.855	0.02200758425912112
1764.998	0.02200758425912112
1765.142	0.02200758425912112
1765.286	0.02200758425912112
1765.43	0.02200758425912112
1765.574	0.02200758425912112
1765.718	0.02200758425912112
1765.862	0.02200758425912112
1766.005	0.02200758425912112
1766.1490000000001	0.02200758425912112
1766.2930000000001	0.02200758425912112
1766.4370000000001	0.02200758425912112
1766.5810000000001	0.02200758425912112
1766.7250000000001	0.022008638969379872
1766.8690000000001	0.022008638969379872
1767.012	0.022008638969379872
1767.156	0.022008638969379872
1767.3	0.022008638969379872
1767.444	0.022008638969379872
1767.588	0.022008638969379872
1767.732	0.022008638969379872
1767.876	0.022008638969379872
1768.019	0.022008638969379872
1768.163	0.022008638969379872
1768.307	0.022008638969379872
1768.451	0.022008638969379872
1768.595	0.022008638969379872
1768.739	0.022008638969379872
1768.882	0.022008638969379872
1769.026	0.022008638969379872
1769.17	0.022008638969379872
1769.314	0.022008638969379872
1769.457	0.022008638969379872
1769.602	0.022008638969379872
1769.7450000000001	0.022008638969379872
1769.8890000000001	0.022008638969379872
1770.0330000000001	0.022008638969379872
1770.1770000000001	0.022008638969379872
1770.3210000000001	0.022008638969379872
1770.4650000000001	0.022008638969379872
1770.6090000000002	0.022008638969379872
1770.7530000000002	0.022008638969379872
1770.8970000000002	0.022008638969379872
1771.0410000000002	0.022008638969379872
1771.185	0.022008638969379872
1771.329	0.022008638969379872
1771.472	0.022008638969379872
1771.616	0.022008638969379872
1771.76	0.022008638969379872
1771.904	0.022008638969379872
1772.048	0.022008638969379872
1772.192	0.022008638969379872
1772.336	0.022008638969379872
1772.4850000000001	0.022009693679638627
1772.623	0.022009693679638627
1772.767	0.022009693679638627
1772.911	0.022016021941191143
1773.055	0.022016021941191143
1773.199	0.022016021941191143
1773.343	0.022024986978390535
1773.486	0.02202973317455492
1773.63	0.0220344793707193
1773.7740000000001	0.022037116146366182
1773.9180000000001	0.022037116146366182
1774.0610000000001	0.022037116146366182
1774.2050000000002	0.022037116146366182
1774.3490000000002	0.022037116146366182
1774.4930000000002	0.022037116146366182
1774.637	0.022037116146366182
1774.781	0.022037116146366182
1774.925	0.022037116146366182
1775.068	0.022037116146366182
1775.212	0.022037116146366182
1775.356	0.022037116146366182
1775.5	0.02203869821175431
1775.644	0.02203869821175431
1775.788	0.02203869821175431
1775.932	0.02203869821175431
1776.075	0.02203869821175431
1776.219	0.02203869821175431
1776.363	0.02203869821175431
1776.507	0.02203869821175431
1776.651	0.02203869821175431
1776.796	0.022037116146366182
1776.938	0.0220344793707193
1777.082	0.02202973317455492
1777.226	0.022024986978390535
1777.374	0.0220191860719674
1777.5140000000001	0.022012857810414885
1777.6580000000001	0.022009693679638627
1777.8020000000001	0.022008638969379872
1777.9450000000002	0.02200758425912112
1778.0890000000002	0.02200758425912112
1778.233	0.02200600219373299
1778.377	0.022004420128344866
1778.52	0.022004420128344866
1778.665	0.022004420128344866
1778.808	0.022004420128344866
1778.952	0.022004420128344866
1779.096	0.022004420128344866
1779.24	0.022004420128344866
1779.383	0.022004420128344866
1779.528	0.022004420128344866
1779.671	0.022004420128344866
1779.815	0.022004420128344866
1779.959	0.022004420128344866
1780.103	0.022004420128344866
1780.247	0.022004420128344866
1780.39	0.022004420128344866
1780.534	0.022004420128344866
1780.678	0.022004420128344866
1780.8220000000001	0.022004420128344866
1780.9660000000001	0.02200600219373299
1781.1100000000001	0.02200600219373299
1781.2530000000002	0.02200758425912112
1781.3980000000001	0.02200758425912112
1781.5410000000002	0.02200758425912112
1781.685	0.02200758425912112
1781.829	0.02200758425912112
1781.973	0.02200758425912112
1782.117	0.02200758425912112
1782.26	0.02200758425912112
1782.404	0.02200758425912112
1782.548	0.02200758425912112
1782.692	0.02200758425912112
1782.836	0.02200758425912112
1782.98	0.02200758425912112
1783.123	0.02200758425912112
1783.267	0.02200758425912112
1783.411	0.02200758425912112
1783.555	0.02200758425912112
1783.699	0.02200758425912112
1783.843	0.02200758425912112
1783.991	0.02200758425912112
1784.13	0.02200758425912112
1784.2740000000001	0.02200758425912112
1784.4180000000001	0.02200758425912112
1784.5620000000001	0.02200600219373299
1784.7060000000001	0.022004420128344866
1784.8500000000001	0.02200125599756861
1784.9930000000002	0.021998091866792354
1785.137	0.021998091866792354
1785.281	0.021996509801404225
1785.425	0.02199334567062797
1785.569	0.021991236250110464
1785.713	0.02198965418472234
1785.857	0.02198701740907546
1786.0	0.021984907988557956
1786.144	0.021983325923169823
1786.288	0.021980689147522943
1786.432	0.021977525016746692
1786.576	0.021975942951358563
1786.72	0.02197488824109981
1786.863	0.02197330617571168
1787.007	0.021971724110323554
1787.151	0.021970669400064802
1787.295	0.021970669400064802
1787.442	0.02197014204493543
1787.583	0.02197014204493543
1787.726	0.021968559979547296
1787.871	0.021966977914159167
1788.015	0.021964868493641664
1788.159	0.021962231717994784
1788.3020000000001	0.021962231717994784
1788.4470000000001	0.021960649652606655
1788.5900000000001	0.021958540232089152
1788.7340000000002	0.021958540232089152
1788.8780000000002	0.021956958166701023
1789.0220000000002	0.021956958166701023
1789.165	0.021956958166701023
1789.31	0.021956958166701023
1789.454	0.021956958166701023
1789.597	0.021956958166701023
1789.741	0.02195590345644227
1789.885	0.021951684615407266
1790.029	0.02194693841924288
1790.172	0.021942192223078492
1790.317	0.02193744602691411
1790.46	0.021935863961525984
1790.604	0.021934809251267232
1790.748	0.02193375454100848
1790.892	0.02193217247562035
1791.035	0.021930063055102846
1791.18	0.021928480989714717
1791.323	0.021925844214067836
1791.467	0.021923734793550333
1791.611	0.021919515952515324
1791.755	0.021915824466609692
1791.8990000000001	0.021914242401221563
1792.0420000000001	0.02191107827044531
1792.1860000000001	0.021908968849927803
1792.3300000000002	0.02190844149479843
1792.4740000000002	0.02190844149479843
1792.6180000000002	0.021907386784539677
1792.762	0.021906332074280922
1792.905	0.021906332074280922
1793.049	0.021904750008892797
1793.193	0.021902640588375294
1793.337	0.02190105852298716
1793.481	0.02189842174734028
1793.625	0.021893675551175898
1793.769	0.02189051142039964
1793.912	0.02189051142039964
1794.056	0.02189051142039964
1794.2	0.02188945671014089
1794.344	0.02188523786910588
1794.488	0.02188154638320025
1794.632	0.02187996431781212
1794.775	0.021878382252423993
1794.919	0.02187785489729462
1795.063	0.02187785489729462
1795.207	0.02187627283190649
1795.3500000000001	0.021872053990871478
1795.4950000000001	0.021867835149836472
1795.6380000000001	0.021864671019060214
1795.7820000000002	0.02186256159854271
1795.9260000000002	0.021862034243413337
1796.0700000000002	0.021860979533154586
1796.2140000000002	0.02185992482289583
1796.358	0.021855178626731447
1796.502	0.02184937772030831
1796.645	0.02184674094466143
1796.789	0.021845158879273303
1796.933	0.0218430494587558
1797.077	0.021839357972850165
1797.22	0.021836193842073907
1797.365	0.021833029711297653
1797.508	0.021830392935650773
1797.652	0.02182933822539202
1797.796	0.021828810870262644
1797.94	0.02182722880487452
1798.083	0.021824592029227638
1798.228	0.021823009963839506
1798.371	0.021821955253580754
1798.516	0.021817736412545745
1798.659	0.02181457228176949
1798.803	0.02181457228176949
1798.9470000000001	0.021812462861251988
1799.0900000000001	0.021810353440734485
1799.2340000000002	0.021809298730475733
1799.3780000000002	0.021806134599699475
1799.5220000000002	0.021804025179181973
1799.6660000000002	0.021802970468923218
1799.81	0.02179875162788821
1799.953	0.02179558749711195
1800.098	0.0217945327868532
1800.241	0.021791896011206322
1800.385	0.021790313945818193
1800.529	0.021790313945818193
1800.673	0.02178820452530069
1800.817	0.021783458329136304
1800.96	0.02178029419836005
1801.104	0.02177871213297192
1801.248	0.02177713006758379
1801.393	0.021775548002195666
1801.536	0.02177132916116066
1801.68	0.021767637675255025
1801.823	0.021765000899608145
1801.967	0.021762891479090638
1802.111	0.02176130941370251
1802.255	0.021758145282926255
1802.402	0.021756563217538126
1802.5420000000001	0.021754981152149997
1802.6860000000001	0.021752871731632494
1802.8300000000002	0.021743379339303728
1802.9740000000002	0.02173335959184558
1803.1180000000002	0.02173230488158683
1803.261	0.0217307228161987
1803.406	0.021727031330293068
1803.549	0.021724921909775565
1803.693	0.021724921909775565
1803.837	0.021723339844387436
1803.981	0.021721757778999307
1804.124	0.02172017571361118
1804.269	0.02171701158283492
1804.412	0.021715429517446795
1804.556	0.02171437480718804
1804.7	0.02171173803154116
1804.844	0.02170804654563553
1804.988	0.021702245639212393
1805.131	0.02169855415330676
1805.275	0.021698026798177387
1805.42	0.02169749944304801
1805.564	0.02169591737765988
1805.708	0.021694335312271752
1805.852	0.021694335312271752
1805.9950000000001	0.021693280602013
1806.1390000000001	0.021691698536624872
1806.2830000000001	0.021691171181495498
1806.4270000000001	0.021690116471236746
1806.5710000000001	0.02168906176097799
1806.7150000000001	0.021688534405848614
1806.8590000000002	0.02168695234046049
1807.002	0.02168537027507236
1807.146	0.02168378820968423
1807.29	0.021670076976320455
1807.434	0.02165742045321543
1807.578	0.02165636574295668
1807.722	0.02165056483653354
1807.865	0.021645818640369154
1808.009	0.02164529128523978
1808.153	0.02163632624804039
1808.297	0.021624197080064737
1808.44	0.021620505594159106
1808.585	0.021619450883900354
1808.729	0.021616286753124096
1808.872	0.021613122622347842
1809.016	0.021611540556959713
1809.16	0.021607321715924704
1809.304	0.021603102874889694
1809.448	0.021599411388984066
1809.592	0.021595192547949053
1809.7350000000001	0.021592555772302173
1809.8790000000001	0.02159044635178467
1810.0230000000001	0.021588864286396545
1810.1670000000001	0.021585700155620287
1810.3110000000001	0.021582536024844032
1810.4550000000002	0.0215788445389384
1810.598	0.021576207763291517
1810.742	0.021574625697903388
1810.886	0.021573043632515262
1811.03	0.02157093421199776
1811.173	0.021567770081221502
1811.318	0.02156302388505712
1811.461	0.021555113558116477
1811.605	0.02154825794143459
1811.749	0.021545093810658333
1811.893	0.02154298439014083
1812.037	0.021536656128588315
1812.18	0.02153085522216518
1812.324	0.021528218446518296
1812.468	0.021526109026000793
1812.612	0.02152558167087142
1812.756	0.02152294489522454
1812.9	0.02152030811957766
1813.0430000000001	0.02151872605418953
1813.188	0.021512397792637014
1813.3310000000001	0.021506069531084505
1813.4750000000001	0.021501850690049496
1813.6190000000001	0.021497104493885113
1813.7630000000001	0.02149235829772073
1813.9070000000002	0.02148972152207385
1814.05	0.02148972152207385
1814.194	0.02148972152207385
1814.338	0.021489194166944475
1814.482	0.02148655739129759
1814.626	0.021484447970780085
1814.77	0.021483920615650708
1814.913	0.021482338550262582
1815.057	0.021480756484874457
1815.201	0.02147864706435695
1815.345	0.02147601028871007
1815.489	0.02147442822332194
1815.633	0.021467572606640055
1815.777	0.02146124434508754
1815.92	0.021457552859181907
1816.064	0.0214533340181469
1816.208	0.021452806663017528
1816.352	0.021452806663017528
1816.496	0.021450169887370647
1816.64	0.02144700575659439
1816.7830000000001	0.021446478401465012
1816.9270000000001	0.021445423691206257
1817.0710000000001	0.021442786915559377
1817.2150000000001	0.021440677495041874
1817.3590000000002	0.02143909542965375
1817.505	0.02143751336426562
1817.646	0.021433821878359988
1817.79	0.021429075682195604
1817.934	0.021427493616807475
1818.078	0.021426438906548724
1818.222	0.021424329486031218
1818.366	0.021423274775772466
1818.51	0.021421165355254963
1818.653	0.021419055934737457
1818.797	0.021418001224478705
1818.941	0.021416419159090577
1819.085	0.021415891803961203
1819.229	0.021414837093702448
1819.373	0.02140903618727931
1819.516	0.0214027079257268
1819.66	0.021399543794950543
1819.804	0.021396379664174285
1819.948	0.02139479759878616
1820.0910000000001	0.02139321553339803
1820.236	0.021391633468009902
1820.383	0.021391633468009902
1820.5230000000001	0.02139057875775115
1820.6670000000001	0.02138899669236302
1820.8110000000001	0.021387414626974896
1820.954	0.021384777851328016
1821.0990000000002	0.021381613720551758
1821.2430000000002	0.021379504300034255
1821.386	0.021378976944904877
1821.53	0.021378976944904877
1821.674	0.021377922234646126
1821.818	0.021376867524387375
1821.961	0.021376867524387375
1822.105	0.02137475810386987
1822.249	0.021371593973093614
1822.393	0.021370539262834862
1822.537	0.021370539262834862
1822.681	0.02137001190770549
1822.825	0.02136684777692923
1822.97	0.02136421100128235
1823.114	0.02136421100128235
1823.257	0.02136421100128235
1823.401	0.021363683646152973
1823.545	0.0213631562910236
1823.689	0.021362101580764847
1823.832	0.021361046870506092
1823.976	0.021358410094859212
1824.1200000000001	0.02135577331921233
1824.2640000000001	0.02135577331921233
1824.4080000000001	0.021355245964082954
1824.5520000000001	0.02135366389869483
1824.6950000000002	0.021352081833306696
1824.8400000000001	0.02135049976791857
1824.983	0.021348917702530446
1825.127	0.021348390347401068
1825.271	0.021347335637142317
1825.415	0.021346280926883565
1825.559	0.021346280926883565
1825.702	0.021344698861495436
1825.846	0.021343116796107307
1825.99	0.02134258944097793
1826.134	0.0213410073755898
1826.278	0.021338370599942924
1826.422	0.021336788534554795
1826.565	0.021335206469166666
1826.709	0.02133362440377854
1826.853	0.021332042338390412
1826.997	0.02132940556274353
1827.141	0.021327823497355403
1827.285	0.02132624143196727
1827.429	0.021320440525544136
1827.5720000000001	0.021315694329379752
1827.7160000000001	0.021315166974250375
1827.8600000000001	0.021313584908862246
1828.0040000000001	0.02131094813321537
1828.1480000000001	0.021307256647309737
1828.2920000000001	0.0213014557408866
1828.435	0.02129723689985159
1828.579	0.02129512747933409
1828.723	0.02129249070368721
1828.867	0.021291435993428455
1829.011	0.021289853928040326
1829.155	0.021287744507522823
1829.299	0.02128721715239345
1829.442	0.021285635087005317
1829.586	0.021282998311358436
1829.73	0.021280361535711556
1829.874	0.021278252115194053
1830.018	0.021275087984417795
1830.162	0.02127192385364154
1830.305	0.021271396498512167
1830.449	0.021269287077994664
1830.593	0.021267177657477158
1830.737	0.021266650302347784
1830.88	0.021266122947218406
1831.025	0.021263486171571526
1831.169	0.021260849395924646
1831.3120000000001	0.021260322040795268
1831.4560000000001	0.02125873997540714
1831.6000000000001	0.021257685265148388
1831.7440000000001	0.02125715791001901
1831.8880000000001	0.021256630554889636
1832.0320000000002	0.021255575844630885
1832.175	0.021252411713854627
1832.319	0.02124924758307837
1832.4660000000001	0.021247665517690244
1832.607	0.021247138162560866
1832.751	0.021246083452302115
1832.895	0.02124291932152586
1833.039	0.021239755190749603
1833.182	0.021237118415102722
1833.326	0.02123237221893834
1833.47	0.02122815337790333
1833.614	0.0212265713125152
1833.758	0.021226043957385827
1833.902	0.021224461891997698
1834.045	0.021221825116350818
1834.189	0.021219188340703937
1834.333	0.02121760627531581
1834.477	0.021217078920186434
1834.6200000000001	0.021215496854798302
1834.765	0.021211278013763296
1834.909	0.02120494975221078
1835.0520000000001	0.021200730911175775
1835.1960000000001	0.021198094135528894
1835.3400000000001	0.021194930004752636
1835.483	0.021191238518847008
1835.6280000000002	0.021187547032941373
1835.7720000000002	0.021172253734189468
1835.915	0.021172253734189468
1836.059	0.021158542500825692
1836.203	0.021156960435437563
1836.347	0.021152214239273177
1836.49	0.021152214239273177
1836.635	0.021146413332850042
1836.778	0.021137975650780027
1836.922	0.021131647389227515
1837.066	0.021121100286639993
1837.21	0.021106334343017466
1837.353	0.021096841950688693
1837.498	0.02109209575452431
1837.641	0.021091568399394932
1837.785	0.02108945897887743
1837.929	0.02108682220323055
1838.073	0.021084185427583668
1838.217	0.02108260336219554
1838.361	0.02107996658654866
1838.505	0.021076802455772405
1838.6480000000001	0.021076802455772405
1838.7920000000001	0.021073638324996147
1838.9360000000001	0.021073638324996147
1839.0800000000002	0.021073638324996147
1839.223	0.021073638324996147
1839.3680000000002	0.021066255353184883
1839.511	0.02105359883007986
1839.655	0.021043051727492337
1839.799	0.02103830553132795
1839.943	0.02103461404542232
1840.088	0.021031449914646064
1840.231	0.021029867849257936
1840.376	0.021027231073611055
1840.519	0.02102301223257605
1840.663	0.021018793391541037
1840.8110000000001	0.02101457455050603
1840.951	0.021011410419729773
1841.094	0.02100930099921227
1841.239	0.021006136868436012
1841.382	0.02100139067227163
1841.526	0.020996117120977868
1841.67	0.020991898279942862
1841.814	0.020988206794037227
1841.958	0.02098504266326097
1842.101	0.020982933242743466
1842.2450000000001	0.020979769111967212
1842.3890000000001	0.020973968205544074
1842.5330000000001	0.020969222009379687
1842.6770000000001	0.02096763994399156
1842.8210000000001	0.02096500316834468
1842.9650000000001	0.020961839037568424
1843.108	0.02095972961705092
1843.252	0.020958147551662795
1843.396	0.020952874000369034
1843.54	0.02094812780420465
1843.683	0.020944963673428393
1843.828	0.02094021747726401
1843.972	0.020938108056746504
1844.115	0.020935471281099623
1844.259	0.020931252440064614
1844.403	0.02092967037467649
1844.547	0.020928088309288356
1844.69	0.02092386946825335
1844.835	0.02091965062721834
1844.978	0.020917541206700835
1845.122	0.020915431786183332
1845.266	0.020913849720795206
1845.41	0.02091279501053645
1845.554	0.020911212945148326
1845.6970000000001	0.02090752145924269
1845.842	0.020903302618207685
1845.9850000000001	0.020902247907948934
1846.1290000000001	0.020901720552819556
1846.2730000000001	0.02090119319769018
1846.4170000000001	0.020900138487431427
1846.5610000000001	0.02089908377717268
1846.704	0.02089591964639642
1846.848	0.020891700805361412
1846.992	0.02089064609510266
1847.136	0.02089064609510266
1847.28	0.020888536674585154
1847.4270000000001	0.020883790478420768
1847.568	0.02087746221686826
1847.711	0.020873770730962627
1847.855	0.020873770730962627
1847.999	0.020873770730962627
1848.143	0.020873770730962627
1848.287	0.020873770730962627
1848.431	0.020873770730962627
1848.574	0.020873770730962627
1848.718	0.020873770730962627
1848.862	0.020873770730962627
1849.006	0.020873770730962627
1849.1490000000001	0.020873770730962627
1849.294	0.020873770730962627
1849.4370000000001	0.020873770730962627
1849.5810000000001	0.020873770730962627
1849.7250000000001	0.020873770730962627
1849.8690000000001	0.020873770730962627
1850.0130000000001	0.020873770730962627
1850.156	0.020873770730962627
1850.3010000000002	0.020873770730962627
1850.444	0.020873770730962627
1850.588	0.020873770730962627
1850.733	0.020873770730962627
1850.876	0.020873770730962627
1851.02	0.020873770730962627
1851.163	0.020873770730962627
1851.308	0.020873770730962627
1851.451	0.020873770730962627
1851.595	0.020873770730962627
1851.739	0.020873770730962627
1851.883	0.020873770730962627
1852.027	0.020873770730962627
1852.17	0.020873770730962627
1852.314	0.020873770730962627
1852.458	0.020873770730962627
1852.602	0.020873770730962627
1852.7450000000001	0.020873770730962627
1852.89	0.020873770730962627
1853.034	0.020873770730962627
1853.181	0.020873770730962627
1853.3210000000001	0.020873770730962627
1853.4650000000001	0.020873770730962627
1853.6090000000002	0.020873770730962627
1853.752	0.020873770730962627
1853.8970000000002	0.020873770730962627
1854.04	0.020873770730962627
1854.184	0.020873770730962627
1854.328	0.020873770730962627
1854.472	0.020873770730962627
1854.616	0.020873770730962627
1854.759	0.020873770730962627
1854.903	0.020873770730962627
1855.047	0.020873770730962627
1855.191	0.020873770730962627
1855.335	0.020873770730962627
1855.479	0.020873770730962627
1855.623	0.020873770730962627
1855.766	0.020873770730962627
1855.91	0.020873770730962627
1856.054	0.020873770730962627
1856.198	0.020873770730962627
1856.342	0.020873770730962627
1856.4850000000001	0.020873770730962627
1856.6290000000001	0.020873770730962627
1856.7730000000001	0.020873770730962627
1856.9170000000001	0.020873770730962627
1857.0610000000001	0.020873770730962627
1857.2050000000002	0.020873770730962627
1857.3490000000002	0.020873770730962627
1857.492	0.020873770730962627
1857.636	0.020873770730962627
1857.781	0.020873770730962627
1857.925	0.020873770730962627
1858.069	0.020873770730962627
1858.212	0.020873770730962627
1858.356	0.020873770730962627
1858.5	0.020873770730962627
1858.644	0.020873770730962627
1858.788	0.020873770730962627
1858.932	0.020873770730962627
1859.076	0.020873770730962627
1859.219	0.020873770730962627
1859.363	0.020873770730962627
1859.507	0.020873770730962627
1859.651	0.020873770730962627
1859.795	0.020873770730962627
1859.939	0.020873770730962627
1860.083	0.020873770730962627
1860.226	0.020873770730962627
1860.3700000000001	0.020873770730962627
1860.5140000000001	0.020873770730962627
1860.6580000000001	0.020873770730962627
1860.8010000000002	0.020873770730962627
1860.9460000000001	0.020873770730962627
1861.0890000000002	0.020873770730962627
1861.233	0.020873770730962627
1861.377	0.020873770730962627
1861.521	0.020873770730962627
1861.665	0.020873770730962627
1861.808	0.020873770730962627
1861.952	0.020873770730962627
1862.096	0.020873770730962627
1862.24	0.020873770730962627
1862.384	0.020873770730962627
1862.531	0.020873770730962627
1862.672	0.020873770730962627
1862.815	0.020873770730962627
1862.959	0.020873770730962627
1863.103	0.020873770730962627
1863.247	0.020873770730962627
1863.391	0.020873770730962627
1863.535	0.02087746221686826
1863.68	0.020883790478420768
1863.8220000000001	0.020888536674585154
1863.9660000000001	0.02089064609510266
1864.1100000000001	0.02089064609510266
1864.2540000000001	0.020891700805361412
1864.3970000000002	0.02089591964639642
1864.5410000000002	0.02089591964639642
1864.685	0.02089908377717268
1864.829	0.02089908377717268
1864.973	0.020900138487431427
1865.117	0.02090119319769018
1865.261	0.020901720552819556
1865.404	0.020902247907948934
1865.548	0.020903302618207685
1865.692	0.020903302618207685
1865.836	0.02090752145924269
1865.98	0.02090752145924269
1866.124	0.02090752145924269
1866.267	0.02090752145924269
1866.411	0.02090752145924269
1866.555	0.02090752145924269
1866.699	0.02090752145924269
1866.843	0.020911212945148326
1866.987	0.02091279501053645
1867.131	0.02091279501053645
1867.2740000000001	0.02091279501053645
1867.4180000000001	0.02091279501053645
1867.5620000000001	0.02091279501053645
1867.7060000000001	0.02091279501053645
1867.8490000000002	0.020913849720795206
1867.9940000000001	0.020913849720795206
1868.137	0.020913849720795206
1868.281	0.020913849720795206
1868.425	0.020913849720795206
1868.569	0.020915431786183332
1868.713	0.020919123272088967
1868.856	0.02092386946825335
1869.0	0.020929670374676485
1869.144	0.020933889215711494
1869.288	0.020936525991358375
1869.432	0.020938108056746504
1869.579	0.02094285425291089
1869.722	0.02094812780420465
1869.863	0.020952874000369034
1870.007	0.020958674906792173
1870.151	0.020961839037568424
1870.295	0.02096500316834468
1870.439	0.020975550270932203
1870.583	0.02098767943890785
1870.726	0.020991898279942862
1870.8700000000001	0.020996117120977868
1871.018	0.02100402744791851
1871.1580000000001	0.02100930099921227
1871.3020000000001	0.0210129924851179
1871.4460000000001	0.021018793391541037
1871.5900000000001	0.02102301223257605
1871.733	0.021027231073611055
1871.877	0.021031449914646064
1872.021	0.021036723465939825
1872.165	0.02105096205443298
1872.308	0.021068892128831763
1872.452	0.02107627510064303
1872.598	0.02107785716603116
1872.74	0.021082603362195543
1872.884	0.021093150464783064
1873.028	0.021121100286639993
1873.172	0.021166980182895707
1873.315	0.021202840331693278
1873.459	0.021213914789410176
1873.603	0.021215496854798302
1873.747	0.021215496854798302
1873.891	0.021215496854798302
1874.035	0.021215496854798302
1874.179	0.021217078920186434
1874.3220000000001	0.021217078920186434
1874.4660000000001	0.021217078920186434
1874.6100000000001	0.021220243050962685
1874.7540000000001	0.021238700480490848
1874.8980000000001	0.02125610319976026
1875.0410000000002	0.021263486171571526
1875.185	0.021263486171571526
1875.3300000000002	0.021263486171571526
1875.4740000000002	0.021263486171571526
1875.6180000000002	0.021263486171571526
1875.761	0.021271923853641538
1875.906	0.02127614269467655
1876.049	0.021282998311358436
1876.193	0.021282998311358436
1876.337	0.021282998311358436
1876.481	0.021282998311358436
1876.625	0.021282998311358436
1876.768	0.021282998311358436
1876.912	0.021282998311358436
1877.056	0.021282998311358436
1877.2	0.021282998311358436
1877.344	0.021282998311358436
1877.49	0.021282998311358436
1877.632	0.021282998311358436
1877.775	0.021282998311358436
1877.919	0.021291435993428455
1878.063	0.021291435993428455
1878.207	0.021291435993428455
1878.351	0.021291435993428455
1878.4950000000001	0.021291435993428455
1878.6380000000001	0.021291435993428455
1878.7820000000002	0.021291435993428455
1878.9260000000002	0.021291435993428455
1879.0700000000002	0.021291435993428455
1879.2140000000002	0.021291435993428455
1879.357	0.021291435993428455
1879.501	0.021291435993428455
1879.6470000000002	0.021291435993428455
1879.789	0.021291435993428455
1879.933	0.021291435993428455
1880.077	0.021291435993428455
1880.221	0.021291435993428455
1880.364	0.021291435993428455
1880.51	0.021291435993428455
1880.652	0.021291435993428455
1880.796	0.021291435993428455
1880.94	0.021291435993428455
1881.084	0.021291435993428455
1881.227	0.021291435993428455
1881.371	0.021291435993428455
1881.515	0.021291435993428455
1881.659	0.021291435993428455
1881.8020000000001	0.021291435993428455
1881.9470000000001	0.021291435993428455
1882.0900000000001	0.021291435993428455
1882.2340000000002	0.021291435993428455
1882.3780000000002	0.021291435993428455
1882.5220000000002	0.021291435993428455
1882.6660000000002	0.021291435993428455
1882.81	0.021291435993428455
1882.953	0.021291435993428455
1883.097	0.021291435993428455
1883.241	0.021291435993428455
1883.385	0.021291435993428455
1883.529	0.021291435993428455
1883.673	0.021291435993428455
1883.817	0.021291435993428455
1883.96	0.021291435993428455
1884.104	0.021291435993428455
1884.248	0.021291435993428455
1884.392	0.021291435993428455
1884.536	0.021291435993428455
1884.68	0.021291435993428455
1884.823	0.021291435993428455
1884.967	0.021291435993428455
1885.111	0.021291435993428455
1885.255	0.021291435993428455
1885.3980000000001	0.021291435993428455
1885.5430000000001	0.021291435993428455
1885.6870000000001	0.021291435993428455
1885.8300000000002	0.021291435993428455
1885.9740000000002	0.02129829161011034
1886.1180000000002	0.021305147226792234
1886.262	0.021308838712697863
1886.405	0.021308838712697863
1886.549	0.021308838712697863
1886.693	0.021308838712697863
1886.837	0.021308838712697863
1886.981	0.021308838712697863
1887.125	0.021312530198603498
1887.269	0.021312530198603498
1887.412	0.021312530198603498
1887.556	0.021312530198603498
1887.7	0.021312530198603498
1887.844	0.021312530198603498
1887.987	0.021312530198603498
1888.132	0.021312530198603498
1888.276	0.021312530198603498
1888.419	0.021312530198603498
1888.563	0.021312530198603498
1888.707	0.021312530198603498
1888.851	0.021312530198603498
1888.9940000000001	0.021312530198603498
1889.1390000000001	0.021312530198603498
1889.2820000000002	0.021315694329379752
1889.4260000000002	0.021315694329379752
1889.5700000000002	0.021315694329379752
1889.7140000000002	0.021315694329379752
1889.858	0.021315694329379752
1890.001	0.021315694329379752
1890.145	0.021315694329379752
1890.289	0.021315694329379752
1890.433	0.021315694329379752
1890.577	0.021315694329379752
1890.721	0.021315694329379752
1890.865	0.021315694329379752
1891.008	0.021315694329379752
1891.152	0.021315694329379752
1891.296	0.021315694329379752
1891.44	0.021315694329379752
1891.584	0.021315694329379752
1891.728	0.021315694329379752
1891.871	0.021315694329379752
1892.015	0.021315694329379752
1892.159	0.021315694329379752
1892.303	0.021315694329379752
1892.449	0.021315694329379752
1892.5910000000001	0.021315694329379752
1892.737	0.021315694329379752
1892.8790000000001	0.021315694329379752
1893.0230000000001	0.021315694329379752
1893.1670000000001	0.021315694329379752
1893.3110000000001	0.021315694329379752
1893.454	0.021316749039638504
1893.5990000000002	0.021321495235802887
1893.742	0.021321495235802887
1893.886	0.021321495235802887
1894.03	0.02132518672170852
1894.174	0.02132518672170852
1894.318	0.02132518672170852
1894.461	0.02132518672170852
1894.605	0.02132518672170852
1894.749	0.02132518672170852
1894.893	0.02132518672170852
1895.037	0.02132518672170852
1895.181	0.02132518672170852
1895.325	0.02132518672170852
1895.468	0.02132518672170852
1895.612	0.02132518672170852
1895.756	0.02132518672170852
1895.9	0.02132518672170852
1896.044	0.02132518672170852
1896.188	0.02132518672170852
1896.332	0.02132518672170852
1896.4750000000001	0.02132518672170852
1896.6190000000001	0.02132518672170852
1896.7630000000001	0.02132518672170852
1896.9070000000002	0.02132518672170852
1897.0510000000002	0.02132518672170852
1897.1950000000002	0.02132518672170852
1897.338	0.02132518672170852
1897.482	0.02132518672170852
1897.626	0.02132518672170852
1897.77	0.02132624143196727
1897.914	0.021327296142226025
1898.057	0.021331514983261034
1898.202	0.021337843244813547
1898.345	0.021347335637142313
1898.489	0.021357882739729835
1898.635	0.021357882739729835
1898.779	0.021357882739729835
1898.921	0.021357882739729835
1899.064	0.021357882739729835
1899.208	0.021357882739729835
1899.352	0.021357882739729835
1899.496	0.021357882739729835
1899.642	0.021357882739729835
1899.784	0.021357882739729835
1899.928	0.021357882739729835
1900.0710000000001	0.021357882739729835
1900.217	0.021357882739729835
1900.3590000000002	0.021349972412789197
1900.5030000000002	0.021349972412789197
1900.6470000000002	0.021349972412789197
1900.7910000000002	0.021349972412789197
1900.934	0.021349972412789197
1901.078	0.021349972412789197
1901.222	0.02134258944097793
1901.366	0.02134258944097793
1901.51	0.021337843244813547
1901.654	0.021337843244813547
1901.798	0.021337843244813547
1901.941	0.021337843244813547
1902.085	0.021334151758907915
1902.229	0.021329932917872906
1902.373	0.021327296142226025
1902.516	0.02132624143196727
1902.661	0.02132518672170852
1902.805	0.021321495235802887
1902.948	0.021316749039638504
1903.092	0.021315694329379752
1903.236	0.021315694329379752
1903.38	0.021315694329379752
1903.5230000000001	0.021312530198603498
1903.6670000000001	0.021308838712697863
1903.8110000000001	0.02130831135756849
1903.9550000000002	0.02130672929218036
1904.0990000000002	0.021303565161404102
1904.2450000000001	0.021301983096015976
1904.387	0.02129829161011034
1904.53	0.021292490703687203
1904.674	0.021292490703687203
1904.818	0.02128932657291095
1904.962	0.021287744507522823
1905.106	0.021287744507522823
1905.25	0.02128721715239345
1905.394	0.02128458037674657
1905.537	0.02128141624597031
1905.681	0.021279306825452808
1905.825	0.02127614269467655
1905.969	0.021274560629288418
1906.112	0.021274560629288418
1906.257	0.021272978563900292
1906.4	0.021270341788253412
1906.544	0.02126928707799466
1906.688	0.02126928707799466
1906.832	0.02126823236773591
1906.976	0.02126559559208903
1907.1190000000001	0.021261904106183394
1907.2640000000001	0.02125873997540714
1907.4070000000002	0.021257685265148388
1907.554	0.021257685265148388
1907.6950000000002	0.021257685265148388
1907.8390000000002	0.021257685265148388
1907.983	0.021257685265148388
1908.126	0.021257685265148388
1908.271	0.021257685265148388
1908.414	0.021257685265148388
1908.558	0.021257685265148388
1908.702	0.021257685265148388
1908.846	0.021257685265148388
1908.99	0.021257685265148388
1909.133	0.021257685265148388
1909.277	0.021257685265148388
1909.421	0.021257685265148388
1909.565	0.021257685265148388
1909.709	0.021257685265148388
1909.853	0.021257685265148388
1909.997	0.021257685265148388
1910.14	0.021257685265148388
1910.285	0.02125873997540714
1910.429	0.02125873997540714
1910.573	0.021261904106183394
1910.717	0.021261904106183394
1910.861	0.02126559559208903
1911.006	0.02126823236773591
1911.1480000000001	0.02126823236773591
1911.2920000000001	0.02126823236773591
1911.4360000000001	0.02126823236773591
1911.579	0.02126823236773591
1911.7240000000002	0.02126823236773591
1911.8680000000002	0.02126823236773591
1912.011	0.02126823236773591
1912.155	0.02126823236773591
1912.299	0.02126823236773591
1912.443	0.02126823236773591
1912.586	0.02126823236773591
1912.731	0.02126823236773591
1912.875	0.02126823236773591
1913.018	0.02126823236773591
1913.162	0.02126823236773591
1913.306	0.02126823236773591
1913.45	0.02126823236773591
1913.593	0.02126823236773591
1913.737	0.02126823236773591
1913.881	0.02126823236773591
1914.025	0.02126823236773591
1914.169	0.02126823236773591
1914.313	0.02126823236773591
1914.457	0.02126823236773591
1914.6000000000001	0.02126823236773591
1914.7440000000001	0.02126823236773591
1914.8880000000001	0.02126559559208903
1915.0320000000002	0.02126559559208903
1915.1760000000002	0.02126559559208903
1915.3200000000002	0.021261904106183394
1915.4640000000002	0.02125873997540714
1915.607	0.02125873997540714
1915.751	0.021257685265148388
1915.895	0.021257685265148388
1916.039	0.021257685265148388
1916.182	0.021257685265148388
1916.327	0.021257685265148388
1916.47	0.021257685265148388
1916.614	0.021257685265148388
1916.758	0.021257685265148388
1916.902	0.021257685265148388
1917.046	0.021257685265148388
1917.189	0.021257685265148388
1917.334	0.021257685265148388
1917.477	0.021257685265148388
1917.621	0.021257685265148388
1917.765	0.021257685265148388
1917.909	0.021257685265148388
1918.053	0.021257685265148388
1918.1960000000001	0.021257685265148388
1918.3410000000001	0.021257685265148388
1918.4840000000002	0.021257685265148388
1918.6280000000002	0.021255575844630885
1918.7720000000002	0.021255575844630885
1918.9160000000002	0.021253466424113382
1919.06	0.021253466424113382
1919.203	0.021253466424113382
1919.347	0.021253466424113382
1919.491	0.021253466424113382
1919.635	0.021253466424113382
1919.779	0.021253466424113382
1919.923	0.021253466424113382
1920.067	0.021253466424113382
1920.21	0.021253466424113382
1920.354	0.021253466424113382
1920.498	0.021253466424113382
1920.642	0.021253466424113382
1920.785	0.021253466424113382
1920.93	0.021253466424113382
1921.073	0.021253466424113382
1921.217	0.021253466424113382
1921.361	0.021253466424113382
1921.505	0.021253466424113382
1921.6490000000001	0.021253466424113382
1921.7920000000001	0.021253466424113382
1921.9360000000001	0.021253466424113382
1922.0800000000002	0.021253466424113382
1922.2240000000002	0.021253466424113382
1922.3680000000002	0.021253466424113382
1922.5140000000001	0.021253466424113382
1922.656	0.021253466424113382
1922.799	0.021253466424113382
1922.943	0.021253466424113382
1923.087	0.021253466424113382
1923.231	0.021253466424113382
1923.375	0.021252411713854627
1923.519	0.021251357003595876
1923.663	0.0212508296484665
1923.806	0.02124924758307837
1923.95	0.02124924758307837
1924.094	0.02124924758307837
1924.238	0.02124924758307837
1924.382	0.02124924758307837
1924.526	0.021248192872819618
1924.669	0.021248192872819618
1924.813	0.021248192872819618
1924.957	0.021248192872819618
1925.101	0.021245028742043363
1925.2450000000001	0.0212376457702321
1925.3890000000001	0.0212376457702321
1925.5330000000001	0.0212376457702321
1925.6760000000002	0.0212376457702321
1925.8200000000002	0.0212376457702321
1925.9640000000002	0.0212376457702321
1926.108	0.02123342692919709
1926.251	0.021232899574067713
1926.395	0.021231317508679584
1926.539	0.021231317508679584
1926.683	0.021231317508679584
1926.827	0.021230262798420833
1926.9740000000002	0.021230262798420833
1927.115	0.021230262798420833
1927.259	0.021230262798420833
1927.402	0.021230262798420833
1927.546	0.021230262798420833
1927.691	0.021230262798420833
1927.835	0.021230262798420833
1927.979	0.02122973544329146
1928.123	0.021230262798420833
1928.266	0.021230262798420833
1928.41	0.021230262798420833
1928.554	0.021231317508679584
1928.698	0.021232899574067713
1928.8410000000001	0.02123342692919709
1928.986	0.0212376457702321
1929.1290000000001	0.021241864611267106
1929.2730000000001	0.021241864611267106
1929.4170000000001	0.021245028742043363
1929.5610000000001	0.021248192872819618
1929.7050000000002	0.02124924758307837
1929.848	0.0212508296484665
1929.9930000000002	0.021251357003595876
1930.136	0.021252411713854627
1930.28	0.021253466424113382
1930.424	0.021253466424113382
1930.568	0.021253466424113382
1930.712	0.021253466424113382
1930.855	0.021253466424113382
1931.0030000000002	0.021253466424113382
1931.143	0.021253466424113382
1931.287	0.021253466424113382
1931.431	0.021253466424113382
1931.575	0.021253466424113382
1931.718	0.021253466424113382
1931.862	0.021253466424113382
1932.006	0.021253466424113382
1932.15	0.021253466424113382
1932.294	0.021253466424113382
1932.438	0.021253466424113382
1932.582	0.021253993779242756
1932.7250000000001	0.021253993779242756
1932.8690000000001	0.021255575844630885
1933.0130000000001	0.02125715791001901
1933.156	0.02125715791001901
1933.3010000000002	0.02125715791001901
1933.4450000000002	0.02125715791001901
1933.588	0.02125715791001901
1933.732	0.02125715791001901
1933.876	0.021257685265148388
1934.02	0.021257685265148388
1934.165	0.021257685265148388
1934.308	0.021257685265148388
1934.451	0.021257685265148388
1934.595	0.021257685265148388
1934.739	0.021257685265148388
1934.883	0.021257685265148388
1935.026	0.021257685265148388
1935.171	0.02125873997540714
1935.318	0.021261904106183394
1935.458	0.02126665030234778
1935.602	0.02126928707799466
1935.746	0.021270341788253412
1935.892	0.021272978563900292
1936.0330000000001	0.021274560629288418
1936.1770000000001	0.021274560629288418
1936.3210000000001	0.021274560629288418
1936.4650000000001	0.021272978563900292
1936.6090000000002	0.021270341788253412
1936.7530000000002	0.021272978563900292
1936.8970000000002	0.021274560629288418
1937.04	0.021274560629288418
1937.184	0.021275087984417795
1937.328	0.021276670049805928
1937.473	0.021276670049805928
1937.616	0.021279306825452808
1937.76	0.021280888890840934
1937.904	0.02128141624597031
1938.047	0.02128141624597031
1938.191	0.021282998311358436
1938.335	0.021284580376746562
1938.479	0.021286162442134694
1938.623	0.021288799217781575
1938.766	0.0212903812831697
1938.91	0.0212903812831697
1939.054	0.0212903812831697
1939.198	0.0212903812831697
1939.342	0.0212903812831697
1939.4850000000001	0.0212903812831697
1939.63	0.021288799217781575
1939.7730000000001	0.021288799217781575
1939.9170000000001	0.021288799217781575
1940.0610000000001	0.021288799217781575
1940.2050000000002	0.021288799217781575
1940.3490000000002	0.021288799217781575
1940.492	0.021288799217781575
1940.636	0.021288799217781575
1940.78	0.021288799217781575
1940.924	0.021288799217781575
1941.068	0.021288799217781575
1941.212	0.021288799217781575
1941.356	0.021288799217781575
1941.499	0.021288799217781575
1941.643	0.021288799217781575
1941.787	0.0212903812831697
1941.931	0.0212903812831697
1942.074	0.021290908638299078
1942.219	0.021290908638299078
1942.363	0.02129301805881658
1942.506	0.02129565483446346
1942.65	0.021299346320369096
1942.794	0.021301983096015976
1942.938	0.021302510451145354
1943.0810000000001	0.02130303780627473
1943.226	0.02130409251653348
1943.3690000000001	0.02130514722679223
1943.5130000000001	0.02130514722679223
1943.6570000000002	0.02130514722679223
1943.8010000000002	0.02130514722679223
1943.9450000000002	0.02130514722679223
1944.088	0.02130514722679223
1944.232	0.02130672929218036
1944.376	0.02130672929218036
1944.52	0.02130831135756849
1944.664	0.021308838712697863
1944.808	0.02130936606782724
1944.951	0.02131094813321537
1945.095	0.021314112263991623
1945.24	0.021315694329379752
1945.384	0.021315694329379752
1945.528	0.021315694329379752
1945.671	0.021316749039638504
1945.815	0.021319385815285384
1945.959	0.021323077301191016
1946.103	0.02132624143196727
1946.247	0.021327296142226025
1946.391	0.021327296142226025
1946.535	0.021327823497355403
1946.678	0.021330460273002283
1946.8220000000001	0.021332569693519786
1946.9660000000001	0.021332569693519786
1947.1100000000001	0.021332569693519786
1947.2540000000001	0.021333097048649163
1947.3980000000001	0.021334679114037292
1947.5420000000001	0.02133626117942542
1947.685	0.021337843244813547
1947.829	0.021341007375589804
1947.973	0.021344171506366062
1948.117	0.021344171506366062
1948.261	0.021345226216624814
1948.405	0.021345226216624814
1948.548	0.021345226216624814
1948.692	0.021345226216624814
1948.836	0.021345226216624814
1948.98	0.021345226216624814
1949.123	0.021345226216624814
1949.268	0.021345226216624814
1949.411	0.021345226216624814
1949.555	0.021345226216624814
1949.699	0.021345226216624814
1949.843	0.021344171506366062
1949.987	0.021344171506366062
1950.13	0.021344171506366062
1950.2740000000001	0.021344171506366062
1950.4180000000001	0.021344171506366062
1950.5620000000001	0.021344171506366062
1950.7060000000001	0.021344171506366062
1950.8500000000001	0.021344171506366062
1950.9940000000001	0.021344171506366062
1951.137	0.021344171506366062
1951.281	0.021344171506366062
1951.425	0.021344171506366062
1951.569	0.021345226216624814
1951.712	0.021345226216624814
1951.857	0.021345753571754188
1952.0	0.021345753571754188
1952.144	0.021345753571754188
1952.288	0.021346808282012943
1952.432	0.021348917702530446
1952.578	0.02134944505765982
1952.719	0.02134944505765982
1952.863	0.02135049976791857
1953.007	0.021352081833306696
1953.151	0.021352609188436074
1953.295	0.02135366389869483
1953.439	0.02135471860895358
1953.583	0.021355245964082954
1953.726	0.021356828029471083
1953.8700000000001	0.021360519515376715
1954.0140000000001	0.021363683646152973
1954.1580000000001	0.02136421100128235
1954.3020000000001	0.021365793066670476
1954.4460000000001	0.021368429842317356
1954.5890000000002	0.021371593973093614
1954.733	0.021373703393611117
1954.877	0.021375285458999246
1955.021	0.021376867524387375
1955.165	0.021377922234646126
1955.309	0.021379504300034255
1955.453	0.02138108636542238
1955.596	0.021382141075681132
1955.74	0.02138266843081051
1955.884	0.021384250496198638
1956.028	0.02138583256158677
1956.171	0.021386359916716145
1956.315	0.021391633468009905
1956.459	0.021396907019303666
1956.603	0.02139743437443304
1956.747	0.021397961729562414
1956.891	0.021399016439821165
1957.036	0.021400598505209298
1957.178	0.021401125860338672
1957.3220000000001	0.021402180570597423
1957.4660000000001	0.021403235280856178
1957.6100000000001	0.021403762635985552
1957.7540000000001	0.021404289991114926
1957.8980000000001	0.02140534470137368
1958.0420000000001	0.02140534470137368
1958.185	0.02140534470137368
1958.329	0.02140534470137368
1958.473	0.02140534470137368
1958.617	0.02140534470137368
1958.76	0.02140534470137368
1958.905	0.02140534470137368
1959.048	0.02140534470137368
1959.192	0.02140534470137368
1959.336	0.02140534470137368
1959.482	0.02140534470137368
1959.624	0.02140534470137368
1959.767	0.02140534470137368
1959.911	0.02140534470137368
1960.055	0.02140534470137368
1960.199	0.02140534470137368
1960.343	0.02140534470137368
1960.487	0.02140534470137368
1960.631	0.02140534470137368
1960.7740000000001	0.02140534470137368
1960.9180000000001	0.02140534470137368
1961.0620000000001	0.02140534470137368
1961.2060000000001	0.02140534470137368
1961.3500000000001	0.02140534470137368
1961.4940000000001	0.02140534470137368
1961.637	0.02140534470137368
1961.781	0.021406926766761807
1961.925	0.02140745412189118
1962.069	0.02140745412189118
1962.213	0.02140745412189118
1962.357	0.02140745412189118
1962.501	0.02141061825266744
1962.645	0.02141061825266744
1962.789	0.02141061825266744
1962.933	0.02141061825266744
1963.077	0.021416419159090577
1963.221	0.021416419159090577
1963.365	0.021416419159090577
1963.508	0.021416419159090577
1963.652	0.021416419159090577
1963.796	0.021421165355254963
1963.94	0.02142538419628997
1964.084	0.02142538419628997
1964.227	0.021425911551419347
1964.371	0.021425911551419347
1964.515	0.021425911551419347
1964.659	0.021425911551419347
1964.803	0.021431185102713107
1964.9470000000001	0.02143434923348936
1965.0910000000001	0.02143487658861874
1965.2340000000002	0.02143487658861874
1965.3790000000001	0.02143593129887749
1965.5220000000002	0.02143751336426562
1965.6660000000002	0.02143909542965375
1965.81	0.02144173220530063
1965.954	0.021443314270688754
1966.098	0.021443314270688754
1966.241	0.021444896336076883
1966.385	0.021448060466853137
1966.529	0.02145016988737064
1966.673	0.021450697242500018
1966.817	0.021452279307888147
1966.961	0.02145597079379378
1967.105	0.02146124434508754
1967.248	0.021464935830993175
1967.392	0.0214665178963813
1967.538	0.021472318802804438
1967.68	0.02147864706435695
1967.823	0.02148444797078009
1967.968	0.021491830942591356
1968.111	0.02149499507336761
1968.255	0.021498686559273242
1968.3990000000001	0.021506596886213883
1968.5430000000001	0.021512925147766395
1968.6870000000001	0.021517143988801404
1968.8300000000002	0.021520835474707036
1968.9740000000002	0.02152399960548329
1969.1180000000002	0.021526109026000793
1969.262	0.021529800511906425
1969.406	0.021532964642682683
1969.55	0.021532964642682683
1969.694	0.021534546708070812
1969.837	0.02153612877345894
1969.981	0.02153876554910582
1970.125	0.02154298439014083
1970.269	0.021546148520917085
1970.413	0.021546148520917085
1970.557	0.021546148520917085
1970.7	0.021547730586305214
1970.844	0.021547730586305214
1970.988	0.02154931265169334
1971.132	0.02154931265169334
1971.276	0.02155194942734022
1971.42	0.021553531492728345
1971.564	0.021555113558116477
1971.707	0.021557750333763358
1971.851	0.021561441819668986
1971.9950000000001	0.021566715370962747
1972.1390000000001	0.02157093421199776
1972.2830000000001	0.021571988922256514
1972.4270000000001	0.02157251627738589
1972.5710000000001	0.021574098342774014
1972.7140000000002	0.021577789828679646
1972.858	0.02158253602484403
1973.002	0.021585700155620287
1973.146	0.021588336931267167
1973.289	0.021591501062043425
1973.433	0.02159624725820781
1973.577	0.021599411388984066
1973.721	0.021599938744113444
1973.865	0.021607321715924707
1974.009	0.02161470468773597
1974.153	0.0216162867531241
1974.296	0.02161786881851223
1974.44	0.021618396173641603
1974.584	0.021619450883900354
1974.73	0.021622087659547234
1974.872	0.02162419708006474
1975.016	0.021628943276229128
1975.16	0.02163474418265226
1975.303	0.02163843566855789
1975.4470000000001	0.02164792806088666
1975.5910000000001	0.021659529873732937
1975.7350000000001	0.021663748714767943
1975.8790000000001	0.02167324110709671
1976.0230000000001	0.02168273349942548
1976.1660000000002	0.02168378820968423
1976.31	0.02168695234046049
1976.454	0.02168906176097799
1976.598	0.021695390022530507
1976.742	0.021706991835376777
1976.885	0.021719121003352427
1977.03	0.021727558685422442
1977.173	0.02174232462904497
1977.317	0.02175603586240875
1977.461	0.021770274450901905
1977.605	0.021792950721465074
1977.749	0.021812462861251984
1977.892	0.021827228804874515
1978.037	0.022258605300704122
1978.18	0.023167765543748425
1978.324	0.024074289011145847
1978.468	0.025394786255103465
1978.612	0.02744619770837628
1978.756	0.028901697865454164
1978.8990000000001	0.029270846456017397
1979.0430000000001	0.029530832534799788
1979.1870000000001	0.029828788182897255
1979.3310000000001	0.030104067560431547
1979.4750000000001	0.030457922852242872
1979.6190000000001	0.03066411870782891
1979.7630000000001	0.030835509124876124
1979.906	0.031210458621862492
1980.05	0.03154532912901628
1980.1950000000002	0.03179318603982302
1980.3390000000002	0.032113290603354286
1980.482	0.03229733754350653
1980.627	0.03245923556822497
1980.77	0.0326522475455766
1980.914	0.03285580662551575
1981.058	0.03307571371446556
1981.202	0.033130558647920666
1981.346	0.03314954343257821
1981.489	0.033213880758362097
1981.633	0.033294566093156626
1981.777	0.03337841555872741
1981.921	0.03346226502429821
1982.065	0.03349654310770765
1982.209	0.03350761756542455
1982.353	0.03362310833875791
1982.499	0.03389364152012782
1982.641	0.034065559292304405
1982.784	0.034241695905516
1982.928	0.03465356026155869
1983.0720000000001	0.034994759030265
1983.2160000000001	0.03517933332554661
1983.3600000000001	0.03528849583732745
1983.5030000000002	0.035377618854191994
1983.6470000000002	0.03545777683385716
1983.7910000000002	0.03572672794983894
1983.935	0.036018355336383895
1984.079	0.036066344653157126
1984.223	0.036526198325973036
1984.366	0.03697761431671892
1984.51	0.03708783153875851
1984.654	0.03736258356116344
1984.798	0.03764260913486212
1984.942	0.037818745748073715
1985.086	0.03798011641766279
1985.23	0.03819000375915445
1985.373	0.03833819055050912
1985.517	0.038533839303507636
1985.661	0.03914451654332509
1985.805	0.03960700699178789
1985.948	0.03974781081133129
1986.093	0.03994767840536481
1986.236	0.04013225270064642
1986.38	0.040257763221437926
1986.5240000000001	0.04038327374222943
1986.6680000000001	0.04053620672974848
1986.8120000000001	0.04066646344670437
1986.9550000000002	0.04085051038685661
1987.0990000000002	0.04135202511489322
1987.2430000000002	0.04183191828262542
1987.387	0.04195004583160565
1987.531	0.042063954539550884
1987.675	0.042201594228318026
1987.819	0.04238300439282339
1987.962	0.04256335984707
1988.107	0.04277377454369104
1988.25	0.043004756090357754
1988.394	0.04321095194594378
1988.538	0.04364074637638525
1988.682	0.044046282470875435
1988.825	0.04415069878649189
1988.969	0.044260916008531485
1989.113	0.04437851620238235
1989.257	0.04450877291933823
1989.401	0.044808837987953196
1989.544	0.04513263403739008
1989.689	0.045326700725000474
1989.833	0.045489126104848294
1989.976	0.04594581564688795
1990.1200000000001	0.04649215556092153
1990.2640000000001	0.046794330050054005
1990.4080000000001	0.04698523260688813
1990.5510000000002	0.04709544982892773
1990.6950000000002	0.047249964881834916
1990.8400000000001	0.04745879751306782
1990.983	0.04763809825705567
1991.127	0.04788595516786242
1991.271	0.04819076643264178
1991.415	0.048764001458273545
1991.558	0.049268680317086415
1991.702	0.04954237762923258
1991.846	0.04983295030551878
1991.99	0.049956878760922155
1992.134	0.05026169002570151
1992.278	0.05065562430734541
1992.422	0.05077586127684315
1992.565	0.05092088393742156
1992.709	0.05131956441522985
1992.853	0.0518996550575435
1992.997	0.05231837503026808
1993.141	0.05261316654758929
1993.285	0.05292114194314491
1993.428	0.05309147764993337
1993.5720000000001	0.05325759451568682
1993.7160000000001	0.0534363679045453
1993.8600000000001	0.05360037534978125
1994.0040000000001	0.05380129765407353
1994.1480000000001	0.054246385383266905
1994.2920000000001	0.054879738893647535
1994.435	0.05529107589456085
1994.579	0.05552363950661568
1994.723	0.05580682921109062
1994.867	0.05599298557176037
1995.01	0.05618757961450013
1995.155	0.05654881787812273
1995.298	0.056743411920862484
1995.442	0.056798784209446965
1995.586	0.05721170327574841
1995.73	0.05796951259666178
1995.874	0.058379267532186974
1996.017	0.05877636594460714
1996.161	0.05916555403008665
1996.305	0.05918084732883856
1996.449	0.05928368157906688
1996.593	0.059630153899066944
1996.737	0.05991439831380064
1996.881	0.06002461553584024
1997.0240000000001	0.060540368852370005
1997.1680000000001	0.061214856062841966
1997.3120000000001	0.061557109541807015
1997.4560000000001	0.061818677685977534
1997.603	0.06205651484932613
1997.7450000000001	0.062195736603481405
1997.8890000000001	0.06228907846138097
1998.0320000000002	0.06248472721437949
1998.1760000000002	0.06285914935623647
1998.3200000000002	0.06315183145304018
1998.4640000000002	0.06359111827581042
1998.608	0.06409896126539955
1998.752	0.06428089878503429
1998.895	0.06435156437237069
1999.039	0.06455354138692171
1999.183	0.06483514902600851
1999.327	0.06504820049827645
1999.471	0.06541523966832216
1999.614	0.06575011017547595
1999.759	0.06584186996798738
1999.902	0.06660864432610016
2000.046	0.06750198391526317
2000.19	0.06774931347094054
2000.334	0.06796236494320847
2000.478	0.06812531767818567
2000.621	0.0682212963117321
2000.765	0.06841167151343686
2000.909	0.06879294927197574
2001.053	0.06909828789188446
2001.1970000000001	0.06926229533712042
2001.3410000000001	0.06996578707970807
2001.4850000000001	0.07067349766333073
2001.6280000000002	0.07081904767903852
2001.7720000000002	0.07108694408476154
2001.9160000000002	0.07137540734053024
2002.06	0.07149669902028674
2002.204	0.07167758182966272
2002.348	0.07201350704707525
2002.491	0.07229933352719707
2002.635	0.07238898389919099
2002.779	0.07287573268360507
2002.923	0.07365410885456412
2003.0700000000002	0.07402642157590361
2003.211	0.0743370337471061
2003.354	0.0746476459183086
2003.498	0.07478370354168762
2003.642	0.0749139602586435
2003.786	0.07507216679745629
2003.93	0.07535588385706062
2004.074	0.07559108424476234
2004.218	0.0761574636537122
2004.361	0.076805055752586
2004.505	0.07720426358552367
2004.6490000000001	0.07749009006564547
2004.7930000000001	0.07765831635191645
2004.9360000000001	0.07781863231124676
2005.0810000000001	0.0781498113324949
2005.2240000000002	0.07847624415757867
2005.3680000000002	0.07847888093322555
2005.512	0.07896984855867466
2005.656	0.07977511984123188
2005.8	0.08013952223563073
2005.943	0.08029720141931417
2006.087	0.0805893561609885
2006.231	0.08082191977304333
2006.375	0.08090998807964912
2006.519	0.08128282815611798
2006.663	0.08162771841072994
2006.807	0.08168625483009068
2006.95	0.08208282588738146
2007.094	0.08275467632220654
2007.238	0.08315230208975607
2007.382	0.08332316515167393
2007.526	0.08354201753036498
2007.669	0.08379778476811237
2007.813	0.08397233931593584
2007.957	0.08424445456269386
2008.101	0.08449811237992375
2008.2450000000001	0.08453555459410944
2008.3890000000001	0.08472698450607294
2008.5320000000002	0.08534504471770168
2008.6760000000002	0.08586818100604271
2008.8200000000002	0.08597681616269418
2008.9640000000002	0.08618670350418584
2009.108	0.0863855163879606
2009.252	0.08654319557164405
2009.396	0.08672829722205505
2009.54	0.08683535031331838
2009.683	0.08699408420726057
2009.827	0.08748346976732155
2009.971	0.08824127908823493
2010.115	0.08863468601474944
2010.258	0.0887232816764846
2010.402	0.08887305053322742
2010.546	0.08907502754777845
2010.69	0.0892037021993462
2010.834	0.08947581744610422
2010.978	0.08977113631855482
2011.122	0.08981912563532804
2011.266	0.09030112822357775
2011.409	0.09097245130327346
2011.553	0.09118655748580012
2011.6970000000001	0.09122821854102084
2011.8410000000001	0.09141912109785497
2011.9850000000001	0.09158682002899654
2012.1280000000002	0.0916559035509448
2012.2730000000001	0.09196967985292356
2012.4160000000002	0.09222070089450655
2012.563	0.0922681628561504
2012.703	0.09269953935198
2012.848	0.0931862881363941
2012.992	0.09336084268421757
2013.135	0.09350428327940785
2013.279	0.09373421011581581
2013.423	0.09391983912135618
2013.567	0.09395780869067125
2013.711	0.09422992393742927
2013.855	0.0945774509676881
2013.998	0.0946723748909758
2014.142	0.09516176045103675
2014.286	0.09574448786899728
2014.43	0.09588212755776443
2014.573	0.0959269527437614
2014.718	0.09617217287892126
2014.861	0.09649438686297002
2015.005	0.0966072408606565
2015.15	0.09684033182784071
2015.294	0.09707869634631869
2015.438	0.09714725251313755
2015.582	0.0976572049232442
2015.7250000000001	0.09813657073584704
2015.8690000000001	0.09814289899739956
2016.0130000000001	0.09834487601195056
2016.1570000000002	0.09858745937146354
2016.3010000000002	0.09867500032293998
2016.4450000000002	0.09872457170510132
2016.5890000000002	0.09884691809511656
2016.732	0.0990594422122551
2016.876	0.09919339041511663
2017.02	0.09965535350845005
2017.164	0.10023069795459932
2017.308	0.10038204887673022
2017.452	0.10046326156665414
2017.595	0.10062832372214885
2017.739	0.1007237750005659
2017.883	0.1007395956544472
2018.027	0.10083821106364052
2018.17	0.10110716217962229
2018.315	0.1013096665493027
2018.458	0.10161711458972894
2018.602	0.1019171796583439
2018.746	0.10198784524568028
2018.89	0.10213181319599995
2019.034	0.1022430851282983
2019.1770000000001	0.1023179695566697
2019.3210000000001	0.10258586596239275
2019.4650000000001	0.10282844932190571
2019.6090000000002	0.10290069697463022
2019.7530000000002	0.10308579862504122
2019.896	0.1034053758334431
2020.04	0.10361526317493477
2020.184	0.10366588926735486
2020.328	0.10370860503283433
2020.472	0.10377452442400634
2020.616	0.10381776754461516
2020.76	0.1038942340383747
2020.904	0.10400603332580241
2021.047	0.1040745894926213
2021.191	0.10442739007417387
2021.335	0.10495843668945556
2021.479	0.10521473128233232
2021.623	0.10531281933639627
2021.766	0.10539350467119081
2021.91	0.10546364290339783
2022.054	0.10551268693042978
2022.198	0.10560286465755309
2022.342	0.10568565941286512
2022.486	0.105811697288786
2022.63	0.1060732654329565
2022.7730000000001	0.10650411457365674
2022.9170000000001	0.10682738326796426
2023.0610000000001	0.10687695465012562
2023.2050000000002	0.10704518093639659
2023.3490000000002	0.10730516701517898
2023.492	0.10744755290011049
2023.636	0.10748077627326116
2023.78	0.10750767138485937
2023.924	0.10758571994400704
2024.068	0.10778506018291117
2024.212	0.1080023304962141
2024.356	0.10811729391441807
2024.499	0.10825282418266771
2024.643	0.10835038488160227
2024.787	0.10836831495600106
2024.931	0.10849646225243945
2025.075	0.1086842006784973
2025.219	0.10882342243265258
2025.362	0.10889461537511835
2025.506	0.10897266393426601
2025.65	0.10904860307289616
2025.794	0.10907971702552935
2025.938	0.10916884004239388
2026.082	0.10930964386193731
2026.2250000000001	0.10944517413018695
2026.3690000000001	0.10957068465097844
2026.5130000000001	0.10973785622699064
2026.6570000000002	0.10990291838248534
2026.8010000000002	0.10997463868008049
2026.9450000000002	0.10998202165189175
2027.088	0.11008169177134383
2027.232	0.11022460501140474
2027.376	0.11030159886029364
2027.5230000000001	0.1103928312976757
2027.664	0.1104719345670821
2027.807	0.11059797244300298
2027.952	0.11072453767405324
2028.096	0.11083686431661034
2028.239	0.1109565739309787
2028.383	0.11116382449682348
2028.527	0.11140218901530145
2028.671	0.11160047454394684
2028.815	0.11175129811094839
2028.958	0.11177186496099406
2029.102	0.11182460047393165
2029.246	0.11188208218303367
2029.39	0.11199862766662577
2029.534	0.11217318221444923
2029.678	0.11229552860446447
2029.8210000000001	0.11245215307788917
2029.9650000000001	0.11264674712062892
2030.1090000000002	0.11273639749262285
2030.2530000000002	0.1127596011183154
2030.3970000000002	0.11279493391198359
2030.5410000000002	0.11289565874169441
2030.684	0.11306915857925914
2030.828	0.11317357489487559
2030.972	0.11324371312708259
2031.116	0.11331332400416025
2031.259	0.11353481315849819
2031.404	0.11375841173335363
2031.548	0.11384858946047693
2031.691	0.11392663801962458
2031.835	0.11395458784148152
2031.979	0.11401945252239477
2032.123	0.11411859528671747
2032.267	0.11418715145353636
2032.411	0.11433006469359727
2032.554	0.11447508735417566
2032.699	0.11454311616586518
2032.843	0.11461958265962471
2032.987	0.11466440784562165
2033.13	0.11487007634607832
2033.275	0.1150646703888181
2033.4180000000001	0.1151042220235213
2033.5620000000001	0.11523553345073595
2033.7060000000001	0.11537897404592623
2033.8500000000001	0.1154738979692139
2033.9940000000001	0.11552874290266901
2034.1380000000001	0.11560679146181665
2034.281	0.1156869494414818
2034.425	0.11570329745049247
2034.569	0.11586519547521093
2034.713	0.11601549168708311
2034.856	0.11602762085505874
2035.001	0.11607982901286695
2035.144	0.11615787757201462
2035.288	0.11619479243107095
2035.432	0.11622748844909225
2035.576	0.11628549751332362
2035.72	0.11640309770717448
2035.864	0.11652227996641348
2036.007	0.11655392127417605
2036.151	0.1165660504421517
2036.295	0.11661245769353677
2036.439	0.11670105335527195
2036.583	0.11677699249390211
2036.726	0.1168587325389554
2036.8700000000001	0.1169599847237956
2037.0140000000001	0.11715668818705285
2037.1580000000001	0.11732069563228881
2037.3020000000001	0.11735919255673324
2037.4460000000001	0.11745886267618533
2037.5900000000001	0.11758120906620058
2037.7340000000002	0.11764923787789008
2037.877	0.11770250074595706
2038.021	0.11781008119234979
2038.165	0.1179176616387425
2038.309	0.11798779987094951
2038.453	0.11807850495320218
2038.596	0.11816288177390236
2038.74	0.11823565678175624
2038.884	0.11828628287417635
2039.028	0.11832477979862081
2039.172	0.11838120679746404
2039.316	0.11841021132957971
2039.46	0.11841759430139098
2039.604	0.1184592553566117
2039.747	0.11850144376696178
2039.891	0.11852517474778371
2040.035	0.11855101514912313
2040.179	0.11855945283119312
2040.3220000000001	0.11859689504537883
2040.467	0.11867177947375024
2040.6100000000001	0.11873348002388723
2040.7540000000001	0.11877725049962544
2040.8980000000001	0.11884949815234996
2041.0420000000001	0.11891858167429822
2041.1860000000001	0.11903407244763158
2041.3300000000002	0.11913374256708364
2041.473	0.11913585198760115
2041.617	0.11915272735174118
2041.761	0.11920599021980816
2041.905	0.11927665580714455
2042.049	0.11932780925469404
2042.192	0.1193594505624566
2042.338	0.11937685328172601
2042.483	0.11945542919600304
2042.624	0.11954455221286758
2042.768	0.11962681961305024
2042.912	0.11973756419021922
2043.056	0.11979873738522685
2043.199	0.11984092579557694
2043.343	0.1199142281585602
2043.487	0.1199738192881797
2043.631	0.12002602744598792
2043.775	0.1200856185756074
2043.9180000000001	0.12011462310772308
2044.063	0.1201520653219088
2044.2060000000001	0.1202090196758814
2044.3500000000001	0.12025595428239588
2044.4940000000001	0.1203171274774035
2044.6380000000001	0.12038621099935175
2044.7820000000002	0.12043050883021933
2044.9260000000002	0.1204774434367338
2045.069	0.12052490539837765
2045.213	0.12056340232282212
2045.357	0.12057975033183277
2045.501	0.12080756774772321
2045.645	0.12104171342516618
2045.788	0.12108970274193942
2045.932	0.12113980147923015
2046.076	0.12116142303953456
2046.22	0.12117829840367458
2046.364	0.12119042757165023
2046.508	0.12120150202936714
2046.652	0.1212088850011784
2046.796	0.12121679532811902
2046.939	0.12122154152428341
2047.083	0.12124316308458784
2047.227	0.121265839355151
2047.371	0.12128693356032604
2047.515	0.12131171925140671
2047.659	0.1213280672604174
2047.803	0.1213412511386518
2047.9460000000001	0.12135285295149806
2048.0899999999997	0.12136340005408558
2048.234	0.12137025567076745
2048.3779999999997	0.1213871310349075
2048.522	0.12140453375417692
2048.665	0.12144355803375075
2048.8089999999997	0.12147994553767769
2048.953	0.1214883832197477
2049.0969999999998	0.12149576619155895
2049.241	0.12152055188263963
2049.3849999999998	0.12154955641475532
2049.529	0.12157434210583598
2049.673	0.1216112569648923
2049.816	0.12163076910467921
2049.96	0.1216555547957599
2050.105	0.12168508668300496
2050.249	0.12170143469201561
2050.393	0.12174256839210695
2050.5359999999996	0.12181059720379646
2050.68	0.12185964123082843
2050.8239999999996	0.12190499377195477
2050.968	0.12195983870540988
2051.1119999999996	0.12200730066705372
2051.256	0.1220336684235225
2051.3999999999996	0.1220389419748163
2051.5429999999997	0.12207585683387262
2051.687	0.12212279144038707
2051.8309999999997	0.12214019415965649
2051.975	0.1221554874584084
2052.1189999999997	0.12220927768160475
2052.2619999999997	0.12227097823174177
2052.4069999999997	0.1223031468946337
2052.5499999999997	0.12232582316519686
2052.694	0.12236748422041757
2052.8379999999997	0.12240281701408576
2052.9809999999998	0.12241811031283767
2053.1259999999997	0.12245291575137648
2053.269	0.12249563151685594
2053.413	0.12255100380544041
2053.557	0.12259266486066112
2053.701	0.12261428642096554
2053.845	0.12264118153256373
2053.989	0.12265911160696251
2054.1319999999996	0.12271026505451199
2054.276	0.12277196560464898
2054.4199999999996	0.12281151723935219
2054.564	0.1228510688740554
2054.7079999999996	0.12287690927539482
2054.852	0.12288481960233547
2054.9959999999996	0.12290169496647549
2055.14	0.12294388337682557
2055.283	0.12302193193597324
2055.4269999999997	0.12307572215916959
2055.5719999999997	0.12308521455149837
2055.7149999999997	0.12309312487843901
2055.859	0.12310841817719091
2056.002	0.1231479698118941
2056.1459999999997	0.12317802905426856
2056.29	0.12318857615685608
2056.4339999999997	0.12320703358638424
2056.578	0.1232471125762168
2056.7219999999998	0.123282445369885
2056.866	0.12330353957506004
2057.009	0.12331619609816506
2057.153	0.12331936022894133
2057.297	0.12332305171484695
2057.441	0.12332463378023506
2057.5879999999997	0.12332937997639945
2057.7279999999996	0.12334941947131575
2057.873	0.1233726230970083
2058.0159999999996	0.12340162762912399
2058.16	0.1234343236471453
2058.3039999999996	0.12344908959076782
2058.448	0.12345647256257909
2058.5919999999996	0.12346280082413161
2058.736	0.123467547020296
2058.879	0.12347123850620162
2059.0229999999997	0.12350129774857604
2059.167	0.12353188434607987
2059.3109999999997	0.12353821260763238
2059.455	0.1235819830833706
2059.598	0.12362311678346193
2059.7419999999997	0.12363682801682571
2059.886	0.12365370338096573
2060.0299999999997	0.12366425048355323
2060.174	0.1236916729502808
2060.3179999999998	0.12371382186571461
2060.462	0.1237248963234315
2060.6059999999998	0.1237380802016659
2060.749	0.12376497531326408
2060.893	0.12379925339667353
2061.037	0.12382773057365984
2061.181	0.12385357097499926
2061.3239999999996	0.12386253601219864
2061.468	0.12386675485323365
2061.6119999999996	0.1238788840212093
2061.756	0.1239031423571606
2061.8999999999996	0.12391949036617125
2062.044	0.12392159978668876
2062.1879999999996	0.12392687333798252
2062.332	0.1239342563097938
2062.475	0.1239495496085457
2062.6189999999997	0.12397591736501451
2062.763	0.1239980662804483
2062.9069999999997	0.12400861338303582
2063.051	0.12401177751381207
2063.194	0.12401283222407082
2063.3379999999997	0.12402654345743461
2063.482	0.12404236411131589
2063.6259999999997	0.12405502063442089
2063.77	0.12408402516653658
2063.9139999999998	0.12410564672684102
2064.058	0.12411302969865227
2064.2019999999998	0.12412252209098104
2064.345	0.12413148712818042
2064.489	0.12414045216537983
2064.633	0.12414994455770859
2064.777	0.12416049166029611
2064.9199999999996	0.12416787463210738
2065.065	0.1241984612296112
2065.2079999999996	0.12423221195789126
2065.354	0.12424750525664316
2065.4959999999996	0.12427387301311196
2065.64	0.12429338515289888
2065.7839999999997	0.12430076812471014
2065.928	0.12431975290936767
2066.071	0.12434453860044835
2066.2149999999997	0.12435772247868275
2066.359	0.12436246867484713
2066.5029999999997	0.12437354313256405
2066.647	0.12440518444032661
2066.79	0.12442680600063102
2066.9339999999997	0.12442997013140727
2067.078	0.1244405172339948
2067.2219999999998	0.12447268589688673
2067.366	0.1245001083636143
2067.5099999999998	0.1245154016623662
2067.6549999999997	0.1245370232226706
2067.799	0.12455231652142251
2067.942	0.1245639183342688
2068.086	0.12457182866120944
2068.23	0.12458184840866758
2068.374	0.12459661435229011
2068.517	0.12460399732410138
2068.6609999999996	0.12462720094979393
2068.805	0.1246519866408746
2068.9489999999996	0.12467044407040276
2069.093	0.1246910109204484
2069.2369999999996	0.12470630421920033
2069.381	0.12472212487308162
2069.5249999999996	0.12472845313463413
2069.6679999999997	0.12473319933079849
2069.812	0.12473794552696288
2069.9559999999997	0.12474374643338601
2070.1	0.12475903973213792
2070.2439999999997	0.12477749716166608
2070.3889999999997	0.12479437252580612
2070.5319999999997	0.1248191582168868
2070.6749999999997	0.12483761564641496
2070.819	0.12485396365542561
2070.9629999999997	0.12487031166443627
2071.107	0.12487505786060066
2071.2509999999997	0.12487822199137691
2071.395	0.12489984355168134
2071.538	0.12493148485944389
2071.682	0.12494519609280766
2071.826	0.12495679790565394
2071.97	0.12496998178388835
2072.113	0.12497525533518211
2072.258	0.12498158359673461
2072.402	0.12500004102626278
2072.548	0.1250174437455322
2072.689	0.1250390653058366
2072.8329999999996	0.12509971114571486
2072.977	0.12515033723813496
2073.1209999999996	0.12517670499460376
2073.2639999999997	0.12519621713439066
2073.408	0.12520360010620193
2073.5519999999997	0.12523102257292948
2073.696	0.12526741007685643
2073.8399999999997	0.12530485229104216
2073.9829999999997	0.12532805591673468
2074.127	0.12534440392574533
2074.2709999999997	0.12538237349506043
2074.415	0.12540557712075295
2074.5589999999997	0.12543036281183365
2074.703	0.12550261046455816
2074.8469999999998	0.1255748581172827
2074.991	0.1256138823968565
2075.134	0.12563497660203155
2075.278	0.12565396138668908
2075.422	0.12568138385341665
2075.566	0.1257283184599311
2075.709	0.12577788984209243
2075.854	0.12585752046662824
2075.997	0.12593715109116402
2076.143	0.1259919960246191
2076.285	0.12605738806066175
2076.4289999999996	0.12608797465816557
2076.573	0.12610168589152934
2076.7169999999996	0.1261185612556694
2076.8599999999997	0.12614598372239694
2077.004	0.1261707694134776
2077.1479999999997	0.12617551560964196
2077.292	0.12618975419813513
2077.4359999999997	0.12621243046869832
2077.5789999999997	0.12622297757128584
2077.723	0.12623352467387336
2077.8669999999997	0.12625356416878963
2078.011	0.12626674804702404
2078.1549999999997	0.12627360366370594
2078.299	0.1262873148970697
2078.4429999999998	0.12630471761633913
2078.586	0.12631526471892662
2078.73	0.12632844859716102
2078.874	0.12634005041000734
2079.018	0.12634374189591296
2079.162	0.1263537616433711
2079.305	0.12636325403569987
2079.45	0.12636589081134675
2079.593	0.12636800023186423
2079.7369999999996	0.1263769652690636
2079.881	0.12638487559600428
2080.0249999999996	0.12638803972678053
2080.169	0.12639173121268615
2080.312	0.12639225856781552
2080.4559999999997	0.12639384063320366
2080.6	0.1263975321191093
2080.7439999999997	0.1264043877357912
2080.888	0.12641071599734371
2081.0319999999997	0.12641546219350808
2081.1749999999997	0.12642020838967244
2081.319	0.1264323375576481
2081.4629999999997	0.12644446672562376
2081.607	0.1264465761461413
2081.7509999999997	0.1264481582115294
2081.895	0.12645132234230566
2082.0389999999998	0.12646503357566943
2082.182	0.1264787448090332
2082.326	0.12649140133213824
2082.47	0.12650933140653703
2082.614	0.1265188237988658
2082.758	0.1265277888360652
2082.901	0.12653517180787646
2083.0449999999996	0.12653675387326457
2083.1929999999998	0.12653991800404082
2083.3329999999996	0.12654466420020521
2083.477	0.12655362923740462
2083.6209999999996	0.12656153956434524
2083.765	0.1265647036951215
2083.908	0.126575250797709
2084.0519999999997	0.12658421583490842
2084.196	0.12658421583490842
2084.3399999999997	0.12658737996568467
2084.484	0.1265952902926253
2084.627	0.12660109119904844
2084.7709999999997	0.12660952888111848
2084.915	0.12662060333883535
2085.06	0.12662745895551725
2085.2039999999997	0.12663167779655227
2085.348	0.12663484192732852
2085.4919999999997	0.12663853341323414
2085.6349999999998	0.12664117018888102
2085.779	0.12665118993633917
2085.923	0.12666384645944423
2086.067	0.12667597562741986
2086.211	0.12668915950565426
2086.355	0.12669443305694802
2086.499	0.12670498015953552
2086.642	0.12672291023393434
2086.7859999999996	0.1267366214672981
2086.931	0.12674400443910938
2087.0739999999996	0.126747695925015
2087.218	0.12675560625195564
2087.361	0.12677195426096627
2087.5069999999996	0.1267830287186832
2087.649	0.1267877749148476
2087.7929999999997	0.12681045118541073
2087.937	0.12683049068032703
2088.0809999999997	0.12683840100726768
2088.225	0.1268510575303727
2088.352	0.126862659343219
2088.498	0.1268695149599009
2088.64	0.12687742528684154
2088.7839999999997	0.12689008180994654
2088.9269999999997	0.12689641007149904
2089.0719999999997	0.12689746478175778
2089.2149999999997	0.12690010155740467
2089.359	0.12690537510869843
2089.5029999999997	0.12691539485615655
2089.647	0.12692435989335596
2089.7909999999997	0.12693648906133162
2089.9339999999997	0.12694914558443665
2090.078	0.12695600120111855
2090.2219999999998	0.1269633841729298
2090.366	0.12698711515375172
2090.5099999999998	0.12701295555509118
2090.654	0.1270229753025493
2090.798	0.1270287762089724
2090.941	0.12703510447052493
2091.085	0.12703985066668932
2091.229	0.12704301479746558
2091.373	0.12704617892824183
2091.517	0.12704670628337122
2091.66	0.12705408925518247
2091.8039999999996	0.12706147222699374
2091.948	0.1270651637128994
2092.0919999999996	0.1270693825539344
2092.236	0.12707096461932252
2092.3799999999997	0.12707254668471063
2092.524	0.12707412875009877
2092.667	0.12707729288087502
2092.8109999999997	0.12708256643216878
2092.955	0.12709469560014441
2093.0989999999997	0.1271041879924732
2093.243	0.12710735212324945
2093.3869999999997	0.12711315302967258
2093.531	0.12711578980531948
2093.674	0.1271173718707076
2093.8179999999998	0.12711895393609574
2093.962	0.1271194812912251
2094.1059999999998	0.12712264542200136
2094.25	0.12713002839381263
2094.393	0.12713793872075327
2094.537	0.12714690375795268
2094.683	0.12715481408489332
2094.825	0.12715797821566954
2094.968	0.12715956028105768
2095.113	0.12716272441183396
2095.256	0.12716536118748084
2095.3999999999996	0.12717168944903334
2095.544	0.12718434597213835
2095.6879999999996	0.12719383836446713
2095.832	0.12719805720550215
2095.975	0.12720385811192528
2096.1189999999997	0.1272096590183484
2096.263	0.1272122957939953
2096.4069999999997	0.1272144052145128
2096.551	0.1272165146350303
2096.6949999999997	0.1272191514106772
2096.839	0.12722020612093593
2096.9829999999997	0.12722020612093593
2097.1259999999997	0.12722231554145344
2097.27	0.1272260070273591
2097.4139999999998	0.1272275890927472
2097.558	0.1272291711581353
2097.701	0.12723075322352345
2097.846	0.12723497206455847
2097.989	0.12724024561585223
2098.133	0.1272449918120166
2098.277	0.12724973800818098
2098.421	0.12725448420434537
2098.565	0.12726081246589788
2098.7079999999996	0.1272650313069329
2098.852	0.12726925014796792
2098.9959999999996	0.12727188692361477
2099.14	0.12727188692361477
2099.2839999999997	0.1272734689890029
2099.428	0.1272782151851673
2099.5719999999997	0.12728137931594358
2099.7149999999997	0.12728190667107295
2099.859	0.12728243402620232
2100.0029999999997	0.1272850708018492
2100.147	0.12728770757749608
2100.2909999999997	0.12728823493262545
2100.4339999999997	0.12729403583904858
2100.5789999999997	0.1272998367454717
2100.7219999999998	0.1273045829416361
2100.866	0.1273088017826711
2101.0099999999998	0.1273103838480592
2101.154	0.12731513004422362
2101.298	0.12731987624038799
2101.441	0.12732462243655238
2101.585	0.12732831392245803
2101.729	0.12732989598784616
2101.873	0.12733411482888118
2102.017	0.12734307986608057
2102.1609999999996	0.12735257225840935
2102.3039999999996	0.12735890051996185
2102.448	0.1273615372956087
2102.594	0.1273662834917731
2102.7369999999996	0.1273726117533256
2102.881	0.12737894001487812
2103.024	0.12738474092130125
2103.1679999999997	0.12738895976233627
2103.312	0.12739212389311252
2103.4559999999997	0.12739212389311252
2103.6	0.12739634273414752
2103.7439999999997	0.12740267099570005
2103.888	0.1274063624816057
2104.031	0.12740899925725258
2104.1749999999997	0.12741058132264071
2104.319	0.12741585487393448
2104.4649999999997	0.12742271049061635
2104.607	0.12742481991113386
2104.75	0.12742692933165134
2104.895	0.12743325759320384
2105.038	0.1274406405650151
2105.182	0.12744696882656764
2105.326	0.12745804328428453
2105.47	0.12747017245226017
2105.614	0.1274780827792008
2105.7569999999996	0.12748282897536523
2105.901	0.1274854657510121
2106.0449999999996	0.12748704781640025
2106.189	0.12748968459204713
2106.3329999999996	0.1274975949189877
2106.4759999999997	0.1275044505356696
2106.6209999999996	0.12751447028312773
2106.7639999999997	0.12752501738571528
2106.908	0.12753029093700904
2107.053	0.12753925597420845
2107.196	0.1275466389460197
2107.3399999999997	0.12755402191783097
2107.4829999999997	0.12756351431015972
2107.6279999999997	0.12757458876787664
2107.7709999999997	0.12758355380507602
2107.915	0.12759884710382793
2108.0589999999997	0.12761677717822673
2108.203	0.12762152337439112
2108.3469999999998	0.12762468750516737
2108.49	0.12763101576671987
2108.634	0.1276415628693074
2108.778	0.12764894584111866
2108.922	0.12765421939241242
2109.066	0.1276589655885768
2109.209	0.1276589655885768
2109.3529999999996	0.1276616023642237
2109.497	0.12767320417706995
2109.6409999999996	0.12768691541043375
2109.785	0.1276948257373744
2109.9289999999996	0.12769957193353876
2110.073	0.12770220870918564
2110.2169999999996	0.12771117374638502
2110.3599999999997	0.12772119349384317
2110.504	0.12772330291436068
2110.6479999999997	0.12772435762461942
2110.792	0.1277291038207838
2110.9359999999997	0.12773279530668946
2111.08	0.12774017827850073
2111.223	0.12774861596057074
2111.3669999999997	0.12775125273621762
2111.511	0.12775494422212325
2111.6549999999997	0.12775863570802887
2111.799	0.12776127248367575
2111.942	0.12776549132471077
2112.087	0.1277697101657458
2112.23	0.12777445636191015
2112.374	0.1277792025580745
2112.518	0.12778025726833328
2112.662	0.12778500346449767
2112.806	0.1277929137914383
2112.95	0.12779607792221456
2113.093	0.12779713263247333
2113.2369999999996	0.12780346089402583
2113.381	0.12780978915557836
2113.5249999999996	0.1278161174171309
2113.669	0.12782508245433027
2113.8129999999996	0.1278351022017884
2113.9559999999997	0.1278414304633409
2114.1	0.12784459459411718
2114.2439999999997	0.1278482860800228
2114.388	0.12785039550054028
2114.5319999999997	0.12785303227618716
2114.6769999999997	0.1278546143415753
2114.8199999999997	0.12785936053773972
2114.9629999999997	0.12786516144416282
2115.107	0.1278746538364916
2115.2509999999997	0.12788994713524354
2115.395	0.12789838481731353
2115.5389999999998	0.12790629514425417
2115.682	0.12792158844300605
2115.826	0.1279321355455936
2115.97	0.12794584677895737
2116.114	0.12795955801232115
2116.258	0.1279627221430974
2116.402	0.1279690504046499
2116.5449999999996	0.12798328899314307
2116.69	0.12799489080598936
2116.8329999999996	0.12800121906754186
2116.977	0.12800807468422376
2117.1209999999996	0.12801651236629377
2117.265	0.12802653211375192
2117.408	0.12804498954328009
2117.5539999999996	0.12806028284203197
2117.696	0.1280634469728082
2117.8399999999997	0.1280681931689726
2117.984	0.12807188465487826
2118.1279999999997	0.12807346672026637
2118.272	0.128077158206172
2118.415	0.12808665059850077
2118.5589999999997	0.12810036183186455
2118.703	0.12810932686906393
2118.8469999999998	0.12812040132678085
2118.991	0.12813253049475648
2119.134	0.12813833140117964
2119.279	0.12814571437299088
2119.422	0.1281567888307078
2119.566	0.12816469915764844
2119.71	0.12817102741920094
2119.854	0.12817999245640033
2119.999	0.12818421129743535
2120.142	0.12818579336282349
2120.2859999999996	0.12818790278334097
2120.43	0.1281915942692466
2120.5739999999996	0.128196340465411
2120.718	0.12820003195131663
2120.8619999999996	0.1282026687269635
2121.006	0.12820425079235165
2121.149	0.12821796202571542
2121.2929999999997	0.1282337826795967
2121.437	0.12824274771679608
2121.5809999999997	0.12825065804373673
2121.725	0.12825276746425424
2121.868	0.12825434952964238
2122.013	0.1282575136604186
2122.156	0.12826753340787675
2122.2999999999997	0.12827966257585238
2122.444	0.1282844087720168
2122.5879999999997	0.12828968232331056
2122.732	0.1282975926502512
2122.875	0.1283044482669331
2123.019	0.12831235859387372
2123.163	0.12831868685542624
2123.307	0.12832290569646124
2123.451	0.1283434725465069
2123.595	0.12836192997603507
2123.739	0.1283635120414232
2123.8819999999996	0.12836931294784637
2124.026	0.12837405914401073
2124.1699999999996	0.12837564120939887
2124.314	0.1283788053401751
2124.4579999999996	0.12838196947095135
2124.602	0.12838407889146886
2124.7459999999996	0.12838724302224513
2124.8889999999997	0.12839146186328015
2125.033	0.12839620805944452
2125.1769999999997	0.12840359103125576
2125.321	0.12840833722742018
2125.4649999999997	0.1284099192928083
2125.6079999999997	0.12841308342358454
2125.752	0.12841624755436082
2125.8959999999997	0.12842204846078395
2126.04	0.12842679465694834
2126.1839999999997	0.12842943143259522
2126.328	0.12843417762875958
2126.4719999999998	0.12843945118005334
2126.616	0.12844419737621773
2126.759	0.1284468341518646
2126.903	0.12844788886212335
2127.047	0.1284494709275115
2127.191	0.1284536897685465
2127.334	0.12845843596471088
2127.48	0.1284605453852284
2127.623	0.12846160009548713
2127.768	0.1284674010019103
2127.9109999999996	0.12847214719807465
2128.0629999999996	0.12847794810449778
2128.1989999999996	0.1284842763660503
2128.343	0.12848480372117968
2128.488	0.12848480372117968
2128.631	0.12848638578656782
2128.7749999999996	0.12848902256221473
2128.919	0.12849324140324972
2129.0629999999996	0.1284979875994141
2129.211	0.12850115173019033
2129.355	0.12850273379557847
2129.499	0.12850484321609598
2129.644	0.12851275354303662
2129.788	0.12851855444945975
2129.932	0.1285196091597185
2130.069	0.12852277329049477
2130.2129999999997	0.12852804684178853
2130.359	0.12853542981359978
2130.504	0.12854123072002294
2130.6479999999997	0.12854386749566982
2130.792	0.1285465042713167
2130.935	0.12854861369183418
2131.078	0.12854914104696358
2131.2239999999997	0.12855230517773983
2131.3669999999997	0.12855705137390422
2131.511	0.12856337963545672
2131.6549999999997	0.12856918054187988
2131.799	0.1285728720277855
2131.9379999999996	0.12857603615856175
2132.0809999999997	0.12857761822394986
2132.225	0.1285786729342086
2132.3689999999997	0.12858078235472611
2132.517	0.12858394648550237
2132.6589999999997	0.12858711061627864
2132.803	0.12859343887783115
2132.9469999999997	0.12859765771886617
2133.0919999999996	0.12860187655990118
2133.236	0.1286076774663243
2133.3799999999997	0.12861084159710057
2133.52	0.1286124236624887
2133.667	0.12861295101761808
2133.8109999999997	0.12861347837274745
2133.951	0.1286145330830062
2134.095	0.12862244340994683
2134.24	0.1286319358022756
2134.384	0.12863773670869877
2134.5299999999997	0.12864248290486313
2134.674	0.12864511968051
2134.8179999999998	0.12864670174589812
2134.961	0.12864986587667437
2135.1059999999998	0.12865303000745065
2135.25	0.12865355736258002
2135.393	0.1286546120728388
2135.538	0.12865935826900315
2135.6839999999997	0.1286667412408144
2135.821	0.12867254214723756
2135.9669999999996	0.12867570627801383
2136.1119999999996	0.12867676098827258
2136.2569999999996	0.12867728834340195
2136.3999999999996	0.12867781569853132
2136.5449999999996	0.1286804524741782
2136.689	0.12868308924982508
2136.8329999999996	0.12868467131521322
2136.9779999999996	0.12868625338060136
2137.116	0.12868783544598947
2137.2619999999997	0.1286915269318951
2137.4069999999997	0.1286936363524126
2137.5519999999997	0.1286957457729301
2137.6949999999997	0.12869785519344762
2137.839	0.12869785519344762
2137.9829999999997	0.12869785519344762
2138.124	0.12869996461396513
2138.269	0.128706820230647
2138.4139999999998	0.12871262113707016
2138.555	0.12871525791271704
2138.7019999999998	0.12871736733323452
2138.846	0.128719476753752
2138.99	0.12872105881914014
2139.134	0.12872211352939888
2139.278	0.12872475030504577
2139.421	0.12872738708069265
2139.565	0.12873002385633953
2139.709	0.12873213327685706
2139.8529999999996	0.12873266063198643
2139.998	0.12873266063198643
2140.142	0.12873266063198643
2140.287	0.12873529740763331
2140.43	0.1287400436037977
2140.5739999999996	0.12874373508970333
2140.719	0.1287511180615146
2140.863	0.12876113780897275
2141.0069999999996	0.1287658840051371
2141.1459999999997	0.12876799342565465
2141.29	0.12876957549104276
2141.4339999999997	0.12877063020130153
2141.5789999999997	0.1287732669769484
2141.723	0.12877854052824217
2141.8669999999997	0.12878328672440653
2142.011	0.12878486878979467
2142.156	0.1287864508551828
2142.301	0.12879066969621777
2142.444	0.12879383382699403
2142.5879999999997	0.1287948885372528
2142.7329999999997	0.12879594324751156
2142.877	0.1287991073782878
2143.022	0.12880227150906406
2143.1609999999996	0.12880701770522845
2143.307	0.1288154553872985
2143.4469999999997	0.1288212562937216
2143.591	0.1288233657142391
2143.736	0.1288233657142391
2143.881	0.12882969397579164
2144.024	0.1288365495924735
2144.1699999999996	0.12883865901299102
2144.312	0.12884024107837916
2144.4559999999997	0.1288418231437673
2144.6	0.1288434052091554
2144.7459999999996	0.1288434052091554
2144.888	0.12884445991941418
2145.033	0.12884709669506106
2145.172	0.12885026082583728
2145.315	0.12885289760148416
2145.46	0.12885289760148416
2145.6029999999996	0.1288539523117429
2145.747	0.1288560617322604
2145.8909999999996	0.12885922586303666
2146.035	0.12886028057329543
2146.182	0.1288608079284248
2146.326	0.12886238999381294
2146.466	0.12886502676945982
2146.6099999999997	0.12886871825536544
2146.754	0.12887188238614172
2146.8979999999997	0.12887346445152983
2147.0409999999997	0.12887557387204734
2147.189	0.12887821064769422
2147.3329999999996	0.12888190213359985
2147.4759999999997	0.12888612097463487
2147.6189999999997	0.12888823039515238
2147.761	0.12888875775028175
2147.906	0.1288898124605405
2148.0519999999997	0.12889139452592863
2148.196	0.128891921881058
2148.339	0.128891921881058
2148.48	0.12889297659131677
2148.624	0.12889297659131677
2148.768	0.12889297659131677
2148.915	0.12889561336696365
2149.0589999999997	0.12889877749773987
2149.203	0.128900359563128
2149.3469999999998	0.128900359563128
2149.488	0.1289008869182574
2149.6349999999998	0.12890405104903366
2149.774	0.12890826989006865
2149.922	0.12891037931058616
2150.066	0.12891196137597427
2150.2059999999997	0.12891301608623304
2150.3509999999997	0.1289140707964918
2150.4939999999997	0.12891512550675055
2150.638	0.12891565286187992
2150.7819999999997	0.12892092641317365
2150.928	0.12892567260933804
2151.0719999999997	0.12892725467472615
2151.218	0.1289288367401143
2151.363	0.1289288367401143
2151.5009999999997	0.12892989145037304
2151.645	0.12893411029140806
2151.7889999999998	0.12894096590808996
2151.935	0.1289446573939956
2152.08	0.12894571210425437
2152.219	0.12894782152477186
2152.3669999999997	0.12895045830041874
2152.508	0.12895204036580685
2152.6549999999997	0.12895362243119496
2152.7949999999996	0.1289557318517125
2152.94	0.12895731391710064
2153.084	0.12896153275813566
2153.23	0.12896522424404128
2153.374	0.12896575159917065
2153.52	0.12896733366455876
2153.665	0.1289689157299469
2153.803	0.12896997044020564
2153.9489999999996	0.1289710251504644
2154.0919999999996	0.12897313457098192
2154.2349999999997	0.1289820996081813
2154.379	0.12898895522486317
2154.528	0.12899106464538068
2154.671	0.12899422877615696
2154.816	0.12899581084154507
2154.9559999999997	0.12899792026206258
2155.1009999999997	0.12900055703770946
2155.2439999999997	0.12900319381335634
2155.3889999999997	0.1290079400095207
2155.535	0.12901215885055572
2155.674	0.12901321356081447
2155.819	0.1290147956262026
2155.964	0.12901637769159074
2156.1059999999998	0.12901690504672012
2156.25	0.12902006917749637
2156.395	0.12902428801853139
2156.5389999999998	0.12902639743904887
2156.984	0.12902692479417827
2157.1679999999997	0.12902692479417827
2157.305	0.129027979504437
2157.451	0.12902903421469575
2157.594	0.12902903421469575
2157.7419999999997	0.12903114363521329
2157.879	0.12903430776598956
2158.0229999999997	0.12903799925189519
2158.1679999999997	0.1290411633826714
2158.314	0.12904327280318892
2158.455	0.12904485486857706
2158.598	0.12904485486857706
2158.7439999999997	0.12904590957883583
2158.8889999999997	0.12904907370961205
2159.033	0.12905223784038833
2159.1769999999997	0.12905381990577644
2159.3199999999997	0.1290543472609058
2159.461	0.12905856610194083
2159.605	0.1290633122981052
2159.748	0.12906542171862273
2159.893	0.12907122262504583
2160.037	0.1290764961763396
2160.1839999999997	0.12907755088659836
2160.328	0.12907755088659836
2160.4719999999998	0.12907913295198647
2160.616	0.12908387914815087
2160.7599999999998	0.12908757063405651
2160.899	0.12908809798918588
2161.0429999999997	0.12908915269944465
2161.187	0.1290902074097034
2161.3309999999997	0.12909073476483277
2161.4739999999997	0.12909231683022088
2161.618	0.12909389889560902
2161.7619999999997	0.12909969980203218
2161.906	0.1291049733533259
2162.0499999999997	0.12911499310078406
2162.194	0.12912606755850098
2162.341	0.12912870433414786
2162.486	0.12913134110979474
2162.6319999999996	0.12913450524057096
2162.774	0.129142942922641
2162.9179999999997	0.12916298241755728
2163.06	0.12917669365092105
2163.201	0.1291882954637673
2163.345	0.129204643472778
2163.4939999999997	0.12921413586510677
2163.6319999999996	0.12922099148178864
2163.776	0.12922837445359991
2163.923	0.12923523007028181
2164.065	0.12923839420105804
2164.211	0.12924050362157558
2164.354	0.12924524981773994
2164.5	0.1292510507241631
2164.642	0.12926001576136248
2164.7859999999996	0.12926792608830312
2164.93	0.1292774184806319
2165.071	0.12929271177938378
2165.214	0.12930062210632443
2165.3579999999997	0.12930484094735945
2165.504	0.12931222391917072
2165.6479999999997	0.129319606890982
2165.79	0.12933806432051015
2165.933	0.12935493968465017
2166.0809999999997	0.12935968588081453
2166.221	0.12936443207697892
2166.365	0.12936601414236706
2166.511	0.12936812356288457
2166.653	0.1293697056282727
2166.799	0.12937814331034272
2166.94	0.1293913271885771
2167.084	0.12939923751551774
2167.23	0.12940556577707024
2167.374	0.1294118940386228
2167.5159999999996	0.12941505816939905
2167.6609999999996	0.12941664023478716
2167.806	0.1294182223001753
2167.9469999999997	0.1294198043655634
2168.091	0.12942296849633966
2168.2369999999996	0.12943035146815093
2168.379	0.12944037121560908
2168.522	0.12944669947716161
2168.6679999999997	0.12946093806565476
2168.8129999999996	0.12947412194388913
2168.957	0.12947570400927727
2169.0989999999997	0.12948045020544163
2169.243	0.12948677846699416
2169.3889999999997	0.12948888788751167
2169.5319999999997	0.1294931067285467
2169.676	0.12949785292471105
2169.819	0.1294999623452286
2169.962	0.12950154441061673
2170.1059999999998	0.12950576325165172
2170.25	0.12951103680294546
2170.392	0.1295126188683336
2170.5359999999996	0.12951736506449796
2170.68	0.12952211126066238
2170.825	0.12952738481195614
2170.969	0.129534240428638
2171.113	0.12953845926967303
2171.2569999999996	0.1295437328209668
2171.402	0.1295500610825193
2171.5429999999997	0.12955586198894242
2171.69	0.1295584987645893
2171.83	0.1295584987645893
2171.98	0.1295590261197187
2172.1209999999996	0.12956219025049498
2172.2659999999996	0.129570627932565
2172.4089999999997	0.1295769561941175
2172.5539999999996	0.12957748354924686
2172.696	0.12958012032489374
2172.8399999999997	0.12958275710054062
2172.9869999999996	0.12958803065183438
2173.129	0.12959330420312815
2173.272	0.1295943589133869
2173.417	0.12959699568903377
2173.5609999999997	0.12959857775442188
2173.705	0.12960332395058627
2173.846	0.12960965221213877
2173.989	0.1296112342775269
2174.133	0.1296112342775269
2174.277	0.1296143984083032
2174.421	0.12961756253907944
2174.564	0.12961914460446755
2174.712	0.12962178138011443
2174.855	0.12962336344550257
2174.999	0.1296249455108907
2175.143	0.12962652757627882
2175.287	0.12962810964166693
2175.431	0.12963180112757258
2175.575	0.12963496525834883
2175.718	0.12963549261347823
2175.863	0.12963707467886637
2176.0069999999996	0.1296428755852895
2176.154	0.129649203846842
2176.296	0.12965236797761825
2176.4379999999996	0.12965500475326514
2176.582	0.12965922359430015
2176.7259999999997	0.12966396979046452
2176.868	0.12966766127637014
2177.0099999999998	0.12966766127637014
2177.154	0.12967029805201702
2177.297	0.12967188011740516
2177.442	0.12967398953792267
2177.591	0.12967715366869892
2177.732	0.1296797904443458
2177.873	0.12968084515460457
2178.017	0.12968137250973394
2178.1609999999996	0.12968295457512205
2178.305	0.12968453664051016
2178.448	0.1296861187058983
2178.5919999999996	0.12968770077128644
2178.738	0.12969033754693332
2178.8799999999997	0.1296929743225802
2179.0229999999997	0.12969508374309774
2179.1679999999997	0.12969666580848585
2179.312	0.12969772051874462
2179.455	0.12969930258413273
2179.5989999999997	0.12970088464952084
2179.743	0.12970246671490898
2179.888	0.12970457613542646
2180.0319999999997	0.129710904396979
2180.174	0.12971828736879026
2180.3179999999998	0.12972250620982528
2180.464	0.12972514298547216
2180.607	0.1297261976957309
2180.752	0.12972672505086028
2180.897	0.12972883447137779
2181.0409999999997	0.12972883447137779
2181.182	0.12973147124702467
2181.3289999999997	0.12973147124702467
2181.4719999999998	0.12973147124702467
2181.6169999999997	0.12973305331241278
2181.763	0.12973621744318903
2181.901	0.12973621744318903
2182.048	0.12974043628422405
2182.192	0.12974254570474156
2182.3379999999997	0.12974307305987093
2182.479	0.12974412777012967
2182.62	0.12974940132142343
2182.769	0.12975414751758785
2182.908	0.12975467487271722
2183.055	0.12975572958297596
2183.2	0.12975731164836407
2183.339	0.1297588937137522
2183.4829999999997	0.12975994842401095
2183.6299999999997	0.12976047577914035
2183.7709999999997	0.1297620578445285
2183.9159999999997	0.1297636399099166
2184.0609999999997	0.1297652219753047
2184.205	0.12976680404069285
2184.3489999999997	0.12976733139582225
2184.491	0.12976733139582225
2184.6349999999998	0.129768386106081
2184.7799999999997	0.12976944081633973
2184.924	0.12976944081633973
2185.0679999999998	0.12976996817146913
2185.212	0.12977155023685727
2185.354	0.12977313230224538
2185.497	0.1297752417227629
2185.643	0.129776823788151
2185.787	0.129776823788151
2185.93	0.129776823788151
2186.073	0.12977787849840977
2186.2169999999996	0.12977946056379788
2186.361	0.12977946056379788
2186.5069999999996	0.12977946056379788
2186.651	0.12977946056379788
2186.798	0.12977946056379788
2186.937	0.1297815699843154
2187.082	0.1297857888253504
2187.2279999999996	0.12979106237664417
2187.37	0.12979106237664417
2187.513	0.12979528121767914
2187.658	0.12979528121767914
2187.798	0.12979528121767914
2187.9449999999997	0.12979528121767914
2188.089	0.12979528121767914
2188.232	0.12979528121767914
2188.3759999999997	0.12979528121767914
2188.517	0.1297989727035848
2188.6609999999996	0.12980213683436104
2188.805	0.12980319154461978
2188.9489999999996	0.12980371889974918
2189.094	0.12980424625487855
2189.2369999999996	0.12980424625487855
2189.384	0.12980530096513732
2189.529	0.12980635567539606
2189.672	0.12980635567539606
2189.815	0.12980635567539606
2189.961	0.12981004716130168
2190.104	0.12981479335746607
2190.248	0.1298184848433717
2190.388	0.1298184848433717
2190.5319999999997	0.12982112161901857
2190.6789999999996	0.1298227036844067
2190.8199999999997	0.1298227036844067
2190.9629999999997	0.1298227036844067
2191.1099999999997	0.1298227036844067
2191.25	0.1298227036844067
2191.397	0.12982481310492422
2191.5389999999998	0.12982481310492422
2191.6859999999997	0.12982534046005362
2191.83	0.12982534046005362
2191.97	0.12982639517031236
2192.1169999999997	0.1298274498805711
2192.261	0.1298279772357005
2192.4049999999997	0.1298295593010886
2192.551	0.12983061401134735
2192.6949999999997	0.12983114136647672
2192.8399999999997	0.12983325078699423
2192.979	0.12983746962802925
2193.127	0.12984010640367613
2193.272	0.12984168846906424
2193.4089999999997	0.12984327053445238
2193.553	0.12984379788958178
2193.7	0.1298453799549699
2193.843	0.1298474893754874
2193.991	0.12985170821652242
2194.1349999999998	0.12985539970242804
2194.272	0.12985750912294552
2194.415	0.1298601458985924
2194.56	0.12986278267423929
2194.7039999999997	0.1298648920947568
2194.8469999999998	0.12986541944988617
2194.993	0.1298670015152743
2195.136	0.1298670015152743
2195.2819999999997	0.1298670015152743
2195.428	0.1298670015152743
2195.5679999999998	0.1298670015152743
2195.718	0.12986858358066242
2195.857	0.12986858358066242
2196.004	0.12986858358066242
2196.145	0.12986858358066242
2196.2909999999997	0.12986858358066242
2196.4379999999996	0.12986963829092119
2196.576	0.12986963829092119
2196.719	0.12986963829092119
2196.863	0.12986963829092119
2197.006	0.12986963829092119
2197.154	0.12986963829092119
2197.296	0.12986963829092119
2197.442	0.12987069300117993
2197.586	0.12987069300117993
2197.7239999999997	0.12987069300117993
2197.868	0.12987069300117993
2198.0119999999997	0.12987069300117993
2198.156	0.12987069300117993
2198.303	0.1298712203563093
2198.446	0.1298728024216974
2198.5899999999997	0.12987385713195618
2198.732	0.12987385713195618
2198.8779999999997	0.12987438448708555
2199.022	0.12987438448708555
2199.1639999999998	0.12987438448708555
2199.308	0.1298759665524737
2199.45	0.12987702126273243
2199.595	0.12987702126273243
2199.739	0.12987702126273243
2199.8819999999996	0.12987702126273243
2200.027	0.12987702126273243
2200.1749999999997	0.12987702126273243
2200.315	0.12987702126273243
2200.4579999999996	0.12987807597299117
2200.602	0.1298796580383793
2200.749	0.12988124010376745
2200.892	0.1298828221691556
2201.0359999999996	0.12988334952428496
2201.183	0.12988440423454373
2201.3199999999997	0.12988545894480247
2201.4669999999996	0.12988545894480247
2201.6079999999997	0.12988598629993187
2201.7549999999997	0.12988651365506124
2201.8959999999997	0.12988756836531998
2202.0429999999997	0.12988862307557872
2202.183	0.12988862307557872
2202.3269999999998	0.12988862307557872
2202.471	0.1298891504307081
2202.614	0.12989125985122557
2202.761	0.12989389662687245
2202.9049999999997	0.1298954786922606
2203.047	0.12989706075764873
2203.1929999999998	0.12989864282303687
2203.3379999999997	0.12989917017816627
2203.482	0.129900224888425
2203.625	0.129900224888425
2203.769	0.129900224888425
2203.913	0.129900224888425
2204.0539999999996	0.129900224888425
2204.2	0.129900224888425
2204.341	0.129900224888425
2204.4849999999997	0.129900224888425
2204.6319999999996	0.129900224888425
2204.776	0.12990180695381315
2204.9199999999996	0.12990180695381315
2205.06	0.12990180695381315
2205.2039999999997	0.12990180695381315
2205.3509999999997	0.12990180695381315
2205.498	0.12990180695381315
2205.6349999999998	0.12990180695381315
2205.779	0.12990338901920126
2205.926	0.1299060257948481
2206.067	0.12990760786023625
2206.214	0.12991024463588313
2206.3579999999997	0.1299134087666594
2206.498	0.12991393612178878
2206.642	0.12991393612178878
2206.7859999999996	0.12991499083204755
2206.93	0.12991657289743566
2207.0739999999996	0.12991815496282377
2207.218	0.1299197370282119
2207.361	0.1299197370282119
2207.506	0.12992342851411753
2207.653	0.12992659264489378
2207.7999999999997	0.12992659264489378
2207.941	0.12992764735515255
2208.085	0.12992764735515255
2208.23	0.12992764735515255
2208.372	0.12992764735515255
2208.517	0.12992922942054067
2208.6589999999997	0.12992975677567004
2208.807	0.12993081148592878
2208.948	0.12993239355131692
2209.0919999999996	0.12993239355131692
2209.232	0.12993397561670506
2209.3759999999997	0.1299355576820932
2209.52	0.1299355576820932
2209.6639999999998	0.12993608503722257
2209.814	0.12993608503722257
2209.9519999999998	0.12993608503722257
2210.0969999999998	0.12993608503722257
2210.24	0.12993608503722257
2210.383	0.12993608503722257
2210.5299999999997	0.12993608503722257
2210.671	0.12993713974748133
2210.814	0.12993713974748133
2210.96	0.12993713974748133
2211.104	0.12993713974748133
2211.249	0.12993924916799882
2211.393	0.12994083123338696
2211.535	0.12994294065390444
2211.683	0.12994452271929258
2211.8269999999998	0.12994610478468072
2211.9649999999997	0.12994768685006883
2212.109	0.12994768685006883
2212.2549999999997	0.12994768685006883
2212.3979999999997	0.12994768685006883
2212.542	0.12994768685006883
2212.6879999999996	0.12994768685006883
2212.832	0.12994768685006883
2212.9719999999998	0.12994768685006883
2213.116	0.12994768685006883
2213.2599999999998	0.12994768685006883
2213.4049999999997	0.12994768685006883
2213.551	0.12994768685006883
2213.6949999999997	0.12994768685006883
2213.837	0.12994768685006883
2213.979	0.12994768685006883
2214.123	0.12994768685006883
2214.267	0.12994768685006883
2214.412	0.12994768685006883
2214.556	0.12994768685006883
2214.7	0.12994768685006883
2214.845	0.12994768685006883
2214.989	0.12994768685006883
2215.131	0.12994768685006883
2215.276	0.12994768685006883
2215.421	0.12994768685006883
2215.5609999999997	0.12994768685006883
2215.705	0.12994768685006883
2215.8529999999996	0.12994610478468072
2215.9959999999996	0.12994452271929258
2216.1369999999997	0.12994294065390444
2216.283	0.12994083123338696
2216.424	0.12994083123338696
2216.5679999999998	0.12994083123338696
2216.7169999999996	0.12994083123338696
2216.859	0.12994294065390444
2217.0049999999997	0.12994452271929258
2217.149	0.12994452271929258
2217.287	0.12994452271929258
2217.431	0.12994610478468072
2217.578	0.12994610478468072
2217.7219999999998	0.12994610478468072
2217.866	0.12994610478468072
2218.0099999999998	0.12994768685006883
2218.154	0.12994768685006883
2218.294	0.12994768685006883
2218.4379999999996	0.12994926891545694
2218.585	0.12994926891545694
2218.729	0.12994926891545694
2218.872	0.12994926891545694
2219.013	0.12994926891545694
2219.1569999999997	0.12994768685006883
2219.301	0.12994768685006883
2219.4449999999997	0.12994610478468072
2219.589	0.12994452271929258
2219.736	0.12994452271929258
2219.8759999999997	0.12994452271929258
2220.02	0.12994294065390444
2220.1639999999998	0.12994083123338696
2220.3109999999997	0.12993924916799882
2220.4519999999998	0.12993713974748133
2220.596	0.12993608503722257
2220.741	0.1299355576820932
2220.884	0.1299355576820932
2221.027	0.12993344826157566
2221.171	0.12993186619618755
2221.316	0.12993186619618755
2221.459	0.12993186619618755
2221.6059999999998	0.12993186619618755
2221.749	0.12993186619618755
2221.894	0.12993186619618755
2222.038	0.12993186619618755
2222.183	0.12993344826157566
2222.328	0.1299355576820932
2222.4719999999998	0.12993608503722257
2222.6209999999996	0.12993819445774007
2222.7549999999997	0.12994083123338696
2222.897	0.12994294065390444
2223.042	0.12994452271929258
2223.1859999999997	0.12994452271929258
2223.332	0.12994610478468072
2223.477	0.12994768685006883
2223.622	0.12994768685006883
2223.767	0.12994768685006883
2223.9049999999997	0.12994768685006883
2224.051	0.12994768685006883
2224.1949999999997	0.12994926891545694
2224.336	0.12995085098084508
2224.4809999999998	0.12995085098084508
2224.627	0.12995085098084508
2224.769	0.12995085098084508
2224.915	0.12995085098084508
2225.0589999999997	0.12995085098084508
2225.2019999999998	0.12995085098084508
2225.345	0.12995085098084508
2225.491	0.12995085098084508
2225.631	0.12995085098084508
2225.7749999999996	0.12995085098084508
2225.922	0.12995085098084508
2226.066	0.12995085098084508
2226.211	0.12995085098084508
2226.357	0.12995085098084508
2226.4959999999996	0.12995085098084508
2226.638	0.12995085098084508
2226.7819999999997	0.12995085098084508
2226.928	0.12995190569110382
2227.0739999999996	0.1299529604013626
2227.214	0.1299545424667507
2227.359	0.12995612453213884
2227.5009999999997	0.12995665188726824
2227.645	0.12995823395265638
2227.792	0.12995823395265638
2227.932	0.12995823395265638
2228.0769999999998	0.12995823395265638
2228.223	0.12995823395265638
2228.3689999999997	0.12995823395265638
2228.5139999999997	0.12995823395265638
2228.654	0.12995823395265638
2228.799	0.12995823395265638
2228.941	0.12995823395265638
2229.0829999999996	0.12995823395265638
2229.227	0.12995928866291512
2229.372	0.12995981601804452
2229.515	0.1299603433731739
2229.6589999999997	0.12996139808343263
2229.806	0.12996245279369137
2229.946	0.12996456221420888
2230.0899999999997	0.1299677263449851
2230.234	0.1299677263449851
2230.3779999999997	0.12996930841037324
2230.5209999999997	0.12996930841037324
2230.665	0.12997089047576138
2230.8129999999996	0.12997194518602012
2230.9559999999997	0.12997194518602012
2231.0969999999998	0.1299729998962789
2231.2439999999997	0.12997405460653766
2231.388	0.12997405460653766
2231.5319999999997	0.12997458196166703
2231.672	0.1299751093167964
2231.8179999999998	0.12997616402705514
2231.96	0.12997774609244328
2232.104	0.12997827344757265
2232.248	0.12997827344757265
2232.3909999999996	0.12997932815783142
2232.535	0.1299819649334783
2232.6789999999996	0.1299819649334783
2232.8269999999998	0.1299819649334783
2232.97	0.12997932815783142
2233.116	0.12997932815783142
2233.258	0.12997932815783142
2233.402	0.12997932815783142
2233.546	0.12997932815783142
2233.691	0.12997932815783142
2233.83	0.12997932815783142
2233.98	0.12997932815783142
2234.1209999999996	0.12997932815783142
2234.261	0.12997827344757265
2234.408	0.12997932815783142
2234.5519999999997	0.12997932815783142
2234.6989999999996	0.1299819649334783
2234.843	0.1299819649334783
2234.98	0.1299819649334783
2235.125	0.1299819649334783
2235.268	0.1299819649334783
2235.412	0.12998671112964266
2235.556	0.12998987526041894
2235.703	0.1299904026155483
2235.8469999999998	0.1299904026155483
2235.99	0.12999092997067768
2236.1349999999998	0.12999092997067768
2236.279	0.12999251203606582
2236.419	0.12999251203606582
2236.562	0.1299951488117127
2236.7079999999996	0.1299951488117127
2236.854	0.12999620352197144
2236.997	0.1299967308771008
2237.1369999999997	0.12999725823223018
2237.285	0.12999884029761832
2237.431	0.13000253178352394
2237.5769999999998	0.13000464120404145
2237.7149999999997	0.13000464120404145
2237.859	0.13000464120404145
2238.0069999999996	0.13000516855917083
2238.145	0.13000569591430017
2238.2889999999998	0.13000675062455894
2238.432	0.1300078053348177
2238.58	0.1300078053348177
2238.723	0.1300078053348177
2238.864	0.1300078053348177
2239.013	0.13000833268994708
2239.1589999999997	0.13000833268994708
2239.298	0.1300078053348177
2239.451	0.1300078053348177
2239.602	0.13000938740020584
2239.7459999999996	0.13000938740020584
2239.888	0.13000938740020584
2240.031	0.13000938740020584
2240.176	0.1300078053348177
2240.3219999999997	0.13000938740020584
2240.462	0.13000938740020584
2240.6059999999998	0.13001096946559396
2240.7529999999997	0.13001096946559396
2240.897	0.13001255153098207
2241.04	0.13001571566175835
2241.187	0.13001782508227586
2241.325	0.1300209892130521
2241.469	0.13002415334382836
2241.614	0.13002573540921647
2241.7599999999998	0.13002679011947524
2241.9049999999997	0.13002679011947524
2242.046	0.13002679011947524
2242.19	0.13002573540921647
2242.334	0.13002573540921647
2242.4779999999996	0.13002573540921647
2242.622	0.13002415334382836
2242.772	0.13002415334382836
2242.91	0.13002415334382836
2243.055	0.13002415334382836
2243.1989999999996	0.1300209892130521
2243.345	0.1300209892130521
2243.484	0.1300209892130521
2243.6279999999997	0.13002415334382836
2243.776	0.13002468069895773
2243.9179999999997	0.13002573540921647
2244.0589999999997	0.13002573540921647
2244.207	0.13002468069895773
2244.3509999999997	0.13002468069895773
2244.491	0.13002468069895773
2244.6349999999998	0.13002415334382836
2244.7799999999997	0.13002415334382836
2244.9249999999997	0.13002415334382836
2245.066	0.13002415334382836
2245.2129999999997	0.13002415334382836
2245.3559999999998	0.13002415334382836
2245.5029999999997	0.13002468069895773
2245.644	0.13002573540921647
2245.7889999999998	0.13002679011947524
2245.932	0.13002837218486335
2246.073	0.1300304816053809
2246.22	0.13003206367076903
2246.364	0.13003206367076903
2246.504	0.1300341730912865
2246.6479999999997	0.13003522780154525
2246.792	0.13003522780154525
2246.939	0.13003575515667465
2247.0789999999997	0.1300373372220628
2247.2239999999997	0.13003839193232153
2247.3709999999996	0.1300389192874509
2247.511	0.13003944664258027
2247.6549999999997	0.13003944664258027
2247.799	0.130040501352839
2247.9469999999997	0.13004155606309778
2248.0899999999997	0.13004155606309778
2248.234	0.13004208341822715
2248.3779999999997	0.13004261077335652
2248.518	0.13004419283874463
2248.6609999999996	0.13004841167977965
2248.808	0.13004841167977965
2248.951	0.13005104845542653
2249.096	0.13005104845542653
2249.241	0.13005157581055593
2249.383	0.1300521031656853
2249.528	0.13005315787594407
2249.6699999999996	0.13005473994133218
2249.8129999999996	0.1300563220067203
2249.959	0.13005948613749657
2250.102	0.1300626502682728
2250.248	0.13006634175417842
2250.3909999999996	0.13007108795034283
2250.537	0.1300716153054722
2250.6789999999996	0.1300742520811191
2250.8199999999997	0.1300742520811191
2250.9669999999996	0.1300742520811191
2251.1119999999996	0.1300742520811191
2251.2509999999997	0.1300742520811191
2251.3979999999997	0.1300716153054722
2251.54	0.1300742520811191
2251.685	0.1300742520811191
2251.8309999999997	0.1300742520811191
2251.97	0.13007583414650722
2252.114	0.13007583414650722
2252.258	0.13007583414650722
2252.403	0.13007583414650722
2252.548	0.13007583414650722
2252.691	0.13007583414650722
2252.8329999999996	0.13007583414650722
2252.977	0.13007583414650722
2253.1209999999996	0.13007741621189534
2253.267	0.1300784709221541
2253.4089999999997	0.1300784709221541
2253.553	0.1300784709221541
2253.6969999999997	0.1300784709221541
2253.846	0.13008005298754222
2253.984	0.13008163505293033
2254.127	0.13008321711831847
2254.272	0.13008532653883598
2254.417	0.13008690860422412
2254.5609999999997	0.130089545379871
2254.705	0.13009270951064728
2254.8489999999997	0.1300958736414235
2254.9919999999997	0.13009745570681164
2255.1349999999998	0.13009903777219978
2255.278	0.1301006198375879
2255.426	0.13010167454784666
2255.567	0.13010325661323477
2255.711	0.13010378396836414
2255.854	0.13010378396836414
2255.999	0.13010536603375228
2256.143	0.13010536603375228
2256.288	0.1301095848747873
2256.431	0.13011222165043418
2256.576	0.13011222165043418
2256.72	0.13011222165043418
2256.865	0.13011274900556355
2257.006	0.13011327636069292
2257.1499999999996	0.1301159131363398
2257.2949999999996	0.13011854991198668
2257.439	0.1301243508184098
2257.5829999999996	0.13013067907996234
2257.727	0.1301312064350917
2257.8709999999996	0.13013278850047982
2258.015	0.13013437056586796
2258.1609999999996	0.1301354252761267
2258.303	0.13013806205177358
2258.4429999999998	0.13014017147229107
2258.586	0.1301417535376792
2258.734	0.13014333560306734
2258.874	0.13014491766845548
2259.022	0.13014649973384362
2259.1699999999996	0.13014649973384362
2259.306	0.130147027088973
2259.4519999999998	0.13014808179923176
2259.593	0.13014966386461987
2259.7369999999996	0.13015019121974924
2259.8819999999996	0.13015019121974924
2260.029	0.13015019121974924
2260.173	0.13015019121974924
2260.317	0.13015124593000799
2260.4579999999996	0.13015230064026673
2260.6009999999997	0.1301528279953961
2260.7509999999997	0.13015335535052547
2260.8889999999997	0.130155464771043
2261.033	0.13015915625694863
2261.1769999999997	0.13016073832233677
2261.3199999999997	0.13016073832233677
2261.468	0.1301623203877249
2261.6119999999996	0.13016390245311302
2261.7549999999997	0.13016390245311302
2261.899	0.13016706658388927
2262.0429999999997	0.13016706658388927
2262.1839999999997	0.13016706658388927
2262.3269999999998	0.13016706658388927
2262.4739999999997	0.13016706658388927
2262.6189999999997	0.13016706658388927
2262.7619999999997	0.13016706658388927
2262.903	0.13016706658388927
2263.047	0.13016706658388927
2263.191	0.13016706658388927
2263.335	0.13016706658388927
2263.48	0.13016706658388927
2263.622	0.13016706658388927
2263.7659999999996	0.13017075806979492
2263.91	0.13017075806979492
2264.0539999999996	0.13017075806979492
2264.198	0.13017075806979492
2264.3419999999996	0.13017075806979492
2264.488	0.13017075806979492
2264.629	0.13017075806979492
2264.779	0.13017234013518303
2264.9199999999996	0.1301749769108299
2265.06	0.13017708633134742
2265.21	0.13017866839673553
2265.3489999999997	0.13017866839673553
2265.497	0.13017866839673553
2265.636	0.13017866839673553
2265.781	0.1301797231069943
2265.9269999999997	0.1301797231069943
2266.071	0.13018025046212367
2266.212	0.1301818325275118
2266.361	0.13018288723777055
2266.504	0.13018763343393494
2266.644	0.13019343434035807
2266.787	0.1301950164057462
2266.932	0.13019818053652243
2267.08	0.13020081731216931
2267.22	0.1302013446672987
2267.364	0.13020292673268685
2267.5099999999998	0.1302039814429456
2267.658	0.1302039814429456
2267.794	0.13020450879807496
2267.937	0.13020661821859247
2268.082	0.13021294648014498
2268.2279999999996	0.13021874738656813
2268.372	0.13021980209682688
2268.518	0.13022085680708562
2268.663	0.13022507564812064
2268.8039999999996	0.1302282397788969
2268.9489999999996	0.13022876713402626
2269.093	0.1302303491994144
2269.238	0.13023140390967317
2269.383	0.13023140390967317
2269.5209999999997	0.13023193126480254
2269.667	0.13023562275070816
2270.1549999999997	0.13024142365713132
2270.308	0.13024458778790757
2270.4469999999997	0.13024511514303694
2270.591	0.13024775191868382
2270.736	0.1302503886943307
2270.8819999999996	0.13025302546997758
2271.026	0.13025618960075383
2271.173	0.1302567169558832
2271.315	0.13025777166614194
2271.4539999999997	0.13026040844178882
2271.6009999999997	0.13026251786230636
2271.743	0.13026726405847072
2271.8889999999997	0.13027148289950571
2272.033	0.13027306496489383
2272.173	0.13027675645079947
2272.3199999999997	0.13027886587131698
2272.466	0.13028150264696386
2272.605	0.13028413942261075
2272.7509999999997	0.1302851941328695
2272.895	0.13028783090851637
2273.035	0.130295741235457
2273.18	0.13030417891752705
2273.3269999999998	0.13030997982395018
2273.471	0.13030997982395018
2273.611	0.13031683544063205
2273.7549999999997	0.13032369105731395
2273.899	0.13032843725347837
2274.046	0.1303316013842546
2274.19	0.13033634758041898
2274.334	0.13033898435606586
2274.48	0.13034162113171274
2274.623	0.13034425790735962
2274.7619999999997	0.130349004103524
2274.91	0.13035585972020589
2275.055	0.13036218798175842
2275.1929999999998	0.13036851624331092
2275.337	0.13037589921512222
2275.4809999999998	0.13038170012154535
2275.6279999999997	0.13038328218693346
2275.772	0.13038433689719223
2275.913	0.13038750102796848
2276.057	0.13038750102796848
2276.2039999999997	0.13039277457926224
2276.344	0.13039277457926224
2276.488	0.13039277457926224
2276.6349999999998	0.130398048130556
2276.781	0.130398048130556
2276.923	0.13040964994340226
2277.066	0.13041966969086038
2277.2129999999997	0.1304217791113779
2277.359	0.13042705266267166
2277.499	0.1304328535690948
2277.643	0.1304328535690948
2277.787	0.13043443563448293
2277.931	0.1304349629896123
2278.075	0.1304370724101298
2278.22	0.13044551009219985
2278.363	0.13045236570888172
2278.508	0.13045552983965797
2278.656	0.1304602760358224
2278.794	0.13046238545633987
2278.935	0.130472405203798
2279.0809999999997	0.13048453437177365
2279.225	0.13048664379229116
2279.3669999999997	0.1304898079230674
2279.513	0.13049719089487866
2279.654	0.13050140973591368
2279.7999999999997	0.13050246444617242
2279.9449999999997	0.1305056285769487
2280.0879999999997	0.13050879270772497
2280.232	0.13051037477311309
2280.3759999999997	0.1305119568385012
2280.517	0.13051459361414808
2280.66	0.13051933981031247
2280.8039999999996	0.13052461336160623
2280.9519999999998	0.13052672278212374
2281.095	0.13053041426802936
2281.236	0.130534105753935
2281.3819999999996	0.13053568781932312
2281.5249999999996	0.13053726988471126
2281.669	0.13053779723984063
2281.812	0.13054096137061688
2281.9559999999997	0.13054570756678124
2282.1	0.13054728963216938
2282.2439999999997	0.13054887169755752
2282.39	0.13055045376294563
2282.5299999999997	0.13055256318346314
2282.678	0.13055519995911002
2282.821	0.13055889144501567
2282.9669999999996	0.1305652197065682
2283.1119999999996	0.13057049325786196
2283.557	0.13057207532325008
2283.6989999999996	0.13057207532325008
2283.843	0.13057313003350884
2283.9869999999996	0.1305778762296732
2284.1299999999997	0.13058262242583762
2284.274	0.1305852592014845
2284.4179999999997	0.13058895068739013
2284.5629999999996	0.13059211481816635
2284.705	0.13059211481816635
2284.85	0.13059211481816635
2284.9919999999997	0.13059211481816635
2285.1389999999997	0.1305942242386839
2285.281	0.130595806304072
2285.4249999999997	0.1305973883694601
2285.569	0.1305973883694601
2285.712	0.1305973883694601
2285.857	0.1305973883694601
2286.0	0.1305973883694601
2286.1459999999997	0.13059844307971888
2286.2859999999996	0.13059897043484825
2286.43	0.1306005525002364
2286.5739999999996	0.13060213456562453
2286.72	0.13060213456562453
2286.865	0.13060213456562453
2287.009	0.13060213456562453
2287.1499999999996	0.13060213456562453
2287.298	0.13060213456562453
2287.437	0.13060213456562453
2287.585	0.13060213456562453
2287.725	0.13060213456562453
2287.868	0.1306026619207539
2288.013	0.1306026619207539
2288.16	0.13060371663101267
2288.2999999999997	0.1306068807617889
2288.444	0.1306105722476945
2288.5879999999997	0.1306105722476945
2288.732	0.1306105722476945
2288.8759999999997	0.1306105722476945
2289.0229999999997	0.1306105722476945
2289.163	0.1306105722476945
2289.307	0.1306105722476945
2289.451	0.1306105722476945
2289.595	0.1306105722476945
2289.7419999999997	0.1306137363784708
2289.886	0.13061531844385893
2290.026	0.13061531844385893
2290.1699999999996	0.13061637315411767
2290.314	0.1306179552195058
2290.461	0.13061848257463518
2290.6009999999997	0.13061848257463518
2290.749	0.13061953728489392
2290.8889999999997	0.13062217406054077
2291.033	0.1306237561259289
2291.1769999999997	0.13062481083618765
2291.321	0.13062586554644642
2291.4649999999997	0.13062586554644642
2291.609	0.1306263929015758
2291.752	0.13062692025670516
2291.8959999999997	0.13063008438748142
2292.0409999999997	0.1306332485182577
2292.187	0.13063430322851644
2292.33	0.13063535793877518
2292.4719999999998	0.13063535793877518
2292.615	0.1306374673592927
2292.761	0.13064115884519834
2292.9049999999997	0.1306443229759746
2293.0499999999997	0.13064590504136273
2293.194	0.1306469597516215
2293.3379999999997	0.1306469597516215
2293.482	0.1306469597516215
2293.622	0.1306469597516215
2293.77	0.1306469597516215
2293.9109999999996	0.1306469597516215
2294.057	0.13064801446188024
2294.198	0.1306485418170096
2294.647	0.13064906917213898
2294.792	0.13064906917213898
2294.937	0.13065012388239772
2295.08	0.1306511785926565
2295.227	0.1306527606580446
2295.3689999999997	0.13065434272343274
2295.5119999999997	0.13065434272343274
2295.6569999999997	0.13065434272343274
2295.798	0.13065539743369148
2295.944	0.13065697949907962
2296.0899999999997	0.13065908891959715
2296.23	0.13066172569524404
2296.374	0.13066330776063215
2296.517	0.13066383511576152
2296.6609999999996	0.1306664718914084
2296.805	0.13066963602218465
2296.9489999999996	0.13067016337731402
2297.095	0.13067174544270216
2297.24	0.13067490957347838
2297.381	0.13067649163886652
2297.5249999999996	0.13067649163886652
2297.671	0.13068176519016028
2297.812	0.13068703874145404
2297.9559999999997	0.13068703874145404
2298.102	0.13068862080684218
2298.243	0.1306923122927478
2298.3869999999997	0.1306944217132653
2298.5319999999997	0.1306944217132653
2298.6769999999997	0.13069547642352408
2298.821	0.13069811319917096
2298.962	0.13070022261968844
2299.107	0.13070180468507658
2299.2509999999997	0.13070338675046472
2299.394	0.1307039141055941
2299.538	0.13070496881585286
2299.682	0.13070496881585286
2299.826	0.1307060235261116
2299.97	0.13070655088124097
2300.114	0.13070813294662909
2300.258	0.13071076972227597
2300.403	0.1307128791427935
2300.546	0.13071551591844038
2300.69	0.13071815269408726
2300.834	0.13071868004921663
2300.979	0.13072026211460475
2301.122	0.13072289889025163
2301.267	0.13072395360051037
2301.4109999999996	0.13072448095563974
2301.555	0.13072448095563974
2301.6989999999996	0.13072448095563974
2301.843	0.1307250083107691
2301.986	0.13072659037615725
2302.131	0.13072975450693353
2302.274	0.13072975450693353
2302.419	0.1307323912825804
2302.557	0.1307323912825804
2302.701	0.1307323912825804
2302.845	0.1307323912825804
2302.989	0.1307323912825804
2303.133	0.1307323912825804
2303.279	0.13073397334796855
2303.423	0.13073608276848603
2303.567	0.13073766483387414
2303.711	0.1307387195441329
2303.852	0.13074030160952102
2303.9959999999996	0.13074188367490913
2304.14	0.13074188367490913
2304.283	0.13074188367490913
2304.4269999999997	0.1307471572262029
2304.573	0.1307519034223673
2304.718	0.13075243077749668
2304.8619999999996	0.13075243077749668
2305.006	0.13075348548775545
2305.1499999999996	0.13075664961853167
2305.296	0.13075664961853167
2305.44	0.13075664961853167
2305.584	0.13075875903904918
2305.7239999999997	0.13075875903904918
2305.866	0.13075981374930795
2306.0099999999998	0.13075981374930795
2306.154	0.13076139581469606
2306.299	0.13076350523521357
2306.444	0.13076666936598985
2306.587	0.13076666936598985
2306.732	0.13076666936598985
2306.8759999999997	0.13076666936598985
2307.02	0.13076666936598985
2307.163	0.13076666936598985
2307.3089999999997	0.13076666936598985
2307.453	0.13076666936598985
2307.5969999999998	0.13076825143137796
2307.741	0.13076930614163673
2307.886	0.13077088820702484
2308.0299999999997	0.13077141556215421
2308.174	0.13077141556215421
2308.314	0.13077141556215421
2308.459	0.13077141556215421
2308.602	0.13077247027241296
2308.745	0.13077352498267172
2308.8889999999997	0.1307740523378011
2309.0339999999997	0.13077563440318923
2309.18	0.130776689113448
2309.3239999999996	0.13077932588909486
2309.469	0.1307824900198711
2309.613	0.1307824900198711
2309.7509999999997	0.13078301737500048
2309.895	0.13078407208525922
2310.0389999999998	0.13078565415064736
2310.1839999999997	0.13078618150577676
2310.3269999999998	0.1307872362160355
2310.471	0.13078829092629427
2310.615	0.13078881828142364
2310.7569999999996	0.13079040034681177
2310.901	0.13079198241219991
2311.046	0.13079356447758805
2311.187	0.1307946191878468
2311.3309999999997	0.1307946191878468
2311.4759999999997	0.1307962012532349
2311.62	0.13079778331862302
2311.7659999999996	0.13079778331862302
2311.9089999999997	0.13079778331862302
2312.0519999999997	0.13079778331862302
2312.1949999999997	0.13079778331862302
2312.339	0.13079989273914053
2312.484	0.13080463893530492
2312.631	0.13081149455198682
2312.772	0.13081782281353932
2312.9159999999997	0.1308199322340568
2313.06	0.1308199322340568
2313.2039999999997	0.13082098694431554
2313.346	0.13082098694431554
2313.491	0.13082098694431554
2313.6369999999997	0.13082098694431554
2313.7819999999997	0.13082098694431554
2313.923	0.13082098694431554
2314.069	0.13082256900970368
2314.209	0.13082309636483308
2314.3559999999998	0.13082467843022122
2314.498	0.13082784256099744
2314.6409999999996	0.13082784256099744
2314.787	0.13083047933664432
2314.931	0.13083047933664432
2315.075	0.13083047933664432
2315.216	0.13083047933664432
2315.363	0.13083047933664432
2315.5069999999996	0.13082626049560933
2315.651	0.13082626049560933
2315.794	0.13082309636483308
2315.939	0.13082256900970368
2316.0789999999997	0.13082256900970368
2316.223	0.13082256900970368
2316.372	0.13082256900970368
2316.513	0.13082098694431554
2316.654	0.13082098694431554
2316.798	0.13082098694431554
2316.942	0.13082151429944494
2317.086	0.13082309636483308
2317.23	0.13082626049560933
2317.374	0.13083047933664432
2317.517	0.13083047933664432
2317.6609999999996	0.13083206140203246
2317.805	0.13083258875716183
2317.9489999999996	0.1308336434674206
2318.094	0.13083680759819685
2318.236	0.13083680759819685
2318.386	0.13084260850461998
2318.5249999999996	0.130846827345655
2318.6679999999997	0.13084840941104314
2318.812	0.13084946412130188
2318.9559999999997	0.13085104618669002
2319.1029999999996	0.13085315560720753
2319.247	0.13085473767259564
2319.388	0.13085579238285439
2319.535	0.13085579238285439
2319.6749999999997	0.13085631973798376
2319.8199999999997	0.13085684709311313
2319.966	0.13085684709311313
2320.111	0.13085684709311313
2320.25	0.13085684709311313
2320.394	0.13085684709311313
2320.538	0.13085684709311313
2320.682	0.13085684709311313
2320.825	0.13085684709311313
2320.973	0.13085684709311313
2321.1169999999997	0.13085684709311313
2321.2569999999996	0.13085790180337187
2321.403	0.13085790180337187
2321.547	0.13085790180337187
2321.694	0.13085790180337187
2321.835	0.13085790180337187
2321.9809999999998	0.13085790180337187
2322.123	0.13085790180337187
2322.2639999999997	0.13085790180337187
2322.413	0.13085790180337187
2322.557	0.13085948386876
2322.7	0.13086264799953629
2322.845	0.13086528477518317
2322.986	0.13086528477518317
2323.133	0.13086528477518317
2323.2709999999997	0.13086528477518317
2323.4139999999998	0.13086528477518317
2323.558	0.13086581213031256
2323.7019999999998	0.1308673941957007
2323.8469999999998	0.1308673941957007
2323.991	0.1308689762610888
2324.136	0.1308689762610888
2324.281	0.1308689762610888
2324.423	0.1308689762610888
2324.567	0.1308689762610888
2324.709	0.1308689762610888
2324.8529999999996	0.1308689762610888
2324.997	0.1308689762610888
2325.144	0.1308689762610888
2325.2909999999997	0.1308689762610888
2325.4339999999997	0.13086950361621816
2325.5719999999997	0.13086950361621816
2325.716	0.13087055832647693
2325.861	0.13087424981238255
2326.0049999999997	0.13087688658802943
2326.149	0.1308774139431588
2326.294	0.13087794129828817
2326.4379999999996	0.13087794129828817
2326.58	0.1308789960085469
2326.7279999999996	0.13088005071880568
2326.8709999999996	0.13088057807393505
2327.0139999999997	0.13088110542906445
2327.1569999999997	0.13088268749445256
2327.298	0.13088426955984067
2327.4429999999998	0.1308858516252288
2327.587	0.1308884884008757
2327.736	0.13088954311113446
2327.875	0.13088954311113446
2328.02	0.13089007046626383
2328.1679999999997	0.13089165253165197
2328.305	0.13089323459704008
2328.4489999999996	0.13089323459704008
2328.593	0.13089376195216945
2328.74	0.13089376195216945
2328.8799999999997	0.13089376195216945
2329.027	0.13089798079320447
2329.171	0.13089798079320447
2329.317	0.13089798079320447
2329.4559999999997	0.13089798079320447
2329.6029999999996	0.13089798079320447
2329.748	0.13089798079320447
2329.888	0.13089798079320447
2330.0319999999997	0.13089798079320447
2330.176	0.13089798079320447
2330.323	0.13089376195216945
2330.4669999999996	0.13089376195216945
2330.607	0.13089376195216945
2330.754	0.13089376195216945
2330.899	0.13089376195216945
2331.042	0.13089376195216945
2331.187	0.13089376195216945
2331.33	0.13089376195216945
2331.475	0.13089376195216945
2331.6169999999997	0.13089376195216945
2331.7619999999997	0.13089376195216945
2331.906	0.13089376195216945
2332.046	0.13089376195216945
2332.194	0.13089376195216945
2332.3329999999996	0.13089376195216945
2332.4779999999996	0.13089639872781633
2332.6209999999996	0.13090061756885135
2332.765	0.1309021996342395
2332.91	0.13090325434449823
2333.056	0.1309058911201451
2333.196	0.13090800054066262
2333.341	0.13091010996118013
2333.486	0.130912746736827
2333.6299999999997	0.1309153835124739
2333.777	0.130916965577862
2333.9159999999997	0.13091854764325012
2334.0629999999996	0.13092012970863826
2334.2039999999997	0.1309217117740264
2334.35	0.13092329383941453
2334.491	0.1309280400355789
2334.6409999999996	0.1309327862317433
2334.779	0.13093542300739017
2334.926	0.13093858713816642
2335.066	0.1309417512689427
2335.21	0.13094491539971892
2335.355	0.13094649746510706
2335.498	0.1309475521753658
2335.642	0.1309475521753658
2335.787	0.13094807953049517
2335.933	0.1309496615958833
2336.076	0.13095124366127145
2336.22	0.13095282572665956
2336.361	0.1309544077920477
2336.508	0.1309565172125652
2336.649	0.13095915398821206
2336.792	0.1309607360536002
2336.937	0.13096231811898834
2337.08	0.13096442753950588
2337.227	0.13096706431515276
2337.374	0.13096864638054087
2337.5119999999997	0.13096917373567024
2337.656	0.13097286522157586
2337.799	0.13097761141774028
2337.9449999999997	0.13098024819338716
2338.0899999999997	0.1309813029036459
2338.2369999999996	0.13098288496903404
2338.3779999999997	0.13098446703442215
2338.519	0.13098604909981026
2338.961	0.1309876311651984
2339.1	0.13098921323058654
2339.239	0.13099079529597465
2339.3849999999998	0.13099132265110403
2339.529	0.13099343207162156
2339.6699999999996	0.13099606884726844
2339.817	0.13099817826778593
2339.9629999999997	0.13099976033317406
2340.1079999999997	0.1310013423985622
2340.2459999999996	0.13100292446395032
2340.392	0.13100450652933843
2340.538	0.13100608859472657
2340.681	0.13100925272550282
2340.8219999999997	0.13101241685627907
2340.969	0.13101769040757283
2341.113	0.13102349131399596
2341.256	0.13102454602425473
2341.4049999999997	0.1310292922204191
2341.546	0.13103403841658348
2341.6859999999997	0.13103403841658348
2341.828	0.13103509312684225
2341.973	0.13103931196787727
2342.118	0.1310430034537829
2342.263	0.131044585519171
2342.4069999999997	0.13104564022942974
2342.5499999999997	0.13104564022942974
2342.6989999999996	0.13104564022942974
2342.8379999999997	0.131048804360206
2342.9779999999996	0.1310535505563704
2343.122	0.13105513262175855
2343.268	0.13105776939740543
2343.4089999999997	0.13106198823844045
2343.553	0.13106409765895793
2343.6969999999997	0.13106567972434607
2343.845	0.13106831649999295
2343.988	0.13107148063076918
2344.133	0.13107359005128671
2344.2729999999997	0.13107411740641609
2344.4199999999996	0.13107411740641609
2344.56	0.13107411740641609
2344.7059999999997	0.13107517211667485
2344.848	0.1310762268269336
2344.991	0.1310778088923217
2345.136	0.13107939095770982
2345.281	0.13107939095770982
2345.423	0.13107939095770982
2345.567	0.1310799183128392
2345.711	0.1310815003782273
2345.855	0.13108413715387418
2345.998	0.13108571921926232
2346.143	0.13108624657439172
2346.2859999999996	0.13108782863977986
2346.435	0.1310888833500386
2346.5739999999996	0.13108993806029734
2346.721	0.13109152012568548
2346.8619999999996	0.13109204748081485
2347.006	0.13109310219107362
2347.152	0.13109468425646173
2347.299	0.13109784838723798
2347.442	0.13110101251801426
2347.584	0.13110259458340237
2347.7309999999998	0.13110997755521364
2347.87	0.13111683317189554
2348.013	0.1311199973026718
2348.1569999999997	0.13112368878857744
2348.3039999999996	0.13112632556422432
2348.4449999999997	0.13113159911551808
2348.593	0.13113845473219995
2348.736	0.13114267357323495
2348.8799999999997	0.1311442556386231
2349.024	0.13114583770401123
2349.1639999999998	0.13115005654504622
2349.3109999999997	0.13115322067582247
2349.4519999999998	0.13115322067582247
2349.596	0.1311542753860812
2349.74	0.13115533009633998
2349.883	0.1311569121617281
2350.033	0.13116165835789248
2350.174	0.13117115075022123
2350.319	0.13117800636690313
2350.462	0.1311811704976794
2350.6029999999996	0.13118644404897317
2350.75	0.13119119024513753
2350.892	0.13119488173104318
2351.038	0.13119646379643132
2351.178	0.1311991005720782
2351.3219999999997	0.13120173734772508
2351.4669999999996	0.13120226470285445
2351.613	0.1312038467682426
2351.759	0.13120648354388947
2351.901	0.1312080656092776
2352.047	0.1312101750297951
2352.187	0.1312143938708301
2352.334	0.1312186127118651
2352.482	0.13122072213238262
2352.625	0.13122072213238262
2352.7639999999997	0.13122072213238262
2352.9089999999997	0.13122230419777076
2353.0499999999997	0.13122494097341764
2353.1969999999997	0.13122757774906452
2353.337	0.13123285130035828
2353.4809999999998	0.13123812485165204
2353.625	0.13123970691704015
2353.77	0.13123970691704015
2353.917	0.13124234369268703
2354.056	0.13124656253372205
2354.1989999999996	0.13125078137475704
2354.3419999999996	0.1312565822811802
2354.4869999999996	0.13125974641195645
2354.6299999999997	0.1312629105427327
2354.777	0.13126765673889706
2354.919	0.1312692388042852
2355.067	0.13127240293506146
2355.2059999999997	0.13127714913122585
2355.3509999999997	0.13127978590687273
2355.493	0.13128136797226087
2355.6369999999997	0.131282950037649
2355.7839999999997	0.1312892782992015
2355.93	0.1313093177941178
2356.075	0.13132408373774032
2356.218	0.13132619315825783
2356.3599999999997	0.13132988464416345
2356.504	0.1313351581954572
2356.652	0.1313351581954572
2356.7889999999998	0.1313351581954572
2356.935	0.1313351581954572
2357.0789999999997	0.1313351581954572
2357.223	0.1313351581954572
2357.363	0.1313351581954572
2357.5099999999998	0.1313351581954572
2357.6569999999997	0.1313351581954572
2357.798	0.1313351581954572
2357.9429999999998	0.1313351581954572
2358.085	0.1313351581954572
2358.23	0.1313351581954572
2358.372	0.1313351581954572
2358.518	0.1313351581954572
2358.6609999999996	0.1313351581954572
2358.805	0.1313351581954572
2358.9489999999996	0.1313351581954572
2359.0919999999996	0.1313351581954572
2359.2329999999997	0.1313351581954572
2359.381	0.1313351581954572
2359.5209999999997	0.1313351581954572
2359.6679999999997	0.1313351581954572
2359.808	0.1313351581954572
2359.957	0.1313351581954572
2360.102	0.13133937703649223
2360.2439999999997	0.13134095910188037
2360.384	0.13134095910188037
2360.531	0.1313420138121391
2360.671	0.13134517794291536
2360.815	0.13134834207369162
2360.959	0.13134992413907975
2361.1029999999996	0.13135308826985598
2361.247	0.13135308826985598
2361.39	0.13135625240063226
2361.535	0.13135625240063226
2361.6789999999996	0.13135625240063226
2361.826	0.13135625240063226
2361.966	0.13135625240063226
2362.1099999999997	0.13135625240063226
2362.254	0.13135625240063226
2362.3979999999997	0.13135625240063226
2362.5409999999997	0.13135625240063226
2362.6879999999996	0.1313641627275729
2362.834	0.1313641627275729
2362.977	0.1313641627275729
2363.122	0.1313641627275729
2363.261	0.1313641627275729
2363.4089999999997	0.1313641627275729
2363.5539999999996	0.1313704909891254
2363.696	0.13137154569938414
2363.839	0.13137629189554856
2363.9809999999998	0.13137998338145418
2364.1259999999997	0.13138103809171292
2364.2729999999997	0.13138842106352422
2364.4179999999997	0.13139896816611174
2364.555	0.13140476907253484
2364.6989999999996	0.13140951526869923
2364.844	0.13141320675460488
2364.988	0.1314168982405105
2365.136	0.13142691798796863
2365.277	0.13143377360465053
2365.426	0.13143430095977993
2365.5629999999996	0.1314348283149093
2365.71	0.1314348283149093
2365.85	0.13143588302516807
2365.997	0.13143746509055618
2366.138	0.1314390471559443
2366.2819999999997	0.13144379335210868
2366.426	0.13144748483801433
2366.571	0.13145592252008434
2366.7149999999997	0.13146488755728372
2366.8619999999996	0.13147016110857748
2367.0049999999997	0.13147490730474187
2367.149	0.13147648937013
2367.2909999999997	0.13147965350090624
2367.4359999999997	0.1314828176316825
2367.58	0.13148439969707063
2367.7239999999997	0.13149125531375253
2367.87	0.13149969299582254
2368.0099999999998	0.13150338448172816
2368.156	0.13150549390224567
2368.3019999999997	0.13150654861250444
2368.4429999999998	0.13150813067789258
2368.585	0.13150865803302195
2368.7309999999998	0.13151024009841006
2368.873	0.1315134042291863
2369.022	0.13151604100483316
2369.162	0.1315176230702213
2369.306	0.13151920513560944
2369.448	0.13152078720099758
2369.5919999999996	0.13152131455612698
2369.738	0.13152131455612698
2370.181	0.13152395133177386
2370.3269999999998	0.13152658810742074
2370.4719999999998	0.13152764281767948
2370.616	0.13152922488306762
2370.758	0.13153080694845576
2370.903	0.13153238901384387
2371.048	0.13153291636897324
2371.192	0.13153397107923198
2371.336	0.1315387172753964
2371.4759999999997	0.13154240876130202
2371.62	0.13154557289207824
2371.768	0.1315487370228545
2371.908	0.1315487370228545
2372.0519999999997	0.1315487370228545
2372.196	0.1315487370228545
2372.339	0.13154979173311326
2372.4829999999997	0.13154979173311326
2372.631	0.13154979173311326
2372.772	0.13154979173311326
2372.915	0.13154979173311326
2373.062	0.13154979173311326
2373.2059999999997	0.131550846443372
2373.346	0.131550846443372
2373.49	0.131550846443372
2373.6369999999997	0.13155242850876014
2373.781	0.13155242850876014
2373.922	0.13155242850876014
2374.067	0.13155401057414826
2374.212	0.13155506528440702
2374.357	0.1315598114805714
2374.5	0.1315645576767358
2374.6409999999996	0.13156613974212392
2374.788	0.1315666670972533
2374.9289999999996	0.13156772180751206
2375.075	0.13156877651777082
2375.218	0.13157194064854705
2375.363	0.13157563213445267
2375.5069999999996	0.13157615948958207
2375.6499999999996	0.13157615948958207
2375.7909999999997	0.13157615948958207
2375.9359999999997	0.13157615948958207
2376.082	0.13157615948958207
2376.225	0.13157615948958207
2376.37	0.13157615948958207
2376.5139999999997	0.13157615948958207
2376.658	0.1315777415549702
2376.799	0.13157932362035832
2376.946	0.13158090568574646
2377.087	0.13158090568574646
2377.2329999999997	0.13158090568574646
2377.374	0.1315824877511346
2377.519	0.1315824877511346
2377.665	0.1315824877511346
2377.8039999999996	0.1315845971716521
2377.9519999999998	0.13158723394729896
2378.093	0.13158723394729896
2378.239	0.13158723394729896
2378.383	0.13158723394729896
2378.526	0.13158723394729896
2378.672	0.13158723394729896
2378.814	0.13158723394729896
2378.9579999999996	0.13158776130242833
2379.1	0.13158881601268707
2379.247	0.13158881601268707
2379.388	0.13158881601268707
2379.531	0.13158881601268707
2379.6769999999997	0.13158881601268707
2379.8219999999997	0.13158881601268707
2379.9629999999997	0.13158881601268707
2380.1059999999998	0.13158881601268707
2380.2509999999997	0.1315903980780752
2380.395	0.13159198014346335
2380.54	0.13159198014346335
2380.685	0.13159303485372212
2380.8289999999997	0.1315935622088515
2380.971	0.13159514427423963
2381.115	0.13159619898449837
2381.2599999999998	0.13159619898449837
2381.404	0.13159619898449837
2381.547	0.13159830840501588
2381.692	0.1316004178255334
2381.836	0.13160305460118027
2381.979	0.13160621873195652
2382.124	0.13160780079734463
2382.27	0.13160938286273277
2382.4139999999998	0.13160991021786214
2382.558	0.13160991021786214
2382.703	0.13160991021786214
2382.8469999999998	0.13160991021786214
2382.991	0.13160991021786214
2383.1299999999997	0.13160991021786214
2383.274	0.13160991021786214
2383.417	0.13160991021786214
2383.5629999999996	0.13160991021786214
2383.707	0.1316109649281209
2383.852	0.13161360170376776
2383.9919999999997	0.13161571112428527
2384.1369999999997	0.13161623847941464
2384.2819999999997	0.13161623847941464
2384.426	0.13161623847941464
2384.5679999999998	0.13161623847941464
2384.712	0.13161623847941464
2384.8579999999997	0.1316172931896734
2385.0029999999997	0.13161834789993215
2385.149	0.1316172931896734
2385.2909999999997	0.1316172931896734
2385.4289999999996	0.13161834789993215
2385.573	0.13161834789993215
2385.7169999999996	0.1316172931896734
2385.863	0.13161623847941464
2386.008	0.13161623847941464
2386.152	0.13161623847941464
2386.296	0.13161623847941464
2386.44	0.13161623847941464
2386.584	0.13161571112428527
2386.727	0.13161360170376776
2386.872	0.1316109649281209
2387.0159999999996	0.13160991021786214
2387.16	0.13160991021786214
2387.3039999999996	0.13160991021786214
2387.4489999999996	0.13160938286273277
2387.591	0.13160780079734463
2387.7369999999996	0.13160780079734463
2387.8779999999997	0.13160780079734463
2388.022	0.13160621873195652
2388.1659999999997	0.13160305460118027
2388.31	0.13160305460118027
2388.4539999999997	0.13160305460118027
2388.598	0.13160305460118027
2388.743	0.13160305460118027
2388.8869999999997	0.1316004178255334
2389.026	0.13160305460118027
2389.169	0.1316004178255334
2389.3129999999996	0.1316004178255334
2389.457	0.13159830840501588
2389.6009999999997	0.13159619898449837
2389.748	0.13159619898449837
2389.8889999999997	0.13159619898449837
2390.035	0.13159619898449837
2390.1789999999996	0.13159619898449837
2390.323	0.13159619898449837
2390.4669999999996	0.13159461691911023
2390.611	0.13159303485372212
2390.7549999999997	0.13159145278833398
2390.8959999999997	0.13158881601268707
2391.04	0.13158881601268707
2391.1859999999997	0.13158723394729896
2391.33	0.13158723394729896
2391.4739999999997	0.1315867065921696
2391.618	0.13158565188191085
2391.7619999999997	0.1315845971716521
2391.908	0.13158354246139337
2392.053	0.13158354246139337
2392.196	0.1315845971716521
2392.3399999999997	0.13158565188191085
2392.4809999999998	0.13158565188191085
2392.627	0.1315867065921696
2392.77	0.13158723394729896
2392.912	0.13158723394729896
2393.053	0.13158881601268707
2393.2	0.13158881601268707
2393.343	0.13159145278833398
2393.488	0.13159303485372212
2393.634	0.13159303485372212
2393.7729999999997	0.13159461691911023
2393.919	0.13159619898449837
2394.0629999999996	0.13159461691911023
2394.209	0.13159619898449837
2394.3529999999996	0.13159619898449837
2394.497	0.13159619898449837
2394.6409999999996	0.13159619898449837
2394.7799999999997	0.13159619898449837
2394.926	0.13159619898449837
2395.073	0.13159619898449837
2395.2169999999996	0.13159830840501588
2395.361	0.1316004178255334
2395.5049999999997	0.1316004178255334
2395.649	0.13160305460118027
2395.787	0.13160621873195652
2395.931	0.13160305460118027
2396.076	0.13160621873195652
2396.22	0.13160780079734463
2396.366	0.13160780079734463
2396.5119999999997	0.13160780079734463
2396.6499999999996	0.13160780079734463
2396.794	0.13160780079734463
2396.9379999999996	0.13160780079734463
2397.082	0.13160780079734463
2397.2279999999996	0.13160780079734463
2397.375	0.13160621873195652
2397.519	0.13160305460118027
2397.6569999999997	0.13160305460118027
2397.801	0.13160305460118027
2397.9449999999997	0.13160305460118027
2398.0899999999997	0.1316004178255334
2398.234	0.1316004178255334
2398.3779999999997	0.1316004178255334
2398.52	0.13159883576014525
2398.6639999999998	0.13159672633962774
2398.808	0.13159672633962774
2398.9519999999998	0.13159619898449837
2399.0969999999998	0.13159619898449837
2399.241	0.13159619898449837
2399.3819999999996	0.13159619898449837
2399.526	0.13159619898449837
2399.669	0.13159672633962774
2399.814	0.13159883576014525
2399.9579999999996	0.1316004178255334
2400.102	0.1316004178255334
2400.2459999999996	0.13160305460118027
2400.3889999999997	0.13160621873195652
2400.5339999999997	0.13160780079734463
2400.6769999999997	0.13160938286273277
2400.821	0.1316109649281209
2400.968	0.13161201963837965
2401.1119999999996	0.13161360170376776
2401.256	0.13161571112428527
2401.3999999999996	0.13161623847941464
2401.544	0.13161623847941464
2401.6879999999996	0.13161623847941464
2401.828	0.1316172931896734
2401.9719999999998	0.13161834789993215
2402.116	0.1316194026101909
2402.2599999999998	0.13162045732044964
2402.403	0.13162045732044964
2402.547	0.13162098467557903
2402.694	0.1316215120307084
2402.835	0.1316215120307084
2402.9829999999997	0.13162256674096717
2403.123	0.13162414880635528
2403.267	0.1316257308717434
2403.4109999999996	0.1316257308717434
2403.5539999999996	0.13162731293713154
2403.698	0.1316278402922609
2403.8419999999996	0.13162889500251967
2403.986	0.13162994971277842
2404.1299999999997	0.1316304770679078
2404.2799999999997	0.1316304770679078
2404.4249999999997	0.1316304770679078
2404.562	0.1316304770679078
2404.7079999999996	0.1316320591332959
2404.8489999999997	0.1316320591332959
2404.993	0.1316320591332959
2405.136	0.1316320591332959
2405.281	0.1316320591332959
2405.424	0.13163469590894278
2405.5679999999998	0.13163627797433092
2405.712	0.13163627797433092
2405.855	0.13163627797433092
2406.0009999999997	0.13163627797433092
2406.1459999999997	0.13163627797433092
2406.29	0.13163469590894278
2406.431	0.13163627797433092
2406.575	0.13163469590894278
2406.7219999999998	0.1316320591332959
2406.866	0.13163100442303716
2407.009	0.1316304770679078
2407.154	0.13162994971277842
2407.298	0.13162994971277842
2407.4429999999998	0.1316304770679078
2407.582	0.13163100442303716
2407.7259999999997	0.1316320591332959
2407.8709999999996	0.13163469590894278
2408.015	0.13163627797433092
2408.163	0.13163680532946032
2408.301	0.1316389147499778
2408.4449999999997	0.13164049681536594
2408.593	0.13164155152562468
2408.7329999999997	0.13164313359101282
2408.8779999999997	0.13164471565640096
2409.022	0.13164735243204784
2409.165	0.13164735243204784
2409.308	0.13164998920769472
2409.455	0.13165157127308283
2409.5969999999998	0.13165315333847094
2409.741	0.13165473540385908
2409.8849999999998	0.13165473540385908
2410.029	0.13165631746924722
2410.172	0.1316589542448941
2410.316	0.1316589542448941
2410.462	0.1316589542448941
2410.605	0.13166053631028224
2410.75	0.1316610636654116
2410.89	0.1316610636654116
2411.035	0.1316610636654116
2411.178	0.1316610636654116
2411.321	0.1316610636654116
2411.4669999999996	0.1316610636654116
2411.6099999999997	0.13166053631028224
2411.7549999999997	0.13166053631028224
2411.8979999999997	0.13166053631028224
2412.042	0.13166053631028224
2412.187	0.13166053631028224
2412.33	0.13166053631028224
2412.475	0.1316610636654116
2412.618	0.13166264573079972
2412.7619999999997	0.13166264573079972
2412.9049999999997	0.13166264573079972
2413.048	0.13166264573079972
2413.192	0.13166264573079972
2413.339	0.13166264573079972
2413.482	0.13166264573079972
2413.623	0.13166264573079972
2413.767	0.13166264573079972
2413.9109999999996	0.1316610636654116
2414.0539999999996	0.13166053631028224
2414.1989999999996	0.1316589542448941
2414.3419999999996	0.13165631746924722
2414.489	0.13165473540385908
2414.633	0.13165315333847094
2414.7729999999997	0.13165157127308283
2414.9179999999997	0.13164998920769472
2415.062	0.13164893449743595
2415.2079999999996	0.13164735243204784
2415.352	0.13164471565640096
2415.4959999999996	0.13164313359101282
2415.6409999999996	0.13164155152562468
2415.785	0.13164049681536594
2415.9289999999996	0.13163996946023657
2416.0739999999996	0.13163838739484846
2416.218	0.1316373326845897
2416.3559999999998	0.1316373326845897
2416.5	0.1316373326845897
2416.644	0.13163680532946032
2416.7889999999998	0.13163680532946032
2416.9339999999997	0.13163680532946032
2417.078	0.13163680532946032
2417.223	0.13163680532946032
2417.3669999999997	0.13163680532946032
2417.511	0.13163680532946032
2417.6569999999997	0.13163680532946032
2417.799	0.13163680532946032
2417.942	0.13163680532946032
2418.087	0.13163680532946032
2418.23	0.13163680532946032
2418.374	0.13163680532946032
2418.5209999999997	0.13163680532946032
2418.665	0.13163680532946032
2418.803	0.13163680532946032
2418.946	0.13163680532946032
2419.093	0.13163680532946032
2419.234	0.13163680532946032
2419.3779999999997	0.13163680532946032
2419.5249999999996	0.13163680532946032
2419.665	0.13163680532946032
2419.81	0.13163680532946032
2419.953	0.13163680532946032
2420.098	0.13163680532946032
2420.241	0.13163680532946032
2420.388	0.13163680532946032
2420.529	0.13163680532946032
2420.678	0.1316373326845897
2420.8219999999997	0.1316373326845897
2420.961	0.1316373326845897
2421.107	0.1316373326845897
2421.247	0.1316373326845897
2421.393	0.1316373326845897
2421.537	0.1316373326845897
2421.682	0.13163838739484846
2421.826	0.13163996946023657
2421.97	0.13164049681536594
2422.1119999999996	0.13164049681536594
2422.2599999999998	0.13164155152562468
2422.3999999999996	0.13164313359101282
2422.5449999999996	0.13164471565640096
2422.687	0.13164735243204784
2422.832	0.13164893449743595
2422.977	0.13164998920769472
2423.118	0.13165157127308283
2423.265	0.13165315333847094
2423.406	0.13165579011411785
2423.553	0.1316589542448941
2423.698	0.13166053631028224
2423.8379999999997	0.1316610636654116
2423.9809999999998	0.13166264573079972
2424.127	0.1316637004410585
2424.269	0.13166422779618786
2424.4139999999998	0.13166475515131723
2424.556	0.13166475515131723
2424.7019999999998	0.13166475515131723
2424.85	0.13166475515131723
2424.991	0.131665809861576
2425.136	0.131665809861576
2425.281	0.131665809861576
2425.426	0.13166475515131723
2425.564	0.13166422779618786
2425.7079999999996	0.13166475515131723
2425.861	0.13166422779618786
2425.9959999999996	0.13166475515131723
2426.138	0.131665809861576
2426.2839999999997	0.13166739192696414
2426.4269999999997	0.1316679192820935
2426.571	0.13166897399235228
2426.7149999999997	0.13166897399235228
2426.861	0.13166897399235228
2427.0029999999997	0.13166897399235228
2427.147	0.13166897399235228
2427.2909999999997	0.13166897399235228
2427.437	0.13166897399235228
2427.582	0.13167161076799916
2427.721	0.13167372018851664
2427.864	0.13167372018851664
2428.011	0.13167372018851664
2428.1549999999997	0.13167372018851664
2428.299	0.13167372018851664
2428.4429999999998	0.13167372018851664
2428.584	0.13167372018851664
2428.7279999999996	0.13167372018851664
2428.8709999999996	0.13167372018851664
2429.018	0.13167372018851664
2429.162	0.13167372018851664
2429.306	0.13167372018851664
2429.45	0.13167161076799916
2429.594	0.13167161076799916
2429.7369999999996	0.13167372018851664
2429.8819999999996	0.13167372018851664
2430.0249999999996	0.131674247543646
2430.1659999999997	0.13167530225390478
2430.31	0.13167530225390478
2430.4539999999997	0.13167530225390478
2430.5969999999998	0.13167530225390478
2430.741	0.131674247543646
2430.888	0.131674247543646
2431.0319999999997	0.13167530225390478
2431.173	0.13167635696416352
2431.3199999999997	0.13167530225390478
2431.461	0.131674247543646
2431.607	0.13167372018851664
2431.748	0.13167161076799916
2431.893	0.13167002870261102
2432.0359999999996	0.13166897399235228
2432.1789999999996	0.1316679192820935
2432.3239999999996	0.1316679192820935
2432.468	0.13166739192696414
2432.615	0.13166739192696414
2432.759	0.13166739192696414
2432.899	0.13166686457183477
2433.0429999999997	0.13166686457183477
2433.187	0.131665809861576
2433.332	0.131665809861576
2433.4739999999997	0.131665809861576
2433.618	0.131665809861576
2433.7639999999997	0.131665809861576
2433.9089999999997	0.131665809861576
2434.049	0.13166475515131723
2434.194	0.13166422779618786
2434.343	0.1316637004410585
2434.484	0.1316637004410585
2434.627	0.1316637004410585
2434.7729999999997	0.13166264573079972
2434.9199999999996	0.13166264573079972
2435.058	0.1316610636654116
2435.201	0.1316610636654116
2435.345	0.1316610636654116
2435.489	0.1316610636654116
2435.634	0.1316610636654116
2435.778	0.1316610636654116
2435.921	0.13166264573079972
2436.065	0.13166264573079972
2436.211	0.1316637004410585
2436.355	0.1316637004410585
2436.4959999999996	0.1316637004410585
2436.644	0.1316637004410585
2436.7889999999998	0.1316637004410585
2436.933	0.1316637004410585
2437.071	0.1316637004410585
2437.2149999999997	0.1316637004410585
2437.365	0.1316637004410585
2437.5029999999997	0.1316637004410585
2437.6459999999997	0.1316637004410585
2437.792	0.1316637004410585
2437.939	0.1316637004410585
2438.0809999999997	0.1316637004410585
2438.2219999999998	0.1316637004410585
2438.3709999999996	0.1316637004410585
2438.511	0.1316637004410585
2438.656	0.1316637004410585
2438.801	0.13166422779618786
2438.944	0.13166475515131723
2439.0899999999997	0.13166475515131723
2439.234	0.13166475515131723
2439.3759999999997	0.131665809861576
2439.5159999999996	0.13166686457183477
2439.66	0.13166686457183477
2439.8039999999996	0.13166686457183477
2439.95	0.13166686457183477
2440.094	0.13166686457183477
2440.236	0.13166686457183477
2440.383	0.13166686457183477
2440.5249999999996	0.13166686457183477
2440.6699999999996	0.13166686457183477
2440.814	0.13166686457183477
2440.9579999999996	0.13166686457183477
2441.1	0.13166686457183477
2441.2459999999996	0.13166686457183477
2441.39	0.13166686457183477
2441.5299999999997	0.13166739192696414
2441.674	0.13166686457183477
2441.821	0.13166686457183477
2441.9649999999997	0.13166686457183477
2442.1079999999997	0.13166686457183477
2442.2529999999997	0.13166686457183477
2442.397	0.13166686457183477
2442.537	0.131665809861576
2442.681	0.131665809861576
2442.825	0.131665809861576
2442.969	0.13166475515131723
2443.116	0.13166475515131723
2443.2599999999998	0.13166475515131723
2443.3999999999996	0.13166475515131723
2443.544	0.13166475515131723
2443.692	0.13166422779618786
2443.837	0.1316637004410585
2443.982	0.1316637004410585
2444.1189999999997	0.1316637004410585
2444.263	0.13166264573079972
2444.41	0.1316637004410585
2444.5539999999996	0.1316637004410585
2444.6949999999997	0.13166422779618786
2444.8379999999997	0.13166422779618786
2444.982	0.13166422779618786
2445.1279999999997	0.13166475515131723
2445.2729999999997	0.13166475515131723
2445.417	0.13166475515131723
2445.5609999999997	0.131665809861576
2445.705	0.13166686457183477
2445.8489999999997	0.131665809861576
2445.993	0.13166686457183477
2446.1349999999998	0.131665809861576
2446.2799999999997	0.131665809861576
2446.424	0.131665809861576
2446.5679999999998	0.131665809861576
2446.712	0.13166686457183477
2446.857	0.13166686457183477
2446.999	0.13166686457183477
2447.147	0.13166686457183477
2447.292	0.13166686457183477
2447.428	0.131665809861576
2447.5739999999996	0.131665809861576
2447.721	0.131665809861576
2447.8599999999997	0.131665809861576
2448.0029999999997	0.131665809861576
2448.1459999999997	0.131665809861576
2448.2909999999997	0.131665809861576
2448.435	0.131665809861576
2448.5789999999997	0.13166686457183477
2448.7219999999998	0.13166686457183477
2448.866	0.13166686457183477
2449.0099999999998	0.13166686457183477
2449.1549999999997	0.13166686457183477
2449.301	0.13166739192696414
2449.441	0.1316679192820935
2449.585	0.1316679192820935
2449.729	0.1316679192820935
2449.873	0.1316679192820935
2450.017	0.1316679192820935
2450.1609999999996	0.1316679192820935
2450.3039999999996	0.1316679192820935
2450.448	0.1316679192820935
2450.5919999999996	0.1316679192820935
2450.736	0.1316679192820935
2450.879	0.13166739192696414
2451.024	0.13166686457183477
2451.167	0.13166686457183477
2451.3109999999997	0.131665809861576
2451.455	0.13166475515131723
2451.5989999999997	0.13166475515131723
2451.743	0.13166422779618786
2451.886	0.1316637004410585
2452.0299999999997	0.13166264573079972
2452.174	0.13166159102054098
2452.319	0.13166159102054098
2452.4629999999997	0.1316610636654116
2452.607	0.1316589542448941
2452.7509999999997	0.131657372179506
2452.895	0.13165631746924722
2453.038	0.13165526275898848
2453.182	0.13165526275898848
2453.326	0.13165368069360034
2453.47	0.13165368069360034
2453.613	0.13165368069360034
2453.7569999999996	0.13165368069360034
2453.901	0.13165157127308283
2454.0449999999996	0.13165157127308283
2454.189	0.13165157127308283
2454.3329999999996	0.13165104391795346
2454.477	0.13164998920769472
2454.62	0.13164787978717718
2454.7639999999997	0.13164313359101282
2454.908	0.13163838739484846
2455.0519999999997	0.13163680532946032
2455.1949999999997	0.13163627797433092
2455.3399999999997	0.13163364119868404
2455.4829999999997	0.13163100442303716
2455.627	0.13163100442303716
2455.7709999999997	0.13163100442303716
2455.915	0.13162889500251967
2456.0589999999997	0.13162889500251967
2456.203	0.13163100442303716
2456.346	0.13162889500251967
2456.49	0.13163100442303716
2456.634	0.13163100442303716
2456.778	0.13162889500251967
2456.922	0.13162678558200216
2457.066	0.13162678558200216
2457.21	0.13162678558200216
2457.3529999999996	0.13162678558200216
2457.497	0.13162678558200216
2457.6409999999996	0.13162678558200216
2457.785	0.1316257308717434
2457.928	0.13162414880635528
2458.0719999999997	0.13162256674096717
2458.216	0.13162256674096717
2458.3599999999997	0.13162256674096717
2458.504	0.13162256674096717
2458.6479999999997	0.13162256674096717
2458.792	0.13162256674096717
2458.9359999999997	0.13162256674096717
2459.0789999999997	0.13162256674096717
2459.223	0.13162256674096717
2459.3669999999997	0.13162256674096717
2459.511	0.13162256674096717
2459.654	0.13162256674096717
2459.798	0.13161887525506152
2459.942	0.13161623847941464
2460.086	0.13161623847941464
2460.23	0.13161887525506152
2460.374	0.13161623847941464
2460.518	0.13161623847941464
2460.6609999999996	0.13161623847941464
2460.805	0.13161623847941464
2460.9489999999996	0.13161623847941464
2461.093	0.13161571112428527
2461.2369999999996	0.13161571112428527
2461.381	0.13161623847941464
2461.5249999999996	0.13161887525506152
2461.6679999999997	0.1316215120307084
2461.812	0.13162256674096717
2461.9559999999997	0.13162414880635528
2462.1	0.1316257308717434
2462.2439999999997	0.13162678558200216
2462.3869999999997	0.13162889500251967
2462.531	0.13162889500251967
2462.6769999999997	0.13163100442303716
2462.819	0.13163100442303716
2462.9629999999997	0.13163100442303716
2463.107	0.13163100442303716
2463.2509999999997	0.13163100442303716
2463.394	0.13163100442303716
2463.538	0.13163100442303716
2463.682	0.13163100442303716
2463.826	0.13163100442303716
2463.969	0.13162889500251967
2464.114	0.13162889500251967
2464.2569999999996	0.13162889500251967
2464.401	0.13162889500251967
2464.5449999999996	0.13162889500251967
2464.689	0.13162889500251967
2464.8329999999996	0.13162889500251967
2464.977	0.13162889500251967
2465.12	0.13163100442303716
2465.2639999999997	0.13163100442303716
2465.408	0.13163364119868404
2465.5519999999997	0.13163627797433092
2465.696	0.13164155152562468
2465.8399999999997	0.13164682507691844
2465.9829999999997	0.13164682507691844
2466.127	0.13164787978717718
2466.2709999999997	0.13164998920769472
2466.415	0.13165104391795346
2466.5589999999997	0.13165157127308283
2466.7019999999998	0.13165157127308283
2466.8469999999998	0.13165104391795346
2466.99	0.13165104391795346
2467.134	0.13165104391795346
2467.278	0.13165104391795346
2467.422	0.13165104391795346
2467.566	0.13165104391795346
2467.71	0.13165104391795346
2467.8529999999996	0.13165104391795346
2467.997	0.13165104391795346
2468.1409999999996	0.13165104391795346
2468.285	0.13165104391795346
2468.4289999999996	0.13165104391795346
2468.573	0.13165104391795346
2468.716	0.13165104391795346
2468.8599999999997	0.13165104391795346
2469.004	0.13165104391795346
2469.1479999999997	0.13165104391795346
2469.292	0.13165104391795346
2469.435	0.13165104391795346
2469.5789999999997	0.13164998920769472
2469.7239999999997	0.13164787978717718
2469.868	0.13164682507691844
2470.0119999999997	0.13164524301153033
2470.156	0.13163996946023657
2470.2999999999997	0.13163627797433092
2470.444	0.13163364119868404
2470.587	0.13163364119868404
2470.7309999999998	0.13163364119868404
2470.875	0.13163100442303716
2471.019	0.13163100442303716
2471.162	0.13163100442303716
2471.306	0.13163100442303716
2471.451	0.13163100442303716
2471.594	0.13163100442303716
2471.738	0.13163100442303716
2471.8819999999996	0.13163100442303716
2472.026	0.13163100442303716
2472.169	0.13163100442303716
2472.3129999999996	0.13163100442303716
2472.457	0.13163100442303716
2472.6009999999997	0.13162889500251967
2472.745	0.13162678558200216
2472.8889999999997	0.13162678558200216
2473.033	0.13162678558200216
2473.176	0.13162678558200216
2473.3199999999997	0.13162678558200216
2473.464	0.1316257308717434
2473.6079999999997	0.1316257308717434
2473.752	0.1316257308717434
2473.895	0.1316257308717434
2474.0389999999998	0.1316257308717434
2474.183	0.13162414880635528
2474.3269999999998	0.13162414880635528
2474.471	0.13162414880635528
2474.615	0.13162256674096717
2474.759	0.1316215120307084
2474.902	0.13161887525506152
2475.046	0.13161623847941464
2475.19	0.13161623847941464
2475.334	0.13161623847941464
2475.4779999999996	0.13161623847941464
2475.622	0.13161623847941464
2475.7659999999996	0.13161887525506152
2475.9089999999997	0.1316215120307084
2476.053	0.13161887525506152
2476.1969999999997	0.13161887525506152
2476.341	0.13161887525506152
2476.4849999999997	0.13161887525506152
2476.6279999999997	0.13161623847941464
2476.772	0.13161623847941464
2476.9159999999997	0.13161623847941464
2477.06	0.13161571112428527
2477.2039999999997	0.13161623847941464
2477.348	0.13161623847941464
2477.4919999999997	0.13161623847941464
2477.6349999999998	0.13161623847941464
2477.7819999999997	0.13161623847941464
2477.923	0.13161623847941464
2478.067	0.13161571112428527
2478.21	0.13161571112428527
2478.355	0.13161571112428527
2478.498	0.13161623847941464
2478.642	0.13161623847941464
2478.7859999999996	0.13161887525506152
2478.93	0.1316215120307084
2479.0739999999996	0.13162256674096717
2479.218	0.13162256674096717
2479.361	0.13162256674096717
2479.5049999999997	0.13162256674096717
2479.649	0.13162256674096717
2479.7929999999997	0.13162256674096717
2479.937	0.13162256674096717
2480.0809999999997	0.1316215120307084
2480.225	0.13161887525506152
2480.368	0.13161623847941464
2480.5119999999997	0.13161623847941464
2480.656	0.13161571112428527
2480.7999999999997	0.13161412905889713
2480.9429999999998	0.13161412905889713
2481.0879999999997	0.13160991021786214
2481.2309999999998	0.13160621873195652
2481.375	0.13160463666656838
2481.519	0.1316035819563096
2481.663	0.1316035819563096
2481.807	0.1316035819563096
2481.951	0.13160463666656838
2482.094	0.13160621873195652
2482.238	0.13160621873195652
2482.3819999999996	0.13160991021786214
2482.526	0.13160991021786214
2482.6699999999996	0.13160991021786214
2482.814	0.13160621873195652
2482.9579999999996	0.13160463666656838
2483.1009999999997	0.13160463666656838
2483.245	0.13160463666656838
2483.3889999999997	0.13160621873195652
2483.533	0.13160621873195652
2483.676	0.13160621873195652
2483.821	0.13160621873195652
2483.964	0.13160991021786214
2484.1079999999997	0.13160991021786214
2484.252	0.13160991021786214
2484.3959999999997	0.13161412905889713
2484.54	0.13161571112428527
2484.6839999999997	0.13161623847941464
2484.8269999999998	0.13161623847941464
2484.971	0.13161571112428527
2485.115	0.13161623847941464
2485.259	0.13161571112428527
2485.402	0.13161623847941464
2485.547	0.13161623847941464
2485.691	0.13161623847941464
2485.834	0.13161623847941464
2485.9779999999996	0.13161623847941464
2486.122	0.13161623847941464
2486.2659999999996	0.13161571112428527
2486.4089999999997	0.13161571112428527
2486.553	0.13161412905889713
2486.698	0.13161571112428527
2486.841	0.13161623847941464
2486.9849999999997	0.13161623847941464
2487.129	0.13161623847941464
2487.274	0.13161623847941464
2487.4179999999997	0.13161623847941464
2487.5609999999997	0.13161887525506152
2487.705	0.1316215120307084
2487.8489999999997	0.13162309409609652
2487.993	0.13162309409609652
2488.1369999999997	0.1316257308717434
2488.281	0.13162678558200216
2488.4249999999997	0.13162678558200216
2488.5679999999998	0.13162836764739028
2488.712	0.1316304770679078
2488.8559999999998	0.1316304770679078
2489.0	0.13163100442303716
2489.143	0.13163100442303716
2489.288	0.1316304770679078
2489.431	0.1316304770679078
2489.575	0.1316304770679078
2489.719	0.1316304770679078
2489.863	0.13162836764739028
2490.0069999999996	0.1316304770679078
2490.151	0.13163100442303716
2490.294	0.13163100442303716
2490.4379999999996	0.13163100442303716
2490.582	0.1316320591332959
2490.7259999999997	0.1316320591332959
2490.8689999999997	0.1316320591332959
2491.0139999999997	0.13163311384355467
2491.158	0.13163311384355467
2491.3019999999997	0.13163311384355467
2491.4449999999997	0.13163311384355467
2491.589	0.13163311384355467
2491.7329999999997	0.13163469590894278
2491.8759999999997	0.13163469590894278
2492.02	0.13163469590894278
2492.1639999999998	0.13163469590894278
2492.308	0.13163469590894278
2492.4519999999998	0.13163627797433092
2492.596	0.13163627797433092
2492.748	0.13163627797433092
2492.884	0.13163680532946032
2493.027	0.13163838739484846
2493.171	0.13163996946023657
2493.315	0.13164207888075408
2493.459	0.13164207888075408
2493.602	0.13164207888075408
2493.747	0.13164207888075408
2493.8909999999996	0.13164524301153033
2494.0339999999997	0.13164682507691844
2494.178	0.13164682507691844
2494.3219999999997	0.13164787978717718
2494.466	0.13164893449743595
2494.6099999999997	0.13164998920769472
2494.754	0.13164998920769472
2494.897	0.13164998920769472
2495.0409999999997	0.13164998920769472
2495.185	0.13164998920769472
2495.3289999999997	0.13164998920769472
2495.473	0.13164998920769472
2495.6169999999997	0.13164998920769472
2495.7599999999998	0.13165104391795346
2495.904	0.13165104391795346
2496.048	0.13165104391795346
2496.192	0.13165104391795346
2496.336	0.13165104391795346
2496.48	0.13165104391795346
2496.623	0.13165104391795346
2496.767	0.13165157127308283
2496.9109999999996	0.13165157127308283
2497.055	0.13165157127308283
2497.1989999999996	0.13165315333847094
2497.343	0.1316542080487297
2497.4869999999996	0.13165473540385908
2497.6299999999997	0.13165526275898848
2497.774	0.13165684482437662
2497.9179999999997	0.1316594816000235
2498.062	0.13166053631028224
2498.2059999999997	0.1316610636654116
2498.35	0.13166264573079972
2498.493	0.1316637004410585
2498.6369999999997	0.1316637004410585
2498.781	0.13166422779618786
2498.9249999999997	0.13166422779618786
2499.069	0.13166739192696414
2499.2129999999997	0.13167161076799916
2499.3559999999998	0.13167372018851664
2499.5	0.131674247543646
2499.644	0.131674247543646
2499.788	0.131674247543646
2499.932	0.13167372018851664
2500.076	0.13167161076799916
2500.219	0.13166739192696414
2500.363	0.13167161076799916
2500.5069999999996	0.13166739192696414
2500.651	0.13167161076799916
2500.7949999999996	0.13167161076799916
2500.939	0.13167161076799916
2501.0829999999996	0.13167161076799916
2501.2259999999997	0.13167372018851664
2501.37	0.131674247543646
2501.5139999999997	0.131674247543646
2501.658	0.13167530225390478
2501.8019999999997	0.1316768843192929
2501.946	0.13167741167442226
2502.0899999999997	0.13167952109493977
2502.2329999999997	0.13168163051545728
2502.377	0.13168215787058665
2502.5209999999997	0.13168426729110416
2502.665	0.13168584935649227
2502.8089999999997	0.13168584935649227
2502.9519999999998	0.13168584935649227
2503.096	0.13168584935649227
2503.24	0.13168584935649227
2503.384	0.13168584935649227
2503.528	0.13168584935649227
2503.672	0.13168584935649227
2503.816	0.13168584935649227
2503.959	0.13168584935649227
2504.1029999999996	0.13168584935649227
2504.247	0.13168690406675104
2504.3909999999996	0.13168584935649227
2504.535	0.13168584935649227
2504.68	0.13168690406675104
2504.8239999999996	0.13168795877700978
2504.9669999999996	0.13168848613213915
2505.111	0.13168848613213915
2505.2549999999997	0.13168901348726852
2505.399	0.13168901348726852
2505.5429999999997	0.13168901348726852
2505.6859999999997	0.13168901348726852
2505.83	0.13168901348726852
2505.9739999999997	0.13168901348726852
2506.118	0.13168901348726852
2506.2619999999997	0.13168901348726852
2506.406	0.13168901348726852
2506.5499999999997	0.13168901348726852
2506.6929999999998	0.13169006819752727
2506.837	0.13169006819752727
2506.9809999999998	0.13169006819752727
2507.125	0.13169112290778603
2507.268	0.13169112290778603
2507.413	0.13169112290778603
2507.556	0.13169112290778603
2507.7019999999998	0.13169112290778603
2507.844	0.13169112290778603
2507.988	0.13169112290778603
2508.1319999999996	0.13169112290778603
2508.276	0.13169112290778603
2508.419	0.13169112290778603
2508.5629999999996	0.13169112290778603
2508.707	0.13169112290778603
2508.8509999999997	0.13169112290778603
2508.995	0.13169112290778603
2509.1389999999997	0.13169112290778603
2509.283	0.13169112290778603
2509.426	0.13169112290778603
2509.5699999999997	0.13169112290778603
2509.714	0.1316916502629154
2509.8579999999997	0.1316921776180448
2510.002	0.1316921776180448
2510.1459999999997	0.13169375968343294
2510.29	0.13169534174882105
2510.433	0.13169639645907982
2510.5769999999998	0.13169639645907982
2510.721	0.13169745116933856
2510.865	0.13169797852446793
2511.009	0.1316985058795973
2511.152	0.1316985058795973
2511.296	0.13169956058985605
2511.44	0.13170061530011481
2511.584	0.13170061530011481
2511.7279999999996	0.13169956058985605
2511.872	0.13169956058985605
2512.015	0.13169956058985605
2512.1589999999997	0.13169956058985605
2512.303	0.13169956058985605
2512.4469999999997	0.13169956058985605
2512.591	0.13169956058985605
2512.7349999999997	0.1316985058795973
2512.879	0.1316985058795973
2513.022	0.1316985058795973
2513.1659999999997	0.1316985058795973
2513.31	0.1316985058795973
2513.4539999999997	0.1316985058795973
2513.598	0.1316985058795973
2513.7419999999997	0.1316985058795973
2513.8849999999998	0.1316985058795973
2514.029	0.1316985058795973
2514.173	0.13169956058985605
2514.317	0.13170061530011481
2514.46	0.13170114265524419
2514.605	0.13170272472063232
2514.748	0.13170430678602044
2514.892	0.1317048341411498
2515.0359999999996	0.1317048341411498
2515.18	0.1317048341411498
2515.3239999999996	0.1317048341411498
2515.4669999999996	0.1317048341411498
2515.6119999999996	0.13170641620653795
2515.7549999999997	0.13170641620653795
2515.899	0.13170641620653795
2516.0429999999997	0.13170641620653795
2516.187	0.13170641620653795
2516.3309999999997	0.13170799827192609
2516.475	0.13170799827192609
2516.618	0.13170799827192609
2516.7619999999997	0.13170799827192609
2516.906	0.13170905298218483
2517.0499999999997	0.13170905298218483
2517.1929999999998	0.13170905298218483
2517.3379999999997	0.13170905298218483
2517.4809999999998	0.13171010769244357
2517.625	0.13171010769244357
2517.769	0.13171010769244357
2517.913	0.13171010769244357
2518.057	0.13170905298218483
2518.2	0.13170905298218483
2518.345	0.13171010769244357
2518.488	0.13171010769244357
2518.6319999999996	0.13171010769244357
2518.776	0.13170905298218483
2518.9199999999996	0.13170799827192609
2519.064	0.13170641620653795
2519.207	0.1317048341411498
2519.3509999999997	0.1317048341411498
2519.495	0.1317048341411498
2519.6389999999997	0.1317048341411498
2519.783	0.1317048341411498
2519.926	0.13170641620653795
2520.0699999999997	0.13170799827192609
2520.214	0.13170905298218483
2520.3579999999997	0.13171010769244357
2520.502	0.13171010769244357
2520.6459999999997	0.1317111624027023
2520.79	0.13171221711296108
2520.933	0.13171221711296108
2521.0769999999998	0.13171274446809045
2521.221	0.1317143265334786
2521.365	0.13171538124373733
2521.509	0.13171538124373733
2521.653	0.1317143265334786
2521.796	0.13171538124373733
2521.94	0.13171590859886673
2522.084	0.13171590859886673
2522.229	0.13171590859886673
2522.373	0.13171590859886673
2522.517	0.13171590859886673
2522.66	0.13171590859886673
2522.808	0.1317164359539961
2522.948	0.1317164359539961
2523.0919999999996	0.13171749066425487
2523.2349999999997	0.1317185453745136
2523.3799999999997	0.13171907272964298
2523.524	0.13171907272964298
2523.667	0.13171907272964298
2523.8109999999997	0.13171960008477235
2523.955	0.13171960008477235
2524.0989999999997	0.1317206547950311
2524.2419999999997	0.13172170950528986
2524.3869999999997	0.13172329157067797
2524.5299999999997	0.1317280377668424
2524.674	0.13173120189761864
2524.8179999999998	0.13173120189761864
2524.962	0.131731729252748
2525.1059999999998	0.13173331131813615
2525.25	0.1317343660283949
2525.393	0.13173594809378303
2525.537	0.13173594809378303
2525.681	0.13173594809378303
2525.825	0.13173594809378303
2525.968	0.13173594809378303
2526.113	0.13173594809378303
2526.256	0.13173753015917114
2526.3999999999996	0.13173753015917114
2526.544	0.13173753015917114
2526.6879999999996	0.13174016693481805
2526.832	0.1317449131309824
2526.975	0.1317470225514999
2527.12	0.13174860461688803
2527.263	0.13175018668227617
2527.4069999999997	0.1317517687476643
2527.551	0.1317544055233112
2527.6949999999997	0.13175704229895807
2527.839	0.13175862436434618
2527.982	0.13175915171947555
2528.1259999999997	0.13175967907460492
2528.27	0.1317607337848637
2528.4139999999998	0.13176178849512243
2528.558	0.13176178849512243
2528.701	0.13176178849512243
2528.846	0.13176389791563994
2528.989	0.13176389791563994
2529.133	0.13177022617719247
2529.277	0.13177549972848623
2529.421	0.13177655443874497
2529.565	0.13177708179387435
2529.7079999999996	0.13177866385926246
2529.852	0.1317802459246506
2529.9959999999996	0.13178077327977997
2530.14	0.13178077327977997
2530.2839999999997	0.13178341005542685
2530.428	0.13178604683107373
2530.571	0.13178815625159124
2530.7149999999997	0.13179132038236752
2530.859	0.1317939571580144
2531.0029999999997	0.13179606657853188
2531.147	0.13179659393366125
2531.2909999999997	0.13179764864392002
2531.4339999999997	0.13180134012982564
2531.578	0.13180450426060192
2531.7219999999998	0.13180608632599003
2531.866	0.13180714103624877
2532.0099999999998	0.13180714103624877
2532.154	0.13180714103624877
2532.298	0.13180714103624877
2532.441	0.13180714103624877
2532.585	0.13180714103624877
2532.729	0.13180766839137814
2532.873	0.13180819574650754
2533.0159999999996	0.13180925045676628
2533.16	0.13181030516702502
2533.3039999999996	0.13181030516702502
2533.448	0.13181083252215442
2533.5919999999996	0.13181241458754256
2533.736	0.1318134692978013
2533.884	0.1318134692978013
2534.024	0.1318134692978013
2534.167	0.13181399665293067
2534.3109999999997	0.13181452400806004
2534.455	0.13181452400806004
2534.5989999999997	0.13181557871831878
2534.7419999999997	0.13181663342857755
2534.8869999999997	0.13181716078370692
2535.0299999999997	0.1318176881388363
2535.174	0.1318176881388363
2535.3179999999998	0.1318176881388363
2535.462	0.1318176881388363
2535.6059999999998	0.13181874284909506
2535.749	0.13181874284909506
2535.893	0.13181874284909506
2536.037	0.13181874284909506
2536.181	0.13181874284909506
2536.325	0.13181874284909506
2536.469	0.13182032491448317
2536.613	0.13182243433500068
2536.7569999999996	0.1318240164003888
2536.8999999999996	0.1318240164003888
2537.044	0.1318240164003888
2537.1879999999996	0.1318240164003888
2537.3329999999996	0.1318255984657769
2537.477	0.1318255984657769
2537.6189999999997	0.1318282352414238
2537.7659999999996	0.1318282352414238
2537.9069999999997	0.1318282352414238
2538.051	0.13182928995168258
2538.1949999999997	0.13182981730681195
2538.339	0.13182981730681195
2538.4829999999997	0.13183034466194132
2538.6259999999997	0.13183034466194132
2538.77	0.13183034466194132
2538.9139999999998	0.13183034466194132
2539.058	0.13183034466194132
2539.2019999999998	0.13183139937220006
2539.346	0.13183403614784694
2539.489	0.13183667292349383
2539.634	0.13183667292349383
2539.778	0.1318393096991407
2539.922	0.1318393096991407
2540.066	0.1318393096991407
2540.209	0.1318393096991407
2540.3529999999996	0.1318393096991407
2540.497	0.1318393096991407
2540.6409999999996	0.1318393096991407
2540.785	0.1318393096991407
2540.9289999999996	0.1318393096991407
2541.073	0.1318393096991407
2541.216	0.1318393096991407
2541.3599999999997	0.1318393096991407
2541.504	0.1318393096991407
2541.6479999999997	0.1318393096991407
2541.7909999999997	0.1318393096991407
2541.9359999999997	0.1318393096991407
2542.0789999999997	0.1318393096991407
2542.223	0.1318393096991407
2542.3669999999997	0.1318393096991407
2542.511	0.1318393096991407
2542.6549999999997	0.1318393096991407
2542.799	0.1318393096991407
2542.942	0.13183667292349383
2543.086	0.13183667292349383
2543.23	0.13183667292349383
2543.374	0.1318393096991407
2543.518	0.13183983705427008
2543.662	0.13183983705427008
2543.806	0.13183983705427008
2543.9489999999996	0.13183983705427008
2544.093	0.13183983705427008
2544.2369999999996	0.13183825498888194
2544.381	0.13183825498888194
2544.524	0.13183983705427008
2544.6699999999996	0.13184247382991698
2544.812	0.13184458325043447
2544.9559999999997	0.13184458325043447
2545.1	0.13184458325043447
2545.2439999999997	0.1318461653158226
2545.388	0.13184722002608135
2545.5319999999997	0.13184722002608135
2545.6749999999997	0.1318461653158226
2545.819	0.13184458325043447
2545.9629999999997	0.13184247382991698
2546.107	0.13184247382991698
2546.25	0.13183983705427008
2546.395	0.13183983705427008
2546.538	0.13183825498888194
2546.682	0.13183667292349383
2546.826	0.13183403614784694
2546.97	0.13183139937220006
2547.114	0.13183034466194132
2547.2569999999996	0.13183034466194132
2547.402	0.13183034466194132
2547.5449999999996	0.13182981730681195
2547.689	0.13182928995168258
2547.8329999999996	0.1318282352414238
2547.977	0.1318255984657769
2548.1209999999996	0.13182348904525942
2548.265	0.13182348904525942
2548.408	0.13182348904525942
2548.5519999999997	0.13182348904525942
2548.696	0.1318213796247419
2548.8399999999997	0.1318197975593538
2548.9829999999997	0.13181874284909506
2549.127	0.1318176881388363
2549.272	0.1318176881388363
2549.415	0.1318176881388363
2549.5589999999997	0.1318176881388363
2549.703	0.1318176881388363
2549.8469999999998	0.13181874284909506
2549.99	0.1318197975593538
2550.1349999999998	0.1318213796247419
2550.278	0.13182348904525942
2550.422	0.1318255984657769
2550.566	0.1318282352414238
2550.71	0.13182928995168258
2550.854	0.13182981730681195
2550.998	0.13183034466194132
2551.1409999999996	0.13183034466194132
2551.285	0.13183034466194132
2551.4289999999996	0.13183139937220006
2551.573	0.13183403614784694
2551.716	0.13183403614784694
2551.861	0.13183403614784694
2552.004	0.13183403614784694
2552.1479999999997	0.13183403614784694
2552.292	0.13183403614784694
2552.4359999999997	0.13183667292349383
2552.58	0.13183825498888194
2552.7259999999997	0.13183983705427008
2552.868	0.13184247382991698
2553.011	0.13184458325043447
2553.1549999999997	0.13184511060556386
2553.299	0.1318461653158226
2553.4429999999998	0.13184722002608135
2553.587	0.13184722002608135
2553.7309999999998	0.13184774738121074
2553.874	0.13184932944659886
2554.018	0.13185196622224574
2554.162	0.13185196622224574
2554.306	0.13185196622224574
2554.4489999999996	0.13185354828763388
2554.593	0.13185354828763388
2554.7369999999996	0.13185354828763388
2554.881	0.13185407564276325
2555.0249999999996	0.13185565770815139
2555.169	0.1318572397735395
2555.3129999999996	0.13185776712866887
2555.4559999999997	0.1318588218389276
2555.6009999999997	0.13185987654918638
2555.7439999999997	0.1318614586145745
2555.888	0.1318614586145745
2556.0319999999997	0.13186356803509203
2556.176	0.13186356803509203
2556.3199999999997	0.13186356803509203
2556.4629999999997	0.13186356803509203
2556.607	0.13186673216586828
2556.7509999999997	0.13186673216586828
2556.895	0.13186673216586828
2557.0389999999998	0.13186673216586828
2557.183	0.13186673216586828
2557.328	0.13186673216586828
2557.471	0.13186673216586828
2557.615	0.13186936894151516
2557.759	0.13186936894151516
2557.903	0.13186936894151516
2558.047	0.13186936894151516
2558.19	0.13186936894151516
2558.335	0.13186936894151516
2558.4779999999996	0.13186936894151516
2558.622	0.13186936894151516
2558.7659999999996	0.13186936894151516
2558.91	0.13186936894151516
2559.0539999999996	0.13186936894151516
2559.1969999999997	0.13186936894151516
2559.341	0.13186673216586828
2559.4849999999997	0.13186673216586828
2559.629	0.1318619859697039
2559.7729999999997	0.13185987654918638
2559.917	0.13185987654918638
2560.0609999999997	0.1318588218389276
2560.2039999999997	0.13185776712866887
2560.348	0.1318572397735395
2560.4919999999997	0.13185565770815139
2560.636	0.13185460299789262
2560.7799999999997	0.13185460299789262
2560.923	0.13185407564276325
2561.067	0.13185354828763388
2561.211	0.13185354828763388
2561.355	0.13185354828763388
2561.499	0.13185354828763388
2561.643	0.13185354828763388
2561.787	0.13185354828763388
2561.93	0.13185354828763388
2562.0739999999996	0.13185354828763388
2562.218	0.13185196622224574
2562.3619999999996	0.13184932944659886
2562.506	0.13184774738121074
2562.649	0.13184774738121074
2562.794	0.13184774738121074
2562.937	0.13184932944659886
2563.0809999999997	0.13184932944659886
2563.225	0.13185196622224574
2563.3689999999997	0.13185354828763388
2563.513	0.13185354828763388
2563.6569999999997	0.13185354828763388
2563.7999999999997	0.13185354828763388
2563.944	0.13185354828763388
2564.0879999999997	0.13185354828763388
2564.232	0.13185407564276325
2564.3759999999997	0.13185407564276325
2564.52	0.13185460299789262
2564.663	0.13185460299789262
2564.807	0.13185460299789262
2564.951	0.13185460299789262
2565.095	0.13185460299789262
2565.239	0.13185460299789262
2565.383	0.13185460299789262
2565.527	0.13185407564276325
2565.6699999999996	0.13185407564276325
2565.814	0.13185354828763388
2565.9579999999996	0.13185407564276325
2566.102	0.13185460299789262
2566.2459999999996	0.13185565770815139
2566.39	0.1318572397735395
2566.533	0.1318588218389276
2566.6769999999997	0.1318588218389276
2566.821	0.1318588218389276
2566.9649999999997	0.1318588218389276
2567.109	0.13185987654918638
2567.2529999999997	0.1318614586145745
2567.3959999999997	0.13186356803509203
2567.54	0.1318662048107389
2567.6839999999997	0.1318688415863858
2567.832	0.1318688415863858
2567.9719999999998	0.1318688415863858
2568.115	0.1318688415863858
2568.2599999999998	0.13186936894151516
2568.403	0.13187042365177393
2568.547	0.13187147836203267
2568.691	0.13187200571716204
2568.835	0.13187358778255015
2568.979	0.1318751698479383
2569.123	0.13187569720306766
2569.2659999999996	0.1318788613338439
2569.41	0.1318820254646202
2569.5539999999996	0.1318820254646202
2569.698	0.13188308017487893
2569.8419999999996	0.13188413488513767
2569.986	0.13188466224026707
2570.1299999999997	0.13188466224026707
2570.2729999999997	0.1318862443056552
2570.417	0.1318888810813021
2570.5609999999997	0.1318888810813021
2570.705	0.1318888810813021
2570.848	0.1318888810813021
2570.993	0.1318888810813021
2571.136	0.1318888810813021
2571.2799999999997	0.1318904631466902
2571.424	0.1318904631466902
2571.5679999999998	0.1318904631466902
2571.712	0.1318904631466902
2571.8559999999998	0.1318904631466902
2571.999	0.1318904631466902
2572.143	0.1318904631466902
2572.287	0.13189099050181957
2572.431	0.13189257256720768
2572.575	0.1318941546325958
2572.719	0.1318946819877252
2572.863	0.1318941546325958
2573.006	0.1318946819877252
2573.1499999999996	0.1318946819877252
2573.294	0.1318946819877252
2573.4379999999996	0.1318946819877252
2573.5809999999997	0.1318946819877252
2573.725	0.1318946819877252
2573.87	0.1318946819877252
2574.013	0.1318946819877252
2574.1569999999997	0.1318946819877252
2574.301	0.1318946819877252
2574.4449999999997	0.1318946819877252
2574.5899999999997	0.1318946819877252
2574.7329999999997	0.1318946819877252
2574.877	0.1318941546325958
2575.0209999999997	0.13189257256720768
2575.165	0.13189099050181957
2575.3089999999997	0.1318904631466902
2575.453	0.1318904631466902
2575.5969999999998	0.1318904631466902
2575.74	0.1318904631466902
2575.884	0.1318904631466902
2576.028	0.1318904631466902
2576.172	0.1318904631466902
2576.315	0.1318904631466902
2576.459	0.1318904631466902
2576.6029999999996	0.1318904631466902
2576.747	0.13188940843643143
2576.8909999999996	0.13188940843643143
2577.035	0.13188940843643143
2577.1789999999996	0.13188940843643143
2577.323	0.13188940843643143
2577.466	0.13188940843643143
2577.6099999999997	0.13188940843643143
2577.754	0.13188940843643143
2577.8979999999997	0.13188940843643143
2578.042	0.1318878263710433
2578.1859999999997	0.1318878263710433
2578.33	0.1318878263710433
2578.473	0.1318878263710433
2578.6169999999997	0.1318878263710433
2578.761	0.1318878263710433
2578.9049999999997	0.1318878263710433
2579.048	0.1318878263710433
2579.1929999999998	0.1318862443056552
2579.336	0.13188466224026707
2579.48	0.13188413488513767
2579.624	0.13188308017487893
2579.768	0.13188308017487893
2579.912	0.1318820254646202
2580.056	0.1318788613338439
2580.1989999999996	0.13187569720306766
2580.343	0.13187569720306766
2580.4869999999996	0.13187569720306766
2580.631	0.1318751698479383
2580.774	0.13187358778255015
2580.919	0.13187200571716204
2581.0629999999996	0.13187042365177393
2581.2059999999997	0.13186936894151516
2581.35	0.1318688415863858
2581.4939999999997	0.1318683142312564
2581.638	0.1318662048107389
2581.781	0.13186356803509203
2581.9249999999997	0.1318662048107389
2582.069	0.13186356803509203
2582.2129999999997	0.13186304067996263
2582.357	0.13186304067996263
2582.5009999999997	0.13186304067996263
2582.645	0.13186304067996263
2582.792	0.1318619859697039
2582.932	0.1318619859697039
2583.076	0.1318619859697039
2583.22	0.13186040390431575
2583.364	0.13185987654918638
2583.5069999999996	0.1318588218389276
2583.652	0.13185987654918638
2583.7949999999996	0.13185987654918638
2583.939	0.13185987654918638
2584.0829999999996	0.13186040390431575
2584.227	0.1318619859697039
2584.3709999999996	0.13186304067996263
2584.5139999999997	0.13186304067996263
2584.658	0.13186304067996263
2584.8019999999997	0.13186304067996263
2584.946	0.13186356803509203
2585.0899999999997	0.1318662048107389
2585.234	0.1318683142312564
2585.3779999999997	0.1318683142312564
2585.522	0.1318683142312564
2585.665	0.1318688415863858
2585.8089999999997	0.13186936894151516
2585.953	0.13186936894151516
2586.0969999999998	0.13187042365177393
2586.24	0.13187200571716204
2586.384	0.13187358778255015
2586.528	0.1318751698479383
2586.672	0.13187569720306766
2586.816	0.1318788613338439
2586.96	0.1318788613338439
2587.104	0.1318788613338439
2587.247	0.1318820254646202
2587.3909999999996	0.13188308017487893
2587.535	0.13188413488513767
2587.6789999999996	0.13188466224026707
2587.823	0.13188677166078455
2587.9669999999996	0.13188940843643143
2588.111	0.1318904631466902
2588.2549999999997	0.13189099050181957
2588.3979999999997	0.13189099050181957
2588.542	0.13189099050181957
2588.6859999999997	0.13189257256720768
2588.83	0.1318941546325958
2588.973	0.1318946819877252
2589.1169999999997	0.13189573669798393
2589.261	0.13189784611850142
2589.4049999999997	0.13189942818388956
2589.549	0.13189784611850142
2589.6929999999998	0.13189573669798393
2589.837	0.13189573669798393
2589.98	0.13189784611850142
2590.124	0.13189784611850142
2590.268	0.1319010102492777
2590.412	0.13190311966979523
2590.555	0.13190470173518337
2590.7	0.13190470173518337
2590.844	0.13190628380057148
2590.988	0.13190628380057148
2591.131	0.13190733851083022
2591.2749999999996	0.13191050264160648
2591.419	0.13191050264160648
2591.5629999999996	0.13191261206212396
2591.7059999999997	0.13191366677238273
2591.85	0.1319147214826415
2591.9939999999997	0.13191630354802963
2592.1389999999997	0.13191841296854712
2592.283	0.13191999503393526
2592.4269999999997	0.1319215770993234
2592.571	0.13192210445445277
2592.714	0.13192368651984088
2592.8579999999997	0.131925268585229
2593.002	0.13192632329548776
2593.1459999999997	0.13192896007113464
2593.2889999999998	0.13193054213652278
2593.4339999999997	0.13193054213652278
2593.5769999999998	0.13193054213652278
2593.721	0.13193054213652278
2593.865	0.13193054213652278
2594.009	0.13193054213652278
2594.153	0.13193054213652278
2594.297	0.13193054213652278
2594.44	0.13193054213652278
2594.584	0.13193054213652278
2594.7279999999996	0.13193054213652278
2594.872	0.13193054213652278
2595.015	0.13193054213652278
2595.16	0.13193054213652278
2595.3039999999996	0.13193054213652278
2595.4469999999997	0.13193054213652278
2595.591	0.13193054213652278
2595.7349999999997	0.13192896007113464
2595.879	0.13192896007113464
2596.022	0.13192896007113464
2596.1659999999997	0.13192896007113464
2596.31	0.13192896007113464
2596.4539999999997	0.13192896007113464
2596.598	0.13192896007113464
2596.7419999999997	0.13192896007113464
2596.886	0.13192896007113464
2597.0299999999997	0.13192896007113464
2597.173	0.13192896007113464
2597.317	0.13192896007113464
2597.461	0.13192896007113464
2597.605	0.13192896007113464
2597.749	0.13192896007113464
2597.893	0.13192896007113464
2598.0359999999996	0.13192896007113464
2598.18	0.13192896007113464
2598.3239999999996	0.13192896007113464
2598.468	0.13192896007113464
2598.6119999999996	0.13192896007113464
2598.7549999999997	0.13193054213652278
2598.899	0.13193054213652278
2599.0429999999997	0.13193054213652278
2599.187	0.13193159684678152
2599.3309999999997	0.13193317891216966
2599.475	0.13193370626729903
2599.6189999999997	0.1319363430429459
2599.763	0.13193950717372216
2599.906	0.13194003452885156
2600.0499999999997	0.1319410892391103
2600.194	0.1319410892391103
2600.3379999999997	0.1319410892391103
2600.4809999999998	0.13194003452885156
2600.625	0.13193950717372216
2600.769	0.1319389798185928
2600.913	0.1319389798185928
2601.057	0.13193950717372216
2601.201	0.13193950717372216
2601.345	0.1319389798185928
2601.488	0.1319363430429459
2601.6319999999996	0.1319347609775578
2601.776	0.1319347609775578
2601.9199999999996	0.1319347609775578
2602.0629999999996	0.1319347609775578
2602.2079999999996	0.1319347609775578
2602.352	0.1319347609775578
2602.495	0.1319347609775578
2602.6389999999997	0.1319347609775578
2602.783	0.1319347609775578
2602.9269999999997	0.1319347609775578
2603.071	0.1319347609775578
2603.214	0.1319347609775578
2603.3579999999997	0.13193370626729903
2603.502	0.13193317891216966
2603.6459999999997	0.1319326515570403
2603.79	0.13193159684678152
2603.9339999999997	0.13193054213652278
2604.0769999999998	0.13193054213652278
2604.221	0.1319300147813934
2604.365	0.1319284327160053
2604.509	0.13192632329548776
2604.653	0.13192368651984088
2604.796	0.13192210445445277
2604.94	0.1319215770993234
2605.084	0.13191999503393526
2605.2279999999996	0.13191999503393526
2605.372	0.13191999503393526
2605.5159999999996	0.1319215770993234
2605.66	0.1319215770993234
2605.803	0.13192210445445277
2605.9469999999997	0.13192368651984088
2606.091	0.13192368651984088
2606.2349999999997	0.13192632329548776
2606.379	0.1319284327160053
2606.522	0.1319300147813934
2606.667	0.13193054213652278
2606.81	0.13193054213652278
2606.9539999999997	0.13193159684678152
2607.098	0.13193317891216966
2607.2419999999997	0.13193370626729903
2607.386	0.1319347609775578
2607.529	0.1319363430429459
2607.673	0.13193792510833402
2607.817	0.13193950717372216
2607.961	0.13194003452885156
2608.105	0.1319410892391103
2608.249	0.13194214394936904
2608.393	0.13194214394936904
2608.5359999999996	0.13194214394936904
2608.68	0.13194267130449844
2608.8239999999996	0.1319431986596278
2608.968	0.13194478072501592
2609.1119999999996	0.13194636279040406
2609.2549999999997	0.13194636279040406
2609.399	0.1319479448557922
2609.544	0.1319495269211803
2609.6879999999996	0.13195216369682716
2609.832	0.13195480047247404
2609.9759999999997	0.13195480047247404
2610.12	0.13195638253786218
2610.263	0.13195796460325032
2610.4069999999997	0.13195901931350906
2610.551	0.13196165608915594
2610.6949999999997	0.13196165608915594
2610.8379999999997	0.13196165608915594
2610.9829999999997	0.13196165608915594
2611.1259999999997	0.13196165608915594
2611.27	0.13196165608915594
2611.4139999999998	0.13196165608915594
2611.558	0.13196165608915594
2611.7019999999998	0.13196165608915594
2611.846	0.13196165608915594
2611.989	0.13196165608915594
2612.133	0.13196165608915594
2612.277	0.13196165608915594
2612.421	0.13196165608915594
2612.565	0.13196165608915594
2612.709	0.13196165608915594
2612.8559999999998	0.13196165608915594
2612.9959999999996	0.13196165608915594
2613.14	0.13196165608915594
2613.2839999999997	0.13196165608915594
2613.428	0.13196165608915594
2613.571	0.1319606013788972
2613.716	0.13195796460325032
2613.859	0.13195796460325032
2614.0029999999997	0.1319606013788972
2614.147	0.1319606013788972
2614.2909999999997	0.13196323815454408
2614.435	0.13196376550967345
2614.5789999999997	0.13196376550967345
2614.7219999999998	0.13196376550967345
2614.866	0.13196376550967345
2615.0099999999998	0.13196376550967345
2615.154	0.13196323815454408
2615.298	0.13196376550967345
2615.442	0.13196429286480282
2615.585	0.13196429286480282
2615.729	0.1319653475750616
2615.873	0.13196640228532036
2616.017	0.13196640228532036
2616.1609999999996	0.13196640228532036
2616.3039999999996	0.1319669296404497
2616.4489999999996	0.13196745699557907
2616.5919999999996	0.13196745699557907
2616.736	0.13196851170583784
2616.8799999999997	0.13196851170583784
2617.024	0.13197114848148472
2617.1679999999997	0.13196851170583784
2617.312	0.13196851170583784
2617.455	0.13197114848148472
2617.5989999999997	0.13197114848148472
2617.743	0.13197431261226095
2617.8869999999997	0.13197431261226095
2618.031	0.13197589467764909
2618.1749999999997	0.13197642203277848
2618.3179999999998	0.13197853145329602
2618.462	0.13198011351868413
2618.6059999999998	0.13198011351868413
2618.75	0.13198011351868413
2618.894	0.13198011351868413
2619.037	0.13198011351868413
2619.181	0.13198011351868413
2619.325	0.13198011351868413
2619.469	0.13198011351868413
2619.613	0.13198011351868413
2619.7569999999996	0.13198116822894287
2619.901	0.13198275029433099
2620.0449999999996	0.13198327764946036
2620.1879999999996	0.13198327764946036
2620.332	0.13198327764946036
2620.4759999999997	0.13198327764946036
2620.62	0.13198327764946036
2620.763	0.13198327764946036
2620.908	0.13198275029433099
2621.051	0.13198327764946036
2621.1949999999997	0.13198327764946036
2621.339	0.13198327764946036
2621.4829999999997	0.13198327764946036
2621.627	0.13198327764946036
2621.77	0.13198275029433099
2621.9139999999998	0.13198275029433099
2622.058	0.13198275029433099
2622.2019999999998	0.13198327764946036
2622.346	0.13198327764946036
2622.49	0.13198327764946036
2622.634	0.13198327764946036
2622.777	0.13198327764946036
2622.921	0.13198327764946036
2623.065	0.13198327764946036
2623.209	0.13198327764946036
2623.3529999999996	0.13198327764946036
2623.4959999999996	0.13198327764946036
2623.64	0.13198327764946036
2623.7839999999997	0.13198433235971913
2623.928	0.13198433235971913
2624.0719999999997	0.13198538706997787
2624.216	0.13198538706997787
2624.3599999999997	0.13198538706997787
2624.5029999999997	0.13198538706997787
2624.647	0.13198538706997787
2624.7909999999997	0.13198538706997787
2624.935	0.13198538706997787
2625.0789999999997	0.13198591442510724
2625.223	0.13198591442510724
2625.3669999999997	0.13198591442510724
2625.5099999999998	0.13198591442510724
2625.654	0.13198591442510724
2625.798	0.1319864417802366
2625.942	0.1319864417802366
2626.086	0.1319864417802366
2626.229	0.13198591442510724
2626.374	0.13198591442510724
2626.517	0.1319864417802366
2626.6609999999996	0.13198855120075415
2626.805	0.13198855120075415
2626.9489999999996	0.13199224268665977
2627.094	0.13199435210717728
2627.2369999999996	0.13199435210717728
2627.381	0.13199487946230665
2627.5249999999996	0.13199487946230665
2627.669	0.13199962565847104
2627.815	0.13200542656489417
2627.957	0.13200542656489417
2628.1009999999997	0.13200542656489417
2628.2439999999997	0.1320070086302823
2628.388	0.13200753598541168
2628.5319999999997	0.13200859069567045
2628.676	0.13201017276105856
2628.8199999999997	0.13201175482644667
2628.9629999999997	0.13201175482644667
2629.107	0.13201175482644667
2629.2509999999997	0.1320133368918348
2629.395	0.13201544631235235
2629.5389999999998	0.13201861044312857
2629.683	0.1320223019290342
2629.8269999999998	0.13202493870468107
2629.97	0.13202810283545732
2630.114	0.1320307396111042
2630.258	0.13203232167649231
2630.402	0.13203601316239796
2630.5449999999996	0.13203917729317421
2630.69	0.13204075935856235
2630.834	0.13204286877907984
2630.9779999999996	0.13204603290985611
2631.1209999999996	0.13204761497524425
2631.265	0.132048669685503
2631.4089999999997	0.13204972439576174
2631.553	0.13204972439576174
2631.696	0.13205236117140862
2631.8399999999997	0.1320555253021849
2631.984	0.13205710736757303
2632.1279999999997	0.13205868943296115
2632.272	0.1320618535637374
2632.4159999999997	0.1320644903393843
2632.56	0.13206765447016056
2632.703	0.13207134595606618
2632.8469999999998	0.13207292802145432
2632.991	0.13207398273171306
2633.1349999999998	0.13207451008684246
2633.279	0.13207503744197183
2633.423	0.13207661950735994
2633.567	0.13207925628300682
2633.71	0.13208347512404184
2633.854	0.13208663925481806
2633.998	0.1320876939650768
2634.142	0.13208927603046494
2634.2859999999996	0.13208927603046494
2634.4289999999996	0.13208927603046494
2634.573	0.13208980338559434
2634.7169999999996	0.13208980338559434
2634.861	0.13208980338559434
2635.0049999999997	0.13208980338559434
2635.149	0.13208980338559434
2635.2929999999997	0.13208980338559434
2635.437	0.13208980338559434
2635.58	0.13208980338559434
2635.7239999999997	0.13208980338559434
2635.868	0.13208980338559434
2636.0119999999997	0.13208980338559434
2636.1549999999997	0.13208927603046494
2636.299	0.13208927603046494
2636.4429999999998	0.13208927603046494
2636.587	0.1320876939650768
2636.7309999999998	0.13208663925481806
2636.875	0.1320876939650768
2637.019	0.1320876939650768
2637.162	0.1320876939650768
2637.306	0.1320876939650768
2637.45	0.1320876939650768
2637.594	0.1320876939650768
2637.738	0.1320876939650768
2637.8819999999996	0.13208663925481806
2638.026	0.13208347512404184
2638.1699999999996	0.13208347512404184
2638.3129999999996	0.13208347512404184
2638.457	0.13208347512404184
2638.6009999999997	0.13208347512404184
2638.745	0.13207925628300682
2638.888	0.1320776742176187
2639.0319999999997	0.13207451008684246
2639.176	0.13207398273171306
2639.3199999999997	0.13207292802145432
2639.464	0.13207134595606618
2639.6079999999997	0.13207134595606618
2639.752	0.13207134595606618
2639.895	0.13207134595606618
2640.0389999999998	0.13207134595606618
2640.183	0.13207134595606618
2640.3269999999998	0.13207134595606618
2640.471	0.13207134595606618
2640.615	0.13207134595606618
2640.759	0.13207081860093678
2640.903	0.13207081860093678
2641.046	0.13207081860093678
2641.19	0.13207081860093678
2641.334	0.13207081860093678
2641.4779999999996	0.13206765447016056
2641.6209999999996	0.13206765447016056
2641.7659999999996	0.13206765447016056
2641.9089999999997	0.13206765447016056
2642.053	0.13206765447016056
2642.1969999999997	0.13206765447016056
2642.341	0.13206765447016056
2642.4849999999997	0.13206765447016056
2642.6279999999997	0.13206132620860805
2642.774	0.13206132620860805
2642.9159999999997	0.13206132620860805
2643.06	0.13206501769451368
2643.2039999999997	0.1320681818252899
2643.348	0.13207081860093678
2643.4919999999997	0.1320681818252899
2643.636	0.13206501769451368
2643.779	0.1320681818252899
2643.923	0.13207081860093678
2644.067	0.13207240066632492
2644.211	0.13207398273171306
2644.354	0.13207451008684246
2644.498	0.13207503744197183
2644.643	0.1320776742176187
2644.787	0.13208452983430058
2644.931	0.13208927603046494
2645.075	0.13208980338559434
2645.219	0.13209138545098248
2645.3619999999996	0.13209402222662936
2645.506	0.1320950769368881
2645.6499999999996	0.1320950769368881
2645.794	0.13209560429201747
2645.9379999999996	0.13209613164714684
2646.082	0.13209613164714684
2646.225	0.13209718635740558
2646.37	0.1321014051984406
2646.513	0.13210456932921685
2646.6569999999997	0.13210509668434622
2646.801	0.13210667874973436
2646.9449999999997	0.1321082608151225
2647.0879999999997	0.13211037023563998
2647.232	0.13211406172154563
2647.3759999999997	0.13211669849719251
2647.52	0.13211880791771002
2647.6639999999998	0.13212302675874504
2647.808	0.1321277729549094
2647.9519999999998	0.13212988237542692
2648.095	0.13212988237542692
2648.239	0.13212988237542692
2648.383	0.13213093708568568
2648.527	0.1321325191510738
2648.671	0.1321346285715913
2648.815	0.1321372653472382
2648.9579999999996	0.13213832005749696
2649.1029999999996	0.13213832005749696
2649.2459999999996	0.13213832005749696
2649.39	0.13213832005749696
2649.5339999999997	0.13213832005749696
2649.678	0.13213832005749696
2649.821	0.13213832005749696
2649.9649999999997	0.13213832005749696
2650.109	0.13213884741262633
2650.2529999999997	0.1321393747677557
2650.397	0.1321393747677557
2650.5409999999997	0.13213884741262633
2650.685	0.13213832005749696
2650.828	0.13213884741262633
2650.9719999999998	0.13213884741262633
2651.116	0.13213884741262633
2651.2599999999998	0.13213884741262633
2651.404	0.13213884741262633
2651.548	0.13213884741262633
2651.691	0.13213884741262633
2651.835	0.13213884741262633
2651.979	0.13213884741262633
2652.123	0.13213884741262633
2652.267	0.13213884741262633
2652.4109999999996	0.13213884741262633
2652.5539999999996	0.13213832005749696
2652.698	0.1321372653472382
2652.8419999999996	0.1321346285715913
2652.986	0.1321325191510738
2653.1299999999997	0.1321325191510738
2653.274	0.1321325191510738
2653.4179999999997	0.1321325191510738
2653.5609999999997	0.1321325191510738
2653.705	0.1321325191510738
2653.8489999999997	0.1321325191510738
2653.993	0.1321325191510738
2654.1369999999997	0.1321325191510738
2654.281	0.1321325191510738
2654.424	0.1321325191510738
2654.5679999999998	0.1321325191510738
2654.712	0.1321325191510738
2654.8559999999998	0.1321325191510738
2655.0	0.1321325191510738
2655.144	0.1321325191510738
2655.287	0.1321325191510738
2655.431	0.1321325191510738
2655.575	0.1321325191510738
2655.719	0.1321325191510738
2655.863	0.1321325191510738
2656.0069999999996	0.1321325191510738
2656.151	0.1321325191510738
2656.294	0.1321325191510738
2656.4379999999996	0.13213146444081503
2656.582	0.13212988237542692
2656.7259999999997	0.13212988237542692
2656.8689999999997	0.13212988237542692
2657.0139999999997	0.13212988237542692
2657.158	0.13212935502029755
2657.301	0.13212724559978004
2657.4449999999997	0.13212408146900378
2657.589	0.1321214446933569
2657.736	0.13211880791771002
2657.877	0.13211669849719251
2658.0209999999997	0.13211406172154563
2658.165	0.13210984288051061
2658.308	0.13210667874973436
2658.4519999999998	0.13210509668434622
2658.596	0.13210456932921685
2658.74	0.13210035048818186
2658.883	0.13209613164714684
2659.027	0.13209613164714684
2659.171	0.13209560429201747
2659.315	0.1320950769368881
2659.459	0.1320950769368881
2659.602	0.13209244016124122
2659.747	0.13208927603046494
2659.89	0.13208716660994746
2660.0339999999997	0.13208558454455932
2660.178	0.13208558454455932
2660.3219999999997	0.13208031099326556
2660.466	0.13207503744197183
2660.6099999999997	0.13207451008684246
2660.7529999999997	0.13207398273171306
2660.897	0.13207240066632492
2661.0409999999997	0.13207240066632492
2661.185	0.13207240066632492
2661.328	0.13207240066632492
2661.473	0.13207240066632492
2661.616	0.13207240066632492
2661.7599999999998	0.13207240066632492
2661.904	0.13207240066632492
2662.049	0.13207240066632492
2662.1929999999998	0.13207240066632492
2662.336	0.13207240066632492
2662.4809999999998	0.13207240066632492
2662.624	0.13207240066632492
2662.768	0.13207240066632492
2662.912	0.13207240066632492
2663.056	0.13207240066632492
2663.2	0.13207240066632492
2663.344	0.13207240066632492
2663.4869999999996	0.13207240066632492
2663.631	0.13207240066632492
2663.7749999999996	0.13207240066632492
2663.919	0.13207240066632492
2664.062	0.13207240066632492
2664.207	0.13207240066632492
2664.35	0.13207240066632492
2664.4939999999997	0.13207240066632492
2664.638	0.13207240066632492
2664.7819999999997	0.13207240066632492
2664.926	0.13207398273171306
2665.0699999999997	0.13207398273171306
2665.2129999999997	0.13207398273171306
2665.357	0.13207451008684246
2665.5009999999997	0.13207503744197183
2665.645	0.13208031099326556
2665.7889999999998	0.13208558454455932
2665.933	0.13208558454455932
2666.076	0.1320861118996887
2666.22	0.1320876939650768
2666.364	0.1320876939650768
2666.508	0.1320876939650768
2666.652	0.13208927603046494
2666.7949999999996	0.13208927603046494
2666.939	0.13208927603046494
2667.084	0.13209244016124122
2667.227	0.1320950769368881
2667.3709999999996	0.1320950769368881
2667.515	0.13209560429201747
2667.6589999999997	0.13209613164714684
2667.8019999999997	0.13209613164714684
2667.946	0.13210035048818186
2668.0899999999997	0.13210035048818186
2668.234	0.13210035048818186
2668.377	0.13210035048818186
2668.522	0.13210035048818186
2668.665	0.13210035048818186
2668.8089999999997	0.13210035048818186
2668.953	0.13210035048818186
2669.0969999999998	0.13210035048818186
2669.241	0.13210035048818186
2669.3849999999998	0.13210035048818186
2669.528	0.13210035048818186
2669.672	0.13210035048818186
2669.816	0.13210035048818186
2669.96	0.13210035048818186
2670.1029999999996	0.13210456932921685
2670.248	0.13210509668434622
2670.3909999999996	0.13210509668434622
2670.535	0.13210667874973436
2670.6789999999996	0.1321124796561575
2670.823	0.1321124796561575
2670.9669999999996	0.1321124796561575
2671.1099999999997	0.1321124796561575
2671.2549999999997	0.13211880791771002
2671.3979999999997	0.1321214446933569
2671.542	0.13212249940361565
2671.6859999999997	0.13212249940361565
2671.83	0.13212249940361565
2671.9739999999997	0.13212408146900378
2672.118	0.13212724559978004
2672.261	0.13212935502029755
2672.4049999999997	0.13212935502029755
2672.549	0.13212988237542692
2672.6929999999998	0.13213304650620317
2672.839	0.13213304650620317
2672.98	0.13213779270236756
2673.124	0.1321393747677557
2673.268	0.1321393747677557
2673.412	0.1321409568331438
2673.556	0.1321409568331438
2673.7	0.1321435936087907
2673.843	0.1321435936087907
2673.9869999999996	0.1321435936087907
2674.131	0.1321435936087907
2674.2749999999996	0.1321435936087907
2674.419	0.1321435936087907
2674.5629999999996	0.1321435936087907
2674.7059999999997	0.1321409568331438
2674.85	0.1321393747677557
2674.9939999999997	0.1321393747677557
2675.138	0.1321393747677557
2675.2819999999997	0.1321409568331438
2675.426	0.1321435936087907
2675.569	0.1321435936087907
2675.7129999999997	0.13214570302930817
2675.857	0.13214570302930817
2676.0009999999997	0.13214570302930817
2676.145	0.13214570302930817
2676.2889999999998	0.13214675773956694
2676.433	0.13214675773956694
2676.5769999999998	0.13214675773956694
2676.72	0.13214675773956694
2676.864	0.13214570302930817
2677.008	0.13214570302930817
2677.152	0.1321435936087907
2677.296	0.1321409568331438
2677.439	0.1321393747677557
2677.5829999999996	0.1321393747677557
2677.727	0.1321393747677557
2677.8709999999996	0.1321393747677557
2678.015	0.1321393747677557
2678.1589999999997	0.1321393747677557
2678.3019999999997	0.1321393747677557
2678.446	0.1321393747677557
2678.5899999999997	0.1321393747677557
2678.734	0.1321393747677557
2678.877	0.1321409568331438
2679.022	0.1321409568331438
2679.1659999999997	0.1321409568331438
2679.3089999999997	0.1321393747677557
2679.453	0.1321393747677557
2679.598	0.1321393747677557
2679.7419999999997	0.1321393747677557
2679.8849999999998	0.1321393747677557
2680.029	0.1321393747677557
2680.173	0.1321393747677557
2680.317	0.13213779270236756
2680.461	0.13213304650620317
2680.605	0.13212935502029755
2680.749	0.1321256635343919
2680.893	0.13212249940361565
2681.0359999999996	0.13212249940361565
2681.18	0.1321214446933569
2681.3239999999996	0.13211564378693375
2681.468	0.13210931552538124
2681.611	0.13210667874973436
2681.7549999999997	0.13210509668434622
2681.899	0.13210509668434622
2682.0429999999997	0.13210509668434622
2682.187	0.13210351461895808
2682.3309999999997	0.13210351461895808
2682.475	0.13210351461895808
2682.618	0.13210351461895808
2682.7619999999997	0.13210351461895808
2682.906	0.13210351461895808
2683.0499999999997	0.13210351461895808
2683.194	0.13210351461895808
2683.3379999999997	0.13210351461895808
2683.482	0.13210351461895808
2683.625	0.13210351461895808
2683.769	0.13210351461895808
2683.913	0.13210351461895808
2684.057	0.13210351461895808
2684.201	0.13210351461895808
2684.344	0.13210351461895808
2684.488	0.13210351461895808
2684.6319999999996	0.13210193255356997
2684.779	0.13210193255356997
2684.9199999999996	0.13210193255356997
2685.064	0.13210193255356997
2685.2079999999996	0.13210193255356997
2685.3509999999997	0.13210193255356997
2685.495	0.13210193255356997
2685.6389999999997	0.13210193255356997
2685.783	0.13210193255356997
2685.926	0.13210193255356997
2686.071	0.13210193255356997
2686.214	0.13210193255356997
2686.3579999999997	0.13210193255356997
2686.502	0.13210351461895808
2686.6459999999997	0.13210351461895808
2686.79	0.13210193255356997
2686.933	0.13210351461895808
2687.0769999999998	0.13210509668434622
2687.221	0.13210509668434622
2687.365	0.13210351461895808
2687.509	0.13210351461895808
2687.653	0.13210351461895808
2687.798	0.13210351461895808
2687.94	0.13210351461895808
2688.084	0.13210351461895808
2688.2279999999996	0.13210509668434622
2688.372	0.1321082608151225
2688.5159999999996	0.13211564378693375
2688.66	0.1321214446933569
2688.803	0.13212249940361565
2688.9469999999997	0.13212249940361565
2689.091	0.13212249940361565
2689.2349999999997	0.13212249940361565
2689.379	0.1321256635343919
2689.5229999999997	0.1321256635343919
2689.667	0.13213251915107377
2689.81	0.1321372653472382
2689.9539999999997	0.13213884741262633
2690.098	0.1321393747677557
2690.2419999999997	0.1321393747677557
2690.3849999999998	0.1321393747677557
2690.5299999999997	0.1321393747677557
2690.673	0.1321393747677557
2690.817	0.1321393747677557
2690.961	0.1321409568331438
2691.105	0.1321409568331438
2691.249	0.1321409568331438
2691.392	0.1321435936087907
2691.5359999999996	0.13214570302930817
2691.68	0.13214886716008445
2691.8239999999996	0.13214886716008445
2691.968	0.13214886716008445
2692.1119999999996	0.13214886716008445
2692.256	0.13214886716008445
2692.399	0.13214886716008445
2692.5429999999997	0.13214886716008445
2692.687	0.13214886716008445
2692.8309999999997	0.13214886716008445
2692.9739999999997	0.13214886716008445
2693.1189999999997	0.13214886716008445
2693.2619999999997	0.13214886716008445
2693.406	0.13214886716008445
2693.5499999999997	0.13214886716008445
2693.694	0.13214886716008445
2693.8379999999997	0.13214886716008445
2693.9809999999998	0.13214886716008445
2694.1259999999997	0.13214464831904943
2694.269	0.1321409568331438
2694.413	0.1321393747677557
2694.557	0.1321393747677557
2694.701	0.1321393747677557
2694.845	0.1321393747677557
2694.988	0.13213884741262633
2695.1319999999996	0.13213884741262633
2695.276	0.13213884741262633
2695.4199999999996	0.13213410121646194
2695.564	0.13212935502029755
2695.7079999999996	0.1321277729549094
2695.852	0.1321261908895213
2695.995	0.1321261908895213
2696.1389999999997	0.1321261908895213
2696.283	0.1321261908895213
2696.4269999999997	0.1321261908895213
2696.571	0.1321261908895213
2696.7149999999997	0.1321261908895213
2696.8579999999997	0.13212408146900378
2697.0029999999997	0.13212249940361565
2697.147	0.13212249940361565
2697.2909999999997	0.1321209173382275
2697.435	0.1321151164318044
2697.5789999999997	0.1321082608151225
2697.723	0.1321082608151225
2697.866	0.1321082608151225
2698.0099999999998	0.1321082608151225
2698.154	0.1321082608151225
2698.298	0.1321082608151225
2698.442	0.13210404197408748
2698.586	0.13210404197408748
2698.729	0.13210404197408748
2698.873	0.13210193255356997
2699.017	0.13210193255356997
2699.1609999999996	0.13210193255356997
2699.305	0.13210193255356997
2699.4489999999996	0.13210193255356997
2699.593	0.13210193255356997
2699.736	0.13210193255356997
2699.8799999999997	0.13210404197408748
2700.024	0.1321082608151225
2700.1679999999997	0.13211089759076938
2700.312	0.13211089759076938
2700.455	0.13211089759076938
2700.6	0.13211089759076938
2700.7439999999997	0.13211089759076938
2700.8869999999997	0.13211353436641626
2701.031	0.13211353436641626
2701.1749999999997	0.13211353436641626
2701.319	0.13211775320745128
2701.462	0.1321209173382275
2701.6059999999998	0.13212249940361565
2701.75	0.13212408146900378
2701.894	0.1321261908895213
2702.038	0.1321283003100388
2702.182	0.13212988237542692
2702.326	0.13213410121646194
2702.469	0.13213884741262633
2702.613	0.1321393747677557
2702.7599999999998	0.1321393747677557
2702.8999999999996	0.13214042947801447
2703.044	0.13214201154340258
2703.189	0.13214253889853195
2703.332	0.1321435936087907
2703.4759999999997	0.13214570302930817
2703.62	0.13214675773956694
2703.7639999999997	0.13214886716008445
2703.908	0.13215203129086073
2704.051	0.13215361335624884
2704.1969999999997	0.1321541407113782
2704.339	0.1321541407113782
2704.4829999999997	0.13215730484215446
2704.627	0.13216205103831885
2704.7709999999997	0.13216943401013012
2704.915	0.13217523491655325
2705.058	0.132176289626812
2705.2019999999998	0.13217734433707076
2705.346	0.13217945375758827
2705.49	0.13217945375758827
2705.634	0.1321831452434939
2705.778	0.13218472730888203
2705.922	0.1321873640845289
2706.065	0.13219052821530516
2706.209	0.13219263763582267
2706.3529999999996	0.13219527441146955
2706.497	0.1321963291217283
2706.6409999999996	0.1321963291217283
2706.785	0.1321963291217283
2706.928	0.1321963291217283
2707.0719999999997	0.1321963291217283
2707.216	0.1321963291217283
2707.3599999999997	0.13219685647685767
2707.5029999999997	0.13219896589737518
2707.6479999999997	0.13220160267302206
2707.792	0.1322026573832808
2707.935	0.1322026573832808
2708.0789999999997	0.13220529415892768
2708.223	0.13220793093457456
2708.3669999999997	0.1322116224204802
2708.5099999999998	0.1322116224204802
2708.654	0.1322116224204802
2708.798	0.1322116224204802
2708.942	0.1322116224204802
2709.086	0.1322116224204802
2709.23	0.1322116224204802
2709.374	0.1322116224204802
2709.517	0.1322116224204802
2709.6609999999996	0.1322116224204802
2709.805	0.1322116224204802
2709.9489999999996	0.1322116224204802
2710.093	0.1322116224204802
2710.2369999999996	0.1322116224204802
2710.381	0.1322116224204802
2710.524	0.1322116224204802
2710.6679999999997	0.1322116224204802
2710.812	0.1322116224204802
2710.9559999999997	0.1322116224204802
2711.1	0.1322116224204802
2711.2439999999997	0.1322163686166446
2711.388	0.13221900539229148
2711.531	0.13221900539229148
2711.6749999999997	0.13221900539229148
2711.819	0.13221900539229148
2711.9629999999997	0.13221900539229148
2712.107	0.13221900539229148
2712.2509999999997	0.13221900539229148
2712.394	0.13221900539229148
2712.538	0.13221900539229148
2712.682	0.13221900539229148
2712.826	0.13221900539229148
2712.97	0.13221900539229148
2713.113	0.13221900539229148
2713.258	0.13221900539229148
2713.401	0.13221900539229148
2713.5449999999996	0.13221900539229148
2713.689	0.13221900539229148
2713.8329999999996	0.13221900539229148
2713.977	0.13221900539229148
2714.12	0.13221900539229148
2714.2639999999997	0.13221900539229148
2714.408	0.13221900539229148
2714.553	0.13221900539229148
2714.6969999999997	0.13221900539229148
2714.841	0.13221900539229148
2714.9849999999997	0.13221900539229148
2715.1279999999997	0.13221900539229148
2715.272	0.13221900539229148
2715.4159999999997	0.13221900539229148
2715.56	0.13221900539229148
2715.703	0.13221900539229148
2715.848	0.13221900539229148
2715.991	0.1322163686166446
2716.1349999999998	0.1322116224204802
2716.279	0.13220793093457456
2716.423	0.13220793093457456
2716.567	0.13220529415892768
2716.6949999999997	0.1322026573832808
2716.839	0.1322026573832808
2716.982	0.13220160267302206
2717.1259999999997	0.13220054796276332
2717.27	0.13219896589737518
2717.4139999999998	0.13219685647685767
2717.557	0.1321963291217283
2717.7019999999998	0.1321963291217283
2717.8489999999997	0.13219527441146955
2717.989	0.13219263763582267
2718.133	0.13219052821530516
2718.277	0.1321873640845289
2718.421	0.1321831452434939
2718.564	0.13218156317810575
2718.709	0.13217998111271761
2718.852	0.1321783990473295
2718.9959999999996	0.13217787169220013
2719.14	0.13217734433707076
2719.2839999999997	0.132176289626812
2719.428	0.13217523491655325
2719.571	0.13217523491655325
2719.7149999999997	0.13216890665500075
2719.859	0.13216152368318945
2720.0029999999997	0.1321604689729307
2720.147	0.13215994161780134
2720.2909999999997	0.13215783219728383
2720.435	0.13215519542163695
2720.578	0.1321541407113782
2720.7219999999998	0.1321541407113782
2720.866	0.13215361335624884
2721.0099999999998	0.13215203129086073
2721.154	0.132150976580602
2721.298	0.1321504492254726
2721.441	0.1321504492254726
2721.586	0.13214833980495508
2721.729	0.13214675773956694
2721.873	0.13214675773956694
2722.017	0.13214675773956694
2722.16	0.13214675773956694
2722.305	0.13214675773956694
2722.448	0.13214675773956694
2722.5919999999996	0.13214675773956694
2722.736	0.13214675773956694
2722.8799999999997	0.13214675773956694
2723.024	0.13214675773956694
2723.167	0.13214675773956694
2723.312	0.13214675773956694
2723.455	0.13214675773956694
2723.5989999999997	0.13214675773956694
2723.743	0.13214675773956694
2723.8869999999997	0.13214675773956694
2724.031	0.13214675773956694
2724.174	0.13214675773956694
2724.3179999999998	0.13214675773956694
2724.462	0.13214675773956694
2724.6059999999998	0.13214675773956694
2724.75	0.13214675773956694
2724.894	0.13214675773956694
2725.038	0.13214833980495508
2725.181	0.1321504492254726
2725.325	0.1321504492254726
2725.469	0.1321504492254726
2725.6119999999996	0.1321504492254726
2725.7569999999996	0.132150976580602
2725.8999999999996	0.13215203129086073
2726.044	0.13215203129086073
2726.1879999999996	0.13215361335624884
2726.332	0.1321541407113782
2726.4759999999997	0.1321541407113782
2726.62	0.1321541407113782
2726.7639999999997	0.13215519542163695
2726.9069999999997	0.13215783219728383
2727.051	0.13215994161780134
2727.1949999999997	0.13216152368318945
2727.339	0.13216574252422447
2727.4829999999997	0.132172070785777
2727.6259999999997	0.13217523491655325
2727.7709999999997	0.132176289626812
2727.9139999999998	0.132176289626812
2728.058	0.132176289626812
2728.2019999999998	0.132176289626812
2728.346	0.132176289626812
2728.49	0.132176289626812
2728.633	0.132176289626812
2728.777	0.132176289626812
2728.921	0.132176289626812
2729.065	0.132176289626812
2729.209	0.132176289626812
2729.3529999999996	0.132176289626812
2729.497	0.132176289626812
2729.64	0.13217734433707076
2729.7839999999997	0.13217734433707076
2729.928	0.13217734433707076
2730.0719999999997	0.13217787169220013
2730.216	0.13217787169220013
2730.3599999999997	0.13217787169220013
2730.504	0.1321783990473295
2730.647	0.13217998111271761
2730.7909999999997	0.13218156317810575
2730.935	0.13218578201914077
2731.0789999999997	0.13219052821530516
2731.2219999999998	0.13219105557043453
2731.3669999999997	0.13219263763582267
2731.5099999999998	0.13219527441146955
2731.654	0.1321963291217283
2731.798	0.13219685647685767
2731.9429999999998	0.13219896589737518
2732.087	0.13220054796276332
2732.23	0.13220160267302206
2732.375	0.13220160267302206
2732.518	0.13220898564483333
2732.662	0.13220898564483333
2732.8089999999997	0.13220898564483333
2732.95	0.13220898564483333
2733.094	0.13220898564483333
2733.2369999999996	0.13220898564483333
2733.381	0.13220898564483333
2733.5249999999996	0.13220898564483333
2733.669	0.13220898564483333
2733.812	0.13220898564483333
2733.957	0.13220898564483333
2734.1	0.13220898564483333
2734.2439999999997	0.13220898564483333
2734.388	0.13220898564483333
2734.5319999999997	0.13220898564483333
2734.676	0.13220898564483333
2734.819	0.13220898564483333
2734.964	0.1322163686166446
2735.107	0.1322163686166446
2735.2509999999997	0.13220898564483333
2735.395	0.13220160267302206
2735.5389999999998	0.13220054796276332
2735.683	0.13220054796276332
2735.826	0.13219896589737518
2735.97	0.13219685647685767
2736.114	0.1321963291217283
2736.258	0.13219527441146955
2736.402	0.13219263763582267
2736.546	0.13219263763582267
2736.69	0.13219105557043453
2736.8329999999996	0.13219105557043453
2736.977	0.13219263763582267
2737.1209999999996	0.13219527441146955
2737.265	0.13219527441146955
2737.4089999999997	0.1321963291217283
2737.553	0.1321963291217283
2737.696	0.13219685647685767
2737.8399999999997	0.13219685647685767
2737.984	0.13219685647685767
2738.1279999999997	0.13219843854224578
2738.2709999999997	0.13219843854224578
2738.4159999999997	0.13219843854224578
2738.5589999999997	0.13219843854224578
2738.703	0.13219843854224578
2738.8469999999998	0.13219843854224578
2738.991	0.13219843854224578
2739.1349999999998	0.13220002060763392
2739.278	0.13220160267302206
2739.422	0.1322031847384102
2739.566	0.13220582151405708
2739.71	0.13220582151405708
2739.854	0.13220845828970396
2739.998	0.13221214977560958
2740.142	0.13221214977560958
2740.285	0.13221214977560958
2740.4289999999996	0.13221214977560958
2740.573	0.13221214977560958
2740.7169999999996	0.1322163686166446
2740.8599999999997	0.13221742332690334
2741.0049999999997	0.1322163686166446
2741.149	0.1322163686166446
2741.292	0.13221214977560958
2741.4359999999997	0.13221214977560958
2741.58	0.1322163686166446
2741.7239999999997	0.13221742332690334
2741.8669999999997	0.13221742332690334
2742.0119999999997	0.13221953274742085
2742.1549999999997	0.13222427894358524
2742.299	0.13222427894358524
2742.4449999999997	0.1322274430743615
2742.587	0.13223060720513774
2742.7309999999998	0.13223060720513774
2742.874	0.1322353534013021
2743.018	0.13224115430772526
2743.162	0.13224537314876025
2743.306	0.1322469552141484
2743.45	0.13224853727953653
2743.594	0.13225064670005404
2743.738	0.13225381083083027
2743.881	0.1322553928962184
2744.0249999999996	0.1322553928962184
2744.169	0.13225697496160654
2744.3129999999996	0.13225697496160654
2744.457	0.13225855702699468
2744.6009999999997	0.13225961173725342
2744.7439999999997	0.13226119380264156
2744.888	0.13226172115777093
2745.0319999999997	0.1322627758680297
2745.176	0.13226435793341781
2745.319	0.13226593999880593
2745.464	0.1322669947090647
2745.607	0.13226752206419407
2745.7509999999997	0.13227015883984095
2745.895	0.13227226826035846
2746.0389999999998	0.13227226826035846
2746.183	0.13227226826035846
2746.326	0.13227226826035846
2746.471	0.13227226826035846
2746.614	0.13227226826035846
2746.758	0.13227226826035846
2746.902	0.13227226826035846
2747.046	0.13227226826035846
2747.189	0.13227226826035846
2747.3329999999996	0.13227226826035846
2747.477	0.13227279561548783
2747.6209999999996	0.1322749050360053
2747.765	0.1322775418116522
2747.912	0.13228017858729907
2748.053	0.1322817606526872
2748.196	0.1322822880078166
2748.3399999999997	0.13228387007320475
2748.484	0.13228650684885163
2748.6279999999997	0.13228967097962785
2748.772	0.132291253045016
2748.915	0.13229599924118038
2749.06	0.13229599924118038
2749.2039999999997	0.13229599924118038
2749.3469999999998	0.13229599924118038
2749.4919999999997	0.13229599924118038
2749.636	0.13229599924118038
2749.7799999999997	0.13229599924118038
2749.923	0.13229599924118038
2750.067	0.13230232750273288
2750.211	0.13230496427837973
2750.355	0.13230654634376787
2750.499	0.13230865576428538
2750.643	0.13231023782967352
2750.7859999999996	0.13231023782967352
2750.93	0.1323112925399323
2751.0739999999996	0.1323112925399323
2751.218	0.1323128746053204
2751.361	0.13231340196044977
2751.506	0.1323144566707085
2751.649	0.1323170934463554
2751.7929999999997	0.1323170934463554
2751.937	0.1323218396425198
2752.0809999999997	0.1323218396425198
2752.225	0.1323218396425198
2752.368	0.13232500377329606
2752.513	0.13232500377329606
2752.656	0.13232500377329606
2752.7999999999997	0.13232500377329606
2752.944	0.1323218396425198
2753.0879999999997	0.1323218396425198
2753.232	0.1323170934463554
2753.375	0.1323144566707085
2753.519	0.13231340196044977
2753.663	0.1323128746053204
2753.807	0.1323128746053204
2753.95	0.1323112925399323
2754.095	0.1323112925399323
2754.238	0.1323112925399323
2754.3819999999996	0.13231023782967352
2754.526	0.1323112925399323
2754.6699999999996	0.1323112925399323
2754.814	0.13230865576428538
2754.957	0.13230865576428538
2755.102	0.13230865576428538
2755.245	0.1323112925399323
2755.3889999999997	0.1323112925399323
2755.533	0.1323112925399323
2755.6769999999997	0.1323128746053204
2755.821	0.1323128746053204
2755.964	0.1323128746053204
2756.1079999999997	0.1323144566707085
2756.252	0.1323144566707085
2756.3959999999997	0.1323170934463554
2756.54	0.1323170934463554
2756.6839999999997	0.1323170934463554
2756.8269999999998	0.1323218396425198
2756.971	0.13232500377329606
2757.115	0.13232500377329606
2757.259	0.13232500377329606
2757.403	0.13232553112842543
2757.547	0.1323260584835548
2757.691	0.1323260584835548
2757.834	0.1323260584835548
2757.9779999999996	0.13232553112842543
2758.122	0.13232500377329606
2758.2659999999996	0.13232500377329606
2758.4089999999997	0.13232500377329606
2758.5539999999996	0.1323218396425198
2758.6969999999997	0.1323218396425198
2758.841	0.13232500377329606
2758.9849999999997	0.13232500377329606
2759.129	0.13232500377329606
2759.2729999999997	0.13232553112842543
2759.4159999999997	0.13232711319381357
2759.56	0.1323281679040723
2759.7039999999997	0.1323281679040723
2759.848	0.13232974996946045
2759.9919999999997	0.13233133203484856
2760.136	0.13233238674510733
2760.2799999999997	0.13233396881049544
2760.423	0.13233555087588356
2760.567	0.13233660558614233
2760.711	0.1323371329412717
2760.855	0.13233924236178923
2760.999	0.13234082442717734
2761.143	0.13234240649256546
2761.287	0.1323439885579536
2761.43	0.13234504326821234
2761.5739999999996	0.13234504326821234
2761.718	0.1323460979784711
2761.8619999999996	0.13234978946437675
2762.006	0.13235348095028238
2762.1499999999996	0.13235348095028238
2762.2929999999997	0.13235453566054112
2762.437	0.13235611772592926
2762.5809999999997	0.1323576997913174
2762.725	0.13235928185670548
2762.872	0.13235928185670548
2763.0119999999997	0.13235980921183485
2763.156	0.13236191863235236
2763.2999999999997	0.13236561011825798
2763.444	0.13236719218364612
2763.589	0.13236877424903426
2763.732	0.13236877424903426
2763.8759999999997	0.13237035631442237
2764.019	0.13237035631442237
2764.163	0.13237035631442237
2764.307	0.13237088366955174
2764.451	0.13237404780032802
2764.595	0.13237879399649238
2764.739	0.13238195812726866
2764.8819999999996	0.1323830128375274
2765.026	0.1323830128375274
2765.1699999999996	0.1323851222580449
2765.314	0.13238828638882116
2765.457	0.13238934109907993
2765.602	0.13239197787472679
2765.745	0.13239514200550306
2765.8889999999997	0.13239830613627934
2766.033	0.13240094291192622
2766.1769999999997	0.13240094291192622
2766.321	0.1324014702670556
2766.464	0.1324030523324437
2766.609	0.1324030523324437
2766.752	0.1324030523324437
2766.897	0.1324030523324437
2767.0409999999997	0.1324030523324437
2767.185	0.1324030523324437
2767.3289999999997	0.1324030523324437
2767.4719999999998	0.1324030523324437
2767.616	0.1324030523324437
2767.7599999999998	0.1324030523324437
2767.904	0.13240463439783184
2768.048	0.13240516175296121
2768.192	0.13240516175296121
2768.336	0.13240516175296121
2768.479	0.13240516175296121
2768.623	0.13240516175296121
2768.767	0.13240516175296121
2768.9109999999996	0.13240516175296121
2769.055	0.13240516175296121
2769.1989999999996	0.13240516175296121
2769.3419999999996	0.13240621646321996
2769.486	0.1324072711734787
2769.6299999999997	0.1324072711734787
2769.774	0.13240885323886684
2769.9179999999997	0.13241043530425498
2770.0609999999997	0.13241096265938435
2770.2059999999997	0.13241149001451374
2770.3489999999997	0.13241254472477249
2770.493	0.13241254472477249
2770.6369999999997	0.13241359943503123
2770.781	0.13241412679016062
2770.9249999999997	0.13241412679016062
2771.0679999999998	0.13241412679016062
2771.212	0.13241412679016062
2771.3559999999998	0.13241465414529
2771.5	0.13241465414529
2771.644	0.1324162362106781
2771.788	0.1324162362106781
2771.932	0.1324162362106781
2772.075	0.1324162362106781
2772.219	0.13241781827606625
2772.363	0.132418872986325
2772.5069999999996	0.13242045505171313
2772.651	0.13242203711710127
2772.7949999999996	0.13242361918248938
2772.939	0.13242678331326563
2773.082	0.13242678331326563
2773.2259999999997	0.13242678331326563
2773.37	0.1324294200889125
2773.5139999999997	0.13242678331326563
2773.658	0.13242678331326563
2773.8019999999997	0.13242678331326563
2773.9449999999997	0.13242678331326563
2774.089	0.13242678331326563
2774.2329999999997	0.1324294200889125
2774.377	0.13243047479917125
2774.52	0.13243047479917125
2774.665	0.1324294200889125
2774.808	0.1324294200889125
2774.9519999999998	0.1324294200889125
2775.096	0.1324288927337831
2775.24	0.1324288927337831
2775.384	0.1324288927337831
2775.527	0.1324288927337831
2775.671	0.13242625595813623
2775.815	0.13242414653761875
2775.959	0.13242361918248938
2776.1029999999996	0.13242203711710127
2776.247	0.13242045505171313
2776.3909999999996	0.132418872986325
2776.535	0.132418872986325
2776.678	0.13241781827606625
2776.8219999999997	0.1324162362106781
2776.966	0.1324162362106781
2777.109	0.1324162362106781
2777.254	0.1324162362106781
2777.3979999999997	0.1324162362106781
2777.542	0.1324162362106781
2777.6859999999997	0.1324162362106781
2777.83	0.1324162362106781
2777.973	0.1324162362106781
2778.116	0.1324162362106781
2778.261	0.1324162362106781
2778.404	0.13241465414529
2778.548	0.13241465414529
2778.692	0.13241412679016062
2778.836	0.13241412679016062
2778.98	0.13241412679016062
2779.123	0.13241359943503123
2779.268	0.13241359943503123
2779.4109999999996	0.13241359943503123
2779.555	0.13241359943503123
2779.6989999999996	0.13241254472477249
2779.843	0.13241149001451374
2779.9869999999996	0.13241096265938435
2780.1299999999997	0.13241096265938435
2780.2749999999996	0.13241096265938435
2780.4179999999997	0.13241096265938435
2780.562	0.13241096265938435
2780.7059999999997	0.13241096265938435
2780.85	0.13241043530425498
2780.9939999999997	0.1324093805939962
2781.1369999999997	0.13240779852860807
2781.281	0.1324072711734787
2781.4249999999997	0.13240621646321996
2781.569	0.13240516175296121
2781.7129999999997	0.13240516175296121
2781.857	0.13240463439783184
2782.0009999999997	0.13240463439783184
2782.144	0.13240516175296121
2782.288	0.13240516175296121
2782.432	0.13240516175296121
2782.576	0.13240516175296121
2782.719	0.13240516175296121
2782.864	0.13240463439783184
2783.0069999999996	0.13240463439783184
2783.151	0.13240410704270247
2783.2949999999996	0.1324030523324437
2783.439	0.1324030523324437
2783.5829999999996	0.1324030523324437
2783.7259999999997	0.13240410704270247
2783.8709999999996	0.13240410704270247
2784.0139999999997	0.13240410704270247
2784.158	0.13240410704270247
2784.3019999999997	0.1324030523324437
2784.4469999999997	0.1324030523324437
2784.591	0.1324030523324437
2784.734	0.1324030523324437
2784.8779999999997	0.1324014702670556
2785.022	0.13240094291192622
2785.1659999999997	0.13240094291192622
2785.31	0.13240094291192622
2785.4539999999997	0.13240094291192622
2785.598	0.13240094291192622
2785.741	0.13240094291192622
2785.8849999999998	0.13240094291192622
2786.029	0.13240094291192622
2786.173	0.13240094291192622
2786.317	0.13240094291192622
2786.461	0.13240094291192622
2786.605	0.13240094291192622
2786.748	0.13240094291192622
2786.892	0.13240094291192622
2787.0359999999996	0.13240094291192622
2787.18	0.13240094291192622
2787.3239999999996	0.13240094291192622
2787.468	0.13240094291192622
2787.6119999999996	0.13240094291192622
2787.7549999999997	0.13240094291192622
2787.899	0.13240094291192622
2788.0429999999997	0.13240094291192622
2788.187	0.13240094291192622
2788.3309999999997	0.13240094291192622
2788.4739999999997	0.13240094291192622
2788.618	0.13240094291192622
2788.7619999999997	0.13240094291192622
2788.906	0.13240094291192622
2789.0499999999997	0.13240094291192622
2789.1929999999998	0.13240094291192622
2789.3379999999997	0.13240094291192622
2789.4809999999998	0.1324014702670556
2789.625	0.1324014702670556
2789.769	0.1324014702670556
2789.913	0.1324014702670556
2790.057	0.13240094291192622
2790.2	0.13240094291192622
2790.345	0.13240094291192622
2790.488	0.13240094291192622
2790.6319999999996	0.13240094291192622
2790.776	0.13240094291192622
2790.9199999999996	0.13240094291192622
2791.064	0.13240094291192622
2791.207	0.13240094291192622
2791.3509999999997	0.13240094291192622
2791.495	0.1324014702670556
2791.6389999999997	0.1324030523324437
2791.783	0.1324030523324437
2791.9269999999997	0.13240410704270247
2792.071	0.13240463439783184
2792.214	0.13240516175296121
2792.3579999999997	0.13240516175296121
2792.502	0.13240621646321996
2792.6459999999997	0.1324072711734787
2792.792	0.1324072711734787
2792.9339999999997	0.1324072711734787
2793.0769999999998	0.1324072711734787
2793.221	0.1324072711734787
2793.365	0.1324072711734787
2793.509	0.1324072711734787
2793.653	0.1324072711734787
2793.796	0.1324072711734787
2793.94	0.1324072711734787
2794.084	0.1324072711734787
2794.2279999999996	0.13240621646321996
2794.372	0.13240516175296121
2794.5159999999996	0.13240516175296121
2794.66	0.13240516175296121
2794.803	0.13240516175296121
2794.9469999999997	0.13240516175296121
2795.091	0.13240463439783184
2795.2349999999997	0.13240410704270247
2795.379	0.1324030523324437
2795.5229999999997	0.1324014702670556
2795.667	0.13240094291192622
2795.81	0.13240094291192622
2795.9539999999997	0.1323967240708912
2796.098	0.13239145051959744
2796.2419999999997	0.1323903958093387
2796.386	0.1323903958093387
2796.5299999999997	0.1323903958093387
2796.673	0.1323898684542093
2796.817	0.13238828638882116
2796.961	0.13238828638882116
2797.105	0.1323898684542093
2797.248	0.13238828638882116
2797.393	0.13238564961317428
2797.537	0.13238564961317428
2797.68	0.13238564961317428
2797.8239999999996	0.13238828638882116
2797.968	0.13238828638882116
2798.1119999999996	0.1323898684542093
2798.2549999999997	0.13238828638882116
2798.399	0.13238564961317428
2798.544	0.13238354019265677
2798.687	0.1323830128375274
2798.8309999999997	0.1323830128375274
2798.975	0.1323830128375274
2799.1189999999997	0.13238195812726866
2799.2619999999997	0.13237932135162178
2799.406	0.13237932135162178
2799.5499999999997	0.13237932135162178
2799.694	0.13237932135162178
2799.8379999999997	0.13237932135162178
2799.982	0.13237932135162178
2800.1259999999997	0.13237932135162178
2800.269	0.13237932135162178
2800.4139999999998	0.13237773928623364
2800.557	0.13237721193110427
2800.701	0.13237721193110427
2800.844	0.13237562986571616
2800.989	0.13237562986571616
2801.133	0.13237457515545742
2801.276	0.13237457515545742
2801.4199999999996	0.13237457515545742
2801.565	0.13237457515545742
2801.7079999999996	0.13237457515545742
2801.8529999999996	0.13237457515545742
2801.997	0.13237299309006928
2802.14	0.13237141102468114
2802.2839999999997	0.13237088366955174
2802.428	0.13237035631442237
2802.5719999999997	0.1323693016041636
2802.716	0.1323693016041636
2802.859	0.1323693016041636
2803.004	0.1323693016041636
2803.147	0.1323677195387755
2803.2909999999997	0.1323693016041636
2803.435	0.1323693016041636
2803.5789999999997	0.1323693016041636
2803.723	0.13237088366955174
2803.866	0.13237141102468114
2804.0099999999998	0.13237299309006928
2804.154	0.13237457515545742
2804.298	0.13237457515545742
2804.442	0.13237457515545742
2804.586	0.13237457515545742
2804.73	0.13237457515545742
2804.873	0.13237457515545742
2805.017	0.13237457515545742
2805.1609999999996	0.13237457515545742
2805.305	0.13237457515545742
2805.4489999999996	0.13237457515545742
2805.593	0.13237457515545742
2805.7369999999996	0.13237457515545742
2805.8799999999997	0.13237457515545742
2806.024	0.13237457515545742
2806.1679999999997	0.13237562986571616
2806.312	0.13237721193110427
2806.4559999999997	0.13237773928623364
2806.5989999999997	0.13237932135162178
2806.743	0.13237932135162178
2806.8869999999997	0.13238195812726866
2807.031	0.1323830128375274
2807.1749999999997	0.1323830128375274
2807.3179999999998	0.13238354019265677
2807.462	0.13238670432343302
2807.6059999999998	0.13238670432343302
2807.75	0.13238670432343302
2807.895	0.13238670432343302
2808.038	0.13238670432343302
2808.182	0.1323898684542093
2808.325	0.1323903958093387
2808.469	0.1323903958093387
2808.613	0.1323903958093387
2808.7569999999996	0.1323903958093387
2808.901	0.13239145051959744
2809.0449999999996	0.1323967240708912
2809.189	0.13240094291192622
2809.332	0.13240094291192622
2809.4759999999997	0.1323967240708912
2809.62	0.13239145051959744
2809.7639999999997	0.13239145051959744
2809.9069999999997	0.1323903958093387
2810.0519999999997	0.1323903958093387
2810.1949999999997	0.1323903958093387
2810.339	0.1323903958093387
2810.4829999999997	0.13238723167856242
2810.627	0.13238354019265677
2810.7709999999997	0.1323830128375274
2810.9139999999998	0.13238195812726866
2811.058	0.13237932135162178
2811.2019999999998	0.13237773928623364
2811.346	0.13237721193110427
2811.49	0.13237721193110427
2811.634	0.13237721193110427
2811.778	0.13237721193110427
2811.921	0.13237721193110427
2812.065	0.13237721193110427
2812.209	0.13237721193110427
2812.3529999999996	0.13237721193110427
2812.497	0.13237721193110427
2812.6409999999996	0.13237562986571616
2812.785	0.13237457515545742
2812.928	0.13237457515545742
2813.0719999999997	0.13237457515545742
2813.216	0.13237562986571616
2813.3599999999997	0.13237562986571616
2813.504	0.13237562986571616
2813.6479999999997	0.13237457515545742
2813.7909999999997	0.13237457515545742
2813.935	0.13237457515545742
2814.0789999999997	0.13237457515545742
2814.223	0.13237457515545742
2814.366	0.13237457515545742
2814.511	0.13237457515545742
2814.654	0.13237457515545742
2814.798	0.13237457515545742
2814.942	0.13237457515545742
2815.086	0.13237457515545742
2815.23	0.13237299309006928
2815.373	0.13237299309006928
2815.517	0.13237299309006928
2815.6609999999996	0.13237299309006928
2815.805	0.13237299309006928
2815.9489999999996	0.13237299309006928
2816.093	0.13237141102468114
2816.2369999999996	0.13237088366955174
2816.3799999999997	0.13237088366955174
2816.524	0.13237088366955174
2816.6679999999997	0.13237088366955174
2816.812	0.1323693016041636
2816.955	0.1323693016041636
2817.0989999999997	0.1323693016041636
2817.243	0.1323693016041636
2817.3869999999997	0.1323693016041636
2817.531	0.1323693016041636
2817.6749999999997	0.1323693016041636
2817.819	0.13237088366955174
2817.962	0.13237088366955174
2818.1059999999998	0.13237141102468114
2818.25	0.13237088366955174
2818.394	0.1323693016041636
2818.538	0.1323693016041636
2818.682	0.13237088366955174
2818.826	0.13237141102468114
2818.969	0.13237141102468114
2819.113	0.13237246573493988
2819.2569999999996	0.13237404780032802
2819.402	0.13237404780032802
2819.546	0.13237246573493988
2819.69	0.13237246573493988
2819.8329999999996	0.13237141102468114
2819.977	0.13237088366955174
2820.1209999999996	0.13237035631442237
2820.265	0.1323693016041636
2820.4089999999997	0.13236824689390486
2820.5519999999997	0.1323677195387755
2820.6969999999997	0.13236455540799924
2820.8399999999997	0.13236086392209362
2820.984	0.13235980921183485
2821.1279999999997	0.13235980921183485
2821.272	0.13235980921183485
2821.4159999999997	0.13235980921183485
2821.5589999999997	0.13235980921183485
2821.703	0.13235822714644674
2821.8469999999998	0.13235611772592926
2821.991	0.13235453566054112
2822.1349999999998	0.13235348095028238
2822.279	0.13235348095028238
2822.422	0.13235295359515298
2822.566	0.13235137152976484
2822.71	0.13235137152976484
2822.857	0.13235137152976484
2822.998	0.13235137152976484
2823.142	0.13235137152976484
2823.2859999999996	0.13235137152976484
2823.4289999999996	0.13235137152976484
2823.573	0.1323503168195061
2823.7169999999996	0.1323503168195061
2823.861	0.13234873475411796
2824.004	0.13234873475411796
2824.1479999999997	0.13234873475411796
2824.292	0.13234873475411796
2824.4359999999997	0.13234873475411796
2824.58	0.13234873475411796
2824.7239999999997	0.13234873475411796
2824.868	0.13234715268872985
2825.011	0.13234662533360048
2825.1549999999997	0.13234662533360048
2825.299	0.13234662533360048
2825.4429999999998	0.13234662533360048
2825.586	0.1323460979784711
2825.7309999999998	0.1323460979784711
2825.875	0.13234504326821234
2826.018	0.1323460979784711
2826.162	0.1323460979784711
2826.306	0.13234662533360048
2826.45	0.13234715268872985
2826.593	0.13234873475411796
2826.738	0.1323503168195061
2826.881	0.1323503168195061
2827.0249999999996	0.1323503168195061
2827.169	0.1323503168195061
2827.3129999999996	0.13235137152976484
2827.457	0.13235295359515298
2827.6	0.13235295359515298
2827.745	0.13235295359515298
2827.888	0.13235295359515298
2828.0319999999997	0.13235295359515298
2828.176	0.13235295359515298
2828.3199999999997	0.13235295359515298
2828.464	0.13235295359515298
2828.607	0.13235295359515298
2828.7509999999997	0.13235295359515298
2828.895	0.13235295359515298
2829.0389999999998	0.13235295359515298
2829.183	0.13235295359515298
2829.3269999999998	0.13235295359515298
2829.471	0.13235295359515298
2829.614	0.13235295359515298
2829.758	0.13235295359515298
2829.902	0.13235348095028238
2830.046	0.13235348095028238
2830.19	0.13235348095028238
2830.334	0.13235453566054112
2830.477	0.13235453566054112
2830.6209999999996	0.13235453566054112
2830.765	0.13235453566054112
2830.9089999999997	0.13235453566054112
2831.0519999999997	0.13235453566054112
2831.196	0.13235611772592926
2831.3399999999997	0.13235822714644674
2831.484	0.13235980921183485
2831.6279999999997	0.13235980921183485
2831.772	0.13236086392209362
2831.9159999999997	0.1323635006977405
2832.0589999999997	0.13236613747338738
2832.203	0.1323677195387755
2832.3469999999998	0.1323677195387755
2832.491	0.1323677195387755
2832.6349999999998	0.13236613747338738
2832.779	0.1323635006977405
2832.923	0.13236086392209362
2833.066	0.13236086392209362
2833.21	0.13236086392209362
2833.354	0.13235980921183485
2833.498	0.13235980921183485
2833.6409999999996	0.13236086392209362
2833.7859999999996	0.13236086392209362
2833.9289999999996	0.13236086392209362
2834.073	0.13235980921183485
2834.2169999999996	0.13235980921183485
2834.361	0.13235980921183485
2834.5049999999997	0.13235980921183485
2834.6479999999997	0.13235980921183485
2834.792	0.13235980921183485
2834.9359999999997	0.13235980921183485
2835.08	0.13235980921183485
2835.2239999999997	0.13235822714644674
2835.368	0.13235980921183485
2835.5119999999997	0.13236086392209362
2835.6549999999997	0.13236086392209362
2835.799	0.13236086392209362
2835.9429999999998	0.13236297334261113
2836.087	0.13236455540799924
2836.2309999999998	0.13236613747338738
2836.375	0.1323677195387755
2836.518	0.13236824689390486
2836.662	0.1323693016041636
2836.806	0.13237035631442237
2836.951	0.13237088366955174
2837.094	0.13237141102468114
2837.239	0.13237246573493988
2837.383	0.13237404780032802
2837.526	0.13237457515545742
2837.6699999999996	0.13237457515545742
2837.817	0.13237457515545742
2837.9579999999996	0.13237457515545742
2838.1009999999997	0.13237615722084553
2838.2459999999996	0.13237879399649238
2838.3889999999997	0.13237879399649238
2838.533	0.13237984870675115
2838.6769999999997	0.13237984870675115
2838.821	0.13237984870675115
2838.9649999999997	0.13238037606188052
2839.1079999999997	0.13238037606188052
2839.252	0.13238037606188052
2839.3959999999997	0.13237984870675115
2839.54	0.13237984870675115
2839.6839999999997	0.13237984870675115
2839.828	0.13237984870675115
2839.9719999999998	0.13238037606188052
2840.115	0.13237984870675115
2840.259	0.13238037606188052
2840.403	0.1323809034170099
2840.547	0.1323809034170099
2840.691	0.1323809034170099
2840.835	0.1323809034170099
2840.9779999999996	0.1323809034170099
2841.122	0.1323809034170099
2841.2659999999996	0.1323809034170099
2841.41	0.1323809034170099
2841.5539999999996	0.13238195812726866
2841.698	0.13238195812726866
2841.8419999999996	0.13238195812726866
2841.986	0.13238195812726866
2842.129	0.1323830128375274
2842.2729999999997	0.1323830128375274
2842.417	0.1323830128375274
2842.5609999999997	0.1323830128375274
2842.7039999999997	0.1323830128375274
2842.848	0.1323830128375274
2842.9919999999997	0.1323830128375274
2843.136	0.13238354019265677
2843.2799999999997	0.1323851222580449
2843.424	0.13238670432343305
2843.5679999999998	0.13238723167856242
2843.711	0.13238723167856242
2843.855	0.13238828638882116
2843.999	0.13238828638882116
2844.143	0.13238828638882116
2844.287	0.13238828638882116
2844.431	0.13238828638882116
2844.575	0.13238934109907993
2844.718	0.1323898684542093
2844.8619999999996	0.13238934109907993
2845.006	0.13238828638882116
2845.149	0.13238828638882116
2845.294	0.13238934109907993
2845.4379999999996	0.1323898684542093
2845.5809999999997	0.13239145051959744
2845.725	0.13239145051959744
2845.8689999999997	0.13239355994011492
2846.013	0.13239461465037367
2846.1569999999997	0.1323967240708912
2846.301	0.13239988820166748
2846.444	0.13240094291192622
2846.5879999999997	0.13240094291192622
2846.732	0.13240094291192622
2846.8759999999997	0.13240094291192622
2847.02	0.13240094291192622
2847.163	0.13240094291192622
2847.308	0.13240094291192622
2847.451	0.13240094291192622
2847.595	0.13240094291192622
2847.739	0.13240094291192622
2847.883	0.1324014702670556
2848.027	0.1324014702670556
2848.1699999999996	0.1324014702670556
2848.314	0.1324014702670556
2848.4579999999996	0.13240094291192622
2848.602	0.13240094291192622
2848.7459999999996	0.13240094291192622
2848.89	0.13240094291192622
2849.0339999999997	0.13240094291192622
2849.1769999999997	0.13240094291192622
2849.321	0.13240094291192622
2849.4649999999997	0.13240094291192622
2849.609	0.1324014702670556
2849.752	0.1324035796875731
2849.897	0.13240621646321996
2850.0409999999997	0.13240621646321996
2850.1839999999997	0.13240621646321996
2850.328	0.13240621646321996
2850.4719999999998	0.13240621646321996
2850.616	0.13240621646321996
2850.759	0.1324072711734787
2850.904	0.1324072711734787
2851.047	0.1324093805939962
2851.191	0.1324093805939962
2851.335	0.1324093805939962
2851.479	0.1324093805939962
2851.623	0.1324093805939962
2851.7659999999996	0.1324093805939962
2851.9109999999996	0.1324093805939962
2852.0539999999996	0.1324093805939962
2852.198	0.1324093805939962
2852.3419999999996	0.1324093805939962
2852.486	0.1324093805939962
2852.6299999999997	0.13241149001451374
2852.7729999999997	0.13241149001451374
2852.9199999999996	0.13241149001451374
2853.0609999999997	0.13241149001451374
2853.205	0.13241149001451374
2853.3489999999997	0.13241254472477249
2853.493	0.13241359943503123
2853.6369999999997	0.13241359943503123
2853.7799999999997	0.13241359943503123
2853.924	0.13241412679016062
2854.0679999999998	0.13241412679016062
2854.212	0.13241412679016062
2854.357	0.13241570885554876
2854.5009999999997	0.1324167635658075
2854.644	0.1324167635658075
2854.788	0.1324167635658075
2854.932	0.1324167635658075
2855.076	0.1324167635658075
2855.219	0.1324167635658075
2855.364	0.13241729092093688
2855.508	0.13241729092093688
2855.651	0.13241729092093688
2855.7949999999996	0.13241729092093688
2855.939	0.1324167635658075
2856.0829999999996	0.1324167635658075
2856.2259999999997	0.13241570885554876
2856.3709999999996	0.13241570885554876
2856.515	0.13241412679016062
2856.658	0.13241359943503123
2856.8019999999997	0.13241359943503123
2856.946	0.13241254472477249
2857.0899999999997	0.1324093805939962
2857.2329999999997	0.1324072711734787
2857.3779999999997	0.1324072711734787
2857.5209999999997	0.13240621646321996
2857.665	0.1324035796875731
2857.8089999999997	0.1324014702670556
2857.953	0.13240094291192622
2858.0969999999998	0.13240094291192622
2858.24	0.13240094291192622
2858.384	0.13240094291192622
2858.528	0.13240094291192622
2858.672	0.13240094291192622
2858.816	0.13240094291192622
2858.96	0.13240094291192622
2859.104	0.13240094291192622
2859.247	0.13240094291192622
2859.3909999999996	0.13240094291192622
2859.535	0.13240094291192622
2859.6789999999996	0.13240094291192622
2859.8219999999997	0.13240094291192622
2859.9669999999996	0.1324014702670556
2860.111	0.1324014702670556
2860.254	0.1324035796875731
2860.3979999999997	0.1324035796875731
2860.542	0.1324035796875731
2860.6859999999997	0.1324035796875731
2860.8289999999997	0.1324035796875731
2860.9739999999997	0.1324035796875731
2861.1169999999997	0.13240621646321996
2861.261	0.13240621646321996
2861.4069999999997	0.1324072711734787
2861.549	0.1324072711734787
2861.6929999999998	0.1324093805939962
2861.836	0.1324072711734787
2861.98	0.1324072711734787
2862.124	0.13240621646321996
2862.268	0.13240463439783184
2862.412	0.1324030523324437
2862.556	0.1324014702670556
2862.7	0.13240094291192622
2862.843	0.13240094291192622
2862.9869999999996	0.13240094291192622
2863.131	0.13240094291192622
2863.2749999999996	0.13240094291192622
2863.419	0.13239988820166748
2863.5629999999996	0.13239725142602057
2863.707	0.13239725142602057
2863.85	0.13239725142602057
2863.9939999999997	0.13239725142602057
2864.138	0.13239988820166748
2864.2819999999997	0.13240094291192622
2864.426	0.13240094291192622
2864.5699999999997	0.13240094291192622
2864.714	0.13240094291192622
2864.857	0.13240094291192622
2865.0009999999997	0.13240094291192622
2865.145	0.13240094291192622
2865.288	0.13240094291192622
2865.433	0.13240094291192622
2865.5769999999998	0.13240094291192622
2865.72	0.13240094291192622
2865.864	0.13239988820166748
2866.008	0.13239725142602057
2866.152	0.13239725142602057
2866.2949999999996	0.13239725142602057
2866.44	0.13239725142602057
2866.5829999999996	0.13239725142602057
2866.727	0.13239725142602057
2866.8709999999996	0.13239566936063243
2867.015	0.13239725142602057
2867.1589999999997	0.13239988820166748
2867.303	0.13240094291192622
2867.446	0.13240094291192622
2867.5899999999997	0.13240094291192622
2867.734	0.13240094291192622
2867.881	0.13240094291192622
2868.022	0.13240094291192622
2868.1659999999997	0.13240094291192622
2868.31	0.13240094291192622
2868.453	0.1324014702670556
2868.5969999999998	0.1324030523324437
2868.741	0.13240568910809059
2868.8849999999998	0.13240568910809059
2869.029	0.13240568910809059
2869.173	0.1324030523324437
2869.316	0.1324014702670556
2869.46	0.13240094291192622
2869.604	0.13240094291192622
2869.748	0.13240094291192622
2869.8909999999996	0.13240094291192622
2870.0359999999996	0.13240094291192622
2870.1789999999996	0.13240094291192622
2870.323	0.13240094291192622
2870.4669999999996	0.13240094291192622
2870.611	0.13240094291192622
2870.7549999999997	0.13240094291192622
2870.8979999999997	0.13240094291192622
2871.042	0.13240094291192622
2871.1859999999997	0.13240094291192622
2871.33	0.13240094291192622
2871.4739999999997	0.1324014702670556
2871.618	0.1324030523324437
2871.7619999999997	0.13240568910809059
2871.906	0.1324072711734787
2872.0499999999997	0.1324072711734787
2872.194	0.1324072711734787
2872.3379999999997	0.1324072711734787
2872.4809999999998	0.13240779852860807
2872.6259999999997	0.13240832588373747
2872.77	0.1324099079491256
2872.913	0.13241149001451374
2873.057	0.13241254472477249
2873.201	0.13241254472477249
2873.345	0.13241149001451374
2873.489	0.1324099079491256
2873.633	0.13240832588373747
2873.776	0.13240832588373747
2873.9199999999996	0.13240832588373747
2874.064	0.1324099079491256
2874.2079999999996	0.13241149001451374
2874.352	0.13241254472477249
2874.495	0.13241412679016062
2874.64	0.13241412679016062
2874.783	0.1324162362106781
2874.9269999999997	0.13241781827606625
2875.071	0.132418872986325
2875.2149999999997	0.13242045505171313
2875.359	0.13242203711710127
2875.502	0.13242203711710127
2875.6459999999997	0.13242203711710127
2875.79	0.13242203711710127
2875.9339999999997	0.13242361918248938
2876.078	0.13242414653761875
2876.2219999999998	0.1324252012478775
2876.366	0.13242625595813623
2876.509	0.13242625595813623
2876.653	0.13242625595813623
2876.797	0.13242731066839497
2876.941	0.13242731066839497
2877.085	0.13242731066839497
2877.229	0.13242731066839497
2877.373	0.13242836537865374
2877.5159999999996	0.1324288927337831
2877.66	0.13243047479917125
2877.8039999999996	0.13243047479917125
2877.9469999999997	0.13243047479917125
2878.0919999999996	0.13243047479917125
2878.2349999999997	0.13243152950943
2878.379	0.13243152950943
2878.5229999999997	0.13243152950943
2878.667	0.13243152950943
2878.8109999999997	0.13243152950943
2878.9539999999997	0.13243152950943
2879.0989999999997	0.13243152950943
2879.2419999999997	0.13243152950943
2879.386	0.13243152950943
2879.5299999999997	0.13243152950943
2879.674	0.13243152950943
2879.8179999999998	0.13243152950943
2879.961	0.13243152950943
2880.105	0.13243152950943
2880.249	0.13243152950943
2880.393	0.13243152950943
2880.5359999999996	0.13243152950943
2880.681	0.13243152950943
2880.825	0.13243152950943
2880.968	0.13243047479917125
2881.1119999999996	0.13243047479917125
2881.256	0.13243047479917125
2881.3999999999996	0.13243047479917125
2881.5429999999997	0.13243047479917125
2881.6879999999996	0.13243047479917125
2881.8309999999997	0.13243152950943
2881.975	0.13243152950943
2882.1189999999997	0.13243152950943
2882.263	0.13243152950943
2882.4069999999997	0.13243152950943
2882.5499999999997	0.13243152950943
2882.694	0.13243152950943
2882.8419999999996	0.13243152950943
2882.982	0.13243152950943
2883.1259999999997	0.1324320568645594
2883.27	0.13243258421968876
2883.4139999999998	0.13243258421968876
2883.557	0.13243363892994753
2883.701	0.13243522099533564
2883.845	0.13243680306072375
2883.989	0.13243785777098252
2884.133	0.1324383851261119
2884.277	0.13243891248124126
2884.421	0.13243996719150003
2884.564	0.13244154925688814
2884.7079999999996	0.1324420766120175
2884.852	0.1324420766120175
2884.9959999999996	0.1324420766120175
2885.14	0.1324420766120175
2885.2839999999997	0.13244313132227625
2885.4269999999997	0.13244418603253502
2885.571	0.1324447133876644
2885.7149999999997	0.1324447133876644
2885.859	0.1324447133876644
2886.0029999999997	0.1324447133876644
2886.147	0.1324447133876644
2886.2909999999997	0.1324447133876644
2886.4339999999997	0.1324447133876644
2886.578	0.1324447133876644
2886.7219999999998	0.1324447133876644
2886.866	0.1324447133876644
2887.009	0.1324447133876644
2887.154	0.1324447133876644
2887.297	0.1324447133876644
2887.441	0.1324447133876644
2887.585	0.13244418603253502
2887.729	0.13244418603253502
2887.873	0.13244313132227625
2888.0159999999996	0.1324420766120175
2888.16	0.1324420766120175
2888.3039999999996	0.13244154925688814
2888.448	0.13244154925688814
2888.5919999999996	0.13243996719150003
2888.736	0.13244154925688814
2888.8799999999997	0.1324420766120175
2889.0229999999997	0.13244313132227625
2889.167	0.13244418603253502
2889.312	0.13244313132227625
2889.4559999999997	0.13244313132227625
2889.5989999999997	0.13244418603253502
2889.743	0.1324447133876644
2889.8869999999997	0.13244629545305253
2890.031	0.13244629545305253
2890.1749999999997	0.13244629545305253
2890.319	0.1324473501633113
2890.4629999999997	0.1324473501633113
2890.6059999999998	0.1324473501633113
2890.75	0.13244629545305253
2890.894	0.13244629545305253
2891.038	0.1324473501633113
2891.182	0.1324473501633113
2891.326	0.1324473501633113
2891.47	0.1324473501633113
2891.613	0.1324473501633113
2891.7569999999996	0.1324473501633113
2891.901	0.1324473501633113
2892.044	0.1324473501633113
2892.189	0.1324473501633113
2892.332	0.1324489322286994
2892.4759999999997	0.1324520963594757
2892.62	0.13245420577999317
2892.7639999999997	0.1324557878453813
2892.908	0.13245420577999317
2893.051	0.1324520963594757
2893.196	0.1324520963594757
2893.339	0.13245051429408755
2893.4829999999997	0.1324489322286994
2893.627	0.1324473501633113
2893.7709999999997	0.1324489322286994
2893.915	0.1324473501633113
2894.058	0.1324473501633113
2894.2019999999998	0.1324473501633113
2894.346	0.1324473501633113
2894.49	0.1324473501633113
2894.633	0.1324489322286994
2894.781	0.13245051429408755
2894.9199999999996	0.1324520963594757
2895.065	0.13245420577999317
2895.209	0.1324557878453813
2895.3529999999996	0.13245684255564005
2895.497	0.13245684255564005
2895.64	0.13245684255564005
2895.785	0.13245684255564005
2895.928	0.13246000668641633
2896.0719999999997	0.13246422552745132
2896.216	0.13246580759283944
2896.3599999999997	0.13246633494796883
2896.504	0.13246633494796883
2896.647	0.13246633494796883
2896.7909999999997	0.13246633494796883
2896.935	0.13246633494796883
2897.0789999999997	0.13246633494796883
2897.223	0.13246633494796883
2897.3669999999997	0.13246633494796883
2897.511	0.13246633494796883
2897.654	0.13246738965822757
2897.798	0.1324689717236157
2897.9449999999997	0.13246949907874508
2898.086	0.13246949907874508
2898.23	0.1324689717236157
2898.374	0.1324689717236157
2898.518	0.1324689717236157
2898.6609999999996	0.13246949907874508
2898.805	0.13247055378900385
2898.9489999999996	0.13247055378900385
2899.0919999999996	0.1324716084992626
2899.2369999999996	0.132472135854392
2899.3799999999997	0.13247266320952136
2899.524	0.13247371791978013
2899.6679999999997	0.13247371791978013
2899.812	0.13247266320952136
2899.9559999999997	0.132472135854392
2900.0989999999997	0.132472135854392
2900.2439999999997	0.132472135854392
2900.3869999999997	0.132472135854392
2900.531	0.132472135854392
2900.6749999999997	0.132472135854392
2900.819	0.132472135854392
2900.9629999999997	0.132472135854392
2901.1059999999998	0.132472135854392
2901.25	0.13247266320952136
2901.394	0.13247266320952136
2901.538	0.13247266320952136
2901.682	0.13247266320952136
2901.826	0.13247266320952136
2901.97	0.13247266320952136
2902.113	0.13247371791978013
2902.2569999999996	0.13247477263003887
2902.401	0.13247477263003887
2902.5449999999996	0.13247477263003887
2902.6879999999996	0.13247477263003887
2902.8329999999996	0.13247477263003887
2902.9759999999997	0.13247371791978013
2903.12	0.13247477263003887
2903.2639999999997	0.13247477263003887
2903.408	0.13247477263003887
2903.5519999999997	0.13247477263003887
2903.6949999999997	0.13247477263003887
2903.839	0.13247477263003887
2903.9829999999997	0.13247371791978013
2904.127	0.13247266320952136
2904.2709999999997	0.13247266320952136
2904.415	0.13247266320952136
2904.5589999999997	0.132472135854392
2904.7019999999998	0.13247055378900385
2904.846	0.1324689717236157
2904.99	0.13246738965822757
2905.134	0.13246633494796883
2905.278	0.13246633494796883
2905.422	0.13246633494796883
2905.565	0.13246738965822757
2905.709	0.13246633494796883
2905.8529999999996	0.13246633494796883
2905.997	0.13246633494796883
2906.14	0.13246633494796883
2906.285	0.13246633494796883
2906.428	0.13246580759283944
2906.5719999999997	0.13246633494796883
2906.716	0.13246738965822757
2906.861	0.1324689717236157
2907.0049999999997	0.13247055378900385
2907.1479999999997	0.1324716084992626
2907.292	0.132472135854392
2907.4359999999997	0.13247266320952136
2907.58	0.13247266320952136
2907.7239999999997	0.13247371791978013
2907.868	0.13247477263003887
2908.0119999999997	0.13247477263003887
2908.1549999999997	0.13247477263003887
2908.299	0.13247688205055635
2908.4429999999998	0.13247688205055635
2908.587	0.1324800461813326
2908.732	0.13248110089159135
2908.875	0.13248110089159135
2909.018	0.1324800461813326
2909.162	0.13247688205055635
2909.306	0.13247477263003887
2909.45	0.13247688205055635
2909.594	0.13247688205055635
2909.7369999999996	0.13247688205055635
2909.8819999999996	0.13247688205055635
2910.0249999999996	0.13247688205055635
2910.169	0.13247477263003887
2910.3129999999996	0.13247477263003887
2910.457	0.13247477263003887
2910.6009999999997	0.13247688205055635
2910.7439999999997	0.13247688205055635
2910.888	0.13247688205055635
2911.0319999999997	0.13247688205055635
2911.176	0.1324800461813326
2911.3199999999997	0.13248110089159135
2911.464	0.13248110089159135
2911.6079999999997	0.13248110089159135
2911.7509999999997	0.13248321031210886
2911.895	0.13248321031210886
2912.0389999999998	0.13248110089159135
2912.183	0.13248110089159135
2912.326	0.13248110089159135
2912.471	0.13248110089159135
2912.614	0.13248110089159135
2912.758	0.13248110089159135
2912.9049999999997	0.13248110089159135
2913.046	0.13248110089159135
2913.19	0.13248321031210886
2913.3329999999996	0.13248637444288514
2913.4779999999996	0.13248742915314388
2913.6209999999996	0.13248742915314388
2913.765	0.13249006592879076
2913.9089999999997	0.132493230059567
2914.053	0.13249481212495512
2914.1969999999997	0.1324958668352139
2914.3399999999997	0.132497448900602
2914.484	0.13249903096599014
2914.6279999999997	0.13249903096599014
2914.772	0.13249903096599014
2914.9159999999997	0.13249903096599014
2915.06	0.13249903096599014
2915.2039999999997	0.13249903096599014
2915.3469999999998	0.1324995583211195
2915.491	0.13250114038650762
2915.6349999999998	0.1324995583211195
2915.779	0.1324995583211195
2915.923	0.13250114038650762
2916.067	0.13250272245189576
2916.211	0.13250324980702516
2916.354	0.13250588658267204
2916.498	0.1325090507134483
2916.642	0.1325106327788364
2916.7859999999996	0.1325106327788364
2916.93	0.1325106327788364
2917.0739999999996	0.1325106327788364
2917.2169999999996	0.1325106327788364
2917.361	0.1325090507134483
2917.5049999999997	0.13250588658267204
2917.649	0.13250588658267204
2917.792	0.13250324980702516
2917.937	0.13250324980702516
2918.08	0.13250324980702516
2918.2239999999997	0.13250324980702516
2918.368	0.13250324980702516
2918.5119999999997	0.13250324980702516
2918.656	0.13250324980702516
2918.801	0.13250272245189576
2918.942	0.13250114038650762
2919.087	0.1324995583211195
2919.2309999999998	0.1324995583211195
2919.375	0.1324995583211195
2919.519	0.13250114038650762
2919.663	0.13250272245189576
2919.806	0.13250324980702516
2919.95	0.1325048318724133
2920.094	0.1325048318724133
2920.238	0.13250746864806018
2920.3819999999996	0.1325090507134483
2920.526	0.1325106327788364
2920.6699999999996	0.13251221484422454
2920.8129999999996	0.13251379690961268
2920.957	0.13251485161987142
2921.1009999999997	0.1325174883955183
2921.245	0.1325174883955183
2921.388	0.1325174883955183
2921.533	0.13251485161987142
2921.6769999999997	0.13251379690961268
2921.8199999999997	0.13251221484422454
2921.964	0.1325106327788364
2922.1079999999997	0.1325090507134483
2922.252	0.1325106327788364
2922.395	0.1325106327788364
2922.5389999999998	0.1325106327788364
2922.683	0.1325106327788364
2922.8269999999998	0.1325106327788364
2922.971	0.1325090507134483
2923.115	0.1325090507134483
2923.259	0.1325090507134483
2923.402	0.13250746864806018
2923.546	0.1325048318724133
2923.69	0.1325048318724133
2923.834	0.1325048318724133
2923.9779999999996	0.1325048318724133
2924.122	0.1325048318724133
2924.267	0.1325048318724133
2924.41	0.13250324980702516
2924.5539999999996	0.13250272245189576
2924.698	0.13250114038650762
2924.8419999999996	0.1324995583211195
2924.986	0.13249903096599014
2925.1299999999997	0.132497448900602
2925.2729999999997	0.1324958668352139
2925.417	0.13249481212495512
2925.5609999999997	0.13249375741469638
2925.705	0.132493230059567
2925.8489999999997	0.13248901121853202
2925.993	0.132484792377497
2926.1369999999997	0.132484792377497
2926.2799999999997	0.132484792377497
2926.424	0.132484792377497
2926.5679999999998	0.1324826829569795
2926.712	0.13248110089159135
2926.855	0.13248110089159135
2927.0	0.13248110089159135
2927.144	0.13248110089159135
2927.287	0.13248110089159135
2927.431	0.13248110089159135
2927.575	0.1324800461813326
2927.719	0.1324800461813326
2927.865	0.1324800461813326
2928.006	0.1324800461813326
2928.1499999999996	0.13247899147107386
2928.294	0.13247899147107386
2928.4379999999996	0.13247899147107386
2928.582	0.13247899147107386
2928.7259999999997	0.13247899147107386
2928.8689999999997	0.13247899147107386
2929.013	0.13247688205055635
2929.1569999999997	0.13247688205055635
2929.301	0.13247688205055635
2929.444	0.13247688205055635
2929.589	0.13247688205055635
2929.7329999999997	0.13247688205055635
2929.8759999999997	0.13247688205055635
2930.02	0.13247688205055635
2930.1639999999998	0.13247688205055635
2930.308	0.13247477263003887
2930.451	0.13247477263003887
2930.596	0.13247477263003887
2930.739	0.13247477263003887
2930.883	0.13247477263003887
2931.027	0.13247477263003887
2931.171	0.13247477263003887
2931.315	0.13247477263003887
2931.4579999999996	0.13247477263003887
2931.6029999999996	0.13247477263003887
2931.7459999999996	0.13247477263003887
2931.89	0.13247371791978013
2932.0339999999997	0.13247266320952136
2932.178	0.132472135854392
2932.3219999999997	0.1324716084992626
2932.4649999999997	0.1324716084992626
2932.609	0.1324716084992626
2932.7529999999997	0.132472135854392
2932.897	0.132472135854392
2933.0409999999997	0.1324716084992626
2933.185	0.1324716084992626
2933.3289999999997	0.1324716084992626
2933.4719999999998	0.13247055378900385
2933.616	0.1324689717236157
2933.7599999999998	0.1324689717236157
2933.904	0.1324689717236157
2934.048	0.13246738965822757
2934.192	0.13246633494796883
2934.336	0.13246633494796883
2934.479	0.13246633494796883
2934.623	0.13246633494796883
2934.767	0.13246633494796883
2934.9109999999996	0.13246633494796883
2935.055	0.13246633494796883
2935.1989999999996	0.13246633494796883
2935.3419999999996	0.13246633494796883
2935.486	0.13246633494796883
2935.6299999999997	0.13246580759283944
2935.774	0.13246528023771006
2935.9179999999997	0.13246528023771006
2936.062	0.13246580759283944
2936.2059999999997	0.13246528023771006
2936.3489999999997	0.13246528023771006
2936.493	0.13246422552745132
2936.6369999999997	0.13246422552745132
2936.781	0.13246317081719258
2936.9249999999997	0.13246317081719258
2937.069	0.13246317081719258
2937.2129999999997	0.13246158875180447
2937.3559999999998	0.13246158875180447
2937.5	0.1324584246210282
2937.644	0.13245684255564005
2937.788	0.13245684255564005
2937.931	0.13245684255564005
2938.075	0.13245684255564005
2938.219	0.13245684255564005
2938.363	0.13245684255564005
2938.5069999999996	0.13245684255564005
2938.651	0.13245684255564005
2938.7949999999996	0.13245684255564005
2938.9379999999996	0.13245684255564005
2939.082	0.13245684255564005
2939.2259999999997	0.13245684255564005
2939.37	0.13245684255564005
2939.513	0.13245684255564005
2939.658	0.13245684255564005
2939.8019999999997	0.13245684255564005
2939.9449999999997	0.1324557878453813
2940.089	0.13245473313512254
2940.2329999999997	0.13245473313512254
2940.377	0.13245473313512254
2940.52	0.1324557878453813
2940.665	0.1324557878453813
2940.808	0.13245684255564005
2940.9519999999998	0.1324584246210282
2941.096	0.13246158875180447
2941.24	0.13246158875180447
2941.384	0.13246158875180447
2941.527	0.13246317081719258
2941.671	0.13246422552745132
2941.816	0.13246528023771006
2941.96	0.13246422552745132
2942.104	0.13246422552745132
2942.248	0.13246528023771006
2942.392	0.13246528023771006
2942.535	0.13246422552745132
2942.6789999999996	0.13246422552745132
2942.823	0.13246422552745132
2942.968	0.13246422552745132
2943.111	0.13246422552745132
2943.2549999999997	0.13246528023771006
2943.399	0.13246528023771006
2943.542	0.13246580759283944
2943.6859999999997	0.13246633494796883
2943.83	0.13246738965822757
2943.9739999999997	0.13247002643387445
2944.118	0.13247002643387445
2944.2619999999997	0.1324716084992626
2944.406	0.1324716084992626
2944.549	0.132472135854392
2944.6929999999998	0.13247266320952136
2944.837	0.13247266320952136
2944.98	0.132472135854392
2945.125	0.1324716084992626
2945.269	0.1324716084992626
2945.412	0.13247002643387445
2945.556	0.13246738965822757
2945.7	0.13246633494796883
2945.844	0.13246580759283944
2945.9869999999996	0.13246580759283944
2946.1319999999996	0.13246528023771006
2946.2749999999996	0.13246528023771006
2946.419	0.13246422552745132
2946.564	0.13246317081719258
2946.707	0.13246317081719258
2946.8509999999997	0.13246158875180447
2946.9939999999997	0.13246158875180447
2947.1389999999997	0.1324584246210282
2947.2819999999997	0.13245684255564005
2947.426	0.13245684255564005
2947.5699999999997	0.1324584246210282
2947.714	0.1324584246210282
2947.8579999999997	0.1324584246210282
2948.0009999999997	0.1324584246210282
2948.145	0.13245684255564005
2948.2889999999998	0.1324557878453813
2948.433	0.13245684255564005
2948.5769999999998	0.1324584246210282
2948.721	0.1324557878453813
2948.865	0.13245473313512254
2949.008	0.13245473313512254
2949.152	0.13245473313512254
2949.296	0.13245473313512254
2949.44	0.13245420577999317
2949.5829999999996	0.1324536784248638
2949.7279999999996	0.13245262371460503
2949.8709999999996	0.13244998693895818
2950.015	0.13244998693895818
2950.1589999999997	0.13245262371460503
2950.303	0.1324536784248638
2950.4469999999997	0.1324536784248638
2950.5899999999997	0.1324536784248638
2950.734	0.13245420577999317
2950.8779999999997	0.13245420577999317
2951.022	0.13245473313512254
2951.1659999999997	0.13245473313512254
2951.31	0.13245473313512254
2951.4539999999997	0.13245473313512254
2951.5969999999998	0.13245473313512254
2951.741	0.1324557878453813
2951.8849999999998	0.1324584246210282
2952.029	0.13246158875180447
2952.173	0.13246317081719258
2952.317	0.13246158875180447
2952.461	0.1324584246210282
2952.604	0.1324584246210282
2952.748	0.1324584246210282
2952.892	0.1324584246210282
2953.0359999999996	0.1324584246210282
2953.18	0.1324584246210282
2953.323	0.1324557878453813
2953.4669999999996	0.13245473313512254
2953.611	0.13245473313512254
2953.7549999999997	0.13245473313512254
2953.899	0.13245473313512254
2954.042	0.13245473313512254
2954.187	0.13245473313512254
2954.33	0.13245473313512254
2954.4739999999997	0.13245473313512254
2954.618	0.13245473313512254
2954.7619999999997	0.13245473313512254
2954.906	0.13245473313512254
2955.049	0.13245473313512254
2955.1929999999998	0.13245473313512254
2955.337	0.13245473313512254
2955.4809999999998	0.13245473313512254
2955.625	0.13245473313512254
2955.769	0.13245473313512254
2955.913	0.13245473313512254
2956.056	0.13245473313512254
2956.2	0.13245420577999317
2956.344	0.13245420577999317
2956.488	0.13245420577999317
2956.631	0.1324536784248638
2956.776	0.1324536784248638
2956.9199999999996	0.13245262371460503
2957.0629999999996	0.13244998693895818
2957.207	0.13244787751844067
2957.3509999999997	0.1324473501633113
2957.495	0.1324473501633113
2957.638	0.13244576809792316
2957.7819999999997	0.13244418603253502
2957.93	0.13244418603253502
2958.0699999999997	0.13244313132227625
2958.214	0.1324420766120175
2958.3579999999997	0.1324420766120175
2958.502	0.13244049454662937
2958.645	0.1324383851261119
2958.7889999999998	0.13243680306072375
2958.9339999999997	0.132435748350465
2959.0769999999998	0.132435748350465
2959.2219999999998	0.132435748350465
2959.366	0.132435748350465
2959.509	0.132435748350465
2959.653	0.132435748350465
2959.797	0.13243522099533564
2959.941	0.13243522099533564
2960.085	0.13243363892994753
2960.2279999999996	0.13243363892994753
2960.373	0.13243363892994753
2960.5159999999996	0.13243363892994753
2960.66	0.13243363892994753
2960.8039999999996	0.13243363892994753
2960.948	0.1324320568645594
2961.0919999999996	0.1324320568645594
2961.2349999999997	0.1324320568645594
2961.379	0.13243152950943
2961.5229999999997	0.1324288927337831
2961.667	0.13242467389274812
2961.8109999999997	0.13242361918248935
2961.955	0.13242361918248935
2962.0989999999997	0.13241781827606625
2962.2419999999997	0.13241465414529
2962.386	0.13241465414529
2962.5299999999997	0.13241465414529
2962.674	0.13241465414529
2962.8179999999998	0.13241465414529
2962.962	0.13241307207990188
2963.1059999999998	0.13241307207990188
2963.249	0.13241307207990188
2963.393	0.13241149001451374
2963.537	0.13241149001451374
2963.681	0.13241096265938435
2963.825	0.1324093805939962
2963.968	0.13240832588373747
2964.1119999999996	0.13240621646321998
2964.256	0.1324030523324437
2964.3999999999996	0.13240199762218496
2964.544	0.13239988820166745
2964.687	0.1323967240708912
2964.832	0.13239566936063243
2964.975	0.13239408729524432
2965.1189999999997	0.13239250522985618
2965.263	0.13239145051959744
2965.4069999999997	0.1323903958093387
2965.551	0.1323898684542093
2965.694	0.13238828638882116
2965.8379999999997	0.13238670432343305
2965.982	0.1323851222580449
2966.1259999999997	0.13238406754778614
2966.269	0.132382485482398
2966.4139999999998	0.13238037606188052
2966.557	0.13237879399649238
2966.701	0.13237721193110427
2966.845	0.1323766845759749
2966.989	0.13237562986571616
2967.133	0.13237562986571616
2967.276	0.13237457515545742
2967.421	0.13237457515545742
2967.564	0.13237457515545742
2967.7079999999996	0.13237299309006928
2967.852	0.13237299309006928
2967.9959999999996	0.13237141102468114
2968.14	0.13237141102468114
2968.283	0.13237141102468114
2968.428	0.13237141102468114
2968.571	0.13237141102468114
2968.7149999999997	0.13237141102468114
2968.859	0.13237141102468114
2969.0029999999997	0.13237141102468114
2969.147	0.13237141102468114
2969.29	0.13237141102468114
2969.4339999999997	0.13237141102468114
2969.578	0.13237141102468114
2969.7219999999998	0.13237141102468114
2969.866	0.13237141102468114
2970.0099999999998	0.13236930160416363
2970.154	0.13236613747338738
2970.297	0.13236455540799924
2970.441	0.13236191863235236
2970.585	0.13235928185670548
2970.7279999999996	0.1323576997913174
2970.873	0.13235611772592926
2971.0159999999996	0.13235453566054112
2971.16	0.13235295359515298
2971.3039999999996	0.1323524262400236
2971.448	0.13235137152976484
2971.5919999999996	0.13234873475411796
2971.7349999999997	0.13234873475411796
2971.879	0.13234873475411796
2972.0229999999997	0.13234873475411796
2972.167	0.13234873475411796
2972.3109999999997	0.13234873475411796
2972.455	0.13234873475411796
2972.5989999999997	0.13234715268872985
2972.7419999999997	0.13234715268872985
2972.888	0.13234715268872985
2973.0299999999997	0.13234662533360048
2973.174	0.13234662533360048
2973.317	0.1323460979784711
2973.462	0.1323376602964011
2973.605	0.1323376602964011
2973.749	0.13232922261433105
2973.893	0.13232553112842543
2974.037	0.13232078493226104
2974.181	0.13232078493226104
2974.3239999999996	0.1323192028668729
2974.468	0.1323144566707085
2974.6119999999996	0.13230971047454415
2974.756	0.132308128409156
2974.8999999999996	0.13230707369889724
2975.044	0.13230707369889724
2975.1879999999996	0.13230707369889724
2975.3309999999997	0.13230707369889724
2975.475	0.13230707369889724
2975.6189999999997	0.13230707369889724
2975.763	0.132303909568121
2975.9069999999997	0.13229916337195663
2976.051	0.13229916337195663
2976.1949999999997	0.1322975813065685
2976.3379999999997	0.1322975813065685
2976.482	0.1322975813065685
2976.6259999999997	0.13229652659630975
2976.7709999999997	0.13229178040014536
2976.915	0.1322849247834635
2977.0589999999997	0.13227859652191096
2977.2019999999998	0.1322685767744528
2977.346	0.13225644760647717
2977.49	0.13224537314876028
2977.634	0.13221162242048018
2977.777	0.1321768169819414
2977.922	0.1306928396478772
2978.065	0.12710313328221445
2978.209	0.12322338159539489
2978.3529999999996	0.11967639099521162
2978.497	0.11628707957871176
2978.6409999999996	0.1132131265295788
2978.7839999999997	0.10672665843825344
2978.928	0.09956728520184424
2979.0719999999997	0.09649175008732314
2979.216	0.09471930949749024
2979.3599999999997	0.09317995987484157
2979.504	0.09181252802436948
2979.6479999999997	0.09034015250315157
2979.7909999999997	0.08885881194473427
2979.935	0.08768439207161381
2980.0789999999997	0.08659065753328789
2980.223	0.08348453582126297
2980.366	0.08017907387033393
2980.511	0.07908639404226676
2980.654	0.07827373978789827
2980.798	0.07730762519088136
2980.942	0.07659938725212934
2981.086	0.07606148502016577
2981.23	0.07543709654698452
2981.373	0.07479899684043952
2981.518	0.07406597321060682
2981.6609999999996	0.07203987480354405
2981.805	0.07010764560951022
2981.9489999999996	0.0695686886672879
2982.093	0.06914047630223455
2982.2369999999996	0.0684723173533151
2982.3799999999997	0.06796869320476098
2982.5249999999996	0.06772874662089488
2982.6679999999997	0.06714549184780497
2982.812	0.0666276291107577
2982.9559999999997	0.06640033904999662
2983.1	0.06505400140469958
2983.2439999999997	0.06377411050570392
2983.3869999999997	0.06350199525894587
2983.531	0.06306429050156376
2983.6749999999997	0.06275473304062001
2983.819	0.06250054786826076
2983.9629999999997	0.06208130054040681
2984.107	0.061817095620589416
2984.2509999999997	0.06172217169730172
2984.394	0.061322963864364054
2984.538	0.06045282790089358
2984.682	0.05975144557882345
2984.825	0.0594640370333135
2984.97	0.059096997863267775
2985.114	0.058833320298579746
2985.2569999999996	0.05866087517127378
2985.401	0.05833180557054313
2985.5449999999996	0.05799482564287183
2985.689	0.057848220916905294
2985.832	0.05745534134552015
2985.977	0.05659206099873156
2986.12	0.056014607132064784
2986.2639999999997	0.05584163464962944
2986.408	0.05558903154265831
2986.5519999999997	0.055383890397331034
2986.696	0.055224101793130094
2986.839	0.055007358834956534
2986.9829999999997	0.05484018725894433
2987.127	0.054737353008716
2987.2709999999997	0.05446154627605233
2987.415	0.05378073080402786
2987.5589999999997	0.05333880720561073
2987.703	0.05331718564530631
2987.846	0.05318271008731542
2987.993	0.05303294123057263
2988.134	0.052942763503449314
2988.278	0.05274553268506268
2988.422	0.05260156473474302
2988.566	0.05255726690387544
2988.709	0.05227091306862425
2988.8529999999996	0.05174250322898945
2988.997	0.0514197618898113
2989.1409999999996	0.05135120572299241
2989.285	0.05122253107142465
2989.428	0.05109860261602129
2989.573	0.05103742942101367
2989.716	0.050900844442505276
2989.8599999999997	0.050742110548563084
2990.004	0.05066617140993293
2990.1479999999997	0.050502163964696985
2990.292	0.05019102443836512
2990.435	0.050033872609811056
2990.5789999999997	0.050023325507223534
2990.723	0.0499051979582433
2990.8669999999997	0.049732752830937324
2991.011	0.04966419666411844
2991.1549999999997	0.04957981984341828
2991.299	0.04949860715349437
2991.442	0.049484895920130584
2991.586	0.049241785205488234
2991.73	0.04888634784828878
2991.874	0.048753981710815394
2992.018	0.04869966413248966
2992.162	0.048625307059247634
2992.306	0.04857415361169816
2992.4489999999996	0.048510870996173044
2992.593	0.04842702153060224
2992.7369999999996	0.0483795595689584
2992.881	0.048335261738090815
2993.0249999999996	0.04809215102344845
2993.169	0.04775042489961277
2993.3129999999996	0.04760382017364624
2993.4559999999997	0.047534209296568604
2993.6	0.04745246925151532
2993.7439999999997	0.04732326724481818
2993.888	0.047178771939369146
2994.0319999999997	0.04709017627763397
2994.1769999999997	0.04702583895185009
2994.3199999999997	0.04697363079404186
2994.464	0.046683058117755666
2994.6079999999997	0.04637561007732943
2994.752	0.04626328343477233
2994.895	0.046156230343509
2995.04	0.04609505714850137
2995.183	0.04598642199184991
2995.3269999999998	0.04584561817230651
2995.471	0.045763350772123845
2995.615	0.04572643591306752
2995.759	0.04566684478344803
2995.902	0.04544641033936883
2996.046	0.04527607463258037
2996.19	0.04519275252213896
2996.334	0.04506882406673558
2996.4779999999996	0.044990248152458556
2996.622	0.04495227858314348
2996.7659999999996	0.044943313545944094
2996.9089999999997	0.04492907495745094
2997.053	0.04490007042533525
2997.1969999999997	0.044883195061195216
2997.341	0.04481833038028196
2997.484	0.04468227275690295
2997.629	0.04457574702076898
2997.772	0.04444127146277809
2997.9159999999997	0.044287811120129666
2998.06	0.044133296067222494
2998.2039999999997	0.044029407106735405
2998.348	0.04401886000414788
2998.491	0.043977726304056546
2998.636	0.043881220315380734
2998.779	0.04375729185997736
2998.923	0.04363230869431524
2999.067	0.043540021546674426
2999.211	0.04350785288378249
2999.355	0.04350046991197123
2999.498	0.04347726628627868
2999.643	0.04342822225924671
2999.7859999999996	0.04333066156031215
2999.93	0.043251030935776355
3000.0739999999996	0.043222553758790055
3000.218	0.04313764958296051
3000.3619999999996	0.04301530319294526
3000.5049999999997	0.04292934430685697
3000.649	0.042891902092671276
3000.7929999999997	0.042837057159216166
3000.937	0.04277746602959667
3001.0809999999997	0.042716292834589054
3001.225	0.042653010219063925
3001.3689999999997	0.04263771692031201
3001.5119999999997	0.04263297072414764
3001.656	0.042617677425395725
3001.7999999999997	0.042606075612549456
3001.944	0.0425612504265525
3002.0879999999997	0.04248003773662858
3002.232	0.04236243754277773
3002.3759999999997	0.04225854858229064
3002.519	0.04221846959245806
3002.663	0.04215255020128606
3002.807	0.04210086939860721
3002.9539999999997	0.04206711867032714
3003.098	0.04198537862527385
3003.239	0.041917349813584345
3003.3819999999996	0.0418920367673743
3003.526	0.04187832553401051
3003.6699999999996	0.04186777843142299
3003.814	0.04183139092749605
3003.9579999999996	0.041752815013219015
3004.102	0.04169955214515203
3004.245	0.04168004000536512
3004.3889999999997	0.04164945340786132
3004.533	0.04150812223318853
3004.6769999999997	0.04136679105851575
3004.8199999999997	0.041345169498211334
3004.9649999999997	0.04131985645200128
3005.1079999999997	0.041251827640311774
3005.252	0.04116006784780034
3005.3959999999997	0.04111049646563899
3005.54	0.04110416820408648
3005.6839999999997	0.04106567127964203
3005.828	0.0408969176382417
3005.971	0.04072921870710011
3006.115	0.04068228410058564
3006.259	0.04067015493260999
3006.403	0.040649588082564324
3006.547	0.0406237476812249
3006.691	0.040613200578637376
3006.835	0.040591051663203585
3006.9779999999996	0.04055150002850039
3007.122	0.040527241692549086
3007.2659999999996	0.04052144078612595
3007.41	0.04051194839379718
3007.5539999999996	0.04050403806685654
3007.698	0.040452884619307065
3007.841	0.04039909439611071
3007.9849999999997	0.04039434819994632
3008.129	0.04036692573321877
3008.2729999999997	0.040323682612609935
3008.417	0.04027938478174234
3008.5609999999997	0.040224539848287236
3008.705	0.04018973440974842
3008.848	0.0401570383917271
3008.9919999999997	0.040116959401894525
3009.136	0.04009639255184886
3009.2799999999997	0.04007213421589756
3009.424	0.04002889109528872
3009.567	0.03996297170411671
3009.712	0.03988439578983968
3009.855	0.039841680024360226
3009.999	0.03981636697815018
3010.143	0.039765740885730066
3010.287	0.03971775156895685
3010.431	0.039677672579124273
3010.5739999999996	0.03965394159830235
3010.718	0.03964339449571483
3010.8619999999996	0.03963337474825669
3011.006	0.03960384286101163
3011.1499999999996	0.039519993395440836
3011.294	0.03946251168633885
3011.437	0.039450382518363206
3011.5809999999997	0.03942876095805878
3011.7259999999997	0.039402393201589975
3011.87	0.03937022453869804
3012.0139999999997	0.03934280207197048
3012.158	0.039326981418089206
3012.3019999999997	0.03926739028846972
3012.4449999999997	0.03921096328962648
3012.589	0.03916877487927639
3012.7329999999997	0.03909547251629312
3012.877	0.03905803030210742
3013.0209999999997	0.039051702040554914
3013.165	0.039024279573827356
3013.308	0.038979981742959774
3013.4519999999998	0.03895150456597346
3013.596	0.038939375397997814
3013.74	0.0388956049222596
3013.884	0.03884972502600389
3014.028	0.038836541147769486
3014.172	0.03876218407452746
3014.315	0.03869151848719107
3014.459	0.03867569783330979
3014.6029999999996	0.03864511123580598
3014.747	0.03861346992804342
3014.8909999999996	0.0385939577882565
3015.0339999999997	0.03856337119075269
3015.178	0.03853753078941327
3015.3219999999997	0.038534366658637006
3015.466	0.038532257238119504
3015.6099999999997	0.03852751104195512
3015.754	0.038523292200920115
3015.8979999999997	0.03852276484579074
3016.0409999999997	0.03851379980859134
3016.185	0.03849692444445131
3016.3289999999997	0.03848690469699316
3016.473	0.038479521725181896
3016.6169999999997	0.0384726661085
3016.761	0.038463701071300614
3016.904	0.03845579074435997
3017.048	0.03845579074435997
3017.192	0.038455263389230596
3017.336	0.03844471628664309
3017.479	0.038428368277632435
3017.624	0.03841993059556241
3017.768	0.03841412968913927
3017.9139999999998	0.038409910848104266
3018.055	0.03840674671732801
3018.1989999999996	0.038402527876293
3018.343	0.03839883639038737
3018.4869999999996	0.038394090194222984
3018.6299999999997	0.03838723457754109
3018.774	0.038382488381376714
3018.9179999999997	0.038380378960859204
3019.062	0.0383761601198242
3019.2059999999997	0.038368777148012935
3019.35	0.03835664798003728
3019.4939999999997	0.03834399145693226
3019.6369999999997	0.038337135840250364
3019.781	0.038328170803050975
3019.9249999999997	0.038311822794040315
3020.069	0.03829389271964154
3020.2129999999997	0.03828176355166588
3020.357	0.0382770173555015
3020.5	0.038273853224725235
3020.644	0.038265942897784594
3020.788	0.03825645050545583
3020.932	0.03824432133748018
3021.076	0.03823061010411641
3021.22	0.03822480919769328
3021.364	0.038223227132305145
3021.5069999999996	0.03822006300152889
3021.651	0.03821109796432949
3021.7949999999996	0.038198441441224466
3021.939	0.0381910584694132
3022.0829999999996	0.03818842169376632
3022.2259999999997	0.038184730207860694
3022.37	0.038181566077084436
3022.5139999999997	0.038178929301437556
3022.658	0.03817681988092005
3022.8019999999997	0.038173128395014425
3022.946	0.03816890955397942
3023.0899999999997	0.038167854843720664
3023.234	0.038164690712944406
3023.377	0.03815994451678002
3023.5209999999997	0.03815836245139189
3023.665	0.03815361625522751
3023.8089999999997	0.03814412386289874
3023.953	0.038135686180828715
3024.096	0.038125139078241194
3024.24	0.03810615429358366
3024.384	0.03807556769607985
3024.528	0.03805130936012855
3024.671	0.038039707547282274
3024.816	0.038033379285729765
3024.959	0.03802863308956539
3025.1029999999996	0.03801492185620162
3025.247	0.038004374753614095
3025.3909999999996	0.037964295763781505
3025.535	0.03791999793291392
3025.6789999999996	0.03790364992390326
3025.8219999999997	0.03784089466350751
3025.966	0.037768647010782995
3026.1099999999997	0.03772698595556229
3026.254	0.03763258938740398
3026.3979999999997	0.037550321987221316
3026.542	0.03753819281924566
3026.6859999999997	0.03753344662308128
3026.8289999999997	0.037531337202563776
3026.973	0.03752448158588188
3027.1169999999997	0.03748914879221369
3027.261	0.037454870708804246
3027.4049999999997	0.037443268895957976
3027.549	0.03742903030746482
3027.692	0.037389478672761614
3027.836	0.03734043464572964
3027.98	0.03727398789942826
3028.124	0.0372201976762319
3028.268	0.03721439676980877
3028.412	0.037185919592822456
3028.555	0.037152168864542395
3028.6989999999996	0.037144258537601754
3028.843	0.03711947284652108
3028.9869999999996	0.03709521451056978
3029.131	0.037090468314405406
3029.276	0.03708097592207663
3029.419	0.03706726468871285
3029.5629999999996	0.03704617048353781
3029.707	0.036998708521893964
3029.8509999999997	0.03690800343964128
3029.995	0.03685052173053929
3030.1389999999997	0.03682942752536425
3030.283	0.036784602339367284
3030.426	0.03674926954569909
3030.5699999999997	0.03673555831233531
3030.714	0.036722901789230294
3030.8579999999997	0.03669389725711461
3031.002	0.036654345622411405
3031.1459999999997	0.03660899308128507
3031.2889999999998	0.036579988549169384
3031.433	0.03656522260554686
3031.5769999999998	0.036510377672091754
3031.721	0.03642863762703846
3031.864	0.03638908599233526
3032.008	0.03637221062819522
3032.152	0.0363484796473733
3032.296	0.036337405189656405
3032.44	0.036296798844694445
3032.584	0.036258829275379365
3032.7279999999996	0.03625671985486186
3032.872	0.03620451169705364
3033.019	0.03609798596091968
3033.1589999999997	0.03603470334539456
3033.303	0.03599198757991509
3033.4469999999997	0.035913939020767435
3033.5899999999997	0.035867531769382344
3033.7349999999997	0.03585592995653608
3033.8779999999997	0.03583325368597291
3034.022	0.03579686618204596
3034.1659999999997	0.035704579034405146
3034.31	0.03563233138168062
3034.4539999999997	0.035591725036718674
3034.598	0.03554900927123922
3034.741	0.03553160655196981
3034.8849999999998	0.03551473118782977
3035.029	0.0354656871607978
3035.173	0.03540556867604894
3035.317	0.035387638601650145
3035.46	0.0353755094336745
3035.604	0.035360216134922594
3035.748	0.035349141677205695
3035.892	0.03533701250923005
3036.0359999999996	0.03530378913607936
3036.18	0.0352763666693518
3036.3239999999996	0.035268983697540536
3036.4669999999996	0.03526423750137615
3036.611	0.035263710146246775
3036.7549999999997	0.035258436594953015
3036.899	0.035252635688529876
3037.0429999999997	0.03525105362314175
3037.1859999999997	0.03524788949236549
3037.3309999999997	0.03523154148335484
3037.4739999999997	0.035208337857662295
3037.618	0.03519620868968664
3037.7619999999997	0.03519146249352226
3037.906	0.035180388035805366
3038.0499999999997	0.035162457961406574
3038.194	0.03514136375623153
3038.337	0.03512765252286776
3038.4809999999998	0.035114995999762734
3038.625	0.03509917534588145
3038.769	0.03508757353303518
3038.913	0.03506647932786014
3039.056	0.03505118602910823
3039.2	0.0350496039637201
3039.344	0.03504802189833198
3039.488	0.03504696718807322
3039.6319999999996	0.03504169363677946
3039.776	0.035035365375226946
3039.9199999999996	0.035030091823933185
3040.0629999999996	0.03501743530082816
3040.207	0.035004778777723136
3040.3509999999997	0.03499897787129999
3040.495	0.034991594899488734
3040.6389999999997	0.03498526663793623
3040.7819999999997	0.03498315721741872
3040.926	0.03497893837638371
3041.0699999999997	0.03496997333918432
3041.214	0.0349594262365968
3041.3579999999997	0.03494466029297427
3041.502	0.034921456667281726
3041.6459999999997	0.03490616336852982
3041.7889999999998	0.034899835106977306
3041.933	0.03488295974283727
3042.078	0.03486292024792098
3042.221	0.03484920901455721
3042.365	0.03483602513632281
3042.509	0.03482758745425278
3042.652	0.034823895968347146
3042.798	0.034821259192700266
3042.94	0.03481967712731214
3043.084	0.03481334886575963
3043.227	0.0347985829221371
3043.3709999999996	0.03478065284773832
3043.515	0.0347701057451508
3043.6609999999996	0.03476219541821016
3043.803	0.03474690211945825
3043.9469999999997	0.03473160882070635
3044.091	0.0347173702322132
3044.2349999999997	0.03469785809242629
3044.3779999999997	0.03467623653212186
3044.522	0.034660943233369955
3044.6659999999997	0.03463246605638365
3044.81	0.03460187945887984
3044.953	0.034581839963963544
3045.0989999999997	0.03455547220749475
3045.2419999999997	0.034541760974130975
3045.3849999999998	0.034522776189473435
3045.529	0.03449218959196962
3045.673	0.03447162274192396
3045.817	0.03445263795726642
3045.961	0.034437344658514515
3046.104	0.0344289069764445
3046.248	0.03442046929437448
3046.392	0.03439832037894068
3046.5359999999996	0.03435876874423749
3046.681	0.03433345569802743
3046.8239999999996	0.03432607272621617
3046.968	0.03431816239927553
3047.1119999999996	0.03430286910052363
3047.256	0.03428493902612484
3047.3999999999996	0.0342770286991842
3047.544	0.03427017308250231
3047.6879999999996	0.03426279011069104
3047.8309999999997	0.034255934494009155
3047.9809999999998	0.03424960623245664
3048.1189999999997	0.034244860036292256
3048.263	0.03422376583111721
3048.4069999999997	0.034182104775896505
3048.5499999999997	0.03415890115020396
3048.694	0.034154154954039576
3048.8379999999997	0.03414782669248706
3048.982	0.034146244627098934
3049.1259999999997	0.034134642814252665
3049.27	0.03412251364627701
3049.4139999999998	0.034113021253948245
3049.558	0.03410352886161948
3049.701	0.03407874317053881
3049.8469999999998	0.03405290276919938
3049.989	0.0340502659935525
3050.133	0.03404762921790562
3050.276	0.034044465087129355
3050.421	0.034041300956353104
3050.564	0.0340370821153181
3050.7079999999996	0.03403391798454184
3050.852	0.03403180856402434
3050.9959999999996	0.03402284352682494
3051.14	0.0340149331998843
3051.283	0.034011241713978665
3051.4269999999997	0.034005440807555534
3051.571	0.034002804031908654
3051.7149999999997	0.0340017493216499
3051.859	0.03399594841522676
3052.0029999999997	0.033989092798544875
3052.147	0.03398592866776862
3052.2909999999997	0.03398434660238049
3052.4339999999997	0.03398223718186298
3052.578	0.0339796004062161
3052.7219999999998	0.03397854569595735
3052.866	0.033978018340827976
3053.009	0.033975381565181095
3053.153	0.03396377975233482
3053.297	0.033951123229229795
3053.441	0.033947431743324166
3053.585	0.03394584967793604
3053.73	0.03394374025741853
3053.873	0.03394110348177165
3054.0159999999996	0.033934775220219135
3054.16	0.033929501668925374
3054.3039999999996	0.03392633753814912
3054.448	0.03392053663172599
3054.591	0.03391684514582036
3054.736	0.033914735725302854
3054.8799999999997	0.03391051688426784
3055.024	0.033906298043232835
3055.167	0.0339004971368097
3055.3109999999997	0.03389469623038656
3055.455	0.03389258680986905
3055.5989999999997	0.03389205945473968
3055.7419999999997	0.0338894226790928
3055.886	0.03388625854831655
3056.0299999999997	0.03388467648292842
3056.174	0.03387782086624653
3056.3179999999998	0.033869910539305895
3056.462	0.033867801118788385
3056.6059999999998	0.03386674640852963
3056.749	0.0338609455021065
3056.893	0.03385461724055398
3057.037	0.03385303517516586
3057.181	0.03385039839951898
3057.325	0.033845652203354594
3057.469	0.033841960717448966
3057.6119999999996	0.033837214521284575
3057.756	0.03383405039050832
3057.8999999999996	0.03383141361486144
3058.044	0.0338256127084383
3058.1879999999996	0.03382192122253267
3058.332	0.03381875709175641
3058.475	0.03381348354046265
3058.6189999999997	0.033810319409686394
3058.763	0.033807155278910136
3058.9069999999997	0.033803991148133886
3059.051	0.033801881727616376
3059.1949999999997	0.03379449875580511
3059.339	0.03378764313912322
3059.482	0.03378658842886447
3059.6259999999997	0.03378342429808821
3059.772	0.03378026016731196
3059.9139999999998	0.03377656868140633
3060.057	0.03377182248524194
3060.2019999999998	0.033769185709595056
3060.345	0.033766021578818806
3060.489	0.033755474476231284
3060.633	0.03374492737364376
3060.777	0.03374123588773813
3060.921	0.033737544401832506
3061.065	0.033732798205668116
3061.2079999999996	0.033727524654374355
3061.352	0.033722251103080594
3061.4959999999996	0.033716977551786834
3061.64	0.03371223135562245
3061.783	0.03370959457997556
3061.928	0.03370801251458744
3062.0719999999997	0.03370643044919931
3062.2149999999997	0.03370484838381119
3062.359	0.03370273896329369
3062.5029999999997	0.033701156897905565
3062.647	0.0336979927671293
3062.79	0.03369219186070617
3062.937	0.03368797301967116
3063.078	0.03368428153376553
3063.2219999999998	0.03367795327221301
3063.366	0.03367373443117799
3063.5099999999998	0.03367057030040174
3063.654	0.033668460879884246
3063.798	0.03366424203884924
3063.941	0.033658968487555466
3064.0699999999997	0.0336405110580273
3064.214	0.033622053628499154
3064.3579999999997	0.033617307432334764
3064.502	0.033612033881041004
3064.6459999999997	0.03360939710539412
3064.7889999999998	0.033597267937418476
3064.933	0.03356931811556155
3065.0769999999998	0.03354505977961024
3065.221	0.03353345796676396
3065.365	0.03352923912572896
3065.508	0.033527129705211454
3065.653	0.033520801443658946
3065.796	0.03351078169620081
3065.94	0.033504980789777664
3066.084	0.03350339872438954
3066.2279999999996	0.033484413939732005
3066.372	0.03341691248317187
3066.515	0.03335732135355238
3066.66	0.03332831682143669
3066.803	0.03330247642009726
3066.9469999999997	0.033296148158544744
3067.091	0.033259233299488426
3067.2349999999997	0.03322231844043211
3067.379	0.03320597043142145
3067.522	0.033157453759518854
3067.6659999999997	0.033124757741497535
3067.81	0.0331210662555919
3067.9539999999997	0.03311104650813376
3068.098	0.033097335274769976
3068.241	0.03308731552731184
3068.386	0.03308415139653558
3068.529	0.03306938545291305
3068.673	0.03305251008877302
3068.817	0.033047236537479256
3068.961	0.03303879885540924
3069.105	0.03302983381820984
3069.249	0.033022978201527955
3069.392	0.033014540519457944
3069.5359999999996	0.0330045207719998
3069.68	0.03299661044505916
3069.8239999999996	0.032979207725789744
3069.968	0.032956004100097205
3070.1119999999996	0.03294387493212155
3070.2549999999997	0.03292752692311089
3070.399	0.032912760979488365
3070.5429999999997	0.03291065155897087
3070.687	0.03290537800767711
3070.8309999999997	0.03289324883970145
3070.9739999999997	0.03287848289607892
3071.1189999999997	0.032869517858879524
3071.2619999999997	0.032865826372973896
3071.406	0.03286213488706827
3071.5499999999997	0.03285633398064513
3071.694	0.03285106042935136
3071.8379999999997	0.032849478363963236
3071.9809999999998	0.03284578687805761
3072.125	0.032841568037022595
3072.269	0.03283998597163447
3072.413	0.03283682184085822
3072.557	0.032832602999823206
3072.701	0.0328262747382707
3072.845	0.03281678234594193
3072.988	0.032810981439518785
3073.1319999999996	0.032807817308742535
3073.276	0.032802543757448774
3073.4199999999996	0.03279568814076689
3073.5679999999998	0.032783558972791234
3073.707	0.032772484515074335
3073.852	0.032763519477874946
3073.995	0.03275402708554617
3074.1389999999997	0.03274611675860554
3074.283	0.032738733786794275
3074.4269999999997	0.03273556965601802
3074.571	0.032733987590629884
3074.714	0.032730296104724256
3074.8579999999997	0.032727131973948
3075.002	0.03272502255343049
3075.1459999999997	0.03272238577778361
3075.29	0.0327181669367486
3075.4339999999997	0.032714475450842974
3075.578	0.03270972925467859
3075.721	0.0327049830585142
3075.865	0.032700764217479195
3076.009	0.03269654537644419
3076.153	0.03268494356359791
3076.297	0.03266384935842287
3076.441	0.03265066548018847
3076.585	0.03264170044298907
3076.7279999999996	0.032629043919884054
3076.872	0.03261796946216716
3077.0159999999996	0.03259687525699212
3077.16	0.03257999989285208
3077.3039999999996	0.03257841782746396
3077.448	0.032575781051817077
3077.591	0.03256945279026456
3077.7349999999997	0.03256101510819455
3077.879	0.032556796267159537
3078.026	0.03255363213638328
3078.167	0.03254994065047764
3078.31	0.03254730387483076
3078.455	0.032546249164572015
3078.598	0.032542030323537
3078.7419999999997	0.032529901155561355
3078.886	0.032521463473491344
3079.0299999999997	0.03251197108116258
3079.173	0.03248982216572878
3079.3179999999998	0.0324518525964137
3079.462	0.03242390277455677
3079.605	0.032414410382228004
3079.749	0.03240017179373485
3079.893	0.032392261466794206
3080.037	0.0323901520462767
3080.18	0.0323859332052417
3080.3239999999996	0.032383823784724194
3080.468	0.032383823784724194
3080.6119999999996	0.03238224171933607
3080.756	0.03237749552317168
3080.8999999999996	0.03237327668213667
3081.044	0.03236747577571354
3081.1879999999996	0.032353237187220385
3081.3309999999997	0.03234110801924474
3081.475	0.0323242326551047
3081.62	0.03230577522557654
3081.763	0.03228046217936649
3081.908	0.03225567648828581
3082.051	0.03225093029212142
3082.196	0.03224829351647454
3082.339	0.032241437899792655
3082.4829999999997	0.03222930873181701
3082.627	0.032205577750995085
3082.77	0.032188702386855055
3082.915	0.0321855382560788
3083.058	0.032174991153491275
3083.2019999999998	0.03216286198551563
3083.346	0.03215600636883374
3083.49	0.03215126017266935
3083.634	0.032147041331634346
3083.777	0.03214493191111685
3083.922	0.03212647448158869
3084.065	0.03210748969693114
3084.209	0.032105907631543015
3084.3529999999996	0.03210221614563739
3084.497	0.03209905201486113
3084.6409999999996	0.032097469949473004
3084.7839999999997	0.032092723753308613
3084.928	0.03208692284688548
3085.0719999999997	0.032075321034039206
3085.216	0.03206319186606356
3085.3599999999997	0.0320579183147698
3085.504	0.03205475418399354
3085.6479999999997	0.032053172118605415
3085.7909999999997	0.03205159005321728
3085.935	0.03204262501601789
3086.0789999999997	0.0320336599788185
3086.223	0.03203102320317161
3086.3669999999997	0.03202785907239536
3086.511	0.03202469494161911
3086.6549999999997	0.0320225855211016
3086.798	0.03201942139032535
3086.942	0.03201678461467847
3087.086	0.032008874287737826
3087.23	0.03199990925053843
3087.373	0.03199674511976218
3087.518	0.03198936214795091
3087.6609999999996	0.03198039711075152
3087.805	0.031975650914587136
3087.9489999999996	0.03197301413894025
3088.093	0.03196985000816399
3088.2369999999996	0.03196668587738774
3088.3799999999997	0.03196457645687024
3088.5249999999996	0.03196299439148211
3088.6679999999997	0.03196035761583524
3088.812	0.0319498105132477
3088.9559999999997	0.03194031812091894
3089.1	0.03193820870040144
3089.2439999999997	0.031935044569625176
3089.3869999999997	0.0319302983734608
3089.531	0.031926079532425794
3089.6749999999997	0.031923442756778914
3089.819	0.03192080598113203
3089.9629999999997	0.031919223915743894
3090.107	0.03190234855160386
3090.25	0.03188441847720508
3090.394	0.03188283641181695
3090.538	0.031879672281040695
3090.682	0.03187492608487631
3090.826	0.03187017988871192
3090.97	0.03186490633741816
3091.114	0.031860687496383155
3091.2569999999996	0.03183853858094936
3091.401	0.03181533495525682
3091.5449999999996	0.031811643469351183
3091.689	0.031808479338574926
3091.832	0.031796877525728656
3091.977	0.03177947480645924
3092.12	0.03177103712438922
3092.2639999999997	0.03176892770387172
3092.408	0.03176207208718984
3092.5539999999996	0.03175099762947294
3092.696	0.031744669367920426
3092.839	0.0317430873025323
3092.9869999999996	0.031733594910203534
3093.127	0.03172410251787476
3093.2709999999997	0.031722520452486636
3093.415	0.03171830161145162
3093.5589999999997	0.031709863929381604
3093.703	0.03170248095757034
3093.846	0.03169878947166471
3093.991	0.03169720740627658
3094.134	0.031696152696017825
3094.278	0.03169298856524157
3094.422	0.03168771501394781
3094.566	0.03168033204213655
3094.71	0.031671367004937154
3094.8529999999996	0.03166451138825527
3094.997	0.0316550189959265
3095.1409999999996	0.0316418351176921
3095.285	0.03162654181894019
3095.4289999999996	0.03161704942661142
3095.573	0.031615994716352666
3095.7169999999996	0.031610193809929535
3095.8599999999997	0.03160386554837702
3096.004	0.031597537286824504
3096.1479999999997	0.031591209025271995
3096.292	0.03158646282910761
3096.435	0.03157644308164947
3096.58	0.031569060109838204
3096.723	0.03156114978289756
3096.8669999999997	0.03155429416621568
3097.011	0.031550075325180664
3097.1549999999997	0.03153794615720502
3097.299	0.031528453764876244
3097.442	0.03152423492384124
3097.586	0.0315163245969006
3097.73	0.031510523690477465
3097.874	0.031507886914830585
3098.018	0.03150577749431308
3098.162	0.03150208600840745
3098.306	0.031497339812243064
3098.4489999999996	0.0314941756814668
3098.593	0.031491538905819925
3098.7369999999996	0.03148732006478492
3098.8799999999997	0.031482573868620536
3099.0249999999996	0.031479937092973656
3099.169	0.0314788823827149
3099.3129999999996	0.03147571825193864
3099.457	0.03146886263525675
3099.6009999999997	0.03145304198137547
3099.745	0.03143827603775294
3099.888	0.031431947776200425
3100.033	0.031426146869777294
3100.1769999999997	0.03142403744925979
3100.3199999999997	0.03142192802874229
3100.464	0.03141876389796602
3100.6079999999997	0.03141559976718977
3100.752	0.03141349034667227
3100.895	0.03139977911330849
3101.04	0.03138448581455658
3101.183	0.03138026697352157
3101.3269999999998	0.03137710284274532
3101.471	0.031375520777357196
3101.615	0.03137393871196907
3101.759	0.031367610450416555
3101.902	0.03135917276834653
3102.046	0.031354953927311524
3102.19	0.03134809831062964
3102.334	0.03134124269394775
3102.4779999999996	0.03133860591830087
3102.622	0.031337023852912746
3102.7659999999996	0.03133227765674836
3102.9089999999997	0.031323839974678344
3103.053	0.03131751171312583
3103.1969999999997	0.03131540229260832
3103.341	0.03131223816183207
3103.484	0.03130907403105581
3103.629	0.031306437255408937
3103.772	0.0313027457695033
3103.9159999999997	0.03130010899385642
3104.06	0.031293780732303905
3104.2039999999997	0.03128270627458701
3104.348	0.03127374123738762
3104.491	0.03127110446174074
3104.6349999999998	0.0312674129758351
3104.779	0.031262666779670725
3104.923	0.03126108471428259
3105.067	0.031260557359153215
3105.211	0.03125950264889446
3105.355	0.03125844793863571
3105.498	0.031257920583506335
3105.642	0.03125633851811821
3105.7859999999996	0.031255283807859455
3105.9289999999996	0.031250010256565694
3106.0739999999996	0.03123735373346067
3106.218	0.031226806630873148
3106.361	0.031222587789838142
3106.5049999999997	0.031215204818026875
3106.649	0.031203075650051225
3106.7929999999997	0.031183036155134937
3106.9359999999997	0.031164051370477397
3107.0809999999997	0.031156668398666133
3107.2239999999997	0.031149812781984244
3107.368	0.03114401187556111
3107.5119999999997	0.031141902455043606
3107.656	0.031138738324267348
3107.7999999999997	0.031134519483232335
3107.9469999999997	0.03113135535245608
3108.0879999999997	0.031123445025515444
3108.2309999999998	0.03110762437163417
3108.375	0.0310981319793054
3108.519	0.031094967848529137
3108.663	0.031090749007494128
3108.807	0.031089166942106
3108.95	0.031081256615165358
3109.094	0.031073873643354094
3109.238	0.03106807273693096
3109.3819999999996	0.031060689765119692
3109.526	0.031059107699731563
3109.6699999999996	0.031054361503567184
3109.817	0.03104856059714405
3109.957	0.031045396466367794
3110.1009999999997	0.031043287045850288
3110.245	0.031036958784297776
3110.3889999999997	0.031027466391969002
3110.5319999999997	0.031020610775287116
3110.6769999999997	0.031015337223993356
3110.8199999999997	0.03100004392524145
3110.964	0.030984750626489543
3111.1079999999997	0.030980004430325156
3111.252	0.030973676168772647
3111.3959999999997	0.030965765841832006
3111.5389999999998	0.030954691384115107
3111.683	0.030948363122562595
3111.8269999999998	0.03094361692639821
3111.971	0.030937816019975077
3112.115	0.03093201511355194
3112.258	0.030924104786611298
3112.403	0.030919885945576292
3112.546	0.030918303880188167
3112.69	0.030913557684023776
3112.834	0.030907756777600638
3112.9779999999996	0.030905647357083135
3113.122	0.03090512000195376
3113.265	0.03090248322630688
3113.4089999999997	0.03089562760962499
3113.553	0.030889299348072483
3113.6969999999997	0.03088297108651997
3113.841	0.030874006049320578
3113.9849999999997	0.030866095722379937
3114.129	0.030861349526215553
3114.272	0.03085660333005117
3114.4159999999997	0.030850802423628032
3114.56	0.03084816564798115
3114.7039999999997	0.030847638292851774
3114.848	0.030841310031299266
3114.991	0.03082970821845299
3115.1349999999998	0.03082021582612422
3115.279	0.030813887564571707
3115.423	0.030807031947889817
3115.567	0.030801231041466683
3115.711	0.030792793359396664
3115.855	0.030783300967067894
3115.998	0.030779082126032885
3116.142	0.0307743359298685
3116.2859999999996	0.030771171799092244
3116.43	0.030770117088833492
3116.575	0.030768535023445363
3116.719	0.03076800766831599
3116.8619999999996	0.03076537089266911
3117.006	0.030762206761892855
3117.1499999999996	0.030760097341375348
3117.294	0.03075587850034034
3117.4379999999996	0.030751132304175956
3117.582	0.03074744081827032
3117.725	0.03074480404262344
3117.8689999999997	0.030741112556717808
3118.013	0.030737948425941554
3118.1569999999997	0.030735839005424048
3118.301	0.03073320222977717
3118.4449999999997	0.03073056545413029
3118.589	0.030728983388742158
3118.732	0.030726873968224655
3118.8759999999997	0.030723709837448397
3119.02	0.03072212777206027
3119.1639999999998	0.030713162734860883
3119.307	0.030704197697661487
3119.4519999999998	0.030699451501497107
3119.595	0.03069470530533272
3119.739	0.030693123239944595
3119.883	0.030691541174556462
3120.027	0.03068995910916833
3120.171	0.030688377043780204
3120.314	0.03068679497839208
3120.4579999999996	0.030683103492486447
3120.602	0.030678357296322067
3120.7459999999996	0.03067519316554581
3120.89	0.030673611100157677
3121.033	0.03067044696938142
3121.178	0.030665700773217036
3121.321	0.030663591352699533
3121.4649999999997	0.030660427221923275
3121.609	0.030654626315500137
3121.7529999999997	0.03065093482959451
3121.897	0.03064777069881825
3122.04	0.030644606568042
3122.1839999999997	0.030643551857783245
3122.328	0.030639860371877613
3122.4719999999998	0.03063511417571323
3122.616	0.030632477400066346
3122.7599999999998	0.030630895334678214
3122.904	0.030630895334678214
3123.0499999999997	0.03062931326929009
3123.191	0.030627203848772586
3123.335	0.030625094428255083
3123.479	0.030619820876961322
3123.623	0.030615602035926313
3123.7659999999996	0.03061349261540881
3123.9109999999996	0.030608746419244423
3124.0539999999996	0.030599254026915657
3124.198	0.030587652214069384
3124.3419999999996	0.030580796597387494
3124.486	0.03057868717686999
3124.6299999999997	0.030577105111481862
3124.7729999999997	0.030575523046093733
3124.917	0.030573940980705604
3125.0609999999997	0.030572886270446853
3125.205	0.030572886270446853
3125.3489999999997	0.030572358915317475
3125.493	0.030570249494799973
3125.636	0.030567612719153092
3125.7799999999997	0.030566030653764967
3125.924	0.03056550329863559
3126.0679999999998	0.03056550329863559
3126.212	0.030564448588376834
3126.3559999999998	0.03056286652298871
3126.499	0.030554956196048068
3126.643	0.030541772317813666
3126.787	0.030535971411390528
3126.931	0.030535971411390528
3127.075	0.030533861990873025
3127.219	0.03053069786009677
3127.3619999999996	0.030529643149838016
3127.506	0.03052911579470864
3127.6499999999996	0.030528588439579264
3127.794	0.030525951663932384
3127.9379999999996	0.03052226017802675
3128.0809999999997	0.030521205467767997
3128.2259999999997	0.030521205467767997
3128.3689999999997	0.030518041336991743
3128.513	0.030514877206215485
3128.6569999999997	0.030514349851086107
3128.801	0.030513822495956733
3128.9449999999997	0.030513822495956733
3129.089	0.030506439524145466
3129.232	0.030496419776687322
3129.3759999999997	0.030493255645911065
3129.52	0.030488509449746685
3129.6639999999998	0.03048429060871168
3129.808	0.030483763253582305
3129.9519999999998	0.0304816538330648
3130.095	0.030479017057417915
3130.239	0.03047638028177103
3130.383	0.030474270861253525
3130.527	0.03047374350612415
3130.671	0.03047374350612415
3130.814	0.030467942599701016
3130.959	0.030461086983019137
3131.102	0.030459504917631004
3131.2459999999996	0.03045264930094911
3131.39	0.030445266329137848
3131.5339999999997	0.03044262955349097
3131.678	0.03044052013297347
3131.8219999999997	0.030439992777844094
3131.9649999999997	0.03043841071245596
3132.109	0.03043260980603282
3132.2529999999997	0.030427336254739062
3132.399	0.03042153534831593
3132.54	0.03041520708676342
3132.685	0.030413097666245913
3132.828	0.030410988245728406
3132.9719999999998	0.030403605273917146
3133.116	0.030396222302105876
3133.2599999999998	0.030389894040553367
3133.404	0.03038356577900085
3133.547	0.03038092900335397
3133.692	0.03037512809693084
3133.835	0.030365635704602066
3133.979	0.030358252732790802
3134.124	0.03034928769559141
3134.268	0.03033979530326264
3134.412	0.03033346704171013
3134.556	0.030327138780157616
3134.6989999999996	0.030323974649381358
3134.843	0.030323974649381358
3134.9869999999996	0.030316591677570094
3135.131	0.030308153995500076
3135.274	0.030297606892912554
3135.419	0.030286005080066278
3135.562	0.030281258883901898
3135.7059999999997	0.030277040042866892
3135.85	0.030272821201831883
3135.9939999999997	0.030259109968468104
3136.138	0.030239070473551816
3136.2819999999997	0.03022694130557617
3136.426	0.030223777174799914
3136.569	0.030214284782471144
3136.7129999999997	0.03020321032475425
3136.857	0.03020162825936612
3137.0009999999997	0.03020004619397799
3137.145	0.030198464128589862
3137.288	0.03019371793242548
3137.432	0.030187389670872967
3137.576	0.030185807605484838
3137.72	0.030181588764449825
3137.864	0.030166822820827298
3138.011	0.030156275718239776
3138.152	0.0301557483631104
3138.2949999999996	0.03015311158746352
3138.439	0.030150474811816638
3138.5829999999996	0.030148365391299135
3138.727	0.030145728615652255
3138.872	0.030139400354099743
3139.0139999999997	0.03013307209254723
3139.1589999999997	0.03013201738228848
3139.3019999999997	0.030131490027159105
3139.446	0.0301293806066416
3139.5899999999997	0.03012199763483033
3139.734	0.030115142018148446
3139.8779999999997	0.030113559952760313
3140.0209999999997	0.03011039582198406
3140.165	0.030107231691207804
3140.3089999999997	0.030105649625819676
3140.453	0.030103012850172795
3140.5969999999998	0.030098266654008412
3140.74	0.03009457516810278
3140.8849999999998	0.030087192196291516
3141.028	0.03007084418728086
3141.172	0.03005976972956396
3141.316	0.03005344146801145
3141.46	0.03003392932822454
3141.604	0.0300017606653326
3141.748	0.02998172117041631
3141.8909999999996	0.029966427871664404
3142.035	0.029951134572912496
3142.1789999999996	0.02994638837674811
3142.323	0.02991685648950305
3142.4669999999996	0.029888379312516745
3142.611	0.02987994163044673
3142.7549999999997	0.02984249941626103
3142.8979999999997	0.029811385463627847
3143.042	0.029807693977722212
3143.1859999999997	0.02980294778155783
3143.33	0.02979451009948781
3143.473	0.02978554506228842
3143.618	0.0297749979597009
3143.761	0.02976708763276026
3143.9049999999997	0.029766032922501507
3144.049	0.029758122595560866
3144.1929999999998	0.029747048137843967
3144.337	0.029738610455773952
3144.48	0.029732809549350814
3144.624	0.029727535998057053
3144.768	0.02971857096085766
3144.912	0.029710133278787645
3145.056	0.029704859727493885
3145.2	0.029700113531329498
3145.344	0.02969589469029449
3145.488	0.029693785269776986
3145.631	0.029687984363353848
3145.7749999999996	0.029679019326154455
3145.919	0.029672163709472565
3146.0629999999996	0.029666362803049427
3146.2059999999997	0.02966319867227317
3146.3509999999997	0.029661616606885044
3146.495	0.029658979831238167
3146.638	0.029651596859426907
3146.7819999999997	0.02964263182222751
3146.926	0.029638940336321876
3147.0699999999997	0.029637358270933747
3147.214	0.029635776205545618
3147.357	0.02962628381321685
3147.5009999999997	0.02960993580420619
3147.645	0.0295988613464893
3147.7889999999998	0.02959516986058367
3147.933	0.029587786888772408
3148.0769999999998	0.029579349206702386
3148.221	0.02957829449644363
3148.364	0.02957618507592613
3148.508	0.02957407565540863
3148.652	0.029572493590020496
3148.796	0.029569329459244238
3148.939	0.029566165328467984
3149.084	0.02956458326307986
3149.227	0.029561946487432975
3149.3709999999996	0.02955930971178609
3149.515	0.02955930971178609
3149.6589999999997	0.029556672936139214
3149.803	0.029553508805362963
3149.9469999999997	0.029551399384845457
3150.0899999999997	0.029549817319457328
3150.234	0.0295482352540692
3150.3779999999997	0.029545071123292944
3150.522	0.029540852282257935
3150.6659999999997	0.029538215506611055
3150.81	0.029530832534799788
3150.9539999999997	0.029522922207859147
3151.0969999999998	0.029519758077082892
3151.241	0.029512375105271625
3151.3849999999998	0.029507101553977864
3151.5299999999997	0.02950657419884849
3151.673	0.02950130064755473
3151.8179999999998	0.029495499741131595
3151.961	0.029493917675743463
3152.105	0.029492335610355337
3152.249	0.02949075354496721
3152.393	0.02948917147957908
3152.537	0.029487062059061576
3152.681	0.02948126115263844
3152.8239999999996	0.02947704231160343
3152.9829999999997	0.02947282347056842
3153.1279999999997	0.02946649520901591
3153.272	0.029463331078239653
3153.4159999999997	0.029460694302592773
3153.56	0.02945858488207527
3153.7039999999997	0.029455420751299012
3153.8469999999998	0.02944803777948775
3153.991	0.02944065480767648
3154.1349999999998	0.0294380180320296
3154.279	0.029436435966641472
3154.422	0.02943432654612397
3154.567	0.0294337991909946
3154.71	0.029432744480735844
3154.854	0.02943168977047709
3154.998	0.02943168977047709
3155.142	0.02943010770508896
3155.287	0.029426416219183328
3155.43	0.029424306798665822
3155.573	0.02942325208840707
3155.7169999999996	0.029420615312760197
3155.861	0.02941745118198394
3156.0049999999997	0.02941270498581955
3156.149	0.02940954085504329
3156.2929999999997	0.029407958789655166
3156.437	0.029405322014008285
3156.58	0.029404267303749537
3156.7239999999997	0.02940373994862016
3156.868	0.029398993752455777
3157.0119999999997	0.02939319284603264
3157.1549999999997	0.02939108342551513
3157.2999999999997	0.029389501360127003
3157.4429999999998	0.029387919294738878
3157.587	0.029387391939609504
3157.7309999999998	0.029385809874221375
3157.875	0.029383173098574494
3158.019	0.029380536322927617
3158.163	0.029376317481892608
3158.306	0.02937315335111635
3158.45	0.029371571285728225
3158.594	0.029369989220340093
3158.738	0.02936524302417571
3158.881	0.029361024183140703
3159.026	0.029360496828011326
3159.1699999999996	0.029355223276717565
3159.3129999999996	0.029349422370294427
3159.457	0.029347840304906295
3159.6009999999997	0.02934731294977692
3159.745	0.02934625823951817
3159.8889999999997	0.02934520352925942
3160.0319999999997	0.029342039398483163
3160.176	0.02933887526770691
3160.3199999999997	0.02933887526770691
3160.464	0.029335711136930648
3160.6079999999997	0.029329910230507513
3160.752	0.02932674609973126
3160.8959999999997	0.02932305461382563
3161.0389999999998	0.029318835772790618
3161.183	0.029317253707402492
3161.3269999999998	0.029314616931755612
3161.471	0.029310925445849977
3161.614	0.029307233959944348
3161.759	0.02929299537145119
3161.903	0.02928086620347554
3162.046	0.02928086620347554
3162.19	0.02927981149321679
3162.334	0.029275592652181784
3162.4779999999996	0.02927190116627615
3162.622	0.02926873703549989
3162.765	0.029262936129076753
3162.9089999999997	0.02925555315726549
3163.053	0.0292465881200661
3163.1969999999997	0.02924131456877234
3163.341	0.029239732503384207
3163.4849999999997	0.0292355136623492
3163.629	0.029231822176443566
3163.772	0.02922865804566731
3163.9159999999997	0.02922602127002043
3164.06	0.029224439204632302
3164.2039999999997	0.029214946812303536
3164.3469999999998	0.029207036485362898
3164.4919999999997	0.029207036485362898
3164.6349999999998	0.029205981775104143
3164.779	0.029204399709716014
3164.923	0.02920281764432789
3165.067	0.029201762934069137
3165.211	0.029200180868681008
3165.355	0.029194907317387248
3165.498	0.029187524345575984
3165.642	0.02918330550454097
3165.7859999999996	0.02918330550454097
3165.93	0.029181723439152846
3166.0739999999996	0.029181723439152846
3166.218	0.029181723439152846
3166.3619999999996	0.029180668728894094
3166.5049999999997	0.029180668728894094
3166.649	0.029179086663505965
3166.7929999999997	0.029176977242988462
3166.937	0.029176977242988462
3167.08	0.0291738131122122
3167.2239999999997	0.02916906691604782
3167.368	0.029165375430142186
3167.5119999999997	0.029162211299365928
3167.656	0.029159574523719055
3167.7999999999997	0.029158519813460303
3167.9469999999997	0.02915588303781342
3168.087	0.02915324626216654
3168.2309999999998	0.02915324626216654
3168.375	0.029152718907037165
3168.519	0.029152718907037165
3168.663	0.029152718907037165
3168.807	0.029152718907037165
3168.9519999999998	0.029152718907037165
3169.096	0.029152718907037165
3169.239	0.029152718907037165
3169.383	0.029152718907037165
3169.527	0.029152718907037165
3169.671	0.029152718907037165
3169.814	0.029152718907037165
3169.959	0.029152718907037165
3170.102	0.029152718907037165
3170.2459999999996	0.029152718907037165
3170.39	0.029152718907037165
3170.5339999999997	0.029152718907037165
3170.678	0.029152718907037165
3170.8219999999997	0.02915060948651966
3170.9649999999997	0.02914902742113153
3171.109	0.0291474453557434
3171.2529999999997	0.0291474453557434
3171.397	0.0291474453557434
3171.54	0.0291474453557434
3171.685	0.029145863290355272
3171.828	0.02914480858009652
3171.9719999999998	0.029143226514708395
3172.116	0.02914164444932027
3172.2599999999998	0.02914164444932027
3172.404	0.029140062383932137
3172.547	0.02913953502880276
3172.691	0.029138480318544012
3172.835	0.02913742560828526
3172.979	0.02913584354289713
3173.123	0.029133734122379625
3173.267	0.02913320676725025
3173.4109999999996	0.02913056999160337
3173.555	0.029127933215956487
3173.698	0.029127933215956487
3173.8419999999996	0.029126878505697736
3173.986	0.029125823795438988
3174.1299999999997	0.029125823795438988
3174.2729999999997	0.02912424173005086
3174.417	0.029121077599274604
3174.5609999999997	0.029119495533886475
3174.705	0.029117913468498346
3174.8489999999997	0.029116331403110218
3174.993	0.029115804047980844
3175.1369999999997	0.029114221982592715
3175.2799999999997	0.029113167272333963
3175.424	0.02911105785181646
3175.5679999999998	0.029107893721040203
3175.712	0.02910631165565207
3175.8559999999998	0.029104729590263945
3176.0	0.029103674880005193
3176.144	0.02910314752487582
3176.288	0.029101038104358313
3176.431	0.02909734661845268
3176.575	0.0290947098428058
3176.719	0.029093127777417672
3176.863	0.02909207306715892
3177.006	0.029089963646641417
3177.1499999999996	0.029086272160735782
3177.294	0.029084690095347653
3177.4379999999996	0.02907836183379514
3177.582	0.02906939679659575
3177.7259999999997	0.02906517795556074
3177.87	0.02906517795556074
3178.013	0.02906359589017261
3178.1569999999997	0.02906254117991386
3178.301	0.029060959114525733
3178.4449999999997	0.029057794983749476
3178.5879999999997	0.029053576142714466
3178.7329999999997	0.02905146672219696
3178.877	0.029050939367067586
3179.02	0.029049884656808835
3179.1639999999998	0.02904882994655008
3179.308	0.029047247881161954
3179.4519999999998	0.029045665815773825
3179.596	0.02904250168499757
3179.739	0.029039337554221313
3179.883	0.029038810199091936
3180.027	0.029036173423445055
3180.171	0.029032481937539423
3180.315	0.029030899872151295
3180.459	0.029030372517021917
3180.6029999999996	0.029028263096504414
3180.7459999999996	0.029026681031116285
3180.89	0.029025626320857534
3181.0339999999997	0.02902404425546941
3181.178	0.029022462190081276
3181.3219999999997	0.02902088012469315
3181.466	0.029020352769563773
3181.609	0.02901929805930502
3181.7529999999997	0.029017715993916893
3181.897	0.029017188638787515
3182.0409999999997	0.029017188638787515
3182.185	0.029016133928528764
3182.3289999999997	0.029015079218270012
3182.4719999999998	0.02901296979775251
3182.616	0.02900980566697625
3182.7599999999998	0.029007168891329375
3182.904	0.02900400476055312
3183.0499999999997	0.02900242269516499
3183.192	0.029000840629776863
3183.335	0.02899820385412998
3183.479	0.02899662178874185
3183.623	0.028996094433612472
3183.767	0.028996094433612472
3183.9109999999996	0.028993457657965595
3184.0539999999996	0.02899082088231872
3184.198	0.02899029352718934
3184.3419999999996	0.028988711461801216
3184.486	0.02898607468615433
3184.6299999999997	0.02898291055537807
3184.774	0.028981328489989945
3184.9179999999997	0.028979219069472442
3185.062	0.028976054938696184
3185.205	0.02897447287330806
3185.3489999999997	0.028973945518178685
3185.493	0.028972890807919933
3185.6369999999997	0.028970254032273053
3185.7799999999997	0.028967617256626173
3185.924	0.028964980480979292
3186.0679999999998	0.028962871060461783
3186.212	0.02896076163994428
3186.3559999999998	0.028958124864297403
3186.5009999999997	0.028956542798909274
3186.645	0.028954960733521145
3186.788	0.028953378668133016
3186.932	0.02895179660274489
3187.076	0.028950214537356765
3187.22	0.02894863247196864
3187.363	0.02894863247196864
3187.508	0.02894546834119238
3187.652	0.028943358920674872
3187.7949999999996	0.02894072214502799
3187.939	0.02893808536938111
3188.0829999999996	0.02893808536938111
3188.227	0.028937030659122363
3188.3709999999996	0.02893281181808735
3188.5139999999997	0.028929647687311093
3188.658	0.028929120332181722
3188.8019999999997	0.028928592977052348
3188.946	0.028927538266793593
3189.0899999999997	0.02892648355653484
3189.234	0.028924901491146713
3189.3779999999997	0.028924901491146713
3189.5209999999997	0.02891593645394732
3189.665	0.02890855348213605
3189.8089999999997	0.02890802612700668
3189.953	0.028907498771877305
3190.096	0.028906444061618554
3190.241	0.02890222522058354
3190.3849999999998	0.02890222522058354
3190.528	0.028898533734677913
3190.672	0.028898006379548535
3190.816	0.028893260183384152
3190.96	0.028888513987219765
3191.104	0.028886931921831636
3191.247	0.028883767791055382
3191.3909999999996	0.028879548950020373
3191.535	0.02887585746411474
3191.6789999999996	0.028874275398726612
3191.823	0.028872693333338483
3191.9669999999996	0.028871111267950354
3192.111	0.02887058391282098
3192.254	0.02886952920256223
3192.3979999999997	0.02886952920256223
3192.542	0.028865310361527216
3192.6859999999997	0.02886214623075096
3192.8289999999997	0.02886214623075096
3192.973	0.028857400034586575
3193.1169999999997	0.02885001706277531
3193.261	0.02884738028712843
3193.4049999999997	0.028845798221740306
3193.549	0.028840524670446545
3193.6929999999998	0.02883683318454091
3193.836	0.028832086988376526
3193.98	0.028825758726824014
3194.124	0.028823121951177134
3194.268	0.028820485175530253
3194.412	0.028817848399883373
3194.555	0.028816266334495244
3194.7	0.028815738979365867
3194.843	0.028814684269107115
3194.9869999999996	0.028813629558848364
3195.131	0.02880888336268398
3195.2749999999996	0.028804137166519594
3195.419	0.02880360981139022
3195.562	0.028803082456260842
3195.7059999999997	0.02880202774600209
3195.85	0.028800445680613962
3195.9939999999997	0.028798863615225833
3196.138	0.02879780890496708
3196.2819999999997	0.028794644774190824
3196.426	0.028785679736991435
3196.569	0.02877144114849828
3196.7129999999997	0.028757729915134506
3196.857	0.028748764877935113
3197.0009999999997	0.0287424366163826
3197.145	0.028733471579183212
3197.288	0.02872556125224257
3197.432	0.028716596215043175
3197.576	0.028704467047067524
3197.72	0.028699193495773764
3197.864	0.02869602936499751
3198.011	0.02869022845857437
3198.152	0.028684427552151236
3198.2949999999996	0.028680208711116227
3198.439	0.028678099290598724
3198.5829999999996	0.028671243673916835
3198.727	0.02866280599184682
3198.87	0.02866016921619994
3199.015	0.02865858715081181
3199.158	0.028655423020035556
3199.3019999999997	0.028655423020035556
3199.446	0.028655423020035556
3199.5899999999997	0.02865173153412992
3199.734	0.02865173153412992
3199.8779999999997	0.02865173153412992
3200.0209999999997	0.02865173153412992
3200.165	0.02865173153412992
3200.3089999999997	0.02865173153412992
3200.453	0.02865173153412992
3200.5969999999998	0.02865173153412992
3200.741	0.028645403272577405
3200.8849999999998	0.028645403272577405
3201.028	0.028645403272577405
3201.172	0.02863802030076614
3201.316	0.02863802030076614
3201.46	0.02861376196481484
3201.6029999999996	0.02861376196481484
3201.748	0.02858633949808729
3201.8909999999996	0.02857684710575852
3202.035	0.028566300003171
3202.1789999999996	0.028554698190324725
3202.323	0.028549424639030964
3202.4669999999996	0.02854309637747845
3202.6099999999997	0.028530967209502805
3202.754	0.02852358423769154
3202.8979999999997	0.02850881829406901
3203.042	0.028493524995317106
3203.1859999999997	0.028490360864540855
3203.33	0.02848561466837647
3203.4739999999997	0.028479286406823956
3203.6169999999997	0.02847295814527144
3203.761	0.028468739304236435
3203.9049999999997	0.028460828977295793
3204.0499999999997	0.028452918650355152
3204.194	0.028449754519578895
3204.337	0.02844553567854389
3204.4809999999998	0.02844289890289701
3204.625	0.028437625351603248
3204.769	0.02842655089388635
3204.913	0.028418640566945708
3205.0409999999997	0.028416003791298827
3205.185	0.02841178495026382
3205.328	0.028405984043840683
3205.4719999999998	0.028403347268193803
3205.616	0.028403347268193803
3205.7599999999998	0.028401765202805674
3205.903	0.028399655782288168
3206.048	0.028399128427158794
3206.192	0.028399128427158794
3206.335	0.028396491651511913
3206.479	0.028393854875865033
3206.623	0.028392272810476904
3206.767	0.028390690745088775
3206.9109999999996	0.028389108679700646
3207.0539999999996	0.028386999259183143
3207.198	0.02838488983866564
3207.3419999999996	0.02838225306301876
3207.486	0.028380143642501254
3207.6299999999997	0.028369596539913732
3207.774	0.028359576792455585
3207.9179999999997	0.028355885306549956
3208.0609999999997	0.0283527211757737
3208.205	0.0283527211757737
3208.3489999999997	0.02835166646551495
3208.493	0.028347447624479938
3208.636	0.02834428349370368
3208.781	0.028341646718056803
3208.9249999999997	0.028337427877021797
3209.0679999999998	0.028334263746245543
3209.212	0.02833057226033991
3209.3559999999998	0.028323189288528644
3209.5	0.028309478055164865
3209.644	0.02829945830770672
3209.787	0.02829682153205984
3209.931	0.028295239466671715
3210.075	0.028289438560248577
3210.219	0.02828258294356669
3210.363	0.028281000878178565
3210.5069999999996	0.028278891457661062
3210.651	0.028275199971755427
3210.794	0.028272563196108543
3210.9379999999996	0.028270981130720414
3211.082	0.028267816999944163
3211.2259999999997	0.028262016093521025
3211.37	0.028257269897356642
3211.5139999999997	0.02825252370119226
3211.658	0.02824672279476912
3211.801	0.028243558663992863
3211.9449999999997	0.028241976598604734
3212.089	0.0282361756921816
3212.2329999999997	0.028221937103688442
3212.377	0.028201897608772154
3212.52	0.028189768440796504
3212.6639999999998	0.028183967534373366
3212.808	0.028176057207432725
3212.9539999999997	0.028169728945880212
3213.096	0.028167092170233332
3213.24	0.028163928039457074
3213.384	0.02815970919842207
3213.527	0.028158127133033936
3213.671	0.028154435647128308
3213.815	0.028143888544540786
3213.959	0.028133341441953265
3214.102	0.0281238490496245
3214.247	0.028116466077813228
3214.39	0.028114884012425102
3214.5339999999997	0.02811171988164885
3214.678	0.028103282199578833
3214.8219999999997	0.028095371872638192
3214.966	0.02809326245212069
3215.1099999999997	0.02809168038673256
3215.2529999999997	0.028084297414921293
3215.397	0.028070586181557517
3215.5409999999997	0.028061621144358125
3215.685	0.02805845701358187
3215.8289999999997	0.02805160139689998
3215.973	0.028044218425088717
3216.1169999999997	0.02803999958405371
3216.2599999999998	0.028036835453277453
3216.404	0.02803208925711307
3216.548	0.028024706285301803
3216.692	0.028017323313490536
3216.835	0.028012577117326153
3216.98	0.028006776210903018
3217.123	0.02800097530447988
3217.267	0.02799570175318612
3217.4109999999996	0.027992010267280487
3217.555	0.027981463164692966
3217.6989999999996	0.027963005735164803
3217.843	0.02795245863257728
3217.986	0.027948239791542272
3218.1299999999997	0.027945603015895396
3218.274	0.02794402095050727
3218.4179999999997	0.02794085681973101
3218.562	0.02793822004408413
3218.7059999999997	0.027934528558178497
3218.85	0.02792187203507347
3218.993	0.02790974286709782
3219.1369999999997	0.027903941960674684
3219.281	0.02789234014782841
3219.4249999999997	0.02788179304524089
3219.5679999999998	0.027879683624723386
3219.7129999999997	0.02787019123239462
3219.8559999999998	0.027858062064418973
3220.0	0.02785331586825459
3220.144	0.02784540554131395
3220.288	0.02783433108359705
3220.432	0.027822201915621403
3220.576	0.027810072747645756
3220.719	0.027785814411694455
3220.863	0.02775417310393189
3221.0069999999996	0.02774046187056811
3221.151	0.027734133609015596
3221.294	0.027660303890902953
3221.439	0.02757961855610842
3221.584	0.027560106416321506
3221.727	0.02752899246368832
3221.8709999999996	0.027504206772607648
3222.015	0.027501042641831386
3222.1589999999997	0.02749365967002012
3222.303	0.027475729595621338
3222.446	0.02745885423148131
3222.5899999999997	0.027449889194281915
3222.734	0.027442506222470645
3222.8779999999997	0.027430904409624375
3223.022	0.027418775241648725
3223.1659999999997	0.027411919624966835
3223.31	0.027404009298026194
3223.453	0.027396098971085553
3223.5969999999998	0.027390298064662418
3223.741	0.027376586831298642
3223.8849999999998	0.027363930308193618
3224.029	0.027360238822287983
3224.173	0.027360238822287983
3224.316	0.02735707469151173
3224.46	0.027354965270994226
3224.604	0.027348637009441713
3224.748	0.027343363458147953
3224.892	0.02733545313120731
3225.0359999999996	0.027326488094007916
3225.1789999999996	0.027320687187584777
3225.323	0.02731435892603227
3225.4669999999996	0.02731119479525601
3225.611	0.027306975954221
3225.7549999999997	0.027301175047797867
3225.899	0.02729801091702161
3226.0429999999997	0.02729748356189223
3226.1859999999997	0.027295901496504106
3226.33	0.02729484678624535
3226.4739999999997	0.0272937920759866
3226.618	0.027289573234951594
3226.7619999999997	0.027280080842622824
3226.906	0.02727322522594093
3227.049	0.027271643160552805
3227.1929999999998	0.027270588450294057
3227.337	0.02727006109516468
3227.4809999999998	0.027269533740035302
3227.625	0.027269533740035302
3227.769	0.027269533740035302
3227.912	0.027269533740035302
3228.0589999999997	0.027266896964388422
3228.2	0.027261096057965284
3228.344	0.027256877216930275
3228.488	0.027255295151542146
3228.6319999999996	0.02725371308615402
3228.776	0.027251076310507143
3228.919	0.027248966889989637
3229.0629999999996	0.027244220693825254
3229.207	0.02724000185279024
3229.3509999999997	0.027238419787402116
3229.495	0.027236310366884613
3229.6389999999997	0.02723578301175524
3229.7819999999997	0.02723578301175524
3229.926	0.027234728301496487
3230.0699999999997	0.027234728301496487
3230.214	0.027233673591237732
3230.3579999999997	0.027231036815590852
3230.502	0.027231036815590852
3230.645	0.027231036815590852
3230.7889999999998	0.0272278726848146
3230.933	0.027227345329685227
3231.0769999999998	0.027227345329685227
3231.221	0.027226290619426472
3231.365	0.027224708554038343
3231.509	0.027223126488650214
3231.652	0.027221544423262085
3231.796	0.027221017068132708
3231.94	0.02721996235787396
3232.084	0.027218380292485828
3232.2279999999996	0.027216798227097702
3232.372	0.027215216161709577
3232.5159999999996	0.027213634096321444
3232.6589999999997	0.027210469965545186
3232.803	0.027207305834768932
3232.9469999999997	0.027204669059122052
3233.091	0.027201504928345797
3233.2349999999997	0.027198868152698917
3233.3779999999997	0.027197813442440166
3233.5229999999997	0.027197286087310785
3233.6659999999997	0.027195176666793282
3233.81	0.027193594601405156
3233.9539999999997	0.0271925398911464
3234.098	0.02718990311549952
3234.2419999999997	0.027186738984723267
3234.3849999999998	0.02718462956420576
3234.529	0.027184102209076383
3234.673	0.027184102209076383
3234.817	0.027184102209076383
3234.961	0.027183047498817635
3235.105	0.027181465433429502
3235.248	0.027179356012912
3235.392	0.027177773947523874
3235.5359999999996	0.02717619188213575
3235.68	0.02717460981674762
3235.8239999999996	0.027172500396230113
3235.968	0.02716880891032448
3236.111	0.027165644779548227
3236.2549999999997	0.0271640627141601
3236.399	0.02716248064877197
3236.5429999999997	0.02715931651799571
3236.687	0.027156152387219457
3236.8309999999997	0.02715404296670195
3236.975	0.027151933546184448
3237.118	0.027149296770537568
3237.2619999999997	0.027148242060278816
3237.406	0.027147714705149442
3237.5499999999997	0.027144550574373184
3237.694	0.027140331733338175
3237.8379999999997	0.027137694957691295
3237.982	0.027136640247432543
3238.125	0.027135058182044414
3238.269	0.027131894051268157
3238.413	0.027131894051268157
3238.557	0.027131894051268157
3238.701	0.027131894051268157
3238.844	0.027131894051268157
3238.989	0.027131894051268157
3239.133	0.027131894051268157
3239.277	0.027131894051268157
3239.421	0.027131894051268157
3239.565	0.027131894051268157
3239.709	0.027131894051268157
3239.852	0.027131894051268157
3239.9959999999996	0.027131894051268157
3240.14	0.027131894051268157
3240.2839999999997	0.027131894051268157
3240.428	0.027131894051268157
3240.5719999999997	0.027131894051268157
3240.716	0.027131894051268157
3240.859	0.027131894051268157
3241.0029999999997	0.027131894051268157
3241.147	0.027130311985880028
3241.2909999999997	0.027128729920491902
3241.435	0.02712398372432752
3241.578	0.027119237528163132
3241.7219999999998	0.027117655462775003
3241.866	0.027116073397386874
3242.0099999999998	0.027116073397386874
3242.154	0.027116073397386874
3242.298	0.027116073397386874
3242.442	0.02711290926661062
3242.585	0.027109745135834362
3242.729	0.027109745135834362
3242.873	0.027109745135834362
3243.02	0.027109745135834362
3243.16	0.027109745135834362
3243.305	0.027109745135834362
3243.448	0.027109745135834362
3243.5919999999996	0.027109745135834362
3243.736	0.027109745135834362
3243.8799999999997	0.027109745135834362
3244.024	0.027109745135834362
3244.1679999999997	0.027109745135834362
3244.3109999999997	0.027109745135834362
3244.455	0.027109745135834362
3244.5989999999997	0.027109745135834362
3244.743	0.027109745135834362
3244.8869999999997	0.027109745135834362
3245.031	0.027109745135834362
3245.174	0.027109745135834362
3245.3179999999998	0.027109745135834362
3245.462	0.027109745135834362
3245.6059999999998	0.027109745135834362
3245.75	0.027109745135834362
3245.894	0.027109745135834362
3246.038	0.027109745135834362
3246.181	0.027109745135834362
3246.325	0.027109745135834362
3246.469	0.027109745135834362
3246.613	0.027109745135834362
3246.7569999999996	0.027109745135834362
3246.901	0.027109745135834362
3247.044	0.027109745135834362
3247.1879999999996	0.027109745135834362
3247.332	0.027109745135834362
3247.4759999999997	0.027109745135834362
3247.6189999999997	0.027109745135834362
3247.7639999999997	0.027109745135834362
3247.908	0.027109745135834362
3248.051	0.027109745135834362
3248.1949999999997	0.027109745135834362
3248.339	0.027109745135834362
3248.4829999999997	0.027109745135834362
3248.6259999999997	0.027109745135834362
3248.77	0.027109745135834362
3248.9139999999998	0.027109745135834362
3249.058	0.027109745135834362
3249.2019999999998	0.027109745135834362
3249.346	0.027109745135834362
3249.49	0.027109745135834362
3249.633	0.027109745135834362
3249.777	0.027109745135834362
3249.921	0.027109745135834362
3250.065	0.02711290926661062
3250.209	0.02711290926661062
3250.352	0.02711290926661062
3250.497	0.02711290926661062
3250.64	0.02711290926661062
3250.7839999999997	0.027116073397386874
3250.928	0.027117655462775003
3251.0719999999997	0.027119237528163132
3251.216	0.027125565789715644
3251.359	0.027125565789715644
3251.5029999999997	0.027125565789715644
3251.647	0.027125565789715644
3251.7909999999997	0.027125565789715644
3251.935	0.027125565789715644
3252.0789999999997	0.027125565789715644
3252.223	0.027125565789715644
3252.366	0.027125565789715644
3252.5099999999998	0.027125565789715644
3252.654	0.027125565789715644
3252.798	0.027119237528163132
3252.942	0.027116073397386874
3253.085	0.027119237528163132
3253.229	0.027119237528163132
3253.373	0.027119237528163132
3253.517	0.027119237528163132
3253.6609999999996	0.027119237528163132
3253.805	0.027119237528163132
3253.9489999999996	0.027119237528163132
3254.0919999999996	0.027119237528163132
3254.236	0.027116073397386874
3254.3799999999997	0.027116073397386874
3254.524	0.02711290926661062
3254.667	0.02711290926661062
3254.812	0.027109745135834362
3254.955	0.027109745135834362
3255.0989999999997	0.027109745135834362
3255.243	0.02711290926661062
3255.3869999999997	0.02711290926661062
3255.531	0.02711290926661062
3255.678	0.027109745135834362
3255.8179999999998	0.027114491331998745
3255.962	0.027119237528163132
3256.1059999999998	0.027119237528163132
3256.25	0.027119237528163132
3256.393	0.027119237528163132
3256.5389999999998	0.027119237528163132
3256.682	0.027119237528163132
3256.826	0.027119237528163132
3256.97	0.027119237528163132
3257.114	0.027119237528163132
3257.258	0.027119237528163132
3257.401	0.027119237528163132
3257.5449999999996	0.027119237528163132
3257.689	0.027119237528163132
3257.8329999999996	0.027119237528163132
3257.98	0.027119237528163132
3258.1209999999996	0.027119237528163132
3258.265	0.027119237528163132
3258.408	0.027119237528163132
3258.5519999999997	0.027119237528163132
3258.696	0.027119237528163132
3258.8399999999997	0.027119237528163132
3258.984	0.027119237528163132
3259.127	0.027119237528163132
3259.2709999999997	0.027119237528163132
3259.415	0.027121874303810013
3259.5589999999997	0.027127675210233147
3259.703	0.027132948761526908
3259.8469999999998	0.027132948761526908
3259.991	0.027135058182044414
3260.1349999999998	0.027135058182044414
3260.279	0.027135058182044414
3260.422	0.027136640247432543
3260.566	0.027136640247432543
3260.709	0.027138749667950046
3260.854	0.027141386443596927
3260.997	0.027141913798726304
3261.1409999999996	0.027144550574373184
3261.285	0.027147714705149442
3261.4289999999996	0.027149296770537568
3261.573	0.02715404296670195
3261.7169999999996	0.02715931651799571
3261.8599999999997	0.02715931651799571
3262.004	0.02716248064877197
3262.1479999999997	0.027165644779548227
3262.292	0.02716880891032448
3262.435	0.02717039097571261
3262.58	0.027172500396230113
3262.723	0.027172500396230113
3262.8669999999997	0.02717619188213575
3263.011	0.027177773947523874
3263.1549999999997	0.027179356012912
3263.299	0.027182520143688254
3263.442	0.027184102209076383
3263.587	0.02718462956420576
3263.73	0.027186738984723267
3263.874	0.027189375760370147
3264.018	0.027190957825758276
3264.162	0.02719306724627578
3264.306	0.02719570402192266
3264.45	0.027198868152698917
3264.593	0.02720308699373393
3264.7369999999996	0.027205723769380803
3264.881	0.02720941525528643
3265.0249999999996	0.027213634096321444
3265.1679999999997	0.027215216161709577
3265.3129999999996	0.027215216161709577
3265.4559999999997	0.027216798227097702
3265.6	0.027216798227097702
3265.7439999999997	0.027216798227097702
3265.888	0.02721785293735645
3266.0319999999997	0.02721785293735645
3266.1749999999997	0.027218380292485828
3266.319	0.027220489713003334
3266.4629999999997	0.02722365384377959
3266.607	0.027226290619426472
3266.7509999999997	0.0272278726848146
3266.895	0.027231036815590852
3267.038	0.027234728301496487
3267.182	0.02723578301175524
3267.326	0.027236310366884613
3267.47	0.02723683772201399
3267.614	0.02723683772201399
3267.758	0.027238419787402116
3267.901	0.02724000185279024
3268.046	0.027241583918178373
3268.189	0.02724791217973089
3268.3329999999996	0.027252658375895272
3268.477	0.027252658375895272
3268.6209999999996	0.027252658375895272
3268.765	0.027252658375895272
3268.908	0.027252658375895272
3269.0519999999997	0.027252658375895272
3269.196	0.027252658375895272
3269.3399999999997	0.027252658375895272
3269.4829999999997	0.027252658375895272
3269.6279999999997	0.027252658375895272
3269.7709999999997	0.027252658375895272
3269.915	0.027252658375895272
3270.0589999999997	0.027252658375895272
3270.203	0.027252658375895272
3270.3469999999998	0.027252658375895272
3270.491	0.027252658375895272
3270.634	0.027252658375895272
3270.778	0.027252658375895272
3270.922	0.027252658375895272
3271.066	0.027252658375895272
3271.209	0.027252658375895272
3271.354	0.027252658375895272
3271.497	0.027252658375895272
3271.6409999999996	0.027252658375895272
3271.785	0.027252658375895272
3271.9289999999996	0.027252658375895272
3272.073	0.027252658375895272
3272.216	0.027252658375895272
3272.361	0.027252658375895272
3272.504	0.02724791217973089
3272.6479999999997	0.027243165983566502
3272.792	0.027241583918178373
3272.9359999999997	0.027241583918178373
3273.082	0.027241583918178373
3273.2239999999997	0.027241583918178373
3273.3669999999997	0.027241583918178373
3273.511	0.027241583918178373
3273.6549999999997	0.027241583918178373
3273.799	0.027241583918178373
3273.944	0.02724000185279024
3274.0879999999997	0.027238419787402116
3274.2309999999998	0.027238419787402116
3274.375	0.027238419787402116
3274.519	0.027238419787402116
3274.663	0.027238419787402116
3274.807	0.027238419787402116
3274.95	0.027238419787402116
3275.094	0.027241583918178373
3275.238	0.027241583918178373
3275.3819999999996	0.027241583918178373
3275.526	0.027241583918178373
3275.6699999999996	0.027241583918178373
3275.814	0.027241583918178373
3275.9579999999996	0.027241583918178373
3276.1009999999997	0.027241583918178373
3276.245	0.027241583918178373
3276.3889999999997	0.027241583918178373
3276.533	0.027241583918178373
3276.676	0.027241583918178373
3276.8199999999997	0.027241583918178373
3276.964	0.027243165983566502
3277.1079999999997	0.027243165983566502
3277.252	0.027243165983566502
3277.3959999999997	0.027243165983566502
3277.54	0.027243165983566502
3277.683	0.027243165983566502
3277.8269999999998	0.027241583918178373
3277.971	0.027238419787402116
3278.115	0.02723683772201399
3278.259	0.027236310366884613
3278.403	0.027236310366884613
3278.547	0.027236310366884613
3278.69	0.027236310366884613
3278.834	0.027236310366884613
3278.9779999999996	0.027236310366884613
3279.122	0.027236310366884613
3279.2659999999996	0.027236310366884613
3279.4089999999997	0.027236310366884613
3279.5539999999996	0.027236310366884613
3279.6969999999997	0.027236310366884613
3279.841	0.027236310366884613
3279.9849999999997	0.027236310366884613
3280.129	0.027236310366884613
3280.2729999999997	0.02723683772201399
3280.4159999999997	0.027236310366884613
3280.56	0.027236310366884613
3280.7039999999997	0.027236310366884613
3280.848	0.027236310366884613
3280.9919999999997	0.027234728301496487
3281.136	0.027234728301496487
3281.2799999999997	0.027234728301496487
3281.423	0.027234728301496487
3281.567	0.027234728301496487
3281.711	0.027234728301496487
3281.855	0.027234728301496487
3281.999	0.027234728301496487
3282.142	0.027234728301496487
3282.2859999999996	0.027234728301496487
3282.43	0.027234728301496487
3282.5739999999996	0.027234728301496487
3282.718	0.027234728301496487
3282.8619999999996	0.027234728301496487
3283.006	0.027234728301496487
3283.149	0.027234728301496487
3283.2929999999997	0.027234728301496487
3283.437	0.027234728301496487
3283.5809999999997	0.027234728301496487
3283.725	0.027234728301496487
3283.8689999999997	0.027234728301496487
3284.013	0.027234728301496487
3284.156	0.027234728301496487
3284.2999999999997	0.027236310366884613
3284.444	0.027236310366884613
3284.5879999999997	0.027236310366884613
3284.732	0.027236310366884613
3284.875	0.027236310366884613
3285.019	0.02723683772201399
3285.163	0.02723683772201399
3285.307	0.02723683772201399
3285.451	0.02723683772201399
3285.595	0.02723683772201399
3285.739	0.02723683772201399
3285.8819999999996	0.02723683772201399
3286.026	0.02723683772201399
3286.1699999999996	0.02723683772201399
3286.314	0.02723683772201399
3286.457	0.02723683772201399
3286.602	0.02723683772201399
3286.745	0.02723683772201399
3286.8889999999997	0.02723683772201399
3287.033	0.02723683772201399
3287.1769999999997	0.02723683772201399
3287.321	0.02723683772201399
3287.4649999999997	0.02723683772201399
3287.6079999999997	0.02723683772201399
3287.752	0.02723683772201399
3287.8959999999997	0.02723683772201399
3288.0429999999997	0.02723683772201399
3288.1839999999997	0.02723683772201399
3288.328	0.02723683772201399
3288.4719999999998	0.02723683772201399
3288.615	0.02723683772201399
3288.759	0.02723683772201399
3288.903	0.02723683772201399
3289.047	0.027236310366884613
3289.191	0.027236310366884613
3289.335	0.027234728301496487
3289.479	0.027233673591237732
3289.622	0.027231036815590852
3289.7659999999996	0.027226817974555846
3289.91	0.027226817974555846
3290.0539999999996	0.027224708554038343
3290.198	0.02722418119890897
3290.341	0.02722259913352084
3290.4849999999997	0.02721996235787396
3290.629	0.027218380292485828
3290.7729999999997	0.02721785293735645
3290.917	0.02721521616170957
3291.0609999999997	0.02721205203093332
3291.205	0.027211524675803945
3291.348	0.027209942610415816
3291.493	0.027209942610415816
3291.6369999999997	0.027209942610415816
3291.781	0.027209942610415816
3291.9249999999997	0.027209942610415816
3292.069	0.027209942610415816
3292.212	0.027209942610415816
3292.3559999999998	0.027209942610415816
3292.5	0.027209942610415816
3292.644	0.027209942610415816
3292.7889999999998	0.027209942610415816
3292.932	0.027209942610415816
3293.075	0.027208360545027687
3293.22	0.027206778479639558
3293.363	0.02720308699373393
3293.5069999999996	0.027200977573216423
3293.651	0.027200450218087042
3293.7949999999996	0.027198340797569536
3293.939	0.027196758732181407
3294.082	0.027196758732181407
3294.2259999999997	0.027196758732181407
3294.37	0.027193594601405156
3294.5139999999997	0.027190430470628902
3294.658	0.02718726633985264
3294.8019999999997	0.02718093807830013
3294.946	0.027177773947523874
3295.089	0.027177773947523874
3295.2329999999997	0.027175137171876994
3295.377	0.027174082461618242
3295.5209999999997	0.027171445685971362
3295.665	0.02717039097571261
3295.808	0.027169863620583233
3295.9519999999998	0.027168281555195108
3296.096	0.027167226844936353
3296.24	0.027166699489806975
3296.384	0.0271661721346776
3296.528	0.02716511742441885
3296.672	0.02716248064877197
3296.815	0.02716089858338384
3296.959	0.027158789162866334
3297.1029999999996	0.02715562503209008
3297.247	0.02715457032183133
3297.3909999999996	0.027152460901313825
3297.535	0.027149296770537568
3297.678	0.027147714705149442
3297.8219999999997	0.027147714705149442
3297.966	0.027145605284631936
3298.1099999999997	0.027142441153855678
3298.254	0.02714085908846755
3298.3979999999997	0.02714085908846755
3298.5409999999997	0.02714085908846755
3298.6859999999997	0.02714085908846755
3298.8289999999997	0.02714085908846755
3298.973	0.02714085908846755
3299.1169999999997	0.02714085908846755
3299.261	0.027139804378208798
3299.4049999999997	0.027138749667950046
3299.548	0.027138749667950046
3299.692	0.027137694957691295
3299.836	0.027136640247432543
3299.98	0.027136640247432543
3300.124	0.02713453082691504
3300.268	0.027131366696138783
3300.412	0.02712714785510377
3300.555	0.02712714785510377
3300.6989999999996	0.02712345636919814
3300.843	0.027121874303810013
3300.9869999999996	0.02712081959355126
3301.131	0.027120292238421884
3301.274	0.02711818281790438
3301.4179999999997	0.0271155460422575
3301.562	0.027114491331998745
3301.7059999999997	0.027113963976869368
3301.85	0.027113436621739994
3301.9939999999997	0.027112381911481243
3302.138	0.027110799846093117
3302.281	0.02711027249096374
3302.4249999999997	0.027109217780704985
3302.569	0.027107108360187482
3302.7129999999997	0.027107108360187482
3302.8559999999998	0.02710605364992873
3303.0029999999997	0.02710605364992873
3303.145	0.02710605364992873
3303.288	0.027107108360187482
3303.432	0.027107108360187482
3303.576	0.02710605364992873
3303.72	0.027105526294799356
3303.864	0.02710499893966998
3304.0069999999996	0.02710499893966998
3304.151	0.02710499893966998
3304.2949999999996	0.027103944229411224
3304.439	0.0271023621640231
3304.5829999999996	0.0271023621640231
3304.727	0.0271023621640231
3304.8709999999996	0.0271023621640231
3305.0139999999997	0.0271023621640231
3305.158	0.0271023621640231
3305.3019999999997	0.02710078009863497
3305.446	0.027099725388376218
3305.5899999999997	0.027099725388376218
3305.7329999999997	0.02709919803324684
3305.8779999999997	0.027097615967858712
3306.0209999999997	0.027097615967858712
3306.165	0.02709656125759996
3306.3089999999997	0.027093397126823703
3306.453	0.027089705640918074
3306.5969999999998	0.027088123575529942
3306.74	0.02708706886527119
3306.884	0.027086541510141816
3307.028	0.027084959444753687
3307.172	0.027082322669106807
3307.316	0.0270802132485893
3307.46	0.027078631183201175
3307.604	0.02707652176268367
3307.748	0.02707493969729554
3307.8909999999996	0.027074412342166166
3308.035	0.027074412342166166
3308.1789999999996	0.027071775566519286
3308.323	0.027069138790872405
3308.466	0.02706861143574303
3308.611	0.027067029370354906
3308.754	0.027062810529319893
3308.899	0.027059646398543635
3309.0429999999997	0.027058064333155506
3309.187	0.027056482267767377
3309.3309999999997	0.027056482267767377
3309.4739999999997	0.027054900202379252
3309.618	0.027051736071602998
3309.7619999999997	0.027050154006214872
3309.906	0.02704962665108549
3310.0499999999997	0.02704698987543861
3310.194	0.02704435309979173
3310.3379999999997	0.0270427710344036
3310.482	0.02704171632414485
3310.625	0.027041188969015476
3310.769	0.027040661613886102
3310.913	0.027040661613886102
3311.057	0.02703802483823922
3311.2	0.027034860707462964
3311.345	0.027034860707462964
3311.488	0.027034860707462964
3311.6319999999996	0.027034860707462964
3311.776	0.027034860707462964
3311.9199999999996	0.027034860707462964
3312.064	0.027034860707462964
3312.207	0.027034860707462964
3312.3509999999997	0.027034860707462964
3312.495	0.027034860707462964
3312.6389999999997	0.027034860707462964
3312.783	0.027034860707462964
3312.9269999999997	0.027034860707462964
3313.071	0.027034860707462964
3313.214	0.027034860707462964
3313.3579999999997	0.027034860707462964
3313.502	0.027034860707462964
3313.6459999999997	0.027034860707462964
3313.79	0.027034860707462964
3313.933	0.027034860707462964
3314.0769999999998	0.027034860707462964
3314.221	0.027034860707462964
3314.365	0.027034860707462964
3314.509	0.027034860707462964
3314.653	0.027034860707462964
3314.797	0.027034860707462964
3314.94	0.027034860707462964
3315.084	0.027034860707462964
3315.2279999999996	0.027034860707462964
3315.372	0.027034860707462964
3315.515	0.027034860707462964
3315.66	0.027034860707462964
3315.8039999999996	0.027034860707462964
3315.9469999999997	0.027034860707462964
3316.091	0.027034860707462964
3316.2349999999997	0.027034860707462964
3316.379	0.027034860707462964
3316.5229999999997	0.027034860707462964
3316.6659999999997	0.02703327864207484
3316.81	0.027031696576686706
3316.9539999999997	0.027031696576686706
3317.098	0.02703116922155733
3317.2419999999997	0.02703011451129858
3317.386	0.02702905980103983
3317.5299999999997	0.0270274777356517
3317.673	0.02702589567026357
3317.817	0.027025368315134198
3317.961	0.02702484096000482
3318.1079999999997	0.02702325889461669
3318.248	0.027020094763840437
3318.393	0.027017457988193556
3318.5359999999996	0.02701534856767605
3318.68	0.0270142938574173
3318.8239999999996	0.02701376650228792
3318.968	0.027011657081770418
3319.1119999999996	0.027008492950994164
3319.256	0.02700691088560604
3319.399	0.02700585617534728
3319.5429999999997	0.027004801465088525
3319.687	0.027004801465088525
3319.8309999999997	0.0270032193997004
3319.9739999999997	0.0270032193997004
3320.1189999999997	0.0270032193997004
3320.263	0.0270032193997004
3320.406	0.0270032193997004
3320.5499999999997	0.0270032193997004
3320.694	0.0270032193997004
3320.8379999999997	0.0270032193997004
3320.9809999999998	0.0270032193997004
3321.125	0.0270032193997004
3321.269	0.0270032193997004
3321.413	0.0270032193997004
3321.557	0.0270032193997004
3321.701	0.0270032193997004
3321.845	0.027000055268924145
3321.989	0.02699794584840664
3322.1319999999996	0.026995836427889136
3322.276	0.026995836427889136
3322.4199999999996	0.026995836427889136
3322.564	0.026995836427889136
3322.707	0.026994254362501007
3322.852	0.026994254362501007
3322.9959999999996	0.026994254362501007
3323.1389999999997	0.026993199652242256
3323.283	0.026993199652242256
3323.4269999999997	0.026993199652242256
3323.571	0.026993199652242256
3323.714	0.026993199652242256
3323.8579999999997	0.026993199652242256
3324.002	0.026993199652242256
3324.1459999999997	0.02699161758685413
3324.29	0.02699161758685413
3324.4339999999997	0.02699161758685413
3324.578	0.026990035521466005
3324.721	0.026988453456077872
3324.865	0.026987926100948495
3325.009	0.026987926100948495
3325.153	0.026987926100948495
3325.297	0.026986871390689747
3325.44	0.026984761970172244
3325.584	0.026983707259913493
3325.729	0.02698317990478412
3325.872	0.026979488418878483
3326.0159999999996	0.02697526957784347
3326.16	0.026972632802196594
3326.3039999999996	0.026971050736808465
3326.448	0.026970523381679087
3326.5919999999996	0.026968413961161584
3326.736	0.026964195120126575
3326.8799999999997	0.026958394213703437
3327.0229999999997	0.02695417537266843
3327.1679999999997	0.02695153859702155
3327.3109999999997	0.026949956531633422
3327.455	0.026949956531633422
3327.5989999999997	0.02694784711111592
3327.743	0.02694468298033966
3327.8869999999997	0.026943100914951536
3328.031	0.02694099149443403
3328.174	0.02693835471878715
3328.3179999999998	0.026937300008528398
3328.462	0.02693677265339902
3328.6059999999998	0.02693677265339902
3328.75	0.026935190588010895
3328.894	0.026935190588010895
3329.037	0.026935190588010895
3329.181	0.026929389681587756
3329.325	0.026923061420035244
3329.469	0.026923061420035244
3329.613	0.026923061420035244
3329.756	0.026923061420035244
3329.901	0.026923061420035244
3330.044	0.026923061420035244
3330.1879999999996	0.026918315223870858
3330.332	0.026913569027706474
3330.4759999999997	0.026909350186671465
3330.62	0.026906713411024585
3330.763	0.026905131345636456
3330.9069999999997	0.026903021925118953
3331.051	0.026899330439213318
3331.1949999999997	0.026895111598178312
3331.339	0.02688983804688455
3331.482	0.026884037140461413
3331.627	0.026884037140461413
3331.77	0.026884037140461413
3331.9139999999998	0.02688192771994391
3332.058	0.02688192771994391
3332.2019999999998	0.02688192771994391
3332.346	0.02688192771994391
3332.489	0.02688192771994391
3332.633	0.02688192771994391
3332.777	0.02688192771994391
3332.921	0.02688192771994391
3333.0679999999998	0.026877181523779527
3333.209	0.026870853262227015
3333.3529999999996	0.026867689131450757
3333.4959999999996	0.026866107066062628
3333.64	0.02686294293528637
3333.7839999999997	0.026858724094251364
3333.928	0.026854505253216355
3334.0719999999997	0.0268513411224401
3334.2149999999997	0.026850813767310723
3334.3599999999997	0.026846594926275714
3334.5029999999997	0.026841848730111327
3334.647	0.026837102533946944
3334.7909999999997	0.02683235633778256
3334.935	0.026828137496747555
3335.0789999999997	0.026822336590324417
3335.2219999999998	0.026817590394160033
3335.366	0.026808098001831267
3335.5099999999998	0.026801242385149377
3335.654	0.026795441478726242
3335.798	0.0267854217312681
3335.942	0.026780675535103715
3336.086	0.026778566114586212
3336.229	0.026772765208163074
3336.373	0.026767491656869313
3336.517	0.02676274546070493
3336.6609999999996	0.02675483513376429
3336.805	0.02675061629272928
3336.948	0.0267500889375999
3337.0919999999996	0.026747979517082396
3337.236	0.02674217861065926
3337.3799999999997	0.02673532299397737
3337.5229999999997	0.026730576797812988
3337.6679999999997	0.026725830601648605
3337.8109999999997	0.026721611760613596
3337.955	0.026720029695225467
3338.0989999999997	0.02671686556444921
3338.243	0.02671317407854358
3338.3869999999997	0.026711064658026074
3338.5299999999997	0.026708427882379194
3338.6749999999997	0.026706845816991065
3338.8179999999998	0.026702626975956056
3338.962	0.02669682606953292
3339.1059999999998	0.026692079873368534
3339.25	0.026687861032333525
3339.394	0.02668469690155727
3339.537	0.02668311483616914
3339.681	0.026681532770781013
3339.825	0.026674149798969746
3339.969	0.02666834889254661
3340.113	0.02666834889254661
3340.256	0.026666766827158482
3340.401	0.026663075341252854
3340.544	0.026657801789959093
3340.6879999999996	0.026653055593794706
3340.832	0.026653055593794706
3340.9759999999997	0.026650418818147826
3341.12	0.026649364107889074
3341.263	0.02664725468737157
3341.4069999999997	0.026644090556595314
3341.551	0.026641981136077807
3341.6949999999997	0.026639344360430927
3341.839	0.02663723493991342
3341.9829999999997	0.026636707584784047
3342.127	0.02663407080913717
3342.27	0.026629851968102164
3342.4139999999998	0.026627742547584658
3342.558	0.02662616048219653
3342.7019999999998	0.026623523706549645
3342.846	0.026619832220644013
3342.989	0.02661614073473838
3343.134	0.026608757762927118
3343.277	0.02660190214624523
3343.421	0.02660084743598648
3343.565	0.02659926537059835
3343.709	0.02659557388469272
3343.854	0.026593464464175216
3343.997	0.02659240975391646
3344.1409999999996	0.026590827688528332
3344.285	0.026583444716717072
3344.4289999999996	0.02657447967951768
3344.573	0.02657131554874142
3344.7169999999996	0.026570260838482667
3344.8599999999997	0.026567096707706413
3345.004	0.026563405221800777
3345.1479999999997	0.026561295801283278
3345.292	0.0265586590256364
3345.4359999999997	0.02655707696024827
3345.58	0.026554967539730766
3345.723	0.02655338547434264
3345.8669999999997	0.026543365726884496
3346.011	0.026532818624296975
3346.1549999999997	0.02653070920377947
3346.299	0.02652912713839134
3346.4429999999998	0.026528072428132588
3346.586	0.026524908297356334
3346.73	0.026522798876838827
3346.874	0.026520162101191947
3347.018	0.026515943260156938
3347.162	0.026513306484510057
3347.306	0.026510669708863177
3347.45	0.026503814092181287
3347.593	0.026496958475499398
3347.7369999999996	0.026492739634464392
3347.881	0.026489575503688134
3348.026	0.026487993438300005
3348.169	0.026485884017782502
3348.3129999999996	0.02648482930752375
3348.4559999999997	0.026482719887006248
3348.6	0.02647955575622999
3348.7439999999997	0.026478501045971235
3348.888	0.026477973690841858
3349.0319999999997	0.026473227494677475
3349.176	0.026463735102348708
3349.319	0.026458461551054947
3349.4629999999997	0.026456352130537444
3349.607	0.026453715354890564
3349.7509999999997	0.026451605934373058
3349.895	0.026448969158726177
3350.038	0.026446332383079297
3350.183	0.02644422296256179
3350.326	0.026442640897173665
3350.47	0.026440004121526785
3350.614	0.026436839990750527
3350.758	0.026435257925362398
3350.902	0.02643314850484489
3351.046	0.026429984374068637
3351.189	0.026428929663809886
3351.3329999999996	0.02642734759842176
3351.477	0.026424183467645506
3351.6209999999996	0.026421546691998622
3351.765	0.02641996462661049
3351.9089999999997	0.026418382561222364
3352.0519999999997	0.02641680049583424
3352.196	0.026415218430446107
3352.3399999999997	0.02641363636505798
3352.484	0.026413109009928604
3352.6279999999997	0.026405198682987966
3352.772	0.026395178935529826
3352.9159999999997	0.026392542159882945
3353.06	0.02638885067397731
3353.203	0.0263846318329423
3353.3469999999998	0.02638199505729542
3353.491	0.026379885636777914
3353.6349999999998	0.026376721506001656
3353.779	0.02637408473035478
3353.922	0.02637250266496665
3354.066	0.026369338534190396
3354.21	0.02636459233802601
3354.354	0.026360373496990996
3354.497	0.02635931878673225
3354.642	0.02635931878673225
3354.785	0.02635931878673225
3354.9289999999996	0.02635879143160287
3355.073	0.026358264076473497
3355.2169999999996	0.026352463170050362
3355.361	0.02634613490849785
3355.504	0.02634138871233347
3355.6479999999997	0.02633664251616908
3355.792	0.026333478385392826
3355.9359999999997	0.026329786899487194
3356.08	0.026327150123840314
3356.2239999999997	0.02632504070332281
3356.368	0.026323458637934682
3356.511	0.026321876572546553
3356.6549999999997	0.026321349217417172
3356.799	0.026319767152029043
3356.9429999999998	0.02631713037638217
3357.087	0.026315548310994044
3357.23	0.026313966245605912
3357.375	0.026312384180217786
3357.518	0.026310802114829657
3357.662	0.026308165339182777
3357.806	0.02630605591866527
3357.95	0.026304473853277145
3358.094	0.026300255012242132
3358.2369999999996	0.02629550881607775
3358.381	0.026290762619913366
3358.5249999999996	0.026286543778878357
3358.669	0.026284961713490228
3358.8129999999996	0.026281797582713973
3358.957	0.02627863345193772
3359.1009999999997	0.02627546932116146
3359.245	0.026272305190385203
3359.388	0.026266504283962065
3359.5319999999997	0.02625964866728018
3359.676	0.026255957181374544
3359.8199999999997	0.026252265695468912
3359.9629999999997	0.026250683630080783
3360.1079999999997	0.026249101564692658
3360.2509999999997	0.02624330065826952
3360.395	0.02623802710697576
3360.5389999999998	0.026233280910811375
3360.683	0.02622695264925886
3360.8269999999998	0.02622431587361198
3360.97	0.02622431587361198
3361.114	0.026223788518482602
3361.258	0.026223261163353228
3361.403	0.0262216790979651
3361.547	0.02621904232231822
3361.691	0.02621640554667134
3361.835	0.026210604640248207
3361.9779999999996	0.0262063857992132
3362.122	0.026203221668436943
3362.2659999999996	0.026199530182531308
3362.41	0.026197948117143176
3362.5539999999996	0.026195311341496295
3362.6969999999997	0.026190565145331916
3362.8419999999996	0.026185818949167532
3362.9849999999997	0.026184236883779403
3363.1319999999996	0.026183709528650026
3363.2729999999997	0.026181600108132523
3363.417	0.026178963332485643
3363.5609999999997	0.026176853911968133
3363.7039999999997	0.02617579920170938
3363.848	0.026175271846580007
3363.9919999999997	0.02617474449145063
3364.136	0.02617474449145063
3364.2799999999997	0.026172107715803753
3364.424	0.026167888874768747
3364.5679999999998	0.02616577945425124
3364.711	0.026162615323474983
3364.855	0.026156814417051845
3364.999	0.026152068220887465
3365.143	0.02614995880036996
3365.287	0.02614521260420558
3365.43	0.026139939052911818
3365.575	0.026137302277264934
3365.718	0.026134138146488677
3365.8619999999996	0.026125700464418665
3366.006	0.0261162080720899
3366.1499999999996	0.026112516586184263
3366.294	0.026109352455408005
3366.437	0.026104606259243622
3366.5809999999997	0.02609564122204423
3366.725	0.02608878560536234
3366.8689999999997	0.026082984698939205
3367.013	0.026074019661739813
3367.1569999999997	0.026067691400187297
3367.301	0.026065054624540417
3367.4449999999997	0.02606452726941104
3367.5879999999997	0.026062945204022914
3367.732	0.026059781073246656
3367.8759999999997	0.026051870746306015
3368.02	0.026043433064236
3368.163	0.02604079628858912
3368.308	0.02603552273729536
3368.451	0.026018647373155325
3368.595	0.026002299364144665
3368.739	0.025995971102592157
3368.883	0.0259928069718159
3369.027	0.025980150448710874
3369.1699999999996	0.025968021280735224
3369.314	0.02593954410374892
3369.4579999999996	0.025905793375468854
3369.602	0.025892082142105075
3369.7459999999996	0.02586307760998939
3369.89	0.025836709853520587
3370.0339999999997	0.025831963657356204
3370.178	0.025830908947097452
3370.321	0.025827744816321198
3370.4649999999997	0.02582458068554494
3370.609	0.025818779779121802
3370.7529999999997	0.025805068545758026
3370.8959999999997	0.025787665826488615
3371.04	0.025779228144418596
3371.1839999999997	0.02577764607903047
3371.328	0.02577500930338359
3371.4719999999998	0.02576973575208983
3371.616	0.025751805677691045
3371.7599999999998	0.025737567089197895
3371.903	0.025732293537904134
3372.047	0.025724383210963486
3372.191	0.02572016436992848
3372.335	0.025715945528893478
3372.479	0.02571119933272909
3372.623	0.02570856255708221
3372.767	0.025705398426305953
3372.9109999999996	0.025702234295529702
3373.0539999999996	0.025700652230141577
3373.198	0.02569854280962407
3373.3419999999996	0.02569537867884781
3373.486	0.025692214548071555
3373.629	0.02568377686600154
3373.7729999999997	0.02567533918393152
3373.917	0.025662682660826497
3374.0609999999997	0.02565108084798022
3374.205	0.02564844407233334
3374.3489999999997	0.025642643165910205
3374.493	0.025637896969745822
3374.6369999999997	0.025635260194098942
3374.7799999999997	0.02562998664280518
3374.924	0.025625240446640794
3375.0679999999998	0.025624185736382043
3375.212	0.02562365838125267
3375.3559999999998	0.025609419792759512
3375.5	0.025595708559395736
3375.643	0.025591489718360727
3375.787	0.02558568881193759
3375.931	0.025582524681161335
3376.075	0.025579887905514454
3376.219	0.025575669064479445
3376.3619999999996	0.02556934080292693
3376.506	0.02556406725163317
3376.6499999999996	0.025556156924692527
3376.794	0.02554930130801064
3376.9379999999996	0.025531371233611863
3377.082	0.025513968514342455
3377.2259999999997	0.025500257280978673
3377.37	0.025485491337356142
3377.513	0.02548338191683864
3377.6569999999997	0.025479690430933004
3377.801	0.025473362169380495
3377.944	0.025461233001404848
3378.0919999999996	0.02544752176804107
3378.2329999999997	0.025440138796229802
3378.3759999999997	0.025437502020582925
3378.52	0.02543275582441854
3378.6639999999998	0.025426427562866026
3378.8089999999997	0.025419044591054762
3378.953	0.025412716329502247
3379.096	0.02540902484359662
3379.241	0.02540216922691473
3379.384	0.02539795038587972
3379.528	0.02539478625510346
3379.672	0.02539004005893908
3379.816	0.025382129731998437
3379.96	0.02537580147044592
3380.104	0.025375274115316548
3380.247	0.025372637339669667
3380.3909999999996	0.025367363788375907
3380.535	0.0253631449473409
3380.6789999999996	0.025361562881952775
3380.823	0.025358398751176514
3380.9669999999996	0.025354707265270886
3381.1099999999997	0.025337831901130856
3381.254	0.02532095653699082
3381.3979999999997	0.02532042918186144
3381.542	0.025318847116473316
3381.6859999999997	0.025316210340826432
3381.8289999999997	0.025309354724144542
3381.973	0.0253014443972039
3382.1169999999997	0.025299334976686398
3382.261	0.025298280266427643
3382.4049999999997	0.02528720580871075
3382.549	0.02526874837918259
3382.6929999999998	0.02525872863172444
3382.837	0.02525503714581881
3382.98	0.02525134565991318
3383.124	0.025245544753490043
3383.268	0.025240271202196282
3383.412	0.025237634426549405
3383.556	0.0252355250060319
3383.6989999999996	0.025234997650902525
3383.843	0.025232360875255645
3383.9869999999996	0.02522919674447939
3384.131	0.025227087323961884
3384.2749999999996	0.025224450548315003
3384.419	0.025222868482926875
3384.562	0.025221286417538746
3384.7059999999997	0.025218649641891865
3384.85	0.025217067576503736
3384.9939999999997	0.02521390344572748
3385.138	0.025210739314951224
3385.2819999999997	0.025209157249563095
3385.426	0.02520177427775183
3385.569	0.02518331684822367
3385.7129999999997	0.02516960561485989
3385.857	0.025165386773824884
3386.0009999999997	0.025150093475072976
3386.145	0.0251363822417092
3386.288	0.025134800176321075
3386.432	0.02513110869041544
3386.576	0.02512583513912168
3386.72	0.025107377709593516
3386.864	0.025090502345453486
3387.008	0.0250725722710547
3387.152	0.025051478065879658
3387.2949999999996	0.025036184767127753
3387.439	0.025036184767127753
3387.5829999999996	0.025036184767127753
3387.727	0.025021418823505222
3387.8709999999996	0.025016672627340836
3388.015	0.025011926431176456
3388.1589999999997	0.025011926431176456
3388.3019999999997	0.025011926431176456
3388.446	0.025011926431176456
3388.5899999999997	0.025011926431176456
3388.734	0.025011926431176456
3388.8779999999997	0.025011926431176456
3389.0209999999997	0.025011926431176456
3389.165	0.025011926431176456
3389.3089999999997	0.025011926431176456
3389.453	0.025011926431176456
3389.5969999999998	0.025011926431176456
3389.741	0.025011926431176456
3389.8849999999998	0.025011926431176456
3390.028	0.025011926431176456
3390.172	0.025011926431176456
3390.316	0.025011926431176456
3390.46	0.025011926431176456
3390.6029999999996	0.025011926431176456
3390.748	0.025011926431176456
3390.892	0.025011926431176456
3391.035	0.0250087623004002
3391.1789999999996	0.0250087623004002
3391.323	0.0250087623004002
3391.4669999999996	0.0250087623004002
3391.611	0.025007180235012073
3391.754	0.025005598169623944
3391.8979999999997	0.025000851973459557
3392.042	0.024993469001648293
3392.1859999999997	0.024989250160613284
3392.33	0.0249845039644489
3392.4739999999997	0.02497923041315514
3392.618	0.024972902151602624
3392.761	0.024963937114403235
3392.9049999999997	0.024958136207980097
3393.051	0.02495655414259197
3393.1929999999998	0.024955499432333217
3393.336	0.024952862656686337
3393.4809999999998	0.024952862656686337
3393.624	0.024952862656686337
3393.768	0.024951280591298208
3393.912	0.024942315554098815
3394.056	0.024930186386123168
3394.2	0.024930186386123168
3394.344	0.024930186386123168
3394.4869999999996	0.024942315554098815
3394.631	0.024942315554098815
3394.7749999999996	0.024930186386123168
3394.919	0.024930186386123168
3395.062	0.024930186386123168
3395.207	0.024930186386123168
3395.35	0.02492702225534691
3395.4939999999997	0.024925440189958785
3395.638	0.024923858124570656
3395.7819999999997	0.02492333076944128
3395.926	0.0249228034143119
3396.069	0.02492174870405315
3396.214	0.024920693993794398
3396.3579999999997	0.02492016663866502
3396.502	0.024917002507888766
3396.6459999999997	0.024913838377112512
3396.79	0.024911728956595006
3396.9339999999997	0.024909092180948125
3397.078	0.024909092180948125
3397.221	0.02490751011556
3397.365	0.024905928050171867
3397.509	0.02490170920913686
3397.653	0.024895908302713723
3397.796	0.024895908302713723
3397.94	0.024895908302713723
3398.084	0.024893271527066847
3398.2279999999996	0.024891689461678718
3398.372	0.024887997975773082
3398.5159999999996	0.0248832517796087
3398.66	0.02488008764883244
3398.803	0.024879560293703064
3398.9469999999997	0.024876923518056183
3399.091	0.024872704677021178
3399.2349999999997	0.024870067901374297
3399.379	0.024869013191115542
3399.5229999999997	0.024865321705209914
3399.667	0.02486057550904553
3399.81	0.024859520798786776
3399.9539999999997	0.02485793873339865
3400.098	0.024849501051328632
3400.2419999999997	0.02484159072438799
3400.386	0.024839481303870488
3400.529	0.024837899238482362
3400.673	0.02483631717309423
3400.817	0.02483526246283548
3400.961	0.024834735107706105
3401.105	0.024834207752576727
3401.249	0.024833153042317976
3401.393	0.02483157097692985
3401.5359999999996	0.024831043621800476
3401.68	0.024828406846153592
3401.8239999999996	0.024823660649989206
3401.968	0.024819969164083574
3402.1119999999996	0.024818387098695445
3402.256	0.024817332388436694
3402.399	0.024816277678177942
3402.5429999999997	0.024815750323048565
3402.687	0.02481364090253106
3402.8309999999997	0.024812058837142933
3402.975	0.0248083673512373
3403.1189999999997	0.024800984379426037
3403.2619999999997	0.024797292893520406
3403.406	0.024797292893520406
3403.5499999999997	0.024795710828132277
3403.694	0.02479149198709727
3403.8379999999997	0.024788327856321013
3403.982	0.024787800501191636
3404.1259999999997	0.024786218435803507
3404.269	0.024783581660156626
3404.413	0.024781999594768497
3404.557	0.024780417529380372
3404.701	0.024776726043474737
3404.844	0.024770925137051602
3404.989	0.02476723365114597
3405.1319999999996	0.024762487454981583
3405.276	0.02475510448317032
3405.4199999999996	0.024751412997264688
3405.566	0.024748776221617808
3405.7079999999996	0.024746139445970927
3405.852	0.02473928382928904
3405.995	0.024732955567736525
3406.1389999999997	0.024732955567736525
3406.283	0.024732955567736525
3406.4269999999997	0.024732955567736525
3406.5699999999997	0.024732955567736525
3406.7149999999997	0.024732955567736525
3406.8579999999997	0.024732955567736525
3407.002	0.024732955567736525
3407.1459999999997	0.024732955567736525
3407.29	0.024732955567736525
3407.4339999999997	0.024732955567736525
3407.5769999999998	0.024732955567736525
3407.721	0.024732955567736525
3407.865	0.024732955567736525
3408.009	0.024732955567736525
3408.1549999999997	0.024732955567736525
3408.297	0.024732955567736525
3408.441	0.024732955567736525
3408.585	0.024732955567736525
3408.7279999999996	0.024732955567736525
3408.872	0.024732955567736525
3409.0159999999996	0.024732955567736525
3409.16	0.024732955567736525
3409.303	0.024732955567736525
3409.4469999999997	0.024732955567736525
3409.591	0.024732955567736525
3409.7349999999997	0.024732955567736525
3409.879	0.024732955567736525
3410.0229999999997	0.024732955567736525
3410.167	0.024732955567736525
3410.31	0.024732955567736525
3410.4539999999997	0.024732955567736525
3410.598	0.024732955567736525
3410.7419999999997	0.024732955567736525
3410.8849999999998	0.024732955567736525
3411.0299999999997	0.024732955567736525
3411.173	0.024732955567736525
3411.3179999999998	0.024732955567736525
3411.461	0.024732955567736525
3411.605	0.024732955567736525
3411.749	0.024732955567736525
3411.893	0.024732955567736525
3412.0359999999996	0.024732955567736525
3412.18	0.024732955567736525
3412.3239999999996	0.024732955567736525
3412.468	0.024732955567736525
3412.6119999999996	0.024732955567736525
3412.756	0.024732955567736525
3412.8999999999996	0.024732955567736525
3413.0429999999997	0.024732955567736525
3413.187	0.024732955567736525
3413.3309999999997	0.024732955567736525
3413.475	0.024732955567736525
3413.618	0.024732955567736525
3413.7619999999997	0.024731900857477774
3413.9069999999997	0.024730846147219022
3414.051	0.024727682016442765
3414.1949999999997	0.02472293582027838
3414.339	0.02472082639976088
3414.4829999999997	0.0247202990446315
3414.6259999999997	0.024716080203596495
3414.77	0.024710806652302734
3414.9139999999998	0.02470975194204398
3415.058	0.024709224586914602
3415.201	0.024708697231785228
3415.346	0.024708697231785228
3415.49	0.024708697231785228
3415.633	0.024705533101008974
3415.777	0.02470131425997396
3415.921	0.02470025954971521
3416.065	0.024699732194585836
3416.209	0.024696568063809578
3416.352	0.024691821867645194
3416.4959999999996	0.02468865773686894
3416.64	0.02468443889583393
3416.7839999999997	0.02468022005479892
3416.928	0.02467916534454017
3417.0719999999997	0.024678637989410793
3417.216	0.024678110634281415
3417.3599999999997	0.02467652856889329
3417.5029999999997	0.02467494650350516
3417.647	0.024672309727858284
3417.7909999999997	0.024672309727858284
3417.9339999999997	0.024672309727858284
3418.0789999999997	0.024666508821435146
3418.223	0.024661235270141385
3418.366	0.024659125849623882
3418.5099999999998	0.024658071139365127
3418.654	0.024655434363718247
3418.798	0.02465279758807137
3418.942	0.02465121552268324
3419.085	0.02464963345729511
3419.229	0.02464699668164823
3419.373	0.024645414616260103
3419.517	0.02464488726113073
3419.66	0.024644359906001355
3419.805	0.0246433051957426
3419.9489999999996	0.024642250485483845
3420.0919999999996	0.02464066842009572
3420.236	0.024638558999578217
3420.3799999999997	0.02463644957906071
3420.524	0.02463644957906071
3420.6679999999997	0.02463644957906071
3420.8109999999997	0.02463644957906071
3420.955	0.02463486751367258
3421.0989999999997	0.02463381280341383
3421.243	0.02463381280341383
3421.3869999999997	0.0246322307380257
3421.531	0.024630648672637572
3421.6749999999997	0.02462959396237882
3421.8179999999998	0.02462959396237882
3421.962	0.024628011896990692
3422.1059999999998	0.024626429831602563
3422.25	0.024624847766214437
3422.393	0.024624847766214437
3422.538	0.02462168363543818
3422.682	0.02462168363543818
3422.825	0.024620101570050054
3422.97	0.024619046859791303
3423.116	0.02461799214953255
3423.2569999999996	0.024617464794403174
3423.401	0.024615882729015045
3423.544	0.024615882729015045
3423.6879999999996	0.024614300663626916
3423.832	0.02461377330849754
3423.9759999999997	0.02461271859823879
3424.12	0.02461271859823879
3424.2639999999997	0.02461271859823879
3424.408	0.02461271859823879
3424.551	0.024609554467462533
3424.6949999999997	0.024609554467462533
3424.839	0.02460744504694503
3424.9829999999997	0.024606390336686275
3425.1259999999997	0.024603753561039395
3425.2709999999997	0.02460164414052189
3425.4139999999998	0.02460164414052189
3425.558	0.02460164414052189
3425.7019999999998	0.02460164414052189
3425.846	0.02460164414052189
3425.99	0.02460164414052189
3426.134	0.02460164414052189
3426.277	0.02460164414052189
3426.421	0.02460164414052189
3426.565	0.02460164414052189
3426.709	0.02460164414052189
3426.8529999999996	0.02460164414052189
3426.997	0.02460164414052189
3427.1409999999996	0.02460164414052189
3427.2839999999997	0.02460164414052189
3427.428	0.02460164414052189
3427.5719999999997	0.02460164414052189
3427.716	0.02460164414052189
3427.859	0.02460164414052189
3428.004	0.02460164414052189
3428.147	0.024598480009745634
3428.2909999999997	0.024594261168710628
3428.435	0.024592679103322503
3428.5789999999997	0.024592679103322503
3428.723	0.024591624393063748
3428.8669999999997	0.024591624393063748
3429.0099999999998	0.024591624393063748
3429.154	0.024591624393063748
3429.298	0.024591624393063748
3429.442	0.024590042327675615
3429.585	0.024587932907158112
3429.73	0.024584768776381858
3429.874	0.024582132000734978
3430.017	0.02458054993534685
3430.1609999999996	0.024575276384053088
3430.305	0.024575276384053088
3430.4489999999996	0.024575276384053088
3430.5919999999996	0.024575276384053088
3430.736	0.02457369431866496
3430.8799999999997	0.02457369431866496
3431.024	0.02457369431866496
3431.1679999999997	0.02458054993534685
3431.3129999999996	0.024582132000734978
3431.457	0.024584768776381858
3431.6009999999997	0.024587932907158112
3431.7439999999997	0.024590042327675615
3431.888	0.024591624393063748
3432.0319999999997	0.024592679103322503
3432.176	0.024594261168710628
3432.3199999999997	0.024598480009745634
3432.464	0.02460164414052189
3432.607	0.02460480827129815
3432.7509999999997	0.02460744504694503
3432.895	0.02460744504694503
3433.0389999999998	0.02460744504694503
3433.183	0.02460744504694503
3433.326	0.02460744504694503
3433.47	0.024610609177721284
3433.614	0.024614300663626916
3433.758	0.024616410084144422
3433.902	0.024616410084144422
3434.046	0.02461799214953255
3434.19	0.02461799214953255
3434.334	0.024619046859791303
3434.477	0.02462168363543818
3434.6209999999996	0.024624847766214437
3434.765	0.024624847766214437
3434.9089999999997	0.024628011896990692
3435.0519999999997	0.024630648672637572
3435.1969999999997	0.02463486751367258
3435.341	0.024638558999578217
3435.484	0.02464066842009572
3435.6279999999997	0.02464066842009572
3435.772	0.02464066842009572
3435.9159999999997	0.02464066842009572
3436.0589999999997	0.02464066842009572
3436.203	0.0246433051957426
3436.3469999999998	0.024640141064966342
3436.491	0.024640141064966342
3436.6349999999998	0.024640141064966342
3436.779	0.02463803164444884
3436.923	0.02463486751367258
3437.067	0.02463486751367258
3437.21	0.02463486751367258
3437.354	0.024630648672637572
3437.498	0.024630648672637572
3437.642	0.024630648672637572
3437.785	0.024628011896990692
3437.93	0.024624847766214437
3438.075	0.02462326570082631
3438.2169999999996	0.02462168363543818
3438.361	0.02462168363543818
3438.5049999999997	0.02462168363543818
3438.649	0.02462168363543818
3438.792	0.024619046859791303
3438.937	0.02461799214953255
3439.08	0.024615882729015045
3439.2239999999997	0.024610609177721284
3439.368	0.02460744504694503
3439.5119999999997	0.02460480827129815
3439.656	0.02459900736487501
3439.7999999999997	0.024595843234098753
3439.9429999999998	0.024594261168710628
3440.087	0.02459109703793437
3440.2309999999998	0.024584768776381855
3440.375	0.02457369431866496
3440.518	0.024567366057112447
3440.663	0.024564729281465567
3440.806	0.02456209250581869
3440.95	0.024561037795559938
3441.094	0.02455787366478368
3441.238	0.024554709534007423
3441.384	0.02455365482374867
3441.5249999999996	0.024553127468619297
3441.6699999999996	0.02455260011348992
3441.8129999999996	0.024551545403231168
3441.957	0.024550490692972417
3442.1009999999997	0.02454996333784304
3442.245	0.024547853917325536
3442.3889999999997	0.02454468978654928
3442.533	0.024543107721161153
3442.676	0.024539943590384895
3442.8199999999997	0.024536779459608637
3442.964	0.024536779459608637
3443.1079999999997	0.024535724749349886
3443.2509999999997	0.024534142683961757
3443.3959999999997	0.024531505908314877
3443.5389999999998	0.02452728706727987
3443.683	0.024523595581374236
3443.8269999999998	0.024520431450597978
3443.971	0.024518849385209852
3444.115	0.024516212609562972
3444.259	0.024513048478786714
3444.403	0.02451146641339859
3444.546	0.024510411703139837
3444.69	0.024509884348010463
3444.834	0.024506720217234206
3444.9779999999996	0.02450408344158732
3445.122	0.024503556086457948
3445.2659999999996	0.02450302873132857
3445.4089999999997	0.02450197402106982
3445.553	0.02449775518003481
3445.6969999999997	0.024493536338999804
3445.841	0.024490899563352923
3445.9849999999997	0.024488790142835417
3446.129	0.024487208077447288
3446.272	0.024486153367188537
3446.4159999999997	0.024485626012059163
3446.56	0.024483516591541656
3446.7039999999997	0.024481934526153527
3446.848	0.024480879815894776
3446.991	0.0244782430402479
3447.136	0.024476133619730393
3447.279	0.024475606264601015
3447.423	0.024474551554342264
3447.567	0.024472969488954138
3447.711	0.02447244213382476
3447.855	0.02447244213382476
3447.999	0.024468750647919126
3448.142	0.024463477096625365
3448.2859999999996	0.02446189503123724
3448.43	0.024461367676107862
3448.5739999999996	0.024460840320978488
3448.7169999999996	0.024459785610719736
3448.863	0.024457148835072856
3449.0069999999996	0.024455566769684724
3449.1499999999996	0.024455566769684724
3449.294	0.024455566769684724
3449.4379999999996	0.024455566769684724
3449.582	0.024455566769684724
3449.725	0.024455566769684724
3449.87	0.024455566769684724
3450.013	0.024455566769684724
3450.1569999999997	0.024455566769684724
3450.301	0.024455566769684724
3450.4449999999997	0.024455566769684724
3450.589	0.024455566769684724
3450.7329999999997	0.024455566769684724
3450.8759999999997	0.024457148835072856
3451.02	0.024457148835072856
3451.1639999999998	0.024458730900460985
3451.308	0.024459785610719736
3451.4519999999998	0.024459785610719736
3451.596	0.024459785610719736
3451.739	0.024459785610719736
3451.883	0.024460840320978488
3452.027	0.024459785610719736
3452.171	0.024458730900460985
3452.315	0.024459785610719736
3452.4579999999996	0.024459785610719736
3452.6029999999996	0.024459785610719736
3452.7459999999996	0.024460840320978488
3452.89	0.024460840320978488
3453.0339999999997	0.024459785610719736
3453.183	0.024459785610719736
3453.3219999999997	0.024458730900460985
3453.466	0.024459785610719736
3453.609	0.024459785610719736
3453.7529999999997	0.024458730900460985
3453.897	0.024458730900460985
3454.0409999999997	0.024458730900460985
3454.185	0.024458730900460985
3454.3289999999997	0.024458730900460985
3454.473	0.024458730900460985
3454.616	0.024459785610719736
3454.7599999999998	0.024460840320978488
3454.904	0.024461367676107862
3455.048	0.02446189503123724
3455.192	0.024467168582531
3455.335	0.02447244213382476
3455.479	0.024472969488954138
3455.623	0.02447244213382476
3455.767	0.024467168582531
3455.9109999999996	0.02446189503123724
3456.055	0.024461367676107862
3456.1989999999996	0.024460840320978488
3456.3419999999996	0.024459785610719736
3456.486	0.024458730900460985
3456.6299999999997	0.024457148835072856
3456.774	0.024457148835072856
3456.9179999999997	0.024457148835072856
3457.062	0.024455566769684724
3457.205	0.024455039414555346
3457.3489999999997	0.024452929994037843
3457.493	0.024450293218390966
3457.6369999999997	0.024448711153002838
3457.781	0.02444818379787346
3457.9249999999997	0.02444818379787346
3458.0679999999998	0.02444712908761471
3458.212	0.02444554702222658
3458.3559999999998	0.024443964956838454
3458.5	0.024442910246579703
3458.644	0.024442910246579703
3458.788	0.02444238289145033
3458.932	0.02444238289145033
3459.0769999999998	0.02444185553632095
3459.219	0.02444185553632095
3459.364	0.02444185553632095
3459.5069999999996	0.024440800826062196
3459.653	0.02443921876067407
3459.7949999999996	0.024436054629897813
3459.9379999999996	0.024430781078604052
3460.082	0.02442656223756904
3460.229	0.02442339810679279
3460.37	0.02442023397601653
3460.5139999999997	0.024415487779852148
3460.658	0.02441232364907589
3460.803	0.024411796293946512
3460.9449999999997	0.024411796293946512
3461.089	0.02441126893881714
3461.2329999999997	0.02440968687342901
3461.3799999999997	0.02440810480804088
3461.5209999999997	0.02440810480804088
3461.6639999999998	0.02440441332213525
3461.81	0.02439913977084149
3461.9519999999998	0.024397030350323985
3462.096	0.02439650299519461
3462.24	0.02439650299519461
3462.384	0.02439650299519461
3462.528	0.02439650299519461
3462.6749999999997	0.02439650299519461
3462.815	0.02439544828493586
3462.959	0.02439544828493586
3463.1029999999996	0.02439544828493586
3463.247	0.02439544828493586
3463.3909999999996	0.02439544828493586
3463.5339999999997	0.02439544828493586
3463.678	0.02439544828493586
3463.8219999999997	0.02439544828493586
3463.966	0.024394393574677105
3464.109	0.024394393574677105
3464.254	0.024393866219547727
3464.3979999999997	0.024393338864418353
3464.5409999999997	0.024392284154159602
3464.685	0.024388065313124596
3464.8289999999997	0.02438331911696021
3464.973	0.024381209696442703
3465.116	0.024379627631054578
3465.2599999999998	0.024376990855407697
3465.404	0.02437382672463144
3465.548	0.02437382672463144
3465.692	0.02437382672463144
3465.836	0.02437382672463144
3465.98	0.02437382672463144
3466.124	0.02437118994898456
3466.268	0.024369607883596434
3466.412	0.024369607883596434
3466.556	0.024369080528467056
3466.7	0.024369080528467056
3466.843	0.024369080528467056
3466.988	0.024366443752820176
3467.131	0.024363279622043918
3467.2749999999996	0.02436275226691454
3467.419	0.024361170201526415
3467.5629999999996	0.024359588136138286
3467.707	0.024358533425879535
3467.85	0.02435695136049141
3467.9939999999997	0.024356424005362032
3468.1409999999996	0.024354841939973903
3468.2819999999997	0.024353259874585774
3468.426	0.02435167780919765
3468.5699999999997	0.02435009574380952
3468.714	0.024349041033550768
3468.8579999999997	0.024349041033550768
3469.0009999999997	0.024347986323292013
3469.145	0.024347986323292013
3469.2889999999998	0.024347458968162636
3469.433	0.02434587690277451
3469.576	0.024344822192515755
3469.721	0.024344822192515755
3469.864	0.024344822192515755
3470.008	0.024344822192515755
3470.152	0.024344822192515755
3470.296	0.02434324012712763
3470.44	0.02434060335148075
3470.5829999999996	0.02433796657583387
3470.727	0.02433796657583387
3470.8709999999996	0.02433796657583387
3471.015	0.02433638451044574
3471.1589999999997	0.02433638451044574
3471.303	0.02433638451044574
3471.448	0.02433638451044574
3471.5899999999997	0.02433638451044574
3471.734	0.02433638451044574
3471.8779999999997	0.024335857155316363
3472.022	0.024335857155316363
3472.1659999999997	0.024334275089928234
3472.3089999999997	0.024334275089928234
3472.453	0.02433269302454011
3472.5969999999998	0.02433111095915198
3472.741	0.024330056248893228
3472.8849999999998	0.024330056248893228
3473.029	0.0243284741835051
3473.172	0.0243284741835051
3473.316	0.0243284741835051
3473.46	0.0243284741835051
3473.604	0.0243284741835051
3473.748	0.0243284741835051
3473.892	0.0243284741835051
3474.0359999999996	0.0243284741835051
3474.1789999999996	0.024326364762987593
3474.323	0.024326364762987593
3474.4669999999996	0.024326364762987593
3474.611	0.024326364762987593
3474.7549999999997	0.024326364762987593
3474.8979999999997	0.024326364762987593
3475.042	0.024326364762987593
3475.1859999999997	0.024326364762987593
3475.33	0.024326364762987593
3475.4739999999997	0.024326364762987593
3475.618	0.024326364762987593
3475.7619999999997	0.024326364762987593
3475.9049999999997	0.024326364762987593
3476.049	0.024326364762987593
3476.1929999999998	0.024326364762987593
3476.337	0.024326364762987593
3476.4809999999998	0.024326364762987593
3476.624	0.024326364762987593
3476.768	0.024326364762987593
3476.912	0.024326364762987593
3477.056	0.024326364762987593
3477.2	0.024326364762987593
3477.344	0.024326364762987593
3477.488	0.024326364762987593
3477.631	0.024326364762987593
3477.7749999999996	0.024326364762987593
3477.919	0.024326364762987593
3478.0629999999996	0.024326364762987593
3478.207	0.024326364762987593
3478.3509999999997	0.024326364762987593
3478.495	0.024326364762987593
3478.638	0.024326364762987593
3478.7819999999997	0.024326364762987593
3478.926	0.024326364762987593
3479.0699999999997	0.024326364762987593
3479.214	0.024326364762987593
3479.357	0.024326364762987593
3479.5009999999997	0.024326364762987593
3479.645	0.024326364762987593
3479.7889999999998	0.024324782697599467
3479.933	0.024323200632211342
3480.0769999999998	0.024322673277081965
3480.221	0.024322673277081965
3480.364	0.024321091211693836
3480.508	0.024317927080917578
3480.652	0.02431634501552945
3480.796	0.02431634501552945
3480.94	0.02431370823988257
3481.0829999999996	0.024309489398847563
3481.227	0.024306325268071305
3481.3709999999996	0.024303161137295047
3481.515	0.02430052436164817
3481.6589999999997	0.02429946965138942
3481.803	0.02429788758600129
3481.9469999999997	0.024294723455225032
3482.0899999999997	0.02429261403470753
3482.234	0.0242910319693194
3482.3779999999997	0.02428839519367252
3482.522	0.024286813128284394
3482.665	0.024286285773155017
3482.81	0.024284703707766888
3482.9539999999997	0.024282066932120008
3483.098	0.02428048486673188
3483.241	0.024279430156473127
3483.3849999999998	0.024278375446214376
3483.529	0.024278375446214376
3483.673	0.024277848091085
3483.817	0.024276266025696873
3483.961	0.024274683960308744
3484.105	0.024273101894920615
3484.249	0.024272047184661864
3484.393	0.024269937764144357
3484.537	0.024266773633368103
3484.68	0.02426571892310935
3484.8239999999996	0.02426571892310935
3484.968	0.024264136857721223
3485.1119999999996	0.02425780859616871
3485.256	0.02425253504487495
3485.399	0.02425095297948682
3485.5429999999997	0.024248843558969318
3485.687	0.024247788848710566
3485.8309999999997	0.024247788848710566
3485.975	0.02424726149358119
3486.1189999999997	0.024245152073063686
3486.2619999999997	0.024243570007675554
3486.406	0.024243570007675554
3486.5499999999997	0.024243570007675554
3486.694	0.024243570007675554
3486.8379999999997	0.024243570007675554
3486.982	0.024243570007675554
3487.1259999999997	0.024243570007675554
3487.269	0.024243570007675554
3487.413	0.024243570007675554
3487.557	0.024243570007675554
3487.701	0.024243570007675554
3487.845	0.024243570007675554
3487.989	0.024243570007675554
3488.1319999999996	0.024243570007675554
3488.276	0.024243570007675554
3488.4199999999996	0.024243570007675554
3488.564	0.024243570007675554
3488.7079999999996	0.024243570007675554
3488.852	0.024243570007675554
3488.995	0.024243570007675554
3489.1389999999997	0.024243570007675554
3489.283	0.024243570007675554
3489.4269999999997	0.024243570007675554
3489.571	0.024243570007675554
3489.7149999999997	0.024243570007675554
3489.8579999999997	0.024243570007675554
3490.002	0.024243570007675554
3490.1459999999997	0.024241987942287428
3490.29	0.024243570007675554
3490.4339999999997	0.024243570007675554
3490.578	0.024245152073063686
3490.7219999999998	0.02424726149358119
3490.865	0.024247788848710566
3491.009	0.024247788848710566
3491.153	0.024248843558969318
3491.297	0.02425095297948682
3491.441	0.02425095297948682
3491.585	0.024252007689745572
3491.7279999999996	0.02425253504487495
3491.872	0.02425253504487495
3492.0159999999996	0.02425253504487495
3492.16	0.024253062400004324
3492.3039999999996	0.024254117110263075
3492.448	0.024258863306427462
3492.591	0.024258863306427462
3492.7349999999997	0.024262554792333094
3492.879	0.024262554792333094
3493.0229999999997	0.024262554792333094
3493.167	0.024262554792333094
3493.3109999999997	0.024262554792333094
3493.455	0.024262554792333094
3493.598	0.024258863306427462
3493.7419999999997	0.024258863306427462
3493.886	0.024258863306427462
3494.0299999999997	0.024262554792333094
3494.173	0.02426360950259185
3494.3179999999998	0.02426360950259185
3494.461	0.02426360950259185
3494.605	0.024262554792333094
3494.749	0.024262554792333094
3494.893	0.02426360950259185
3495.037	0.0242646642128506
3495.181	0.024265191567979974
3495.3239999999996	0.024268355698756232
3495.468	0.02427151982953249
3495.6119999999996	0.024272047184661864
3495.756	0.024272047184661864
3495.8999999999996	0.024272047184661864
3496.044	0.024272047184661864
3496.187	0.024273101894920615
3496.3309999999997	0.024273101894920615
3496.475	0.024272047184661864
3496.6189999999997	0.024272047184661864
3496.763	0.024272047184661864
3496.906	0.024272047184661864
3497.051	0.024272047184661864
3497.194	0.024272047184661864
3497.3379999999997	0.02427151982953249
3497.482	0.02427151982953249
3497.6259999999997	0.02427151982953249
3497.77	0.024268355698756232
3497.9139999999998	0.024268355698756232
3498.057	0.024265191567979974
3498.205	0.024265191567979974
3498.345	0.0242646642128506
3498.489	0.02426360950259185
3498.6319999999996	0.024262554792333094
3498.777	0.024258863306427462
3498.9199999999996	0.024254117110263075
3499.064	0.024253062400004324
3499.2079999999996	0.02425253504487495
3499.352	0.024252007689745572
3499.4959999999996	0.02425095297948682
3499.6389999999997	0.024248843558969318
3499.7839999999997	0.024247788848710566
3499.9269999999997	0.02424726149358119
3500.071	0.024245152073063686
3500.2149999999997	0.024243570007675554
3500.359	0.024242515297416806
3500.5029999999997	0.02424093323202868
3500.6459999999997	0.024239351166640548
3500.79	0.024237769101252422
3500.9339999999997	0.02423618703586429
3501.078	0.02423355026021741
3501.223	0.024228804064053026
3501.366	0.024222475802500514
3501.511	0.024216147540948002
3501.654	0.024212983410171744
3501.798	0.024211928699912993
3501.942	0.024209291924266112
3502.086	0.024204545728101726
3502.23	0.024199799531937342
3502.373	0.02419769011141984
3502.517	0.024197162756290466
3502.6609999999996	0.024195580690902337
3502.805	0.024193998625514208
3502.9489999999996	0.024193998625514208
3503.093	0.024193998625514208
3503.2369999999996	0.024193998625514208
3503.3799999999997	0.024193998625514208
3503.524	0.024193998625514208
3503.6679999999997	0.024193998625514208
3503.812	0.024193998625514208
3503.9559999999997	0.024193998625514208
3504.0989999999997	0.024193998625514208
3504.2439999999997	0.024193998625514208
3504.3869999999997	0.024193998625514208
3504.531	0.024193998625514208
3504.6749999999997	0.024193998625514208
3504.819	0.02419241656012608
3504.9629999999997	0.02419241656012608
3505.1059999999998	0.02419241656012608
3505.2509999999997	0.024190834494737953
3505.394	0.024190834494737953
3505.538	0.024190834494737953
3505.682	0.024190834494737953
3505.826	0.024190834494737953
3505.97	0.024190834494737953
3506.114	0.024190834494737953
3506.2569999999996	0.024190834494737953
3506.401	0.024190834494737953
3506.5449999999996	0.024190834494737953
3506.689	0.024190834494737953
3506.832	0.024190834494737953
3506.977	0.024190834494737953
3507.12	0.024190834494737953
3507.2639999999997	0.024190834494737953
3507.408	0.024190834494737953
3507.5519999999997	0.024190834494737953
3507.696	0.024190834494737953
3507.839	0.024190834494737953
3507.9829999999997	0.024190834494737953
3508.127	0.024190834494737953
3508.2709999999997	0.024190834494737953
3508.415	0.024190834494737953
3508.5589999999997	0.024190834494737953
3508.703	0.024190834494737953
3508.846	0.024190834494737953
3508.99	0.024190834494737953
3509.134	0.024190834494737953
3509.278	0.024190834494737953
3509.422	0.024190834494737953
3509.565	0.024190834494737953
3509.71	0.024190834494737953
3509.8529999999996	0.024190834494737953
3509.997	0.024190834494737953
3510.1409999999996	0.024190834494737953
3510.285	0.024190834494737953
3510.4289999999996	0.024190834494737953
3510.5719999999997	0.024190834494737953
3510.716	0.024190834494737953
3510.8599999999997	0.02419241656012608
3511.004	0.02419241656012608
3511.1479999999997	0.024190834494737953
3511.292	0.024190834494737953
3511.4359999999997	0.024190834494737953
3511.58	0.024190834494737953
3511.723	0.024190834494737953
3511.8669999999997	0.024190834494737953
3512.011	0.024190834494737953
3512.1549999999997	0.024190834494737953
3512.298	0.02419241656012608
3512.4429999999998	0.02419241656012608
3512.586	0.02419241656012608
3512.73	0.02419241656012608
3512.874	0.02419241656012608
3513.018	0.02419241656012608
3513.1639999999998	0.02419241656012608
3513.305	0.02419241656012608
3513.4489999999996	0.02419241656012608
3513.593	0.02419241656012608
3513.7369999999996	0.02419241656012608
3513.881	0.02419241656012608
3514.0249999999996	0.02419241656012608
3514.169	0.02419241656012608
3514.312	0.02419241656012608
3514.4559999999997	0.02419241656012608
3514.6	0.02419241656012608
3514.7439999999997	0.02419241656012608
3514.888	0.024191361849867327
3515.031	0.024191361849867327
3515.176	0.024191361849867327
3515.319	0.024191361849867327
3515.4629999999997	0.024191361849867327
3515.607	0.024192943915255456
3515.7509999999997	0.024193998625514208
3515.895	0.024192943915255456
3516.038	0.024192943915255456
3516.182	0.024193998625514208
3516.326	0.024195580690902337
3516.47	0.024195580690902337
3516.614	0.024195580690902337
3516.758	0.02419769011141984
3516.902	0.024199799531937342
3517.046	0.024206127793489858
3517.189	0.024211928699912993
3517.3329999999996	0.024212983410171744
3517.477	0.024216147540948002
3517.6209999999996	0.024222475802500514
3517.7639999999997	0.024222475802500514
3517.9089999999997	0.024227221998664897
3518.0519999999997	0.024228804064053026
3518.196	0.02422985877431178
3518.3399999999997	0.02423249554995866
3518.484	0.024234604970476165
3518.6279999999997	0.02423618703586429
3518.772	0.024237769101252422
3518.9159999999997	0.024239351166640548
3519.06	0.02424093323202868
3519.2039999999997	0.02424093323202868
3519.348	0.024242515297416806
3519.4919999999997	0.02424093323202868
3519.636	0.02424093323202868
3519.779	0.02424093323202868
3519.923	0.02424093323202868
3520.067	0.024239351166640548
3520.211	0.024237769101252422
3520.355	0.024237241746123045
3520.498	0.024237241746123045
3520.643	0.024237241746123045
3520.7859999999996	0.02423618703586429
3520.93	0.024234604970476165
3521.0739999999996	0.02423249554995866
3521.218	0.02422985877431178
3521.3619999999996	0.02422985877431178
3521.506	0.02422985877431178
3521.649	0.02422985877431178
3521.7929999999997	0.024228804064053026
3521.937	0.024220893737112385
3522.0809999999997	0.024212983410171744
3522.225	0.024212983410171744
3522.3689999999997	0.024212983410171744
3522.513	0.024211928699912993
3522.656	0.024206127793489858
3522.7999999999997	0.024199799531937342
3522.944	0.024196108046031714
3523.0879999999997	0.024196108046031714
3523.2309999999998	0.024196108046031714
3523.377	0.024196108046031714
3523.519	0.024196108046031714
3523.663	0.024196108046031714
3523.807	0.024196108046031714
3523.951	0.024196108046031714
3524.095	0.024196108046031714
3524.239	0.024196108046031714
3524.3819999999996	0.024196108046031714
3524.526	0.024196108046031714
3524.6699999999996	0.024196108046031714
3524.814	0.024196108046031714
3524.9579999999996	0.024196108046031714
3525.102	0.024196108046031714
3525.245	0.024196108046031714
3525.3889999999997	0.024196108046031714
3525.533	0.024196108046031714
3525.6769999999997	0.024196108046031714
3525.821	0.024196108046031714
3525.964	0.024196108046031714
3526.1079999999997	0.024196108046031714
3526.252	0.024196108046031714
3526.3959999999997	0.024196108046031714
3526.54	0.024196108046031714
3526.6839999999997	0.024196108046031714
3526.828	0.024196108046031714
3526.9719999999998	0.024196108046031714
3527.115	0.024196108046031714
3527.259	0.024196108046031714
3527.403	0.024196108046031714
3527.547	0.024196108046031714
3527.691	0.024196108046031714
3527.835	0.024196108046031714
3527.979	0.024196108046031714
3528.124	0.024196108046031714
3528.2659999999996	0.024196108046031714
3528.41	0.024196108046031714
3528.5539999999996	0.024196108046031714
3528.6969999999997	0.024196108046031714
3528.8419999999996	0.024196108046031714
3528.9849999999997	0.024196108046031714
3529.129	0.024196108046031714
3529.2729999999997	0.024196108046031714
3529.417	0.024196108046031714
3529.5609999999997	0.024196108046031714
3529.705	0.024196108046031714
3529.848	0.024196108046031714
3529.9919999999997	0.024196108046031714
3530.136	0.024196108046031714
3530.2799999999997	0.024196108046031714
3530.424	0.024196108046031714
3530.5679999999998	0.024196108046031714
3530.711	0.024199799531937342
3530.855	0.024199799531937342
3530.999	0.024199799531937342
3531.143	0.024206127793489858
3531.287	0.024206127793489858
3531.43	0.024206127793489858
3531.575	0.024206127793489858
3531.718	0.024206127793489858
3531.8619999999996	0.024206127793489858
3532.006	0.024206127793489858
3532.1499999999996	0.024206127793489858
3532.294	0.024206127793489858
3532.437	0.024206127793489858
3532.5809999999997	0.024206127793489858
3532.725	0.024206127793489858
3532.8689999999997	0.024206127793489858
3533.013	0.024206127793489858
3533.156	0.024206127793489858
3533.301	0.024206127793489858
3533.444	0.024206127793489858
3533.5879999999997	0.024206127793489858
3533.732	0.024206127793489858
3533.8759999999997	0.024206127793489858
3534.02	0.024206127793489858
3534.163	0.024211928699912993
3534.307	0.024211928699912993
3534.451	0.024211928699912993
3534.595	0.024211928699912993
3534.739	0.024211928699912993
3534.883	0.024211928699912993
3535.027	0.024211928699912993
3535.171	0.024211928699912993
3535.314	0.024211928699912993
3535.4579999999996	0.024211928699912993
3535.602	0.024211928699912993
3535.7459999999996	0.024211928699912993
3535.8889999999997	0.024211928699912993
3536.033	0.024211928699912993
3536.178	0.024211928699912993
3536.3219999999997	0.024211928699912993
3536.466	0.024211928699912993
3536.6099999999997	0.024211928699912993
3536.754	0.024210346634524864
3536.897	0.02420560043836048
3537.0409999999997	0.024199799531937342
3537.185	0.024196108046031714
3537.3289999999997	0.024193998625514208
3537.473	0.024193998625514208
3537.6169999999997	0.024192943915255456
3537.761	0.024191361849867327
3537.904	0.024186615653702944
3538.048	0.024180814747279806
3538.192	0.024177650616503548
3538.336	0.02417501384085667
3538.48	0.024173431775468546
3538.623	0.024171849710080413
3538.767	0.024170267644692288
3538.9109999999996	0.02416815822417478
3539.055	0.024166576158786653
3539.1989999999996	0.0241655214485279
3539.343	0.0241655214485279
3539.4869999999996	0.0241655214485279
3539.6299999999997	0.0241655214485279
3539.774	0.0241655214485279
3539.9179999999997	0.02416288467288102
3540.062	0.02416288467288102
3540.2059999999997	0.02416288467288102
3540.35	0.0241655214485279
3540.493	0.02416446673826915
3540.6369999999997	0.02416288467288102
3540.781	0.02416288467288102
3540.9249999999997	0.02416288467288102
3541.069	0.024161302607492892
3541.2129999999997	0.024161302607492892
3541.3559999999998	0.024158138476716638
3541.5	0.024153919635681628
3541.644	0.024152337570293503
3541.788	0.02415075550490537
3541.932	0.024149173439517245
3542.076	0.024146009308740987
3542.22	0.024143372533094107
3542.363	0.02414179046770598
3542.5069999999996	0.02414179046770598
3542.651	0.024140208402317852
3542.7949999999996	0.02413968104718848
3542.9379999999996	0.024138098981800346
3543.0829999999996	0.024137044271541595
3543.229	0.024137044271541595
3543.37	0.024137044271541595
3543.5139999999997	0.024135462206153466
3543.658	0.024133880140765337
3543.8019999999997	0.024133880140765337
3543.946	0.024133880140765337
3544.089	0.024130716009989082
3544.2329999999997	0.024127551879212828
3544.377	0.024126497168954077
3544.5209999999997	0.024124915103565944
3544.6639999999998	0.024124387748436567
3544.808	0.02412333303817782
3544.9519999999998	0.024122278327919067
3545.096	0.02412016890740156
3545.24	0.024118059486884058
3545.384	0.0241148953561078
3545.528	0.024111731225331546
3545.671	0.024110676515072794
3545.821	0.024109094449684662
3545.962	0.024107512384296537
3546.1079999999997	0.02410434825352028
3546.25	0.024102238833002776
3546.3959999999997	0.024102238833002776
3546.538	0.024101184122744024
3546.68	0.024099602057355896
3546.828	0.024099602057355896
3546.968	0.024099602057355896
3547.1099999999997	0.024099602057355896
3547.254	0.024099074702226518
3547.403	0.024099074702226518
3547.5449999999996	0.024099074702226518
3547.691	0.024099074702226518
3547.836	0.024099074702226518
3547.9759999999997	0.024099074702226518
3548.118	0.024096965281709015
3548.2639999999997	0.024096965281709015
3548.406	0.024096965281709015
3548.548	0.024096965281709015
3548.692	0.024096965281709015
3548.836	0.024096965281709015
3548.979	0.024091691730415254
3549.124	0.024091691730415254
3549.268	0.024091691730415254
3549.4109999999996	0.024091691730415254
3549.555	0.024091691730415254
3549.6989999999996	0.024091691730415254
3549.843	0.024091691730415254
3549.9869999999996	0.024091691730415254
3550.1299999999997	0.024091691730415254
3550.274	0.024091691730415254
3550.4179999999997	0.024091691730415254
3550.562	0.024091691730415254
3550.7059999999997	0.024091691730415254
3550.85	0.024091691730415254
3550.9939999999997	0.024091691730415254
3551.1369999999997	0.024088527599639
3551.281	0.024088000244509626
3551.4249999999997	0.024088000244509626
3551.569	0.02408483611373337
3551.712	0.0240774531419221
3551.8559999999998	0.024072706945757718
3552.0	0.024072706945757718
3552.144	0.024072706945757718
3552.288	0.024072179590628344
3552.432	0.024072179590628344
3552.576	0.02406848810472271
3552.72	0.02406848810472271
3552.863	0.02406848810472271
3553.0069999999996	0.024065323973946454
3553.151	0.024065323973946454
3553.2949999999996	0.024060050422652694
3553.439	0.024052667450841426
3553.5829999999996	0.024047921254677043
3553.7279999999996	0.024043702413642037
3553.8709999999996	0.02404053828286578
3554.015	0.024037374152089522
3554.1589999999997	0.024034210021313267
3554.303	0.02403262795592514
3554.446	0.02403262795592514
3554.5899999999997	0.02402840911489013
3554.734	0.024022608208466995
3554.8779999999997	0.02402049878794949
3555.022	0.024018389367431985
3555.1659999999997	0.0240157525917851
3555.31	0.024014170526396976
3555.453	0.024012061105879473
3555.5969999999998	0.024009424330232593
3555.741	0.02400836961997384
3555.8849999999998	0.024007842264844464
3556.028	0.024003623423809455
3556.173	0.02399940458277445
3556.317	0.02399887722764507
3556.46	0.02399782251738632
3556.604	0.023994658386610065
3556.748	0.023991494255833808
3556.892	0.023988857480186927
3557.0359999999996	0.023986748059669424
3557.1789999999996	0.023986220704540047
3557.323	0.023986220704540047
3557.4669999999996	0.023985165994281292
3557.611	0.023982001863505038
3557.7549999999997	0.023978837732728783
3557.899	0.023975673601952525
3558.0429999999997	0.02397356418143502
3558.19	0.02397356418143502
3558.33	0.02397356418143502
3558.4739999999997	0.023968290630141262
3558.618	0.023959852948071243
3558.7619999999997	0.02395510675190686
3558.9049999999997	0.023952997331389357
3559.049	0.02395088791087185
3559.1929999999998	0.02394666906983684
3559.337	0.02394403229418996
3559.4809999999998	0.023942450228801836
3559.625	0.023939813453154955
3559.769	0.023937176677508075
3559.912	0.023930848415955566
3560.056	0.02392610221979118
3560.2	0.02392610221979118
3560.344	0.02392610221979118
3560.4869999999996	0.023925574864661802
3560.6319999999996	0.023922410733885548
3560.7749999999996	0.023919773958238667
3560.919	0.023917664537721164
3561.0629999999996	0.023915555117203658
3561.207	0.023915555117203658
3561.3509999999997	0.023915555117203658
3561.495	0.023914500406944907
3561.638	0.023911863631298026
3561.7819999999997	0.023909226855651146
3561.926	0.02390817214539239
3562.0699999999997	0.023907644790263013
3562.214	0.023906062724874885
3562.3579999999997	0.02390448065948676
3562.5009999999997	0.02390289859409863
3562.645	0.023901316528710505
3562.7889999999998	0.023900789173581127
3562.933	0.023899734463322376
3563.0769999999998	0.02389657033254612
3563.22	0.023893406201769864
3563.364	0.023890769426122983
3563.508	0.02388866000560548
3563.652	0.023886550585087974
3563.796	0.023883386454311716
3563.94	0.023880222323535462
3564.084	0.023876530837629827
3564.227	0.023870729931206692
3564.3709999999996	0.023861237538877922
3564.515	0.02385227250167853
3564.6589999999997	0.023844889529867266
3564.803	0.023840670688832256
3564.9469999999997	0.023840670688832256
3565.091	0.023835397137538496
3565.234	0.02382854152085661
3565.3779999999997	0.023822740614433475
3565.522	0.023817994418269088
3565.6659999999997	0.023815357642622208
3565.81	0.0238132482221047
3565.953	0.023811666156716572
3566.0969999999998	0.02380955673619907
3566.241	0.023809029381069696
3566.3849999999998	0.023807974670810944
3566.529	0.02380639260542282
3566.673	0.023804283184905312
3566.817	0.023802701119517183
3566.96	0.023801119054129054
3567.104	0.02379531814770592
3567.248	0.02378951724128278
3567.392	0.023784771045118395
3567.535	0.02378002484895401
3567.68	0.023775278652789625
3567.823	0.02377105981175462
3567.9669999999996	0.023769477746366494
3568.111	0.023768950391237116
3568.2549999999997	0.02376473155020211
3568.399	0.023759985354037727
3568.5429999999997	0.02375945799890835
3568.6859999999997	0.02375945799890835
3568.83	0.023758403288649595
3568.9739999999997	0.023757348578390843
3569.118	0.023757348578390843
3569.2619999999997	0.023757348578390843
3569.406	0.023755766513002714
3569.5499999999997	0.023753129737355834
3569.6929999999998	0.02374838354119145
3569.837	0.023744692055285815
3569.9809999999998	0.02374310998989769
3570.125	0.023739945859121432
3570.269	0.023738363793733303
3570.412	0.023735727018086426
3570.556	0.023733090242439546
3570.7	0.023731508177051417
3570.844	0.02372939875653391
3570.988	0.023727816691145785
3571.133	0.02372676198088703
3571.277	0.023726234625757653
3571.4199999999996	0.023724652560369527
3571.564	0.023722015784722647
3571.7079999999996	0.023717269588558264
3571.852	0.023709886616747
3571.995	0.023709886616747
3572.14	0.023709886616747
3572.2839999999997	0.023709886616747
3572.4269999999997	0.023709886616747
3572.571	0.023709886616747
3572.7149999999997	0.023709886616747
3572.859	0.023709886616747
3573.0029999999997	0.023709886616747
3573.1479999999997	0.023709886616747
3573.29	0.023709886616747
3573.4339999999997	0.023709886616747
3573.578	0.023709886616747
3573.7219999999998	0.023709886616747
3573.866	0.023717269588558264
3574.0099999999998	0.023717269588558264
3574.153	0.023717269588558264
3574.297	0.023717269588558264
3574.441	0.023717269588558264
3574.585	0.023717269588558264
3574.7279999999996	0.0237230704949814
3574.873	0.023726234625757653
3575.017	0.023726234625757653
3575.16	0.02372676198088703
3575.3039999999996	0.023727816691145785
3575.448	0.02372939875653391
3575.5919999999996	0.023731508177051417
3575.736	0.023733090242439546
3575.879	0.023735727018086426
3576.0229999999997	0.023739945859121432
3576.167	0.02374310998989769
3576.3109999999997	0.02374310998989769
3576.455	0.02374838354119145
3576.5989999999997	0.02374838354119145
3576.743	0.02374838354119145
3576.886	0.02374838354119145
3577.0299999999997	0.02374838354119145
3577.174	0.02374838354119145
3577.3179999999998	0.02374838354119145
3577.461	0.02374838354119145
3577.6059999999998	0.02374838354119145
3577.749	0.02374838354119145
3577.893	0.02374838354119145
3578.037	0.02374838354119145
3578.181	0.02374838354119145
3578.325	0.02374838354119145
3578.469	0.02374838354119145
3578.6119999999996	0.02374838354119145
3578.756	0.02374838354119145
3578.8999999999996	0.02374838354119145
3579.044	0.02374838354119145
3579.187	0.02374838354119145
3579.332	0.02374838354119145
3579.4759999999997	0.023754711802743963
3579.6189999999997	0.023754711802743963
3579.763	0.023757348578390843
3579.9069999999997	0.023757348578390843
3580.051	0.023757348578390843
3580.194	0.023757348578390843
3580.3379999999997	0.023757348578390843
3580.482	0.023757348578390843
3580.6259999999997	0.023757348578390843
3580.77	0.023757348578390843
3580.9139999999998	0.023754711802743963
3581.058	0.02374838354119145
3581.2019999999998	0.02374838354119145
3581.345	0.02374310998989769
3581.489	0.02374310998989769
3581.633	0.02374310998989769
3581.777	0.023739945859121432
3581.9199999999996	0.023735727018086426
3582.065	0.023731508177051417
3582.209	0.02372834404627516
3582.352	0.023726234625757653
3582.4959999999996	0.0237230704949814
3582.64	0.023719379009075767
3582.7839999999997	0.023719379009075767
3582.9269999999997	0.023719379009075767
3583.0719999999997	0.023719379009075767
3583.2149999999997	0.023716214878299512
3583.359	0.02371252339239388
3583.5029999999997	0.02371252339239388
3583.647	0.02371252339239388
3583.7909999999997	0.023709359261617623
3583.935	0.023706722485970742
3584.078	0.023706722485970742
3584.2219999999998	0.023706722485970742
3584.366	0.023706722485970742
3584.5099999999998	0.023703558355194485
3584.654	0.023703558355194485
3584.798	0.023703558355194485
3584.942	0.023703558355194485
3585.085	0.023703558355194485
3585.229	0.023703558355194485
3585.373	0.023703558355194485
3585.517	0.023703558355194485
3585.66	0.023703558355194485
3585.805	0.023703558355194485
3585.948	0.023703558355194485
3586.0919999999996	0.023703558355194485
3586.236	0.023703558355194485
3586.3799999999997	0.023703558355194485
3586.524	0.023703558355194485
3586.6679999999997	0.023703558355194485
3586.8109999999997	0.02370039422441823
3586.955	0.023703558355194485
3587.0989999999997	0.023705667775711987
3587.243	0.023705667775711987
3587.386	0.023705667775711987
3587.531	0.023705667775711987
3587.6749999999997	0.023703558355194485
3587.8179999999998	0.023703558355194485
3587.962	0.023703558355194485
3588.109	0.023703558355194485
3588.25	0.02370039422441823
3588.393	0.02369512067312447
3588.538	0.023689319766701335
3588.682	0.023687210346183832
3588.826	0.023687210346183832
3588.97	0.023685100925666325
3589.114	0.023680882084631316
3589.258	0.02367771795385506
3589.402	0.023677190598725684
3589.5449999999996	0.023677190598725684
3589.689	0.023677190598725684
3589.8329999999996	0.023675608533337555
3589.977	0.023671389692302546
3590.12	0.023668752916655662
3590.265	0.023667170851267537
3590.4089999999997	0.023667170851267537
3590.5519999999997	0.023667170851267537
3590.696	0.023667170851267537
3590.8399999999997	0.023667170851267537
3590.984	0.023667170851267537
3591.127	0.023664006720491283
3591.272	0.023662424655103154
3591.415	0.023661897299973776
3591.5589999999997	0.0236592605243269
3591.703	0.023655569038421267
3591.8469999999998	0.02365240490764501
3591.991	0.023650295487127507
3592.1349999999998	0.023648713421739378
3592.278	0.023646076646092497
3592.422	0.02364449458070437
3592.566	0.02364396722557499
3592.71	0.023641857805057488
3592.8529999999996	0.023640275739669363
3592.998	0.023640275739669363
3593.1409999999996	0.023637638964022482
3593.285	0.0236350021883756
3593.4289999999996	0.0236350021883756
3593.573	0.02363342012298747
3593.7169999999996	0.023630255992211215
3593.8599999999997	0.023628673926823086
3594.0049999999997	0.02362550979604683
3594.1479999999997	0.023622345665270574
3594.292	0.023620763599882445
3594.4359999999997	0.02361496269345931
3594.58	0.023610216497294924
3594.7239999999997	0.0236086344319068
3594.868	0.02360547030113054
3595.011	0.023603360880613038
3595.1549999999997	0.023601778815224912
3595.299	0.023600196749836783
3595.4429999999998	0.023599142039578032
3595.587	0.023597032619060522
3595.7309999999998	0.023592813778025516
3595.875	0.023589649647249262
3596.018	0.023589122292119888
3596.162	0.023589122292119888
3596.306	0.023589122292119888
3596.45	0.02358859493699051
3596.594	0.02358859493699051
3596.738	0.023587012871602378
3596.881	0.023582794030567372
3597.0249999999996	0.023582794030567372
3597.169	0.023578575189532363
3597.3129999999996	0.023578575189532363
3597.457	0.023578575189532363
3597.6009999999997	0.023578575189532363
3597.7439999999997	0.023582794030567372
3597.888	0.023582794030567372
3598.0319999999997	0.023582794030567372
3598.176	0.023587012871602378
3598.3199999999997	0.02358859493699051
3598.464	0.023589122292119888
3598.6079999999997	0.023589122292119888
3598.7509999999997	0.023589649647249262
3598.895	0.023590704357508013
3599.0389999999998	0.023593868488284268
3599.183	0.023598087329319277
3599.326	0.023600196749836783
3599.471	0.023601778815224912
3599.614	0.023601778815224912
3599.758	0.023603360880613038
3599.902	0.023603360880613038
3600.046	0.023603360880613038
3600.19	0.023603360880613038
3600.334	0.023603360880613038
3600.477	0.023603360880613038
3600.6209999999996	0.023603360880613038
3600.765	0.023603360880613038
3600.9089999999997	0.023604942946001163
3601.053	0.023604942946001163
3601.1969999999997	0.023604942946001163
3601.341	0.023604942946001163
3601.484	0.023604942946001163
3601.6279999999997	0.023604942946001163
3601.772	0.023604942946001163
3601.9159999999997	0.02360705236651867
3602.06	0.02360705236651867
3602.203	0.0236086344319068
3602.3469999999998	0.023610216497294924
3602.491	0.02361496269345931
3602.6349999999998	0.02361496269345931
3602.779	0.023620763599882445
3602.923	0.023622345665270574
3603.067	0.02362550979604683
3603.2129999999997	0.023630255992211215
3603.354	0.02363342012298747
3603.498	0.0236350021883756
3603.642	0.0236350021883756
3603.7859999999996	0.0236350021883756
3603.93	0.0236350021883756
3604.073	0.023637638964022482
3604.2169999999996	0.023640275739669363
3604.361	0.023640275739669363
3604.5049999999997	0.023641857805057488
3604.649	0.023641857805057488
3604.7929999999997	0.023641857805057488
3604.9359999999997	0.023641857805057488
3605.08	0.02364396722557499
3605.2239999999997	0.023647658711480626
3605.368	0.02365240490764501
3605.5119999999997	0.02365767845893877
3605.656	0.023661897299973776
3605.7999999999997	0.023661897299973776
3605.9429999999998	0.023661897299973776
3606.087	0.023665588785879408
3606.232	0.023668752916655662
3606.3759999999997	0.023671389692302546
3606.519	0.023675608533337555
3606.6639999999998	0.023677190598725684
3606.808	0.02367771795385506
3606.951	0.023682464150019445
3607.095	0.023687210346183832
3607.239	0.023687737701313206
3607.383	0.02369353860773634
3607.527	0.02369933951415948
3607.6699999999996	0.02370039422441823
3607.814	0.02370144893467698
3607.9579999999996	0.02370144893467698
3608.102	0.023703031000065107
3608.2459999999996	0.02370514042058261
3608.39	0.023706722485970742
3608.5339999999997	0.023706722485970742
3608.6769999999997	0.023706722485970742
3608.821	0.023707777196229497
3608.9649999999997	0.023707777196229497
3609.109	0.023707777196229497
3609.252	0.023707777196229497
3609.3959999999997	0.023707777196229497
3609.54	0.023707777196229497
3609.6839999999997	0.023709359261617623
3609.828	0.023709359261617623
3609.9719999999998	0.023709359261617623
3610.116	0.023709359261617623
3610.2599999999998	0.023711468682135126
3610.403	0.023711468682135126
3610.547	0.023711468682135126
3610.691	0.023711468682135126
3610.835	0.023711468682135126
3610.979	0.023711468682135126
3611.123	0.023711468682135126
3611.2659999999996	0.023711468682135126
3611.41	0.023711468682135126
3611.5539999999996	0.023711468682135126
3611.698	0.023711468682135126
3611.8419999999996	0.023711468682135126
3611.9849999999997	0.023711468682135126
3612.1299999999997	0.023711468682135126
3612.2729999999997	0.023713050747523258
3612.417	0.023713050747523258
3612.5609999999997	0.023714632812911383
3612.705	0.023714632812911383
3612.8489999999997	0.023714632812911383
3612.993	0.023716742233428886
3613.136	0.023718324298817015
3613.2799999999997	0.023723597850110776
3613.424	0.02372939875653391
3613.5679999999998	0.02373098082192204
3613.711	0.02373256288731017
3613.8559999999998	0.023734144952698297
3613.999	0.02373519966295705
3614.143	0.02373519966295705
3614.287	0.023736781728345174
3614.431	0.02373889114886268
3614.575	0.023739418503992058
3614.718	0.02374047321425081
3614.863	0.02374152792450956
3615.006	0.023745219410415193
3615.1499999999996	0.02374996560657958
3615.294	0.02375365709248521
3615.4379999999996	0.02375682122326147
3615.582	0.023758403288649595
3615.725	0.02375945799890835
3615.8689999999997	0.02376578626046086
3616.013	0.02377211452201337
3616.1569999999997	0.023772641877142744
3616.301	0.023773169232272122
3616.444	0.023774223942530877
3616.5919999999996	0.023775806007919006
3616.732	0.023777388073307135
3616.8759999999997	0.023778442783565883
3617.02	0.023778442783565883
3617.1639999999998	0.023782661624600892
3617.308	0.02378846253102403
3617.451	0.023790571951541536
3617.595	0.02379531814770592
3617.739	0.023799536988740926
3617.883	0.023800064343870303
3618.026	0.023801646409258432
3618.171	0.023802701119517183
3618.315	0.023802701119517183
3618.4579999999996	0.023806392605422815
3618.602	0.023810084091328447
3618.7459999999996	0.023814302932363456
3618.8909999999996	0.023818521773398466
3619.0339999999997	0.023821158549045346
3619.1769999999997	0.023824322679821597
3619.321	0.02382590474520973
3619.466	0.023827486810597858
3619.609	0.023828014165727232
3619.7529999999997	0.02382959623111536
3619.897	0.02383117829650349
3620.04	0.023832233006762245
3620.1839999999997	0.02383645184779725
3620.328	0.02383645184779725
3620.4719999999998	0.02383645184779725
3620.616	0.02383645184779725
3620.759	0.02383645184779725
3620.904	0.02383645184779725
3621.047	0.02383645184779725
3621.191	0.02383645184779725
3621.335	0.02383645184779725
3621.479	0.02384014333370288
3621.623	0.02384014333370288
3621.767	0.02384014333370288
3621.91	0.02384014333370288
3622.0539999999996	0.02384014333370288
3622.198	0.02384014333370288
3622.3419999999996	0.02384014333370288
3622.486	0.02383645184779725
3622.6299999999997	0.023835397137538496
3622.7729999999997	0.02383117829650349
3622.917	0.02382959623111536
3623.0609999999997	0.023828014165727232
3623.205	0.023828014165727232
3623.3489999999997	0.02382959623111536
3623.4919999999997	0.02382959623111536
3623.6369999999997	0.02382959623111536
3623.781	0.023828014165727232
3623.9249999999997	0.023827486810597858
3624.069	0.023826959455468484
3624.2129999999997	0.023826959455468484
3624.357	0.023826959455468484
3624.5	0.02382590474520973
3624.644	0.023824322679821597
3624.788	0.023822213259304094
3624.932	0.023822213259304094
3625.076	0.023819576483657217
3625.219	0.023818521773398466
3625.364	0.023814302932363456
3625.5069999999996	0.023814302932363456
3625.651	0.023814302932363456
3625.7949999999996	0.023814302932363456
3625.939	0.023810084091328447
3626.0829999999996	0.023810084091328447
3626.2259999999997	0.023806392605422815
3626.37	0.023806392605422815
3626.5139999999997	0.023802701119517183
3626.658	0.023802701119517183
3626.801	0.023802701119517183
3626.946	0.023802701119517183
3627.089	0.023802701119517183
3627.2329999999997	0.023802701119517183
3627.377	0.023802701119517183
3627.5209999999997	0.023802701119517183
3627.665	0.023802701119517183
3627.8089999999997	0.023802701119517183
3627.9519999999998	0.023802701119517183
3628.096	0.023802701119517183
3628.24	0.023802701119517183
3628.384	0.023802701119517183
3628.528	0.023802701119517183
3628.672	0.023802701119517183
3628.815	0.023802701119517183
3628.959	0.023802701119517183
3629.1029999999996	0.023802701119517183
3629.247	0.023802701119517183
3629.3909999999996	0.023802701119517183
3629.5339999999997	0.023802701119517183
3629.678	0.023802701119517183
3629.8219999999997	0.023802701119517183
3629.966	0.023802701119517183
3630.1099999999997	0.023802701119517183
3630.254	0.023802701119517183
3630.3979999999997	0.023802701119517183
3630.5409999999997	0.023802701119517183
3630.685	0.023802701119517183
3630.8289999999997	0.023806392605422815
3630.973	0.023806392605422815
3631.1169999999997	0.023814302932363456
3631.261	0.023818521773398466
3631.404	0.023819576483657217
3631.548	0.023819576483657217
3631.692	0.023822213259304094
3631.836	0.023822213259304094
3631.98	0.023822213259304094
3632.124	0.02382537739008035
3632.267	0.023826959455468484
3632.4109999999996	0.023826959455468484
3632.555	0.023827486810597858
3632.6989999999996	0.023828014165727232
3632.843	0.02382959623111536
3632.9869999999996	0.023835397137538496
3633.134	0.023839615978573505
3633.274	0.02384014333370288
3633.4179999999997	0.02384172539909101
3633.562	0.023842780109349763
3633.7059999999997	0.02384541688499664
3633.8489999999997	0.023848581015772898
3633.9939999999997	0.023850690436290404
3634.1369999999997	0.02385332721193728
3634.281	0.023854909277325406
3634.4249999999997	0.023857018697842916
3634.569	0.023859655473489796
3634.7129999999997	0.023862292249136677
3634.857	0.02386545637991293
3635.0	0.02386703844530106
3635.144	0.023867565800430438
3635.288	0.02387231199659482
3635.432	0.02387231199659482
3635.575	0.02387231199659482
3635.72	0.02387653083762983
3635.863	0.02387811290301796
3636.0069999999996	0.023880749678664836
3636.151	0.023881804388923587
3636.2949999999996	0.023882331744052965
3636.439	0.023882331744052965
3636.582	0.023882331744052965
3636.7259999999997	0.023882331744052965
3636.87	0.023882331744052965
3637.0139999999997	0.023882331744052965
3637.158	0.023885495874829223
3637.3019999999997	0.02389129678125236
3637.446	0.02389129678125236
3637.5899999999997	0.02389129678125236
3637.7329999999997	0.023896042977416744
3637.877	0.023898152397934247
3638.0209999999997	0.02390026181845175
3638.165	0.02390711743513364
3638.308	0.023915555117203655
3638.453	0.023920301313368038
3638.596	0.023922410733885544
3638.74	0.023923992799273673
3638.884	0.023932957836473066
3639.028	0.023941922873672458
3639.172	0.023943504939060587
3639.316	0.023945614359578087
3639.459	0.023948251135224967
3639.6029999999996	0.0239498332006131
3639.747	0.023950360555742477
3639.8909999999996	0.023952997331389357
3640.035	0.023955634107036237
3640.178	0.023955634107036237
3640.3219999999997	0.023955634107036237
3640.466	0.02395932559294187
3640.6099999999997	0.023964071789106253
3640.754	0.023966708564753133
3640.8979999999997	0.023966708564753133
3641.0409999999997	0.023966708564753133
3641.1859999999997	0.023966708564753133
3641.33	0.023970927405788142
3641.4739999999997	0.023970927405788142
3641.618	0.023976728312211277
3641.7619999999997	0.023984638639151918
3641.906	0.023989912190445675
3642.0499999999997	0.023990439545575053
3642.1929999999998	0.02399360367635131
3642.337	0.02399782251738632
3642.4809999999998	0.02399887722764507
3642.625	0.02399940458277445
3642.769	0.023999931937903823
3642.912	0.024005205489197583
3643.056	0.024010479040491344
3643.2	0.0240136431712676
3643.344	0.024018389367431985
3643.488	0.024026299694372626
3643.6319999999996	0.02403262795592514
3643.7749999999996	0.024034210021313267
3643.919	0.024035792086701396
3644.0629999999996	0.024037374152089522
3644.207	0.02404317505851266
3644.3509999999997	0.02404950332006517
3644.495	0.024061632488040822
3644.6389999999997	0.024073234300887092
3644.7819999999997	0.024076925786792727
3644.926	0.024082199338086488
3645.0699999999997	0.024088000244509626
3645.214	0.02409274644067401
3645.357	0.024095910571450264
3645.502	0.024099602057355896
3645.645	0.024099602057355896
3645.7889999999998	0.024105930318908408
3645.933	0.024105930318908408
3646.0769999999998	0.024105930318908408
3646.221	0.024105930318908408
3646.365	0.024105930318908408
3646.508	0.024105930318908408
3646.652	0.024105930318908408
3646.796	0.02411225858046092
3646.94	0.02411225858046092
3647.084	0.024115422711237178
3647.2279999999996	0.024115422711237178
3647.372	0.024115422711237178
3647.515	0.024115422711237178
3647.6589999999997	0.024115422711237178
3647.803	0.024115422711237178
3647.9469999999997	0.024115422711237178
3648.091	0.024115422711237178
3648.2369999999996	0.024115422711237178
3648.3779999999997	0.024115422711237178
3648.522	0.024115422711237178
3648.6659999999997	0.024115422711237178
3648.81	0.024115422711237178
3648.9539999999997	0.024115422711237178
3649.098	0.024115422711237178
3649.241	0.024117004776625303
3649.3849999999998	0.024117004776625303
3649.529	0.024117004776625303
3649.673	0.024117004776625303
3649.817	0.024117004776625303
3649.961	0.024117004776625303
3650.104	0.024117004776625303
3650.248	0.024117004776625303
3650.392	0.024117004776625303
3650.5359999999996	0.024117004776625303
3650.68	0.024117004776625303
3650.8239999999996	0.024117004776625303
3650.9669999999996	0.024117004776625303
3651.111	0.024117004776625303
3651.2549999999997	0.024117004776625303
3651.399	0.024117004776625303
3651.5429999999997	0.024117004776625303
3651.687	0.024117004776625303
3651.8309999999997	0.024117004776625303
3651.9739999999997	0.024117004776625303
3652.118	0.024117004776625303
3652.2619999999997	0.024117004776625303
3652.406	0.024117004776625303
3652.5499999999997	0.024117004776625303
3652.694	0.024117004776625303
3652.8379999999997	0.024117004776625303
3652.9809999999998	0.024117004776625303
3653.125	0.024117004776625303
3653.269	0.024117004776625303
3653.413	0.024117004776625303
3653.557	0.024115422711237178
3653.7	0.02411225858046092
3653.845	0.024105930318908408
3653.988	0.024099602057355896
3654.1319999999996	0.024095910571450264
3654.276	0.024095910571450264
3654.4199999999996	0.02409274644067401
3654.564	0.024088000244509626
3654.707	0.024082199338086488
3654.8509999999997	0.024076925786792727
3654.995	0.024073234300887092
3655.1389999999997	0.024063214553428948
3655.283	0.02405424951622956
3655.4269999999997	0.024052667450841426
3655.5699999999997	0.0240510853854533
3655.714	0.024049503320065172
3655.8579999999997	0.024047921254677043
3656.002	0.024047393899547666
3656.1459999999997	0.02404317505851266
3656.29	0.024037374152089522
3656.433	0.024035792086701396
3656.5769999999998	0.024035792086701396
3656.721	0.024034210021313267
3656.865	0.02403262795592514
3657.009	0.02403262795592514
3657.153	0.024031045890537013
3657.297	0.024024717628984497
3657.44	0.024024717628984497
3657.584	0.024024717628984497
3657.7279999999996	0.024018389367431985
3657.872	0.024018389367431985
3658.0159999999996	0.024018389367431985
3658.16	0.024018389367431985
3658.303	0.024018389367431985
3658.4469999999997	0.024018389367431985
3658.5919999999996	0.024018389367431985
3658.736	0.024018389367431985
3658.8799999999997	0.024018389367431985
3659.024	0.024018389367431985
3659.167	0.024018389367431985
3659.3109999999997	0.024018389367431985
3659.455	0.024018389367431985
3659.5989999999997	0.024018389367431985
3659.743	0.024018389367431985
3659.8869999999997	0.024018389367431985
3660.031	0.024018389367431985
3660.174	0.024018389367431985
3660.3179999999998	0.024018389367431985
3660.462	0.024018389367431985
3660.6059999999998	0.024018389367431985
3660.749	0.024018389367431985
3660.894	0.024018389367431985
3661.038	0.024018389367431985
3661.181	0.024018389367431985
3661.325	0.024018389367431985
3661.469	0.024018389367431985
3661.613	0.024018389367431985
3661.7569999999996	0.024018389367431985
3661.8999999999996	0.024018389367431985
3662.0449999999996	0.024018389367431985
3662.1879999999996	0.024018389367431985
3662.332	0.024018389367431985
3662.4759999999997	0.024018389367431985
3662.62	0.024018389367431985
3662.7639999999997	0.024018389367431985
3662.9069999999997	0.024018389367431985
3663.051	0.024018389367431985
3663.1969999999997	0.024018389367431985
3663.339	0.024018389367431985
3663.4829999999997	0.024018389367431985
3663.627	0.024018389367431985
3663.7709999999997	0.0240136431712676
3663.9139999999998	0.024010479040491344
3664.058	0.024005205489197583
3664.2019999999998	0.023999931937903823
3664.346	0.02399940458277445
3664.49	0.023994658386610062
3664.633	0.023989912190445675
3664.778	0.02398833012505755
3664.921	0.023983583928893167
3665.065	0.02397725566734065
3665.209	0.023974091536564393
3665.3529999999996	0.023965126499365004
3665.497	0.02395616146216561
3665.64	0.023955634107036237
3665.7839999999997	0.023955634107036237
3665.928	0.02395405204164811
3666.0719999999997	0.023951415266001228
3666.216	0.023948251135224974
3666.3599999999997	0.02394455964931934
3666.504	0.023941922873672458
3666.647	0.023939813453154955
3666.7909999999997	0.023938231387766823
3666.935	0.02393612196724932
3667.0789999999997	0.02393348519160244
3667.223	0.023930321060826185
3667.366	0.02392715693004993
3667.5099999999998	0.023925574864661802
3667.654	0.023923992799273673
3667.798	0.023920828668497415
3667.942	0.023912918341556774
3668.086	0.02390395330435738
3668.23	0.023899734463322376
3668.373	0.02389657033254612
3668.517	0.02389129678125236
3668.6609999999996	0.023885495874829223
3668.805	0.023882331744052965
3668.9489999999996	0.023880749678664836
3669.093	0.02387811290301796
3669.2369999999996	0.023873366706853576
3669.3799999999997	0.02386862051068919
3669.524	0.02386703844530106
3669.6679999999997	0.023865983735042305
3669.812	0.02386281960426605
3669.9559999999997	0.02385912811836042
3670.0989999999997	0.023848581015772898
3670.2439999999997	0.02383645184779725
3670.3869999999997	0.023830650941374112
3670.531	0.023828014165727232
3670.6749999999997	0.023828014165727232
3670.819	0.023828014165727232
3670.9629999999997	0.023828014165727232
3671.1059999999998	0.023828014165727232
3671.25	0.023828014165727232
3671.394	0.023828014165727232
3671.538	0.023828014165727232
3671.682	0.023828014165727232
3671.826	0.023827486810597858
3671.97	0.023827486810597858
3672.113	0.023827486810597858
3672.2569999999996	0.023827486810597858
3672.401	0.023827486810597858
3672.5449999999996	0.023827486810597858
3672.689	0.023827486810597858
3672.832	0.023827486810597858
3672.9759999999997	0.023827486810597858
3673.12	0.023827486810597858
3673.2639999999997	0.023827486810597858
3673.408	0.023827486810597858
3673.5519999999997	0.023826959455468484
3673.696	0.023824322679821604
3673.8399999999997	0.02381746706313971
3673.9829999999997	0.0238111388015872
3674.127	0.02380322847464656
3674.2709999999997	0.02380322847464656
3674.4139999999998	0.023802701119517183
3674.5589999999997	0.02378424368998902
3674.703	0.02377105981175462
3674.846	0.023770005101495868
3674.99	0.023770005101495868
3675.134	0.023770005101495868
3675.278	0.023769477746366494
3675.422	0.023769477746366494
3675.565	0.023769477746366494
3675.709	0.023769477746366494
3675.8529999999996	0.023762622129684604
3675.997	0.023756293868132092
3676.142	0.02375365709248521
3676.2859999999996	0.02375365709248521
3676.43	0.023746801475803322
3676.573	0.023734144952698294
3676.7169999999996	0.023719906364205144
3676.861	0.02371410545778201
3677.0049999999997	0.02371410545778201
3677.1479999999997	0.02369933951415948
3677.2929999999997	0.023681409439760694
3677.4359999999997	0.023669807626914417
3677.5809999999997	0.023661369944844402
3677.7239999999997	0.0236592605243269
3677.868	0.02365662374868002
3678.0119999999997	0.02365504168329189
3678.158	0.023649240776868752
3678.298	0.02364133044992811
3678.4429999999998	0.023638166319151856
3678.587	0.023635002188375602
3678.7309999999998	0.023628673926823086
3678.875	0.023619708889623697
3679.019	0.02360019674983678
3679.163	0.023584376095955498
3679.306	0.02355853569461607
3679.45	0.023524784966336008
3679.594	0.023507382247066597
3679.738	0.023495780434220324
3679.881	0.02349103423805594
3680.026	0.02348734275215031
3680.169	0.02348154184572717
3680.3129999999996	0.023473104163657152
3680.4579999999996	0.02346572119184589
3680.6009999999997	0.02345939293029338
3680.745	0.02345411937899962
3680.8889999999997	0.023449373182835236
3681.0319999999997	0.023441990211023972
3681.176	0.023434607239212705
3681.3199999999997	0.023427224267401438
3681.464	0.023419313940460797
3681.607	0.023412985678908284
3681.752	0.023408766837873275
3681.8959999999997	0.023402438576320763
3682.04	0.023397165025027006
3682.183	0.023394000894250748
3682.3269999999998	0.023391364118603868
3682.471	0.023390309408345113
3682.615	0.02338819998782761
3682.758	0.023385035857051352
3682.902	0.0233839811467926
3683.046	0.02337976230575759
3683.19	0.02337396139933446
3683.334	0.023370269913428825
3683.4779999999996	0.02336710578265257
3683.622	0.023357086035194423
3683.765	0.023347593642865656
3683.9089999999997	0.02334284744670127
3684.053	0.023336519185148757
3684.1969999999997	0.0233333550543725
3684.3399999999997	0.023331772988984374
3684.4849999999997	0.023330190923596245
3684.629	0.02332702679281999
3684.772	0.023318061755620595
3684.9159999999997	0.02331067878380933
3685.06	0.02330540523251557
3685.2039999999997	0.023296440195316178
3685.348	0.023289057223504914
3685.491	0.02328325631708178
3685.6349999999998	0.023280092186305522
3685.779	0.02327798276578802
3685.923	0.023270599793976752
3686.067	0.02326427153242424
3686.211	0.023258470626001105
3686.355	0.023253197074707348
3686.498	0.023251615009319215
3686.642	0.023249505588801712
3686.7859999999996	0.023244759392637326
3686.93	0.02323895848621419
3687.073	0.023237376420826062
3687.2169999999996	0.023237376420826062
3687.361	0.023236849065696688
3687.5049999999997	0.02323368493492043
3687.649	0.02323104815927355
3687.7929999999997	0.02322946609388542
3687.937	0.023227884028497292
3688.0809999999997	0.023227356673367918
3688.2239999999997	0.02322577460797979
3688.368	0.023222083122074154
3688.5119999999997	0.023218918991297903
3688.6549999999997	0.023216809570780397
3688.7999999999997	0.023214172795133516
3688.944	0.023213118084874765
3689.087	0.02320837188871038
3689.2309999999998	0.023202043627157866
3689.375	0.02320046156176974
3689.519	0.023199934206640363
3689.663	0.023196770075864105
3689.806	0.023194133300217225
3689.95	0.0231925512348291
3690.094	0.023187805038664716
3690.238	0.023183586197629703
3690.3819999999996	0.023182004132241578
3690.526	0.02317884000146532
3690.6699999999996	0.02317251173991281
3690.8129999999996	0.023168820254007176
3690.957	0.023167765543748425
3691.1009999999997	0.023166710833489673
3691.245	0.023166710833489673
3691.388	0.023165128768101544
3691.533	0.023160382571937158
3691.676	0.023154581665514023
3691.8199999999997	0.02315141753473777
3691.964	0.023147726048832133
3692.1079999999997	0.02314456191805588
3692.252	0.023143507207797127
3692.3959999999997	0.023141925142408995
3692.5389999999998	0.02314034307702087
3692.683	0.02313876101163274
3692.8269999999998	0.023137178946244612
3692.971	0.02313454217059773
3693.114	0.023125577133398342
3693.2639999999997	0.023116612096198946
3693.403	0.023115030030810817
3693.547	0.023114502675681443
3693.691	0.023112920610293318
3693.835	0.023111338544905186
3693.979	0.023109229124387683
3694.123	0.023106064993611425
3694.2659999999996	0.023103428217964544
3694.41	0.02310131879744704
3694.5539999999996	0.023099736732058916
3694.698	0.02309657260128266
3694.8419999999996	0.023090244339730146
3694.986	0.023086552853824514
3695.1299999999997	0.02308549814356576
3695.2729999999997	0.023084443433307008
3695.417	0.023081279302530754
3695.5609999999997	0.02307758781662512
3695.705	0.023077060461495744
3695.848	0.023075478396107615
3695.993	0.02307389633071949
3696.136	0.023070204844813858
3696.2799999999997	0.02306598600377885
3696.424	0.023064403938390717
3696.5679999999998	0.023063349228131965
3696.712	0.023063349228131965
3696.8559999999998	0.02306282187300259
3696.999	0.023059657742226333
3697.143	0.023057020966579456
3697.287	0.02305491154606195
3697.431	0.023051747415285692
3697.575	0.023050165349897567
3697.719	0.02304647386399193
3697.8619999999996	0.023041727667827548
3698.006	0.023033289985757533
3698.1499999999996	0.023025907013946266
3698.294	0.023023797593428763
3698.4379999999996	0.02301905139726438
3698.5809999999997	0.02301483255622937
3698.725	0.02301325049084124
3698.8689999999997	0.023011668425453113
3699.013	0.023009031649806236
3699.1569999999997	0.023009031649806236
3699.301	0.023005867519029978
3699.4449999999997	0.023002703388253724
3699.5879999999997	0.023002703388253724
3699.732	0.023001121322865595
3699.8759999999997	0.022998484547218714
3700.02	0.022998484547218714
3700.1639999999998	0.022998484547218714
3700.308	0.022998484547218714
3700.4519999999998	0.022998484547218714
3700.595	0.022998484547218714
3700.739	0.022998484547218714
3700.883	0.022993738351054328
3701.027	0.022990574220278073
3701.171	0.022988992154889948
3701.314	0.02298846479976057
3701.4579999999996	0.022987410089501815
3701.602	0.02298635537924306
3701.7459999999996	0.02298635537924306
3701.89	0.02298635537924306
3702.0339999999997	0.02298635537924306
3702.178	0.02298635537924306
3702.321	0.02298635537924306
3702.4649999999997	0.02298635537924306
3702.609	0.022984245958725558
3702.7529999999997	0.022984245958725558
3702.8959999999997	0.022981081827949303
3703.04	0.022981081827949303
3703.1839999999997	0.022981081827949303
3703.328	0.022981081827949303
3703.4719999999998	0.022981081827949303
3703.616	0.022981081827949303
3703.7599999999998	0.022981081827949303
3703.904	0.022981081827949303
3704.047	0.022981081827949303
3704.191	0.022981081827949303
3704.335	0.022981081827949303
3704.479	0.022981081827949303
3704.623	0.022981081827949303
3704.767	0.022981081827949303
3704.91	0.022981081827949303
3705.0539999999996	0.022981081827949303
3705.198	0.022981081827949303
3705.3419999999996	0.022981081827949303
3705.486	0.022981081827949303
3705.629	0.022981081827949303
3705.7729999999997	0.022981081827949303
3705.917	0.022981081827949303
3706.0609999999997	0.022981081827949303
3706.205	0.022981081827949303
3706.3489999999997	0.022981081827949303
3706.493	0.022981081827949303
3706.636	0.022981081827949303
3706.7799999999997	0.022981081827949303
3706.924	0.022981081827949303
3707.0679999999998	0.022981081827949303
3707.212	0.022981081827949303
3707.355	0.022981081827949303
3707.5	0.022981081827949303
3707.643	0.022981081827949303
3707.787	0.022981081827949303
3707.931	0.022981081827949303
3708.075	0.022981081827949303
3708.221	0.022981081827949303
3708.3619999999996	0.022981081827949303
3708.506	0.022981081827949303
3708.6499999999996	0.022981081827949303
3708.794	0.022981081827949303
3708.9379999999996	0.022981081827949303
3709.082	0.022981081827949303
3709.2259999999997	0.022981081827949303
3709.3689999999997	0.022984245958725558
3709.513	0.022984245958725558
3709.6569999999997	0.02298635537924306
3709.801	0.02298635537924306
3709.9449999999997	0.02298635537924306
3710.0879999999997	0.02298635537924306
3710.232	0.02298635537924306
3710.3759999999997	0.02298635537924306
3710.52	0.02298635537924306
3710.6639999999998	0.02298635537924306
3710.808	0.02298635537924306
3710.9519999999998	0.02298635537924306
3711.096	0.02298635537924306
3711.24	0.02298635537924306
3711.384	0.02298635537924306
3711.528	0.02298635537924306
3711.671	0.02298635537924306
3711.816	0.02298635537924306
3711.959	0.02298635537924306
3712.1029999999996	0.02298635537924306
3712.247	0.02298635537924306
3712.3909999999996	0.02298635537924306
3712.535	0.02298635537924306
3712.678	0.02298635537924306
3712.8219999999997	0.02298635537924306
3712.966	0.02298635537924306
3713.1099999999997	0.02298635537924306
3713.254	0.02298635537924306
3713.397	0.02298635537924306
3713.542	0.02298635537924306
3713.6859999999997	0.02298635537924306
3713.8289999999997	0.02298635537924306
3713.973	0.02298635537924306
3714.1169999999997	0.02298635537924306
3714.261	0.02298635537924306
3714.404	0.02298635537924306
3714.549	0.02298635537924306
3714.692	0.02298635537924306
3714.836	0.02298635537924306
3714.98	0.022987410089501815
3715.124	0.022988992154889948
3715.268	0.022990574220278073
3715.412	0.022993738351054328
3715.555	0.022998484547218714
3715.6989999999996	0.023001121322865595
3715.843	0.023002703388253724
3715.9869999999996	0.02300850429467686
3716.1299999999997	0.02301325049084124
3716.2749999999996	0.02301377784597062
3716.4179999999997	0.023015359911358748
3716.562	0.023019578752393757
3716.7059999999997	0.023023797593428763
3716.85	0.023034344696016285
3716.9939999999997	0.023052802125544447
3717.138	0.02306282187300259
3717.281	0.023064403938390717
3717.4249999999997	0.02306967748968448
3717.569	0.02307389633071949
3717.7129999999997	0.02307389633071949
3717.857	0.02307389633071949
3718.0009999999997	0.023070204844813858
3718.144	0.02306598600377885
3718.288	0.023064403938390717
3718.432	0.02306282187300259
3718.576	0.02306282187300259
3718.72	0.02306282187300259
3718.863	0.02306282187300259
3719.008	0.02306282187300259
3719.151	0.02306282187300259
3719.2949999999996	0.023064403938390717
3719.439	0.02306598600377885
3719.5829999999996	0.023070204844813858
3719.727	0.023070204844813858
3719.87	0.023074423685848864
3720.0139999999997	0.023074423685848864
3720.158	0.023076533106366367
3720.3019999999997	0.023078115171754496
3720.446	0.023078115171754496
3720.5899999999997	0.023078115171754496
3720.734	0.023078115171754496
3720.877	0.023078115171754496
3721.0209999999997	0.023078115171754496
3721.165	0.023078115171754496
3721.3089999999997	0.023078115171754496
3721.453	0.023078115171754496
3721.596	0.023078115171754496
3721.74	0.023078115171754496
3721.884	0.023081279302530754
3722.028	0.02309077169485952
3722.172	0.02309868202180016
3722.316	0.02310131879744704
3722.46	0.023103428217964544
3722.6029999999996	0.023108174414128928
3722.747	0.02311344796542269
3722.8909999999996	0.023116612096198946
3723.035	0.023116612096198946
3723.181	0.023122940357751462
3723.323	0.023130323329562726
3723.4669999999996	0.02313454217059773
3723.6099999999997	0.02313770630137399
3723.758	0.02313770630137399
3723.8979999999997	0.02313770630137399
3724.042	0.02313770630137399
3724.1859999999997	0.02313770630137399
3724.3289999999997	0.02313770630137399
3724.473	0.02313770630137399
3724.6169999999997	0.02313770630137399
3724.761	0.02313454217059773
3724.9049999999997	0.023130323329562726
3725.049	0.023124522423139587
3725.1929999999998	0.023119776226975204
3725.337	0.0231176668064577
3725.48	0.023114502675681443
3725.624	0.023108174414128928
3725.768	0.023103428217964544
3725.912	0.02310131879744704
3726.056	0.02309868202180016
3726.2	0.023093935825635778
3726.344	0.023090244339730143
3726.4869999999996	0.02308708020895389
3726.631	0.0230823340127895
3726.7749999999996	0.023079169882013247
3726.919	0.023078115171754496
3727.062	0.023078115171754496
3727.2059999999997	0.023076533106366367
3727.35	0.023074423685848864
3727.4939999999997	0.023074423685848864
3727.638	0.023070204844813858
3727.7819999999997	0.02306598600377885
3727.926	0.02306598600377885
3728.069	0.02306545864864947
3728.2129999999997	0.023064403938390717
3728.357	0.02306282187300259
3728.502	0.023061239807614462
3728.6459999999997	0.023058603031967585
3728.79	0.023055438901191327
3728.9339999999997	0.023048583284509438
3729.0769999999998	0.023042255022956926
3729.221	0.0230406729575688
3729.365	0.023034872051145662
3729.509	0.023029071144722524
3729.653	0.02302696172420502
3729.796	0.02302274288317001
3729.94	0.023018524042135002
3730.084	0.023015359911358748
3730.2279999999996	0.02301061371519436
3730.372	0.023004285453641853
3730.5159999999996	0.023004285453641853
3730.66	0.023001121322865595
3730.8039999999996	0.022994793061313083
3730.9469999999997	0.022987410089501815
3731.091	0.02298635537924306
3731.2349999999997	0.02298635537924306
3731.379	0.02298635537924306
3731.522	0.02298635537924306
3731.667	0.02298635537924306
3731.8109999999997	0.02298635537924306
3731.9539999999997	0.022987410089501815
3732.098	0.022987410089501815
3732.2419999999997	0.022987410089501815
3732.386	0.022987410089501815
3732.529	0.022987410089501815
3732.673	0.022987410089501815
3732.817	0.022994793061313083
3732.961	0.022994793061313083
3733.105	0.022994793061313083
3733.249	0.023001121322865595
3733.393	0.023001121322865595
3733.5359999999996	0.023001121322865595
3733.68	0.023004285453641853
3733.8239999999996	0.023004285453641853
3733.968	0.023009031649806236
3734.1119999999996	0.02301219578058249
3734.2549999999997	0.02301219578058249
3734.3999999999996	0.023015359911358748
3734.5429999999997	0.023015359911358748
3734.687	0.023015359911358748
3734.8309999999997	0.023018524042135002
3734.975	0.023018524042135002
3735.1189999999997	0.023018524042135002
3735.2619999999997	0.023018524042135002
3735.406	0.023018524042135002
3735.5499999999997	0.023018524042135002
3735.694	0.023018524042135002
3735.8379999999997	0.023018524042135002
3735.982	0.023018524042135002
3736.1259999999997	0.023018524042135002
3736.27	0.023018524042135002
3736.413	0.023018524042135002
3736.557	0.023018524042135002
3736.701	0.023018524042135002
3736.845	0.023018524042135002
3736.988	0.023018524042135002
3737.133	0.023018524042135002
3737.276	0.023018524042135002
3737.4199999999996	0.023018524042135002
3737.564	0.023018524042135002
3737.7079999999996	0.023018524042135002
3737.852	0.023018524042135002
3737.995	0.023018524042135002
3738.14	0.023018524042135002
3738.29	0.023018524042135002
3738.4269999999997	0.023018524042135002
3738.571	0.023018524042135002
3738.7149999999997	0.023018524042135002
3738.859	0.023018524042135002
3739.002	0.023018524042135002
3739.1459999999997	0.023018524042135002
3739.29	0.023018524042135002
3739.4339999999997	0.023018524042135002
3739.578	0.023018524042135002
3739.7219999999998	0.023018524042135002
3739.865	0.023018524042135002
3740.009	0.023018524042135002
3740.153	0.023018524042135002
3740.297	0.023018524042135002
3740.441	0.023018524042135002
3740.584	0.023018524042135002
3740.729	0.023018524042135002
3740.872	0.023018524042135002
3741.0159999999996	0.023018524042135002
3741.16	0.023018524042135002
3741.3039999999996	0.023018524042135002
3741.448	0.023018524042135002
3741.591	0.023018524042135002
3741.736	0.023018524042135002
3741.879	0.023018524042135002
3742.0229999999997	0.023018524042135002
3742.167	0.023018524042135002
3742.3109999999997	0.023018524042135002
3742.455	0.023018524042135002
3742.598	0.023018524042135002
3742.7419999999997	0.023018524042135002
3742.886	0.023018524042135002
3743.0299999999997	0.023018524042135002
3743.174	0.023018524042135002
3743.3179999999998	0.023018524042135002
3743.462	0.023018524042135002
3743.605	0.023018524042135002
3743.749	0.023018524042135002
3743.893	0.023018524042135002
3744.037	0.023018524042135002
3744.181	0.023018524042135002
3744.325	0.023018524042135002
3744.469	0.023018524042135002
3744.6119999999996	0.023018524042135002
3744.756	0.023018524042135002
3744.8999999999996	0.023018524042135002
3745.044	0.023018524042135002
3745.1879999999996	0.023018524042135002
3745.332	0.023018524042135002
3745.475	0.023018524042135002
3745.6189999999997	0.023018524042135002
3745.763	0.023018524042135002
3745.9069999999997	0.023018524042135002
3746.051	0.023018524042135002
3746.196	0.023018524042135002
3746.3399999999997	0.023018524042135002
3746.4829999999997	0.023018524042135002
3746.627	0.023018524042135002
3746.7709999999997	0.023018524042135002
3746.915	0.023018524042135002
3747.058	0.023018524042135002
3747.203	0.023018524042135002
3747.346	0.023018524042135002
3747.49	0.023018524042135002
3747.634	0.023018524042135002
3747.778	0.023018524042135002
3747.922	0.023018524042135002
3748.065	0.023018524042135002
3748.209	0.023018524042135002
3748.3529999999996	0.023018524042135002
3748.497	0.023018524042135002
3748.6409999999996	0.023018524042135002
3748.785	0.023018524042135002
3748.9289999999996	0.023018524042135002
3749.0719999999997	0.023018524042135002
3749.216	0.023018524042135002
3749.3599999999997	0.023018524042135002
3749.504	0.023015359911358748
3749.647	0.023015359911358748
3749.792	0.023015359911358748
3749.935	0.02301219578058249
3750.0789999999997	0.02301219578058249
3750.223	0.02301219578058249
3750.3669999999997	0.023009031649806236
3750.511	0.023004285453641853
3750.654	0.022999539257477466
3750.799	0.0229921562856662
3750.942	0.02298635537924306
3751.086	0.022983191248466806
3751.23	0.022983191248466806
3751.374	0.022983191248466806
3751.939	0.022983191248466806
3752.0769999999998	0.022983191248466806
3752.221	0.022978445052302423
3752.365	0.022978445052302423
3752.509	0.022978445052302423
3752.652	0.022972644145879288
3752.796	0.022963679108679892
3752.94	0.02295893291251551
3753.084	0.02295893291251551
3753.2279999999996	0.022955241426609877
3753.372	0.022955241426609877
3753.5159999999996	0.022946276389410485
3753.66	0.022940475482987346
3753.803	0.022938366062469843
3753.9469999999997	0.022935729286822963
3754.091	0.022934147221434838
3754.2349999999997	0.02293256515604671
3754.379	0.02293098309065858
3754.522	0.02292940102527045
3754.6659999999997	0.022926236894494197
3754.81	0.02292254540858856
3754.9539999999997	0.022920963343200436
3755.098	0.022915689791906675
3755.2419999999997	0.022909888885483537
3755.386	0.02290936153035416
3755.529	0.02290672475470728
3755.673	0.022901978558542896
3755.817	0.02289881442776664
3755.961	0.022894068231602258
3756.104	0.022884575839273488
3756.254	0.02287613815720347
3756.393	0.02287350138155659
3756.5359999999996	0.022868755185392206
3756.68	0.02286189956871032
3756.8239999999996	0.022859790148192814
3756.969	0.02285662601741656
3757.1119999999996	0.0228513524661228
3757.2549999999997	0.022848715690475918
3757.399	0.02284818833534654
3757.5429999999997	0.022843442139182157
3757.687	0.022837113877629645
3757.8309999999997	0.02283447710198276
3757.975	0.022828676195559627
3758.118	0.022822347934007114
3758.2619999999997	0.022814437607066473
3758.406	0.02280810934551396
3758.5499999999997	0.022803890504478952
3758.6929999999998	0.022798089598055814
3758.8379999999997	0.02279492546727956
3758.9809999999998	0.02279070662624455
3759.125	0.022786487785209544
3759.269	0.022784905719821415
3759.413	0.02278279629930391
3759.557	0.02277752274801015
3759.7	0.02277752274801015
3759.844	0.022772776551845765
3759.988	0.02276855771081076
3760.1319999999996	0.022763811514646376
3760.276	0.02276170209412887
3760.4199999999996	0.022755901187705735
3760.564	0.022747463505635716
3760.707	0.022742717309471333
3760.8509999999997	0.022740607888953827
3760.995	0.022740607888953827
3761.1389999999997	0.022739025823565698
3761.283	0.022737443758177572
3761.4269999999997	0.022733224917142563
3761.571	0.0227279513658488
3761.714	0.02272531459020192
3761.8579999999997	0.02271740426326128
3762.002	0.02271054864657939
3762.1459999999997	0.022710021291450017
3762.29	0.022708966581191266
3762.4339999999997	0.022705802450415008
3762.582	0.022700001543991873
3762.721	0.022689981796533726
3762.865	0.02268048940420496
3763.009	0.022676797918299324
3763.153	0.02267363378752307
3763.297	0.02266783288109993
3763.44	0.022662031974676797
3763.585	0.022653066937477404
3763.729	0.022646738675924892
3763.873	0.022643047190019257
3764.017	0.022638300993854873
3764.16	0.022637246283596122
3764.3039999999996	0.022637246283596122
3764.448	0.022636718928466748
3764.5919999999996	0.02263355479769049
3764.736	0.022623535050232346
3764.8799999999997	0.022612460592515447
3765.024	0.022607187041221687
3765.167	0.022603495555316058
3765.3109999999997	0.022599276714281046
3765.455	0.0225892569668229
3765.5989999999997	0.02258029192962351
3765.7419999999997	0.022579237219364758
3765.8869999999997	0.02257870986423538
3766.0299999999997	0.022578182509106006
3766.174	0.022577127798847255
3766.3179999999998	0.022576073088588503
3766.462	0.022571854247553494
3766.6059999999998	0.022566053341130356
3766.749	0.022562889210354098
3766.894	0.02255761565906034
3767.0389999999998	0.0225497053321197
3767.181	0.02254390442569656
3767.325	0.022542322360308432
3767.469	0.022538103519273427
3767.613	0.02252702906155653
3767.756	0.022519118734615887
3767.8999999999996	0.02251753666922776
3768.044	0.022517009314098384
3768.191	0.022511735762804623
3768.332	0.022505934856381485
3768.4759999999997	0.022502770725605227
3768.62	0.022498024529440844
3768.763	0.022487477426853322
3768.9069999999997	0.022475348258877675
3769.051	0.022466910576807657
3769.1949999999997	0.022460582315255148
3769.339	0.022457945539608268
3769.4829999999997	0.022455308763961387
3769.6259999999997	0.022453199343443885
3769.77	0.022443706951115115
3769.9139999999998	0.022431577783139464
3770.058	0.02242683158697508
3770.201	0.02241997597029319
3770.346	0.0224131203536113
3770.49	0.02240942886770567
3770.633	0.022404155316411913
3770.777	0.022399936475376903
3770.921	0.022398354409988774
3771.065	0.02239466292408314
3771.2079999999996	0.022379896980460612
3771.3529999999996	0.02236829516761434
3771.4959999999996	0.022367767812484965
3771.64	0.022364603681708707
3771.7839999999997	0.022361966906061827
3771.928	0.022361966906061827
3772.0719999999997	0.02235880277528557
3772.216	0.02235300186886243
3772.359	0.022348255672698047
3772.5029999999997	0.022345091541921793
3772.647	0.02234403683166304
3772.79	0.022342454766274913
3772.935	0.02233454443933427
3773.078	0.022320833205970496
3773.2219999999998	0.022311340813641722
3773.366	0.022304485196959836
3773.5099999999998	0.022297102225148573
3773.654	0.02229341073924294
3773.797	0.02229235602898419
3773.941	0.02229077396359606
3774.085	0.022288664543078554
3774.229	0.02228708247769043
3774.373	0.0222855004123023
3774.517	0.022284973057172926
3774.6609999999996	0.022283390991784797
3774.8039999999996	0.022281808926396668
3774.948	0.022279172150749788
3775.0919999999996	0.022271261823809146
3775.236	0.022264933562256634
3775.379	0.02226282414173913
3775.524	0.02225491381479849
3775.667	0.022242257291693462
3775.8109999999997	0.02223592903014095
3775.955	0.022228546058329687
3776.0989999999997	0.02222010837625967
3776.243	0.022218526310871543
3776.386	0.02221799895574217
3776.5299999999997	0.022214307469836533
3776.674	0.022208506563413395
3776.8179999999998	0.02220586978776652
3776.962	0.02220165094673151
3777.1059999999998	0.022197432105696503
3777.25	0.022193740619790868
3777.393	0.022188467068497107
3777.537	0.02218530293772085
3777.681	0.02218372087233272
3777.825	0.02218213880694459
3777.969	0.02218213880694459
3778.113	0.02218213880694459
3778.2569999999996	0.02217897467616834
3778.3999999999996	0.02217897467616834
3778.544	0.02217633790052146
3778.6879999999996	0.022175283190262705
3778.832	0.022173173769745202
3778.9759999999997	0.022168954928710193
3779.12	0.022166845508192687
3779.263	0.022166318153063313
3779.4069999999997	0.022164736087675184
3779.551	0.02216315402228706
3779.6949999999997	0.02216157195689893
3779.8379999999997	0.022160517246640178
3779.9829999999997	0.022160517246640178
3780.1259999999997	0.022160517246640178
3780.27	0.02215893518125205
3780.4139999999998	0.022155243695346417
3780.558	0.02215207956457016
3780.7019999999998	0.022150497499182034
3780.845	0.022148388078664528
3780.99	0.022145751303017647
3781.134	0.02214416923762952
3781.278	0.02214364188250014
3781.422	0.022139950396594513
3781.566	0.022133094779912627
3781.71	0.02212940329400699
3781.8529999999996	0.022128875938877614
3781.997	0.02212782122861886
3782.1409999999996	0.022126239163230733
3782.285	0.02212571180810136
3782.428	0.022124657097842608
3782.573	0.02212149296706635
3782.716	0.022118328836290092
3782.8599999999997	0.022114109995255083
3783.004	0.02211094586447883
3783.1479999999997	0.0221093637990907
3783.2949999999996	0.02210778173370257
3783.435	0.022104617602926313
3783.58	0.022100398761891307
3783.723	0.022099344051632556
3783.8669999999997	0.022099344051632556
3784.011	0.022098816696503182
3784.1549999999997	0.022097234631115053
3784.299	0.022095652565726924
3784.442	0.02209512521059755
3784.586	0.02209512521059755
3784.73	0.022092488434950666
3784.874	0.022089851659303786
3785.018	0.022086160173398154
3785.162	0.022082468687492522
3785.306	0.02208141397723377
3785.4489999999996	0.02208035926697502
3785.593	0.022079831911845642
3785.7369999999996	0.022073503650293133
3785.881	0.022067702743869995
3786.0249999999996	0.02206295654770561
3786.169	0.022055573575894348
3786.3129999999996	0.022052936800247468
3786.4559999999997	0.02205240944511809
3786.6	0.022050827379729958
3786.7439999999997	0.022049772669471206
3786.8869999999997	0.022049772669471206
3787.0319999999997	0.022049245314341832
3787.1749999999997	0.022046608538694952
3787.319	0.022044499118177446
3787.4629999999997	0.02204397176304807
3787.607	0.022043444407918694
3787.7509999999997	0.022040807632271814
3787.894	0.022036588791236808
3788.0389999999998	0.022035006725848676
3788.182	0.022034479370719298
3788.326	0.022032897305331173
3788.47	0.022031315239943047
3788.614	0.02202973317455492
3788.758	0.022028678464296167
3788.901	0.02202656904377866
3789.0449999999996	0.022024459623261154
3789.189	0.02201971342709677
3789.3329999999996	0.022014967230932388
3789.477	0.022014967230932388
3789.6209999999996	0.022012857810414885
3789.7639999999997	0.022010748389897382
3789.908	0.022010748389897382
3790.0519999999997	0.02200916632450925
3790.196	0.022007056903991747
3790.3399999999997	0.022004947483474244
3790.4829999999997	0.022003365418086118
3790.6279999999997	0.022002310707827363
3790.7709999999997	0.021999673932180483
3790.915	0.021998091866792354
3791.0589999999997	0.021996509801404225
3791.203	0.021994400380886722
3791.3469999999998	0.021992818315498593
3791.49	0.021991763605239842
3791.634	0.021991763605239842
3791.778	0.021991236250110464
3791.922	0.02199070889498109
3792.066	0.02198912682959296
3792.21	0.0219838532782992
3792.354	0.021980161792393572
3792.497	0.021979634437264195
3792.6409999999996	0.021978052371876066
3792.785	0.021978052371876066
3792.9289999999996	0.021976470306487937
3793.073	0.021976470306487937
3793.2169999999996	0.021976470306487937
3793.361	0.021976470306487937
3793.504	0.02197488824109981
3793.6479999999997	0.02197225146545293
3793.792	0.021970669400064802
3793.9359999999997	0.02197014204493543
3794.08	0.021968032624417922
3794.2239999999997	0.021966450559029793
3794.368	0.021965395848771038
3794.511	0.021965395848771038
3794.6549999999997	0.021965395848771038
3794.799	0.021965395848771038
3794.9429999999998	0.021962759073124158
3795.087	0.02195906758721853
3795.2309999999998	0.02195590345644227
3795.374	0.02195221197053664
3795.518	0.021949047839760386
3795.662	0.021948520484631008
3795.806	0.021948520484631008
3795.9489999999996	0.021947465774372253
3796.094	0.021945883708984128
3796.2369999999996	0.021945883708984128
3796.381	0.021944301643596
3796.5249999999996	0.021944301643596
3796.669	0.021945883708984128
3796.8129999999996	0.021945883708984128
3796.9559999999997	0.021945883708984128
3797.1	0.021945883708984128
3797.2439999999997	0.021945883708984128
3797.388	0.021945883708984128
3797.5319999999997	0.021945883708984128
3797.676	0.021945883708984128
3797.8199999999997	0.021944301643596
3797.9629999999997	0.02194166486794912
3798.107	0.02194166486794912
3798.2529999999997	0.02194008280256099
3798.395	0.021939555447431612
3798.5389999999998	0.021939028092302238
3798.6839999999997	0.021937973382043487
3798.828	0.021935336606396606
3798.971	0.02193375454100848
3799.115	0.02193375454100848
3799.259	0.02193375454100848
3799.403	0.02193375454100848
3799.546	0.021933227185879103
3799.691	0.021933227185879103
3799.834	0.021931117765361597
3799.9779999999996	0.021926898924326588
3800.122	0.021921625373032827
3800.2659999999996	0.021921625373032827
3800.41	0.021921625373032827
3800.553	0.021918461242256573
3800.698	0.021916879176868444
3800.841	0.021915297111480315
3800.9849999999997	0.021914769756350937
3801.129	0.021913715046092186
3801.2729999999997	0.02191213298070406
3801.417	0.021911605625574683
3801.56	0.02191055091531593
3801.7039999999997	0.02190949620505718
3801.848	0.02190949620505718
3801.9919999999997	0.02190949620505718
3802.136	0.02190949620505718
3802.2799999999997	0.02190949620505718
3802.424	0.02190949620505718
3802.567	0.02190949620505718
3802.711	0.02190949620505718
3802.855	0.02190949620505718
3802.999	0.02190949620505718
3803.143	0.02190949620505718
3803.287	0.02190949620505718
3803.431	0.02190949620505718
3803.5739999999996	0.02190791413966905
3803.718	0.02190791413966905
3803.8619999999996	0.021906332074280922
3804.006	0.021906332074280922
3804.1499999999996	0.02190422265376342
3804.2929999999997	0.02190422265376342
3804.437	0.02190422265376342
3804.5809999999997	0.021900531167857788
3804.725	0.021900531167857788
3804.8689999999997	0.021897894392210907
3805.0119999999997	0.02189631232682278
3805.1569999999997	0.0218957849716934
3805.2999999999997	0.021894730261434653
3805.444	0.021894730261434653
3805.5879999999997	0.021894730261434653
3805.732	0.021894730261434653
3805.8759999999997	0.021894730261434653
3806.019	0.021894730261434653
3806.1639999999998	0.021894730261434653
3806.307	0.021894730261434653
3806.451	0.021894730261434653
3806.595	0.021894730261434653
3806.739	0.021894730261434653
3806.883	0.021894730261434653
3807.026	0.021894730261434653
3807.1699999999996	0.021891038775529018
3807.314	0.021891038775529018
3807.4579999999996	0.021891038775529018
3807.602	0.021891038775529018
3807.7459999999996	0.021888401999882137
3807.89	0.021888401999882137
3808.033	0.021888401999882137
3808.1769999999997	0.021888401999882137
3808.321	0.021888401999882137
3808.4649999999997	0.021888401999882137
3808.6079999999997	0.021888401999882137
3808.7529999999997	0.021888401999882137
3808.897	0.021888401999882137
3809.04	0.02188787464475276
3809.1839999999997	0.021886292579364634
3809.328	0.02188523786910588
3809.4719999999998	0.021884710513976502
3809.615	0.021883128448588376
3809.759	0.021882073738329625
3809.903	0.021882073738329625
3810.047	0.021880491672941496
3810.191	0.021878382252423993
3810.335	0.021876800187035868
3810.48	0.021875745476777113
3810.622	0.021875745476777113
3810.767	0.021875745476777113
3810.91	0.021875745476777113
3811.0539999999996	0.02187363605625961
3811.198	0.021871526635742104
3811.3419999999996	0.021869944570353975
3811.486	0.02186678043957772
3811.629	0.021864143663930836
3811.7729999999997	0.02186256159854271
3811.917	0.021862034243413337
3812.0609999999997	0.021860979533154586
3812.205	0.02185887011263708
3812.3489999999997	0.021857815402378328
3812.493	0.02185728804724895
3812.636	0.021856760692119576
3812.7799999999997	0.021856760692119576
3812.924	0.021856760692119576
3813.0679999999998	0.021855705981860825
3813.214	0.021854123916472692
3813.3559999999998	0.021852541851084567
3813.5	0.021852541851084567
3813.643	0.021851487140825816
3813.787	0.02185095978569644
3813.931	0.02185095978569644
3814.075	0.02185095978569644
3814.218	0.02185095978569644
3814.363	0.02185095978569644
3814.506	0.02185095978569644
3814.6499999999996	0.02185095978569644
3814.794	0.02185095978569644
3814.9379999999996	0.02185095978569644
3815.082	0.02185095978569644
3815.225	0.02185095978569644
3815.3689999999997	0.02185095978569644
3815.513	0.02185095978569644
3815.6569999999997	0.02185095978569644
3815.801	0.02185095978569644
3815.946	0.02185095978569644
3816.0899999999997	0.02185095978569644
3816.2329999999997	0.02185095978569644
3816.3779999999997	0.02185095978569644
3816.5209999999997	0.02184937772030831
3816.665	0.02184937772030831
3816.8089999999997	0.02184937772030831
3816.953	0.02184937772030831
3817.096	0.02184937772030831
3817.24	0.021848323010049558
3817.384	0.021848323010049558
3817.528	0.021847795654920184
3817.672	0.021846213589532055
3817.816	0.021844631524143926
3817.96	0.021844104169014552
3818.1029999999996	0.0218430494587558
3818.247	0.021841994748497046
3818.3909999999996	0.021841467393367668
3818.535	0.021841467393367668
3818.678	0.021841467393367668
3818.823	0.021841994748497046
3818.9669999999996	0.021841467393367668
3819.1099999999997	0.021840940038238294
3819.254	0.021839885327979543
3819.3979999999997	0.021838830617720788
3819.542	0.02183830326259141
3819.685	0.021836721197203285
3819.8289999999997	0.02183513913181516
3819.973	0.021831447645909524
3820.1169999999997	0.021828283515133266
3820.261	0.021828283515133266
3820.4049999999997	0.021828283515133266
3820.549	0.021826174094615763
3820.692	0.021826174094615763
3820.837	0.021826174094615763
3820.98	0.02182406467409826
3821.124	0.021823537318968883
3821.268	0.021821955253580754
3821.412	0.021819318477933877
3821.556	0.02181773641254575
3821.6989999999996	0.021817209057416374
3821.843	0.021815626992028242
3821.9869999999996	0.021815626992028242
3822.131	0.02181299021638136
3822.274	0.02181299021638136
3822.419	0.02181299021638136
3822.5629999999996	0.02181299021638136
3822.7059999999997	0.02181299021638136
3822.85	0.02181299021638136
3822.9939999999997	0.02181299021638136
3823.138	0.02181299021638136
3823.281	0.02181299021638136
3823.426	0.02181299021638136
3823.569	0.02181088079586386
3823.7129999999997	0.02181088079586386
3823.857	0.02181088079586386
3824.0009999999997	0.02181088079586386
3824.145	0.02181088079586386
3824.288	0.02181088079586386
3824.432	0.02181088079586386
3824.576	0.02181088079586386
3824.72	0.02181088079586386
3824.864	0.02181088079586386
3825.008	0.02181088079586386
3825.152	0.02181088079586386
3825.2949999999996	0.02181088079586386
3825.439	0.02181088079586386
3825.5829999999996	0.02181088079586386
3825.727	0.02181088079586386
3825.872	0.02181088079586386
3826.015	0.02181088079586386
3826.1589999999997	0.02181088079586386
3826.3019999999997	0.02181088079586386
3826.446	0.02181088079586386
3826.5899999999997	0.02181088079586386
3826.734	0.02181088079586386
3826.8779999999997	0.02181088079586386
3827.0209999999997	0.021808771375346356
3827.165	0.021806134599699475
3827.3089999999997	0.021806134599699475
3827.453	0.021806134599699475
3827.5969999999998	0.021804552534311347
3827.74	0.021802970468923218
3827.8849999999998	0.021801388403535092
3828.028	0.021800861048405715
3828.172	0.021800861048405715
3828.319	0.021799278983017586
3828.46	0.021796642207370702
3828.604	0.02179558749711195
3828.747	0.0217945327868532
3828.892	0.021791896011206322
3829.035	0.021790313945818193
3829.1789999999996	0.021790313945818193
3829.323	0.021788731880430064
3829.4669999999996	0.021787149815041935
3829.611	0.021786622459912558
3829.754	0.021784513039395055
3829.8979999999997	0.02178029419836005
3830.042	0.021776075357325043
3830.1859999999997	0.021773965936807537
3830.33	0.021772383871419408
3830.4739999999997	0.021770801806031276
3830.6169999999997	0.021770274450901902
3830.761	0.021770274450901902
3830.9049999999997	0.02176921974064315
3831.049	0.021767637675255025
3831.1929999999998	0.021767110320125647
3831.336	0.021765000899608145
3831.48	0.021765000899608145
3831.624	0.021762364123961264
3831.768	0.02175867263805563
3831.912	0.02175867263805563
3832.056	0.02175550850727937
3832.2	0.021753926441891246
3832.343	0.021751289666244365
3832.4869999999996	0.021750234955985614
3832.631	0.02174970760085624
3832.7749999999996	0.021747598180338733
3832.919	0.021747598180338733
3833.0629999999996	0.021746016114950605
3833.207	0.021744961404691853
3833.35	0.021743379339303724
3833.495	0.02174285198417435
3833.6389999999997	0.02174285198417435
3833.783	0.02174285198417435
3833.9269999999997	0.02174126991878622
3834.0699999999997	0.021737051077751215
3834.214	0.021737051077751215
3834.3579999999997	0.021734414302104335
3834.502	0.021734414302104335
3834.6459999999997	0.02173335959184558
3834.79	0.02173230488158683
3834.9339999999997	0.02173230488158683
3835.0769999999998	0.02173230488158683
3835.221	0.021730195461069322
3835.365	0.021726503975163694
3835.509	0.021723339844387436
3835.653	0.021723339844387436
3835.796	0.021723339844387436
3835.941	0.021721757778999307
3836.084	0.021720703068740556
3836.2279999999996	0.021720703068740556
3836.372	0.021720703068740556
3836.5159999999996	0.021720703068740556
3836.66	0.0217196483584818
3836.803	0.021718066293093675
3836.9469999999997	0.021709101255894286
3837.091	0.021699608863565513
3837.2349999999997	0.021696444732789255
3837.379	0.021693807957142375
3837.5229999999997	0.02169064382636612
3837.667	0.021688534405848614
3837.81	0.021688534405848614
3837.9539999999997	0.021688534405848614
3838.098	0.02168695234046049
3838.2419999999997	0.02168695234046049
3838.3849999999998	0.02168695234046049
3838.5299999999997	0.02168695234046049
3838.673	0.02168695234046049
3838.817	0.02168695234046049
3838.961	0.021682206144296102
3839.105	0.021682206144296102
3839.249	0.02167745994813172
3839.392	0.021670076976320455
3839.5359999999996	0.021660584583991685
3839.68	0.02165636574295668
3839.8239999999996	0.021655311032697928
3839.968	0.0216537289673098
3840.1119999999996	0.02164898277114541
3840.256	0.0216426545095929
3840.399	0.021632107407005382
3840.5429999999997	0.02162156030441786
3840.687	0.02161206791208909
3840.8309999999997	0.021604684940277827
3840.975	0.021602048164630946
3841.1189999999997	0.02159888403385469
3841.2619999999997	0.021597301968466563
3841.406	0.021590446351784674
3841.5499999999997	0.021582536024844032
3841.694	0.021574098342774017
3841.8379999999997	0.021566188015833376
3841.982	0.02156249652992774
3842.1259999999997	0.02156249652992774
3842.269	0.02156249652992774
3842.413	0.02156249652992774
3842.557	0.02156249652992774
3842.701	0.021545621165787707
3842.844	0.021545621165787707
3842.989	0.021545621165787707
3843.1319999999996	0.021530327867035803
3843.277	0.021530327867035803
3843.4199999999996	0.021526109026000793
3843.564	0.02152294489522454
3843.7079999999996	0.02152136282983641
3843.8509999999997	0.021517671343930782
3843.995	0.021512925147766395
3844.1389999999997	0.02151081572724889
3844.283	0.02150923366186076
3844.4269999999997	0.02150923366186076
3844.571	0.02150923366186076
3844.7149999999997	0.02150923366186076
3844.8579999999997	0.021501850690049496
3845.002	0.021501850690049496
3845.1459999999997	0.021501850690049496
3845.29	0.021501850690049496
3845.433	0.021501850690049496
3845.5769999999998	0.021501850690049496
3845.721	0.021501850690049496
3845.865	0.021501850690049496
3846.009	0.021501850690049496
3846.153	0.021501850690049496
3846.297	0.021501850690049496
3846.44	0.021501850690049496
3846.584	0.021501850690049496
3846.7279999999996	0.021501850690049496
3846.872	0.021501850690049496
3847.0159999999996	0.021501850690049496
3847.16	0.02149235829772073
3847.3039999999996	0.021488666811815098
3847.4469999999997	0.021488666811815098
3847.591	0.021487612101556343
3847.7349999999997	0.021485502681038837
3847.879	0.02148286590539196
3848.0229999999997	0.021478119709227576
3848.167	0.02147495557845132
3848.31	0.021472846157933816
3848.4539999999997	0.02146809996176943
3848.598	0.021461771700216917
3848.7419999999997	0.021454388728405653
3848.886	0.02145016988737064
3849.0299999999997	0.021448587821982515
3849.173	0.021445951046335635
3849.317	0.02144120485017125
3849.461	0.021436458654006868
3849.605	0.021430130392454352
3849.749	0.021415891803961203
3849.892	0.021403762635985552
3850.0359999999996	0.021397961729562417
3850.18	0.02139479759878616
3850.3239999999996	0.021391633468009902
3850.468	0.021385832561586767
3850.6119999999996	0.02138108636542238
3850.756	0.021377394879516752
3850.8999999999996	0.021377394879516752
3851.044	0.021374230748740494
3851.1879999999996	0.021374230748740494
3851.332	0.021374230748740494
3851.4759999999997	0.021374230748740494
3851.62	0.021374230748740494
3851.763	0.021374230748740494
3851.908	0.021374230748740494
3852.051	0.021374230748740494
3852.1949999999997	0.021371593973093614
3852.339	0.021368957197446733
3852.482	0.021368957197446733
3852.6279999999997	0.021365793066670476
3852.77	0.02136262893589422
3852.9139999999998	0.02135999216024734
3853.058	0.02135893744998859
3853.2019999999998	0.021355245964082954
3853.346	0.021349972412789193
3853.489	0.021348390347401068
3853.633	0.021346808282012943
3853.777	0.021341007375589804
3853.921	0.02133626117942542
3854.065	0.021334151758907915
3854.209	0.021332569693519786
3854.3529999999996	0.021332569693519786
3854.4959999999996	0.021331514983261034
3854.64	0.021327823497355403
3854.7839999999997	0.02132360465632039
3854.928	0.021321495235802887
3855.071	0.021319385815285384
3855.216	0.021317803749897255
3855.359	0.021316221684509126
3855.5029999999997	0.021316221684509126
3855.647	0.021309893422956614
3855.7909999999997	0.02130251045114535
3855.935	0.021295127479334083
3856.078	0.02128932657291095
3856.223	0.021287744507522823
3856.366	0.02128458037674657
3856.5099999999998	0.02128458037674657
3856.654	0.02128141624597031
3856.798	0.021279834180582182
3856.942	0.021274033274159047
3857.085	0.02126770501260653
3857.229	0.021264540881830277
3857.373	0.021252411713854627
3857.517	0.021241337256137728
3857.6609999999996	0.021236591059973345
3857.805	0.021232372218938336
3857.9489999999996	0.021232372218938336
3858.0919999999996	0.02122973544329146
3858.239	0.02122393453686832
3858.3799999999997	0.02121866098557456
3858.524	0.021216551565057057
3858.6679999999997	0.021215496854798302
3858.812	0.02121286007915142
3858.955	0.02121075065863392
3859.0989999999997	0.021210223303504545
3859.243	0.021208641238116416
3859.3869999999997	0.021204422397081406
3859.5299999999997	0.021201785621434526
3859.6749999999997	0.021200730911175775
3859.8179999999998	0.021197566780399517
3859.962	0.021195457359882014
3860.1059999999998	0.021194402649623263
3860.25	0.02119334793936451
3860.394	0.021192820584235134
3860.537	0.021189656453458876
3860.681	0.02118543761242387
3860.825	0.021183328191906367
3860.969	0.02118016406113011
3861.113	0.02118016406113011
3861.2569999999996	0.02118016406113011
3861.401	0.02118016406113011
3861.544	0.021175945220095103
3861.6879999999996	0.021173308444448223
3861.832	0.021173308444448223
3861.9759999999997	0.021173308444448223
3862.12	0.02117172637906009
3862.2639999999997	0.02117172637906009
3862.4069999999997	0.021171199023930713
3862.551	0.021171199023930713
3862.6949999999997	0.021171199023930713
3862.839	0.021171199023930713
3862.9829999999997	0.021171199023930713
3863.1259999999997	0.021171199023930713
3863.2709999999997	0.021171199023930713
3863.4139999999998	0.021171199023930713
3863.558	0.021171199023930713
3863.7019999999998	0.021170144313671965
3863.846	0.021170144313671965
3863.99	0.021170144313671965
3864.133	0.021170144313671965
3864.277	0.021170144313671965
3864.421	0.021170144313671965
3864.565	0.021170144313671965
3864.709	0.021166980182895707
3864.8529999999996	0.021166980182895707
3864.997	0.021163288696990072
3865.14	0.021160651921343195
3865.2839999999997	0.021159069855955066
3865.428	0.02115748779056694
3865.5719999999997	0.02115485101492006
3865.716	0.021151686884143803
3865.8599999999997	0.021150104818755674
3866.004	0.021150104818755674
3866.147	0.0211495774636263
3866.2909999999997	0.02114535862259129
3866.435	0.02114113978155628
3866.5789999999997	0.021139557716168152
3866.723	0.0211385030059094
3866.8669999999997	0.021137975650780023
3867.011	0.02113481152000377
3867.154	0.02113217474435689
3867.298	0.02113217474435689
3867.442	0.02113217474435689
3867.586	0.02113217474435689
3867.73	0.02113217474435689
3867.874	0.021131647389227515
3868.017	0.021130065323839382
3868.1609999999996	0.02112901061358063
3868.305	0.021127428548192502
3868.45	0.021124264417416248
3868.593	0.02112268235202812
3868.738	0.02112268235202812
3868.881	0.02112215499689874
3869.0249999999996	0.021121627641769367
3869.169	0.021120572931510616
3869.3129999999996	0.021117936155863735
3869.457	0.021117936155863735
3869.6	0.021117936155863735
3869.7439999999997	0.021117936155863735
3869.888	0.021117936155863735
3870.0319999999997	0.021117936155863735
3870.176	0.021117936155863735
3870.3199999999997	0.021117936155863735
3870.464	0.021117936155863735
3870.607	0.021117936155863735
3870.7509999999997	0.021117936155863735
3870.895	0.021117936155863735
3871.04	0.021117936155863735
3871.182	0.021117936155863735
3871.3269999999998	0.021117936155863735
3871.471	0.021117936155863735
3871.614	0.021117936155863735
3871.758	0.021115826735346233
3871.902	0.021115826735346233
3872.046	0.021115826735346233
3872.189	0.021115826735346233
3872.334	0.021115826735346233
3872.4779999999996	0.021115826735346233
3872.6209999999996	0.021115826735346233
3872.765	0.021115826735346233
3872.9089999999997	0.021115826735346233
3873.053	0.021115826735346233
3873.196	0.021115826735346233
3873.344	0.021115826735346233
3873.484	0.021115299380216855
3873.6279999999997	0.021115299380216855
3873.772	0.021115299380216855
3873.9159999999997	0.0211142446699581
3874.06	0.0211142446699581
3874.203	0.0211142446699581
3874.3469999999998	0.0211142446699581
3874.491	0.0211142446699581
3874.6349999999998	0.0211142446699581
3874.779	0.0211142446699581
3874.923	0.02111318995969935
3875.067	0.0211142446699581
3875.21	0.0211142446699581
3875.354	0.0211142446699581
3875.498	0.0211142446699581
3875.642	0.0211142446699581
3875.7859999999996	0.0211142446699581
3875.93	0.0211142446699581
3876.0739999999996	0.0211142446699581
3876.2169999999996	0.0211142446699581
3876.361	0.0211142446699581
3876.5049999999997	0.021115299380216855
3876.6479999999997	0.0211142446699581
3876.7929999999997	0.02111318995969935
3876.9359999999997	0.021112135249440597
3877.08	0.02111108053918185
3877.2239999999997	0.02110791640840559
3877.368	0.021104224922499956
3877.5119999999997	0.02110264285711183
3877.6549999999997	0.021099478726335573
3877.7999999999997	0.021099478726335573
3877.944	0.021099478726335573
3878.087	0.021099478726335573
3878.2309999999998	0.021099478726335573
3878.375	0.021099478726335573
3878.519	0.021099478726335573
3878.662	0.021099478726335573
3878.807	0.021099478726335573
3878.95	0.02109736930581807
3879.094	0.02109736930581807
3879.238	0.021096314595559315
3879.3819999999996	0.021096314595559315
3879.526	0.021095259885300564
3879.669	0.021095259885300564
3879.8129999999996	0.02109209575452431
3879.957	0.02108893162374805
3880.1009999999997	0.021087349558359926
3880.245	0.021085240137842423
3880.3889999999997	0.021084712782713046
3880.533	0.021084712782713046
3880.676	0.021084712782713046
3880.8199999999997	0.021084712782713046
3880.964	0.021082603362195543
3881.1079999999997	0.021082603362195543
3881.2509999999997	0.021082603362195543
3881.3959999999997	0.021082603362195543
3881.54	0.021082603362195543
3881.683	0.021082603362195543
3881.8269999999998	0.021082603362195543
3881.971	0.021082603362195543
3882.115	0.021082603362195543
3882.258	0.021082603362195543
3882.402	0.021082603362195543
3882.546	0.021082603362195543
3882.69	0.021082603362195543
3882.834	0.021082603362195543
3882.9779999999996	0.021082603362195543
3883.122	0.021082603362195543
3883.265	0.021082603362195543
3883.41	0.021082603362195543
3883.553	0.021079966586548662
3883.6969999999997	0.021079966586548662
3883.841	0.021079966586548662
3883.9849999999997	0.021079966586548662
3884.129	0.021079966586548662
3884.272	0.021079966586548662
3884.4159999999997	0.021079966586548662
3884.56	0.021079966586548662
3884.7039999999997	0.021079966586548662
3884.848	0.021079966586548662
3884.9919999999997	0.021079966586548662
3885.136	0.021079439231419285
3885.279	0.021079439231419285
3885.423	0.021079439231419285
3885.567	0.02107838452116053
3885.711	0.02107838452116053
3885.8559999999998	0.02107838452116053
3886.0	0.02107838452116053
3886.144	0.02107838452116053
3886.287	0.02107838452116053
3886.431	0.02107838452116053
3886.575	0.02107838452116053
3886.718	0.021076802455772405
3886.863	0.021076802455772405
3887.006	0.021076802455772405
3887.1499999999996	0.021076802455772405
3887.294	0.021076802455772405
3887.4379999999996	0.02107574774551365
3887.582	0.02107574774551365
3887.725	0.02107574774551365
3887.8709999999996	0.02107574774551365
3888.013	0.02107574774551365
3888.1569999999997	0.02107574774551365
3888.303	0.02107574774551365
3888.4449999999997	0.02107574774551365
3888.589	0.02107574774551365
3888.732	0.021073638324996147
3888.8759999999997	0.021072056259608018
3889.02	0.02107047419421989
3889.1639999999998	0.021069946839090515
3889.308	0.021069946839090515
3889.4519999999998	0.021068892128831763
3889.596	0.021065727998055506
3889.739	0.02106256386727925
3889.883	0.02105992709163237
3890.027	0.021058345026244242
3890.171	0.021058345026244242
3890.315	0.021058345026244242
3890.459	0.021059399736502997
3890.6029999999996	0.021059399736502997
3890.7459999999996	0.021059399736502997
3890.89	0.021059399736502997
3891.0339999999997	0.021059399736502997
3891.178	0.021059399736502997
3891.321	0.021058345026244242
3891.466	0.021058345026244242
3891.609	0.021058345026244242
3891.7529999999997	0.021058345026244242
3891.897	0.021059399736502997
3892.0409999999997	0.021060981801891122
3892.185	0.021060981801891122
3892.328	0.02106256386727925
3892.4719999999998	0.021065727998055506
3892.616	0.021068892128831763
3892.7599999999998	0.021069946839090515
3892.904	0.02107047419421989
3893.048	0.021072583614737395
3893.192	0.02107574774551365
3893.335	0.021072583614737395
3893.479	0.02107574774551365
3893.623	0.02107838452116053
3893.767	0.021079439231419285
3893.9109999999996	0.021079966586548662
3894.055	0.021082603362195543
3894.1989999999996	0.021082603362195543
3894.3419999999996	0.021085240137842423
3894.486	0.021085767492971797
3894.6299999999997	0.021085767492971797
3894.774	0.021085767492971797
3894.917	0.021085767492971797
3895.062	0.021085767492971797
3895.205	0.021085767492971797
3895.3489999999997	0.021085767492971797
3895.493	0.021085767492971797
3895.6369999999997	0.021085767492971797
3895.781	0.021085767492971797
3895.924	0.021085767492971797
3896.069	0.021085767492971797
3896.212	0.021085767492971797
3896.3559999999998	0.021085767492971797
3896.5	0.021085767492971797
3896.644	0.021085767492971797
3896.788	0.021085767492971797
3896.931	0.021085767492971797
3897.075	0.021085767492971797
3897.219	0.021085767492971797
3897.363	0.021085767492971797
3897.5069999999996	0.021085767492971797
3897.651	0.021085767492971797
3897.7949999999996	0.021085767492971797
3897.9379999999996	0.021085767492971797
3898.082	0.021085767492971797
3898.2259999999997	0.021085767492971797
3898.3689999999997	0.021085767492971797
3898.5139999999997	0.021085767492971797
3898.658	0.021085767492971797
3898.8019999999997	0.021085767492971797
3898.9449999999997	0.021085767492971797
3899.089	0.021085767492971797
3899.2329999999997	0.021085767492971797
3899.3759999999997	0.021085767492971797
3899.5209999999997	0.021085767492971797
3899.6639999999998	0.021085767492971797
3899.808	0.021085767492971797
3899.9519999999998	0.021085767492971797
3900.096	0.021085767492971797
3900.24	0.021085767492971797
3900.383	0.021085767492971797
3900.528	0.021085767492971797
3900.671	0.021085767492971797
3900.815	0.021085767492971797
3900.959	0.021083130717324917
3901.1029999999996	0.021083130717324917
3901.247	0.021079966586548662
3901.39	0.021079966586548662
3901.5339999999997	0.021079439231419285
3901.678	0.02107838452116053
3901.8219999999997	0.02107574774551365
3901.966	0.02107574774551365
3902.1099999999997	0.021072583614737395
3902.2529999999997	0.02107047419421989
3902.397	0.02107047419421989
3902.5409999999997	0.02107047419421989
3902.685	0.02107047419421989
3902.8289999999997	0.02107047419421989
3902.9719999999998	0.02107047419421989
3903.1169999999997	0.02107047419421989
3903.2639999999997	0.02107047419421989
3903.4049999999997	0.021072583614737395
3903.549	0.02107574774551365
3903.6929999999998	0.02107574774551365
3903.837	0.02107838452116053
3903.98	0.02107838452116053
3904.124	0.021079439231419285
3904.268	0.02107838452116053
3904.412	0.02107574774551365
3904.556	0.02107574774551365
3904.7	0.02107838452116053
3904.844	0.02107838452116053
3904.9869999999996	0.021079439231419285
3905.131	0.02107838452116053
3905.2749999999996	0.02107574774551365
3905.419	0.02107574774551365
3905.5629999999996	0.02107838452116053
3905.707	0.02107574774551365
3905.8509999999997	0.021073638324996147
3905.9939999999997	0.021071528904478644
3906.138	0.021069946839090515
3906.2819999999997	0.021068892128831763
3906.426	0.021067837418573012
3906.5699999999997	0.021067310063443638
3906.7129999999997	0.02106520064292613
3906.857	0.02106256386727925
3907.0009999999997	0.021060981801891122
3907.145	0.021060981801891122
3907.2889999999998	0.021059399736502997
3907.432	0.021058345026244242
3907.5769999999998	0.021058345026244242
3907.72	0.021058345026244242
3907.864	0.02105623560572674
3908.008	0.02105307147495048
3908.152	0.02104937998904485
3908.296	0.02104937998904485
3908.439	0.02104674321339797
3908.5829999999996	0.02104516114800984
3908.727	0.021043051727492337
3908.8709999999996	0.02104146966210421
3909.015	0.021038832886457328
3909.1589999999997	0.021038832886457328
3909.303	0.021038832886457328
3909.446	0.021038832886457328
3909.5899999999997	0.021036723465939825
3909.734	0.02103197726977544
3909.8779999999997	0.02103197726977544
3910.0209999999997	0.021029340494128558
3910.1659999999997	0.02102881313899918
3910.31	0.021025121653093552
3910.453	0.021020902812058543
3910.5969999999998	0.021016683971023534
3910.741	0.021016683971023534
3910.8849999999998	0.021015101905635408
3911.028	0.021014047195376653
3911.172	0.0210108830646004
3911.316	0.021007718933824145
3911.46	0.02100508215817726
3911.6059999999998	0.021003500092789132
3911.748	0.021001918027401006
3911.892	0.021000335962012878
3912.035	0.020999808606883504
3912.1789999999996	0.020998226541495375
3912.323	0.020997171831236623
3912.4669999999996	0.02099558976584849
3912.6119999999996	0.02098926150429598
3912.7549999999997	0.020982933242743466
3912.8979999999997	0.020979769111967212
3913.042	0.020978187046579083
3913.1859999999997	0.020975550270932203
3913.33	0.02097080407476782
3913.4739999999997	0.02096763994399156
3913.618	0.02096658523373281
3913.7619999999997	0.02096500316834468
3913.9049999999997	0.020963421102956552
3914.049	0.020961311682439046
3914.1929999999998	0.02095709284140404
3914.337	0.020954983420886537
3914.482	0.020952874000369034
3914.625	0.020949182514463403
3914.768	0.020949182514463403
3914.912	0.020949182514463403
3915.056	0.020949182514463403
3915.2	0.020949182514463403
3915.344	0.020949182514463403
3915.4869999999996	0.020949182514463403
3915.631	0.020949182514463403
3915.7749999999996	0.020949182514463403
3915.919	0.020949182514463403
3916.0629999999996	0.020952874000369034
3916.207	0.020952874000369034
3916.3509999999997	0.020954983420886537
3916.4939999999997	0.02095709284140404
3916.638	0.020961311682439046
3916.7819999999997	0.020963421102956552
3916.926	0.020964475813215304
3917.069	0.020966057878603436
3917.214	0.020969749364509065
3917.3579999999997	0.020969749364509065
3917.5009999999997	0.020969749364509065
3917.645	0.020966057878603436
3917.7889999999998	0.020966057878603436
3917.933	0.020966057878603436
3918.076	0.020969749364509065
3918.22	0.020975550270932203
3918.3669999999997	0.020978187046579083
3918.508	0.020978187046579083
3918.652	0.020979769111967212
3918.796	0.02098187853248472
3918.94	0.020983460597872844
3919.0829999999996	0.020983460597872844
3919.227	0.02098926150429598
3919.3709999999996	0.02098926150429598
3919.515	0.020995062410719113
3919.6589999999997	0.020995062410719113
3919.803	0.020995062410719113
3919.946	0.020995062410719113
3920.0899999999997	0.020995062410719113
3920.234	0.020995062410719113
3920.3779999999997	0.020995062410719113
3920.5209999999997	0.020995062410719113
3920.6659999999997	0.020995062410719113
3920.81	0.02098926150429598
3920.9539999999997	0.020986097373519724
3921.098	0.020983460597872844
3921.2419999999997	0.02098187853248472
3921.386	0.02098187853248472
3921.529	0.020979769111967212
3921.674	0.020978187046579083
3921.817	0.020975550270932203
3921.961	0.02097238614015595
3922.105	0.02097238614015595
3922.249	0.020969222009379694
3922.393	0.020969222009379694
3922.5359999999996	0.020969222009379694
3922.68	0.02096763994399156
3922.8239999999996	0.020966057878603436
3922.968	0.020964475813215304
3923.1119999999996	0.020961311682439046
3923.256	0.020959202261921543
3923.3999999999996	0.02095709284140404
3923.5429999999997	0.02095709284140404
3923.687	0.02095709284140404
3923.8309999999997	0.02095709284140404
3923.975	0.02095709284140404
3924.118	0.02095709284140404
3924.2619999999997	0.02095709284140404
3924.406	0.02095709284140404
3924.5499999999997	0.02095709284140404
3924.694	0.02095709284140404
3924.8379999999997	0.02095709284140404
3924.982	0.02095709284140404
3925.125	0.02095709284140404
3925.269	0.02095709284140404
3925.413	0.02095709284140404
3925.557	0.02095709284140404
3925.701	0.020959202261921543
3925.845	0.020959202261921543
3925.989	0.0209623663926978
3926.1319999999996	0.020966057878603436
3926.276	0.020966057878603436
3926.4199999999996	0.020966057878603436
3926.564	0.02096763994399156
3926.7079999999996	0.020970276719638442
3926.852	0.02096763994399156
3926.995	0.020970276719638442
3927.1389999999997	0.02097238614015595
3927.283	0.020973968205544077
3927.4269999999997	0.020976604981190958
3927.571	0.020978187046579083
3927.7149999999997	0.020978187046579083
3927.8579999999997	0.020979769111967212
3928.002	0.02098187853248472
3928.1459999999997	0.02098187853248472
3928.29	0.02098398795300222
3928.4339999999997	0.0209866247286491
3928.5769999999998	0.020990843569684108
3928.7219999999998	0.020995062410719113
3928.865	0.020996117120977868
3929.009	0.020996117120977868
3929.153	0.020996644476107246
3929.297	0.020997171831236623
3929.441	0.020998226541495375
3929.584	0.020999281251754126
3929.7279999999996	0.020999808606883504
3929.872	0.021001918027401006
3930.0159999999996	0.021006136868436012
3930.16	0.021008773644082896
3930.3039999999996	0.021008773644082896
3930.4469999999997	0.021008773644082896
3930.591	0.021008773644082896
3930.7349999999997	0.021008773644082896
3930.879	0.021008773644082896
3931.0229999999997	0.021008773644082896
3931.1659999999997	0.021008773644082896
3931.3109999999997	0.021008773644082896
3931.4539999999997	0.021008773644082896
3931.598	0.021008773644082896
3931.7419999999997	0.021008773644082896
3931.886	0.021008773644082896
3932.0299999999997	0.021008773644082896
3932.173	0.021008773644082896
3932.317	0.021008773644082896
3932.461	0.021008773644082896
3932.605	0.021008773644082896
3932.749	0.021008773644082896
3932.893	0.021008773644082896
3933.037	0.021008773644082896
3933.18	0.021008773644082896
3933.326	0.021008773644082896
3933.468	0.021008773644082896
3933.6119999999996	0.021008773644082896
3933.7549999999997	0.021008773644082896
3933.8999999999996	0.021008773644082896
3934.044	0.021008773644082896
3934.189	0.021008773644082896
3934.3309999999997	0.021008773644082896
3934.475	0.021008773644082896
3934.6189999999997	0.021008773644082896
3934.7639999999997	0.021008773644082896
3934.9069999999997	0.021008773644082896
3935.0499999999997	0.021008773644082896
3935.194	0.021008773644082896
3935.3379999999997	0.021008773644082896
3935.482	0.021008773644082896
3935.6259999999997	0.021008773644082896
3935.769	0.021008773644082896
3935.913	0.021008773644082896
3936.057	0.021008773644082896
3936.201	0.021008773644082896
3936.345	0.021008773644082896
3936.489	0.0210108830646004
3936.633	0.0210108830646004
3936.776	0.0210108830646004
3936.9199999999996	0.0210108830646004
3937.064	0.0210108830646004
3937.2079999999996	0.0210108830646004
3937.352	0.0210108830646004
3937.4959999999996	0.0210108830646004
3937.64	0.0210108830646004
3937.783	0.0210108830646004
3937.9269999999997	0.0210108830646004
3938.071	0.0210108830646004
3938.2149999999997	0.0210108830646004
3938.3599999999997	0.0210108830646004
3938.5029999999997	0.0210108830646004
3938.6479999999997	0.0210108830646004
3938.7909999999997	0.0210108830646004
3938.935	0.0210108830646004
3939.0789999999997	0.0210108830646004
3939.2219999999998	0.0210108830646004
3939.3669999999997	0.0210108830646004
3939.5099999999998	0.0210108830646004
3939.654	0.0210108830646004
3939.798	0.0210108830646004
3939.942	0.0210108830646004
3940.087	0.0210108830646004
3940.229	0.0210108830646004
3940.373	0.0210108830646004
3940.517	0.021008773644082896
3940.6609999999996	0.021008773644082896
3940.805	0.021006136868436012
3940.9489999999996	0.021006136868436012
3941.093	0.021006136868436012
3941.236	0.021008773644082896
3941.3799999999997	0.021008773644082896
3941.524	0.021008773644082896
3941.6679999999997	0.021006136868436012
3941.812	0.02100508215817726
3941.9559999999997	0.021007718933824145
3942.0989999999997	0.02100508215817726
3942.243	0.021004554803047887
3942.3869999999997	0.021001918027401006
3942.531	0.021001918027401006
3942.676	0.020999808606883504
3942.8179999999998	0.020999808606883504
3942.9629999999997	0.020999281251754126
3943.107	0.020998226541495375
3943.25	0.020997171831236623
3943.394	0.020997171831236623
3943.538	0.020997171831236623
3943.682	0.020996644476107246
3943.825	0.020996117120977868
3943.969	0.020996117120977868
3944.113	0.020995062410719113
3944.2569999999996	0.020990843569684108
3944.401	0.020990843569684108
3944.5449999999996	0.0209866247286491
3944.689	0.020985570018390347
3944.832	0.02098398795300222
3944.9759999999997	0.02098398795300222
3945.12	0.02098187853248472
3945.2639999999997	0.02098135117735534
3945.408	0.02098135117735534
3945.5519999999997	0.020979769111967212
3945.696	0.020976604981190958
3945.839	0.0209734408504147
3945.9849999999997	0.020970276719638442
3946.127	0.02096763994399156
3946.2709999999997	0.02096763994399156
3946.415	0.02096763994399156
3946.5589999999997	0.020966057878603436
3946.7019999999998	0.020966057878603436
3946.846	0.020966057878603436
3946.99	0.02096553052347406
3947.134	0.02096553052347406
3947.278	0.020964475813215304
3947.422	0.020961311682439046
3947.566	0.020959202261921543
3947.709	0.02095709284140404
3947.8529999999996	0.020954983420886537
3947.997	0.020953401355498412
3948.1409999999996	0.020953401355498412
3948.288	0.020951819290110283
3948.4289999999996	0.02095129193498091
3948.573	0.020949182514463403
3948.716	0.020947600449075274
3948.8599999999997	0.020946545738816522
3949.004	0.020944963673428393
3949.1479999999997	0.020943381608040264
3949.2909999999997	0.020942326897781513
3949.435	0.020941799542652136
3949.5789999999997	0.02094127218752276
3949.723	0.02094021747726401
3949.8669999999997	0.02093758070161713
3950.011	0.020935471281099627
3950.1549999999997	0.020933889215711494
3950.298	0.02093230715032337
3950.442	0.02093072508493524
3950.586	0.02092967037467649
3950.73	0.020928088309288356
3950.874	0.020925451533641476
3951.018	0.02092386946825335
3951.162	0.020923342113123973
3951.305	0.020923342113123973
3951.4489999999996	0.020923342113123973
3951.593	0.020923342113123973
3951.7369999999996	0.020921760047735848
3951.881	0.02092017798234772
3952.0249999999996	0.02092017798234772
3952.1679999999997	0.020919123272088967
3952.312	0.020917541206700835
3952.4559999999997	0.020917541206700835
3952.6	0.02091701385157146
3952.7439999999997	0.020915431786183332
3952.8869999999997	0.020915431786183332
3953.0319999999997	0.020915431786183332
3953.1749999999997	0.020915431786183332
3953.319	0.020915431786183332
3953.4629999999997	0.020915431786183332
3953.607	0.020915431786183332
3953.7509999999997	0.020915431786183332
3953.894	0.020915431786183332
3954.038	0.020915431786183332
3954.182	0.020915431786183332
3954.326	0.020915431786183332
3954.47	0.020915431786183332
3954.614	0.020915431786183332
3954.758	0.020915431786183332
3954.901	0.020915431786183332
3955.0449999999996	0.020915431786183332
3955.189	0.020915431786183332
3955.3329999999996	0.020915431786183332
3955.477	0.020915431786183332
3955.6209999999996	0.02091701385157146
3955.7659999999996	0.02091701385157146
3955.9089999999997	0.02091701385157146
3956.053	0.02091701385157146
3956.1969999999997	0.020917541206700835
3956.341	0.020917541206700835
3956.4849999999997	0.020917541206700835
3956.629	0.020917541206700835
3956.772	0.020917541206700835
3956.9159999999997	0.020917541206700835
3957.06	0.020917541206700835
3957.2039999999997	0.020917541206700835
3957.348	0.020919123272088967
3957.4919999999997	0.02092017798234772
3957.636	0.020921760047735848
3957.779	0.020923342113123973
3957.923	0.020923342113123973
3958.067	0.020923342113123973
3958.211	0.020923342113123973
3958.354	0.02092386946825335
3958.499	0.020925451533641476
3958.643	0.020928088309288356
3958.7859999999996	0.02092967037467649
3958.93	0.020931252440064614
3959.0739999999996	0.020933889215711494
3959.218	0.020935471281099627
3959.361	0.02093758070161713
3959.5049999999997	0.02094021747726401
3959.649	0.02094127218752276
3959.7929999999997	0.020941799542652136
3959.937	0.020943381608040264
3960.0809999999997	0.020944963673428393
3960.225	0.020946545738816522
3960.37	0.020947600449075274
3960.5119999999997	0.020949182514463403
3960.656	0.02095129193498091
3960.7999999999997	0.020951819290110283
3960.9429999999998	0.020953401355498412
3961.0879999999997	0.020954983420886537
3961.232	0.02095709284140404
3961.375	0.020961311682439046
3961.519	0.020964475813215304
3961.663	0.02096553052347406
3961.807	0.02096553052347406
3961.95	0.020967112588862184
3962.095	0.020970276719638442
3962.238	0.0209734408504147
3962.3819999999996	0.020978187046579083
3962.526	0.02098135117735534
3962.6699999999996	0.02098187853248472
3962.814	0.02098398795300222
3962.957	0.020985570018390347
3963.102	0.0209866247286491
3963.245	0.020987679438907853
3963.3909999999996	0.020988734149166605
3963.533	0.02099295299020161
3963.6769999999997	0.020996117120977868
3963.821	0.020996117120977868
3963.964	0.020996644476107246
3964.1079999999997	0.020997171831236623
3964.252	0.020997171831236623
3964.3959999999997	0.020997171831236623
3964.54	0.020998226541495375
3964.6839999999997	0.020999281251754126
3964.828	0.02100139067227163
3964.971	0.021004554803047887
3965.115	0.021004554803047887
3965.259	0.021006136868436012
3965.403	0.02100666422356539
3965.547	0.02100666422356539
3965.691	0.02100666422356539
3965.834	0.02100666422356539
3965.9779999999996	0.02100666422356539
3966.122	0.02100666422356539
3966.2659999999996	0.02100666422356539
3966.4089999999997	0.02100666422356539
3966.5539999999996	0.02100666422356539
3966.6969999999997	0.02100666422356539
3966.841	0.02100666422356539
3966.9849999999997	0.02100666422356539
3967.129	0.02100666422356539
3967.2729999999997	0.02100666422356539
3967.4159999999997	0.02100666422356539
3967.56	0.02100666422356539
3967.7039999999997	0.02100666422356539
3967.848	0.02100666422356539
3967.9919999999997	0.021007718933824145
3968.136	0.021007718933824145
3968.2799999999997	0.02101193777485915
3968.424	0.02101193777485915
3968.567	0.021018266036411663
3968.711	0.021018266036411663
3968.855	0.021022484877446672
3968.999	0.021022484877446672
3969.143	0.021022484877446672
3969.287	0.021022484877446672
3969.43	0.021022484877446672
3969.5739999999996	0.021022484877446672
3969.718	0.021024594297964175
3969.8619999999996	0.021024594297964175
3970.0049999999997	0.021024594297964175
3970.1499999999996	0.021024594297964175
3970.294	0.021024594297964175
3970.437	0.021024594297964175
3970.5809999999997	0.021024594297964175
3970.7259999999997	0.021024594297964175
3970.8689999999997	0.021024594297964175
3971.0119999999997	0.021024594297964175
3971.156	0.021029340494128558
3971.2999999999997	0.02103197726977544
3971.444	0.02103355933516357
3971.5879999999997	0.021040414951845457
3971.732	0.021040414951845457
3971.8759999999997	0.021052544119821104
3972.019	0.021063091222408625
3972.163	0.021067837418573012
3972.307	0.021068892128831763
3972.451	0.021068892128831763
3972.594	0.02107047419421989
3972.739	0.021072056259608018
3972.883	0.021072056259608018
3973.026	0.0210746930352549
3973.1699999999996	0.021076802455772405
3973.315	0.02107996658654866
3973.459	0.02108365807245429
3973.602	0.021085240137842423
3973.747	0.021091568399394932
3973.89	0.021097896660947447
3974.0339999999997	0.021099478726335573
3974.178	0.02110580698788809
3974.3219999999997	0.02111371731482873
3974.466	0.021117936155863735
3974.609	0.021117936155863735
3974.7529999999997	0.021117936155863735
3974.897	0.021117936155863735
3975.0409999999997	0.021117936155863735
3975.185	0.021117936155863735
3975.3289999999997	0.021117936155863735
3975.473	0.02111899086612249
3975.616	0.02112215499689874
3975.7599999999998	0.02112215499689874
3975.904	0.02112215499689874
3976.048	0.02112215499689874
3976.192	0.021123737062286874
3976.336	0.021123737062286874
3976.48	0.021125319127675
3976.623	0.021126901193063128
3976.767	0.021136920940521272
3976.9109999999996	0.021147995398238167
3977.055	0.021157487790566937
3977.1989999999996	0.021168562248283833
3977.343	0.02117436315470697
3977.489	0.021194930004752636
3977.6299999999997	0.021216551565057057
3977.774	0.021223407181738946
3977.9179999999997	0.021234481639455842
3978.0609999999997	0.02154298439014083
3978.2059999999997	0.022149970144052657
3978.35	0.022719513683778787
3978.493	0.023329136213337494
3978.6369999999997	0.023685100925666322
3978.781	0.024027881759760752
3978.9249999999997	0.02474033853954779
3979.0679999999998	0.025763934845666695
3979.212	0.026508560288345674
3979.3559999999998	0.026740596545271132
3979.5	0.026994781717630385
3979.644	0.027199922862957665
3979.788	0.027334925776077934
3979.932	0.027527937753429564
3980.075	0.027672960414007977
3980.219	0.027733078898756848
3980.363	0.027901305185027807
3980.508	0.028183967534373366
3980.651	0.028441316837508876
3980.7949999999996	0.028540459601831575
3980.9379999999996	0.02859952337632169
3981.082	0.028688646393186246
3981.2259999999997	0.02876194875616952
3981.37	0.028931229752699225
3981.5139999999997	0.02907836183379514
3981.658	0.029106311655652074
3981.8019999999997	0.029247115475195477
3981.9449999999997	0.029652651569685655
3982.089	0.02995429870368875
3982.2329999999997	0.030034984038483283
3982.377	0.03011145053224281
3982.5209999999997	0.03013834564384099
3982.6639999999998	0.030301825733947567
3982.808	0.03046003227276038
3982.9519999999998	0.03048798209461731
3983.096	0.030521732822897378
3983.24	0.030555483551177445
3983.384	0.030654098960370767
3983.528	0.03079912162094918
3983.671	0.030884025796778722
3983.815	0.030971566748255144
3983.959	0.03105594356895531
3984.1029999999996	0.031075455708742226
3984.247	0.031116589408833557
3984.3909999999996	0.031207294491086238
3984.5339999999997	0.03127215917199949
3984.678	0.031375520777357196
3984.8219999999997	0.03163972569717459
3984.966	0.03187123459897068
3985.109	0.031957193485058974
3985.254	0.0320579183147698
3985.397	0.0321502054624106
3985.5409999999997	0.03226516888061458
3985.685	0.032428121615591776
3985.8289999999997	0.03257841782746395
3985.973	0.03270234628286732
3986.116	0.0328943035499602
3986.2599999999998	0.03310313618119312
3986.404	0.033281382214922224
3986.548	0.033407947445972475
3986.692	0.03342324074472438
3986.836	0.03350023459361328
3986.98	0.033593049096383464
3987.123	0.033619944207981645
3987.267	0.033650530805485454
3987.413	0.03371012193510495
3987.555	0.033898387716292194
3987.698	0.0341362248796408
3987.843	0.034241695905516
3987.9869999999996	0.03426911837224356
3988.1299999999997	0.03429548612871236
3988.274	0.034360878164754985
3988.4199999999996	0.03453490535744908
3988.562	0.034686256279580004
3988.705	0.03470365899884942
3988.85	0.03472422584889509
3988.993	0.03500741555337002
3989.1369999999997	0.03531275417327875
3989.281	0.03537392736828637
3989.4249999999997	0.035422971395318345
3989.569	0.03549574640317224
3989.712	0.03554531778533358
3989.8559999999998	0.03555955637382674
3990.0	0.03559858065340056
3990.144	0.035658171783020054
3990.288	0.03575362306143712
3990.432	0.03603101185948892
3990.575	0.036276759349778157
3990.719	0.03638644921668837
3990.864	0.036555202858088706
3991.008	0.03665803710831704
3991.152	0.03671657352767778
3991.296	0.03691169492554691
3991.44	0.03713634821066111
3991.5829999999996	0.037231272133948806
3991.727	0.03739158809327912
3991.8709999999996	0.037783412954405515
3992.015	0.03815097947958062
3992.158	0.03828598239270089
3992.3019999999997	0.03841149291349239
3992.446	0.038563898545882075
3992.5899999999997	0.038676752543568546
3992.734	0.038771676466856225
3992.8779999999997	0.03886501832475579
3993.022	0.03900898627507545
3993.165	0.039244714017906544
3993.3129999999996	0.03953739611471025
3993.453	0.039775760633188224
3993.5969999999998	0.039985120619550514
3993.741	0.040123287663447034
3993.8849999999998	0.040208719194405954
3994.029	0.04026725561376669
3994.172	0.04033633913571495
3994.316	0.0404739788244821
3994.46	0.040566265972122914
3994.604	0.0406854482313619
3994.747	0.040978657683294985
3994.892	0.041224405173584215
3995.035	0.041287160433979966
3995.1789999999996	0.041356243955928226
3995.323	0.04142849160865274
3995.4669999999996	0.04145116787921592
3995.611	0.041622558296263136
3995.7549999999997	0.0417818195453347
3995.899	0.04178498367611096
3996.042	0.041915240393066835
3996.1859999999997	0.04218260944366049
3996.33	0.04239882504670467
3996.4739999999997	0.042482674512275456
3996.618	0.04253541002521306
3996.761	0.04259605586509131
3996.9049999999997	0.04264193576134703
3997.049	0.04268728830247337
3997.1929999999998	0.0427062730871309
3997.337	0.042829146832275525
3997.4809999999998	0.04310020736877482
3997.625	0.04332011445772463
3997.768	0.04342031193230607
3997.912	0.043637582245609
3998.056	0.04387383734356946
3998.2	0.04393184640780083
3998.344	0.04400040257461972
3998.488	0.0441264404505406
3998.631	0.044215563467405156
3998.7749999999996	0.044317870362504105
3998.919	0.04462057220676595
3999.0629999999996	0.044962825685731005
3999.2059999999997	0.0451742950926108
3999.3509999999997	0.0452866217351679
3999.4939999999997	0.04532775543525923
3999.638	0.04538260036871433
3999.783	0.045567174663995944
3999.926	0.0457596592862182
4000.0699999999997	0.045837707845365866
4000.2129999999997	0.04597745695465051
4000.3579999999997	0.04633764050801435
4000.5009999999997	0.0466999334818957
4000.645	0.04684812027325037
4000.788	0.04693513386959741
4000.933	0.047002635326157546
4001.0769999999998	0.047055370839095154
4001.22	0.04708173859556394
4001.364	0.04726156669468118
4001.508	0.04745088718612719
4001.652	0.04758747216463558
4001.7949999999996	0.047749370189354025
4001.94	0.04806894739775591
4002.0829999999996	0.048401181129262824
4002.227	0.04858681013480319
4002.3709999999996	0.04877454856086106
4002.515	0.048900059081652555
4002.6589999999997	0.04900869423830403
4002.8019999999997	0.049103618161591714
4002.9469999999997	0.04927553593376831
4003.094	0.04941844917382922
4003.234	0.04975648381175926
4003.3779999999997	0.05007184217912612
4003.522	0.05014356247672127
4003.6659999999997	0.05021844690509267
4003.8089999999997	0.05032708206174413
4003.953	0.05043940870430123
4004.0969999999998	0.05046366704025253
4004.241	0.05053644204810642
4004.3849999999998	0.05068568354971985
4004.528	0.050901371797634654
4004.673	0.05123782437017657
4004.816	0.05148568128098331
4004.96	0.051611191801774814
4005.104	0.0517171901827794
4005.248	0.05175832388287073
4005.392	0.05183215360098337
4005.5359999999996	0.051941843467893586
4005.68	0.05206735398868508
4005.823	0.052142765772185865
4005.9669999999996	0.05223610763008543
4006.111	0.05269859807854821
4006.2549999999997	0.05310835301407339
4006.3979999999997	0.05317796389115104
4006.542	0.0532248984976655
4006.6859999999997	0.05332034977608256
4006.83	0.05352232679063359
4006.9739999999997	0.05366471267556512
4007.118	0.053695826628198315
4007.2619999999997	0.05374276123471278
4007.406	0.05385561523239926
4007.549	0.0541894310292943
4007.6929999999998	0.05449846113510866
4007.837	0.054573345563480063
4007.9809999999998	0.054741571849751015
4008.124	0.05488975864110568
4008.272	0.055033726591425344
4008.413	0.05522832063416511
4008.557	0.05531849836128841
4008.701	0.055389163948624795
4008.845	0.0556401849902078
4008.989	0.056035173982110456
4009.133	0.056220275632521445
4009.276	0.05634525879818357
4009.4199999999996	0.05647867964591571
4009.564	0.05656569324226275
4009.7079999999996	0.05670016880025365
4009.852	0.05694644364567225
4009.995	0.05713207265121262
4010.1389999999997	0.057194827911608376
4010.283	0.05745797812116702
4010.4269999999997	0.057762262030816997
4010.571	0.0579009564298429
4010.7149999999997	0.057971622017179286
4010.859	0.05810504286491143
4011.002	0.058207877115139764
4011.1459999999997	0.058345516803906906
4011.29	0.058561205051821705
4011.4339999999997	0.0586888249931307
4011.578	0.05879271395361779
4011.721	0.05899996451946258
4011.866	0.059304248429112555
4012.009	0.05949936982698169
4012.153	0.05956265244250682
4012.297	0.05961433324518566
4012.441	0.059756191774987824
4012.585	0.05990596063173062
4012.729	0.0600209240499346
4012.873	0.06013905159891483
4013.0159999999996	0.06019389653236994
4013.16	0.06053984149724062
4013.3039999999996	0.06087049316335941
4013.448	0.060934303134013906
4013.591	0.06112256891520115
4013.7349999999997	0.06136726169523164
4013.879	0.061534433271243846
4014.0229999999997	0.06162197422272027
4014.167	0.061710569884455446
4014.3109999999997	0.06179652877054374
4014.455	0.06190780070284209
4014.5989999999997	0.06231175473194414
4014.7419999999997	0.06277424518040695
4014.886	0.06291874048585597
4015.0299999999997	0.06301050027836741
4015.174	0.06310858833243134
4015.317	0.06328947114180733
4015.461	0.06350832352049839
4015.6059999999998	0.0635784617527054
4015.749	0.06368235071319248
4015.893	0.06379573206600833
4016.037	0.06406257376147262
4016.181	0.06448867670600845
4016.325	0.06471491205651078
4016.468	0.06485466116579543
4016.6119999999996	0.06496013219167064
4016.756	0.06507984180603901
4016.8999999999996	0.06525281428847435
4017.044	0.0654342244529797
4017.187	0.06561932610339069
4017.332	0.06571952357797214
4017.475	0.06605492144025531
4017.6189999999997	0.06639453814357348
4017.763	0.0665263769259175
4017.9069999999997	0.06662710175562832
4018.051	0.06672044361352787
4018.1949999999997	0.06680798456500431
4018.3379999999997	0.06688550576902258
4018.482	0.06699414092567404
4018.6259999999997	0.06715076539909873
4018.77	0.06728313153657212
4018.9139999999998	0.06769868737852044
4019.058	0.06811846206150378
4019.201	0.06818438145267577
4019.345	0.06832518527221919
4019.489	0.06842327332628313
4019.633	0.06845333256865757
4019.777	0.06851186898801831
4019.921	0.06866954817170173
4020.065	0.06884621214004272
4020.2079999999996	0.06895959349285857
4020.352	0.06921957957164096
4020.4959999999996	0.06946479970680083
4020.64	0.06955075859288912
4020.783	0.06962827979690739
4020.928	0.06975379031769889
4021.071	0.0698682263807735
4021.2149999999997	0.06989143000646604
4021.359	0.0699209618937111
4021.5029999999997	0.07001588581699879
4021.647	0.07019465920585727
4021.7909999999997	0.0706165433093581
4021.9339999999997	0.07098252776914507
4022.078	0.07118819626960174
4022.2219999999998	0.07140072038674028
4022.366	0.07147402274972356
4022.5099999999998	0.07152464884214366
4022.654	0.0718078385466186
4022.798	0.07209577444725791
4022.941	0.07214481847428988
4023.085	0.07232359186314836
4023.229	0.07265793501517277
4023.375	0.07288944391696886
4023.517	0.07313624611751685
4023.66	0.07331923834741033
4023.8039999999996	0.07342207259763867
4023.948	0.07356762261334646
4024.0919999999996	0.07374059509578179
4024.236	0.07387823478454894
4024.3799999999997	0.07394626359623846
4024.524	0.07421416000196149
4024.667	0.0746587203760255
4024.8109999999997	0.07494771098692357
4024.955	0.07510169868470137
4025.0989999999997	0.07520611500031782
4025.243	0.07535113766089624
4025.3869999999997	0.07548824999453402
4025.5299999999997	0.07551303568561468
4025.6749999999997	0.075598994571703
4025.8199999999997	0.07574243516689327
4025.9629999999997	0.07599081943282938
4026.107	0.07622074626923733
4026.2509999999997	0.07633465497718256
4026.395	0.07644487219922216
4026.538	0.07656194503794364
4026.682	0.07668323671770014
4026.826	0.07677130502430593
4026.97	0.07700808747739576
4027.114	0.07724223315483873
4027.258	0.07730604312549323
4027.401	0.07751909459776116
4027.5449999999996	0.07784289064719807
4027.689	0.07800215189626962
4027.8329999999996	0.07801744519502152
4027.977	0.07803906675532594
4028.1209999999996	0.07826530210582827
4028.265	0.07855218329620883
4028.408	0.07870300686321038
4028.5519999999997	0.07885752191611757
4028.696	0.07895613732531089
4028.8399999999997	0.0791275277423581
4028.984	0.07941440893273866
4029.127	0.07965910171276915
4029.2709999999997	0.07985896930680267
4029.415	0.08002614088281487
4029.5589999999997	0.08011104505864441
4029.703	0.08017432767416956
4029.8469999999998	0.08029350993340854
4029.991	0.0804264034260113
4030.1349999999998	0.08058144583404786
4030.278	0.08098381779776179
4030.422	0.08136509555630064
4030.566	0.08145685534881209
4030.71	0.08150695408610281
4030.854	0.08167939921340878
4030.997	0.08185659053687913
4031.1409999999996	0.08193305703063866
4031.285	0.08205751284117141
4031.4289999999996	0.0822536889492993
4031.573	0.08240398516117148
4031.7169999999996	0.08262441960525066
4031.861	0.08281795893773167
4032.004	0.08286542089937551
4032.1479999999997	0.08291657434692498
4032.292	0.08297194663550947
4032.4359999999997	0.0831628491923436
4032.58	0.08332000102089765
4032.723	0.08353410720342433
4032.868	0.08373450215258724
4033.011	0.08373608421797536
4033.1549999999997	0.08412210817267862
4033.299	0.08459039952756456
4033.4429999999998	0.08469850732908663
4033.587	0.08475809845870613
4033.73	0.08483140082168941
4033.874	0.08487253452178073
4034.018	0.08490153905389641
4034.162	0.08505130791063922
4034.306	0.08529969217657535
4034.45	0.08542889418327246
4034.593	0.08569626323386612
4034.738	0.08599263681657546
4034.881	0.08609283429115691
4035.0249999999996	0.086205160933714
4035.169	0.08627688123130914
4035.3129999999996	0.08635598450071555
4035.457	0.0864672564330139
4035.6	0.08653159375879778
4035.7439999999997	0.08656059829091345
4035.888	0.08669560120403372
4036.0319999999997	0.08688281227496222
4036.176	0.08704154616890442
4036.319	0.0871786585025422
4036.4629999999997	0.08733159149006123
4036.607	0.08751300165456657
4036.7509999999997	0.087600542606043
4036.895	0.08771919751015261
4037.0389999999998	0.0878784587592242
4037.183	0.08793963195423182
4037.3269999999998	0.08811524121231404
4037.47	0.08853343382990925
4037.614	0.08879711139459727
4037.758	0.0888071311420554
4037.902	0.08905867953876778
4038.046	0.08931022793548016
4038.189	0.08933870511246647
4038.3379999999997	0.08949111074485613
4038.477	0.0896835953670784
4038.6209999999996	0.08975162417876792
4038.765	0.08995940209974207
4038.9089999999997	0.09021727875800695
4039.053	0.09028478021456708
4039.196	0.09032696862491717
4039.3399999999997	0.09038181355837227
4039.484	0.0905663878536539
4039.6279999999997	0.09080580708239062
4039.772	0.09098194369560222
4039.915	0.09114015023441503
4040.06	0.09125036745645464
4040.203	0.09131945097840288
4040.3469999999998	0.09142966820044249
4040.491	0.0915504325250696
4040.6349999999998	0.09158734738412591
4040.779	0.09162268017779411
4040.923	0.09169598254077738
4041.066	0.09174502656780936
4041.21	0.09181832893079263
4041.354	0.09191958111563284
4041.498	0.09205405667362372
4041.642	0.09227238169718541
4041.785	0.09252182067338027
4041.9289999999996	0.0926599877172768
4042.073	0.09281028392914897
4042.2169999999996	0.09295583394485676
4042.361	0.09297429137438493
4042.5049999999997	0.09307079736306073
4042.649	0.09321107382747476
4042.792	0.09327593850838801
4042.9359999999997	0.09334976822650067
4043.08	0.09352748690510038
4043.225	0.0937827267877184
4043.3689999999997	0.0940094894933501
4043.5119999999997	0.09416875074242166
4043.656	0.09428951506704877
4043.7999999999997	0.0943707277569727
4043.944	0.09445457722254348
4044.0879999999997	0.09470823503977335
4044.232	0.0949276147735938
4044.3759999999997	0.09502306605201086
4044.52	0.09526037586023009
4044.663	0.09544811428628795
4044.807	0.09556096828397442
4044.951	0.09567276757140215
4045.095	0.0957112644958466
4045.24	0.09572181159843413
4045.3819999999996	0.0957924771857705
4045.526	0.09589056523983444
4045.6699999999996	0.09592484332324389
4045.814	0.09593539042583141
4045.9579999999996	0.09605931888123478
4046.102	0.09629082778303086
4046.245	0.09642741276153927
4046.3889999999997	0.09645588993852557
4046.533	0.09657085335672955
4046.6769999999997	0.09671376659679047
4046.821	0.09676386533408118
4046.9649999999997	0.09686564487405076
4047.1079999999997	0.09699748365639477
4047.252	0.0970697313091193
4047.3959999999997	0.09730334963143289
4047.54	0.09760763354108286
4047.6839999999997	0.09772734315545122
4047.828	0.09780380964921073
4047.9719999999998	0.09790769860969781
4048.116	0.09795568792647102
4048.259	0.09798469245858672
4048.403	0.09813868015636454
4048.547	0.0983485674978562
4048.691	0.0984545658788608
4048.835	0.09855423599831287
4048.9779999999996	0.09873459145255946
4049.122	0.09884955487076344
4049.2659999999996	0.09889701683240729
4049.41	0.09899879637237687
4049.5539999999996	0.09910268533286394
4049.698	0.0991522567150253
4049.8419999999996	0.09921079313438604
4049.986	0.0993220650666844
4050.129	0.0994760527644622
4050.2729999999997	0.09963056781736937
4050.417	0.09979141113182906
4050.5609999999997	0.09992166784878495
4050.7039999999997	0.10005825282729336
4050.8489999999997	0.10016425120829794
4050.9919999999997	0.10021645936610615
4051.136	0.10030663709322946
4051.2799999999997	0.10037519326004835
4051.424	0.10045429652945476
4051.5679999999998	0.10062410488111384
4051.712	0.10083241015721739
4051.855	0.10106075492823721
4051.999	0.10126853284921136
4052.143	0.10134816347374714
4052.287	0.10136978503405157
4052.431	0.10140722724823728
4052.5739999999996	0.10154803106778068
4052.718	0.1017057102514641
4052.8619999999996	0.1018006341747518
4053.006	0.1019815169841278
4053.149	0.10220511555898323
4053.297	0.10230794980921154
4053.4379999999996	0.10236332209779603
4053.5809999999997	0.10241500290047488
4053.725	0.10246932047880061
4053.8689999999997	0.10252152863660885
4054.013	0.10257057266364082
4054.1569999999997	0.10265178535356473
4054.2999999999997	0.10268870021262105
4054.444	0.10279680801414315
4054.5879999999997	0.10295765132860284
4054.732	0.10304835641085551
4054.8759999999997	0.1031126937366394
4055.02	0.10314960859569572
4055.1639999999998	0.10317966783807016
4055.307	0.10326140788312345
4055.451	0.10334314792817673
4055.595	0.10338639104878558
4055.739	0.10346549431819199
4055.883	0.10358784070820722
4056.027	0.10367010810838986
4056.1699999999996	0.10375395757396066
4056.314	0.10383569761901396
4056.4579999999996	0.10388843313195156
4056.602	0.10393431302820728
4056.7459999999996	0.10397386466291049
4056.89	0.10404558496050564
4057.0339999999997	0.10411097699654825
4057.1769999999997	0.10423174132117535
4057.321	0.10435408771119062
4057.4649999999997	0.10438361959843567
4057.609	0.10442580800878576
4057.7529999999997	0.10453444316543722
4057.8959999999997	0.1046515160041587
4058.04	0.1047153259748132
4058.1839999999997	0.10474433050692888
4058.328	0.10476753413262144
4058.4719999999998	0.10487616928927289
4058.615	0.10499429683825312
4058.759	0.10508341985511768
4058.903	0.10524320845931862
4059.047	0.10536608220446324
4059.191	0.10539877822248456
4059.335	0.10542145449304774
4059.479	0.10545204109055153
4059.623	0.10545204109055153
4059.7659999999996	0.10545204109055153
4059.91	0.10545204109055153
4060.0539999999996	0.10545204109055153
4060.198	0.10545204109055153
4060.341	0.10545204109055153
4060.4849999999997	0.10545204109055153
4060.629	0.10545204109055153
4060.774	0.10545204109055153
4060.9179999999997	0.10545204109055153
4061.062	0.10545204109055153
4061.2059999999997	0.10545204109055153
4061.35	0.10545204109055153
4061.493	0.10545204109055153
4061.6369999999997	0.10545204109055153
4061.781	0.10545204109055153
4061.9249999999997	0.10545204109055153
4062.0679999999998	0.10545204109055153
4062.2129999999997	0.10546733438930345
4062.3559999999998	0.10549370214577225
4062.5009999999997	0.1056002278819062
4062.644	0.1057278478232152
4062.788	0.1059704311827282
4062.932	0.10617029877676172
4063.076	0.10624623791539187
4063.219	0.10636331075411334
4063.363	0.10642131981834471
4063.5069999999996	0.10644768757481352
4063.651	0.10651993522753803
4063.7949999999996	0.10659903849694444
4063.9379999999996	0.10665124665475267
4064.0829999999996	0.10672243959721843
4064.2259999999997	0.10675882710114537
4064.37	0.10686904432318498
4064.5139999999997	0.10704465358126719
4064.658	0.10712955775709673
4064.8019999999997	0.10723291936245445
4064.9449999999997	0.10734946484604656
4065.089	0.10739323532178477
4065.2329999999997	0.10741011068592479
4065.377	0.10741802101286543
4065.5209999999997	0.10745757264756864
4065.665	0.10749448750662496
4065.808	0.10750397989895374
4065.9519999999998	0.10756462573883196
4066.096	0.10765744024160215
4066.24	0.10781881091119122
4066.383	0.10794801291788834
4066.528	0.10799178339362656
4066.671	0.10810463739131304
4066.815	0.10818321330559008
4066.959	0.10824755063137395
4067.1029999999996	0.10833878306875601
4067.247	0.10837253379703607
4067.3909999999996	0.1083846629650117
4067.535	0.10840733923557488
4067.678	0.1084247419548443
4067.8219999999997	0.1084864425049813
4067.966	0.10859613237189152
4068.1099999999997	0.10868050919259169
4068.254	0.10873851825682304
4068.399	0.10883027804933447
4068.5409999999997	0.10890410776744712
4068.685	0.1090412201010849
4068.8289999999997	0.1091867701167927
4068.973	0.10920206341554459
4069.1169999999997	0.10920786432196772
4069.2599999999998	0.10921155580787334
4069.404	0.10921208316300272
4069.548	0.10921366522839085
4069.692	0.10922104820020212
4069.836	0.10922843117201339
4069.979	0.10935394169280488
4070.124	0.10950054641877142
4070.267	0.10956804787533156
4070.4109999999996	0.10961709190236353
4070.555	0.10965822560245486
4070.6989999999996	0.10970990640513371
4070.843	0.10972467234875624
4070.9869999999996	0.10974207506802566
4071.1299999999997	0.10979322851557513
4071.274	0.10983436221566648
4071.4179999999997	0.109844909318254
4071.562	0.10984965551441837
4071.705	0.109915047550461
4071.85	0.10998043958650364
4071.993	0.11000364321219619
4072.1369999999997	0.11002842890327685
4072.281	0.11012018869578828
4072.4249999999997	0.11021036642291158
4072.569	0.11026257458071981
4072.7129999999997	0.11032427513085682
4072.857	0.11034536933603185
4073.0	0.11038333890534693
4073.144	0.11041603492336824
4073.288	0.11049408348251588
4073.432	0.11058848005067422
4073.575	0.11063225052641243
4073.72	0.11066178241365748
4073.863	0.11067760306753877
4074.0069999999996	0.11068815017012629
4074.151	0.11082578985889344
4074.2949999999996	0.1110356772003851
4074.439	0.11115802359040035
4074.5829999999996	0.11121603265463172
4074.7259999999997	0.11128828030735624
4074.87	0.11135525440878699
4075.0139999999997	0.11136263738059826
4075.158	0.11137951274473828
4075.301	0.11139480604349018
4075.446	0.11140429843581896
4075.589	0.11144121329487529
4075.7329999999997	0.11149183938729537
4075.877	0.1115862359554537
4076.0209999999997	0.11165953831843697
4076.165	0.11166164773895447
4076.308	0.1116700854210245
4076.4519999999998	0.11168485136464702
4076.596	0.11175288017633653
4076.74	0.11183303815600168
4076.884	0.11191372349079622
4077.028	0.11198966262942636
4077.171	0.11205294524495149
4077.315	0.11215208800927419
4077.459	0.11220640558759992
4077.6029999999996	0.11220956971837617
4077.747	0.11222539037225746
4077.8909999999996	0.112252812838985
4078.035	0.11228445414674758
4078.18	0.11230660306218138
4078.323	0.11235248295843708
4078.4669999999996	0.11239783549956342
4078.611	0.11240890995728031
4078.7549999999997	0.11242103912525597
4078.8979999999997	0.11245426249840666
4079.042	0.11253547518833057
4079.1859999999997	0.11260930490644322
4079.33	0.11265043860653455
4079.4739999999997	0.11269895527843714
4079.618	0.11274219839904598
4079.7619999999997	0.11278544151965482
4079.906	0.11282077431332302
4080.049	0.11290304171350568
4080.1929999999998	0.11298425440342959
4080.337	0.11300271183295774
4080.4809999999998	0.11304542759843719
4080.625	0.1131050187280567
4080.768	0.11315828159612368
4080.912	0.11319361438979186
4081.056	0.11321840008087256
4081.2	0.11323527544501258
4081.344	0.11324265841682386
4081.489	0.11326902617329267
4081.6319999999996	0.11333019936830027
4081.7749999999996	0.11339295462869603
4081.919	0.11342723271210547
4082.0629999999996	0.11344041659033988
4082.207	0.11344885427240989
4082.3509999999997	0.11345254575831554
4082.4939999999997	0.11345781930960927
4082.6389999999997	0.11347153054297304
4082.7819999999997	0.1134815502904312
4082.926	0.11350422656099435
4083.0699999999997	0.11352795754181627
4083.214	0.11354008670979193
4083.3579999999997	0.11356856388677825
4083.5009999999997	0.11359651370863517
4083.645	0.11361655320355146
4083.7889999999998	0.11365030393183152
4083.933	0.11368352730498221
4084.0769999999998	0.11369354705244036
4084.221	0.11369354705244036
4084.364	0.11372624307046168
4084.508	0.11375999379874176
4084.652	0.11376315792951802
4084.796	0.1137679041256824
4084.939	0.11377106825645866
4085.084	0.11377423238723491
4085.2279999999996	0.11378583420008118
4085.372	0.11381800286297311
4085.515	0.1138470073950888
4085.6609999999996	0.11385333565664132
4085.803	0.11385491772202945
4085.9469999999997	0.11386599217974636
4086.0899999999997	0.1138802307682395
4086.234	0.11389183258108576
4086.3779999999997	0.11390818059009643
4086.522	0.11391925504781332
4086.6659999999997	0.11392294653371896
4086.81	0.11395036900044653
4086.9539999999997	0.11397620940178595
4087.098	0.11398042824282095
4087.241	0.11404107408269919
4087.3849999999998	0.11412597825852872
4087.529	0.11415656485603254
4087.673	0.11419611649073574
4087.817	0.11426889149858963
4087.96	0.11435485038467791
4088.105	0.11442182448610869
4088.248	0.11444397340154247
4088.392	0.11446664967210565
4088.5359999999996	0.11448827123241007
4088.68	0.11450831072732637
4088.8239999999996	0.11458003102492151
4088.968	0.11467653701359731
4089.111	0.11472716310601742
4089.2549999999997	0.11476671474072063
4089.399	0.1147962466279657
4089.5429999999997	0.11481681347801134
4089.6859999999997	0.1148532009819383
4089.8309999999997	0.11488062344866584
4089.9739999999997	0.11489433468202961
4090.1189999999997	0.11490277236409963
4090.2619999999997	0.11494601548470848
4090.406	0.11500033306303421
4090.5499999999997	0.11502300933359738
4090.694	0.11503302908105553
4090.837	0.11503882998747866
4090.9809999999998	0.11504357618364305
4091.125	0.1150557053516187
4091.269	0.11507996368756998
4091.413	0.11511213235046192
4091.556	0.11514008217231886
4091.7	0.11515115663003575
4091.844	0.11515115663003575
4091.988	0.11516328579801141
4092.1319999999996	0.1151880714890921
4092.276	0.11520916569426712
4092.4199999999996	0.11525979178668722
4092.564	0.11530461697268418
4092.707	0.11531516407527172
4092.8509999999997	0.11536104397152744
4092.995	0.11545227640890948
4093.1389999999997	0.11553823529499777
4093.283	0.11561364707849855
4093.4269999999997	0.11569327770303435
4093.5699999999997	0.11574337644032506
4093.714	0.11586203134443467
4093.8579999999997	0.11598754186522617
4094.002	0.11606031687308006
4094.1459999999997	0.11614205691813334
4094.29	0.11617528029128403
4094.433	0.1163060643633693
4094.5769999999998	0.11652966293822473
4094.723	0.11665991965518062
4094.865	0.11669841657962507
4095.009	0.11674640589639829
4095.152	0.11679597727855964
4095.297	0.11681707148373469
4095.441	0.11684660337097974
4095.584	0.11689248326723545
4095.729	0.11692623399551552
4095.873	0.11693045283655054
4096.017000000001	0.11693783580836181
4096.161	0.11695629323788997
4096.304	0.1169932080969463
4096.448	0.1170327597316495
4096.592000000001	0.11709076879588085
4096.736	0.1171466684395947
4096.88	0.11716248909347599
4097.024	0.11717936445761604
4097.168000000001	0.11720995105511985
4097.311000000001	0.11728008928732686
4097.455	0.11734126248233447
4097.599	0.11738819708884896
4097.743	0.11743354962997529
4097.887000000001	0.1174572806107972
4098.031	0.11751265289938169
4098.174	0.11756169692641366
4098.322	0.11757646287003617
4098.462	0.11758648261749433
4098.606000000001	0.11760230327137562
4098.749000000001	0.11762814367271504
4098.894	0.11764501903685506
4099.037	0.11767560563435889
4099.1810000000005	0.11774310709091901
4099.325000000001	0.1177805493051047
4099.469	0.11778898698717474
4099.613	0.11783644894881859
4099.7570000000005	0.1178886571066268
4099.900000000001	0.1179108060220606
4100.044	0.11794350204008192
4100.188	0.11798199896452637
4100.332	0.11804422686979274
4100.476000000001	0.1181243848494579
4100.62	0.11816710061493738
4100.764	0.11819557779192366
4100.907	0.11822669174455686
4101.051	0.11824251239843814
4101.195000000001	0.11825780569719005
4101.339	0.11830843178961013
4101.483	0.11835431168586585
4101.627	0.11836960498461777
4101.77	0.11837909737694655
4101.914000000001	0.11838648034875779
4102.058	0.11840704719880346
4102.202	0.11842866875910787
4102.3460000000005	0.11843657908604852
4102.490000000001	0.11843921586169541
4102.634	0.11844132528221293
4102.777	0.11844870825402418
4102.921	0.11847402130023423
4103.0650000000005	0.11852464739265434
4103.209	0.11857263670942754
4103.353	0.1186327551941764
4103.496	0.11870394813664217
4103.64	0.11874666390212164
4103.784000000001	0.11878990702273048
4103.928	0.11881732948945803
4104.072	0.11882154833049303
4104.216	0.1188310407228218
4104.360000000001	0.11884633402157371
4104.504	0.1189787001590471
4104.647	0.11912477752988426
4104.791	0.1191500905760943
4104.935	0.11916221974406996
4105.079000000001	0.119183313949245
4105.224	0.11922022880830133
4105.366	0.11924659656477014
4105.51	0.11927507374175644
4105.654	0.11939900219715982
4105.798000000001	0.1196637344721066
4105.942	0.11987942272002139
4106.086	0.11998489374589659
4106.2300000000005	0.12021903942333956
4106.3730000000005	0.1203967581019393
4106.517000000001	0.12040361371862118
4106.661	0.1204537124559119
4106.805	0.12052121391247203
4106.9490000000005	0.12054969108945833
4107.092000000001	0.12057025793950399
4107.237	0.12059398892032591
4107.38	0.12061350106011284
4107.524	0.12062404816270035
4107.668000000001	0.12062879435886473
4107.812	0.12064145088196977
4107.956	0.12065674418072167
4108.1	0.12066465450766231
4108.243	0.12067467425512046
4108.388	0.12068944019874298
4108.546	0.12070209672184802
4108.691000000001	0.12070842498340054
4108.835	0.12074955868349187
4108.978	0.12079227444897132
4109.122	0.12079596593487696
4109.2660000000005	0.12080334890668823
4109.41	0.1208107318784995
4109.554	0.12081389600927574
4109.698	0.1208165327849226
4109.842000000001	0.12081864220544011
4109.987	0.12082022427082824
4110.129	0.12082918930802763
4110.273	0.12084026376574454
4110.417	0.12084659202729706
4110.561000000001	0.12085608441962581
4110.716	0.12086346739143708
4110.8640000000005	0.12086610416708397
4111.008000000001	0.12086874094273085
4111.152	0.12087770597993024
4111.296	0.12088772572738837
4111.439	0.12089088985816462
4111.584	0.12089774547484652
4111.728	0.1209135661287278
4111.871	0.12092358587618594
4112.015	0.12092938678260909
4112.159000000001	0.12094151595058474
4112.303	0.12095417247368975
4112.447	0.12096630164166541
4112.591	0.12097632138912355
4112.734	0.12098581378145232
4112.878000000001	0.12099477881865171
4113.022	0.12100374385585111
4113.167	0.12101534566869737
4113.313	0.12102167393024987
4113.454000000001	0.12102431070589677
4113.598	0.12103169367770802
4113.742	0.12104065871490742
4113.886	0.12104645962133057
4114.030000000001	0.12105542465852998
4114.174	0.12106280763034123
4114.318	0.12107651886370502
4114.461	0.1210918121624569
4114.6050000000005	0.12110183190991503
4114.749000000001	0.12111185165737319
4114.893	0.12112028933944322
4115.037	0.12112714495612512
4115.1810000000005	0.12114560238565328
4115.325000000001	0.12117197014212208
4115.468	0.12118251724470959
4115.612	0.12122365094480092
4115.756	0.12126214786924538
4115.900000000001	0.12127585910260916
4116.044	0.12129748066291356
4116.188	0.1213164654475711
4116.331	0.12133914171813429
4116.475	0.12137236509128496
4116.619000000001	0.12139715078236563
4116.763	0.1214050611093063
4116.907	0.12141877234267007
4117.051	0.12143353828629258
4117.195000000001	0.12144461274400949
4117.338000000001	0.12146148810814952
4117.482	0.12147467198638393
4117.626	0.12147941818254832
4117.77	0.12148574644410082
4117.914000000001	0.12149154735052395
4118.057000000001	0.12151264155569899
4118.201	0.12153637253652091
4118.345	0.12154481021859093
4118.4890000000005	0.12155377525579034
4118.633000000001	0.12156695913402474
4118.777	0.12158014301225914
4118.921	0.12161442109566857
4119.064	0.121648699179078
4119.2080000000005	0.12167559429067618
4119.352	0.12170459882279186
4119.496	0.12174625987801257
4119.64	0.12178422944732765
4119.784000000001	0.12178897564349203
4119.927000000001	0.12179055770888017
4120.071	0.12180215952172643
4120.215	0.12182483579228962
4120.359	0.12183696496026526
4120.502	0.12183749231539465
4120.647	0.12184751206285278
4120.79	0.12186069594108719
4120.934	0.12186491478212219
4121.078	0.12188389956677972
4121.222000000001	0.12190341170656663
4121.366	0.1219044664168254
4121.51	0.12191395880915416
4121.653	0.12193979921049358
4121.7970000000005	0.12196089341566863
4121.941000000001	0.12197091316312676
4122.085	0.12199411678881933
4122.229	0.12203155900300502
4122.3730000000005	0.12205739940434443
4122.517000000001	0.12207005592744946
4122.66	0.12208745864671888
4122.804	0.12211804524422268
4122.948	0.1221375573840096
4123.092000000001	0.12214177622504462
4123.236	0.12215706952379651
4123.38	0.12219398438285284
4123.523	0.1222324813072973
4123.667	0.12228627153049365
4123.811000000001	0.12233689762291375
4123.955	0.12236484744477068
4124.098	0.12238488693968697
4124.243	0.12239226991149824
4124.386	0.12240545378973264
4124.530000000001	0.12241494618206142
4124.674	0.12245449781676462
4124.818	0.12249668622711471
4124.962	0.12250195977840844
4125.106000000001	0.12251250688099596
4125.249000000001	0.12253096431052414
4125.393	0.12254994909518169
4125.537	0.12256682445932171
4125.6810000000005	0.12257737156190922
4125.8240000000005	0.12259635634656676
4125.969	0.12264698243898686
4126.112	0.12270868298912385
4126.256	0.12273768752123954
4126.400000000001	0.12276352792257897
4126.544	0.1228157360803872
4126.688	0.12287427249974794
4126.832	0.12301929516032636
4126.976000000001	0.12316273575551663
4127.119000000001	0.12347018379594288
4127.263	0.12386464543271616
4127.407	0.12399068330863702
4127.551	0.12402759816769335
4127.694	0.1240639856716203
4127.839	0.12417262082827177
4127.982	0.12428072862979385
4128.126	0.12429760399393389
4128.27	0.1243060416760039
4128.417	0.12431500671320331
4128.558	0.12432397175040269
4128.702	0.12434137446967208
4128.845	0.12435930454407088
4128.9890000000005	0.12437143371204654
4129.133000000001	0.12438725436592782
4129.277	0.12440887592623223
4129.421	0.12442522393524288
4129.5650000000005	0.12444157194425354
4129.7080000000005	0.12447268589688673
4129.852	0.12449272539180302
4129.996	0.12450960075594306
4130.14	0.12452805818547122
4130.284000000001	0.1245370232226706
4130.428	0.12454651561499938
4130.571	0.12456022684836315
4130.716	0.12458712195996133
4130.860000000001	0.12461876326772389
4131.004	0.12464513102419271
4131.148	0.12468679207941342
4131.291	0.12474532849877418
4131.435	0.1247822433578305
4131.579000000001	0.12479437252580614
4131.723	0.12484130713232058
4131.867	0.1249024803273282
4132.011	0.1250111154839797
4132.155000000001	0.12510234792136174
4132.299	0.12516404847149873
4132.442	0.12523471405883513
4132.586	0.1252816486653496
4132.7300000000005	0.12534915012190972
4132.874000000001	0.1253850102707073
4133.017000000001	0.12547518799783058
4133.161	0.12561440975198587
4133.305	0.125686130049581
4133.4490000000005	0.12573622878687174
4133.593	0.12578052661773934
4133.737	0.12580794908446688
4133.881	0.12585910253201635
4134.025000000001	0.1259002362321077
4134.168000000001	0.1259223851475415
4134.312	0.1259445340629753
4134.456	0.12594928025913965
4134.6	0.1259524443899159
4134.744000000001	0.12597301123996157
4134.887000000001	0.12599990635155978
4135.031	0.12602047320160542
4135.175	0.12603734856574544
4135.319	0.12606107954656737
4135.463000000001	0.12609008407868305
4135.607	0.1261022132466587
4135.751	0.12611645183515185
4135.894	0.12614018281597378
4136.0380000000005	0.12615178462882007
4136.182000000001	0.1261596949557607
4136.326	0.12616813263783072
4136.47	0.12617287883399508
4136.613	0.12617867974041824
4136.7570000000005	0.12619555510455827
4136.901	0.1262198134405096
4137.045	0.12623827087003775
4137.189	0.1262519821034015
4137.3330000000005	0.1262567282995659
4137.477	0.12626147449573027
4137.62	0.12626622069189467
4137.764	0.12626938482267092
4137.908	0.12627360366370594
4138.052000000001	0.12627782250474096
4138.196	0.1262836234111641
4138.34	0.12628836960732845
4138.484	0.12629047902784596
4138.627	0.12629733464452786
4138.771000000001	0.1263110458778916
4138.916	0.126320010915091
4139.058	0.12633055801767856
4139.203	0.12634215983052483
4139.3460000000005	0.12634796073694796
4139.490000000001	0.12636325403569987
4139.634	0.12637538320367553
4139.778	0.12637696526906364
4139.9220000000005	0.12638065675496926
4140.066000000001	0.1263885670819099
4140.209	0.12639595005372117
4140.353	0.1263975321191093
4140.497	0.12640544244604995
4140.6410000000005	0.12641809896915496
4140.784000000001	0.12642442723070746
4140.929	0.12642864607174248
4141.073	0.12643602904355375
4141.216	0.12644393937049442
4141.360000000001	0.12645184969743506
4141.504	0.12645870531411693
4141.648	0.12646292415515192
4141.792	0.12647558067825695
4141.935	0.12648665513597385
4142.079000000001	0.12649298339752635
4142.223	0.12650300314498453
4142.367	0.1265182964437364
4142.511	0.12653675387326457
4142.654	0.1265473009758521
4142.799	0.12655099246175772
4142.942	0.12655890278869836
4143.086	0.12657261402206213
4143.2300000000005	0.1266132203670241
4143.377	0.12666279174918546
4143.518	0.12668283124410173
4143.661	0.12669706983259488
4143.805	0.12671605461725244
4143.9490000000005	0.12672976585061624
4144.093	0.12673556675703934
4144.237	0.12675296947630876
4144.381	0.1267740636814838
4144.524	0.12686371405347774
4144.668000000001	0.1269502002946954
4144.812	0.12696918507935295
4144.956	0.12701770175125554
4145.1	0.12706305429238185
4145.244000000001	0.12707729288087505
4145.388	0.12708309378729815
4145.531	0.12710366063734382
4145.675	0.12716641589773958
4145.819	0.12724182768124034
4145.963000000001	0.1272824340262023
4146.107	0.12740530777134693
4146.25	0.12761097627180357
4146.394	0.12771750200793752
4146.5380000000005	0.12780978915557833
4146.682000000001	0.12800121906754186
4146.826	0.12816839064355406
4146.97	0.12826173250145362
4147.1140000000005	0.12832132363107313
4147.2570000000005	0.1284188843300077
4147.401	0.12849851495454348
4147.545	0.1285681258316211
4147.689	0.12866832330620254
4147.8330000000005	0.1287379341832802
4147.977	0.12878908763082966
4148.121	0.12881387332191033
4148.2660000000005	0.12883549488221474
4148.409000000001	0.12886449941433042
4148.553	0.12891934434778557
4148.696	0.12896575159917067
4148.841	0.12899633819667447
4148.984	0.12902059653262576
4149.13	0.12902059653262576
4149.272	0.12902059653262576
4149.416	0.12902059653262576
4149.56	0.12902059653262576
4149.704000000001	0.12902059653262576
4149.847000000001	0.12902059653262576
4149.991	0.12902059653262576
4150.135	0.12902059653262576
4150.282	0.12902059653262576
4150.4220000000005	0.12902059653262576
4150.567	0.12902059653262576
4150.711	0.12902059653262576
4150.854	0.12902059653262576
4150.9980000000005	0.12902059653262576
4151.142000000001	0.12902059653262576
4151.286	0.12903430776598954
4151.4310000000005	0.12903430776598954
4151.573	0.12905540197116455
4151.717000000001	0.12906489436349333
4151.861	0.12907913295198647
4152.005	0.12910444599819654
4152.149	0.1291207940072072
4152.293000000001	0.12912870433414783
4152.437	0.12912870433414783
4152.58	0.12912870433414783
4152.724	0.12912870433414783
4152.868	0.12912870433414783
4153.012000000001	0.12913766937134724
4153.155000000001	0.12913766937134724
4153.3	0.12913766937134724
4153.443	0.12913766937134724
4153.587	0.12913766937134724
4153.731000000001	0.12913766937134724
4153.875	0.12913766937134724
4154.019	0.12913766937134724
4154.1630000000005	0.12913766937134724
4154.3060000000005	0.12913766937134724
4154.450000000001	0.12914557969828788
4154.5960000000005	0.12914557969828788
4154.738	0.12914557969828788
4154.8820000000005	0.12915243531496975
4155.026	0.12915823622139289
4155.169	0.12916403712781604
4155.313	0.12916403712781604
4155.457	0.12916403712781604
4155.601000000001	0.12916403712781604
4155.745	0.12915823622139289
4155.888	0.12915823622139289
4156.033	0.12915243531496975
4156.176	0.12915243531496975
4156.320000000001	0.12915243531496975
4156.464	0.12915243531496975
4156.608	0.12915243531496975
4156.756	0.12915243531496975
4156.896000000001	0.12915243531496975
4157.039000000001	0.12915243531496975
4157.183	0.12915243531496975
4157.327	0.12915243531496975
4157.4710000000005	0.12915243531496975
4157.615000000001	0.12915243531496975
4157.759	0.12915243531496975
4157.904	0.12915243531496975
4158.046	0.12915243531496975
4158.194	0.12915243531496975
4158.338000000001	0.12915243531496975
4158.477	0.12915243531496975
4158.622	0.12915243531496975
4158.7660000000005	0.12915243531496975
4158.909000000001	0.12915243531496975
4159.053	0.129147161763676
4159.197	0.12914347027777034
4159.341	0.12913766937134724
4159.485000000001	0.12913186846492408
4159.628000000001	0.1291276496238891
4159.772	0.12912448549311284
4159.916	0.1291207940072072
4160.06	0.1291144657456547
4160.204000000001	0.12910866483923156
4160.348	0.12910391864306717
4160.492	0.12909917244690278
4160.635	0.12909389889560902
4160.779	0.12908809798918588
4160.923000000001	0.129077023531469
4161.069	0.1290680584942696
4161.211	0.12906647642888147
4161.3550000000005	0.12906436700836393
4161.499000000001	0.12906014816732894
4161.642000000001	0.1290569840365527
4161.786	0.1290548746160352
4161.93	0.12905171048525893
4162.0740000000005	0.12904907370961205
4162.218	0.12903430776598954
4162.363	0.12902059653262576
4162.506	0.12902059653262576
4162.649	0.1290084673646501
4162.793000000001	0.1289931740658982
4162.937	0.1289884278697338
4163.081	0.12898473638382818
4163.224	0.12898473638382818
4163.368	0.12898473638382818
4163.512000000001	0.12898473638382818
4163.656	0.12898473638382818
4163.8	0.12898473638382818
4163.944	0.12898473638382818
4164.088000000001	0.12898473638382818
4164.231000000001	0.12898473638382818
4164.375	0.12898473638382818
4164.519	0.12898473638382818
4164.6630000000005	0.12898473638382818
4164.807000000001	0.12898473638382818
4164.951	0.12898473638382818
4165.094	0.12898473638382818
4165.2390000000005	0.12898473638382818
4165.3820000000005	0.1289884278697338
4165.526	0.1289931740658982
4165.671	0.1289931740658982
4165.8150000000005	0.12899739290693318
4165.959	0.12900477587874448
4166.102	0.12901585033646137
4166.246	0.12901585033646137
4166.39	0.12901585033646137
4166.534000000001	0.12901585033646137
4166.678	0.12901585033646137
4166.821	0.12901585033646137
4166.966	0.12901585033646137
4167.109	0.12902059653262576
4167.253000000001	0.12902059653262576
4167.397	0.12902059653262576
4167.541	0.12902059653262576
4167.685	0.12902059653262576
4167.828	0.12902059653262576
4167.974	0.12902059653262576
4168.116	0.12903272570060142
4168.26	0.12903272570060142
4168.404	0.12903272570060142
4168.548000000001	0.12903272570060142
4168.691000000001	0.12903272570060142
4168.835	0.12904643693396517
4168.979	0.12904749164422394
4169.1230000000005	0.12904907370961205
4169.267000000001	0.12905171048525893
4169.411	0.1290548746160352
4169.554	0.1290569840365527
4169.6990000000005	0.12906014816732894
4169.842000000001	0.12906436700836393
4169.986	0.12906647642888147
4170.13	0.1290680584942696
4170.274	0.12907491411095148
4170.418000000001	0.12907491411095148
4170.561000000001	0.12908282443789212
4170.705	0.12908493385840963
4170.849	0.12908493385840963
4170.993	0.12908493385840963
4171.137000000001	0.12908493385840963
4171.281	0.12908493385840963
4171.425	0.12908493385840963
4171.569	0.12908493385840963
4171.712	0.12908493385840963
4171.856000000001	0.12908493385840963
4172.0	0.12908493385840963
4172.144	0.12908493385840963
4172.287	0.12908493385840963
4172.432000000001	0.12908493385840963
4172.575000000001	0.12908493385840963
4172.719	0.12908493385840963
4172.863	0.12908493385840963
4173.0070000000005	0.12908493385840963
4173.151	0.12908493385840963
4173.294	0.12908493385840963
4173.443	0.12908493385840963
4173.582	0.12908651592379777
4173.726000000001	0.12908651592379777
4173.87	0.129089680054574
4174.014	0.12909389889560902
4174.158	0.12909917244690278
4174.301	0.12910180922254966
4174.445000000001	0.12910391864306717
4174.589	0.12910866483923156
4174.733	0.12910866483923156
4174.877	0.12910866483923156
4175.02	0.12910866483923156
4175.165	0.12910866483923156
4175.308	0.12910866483923156
4175.452	0.12910866483923156
4175.5960000000005	0.12910866483923156
4175.740000000001	0.12910866483923156
4175.884	0.12910866483923156
4176.027	0.12910866483923156
4176.171	0.12911341103539592
4176.3150000000005	0.1291165751661722
4176.459	0.12911762987643094
4176.603	0.12911762987643094
4176.747	0.12911762987643094
4176.8910000000005	0.12911762987643094
4177.035	0.12911762987643094
4177.178	0.1291181572315603
4177.322	0.12912132136233656
4177.466	0.12912395813798344
4177.610000000001	0.12912448549311284
4177.753000000001	0.1291276496238891
4177.898	0.12913186846492408
4178.041	0.12913450524057096
4178.185	0.12913872408160598
4178.329000000001	0.12914188821238223
4178.473	0.12914347027777034
4178.617	0.129147161763676
4178.76	0.12915243531496975
4178.904	0.12915665415600475
4179.048000000001	0.12915929093165163
4179.192	0.12916403712781604
4179.336	0.12916878332398044
4179.4800000000005	0.1291761662957917
4179.624000000001	0.1291824945573442
4179.767000000001	0.12918302191247358
4179.911	0.12918618604324983
4180.055	0.12919198694967296
4180.1990000000005	0.1291956784355786
4180.343	0.1291998972766136
4180.486	0.1291998972766136
4180.631	0.12920938966894235
4180.774	0.12920938966894235
4180.918000000001	0.1292020066971311
4181.062	0.12919884256635483
4181.206	0.1291956784355786
4181.35	0.12919198694967296
4181.493	0.12919198694967296
4181.637000000001	0.12919198694967296
4181.781	0.12919198694967296
4181.925	0.12918935017402608
4182.069	0.12918618604324983
4182.213000000001	0.12918302191247358
4182.357	0.1291824945573442
4182.501	0.1291761662957917
4182.644	0.1291761662957917
4182.7880000000005	0.1291761662957917
4182.932000000001	0.1291761662957917
4183.077	0.1291761662957917
4183.22	0.1291761662957917
4183.365000000001	0.1291761662957917
4183.509	0.1291761662957917
4183.652	0.1291761662957917
4183.796	0.1291761662957917
4183.9400000000005	0.12916878332398044
4184.084	0.12916403712781604
4184.227	0.12915929093165163
4184.371	0.12915665415600475
4184.515	0.129155599445746
4184.659000000001	0.12915349002522852
4184.803	0.12915032589445224
4184.947	0.129147161763676
4185.091	0.12914347027777034
4185.235000000001	0.12914188821238223
4185.378000000001	0.12913872408160598
4185.522	0.12913450524057096
4185.666	0.12913292317518285
4185.81	0.12913239582005348
4185.953	0.12913134110979474
4186.097000000001	0.12912870433414786
4186.241	0.12912606755850098
4186.385	0.12912448549311284
4186.529	0.12912395813798344
4186.673000000001	0.1291229034277247
4186.817	0.12912026665207782
4186.96	0.1291181572315603
4187.104	0.1291181572315603
4187.2480000000005	0.1291181572315603
4187.392000000001	0.1291181572315603
4187.536	0.1291181572315603
4187.68	0.1291181572315603
4187.8240000000005	0.1291181572315603
4187.968	0.1291181572315603
4188.111	0.1291181572315603
4188.255	0.1291181572315603
4188.401	0.1291165751661722
4188.543000000001	0.1291165751661722
4188.686000000001	0.1291165751661722
4188.83	0.1291165751661722
4188.974	0.1291165751661722
4189.118	0.1291165751661722
4189.262000000001	0.1291165751661722
4189.406	0.1291165751661722
4189.55	0.1291165751661722
4189.694	0.12911552045591343
4189.837	0.12911341103539592
4189.981000000001	0.1291102469046197
4190.125	0.12910919219436096
4190.268	0.12910919219436096
4190.4130000000005	0.12910761012897282
4190.557000000001	0.12910444599819654
4190.700000000001	0.12910233657767903
4190.844	0.12910180922254966
4190.988	0.12910180922254966
4191.1320000000005	0.12910180922254966
4191.276	0.12910180922254966
4191.419	0.12910180922254966
4191.563	0.12910180922254966
4191.707	0.12910180922254966
4191.851000000001	0.12910180922254966
4191.995	0.12910180922254966
4192.139	0.12910180922254966
4192.283	0.12910180922254966
4192.427000000001	0.12910180922254966
4192.570000000001	0.12910180922254966
4192.714	0.12910180922254966
4192.858	0.12910180922254966
4193.002	0.12910180922254966
4193.146000000001	0.12910180922254966
4193.289000000001	0.12910180922254966
4193.433	0.12910180922254966
4193.577	0.12910180922254966
4193.7210000000005	0.12910180922254966
4193.865000000001	0.12910180922254966
4194.009	0.12910180922254966
4194.153	0.12910180922254966
4194.296	0.12910180922254966
4194.4400000000005	0.12910180922254966
4194.584	0.12910180922254966
4194.728	0.12910180922254966
4194.872	0.12910180922254966
4195.0160000000005	0.12910180922254966
4195.159000000001	0.12910180922254966
4195.303	0.12910180922254966
4195.447	0.12910180922254966
4195.591	0.12910180922254966
4195.734	0.12910180922254966
4195.879	0.12910180922254966
4196.022	0.12910180922254966
4196.166	0.12910180922254966
4196.31	0.12910180922254966
4196.454000000001	0.12910180922254966
4196.598	0.12910180922254966
4196.742	0.12910180922254966
4196.885	0.12910180922254966
4197.029	0.12910180922254966
4197.173000000001	0.12910180922254966
4197.317	0.12910180922254966
4197.46	0.12910180922254966
4197.6050000000005	0.12910180922254966
4197.7480000000005	0.12910180922254966
4197.892000000001	0.12909917244690278
4198.036	0.12909917244690278
4198.18	0.12909917244690278
4198.3240000000005	0.12909548096099716
4198.467000000001	0.1290923168302209
4198.611	0.12908915269944465
4198.755	0.12908915269944465
4198.899	0.12908915269944465
4199.043000000001	0.12908651592379777
4199.187	0.12908493385840963
4199.331	0.12908493385840963
4199.475	0.12908493385840963
4199.618	0.12908493385840963
4199.762000000001	0.12908493385840963
4199.906	0.12908493385840963
4200.05	0.12908493385840963
4200.193	0.12908493385840963
4200.337	0.12908493385840963
4200.481000000001	0.12908651592379777
4200.63	0.12908651592379777
4200.77	0.12908651592379777
4200.914000000001	0.12908651592379777
4201.058	0.12908651592379777
4201.201	0.12908651592379777
4201.345	0.12908651592379777
4201.4890000000005	0.12908651592379777
4201.633000000001	0.12908651592379777
4201.777	0.12908915269944465
4201.921	0.12908915269944465
4202.0650000000005	0.12908915269944465
4202.2080000000005	0.12908915269944465
4202.352	0.12908915269944465
4202.496	0.12908915269944465
4202.64	0.12908651592379777
4202.784000000001	0.12908493385840963
4202.928	0.12908493385840963
4203.071	0.12908493385840963
4203.215	0.12908493385840963
4203.363	0.12908493385840963
4203.503000000001	0.12908493385840963
4203.647	0.12908598856866838
4203.79	0.12908757063405651
4203.935	0.12908915269944465
4204.078	0.1290902074097034
4204.222000000001	0.1290902074097034
4204.366	0.12909073476483277
4204.51	0.12909284418535028
4204.654	0.12909811773664404
4204.7970000000005	0.12909811773664404
4204.941000000001	0.12909811773664404
4205.085	0.12909811773664404
4205.229	0.12909811773664404
4205.3730000000005	0.12909811773664404
4205.517000000001	0.12909811773664404
4205.661	0.12909811773664404
4205.805	0.12909811773664404
4205.948	0.12909811773664404
4206.092000000001	0.12909811773664404
4206.236	0.12909811773664404
4206.38	0.12909284418535028
4206.524	0.12909073476483277
4206.667	0.12909073476483277
4206.811000000001	0.1290902074097034
4206.955	0.1290902074097034
4207.099	0.1290902074097034
4207.242	0.1290902074097034
4207.386	0.1290902074097034
4207.530000000001	0.12908915269944465
4207.674	0.12908915269944465
4207.818	0.12908915269944465
4207.962	0.12908757063405651
4208.106000000001	0.12908757063405651
4208.249000000001	0.12908757063405651
4208.393	0.12908598856866838
4208.537	0.12908493385840963
4208.6810000000005	0.12908493385840963
4208.825000000001	0.12908493385840963
4208.969	0.1290833517930215
4209.113	0.1290833517930215
4209.256	0.1290833517930215
4209.400000000001	0.1290833517930215
4209.544	0.12908493385840963
4209.688	0.12908493385840963
4209.831	0.12908493385840963
4209.976000000001	0.12908598856866838
4210.119000000001	0.12908598856866838
4210.263	0.12908598856866838
4210.407	0.12908598856866838
4210.551	0.12908757063405651
4210.695000000001	0.12908757063405651
4210.838000000001	0.12908757063405651
4210.982	0.12908757063405651
4211.126	0.12908757063405651
4211.27	0.12908757063405651
4211.414000000001	0.12908757063405651
4211.558	0.12908915269944465
4211.702	0.1290902074097034
4211.845	0.1290902074097034
4211.9890000000005	0.1290902074097034
4212.133000000001	0.1290902074097034
4212.277	0.1290902074097034
4212.421	0.1290902074097034
4212.5650000000005	0.1290902074097034
4212.709	0.1290902074097034
4212.852	0.1290902074097034
4212.996	0.12909073476483277
4213.14	0.12909284418535028
4213.284000000001	0.12909442625073841
4213.428	0.12909600831612655
4213.572	0.1290986450917734
4213.715	0.12909969980203215
4213.859	0.12909969980203215
4214.003000000001	0.12909969980203215
4214.147	0.12910075451229092
4214.29	0.12910180922254966
4214.434	0.12910180922254966
4214.578	0.12910180922254966
4214.722000000001	0.12910233657767903
4214.866	0.1291028639328084
4215.01	0.12910444599819654
4215.154	0.12910761012897282
4215.2970000000005	0.12910919219436096
4215.441000000001	0.12910919219436096
4215.585	0.12910919219436096
4215.729	0.1291102469046197
4215.872	0.12911288368026658
4216.017000000001	0.12911499310078406
4216.16	0.12911552045591343
4216.304	0.12911552045591343
4216.448	0.12911552045591343
4216.592000000001	0.1291165751661722
4216.736	0.12911762987643094
4216.879	0.12911762987643094
4217.024	0.1291181572315603
4217.167	0.12911868458668968
4217.311000000001	0.12911868458668968
4217.455	0.12911973929694842
4217.599	0.12912132136233656
4217.743	0.1291229034277247
4217.886	0.12912395813798344
4218.035	0.12912448549311284
4218.175	0.12912606755850098
4218.319	0.12912712226875972
4218.465	0.12912764962388906
4218.606000000001	0.1291292316892772
4218.75	0.12913028639953597
4218.894	0.12913134110979474
4219.0380000000005	0.12913239582005348
4219.182000000001	0.12913292317518285
4219.326	0.12913450524057096
4219.469	0.12913450524057096
4219.6140000000005	0.12913450524057096
4219.7570000000005	0.12913450524057096
4219.901	0.12913450524057096
4220.045	0.12913450524057096
4220.189	0.12913450524057096
4220.3330000000005	0.12913450524057096
4220.477	0.12913450524057096
4220.62	0.12913450524057096
4220.764	0.12913555995082973
4220.908	0.12913555995082973
4221.052000000001	0.1291360873059591
4221.195000000001	0.12913925143673535
4221.34	0.12914188821238223
4221.483	0.12914347027777034
4221.627	0.12914505234315848
4221.771000000001	0.12914557969828788
4221.915	0.12914610705341725
4222.059	0.12914768911880536
4222.202	0.12915032589445224
4222.347000000001	0.12915296267009913
4222.490000000001	0.12915454473548726
4222.634	0.12915507209061663
4222.778	0.12915665415600475
4222.9220000000005	0.12915823622139289
4223.066000000001	0.12915981828678103
4223.21	0.12916140035216916
4223.353	0.12916192770729854
4223.497	0.1291629824175573
4223.6410000000005	0.12916720125859232
4223.785	0.12916720125859232
4223.928	0.12917352952014483
4224.073	0.12917669365092105
4224.216	0.12917669365092105
4224.360000000001	0.12917669365092105
4224.504	0.12917669365092105
4224.648	0.12917669365092105
4224.792	0.12917669365092105
4224.935	0.12917933042656793
4225.08	0.1291819672022148
4225.223	0.1291824945573442
4225.367	0.12918302191247358
4225.511	0.12918407662273235
4225.655000000001	0.12918565868812046
4225.799	0.12918618604324983
4225.942	0.12918618604324983
4226.086	0.12918724075350857
4226.2300000000005	0.1291888228188967
4226.376	0.12918935017402608
4226.518	0.12918935017402608
4226.661	0.12918935017402608
4226.805	0.12918935017402608
4226.951	0.12918935017402608
4227.093	0.1291909322394142
4227.237	0.12919462372531984
4227.381	0.12919726050096672
4227.525000000001	0.12919726050096672
4227.67	0.1291977878560961
4227.813	0.1291977878560961
4227.956	0.1291977878560961
4228.1	0.1291977878560961
4228.244000000001	0.1291977878560961
4228.389	0.1291977878560961
4228.532	0.1291977878560961
4228.675	0.1291977878560961
4228.819	0.1291977878560961
4228.963000000001	0.1291977878560961
4229.107	0.1291977878560961
4229.251	0.1291977878560961
4229.394	0.1291977878560961
4229.5380000000005	0.1291977878560961
4229.682000000001	0.1291977878560961
4229.826	0.1291977878560961
4229.97	0.1291977878560961
4230.1140000000005	0.1291977878560961
4230.258000000001	0.1291977878560961
4230.401	0.1291977878560961
4230.545	0.1291977878560961
4230.689	0.1291977878560961
4230.8330000000005	0.12919884256635483
4230.977	0.12919884256635483
4231.121	0.1291998972766136
4231.265	0.1291998972766136
4231.408	0.1291998972766136
4231.552000000001	0.12920042463174297
4231.696	0.12920095198687234
4231.84	0.12920095198687234
4231.984	0.12920095198687234
4232.127	0.12920095198687234
4232.271000000001	0.12920253405226048
4232.415	0.12920411611764862
4232.559	0.12920569818303673
4232.703	0.129208862313813
4232.847000000001	0.129213081154848
4232.991	0.12921571793049488
4233.134	0.12921571793049488
4233.278	0.12921624528562425
4233.423000000001	0.12921677264075365
4233.566000000001	0.1292178273510124
4233.71	0.12921940941640053
4233.854	0.12922099148178867
4233.997	0.12922257354717678
4234.1410000000005	0.12922837445359991
4234.285	0.12923364800489368
4234.429	0.12923417536002305
4234.573	0.12923470271515242
4234.717000000001	0.12923575742541116
4234.860000000001	0.12923892155618744
4235.005	0.12924208568696371
4235.148	0.12924314039722246
4235.292	0.12924314039722246
4235.436000000001	0.1292447224626106
4235.581	0.12924683188312808
4235.725	0.12925421485493932
4235.868	0.12926107047162122
4236.012000000001	0.12926265253700936
4236.156	0.12926476195752684
4236.3	0.12926687137804435
4236.444	0.12927109021907937
4236.588000000001	0.12927530906011436
4236.732	0.1292774184806319
4236.875	0.129283219387055
4237.019	0.1292900750037369
4237.1630000000005	0.12929323913451318
4237.307000000001	0.1292948211999013
4237.451	0.12929534855503066
4237.594	0.12929587591016006
4237.738	0.12929587591016006
4237.8820000000005	0.12929587591016006
4238.026	0.12929587591016006
4238.17	0.12929587591016006
4238.314	0.1292974579755482
4238.4580000000005	0.12930062210632443
4238.601000000001	0.1293032588819713
4238.745	0.1293058956576182
4238.89	0.12930905978839446
4239.033	0.12931064185378258
4239.177000000001	0.12931116920891195
4239.321	0.12931591540507636
4239.465	0.1293232983768876
4239.608	0.12932751721792257
4239.752	0.12932857192818134
4239.896000000001	0.12932857192818134
4240.04	0.12933068134869885
4240.184	0.12933437283460447
4240.327	0.12933700961025135
4240.4710000000005	0.1293385916756395
4240.615000000001	0.12934017374102763
4240.759	0.12934175580641577
4240.903	0.12934386522693325
4241.0470000000005	0.12934808406796827
4241.191000000001	0.12935072084361515
4241.335	0.12935072084361515
4241.478	0.1293517755538739
4241.622	0.12935283026413266
4241.7660000000005	0.1293565217500383
4241.91	0.12936126794620267
4242.054	0.1293670688526258
4242.198	0.1293723424039196
4242.341	0.12937286975904896
4242.485000000001	0.12937603388982521
4242.629	0.12938183479624835
4242.773	0.12938605363728334
4242.917	0.12939079983344773
4243.06	0.12939501867448272
4243.204000000001	0.12939660073987086
4243.348	0.12939871016038834
4243.492	0.12940029222577648
4243.636	0.12940345635655276
4243.780000000001	0.12940767519758778
4243.924	0.12940872990784652
4244.067	0.1294092572629759
4244.211	0.129410839328364
4244.3550000000005	0.12941189403862277
4244.499000000001	0.12941505816939902
4244.643	0.12942085907582218
4244.786	0.12942507791685715
4244.9310000000005	0.12942718733737468
4245.075000000001	0.12942718733737468
4245.218	0.12942718733737468
4245.362	0.12942718733737468
4245.506	0.12942876940276282
4245.650000000001	0.12943351559892718
4245.793000000001	0.1294372070848328
4245.937	0.1294372070848328
4246.081	0.12943826179509157
4246.225	0.12943931650535034
4246.369000000001	0.12944089857073848
4246.513	0.1294424806361266
4246.657	0.12944353534638536
4246.801	0.12944511741177347
4246.944	0.12944722683229098
4247.088000000001	0.12944880889767912
4247.232	0.129451445673326
4247.376	0.12945619186949037
4247.519	0.12946093806565473
4247.664000000001	0.12946568426181912
4247.808	0.12946937574772477
4247.951	0.12947623136440664
4248.095	0.12948203227082977
4248.2390000000005	0.1294867784669942
4248.386	0.12949468879393483
4248.526	0.1294994349900992
4248.67	0.12950101705548733
4248.814	0.12950154441061673
4248.9580000000005	0.12950154441061673
4249.102	0.12950259912087547
4249.246	0.1295062906067811
4249.39	0.12950945473755734
4249.533	0.12951578299910985
4249.677000000001	0.12952211126066238
4249.821	0.12952263861579175
4249.965	0.12952422068117986
4250.109	0.129525802746568
4250.252	0.12952685745682674
4250.397	0.12952949423247362
4250.542	0.12953160365299113
4250.684	0.12953740455941426
4250.828	0.12954320546583742
4250.972000000001	0.1295437328209668
4251.116	0.12954478753122556
4251.259	0.12954742430687244
4251.403	0.12955375256842494
4251.5470000000005	0.1295590261197187
4251.691000000001	0.12956060818510684
4251.835	0.12956166289536558
4251.979	0.12956482702614183
4252.1230000000005	0.12956904586717682
4252.267000000001	0.12957326470821184
4252.41	0.1295769561941175
4252.554	0.12958064768002311
4252.698	0.12958381181079937
4252.842000000001	0.1295848665210581
4252.986	0.12958644858644625
4253.13	0.12958697594157562
4253.274	0.12959277684799875
4253.418000000001	0.12959857775442188
4253.562	0.12959857775442188
4253.706	0.12960015981981002
4253.85	0.12960174188519816
4253.993	0.12960437866084504
4254.137000000001	0.12960701543649192
4254.281	0.1296075427916213
4254.425	0.12960912485700943
4254.569	0.12961017956726817
4254.713000000001	0.12961070692239754
4254.857	0.1296138710531738
4255.001	0.1296201993147263
4255.144	0.12962389080063194
4255.2880000000005	0.1296249455108907
4255.432000000001	0.12963074641731384
4255.576	0.12963654732373697
4255.719	0.12964129351990133
4255.8640000000005	0.12964762178145386
4256.0070000000005	0.12965078591223012
4256.151	0.12965289533274765
4256.295	0.12965553210839453
4256.439	0.1296608056596883
4256.5830000000005	0.12966502450072329
4256.726000000001	0.1296671339212408
4256.87	0.12967082540714642
4257.014	0.1296734621827933
4257.158	0.12967820837895766
4257.302000000001	0.12968506399563956
4257.446	0.12969033754693332
4257.59	0.1296929743225802
4257.734	0.1296935016777096
4257.877	0.12969666580848585
4258.021000000001	0.12970299407003835
4258.165	0.1297061582008146
4258.309	0.12970721291107334
4258.452	0.12971195910723776
4258.597000000001	0.12971670530340212
4258.740000000001	0.1297177600136609
4258.884	0.12972039678930777
4259.028	0.1297261976957309
4259.1720000000005	0.12973305331241278
4259.316000000001	0.1297393815739653
4259.459	0.12974254570474156
4259.603	0.12974412777012967
4259.747	0.1297457098355178
4259.8910000000005	0.12974623719064718
4260.035	0.12974781925603532
4260.179	0.12974940132142346
4260.323	0.12975045603168223
4260.467000000001	0.12975151074194097
4260.610000000001	0.12975151074194097
4260.754	0.12975151074194097
4260.898	0.1297530928073291
4261.042	0.12975572958297596
4261.185	0.1297567842932347
4261.33	0.12975994842401095
4261.473	0.12976311255478723
4261.617	0.12976522197530474
4261.761	0.12976733139582225
4261.905000000001	0.129768386106081
4262.049	0.12976996817146913
4262.192	0.12977313230224538
4262.336	0.12977629643302163
4262.481000000001	0.12977946056379788
4262.624000000001	0.12978367940483287
4262.768	0.12978631618047975
4262.912	0.12978895295612664
4263.055	0.12979211708690291
4263.1990000000005	0.1297942265074204
4263.343	0.12979580857280854
4263.490000000001	0.12979844534845542
4263.631	0.12980002741384356
4263.775000000001	0.12980160947923167
4263.918000000001	0.12981057451643105
4264.062	0.1298211216190186
4264.206	0.12982428574979485
4264.35	0.12982428574979485
4264.494000000001	0.12982586781518296
4264.638	0.1298279772357005
4264.782	0.12983272343186486
4264.926	0.12984327053445238
4265.069	0.12985118086139302
4265.213000000001	0.1298543449921693
4265.357	0.1298559270575574
4265.501	0.12985909118833366
4265.645	0.12986383738449803
4265.7880000000005	0.12986805622553305
4265.932000000001	0.12987385713195618
4266.076	0.12987860332812057
4266.22	0.12988440423454373
4266.3640000000005	0.12989231456148437
4266.508000000001	0.12989758811277813
4266.651	0.1299023343089425
4266.795	0.1299065531499775
4266.939	0.12990760786023625
4267.0830000000005	0.1299091899256244
4267.227	0.1299134087666594
4267.371	0.12991657289743566
4267.515	0.12991815496282377
4267.658	0.1299223738038588
4267.802000000001	0.12992712000002316
4267.946	0.12993239355131692
4268.09	0.12993977652312821
4268.233	0.12994557742955132
4268.378000000001	0.12994768685006883
4268.521000000001	0.12995190569110382
4268.665	0.12995770659752698
4268.809	0.12996403485907948
4268.953	0.12997352725140826
4269.097000000001	0.12997827344757265
4269.241	0.12998301964373704
4269.384	0.1299993676527477
4269.528	0.13001571566175835
4269.6720000000005	0.1300209892130521
4269.816000000001	0.13003311838102777
4269.96	0.13005737671697903
4270.104	0.1300847991837066
4270.247	0.1300847991837066
4270.3910000000005	0.1300847991837066
4270.536	0.1300847991837066
4270.68	0.1300847991837066
4270.8240000000005	0.1300847991837066
4270.967000000001	0.1300847991837066
4271.112	0.1300847991837066
4271.255	0.1300847991837066
4271.399	0.1300847991837066
4271.543000000001	0.1300847991837066
4271.687	0.1300847991837066
4271.831	0.1300847991837066
4271.975	0.1300847991837066
4272.118	0.1300847991837066
4272.262000000001	0.13009956512732915
4272.406	0.13009956512732915
4272.55	0.13009956512732915
4272.694	0.13009956512732915
4272.838000000001	0.13009956512732915
4272.981000000001	0.13009956512732915
4273.125	0.13009956512732915
4273.269	0.13009956512732915
4273.4130000000005	0.13009956512732915
4273.557000000001	0.13009956512732915
4273.700000000001	0.13009956512732915
4273.845	0.13009956512732915
4273.988	0.13009956512732915
4274.1320000000005	0.13009956512732915
4274.276	0.13009956512732915
4274.42	0.13009956512732915
4274.564	0.13009956512732915
4274.7080000000005	0.13009956512732915
4274.851000000001	0.13009956512732915
4274.995	0.13009956512732915
4275.139	0.13009956512732915
4275.283	0.13009956512732915
4275.426	0.13009956512732915
4275.571	0.13009956512732915
4275.714	0.13009956512732915
4275.858	0.13009956512732915
4276.002	0.13009956512732915
4276.146000000001	0.13009956512732915
4276.29	0.13009956512732915
4276.434	0.1301027292581054
4276.577	0.13010431132349354
4276.7210000000005	0.13010431132349354
4276.865000000001	0.13011222165043418
4277.008000000001	0.13012329610815107
4277.153	0.13012804230431546
4277.296	0.13012804230431546
4277.4400000000005	0.13012804230431546
4277.584	0.13012804230431546
4277.728	0.13012804230431546
4277.872	0.13012804230431546
4278.0160000000005	0.13012804230431546
4278.159000000001	0.13012804230431546
4278.303	0.13012804230431546
4278.4490000000005	0.13012804230431546
4278.591	0.13012804230431546
4278.734	0.13013384321073856
4278.879	0.13014913650949048
4279.023	0.13016021096720737
4279.166	0.13016284774285425
4279.31	0.13017234013518303
4279.454000000001	0.1301907975647112
4279.598	0.1301907975647112
4279.741	0.1301907975647112
4279.886	0.1301907975647112
4280.029	0.1301907975647112
4280.173000000001	0.1301907975647112
4280.317	0.1301907975647112
4280.461	0.1301907975647112
4280.6050000000005	0.1301907975647112
4280.749000000001	0.1301907975647112
4280.892000000001	0.1301907975647112
4281.036	0.1301950164057462
4281.18	0.1301950164057462
4281.3240000000005	0.1301950164057462
4281.467000000001	0.1301950164057462
4281.612	0.1301950164057462
4281.756	0.1301950164057462
4281.899	0.1301950164057462
4282.043000000001	0.1301950164057462
4282.187	0.1301950164057462
4282.331	0.1301950164057462
4282.474	0.1301950164057462
4282.618	0.1301950164057462
4282.762000000001	0.1301950164057462
4282.906	0.1301950164057462
4283.05	0.1301950164057462
4283.194	0.1301950164057462
4283.338000000001	0.1301950164057462
4283.482	0.1301950164057462
4283.625	0.1301950164057462
4283.769	0.1301950164057462
4283.9130000000005	0.1301950164057462
4284.057000000001	0.1301950164057462
4284.200000000001	0.1301950164057462
4284.344	0.1301950164057462
4284.488	0.1301950164057462
4284.6320000000005	0.1301950164057462
4284.776	0.1301950164057462
4284.92	0.1301950164057462
4285.064	0.1301950164057462
4285.207	0.1301950164057462
4285.351000000001	0.1301950164057462
4285.495	0.1301950164057462
4285.639	0.1301950164057462
4285.783	0.1301950164057462
4285.927000000001	0.1302039814429456
4286.070000000001	0.1302108370596275
4286.215	0.13021294648014498
4286.358	0.13021294648014498
4286.502	0.13021452854553311
4286.646000000001	0.1302234935827325
4286.79	0.13023404068532002
4286.933	0.1302372048160963
4287.077	0.1302372048160963
4287.2210000000005	0.1302372048160963
4287.365000000001	0.1302372048160963
4287.509	0.1302419510122607
4287.653	0.1302419510122607
4287.7970000000005	0.1302419510122607
4287.9400000000005	0.1302419510122607
4288.085	0.1302524981148482
4288.229	0.1302524981148482
4288.3730000000005	0.13026093579691822
4288.5160000000005	0.13026251786230636
4288.66	0.13026620934821198
4288.805	0.13027095554437634
4288.948	0.13027781116105824
4289.092000000001	0.13028466677774014
4289.236	0.13028624884312826
4289.38	0.13029152239442204
4289.524	0.1302967959457158
4289.667	0.1302967959457158
4289.811000000001	0.1302967959457158
4289.955	0.13030154214188017
4290.099	0.1303115618893383
4290.242	0.13031736279576145
4290.387000000001	0.1303273825432196
4290.531	0.1303384570009365
4290.674	0.1303421484868421
4290.818	0.13034425790735962
4290.962	0.13034794939326527
4291.106000000001	0.13035427765481777
4291.249000000001	0.13035744178559402
4291.393	0.13035955120611153
4291.537	0.13036218798175842
4291.6810000000005	0.13036377004714653
4291.825000000001	0.13036377004714653
4291.969	0.13036377004714653
4292.113	0.13036377004714653
4292.256	0.13036377004714653
4292.400000000001	0.13036377004714653
4292.544	0.13036377004714653
4292.688	0.13036377004714653
4292.832	0.13036377004714653
4292.975	0.13036377004714653
4293.12	0.13036377004714653
4293.263	0.13036377004714653
4293.41	0.13036377004714653
4293.551	0.13036377004714653
4293.695000000001	0.13036377004714653
4293.839	0.13036377004714653
4293.982	0.13036377004714653
4294.126	0.13036377004714653
4294.27	0.13036377004714653
4294.414000000001	0.13036377004714653
4294.558	0.13036377004714653
4294.702	0.13036377004714653
4294.8460000000005	0.13036377004714653
4294.9890000000005	0.13036377004714653
4295.133000000001	0.13036377004714653
4295.277	0.13036377004714653
4295.421	0.13036377004714653
4295.5650000000005	0.13036377004714653
4295.7080000000005	0.13036377004714653
4295.853	0.13036218798175842
4295.996	0.13035955120611153
4296.14	0.13035955120611153
4296.284000000001	0.13035744178559402
4296.428	0.13035427765481777
4296.572	0.13034794939326527
4296.715	0.1303421484868421
4296.859	0.1303384570009365
4297.003000000001	0.1303273825432196
4297.147	0.13031736279576145
4297.291	0.1303115618893383
4297.435	0.1303057609829152
4297.579000000001	0.1303010147867508
4297.723	0.1302967959457158
4297.866	0.1302967959457158
4298.01	0.1302967959457158
4298.154	0.13029152239442204
4298.298000000001	0.13028624884312826
4298.441000000001	0.13028466677774014
4298.585	0.13027781116105824
4298.729	0.13027781116105824
4298.8730000000005	0.13027095554437634
4299.017000000001	0.13026620934821198
4299.1630000000005	0.13026251786230636
4299.305	0.13026093579691822
4299.450000000001	0.1302524981148482
4299.592000000001	0.1302419510122607
4299.736	0.1302372048160963
4299.88	0.13023562275070816
4300.023	0.1302350953955788
4300.168000000001	0.13023351333019068
4300.313	0.13022771242376752
4300.457	0.13021874738656813
4300.6	0.13021452854553311
4300.745	0.13021294648014498
4300.887000000001	0.13020609086346308
4301.031	0.13020609086346308
4301.174	0.13020081731216931
4301.318	0.13020081731216931
4301.462	0.1301950164057462
4301.606000000001	0.13018921549932308
4301.75	0.1301881607890643
4301.894	0.1301865787236762
4302.0380000000005	0.1301844693031587
4302.182000000001	0.1301844693031587
4302.325000000001	0.1301844693031587
4302.469	0.1301844693031587
4302.613	0.1301844693031587
4302.756	0.13018288723777055
4302.901	0.1301818325275118
4303.044	0.1301818325275118
4303.188	0.1301818325275118
4303.332	0.1301818325275118
4303.476000000001	0.1301818325275118
4303.62	0.1301818325275118
4303.764	0.1301818325275118
4303.907	0.1301755042659593
4304.051	0.13017023071466555
4304.195000000001	0.13016917600440678
4304.339	0.13016759393901864
4304.483	0.13016706658388927
4304.627	0.13016548451850113
4304.771000000001	0.13016284774285425
4304.914000000001	0.1301617930325955
4305.058	0.13016021096720737
4305.202	0.13015810154668989
4305.3460000000005	0.13015651948130175
4305.490000000001	0.13015546477104298
4305.635	0.13015388270565487
4305.778	0.13014913650949048
4305.9220000000005	0.13014491766845548
4306.066000000001	0.13014333560306734
4306.21	0.1301412261825498
4306.354	0.1301396441171617
4306.4980000000005	0.13013858940690293
4306.6410000000005	0.13013700734151484
4306.785	0.13013647998638547
4306.929	0.13013647998638547
4307.073	0.1301354252761267
4307.216	0.1301312064350917
4307.361	0.13012751494918606
4307.504	0.1301269875940567
4307.649	0.13012593288379792
4307.792	0.13012329610815107
4307.936000000001	0.13012013197737482
4308.08	0.13011749520172794
4308.224	0.13011644049146917
4308.367	0.13011274900556352
4308.515	0.13010800280939916
4308.655000000001	0.13010642074401102
4308.799	0.13010589338888165
4308.943	0.13010483867862288
4309.087	0.13010325661323477
4309.231000000001	0.13010325661323477
4309.374000000001	0.13010325661323477
4309.518	0.13010325661323477
4309.662	0.13010325661323477
4309.8060000000005	0.13010325661323477
4309.9490000000005	0.13010325661323477
4310.094	0.1301027292581054
4310.237	0.1301027292581054
4310.381	0.13010114719271726
4310.525000000001	0.13009956512732915
4310.669	0.13009956512732915
4310.813	0.13009956512732915
4310.957	0.13009851041707038
4311.1	0.13009481893116476
4311.244000000001	0.13009218215551788
4311.388	0.13009218215551788
4311.532	0.13009218215551788
4311.676	0.13009218215551788
4311.820000000001	0.13009218215551788
4311.964	0.13009218215551788
4312.107	0.13009218215551788
4312.251	0.13009218215551788
4312.395	0.13009218215551788
4312.539000000001	0.13009218215551788
4312.682000000001	0.13009218215551788
4312.827	0.13009218215551788
4312.9710000000005	0.13009218215551788
4313.1140000000005	0.13009218215551788
4313.258000000001	0.1300916548003885
4313.402	0.1300916548003885
4313.546	0.1300900727350004
4313.6900000000005	0.13008849066961226
4313.8330000000005	0.13008849066961226
4313.977	0.13008690860422412
4314.121	0.13008427182857724
4314.265	0.1300826897631891
4314.409000000001	0.1300826897631891
4314.553	0.1300821624080597
4314.697	0.13008058034267156
4314.84	0.13007952563241282
4314.984	0.13007899827728348
4315.128000000001	0.1300784709221541
4315.272	0.13007741621189534
4315.415	0.1300763615016366
4315.56	0.13007425208111908
4315.703	0.13007108795034283
4315.847000000001	0.13007003324008407
4315.991	0.1300695058849547
4316.135	0.1300689785298253
4316.279	0.1300689785298253
4316.423000000001	0.13006792381956656
4316.566000000001	0.13006528704391968
4316.71	0.13006528704391968
4316.854	0.13006370497853156
4316.9980000000005	0.13006370497853156
4317.142000000001	0.1300626502682728
4317.286	0.13006106820288468
4317.43	0.13005948613749657
4317.573	0.13005790407210843
4317.717000000001	0.13005790407210843
4317.861	0.1300563220067203
4318.005	0.1300536852310734
4318.149	0.1300536852310734
4318.293000000001	0.13005315787594407
4318.436000000001	0.13005157581055593
4318.58	0.13004841167977965
4318.724	0.13004577490413277
4318.868	0.13004577490413277
4319.012000000001	0.1300452475490034
4319.156	0.13004472019387403
4319.299	0.13004472019387403
4319.443	0.13004472019387403
4319.587	0.1300436654836153
4319.731000000001	0.13004208341822715
4319.875	0.130040501352839
4320.019	0.130040501352839
4320.1630000000005	0.1300389192874509
4320.3060000000005	0.13003839193232153
4320.450000000001	0.1300373372220628
4320.594	0.13003839193232153
4320.738	0.13003839193232153
4320.881	0.13003839193232153
4321.026	0.13003839193232153
4321.17	0.13003839193232153
4321.313	0.13003839193232153
4321.457	0.1300389192874509
4321.601000000001	0.130040501352839
4321.745	0.13004208341822715
4321.889	0.13004208341822715
4322.032	0.13004208341822715
4322.176	0.13004208341822715
4322.320000000001	0.13004208341822715
4322.464	0.13004208341822715
4322.608	0.130040501352839
4322.752	0.1300389192874509
4322.895	0.1300389192874509
4323.04	0.130040501352839
4323.184	0.13004208341822715
4323.328	0.13004208341822715
4323.474	0.13004208341822715
4323.615000000001	0.13004208341822715
4323.76	0.13004208341822715
4323.903	0.13004208341822715
4324.0470000000005	0.13004208341822715
4324.191000000001	0.13004208341822715
4324.335	0.13004208341822715
4324.479	0.13004208341822715
4324.6230000000005	0.13004208341822715
4324.7660000000005	0.13004208341822715
4324.91	0.13004208341822715
4325.054	0.13004208341822715
4325.198	0.13004208341822715
4325.342000000001	0.13004208341822715
4325.486	0.13004208341822715
4325.63	0.13004208341822715
4325.773	0.130040501352839
4325.917	0.130040501352839
4326.061000000001	0.1300389192874509
4326.205	0.130040501352839
4326.348	0.13004208341822715
4326.493	0.13004208341822715
4326.637000000001	0.13004208341822715
4326.780000000001	0.13003997399770967
4326.924	0.1300373372220628
4327.068	0.13003575515667465
4327.212	0.13003522780154525
4327.356000000001	0.13003522780154525
4327.499000000001	0.13003522780154525
4327.643	0.13003522780154525
4327.787	0.13003311838102777
4327.9310000000005	0.13003311838102777
4328.075000000001	0.13003311838102777
4328.219	0.13003311838102777
4328.363	0.13003311838102777
4328.506	0.13003311838102777
4328.650000000001	0.13002889953999275
4328.794	0.13002679011947524
4328.938	0.13002573540921647
4329.082	0.13002468069895773
4329.226000000001	0.13002468069895773
4329.37	0.13002415334382836
4329.513	0.130023625988699
4329.657	0.13002257127844025
4329.801	0.13002257127844025
4329.945000000001	0.130023625988699
4330.089	0.130023625988699
4330.232	0.13002257127844025
4330.376	0.1300209892130521
4330.52	0.1300209892130521
4330.664000000001	0.13002046185792274
4330.808	0.13002046185792274
4330.952	0.13001940714766397
4331.0960000000005	0.13001940714766397
4331.2390000000005	0.13001940714766397
4331.386	0.13001782508227586
4331.527	0.13001782508227586
4331.671	0.13001782508227586
4331.8150000000005	0.13001782508227586
4331.959	0.13001940714766397
4332.103	0.13002046185792274
4332.246	0.13002046185792274
4332.39	0.1300209892130521
4332.534000000001	0.13002204392331085
4332.678	0.130023625988699
4332.822	0.13002415334382836
4332.965	0.13002468069895773
4333.109	0.13002468069895773
4333.253000000001	0.13002468069895773
4333.397	0.13002468069895773
4333.54	0.13002573540921647
4333.685	0.13002679011947524
4333.829000000001	0.13002889953999275
4333.972000000001	0.13003100896051026
4334.116	0.13003206367076903
4334.26	0.1300341730912865
4334.404	0.1300341730912865
4334.5470000000005	0.13003522780154525
4334.692	0.13003522780154525
4334.835	0.13003522780154525
4334.979	0.1300368098669334
4335.1230000000005	0.1300368098669334
4335.267000000001	0.1300368098669334
4335.411	0.1300368098669334
4335.555	0.1300368098669334
4335.698	0.1300368098669334
4335.842000000001	0.1300368098669334
4335.986	0.1300368098669334
4336.13	0.1300368098669334
4336.273	0.1300368098669334
4336.418000000001	0.1300368098669334
4336.562	0.1300368098669334
4336.705	0.1300368098669334
4336.849	0.1300368098669334
4336.993	0.1300368098669334
4337.137000000001	0.1300368098669334
4337.281	0.13003522780154525
4337.424	0.13003522780154525
4337.568	0.13003522780154525
4337.712	0.13003522780154525
4337.856000000001	0.1300341730912865
4338.0	0.1300341730912865
4338.144	0.1300341730912865
4338.2880000000005	0.13003206367076903
4338.434	0.13003206367076903
4338.575000000001	0.13003206367076903
4338.719	0.13003206367076903
4338.863	0.13003100896051026
4339.008000000001	0.13002889953999275
4339.151	0.13002889953999275
4339.294	0.13002679011947524
4339.438	0.13002573540921647
4339.5830000000005	0.13002573540921647
4339.726000000001	0.13002573540921647
4339.87	0.13002573540921647
4340.014	0.13002573540921647
4340.159000000001	0.13002468069895773
4340.302000000001	0.13002468069895773
4340.446	0.13002468069895773
4340.591	0.13002468069895773
4340.734	0.13002468069895773
4340.878000000001	0.13002468069895773
4341.021000000001	0.13002468069895773
4341.165	0.13002468069895773
4341.311000000001	0.13002468069895773
4341.453	0.13002468069895773
4341.598	0.13002468069895773
4341.740000000001	0.13002468069895773
4341.885	0.13002468069895773
4342.028	0.13002468069895773
4342.1720000000005	0.13002468069895773
4342.316000000001	0.13002468069895773
4342.46	0.13002468069895773
4342.604	0.13002468069895773
4342.7480000000005	0.13002468069895773
4342.8910000000005	0.13002573540921647
4343.035	0.13002679011947524
4343.179	0.13002679011947524
4343.323	0.13002679011947524
4343.467000000001	0.13002679011947524
4343.611	0.13002679011947524
4343.754	0.13002889953999275
4343.898	0.13003100896051026
4344.042	0.13003100896051026
4344.186000000001	0.13003100896051026
4344.33	0.13003206367076903
4344.473	0.1300341730912865
4344.618	0.1300341730912865
4344.761	0.1300341730912865
4344.905000000001	0.13003206367076903
4345.049	0.13003100896051026
4345.193	0.13003100896051026
4345.337	0.13002889953999275
4345.4800000000005	0.13002679011947524
4345.624000000001	0.13002573540921647
4345.768	0.13002468069895773
4345.912	0.13002573540921647
4346.0560000000005	0.13002679011947524
4346.200000000001	0.13002889953999275
4346.343	0.13002889953999275
4346.487	0.13003100896051026
4346.631	0.13003100896051026
4346.775000000001	0.13003206367076903
4346.919	0.13003206367076903
4347.063	0.13003206367076903
4347.206	0.13003206367076903
4347.35	0.13003206367076903
4347.494000000001	0.1300341730912865
4347.638	0.13003522780154525
4347.782	0.13003522780154525
4347.926	0.1300368098669334
4348.069	0.1300368098669334
4348.213000000001	0.1300368098669334
4348.357	0.1300389192874509
4348.501	0.1300389192874509
4348.645	0.1300389192874509
4348.789000000001	0.1300389192874509
4348.932000000001	0.1300389192874509
4349.076	0.1300389192874509
4349.22	0.1300389192874509
4349.3640000000005	0.1300389192874509
4349.508000000001	0.1300389192874509
4349.652	0.1300389192874509
4349.795	0.1300389192874509
4349.939	0.1300389192874509
4350.0830000000005	0.1300389192874509
4350.227	0.1300410287079684
4350.371	0.1300410287079684
4350.514	0.1300436654836153
4350.658	0.13004472019387403
4350.802000000001	0.13004472019387403
4350.946	0.13004472019387403
4351.09	0.13004630225926217
4351.234	0.13004630225926217
4351.378000000001	0.13004630225926217
4351.522	0.13004630225926217
4351.665	0.1300478843246503
4351.809	0.13005104845542656
4351.953	0.13005104845542656
4352.097000000001	0.13005104845542656
4352.241	0.1300542125862028
4352.385	0.1300542125862028
4352.528	0.1300542125862028
4352.6720000000005	0.1300542125862028
4352.816000000001	0.1300542125862028
4352.96	0.1300542125862028
4353.104	0.1300542125862028
4353.247	0.1300542125862028
4353.392000000001	0.1300542125862028
4353.539000000001	0.1300542125862028
4353.679	0.1300542125862028
4353.823	0.1300542125862028
4353.967000000001	0.1300542125862028
4354.110000000001	0.1300542125862028
4354.255	0.1300542125862028
4354.398	0.1300542125862028
4354.542	0.1300542125862028
4354.686000000001	0.13005473994133218
4354.829000000001	0.13005526729646155
4354.974	0.13005526729646155
4355.117	0.1300563220067203
4355.261	0.13005737671697906
4355.405000000001	0.13005737671697906
4355.549	0.13005790407210843
4355.693	0.13005948613749657
4355.837	0.13006212291314345
4355.9800000000005	0.13006370497853156
4356.124000000001	0.13006370497853156
4356.268	0.13006475968879033
4356.412	0.13006581439904907
4356.5560000000005	0.13006739646443718
4356.700000000001	0.1300695058849547
4356.843	0.13007003324008407
4356.987	0.13007108795034283
4357.131	0.13007425208111908
4357.275000000001	0.1300763615016366
4357.419	0.13007741621189534
4357.563	0.13008005298754222
4357.706	0.13008163505293033
4357.85	0.13008479918370658
4357.995	0.13008849066961226
4358.139	0.1300916548003885
4358.283	0.1300942915760354
4358.427000000001	0.1300942915760354
4358.570000000001	0.1300958736414235
4358.714	0.13009745570681164
4358.858	0.13010009248245852
4359.002	0.13010325661323477
4359.146000000001	0.13010536603375228
4359.289000000001	0.13010800280939916
4359.434	0.1301090575196579
4359.577	0.1301090575196579
4359.7210000000005	0.1301090575196579
4359.865000000001	0.1301095848747873
4360.009	0.1301095848747873
4360.153	0.1301095848747873
4360.2970000000005	0.1301095848747873
4360.4400000000005	0.13011116694017544
4360.584	0.13011116694017544
4360.712	0.13011433107095166
4360.8550000000005	0.13011749520172794
4361.0	0.13011907726711605
4361.144	0.13011960462224542
4361.287	0.13011960462224542
4361.4310000000005	0.13012329610815104
4361.575000000001	0.1301269875940567
4361.719	0.13012751494918606
4361.863	0.13012751494918606
4362.006	0.13012751494918606
4362.150000000001	0.13012751494918606
4362.294	0.13012751494918606
4362.438	0.13012751494918606
4362.582	0.13012751494918606
4362.726000000001	0.13012751494918606
4362.87	0.13012751494918606
4363.013	0.13012751494918606
4363.157	0.13012751494918606
4363.301	0.13012751494918606
4363.445000000001	0.13012751494918606
4363.588000000001	0.13013437056586796
4363.732	0.13013437056586796
4363.876	0.1301422808928086
4364.02	0.13014491766845548
4364.164000000001	0.13014491766845548
4364.308	0.13014755444410236
4364.452	0.1301491365094905
4364.5960000000005	0.13015071857487862
4364.7390000000005	0.13015810154668989
4364.883000000001	0.13016548451850113
4365.027	0.1301797231069943
4365.171	0.13019343434035807
4365.3150000000005	0.13019659847113435
4365.459	0.13019870789165183
4365.602	0.13019976260191057
4365.746	0.1302013446672987
4365.89	0.1302013446672987
4366.034000000001	0.1302034540878162
4366.178	0.13020503615320433
4366.321	0.13020925499423935
4366.465	0.13020925499423935
4366.609	0.13021400119040372
4366.753000000001	0.13021611061092125
4366.897	0.13021980209682688
4367.042	0.13022507564812064
4367.185	0.13022876713402626
4367.329000000001	0.1302303491994144
4367.472000000001	0.13023615010583756
4367.616	0.13024247836739006
4367.76	0.1302440604327782
4367.904	0.13024458778790757
4368.0470000000005	0.13024775191868382
4368.192	0.1302503886943307
4368.335	0.1302551348904951
4368.4800000000005	0.13026146315204762
4368.6230000000005	0.13026409992769447
4368.767000000001	0.1302651546379532
4368.911	0.13026726405847072
4369.054	0.1302693734789882
4369.198	0.1302693734789882
4369.342000000001	0.13027095554437634
4369.486	0.13027359232002322
4369.63	0.1302762290956701
4369.774	0.13027833851618761
4369.917	0.13027833851618761
4370.061000000001	0.13027833851618761
4370.205	0.13027833851618761
4370.349	0.13027833851618761
4370.493	0.13027833851618761
4370.637000000001	0.13027833851618761
4370.780000000001	0.13027833851618761
4370.924	0.13027833851618761
4371.068	0.13027833851618761
4371.212	0.13027833851618761
4371.356000000001	0.13027992058157573
4371.5	0.13027992058157573
4371.644	0.13027992058157573
4371.787	0.13028572148799888
4371.9310000000005	0.130287303553387
4372.075000000001	0.130287303553387
4372.219	0.1302920497495514
4372.363	0.13029468652519827
4372.5070000000005	0.13029468652519827
4372.650000000001	0.13029468652519827
4372.794	0.13029574123545704
4372.938	0.1302989053662333
4373.082	0.13030365156239765
4373.226000000001	0.1303052336277858
4373.37	0.1303073430483033
4373.513	0.1303094524688208
4373.657	0.13031050717907955
4373.801	0.13031050717907955
4373.945000000001	0.13031314395472643
4374.089	0.13031472602011457
4374.233	0.13031472602011457
4374.377	0.13031472602011457
4374.52	0.13031472602011457
4374.664000000001	0.13031472602011457
4374.808	0.13031472602011457
4374.952	0.13031472602011457
4375.095	0.13031472602011457
4375.240000000001	0.13031472602011457
4375.384	0.13031472602011457
4375.528	0.13031472602011457
4375.6720000000005	0.13031472602011457
4375.816000000001	0.13031472602011457
4375.96	0.13031472602011457
4376.104	0.13031472602011457
4376.247	0.13031472602011457
4376.3910000000005	0.13031472602011457
4376.535	0.13031472602011457
4376.679	0.13031472602011457
4376.822	0.13031472602011457
4376.967000000001	0.13031472602011457
4377.110000000001	0.13031472602011457
4377.254	0.13031472602011457
4377.398	0.13031472602011457
4377.542	0.13031472602011457
4377.686000000001	0.13031472602011457
4377.829000000001	0.13031472602011457
4377.974	0.13031472602011457
4378.117	0.13031472602011457
4378.261	0.13031472602011457
4378.405000000001	0.13031472602011457
4378.549	0.13031472602011457
4378.693	0.13031472602011457
4378.837	0.13031472602011457
4378.9800000000005	0.13031472602011457
4379.124000000001	0.13031472602011457
4379.268	0.13031472602011457
4379.412	0.13031472602011457
4379.5560000000005	0.13031472602011457
4379.700000000001	0.13031472602011457
4379.844	0.13031472602011457
4379.987	0.13031472602011457
4380.131	0.13031472602011457
4380.275000000001	0.13031472602011457
4380.419	0.13031472602011457
4380.562	0.13031472602011457
4380.707	0.13031472602011457
4380.85	0.13031472602011457
4380.994000000001	0.13031472602011457
4381.138	0.13031472602011457
4381.282	0.13031472602011457
4381.426	0.13031472602011457
4381.570000000001	0.13031472602011457
4381.713000000001	0.13031472602011457
4381.857	0.13031472602011457
4382.001	0.13031472602011457
4382.145	0.13031472602011457
4382.289000000001	0.13031472602011457
4382.433	0.13031472602011457
4382.576	0.13031472602011457
4382.72	0.13031472602011457
4382.8640000000005	0.13031472602011457
4383.008000000001	0.13031472602011457
4383.152	0.13031472602011457
4383.296	0.13031472602011457
4383.442	0.13031314395472643
4383.5830000000005	0.13031050717907955
4383.727	0.1303094524688208
4383.871	0.1303073430483033
4384.015	0.1303052336277858
4384.159000000001	0.1303052336277858
4384.303	0.13030365156239765
4384.446	0.1302989053662333
4384.59	0.13029574123545704
4384.734	0.13029468652519827
4384.878000000001	0.13029468652519827
4385.021000000001	0.13029363181493953
4385.166	0.1302920497495514
4385.31	0.130287303553387
4385.453	0.13028150264696386
4385.597000000001	0.13027833851618761
4385.741	0.13027781116105824
4385.885	0.1302762290956701
4386.029	0.13027359232002322
4386.173000000001	0.13027359232002322
4386.317	0.13027095554437634
4386.46	0.13027095554437634
4386.604	0.13026779141360006
4386.7480000000005	0.13026779141360006
4386.892000000001	0.13026779141360006
4387.036	0.13026779141360006
4387.179	0.13026779141360006
4387.323	0.13026779141360006
4387.467000000001	0.13026779141360006
4387.611	0.13026779141360006
4387.755	0.13026779141360006
4387.899	0.13026779141360006
4388.042	0.13026779141360006
4388.186000000001	0.13026779141360006
4388.33	0.13026779141360006
4388.474	0.13026779141360006
4388.618	0.13026779141360006
4388.761	0.13026779141360006
4388.906	0.13026779141360006
4389.049	0.13026779141360006
4389.193	0.13026779141360006
4389.337	0.13026779141360006
4389.481000000001	0.13026779141360006
4389.625	0.13026779141360006
4389.769	0.13026779141360006
4389.912	0.13026779141360006
4390.0560000000005	0.13026779141360006
4390.200000000001	0.13026779141360006
4390.344	0.13026779141360006
4390.488	0.13026779141360006
4390.6320000000005	0.13026779141360006
4390.775000000001	0.13026779141360006
4390.919	0.13026779141360006
4391.063	0.13026779141360006
4391.207	0.13026779141360006
4391.351000000001	0.13026779141360006
4391.494000000001	0.13026779141360006
4391.639	0.13026779141360006
4391.782	0.13026779141360006
4391.926	0.13026779141360006
4392.070000000001	0.13026568199308258
4392.214	0.1302651546379532
4392.358	0.1302651546379532
4392.502	0.1302588263764007
4392.645	0.13024827927381322
4392.789000000001	0.1302440604327782
4392.934	0.13024247836739006
4393.078	0.13023825952635504
4393.222000000001	0.13023825952635504
4393.366	0.1302350953955788
4393.509	0.1302350953955788
4393.653	0.13023456804044942
4393.7970000000005	0.13023456804044942
4393.941000000001	0.13023456804044942
4394.085	0.13023456804044942
4394.228	0.13023456804044942
4394.3730000000005	0.13023456804044942
4394.517000000001	0.13023456804044942
4394.66	0.13023456804044942
4394.804	0.13023456804044942
4394.948	0.13023456804044942
4395.092000000001	0.13023456804044942
4395.236	0.13023456804044942
4395.379	0.13023456804044942
4395.523	0.13023456804044942
4395.667	0.13023456804044942
4395.811000000001	0.13023456804044942
4395.955	0.13023456804044942
4396.099	0.13023456804044942
4396.243	0.13023456804044942
4396.386	0.13023456804044942
4396.530000000001	0.13023456804044942
4396.674	0.13023456804044942
4396.818	0.13023456804044942
4396.962	0.13023456804044942
4397.1050000000005	0.13023456804044942
4397.249000000001	0.13023456804044942
4397.393	0.13023456804044942
4397.537	0.13023193126480254
4397.6810000000005	0.13022454829299124
4397.825000000001	0.13021874738656813
4397.969	0.13020767292885121
4398.112	0.13019659847113435
4398.256	0.1301950164057462
4398.400000000001	0.13018921549932308
4398.5470000000005	0.1301755042659593
4398.687	0.13016601187363053
4398.832	0.13015388270565487
4398.976000000001	0.13013384321073856
4399.119000000001	0.13012382346328044
4399.263	0.13011960462224542
4399.407	0.13011011222991664
4399.551	0.13010009248245852
4399.695000000001	0.13009218215551788
4399.838000000001	0.13008532653883598
4399.983	0.1300826897631891
4400.126	0.1300763615016366
4400.27	0.13005737671697903
4400.414000000001	0.13003628251180402
4400.558	0.13002309863356962
4400.702	0.13000464120404145
4400.845	0.12998460170912518
4400.9890000000005	0.12997405460653766
4401.133000000001	0.12993450297183445
4401.277	0.12987702126273248
4401.421	0.12984010640367616
4401.5650000000005	0.12980266418949044
4401.709	0.12980266418949044
4401.852	0.12972461563034277
4401.996	0.12964340294041887
4402.14	0.12960226924032753
4402.284000000001	0.12960226924032753
4402.428	0.12960226924032753
4402.571	0.12950998209268672
4402.715	0.1293765612449546
4402.859	0.12931749747046448
4403.003000000001	0.12931749747046448
4403.147	0.12931749747046448
4403.291	0.1293148606948176
4403.435	0.1293148606948176
4403.578	0.1293148606948176
4403.722000000001	0.1293148606948176
4403.866	0.1293148606948176
4404.01	0.1293148606948176
4404.153	0.12931433333968823
4404.298000000001	0.12931433333968823
4404.442	0.12930431359223005
4404.585	0.12930431359223005
4404.729	0.12929165706912504
4404.8730000000005	0.12928269203192563
4405.017000000001	0.12928269203192563
4405.161	0.12927372699472625
4405.304	0.12925685163058623
4405.448	0.12923523007028181
4405.592000000001	0.12922731974334117
4405.736	0.1292246829676943
4405.88	0.12922099148178867
4406.024	0.12921677264075365
4406.168000000001	0.12921360850997737
4406.311000000001	0.1292114990894599
4406.455	0.12920780760355427
4406.599	0.12920306140738985
4406.743	0.12918776810863797
4406.886	0.12917405687527417
4407.031	0.12917142009962732
4407.174	0.12916878332398044
4407.318	0.12916403712781604
4407.462	0.12915929093165163
4407.606000000001	0.12915770886626352
4407.75	0.12915349002522852
4407.894	0.12914557969828788
4408.037	0.12913872408160598
4408.1810000000005	0.12913450524057096
4408.325000000001	0.12913028639953597
4408.469	0.12912606755850098
4408.613	0.12912606755850098
4408.7570000000005	0.1291229034277247
4408.901	0.12911341103539592
4409.044	0.12910180922254966
4409.188	0.12909759038151467
4409.332	0.12909759038151467
4409.476000000001	0.12909759038151467
4409.619000000001	0.12909442625073841
4409.764	0.12909073476483277
4409.907	0.12908915269944465
4410.051	0.12908598856866838
4410.195000000001	0.12908282443789212
4410.34	0.129081242372504
4410.484	0.129081242372504
4410.628000000001	0.12907807824172773
4410.771000000001	0.12907807824172773
4410.915	0.12907544146608085
4411.059	0.12907491411095148
4411.203	0.12907333204556337
4411.347000000001	0.1290722773353046
4411.491	0.12907174998017523
4411.635	0.12906911320452835
4411.778	0.12906700378401084
4411.9220000000005	0.12906542171862273
4412.066000000001	0.12906173023271708
4412.21	0.12905856610194083
4412.353	0.1290569840365527
4412.4980000000005	0.12905540197116455
4412.6410000000005	0.12905381990577644
4412.785	0.12905223784038833
4412.929	0.12904907370961205
4413.0740000000005	0.12904696428909457
4413.217000000001	0.12904696428909457
4413.361	0.12904590957883583
4413.5070000000005	0.1290443275134477
4413.648	0.12904274544805955
4413.792	0.12904010867241267
4413.936000000001	0.1290374718967658
4414.079000000001	0.12903325305573077
4414.224	0.12902956156982515
4414.368	0.12902903421469575
4414.511	0.1290274521493076
4414.655000000001	0.1290211238877551
4414.799	0.1290147956262026
4414.943	0.12901163149542635
4415.086	0.1290089947197795
4415.2300000000005	0.12900688529926196
4415.374000000001	0.1290037211684857
4415.518	0.12900055703770946
4415.662	0.1289995023274507
4415.8060000000005	0.12899739290693318
4415.950000000001	0.12899106464538068
4416.093	0.12898684580434566
4416.237	0.1289820996081813
4416.381	0.12897735341201694
4416.525000000001	0.1289762987017582
4416.669	0.12897524399149943
4416.812	0.12897471663637006
4416.956	0.12897313457098192
4417.1	0.12897155250559378
4417.244000000001	0.1289710251504644
4417.388	0.12896997044020564
4417.532	0.1289683883748175
4417.676	0.12896311482352374
4417.819	0.12895678656197124
4417.963000000001	0.12895414978632436
4418.107	0.12895256772093622
4418.251	0.12894940359016
4418.395	0.12894571210425437
4418.539000000001	0.1289425479734781
4418.683	0.12893727442218433
4418.826	0.12892989145037306
4418.97	0.12892356318882053
4419.1140000000005	0.12892145376830305
4419.258000000001	0.12891881699265617
4419.402	0.1289135434413624
4419.545	0.12890879724519805
4419.689	0.1289035236939043
4419.8330000000005	0.12889719543235176
4419.977	0.12889297659131677
4420.121	0.12889139452592863
4420.265	0.12888928510541114
4420.409000000001	0.12888664832976426
4420.552000000001	0.1288829568438586
4420.696	0.12887979271308234
4420.84	0.12887926535795297
4420.984	0.12887504651691795
4421.127	0.12887030032075358
4421.272	0.12886819090023605
4421.416	0.12886502676945982
4421.559	0.12885658908738978
4421.703	0.1288481514053198
4421.847000000001	0.12884287785402604
4421.991	0.12883602223734414
4422.135	0.12882705720014476
4422.278	0.12882020158346286
4422.4220000000005	0.12881756480781598
4422.566000000001	0.1288144006770397
4422.71	0.12881229125652222
4422.854	0.12881070919113408
4422.9980000000005	0.12878750556544155
4423.142000000001	0.12875850103332587
4423.285	0.12874953599612646
4423.429	0.12874320773457393
4423.573	0.12873424269737455
4423.717000000001	0.12872791443582204
4423.860000000001	0.1287263323704339
4424.004	0.12871842204349326
4424.148	0.12871051171655262
4424.292	0.12870734758577637
4424.436000000001	0.128698382548577
4424.58	0.12868625338060136
4424.724	0.1286693780164613
4424.868	0.1286345725779225
4425.011	0.1286082048214537
4425.155000000001	0.12859291152270177
4425.299	0.12857814557907926
4425.443	0.12857392673804424
4425.587	0.12856759847649174
4425.731000000001	0.12856285228032738
4425.875	0.12855652401877485
4426.018	0.12854966840209295
4426.162	0.12854386749566982
4426.3060000000005	0.12853648452385852
4426.450000000001	0.12853332039308227
4426.593	0.12853173832769416
4426.737	0.1285285741969179
4426.881	0.12852066386997726
4427.025000000001	0.1285069526366135
4427.169	0.12849165933786155
4427.314	0.12848111223527403
4427.457	0.12847689339423907
4427.6	0.1284737292634628
4427.744000000001	0.12846581893652215
4427.889	0.1284510529928996
4428.034000000001	0.1284510529928996
4428.177000000001	0.1284510529928996
4428.322	0.1284510529928996
4428.47	0.1284510529928996
4428.608	0.1284510529928996
4428.752	0.1284510529928996
4428.896000000001	0.1284510529928996
4429.04	0.1284510529928996
4429.184	0.1284510529928996
4429.327	0.1284510529928996
4429.4710000000005	0.1284510529928996
4429.615000000001	0.1284510529928996
4429.759	0.1284510529928996
4429.902	0.1284510529928996
4430.0470000000005	0.1284510529928996
4430.191000000001	0.1284510529928996
4430.334	0.1284510529928996
4430.478	0.1284510529928996
4430.622	0.1284510529928996
4430.7660000000005	0.1284510529928996
4430.91	0.1284510529928996
4431.053	0.1284510529928996
4431.197	0.1284510529928996
4431.341	0.1284510529928996
4431.485000000001	0.1284510529928996
4431.629	0.1284510529928996
4431.773	0.1284510529928996
4431.917	0.1284510529928996
4432.06	0.1284510529928996
4432.204000000001	0.1284510529928996
4432.348	0.1284510529928996
4432.492	0.1284510529928996
4432.635	0.1284510529928996
4432.780000000001	0.1284510529928996
4432.923000000001	0.1284510529928996
4433.067	0.1284510529928996
4433.211	0.1284510529928996
4433.3550000000005	0.1284510529928996
4433.499000000001	0.1284510529928996
4433.643	0.1284510529928996
4433.786	0.1284510529928996
4433.93	0.1284510529928996
4434.0740000000005	0.1284510529928996
4434.218	0.1284510529928996
4434.361	0.1284510529928996
4434.506	0.1284510529928996
4434.649	0.1284510529928996
4434.793000000001	0.1284510529928996
4434.937	0.1284510529928996
4435.081	0.1284510529928996
4435.225	0.1284510529928996
4435.368	0.12844208795570022
4435.512000000001	0.12843734175953586
4435.656	0.12841466548897268
4435.8	0.12841466548897268
4435.944	0.1283719497234932
4436.088000000001	0.12767109475655247
4436.232	0.12604156740678046
4436.375	0.12493992254151391
4436.519	0.1247817160027011
4436.6630000000005	0.12473741817183351
4436.807000000001	0.12469312034096593
4436.951	0.12467888175247277
4437.094	0.12466411580885024
4437.2390000000005	0.12464618573445146
4437.3820000000005	0.12463616598699331
4437.526	0.12457446543685632
4437.67	0.12450327249439055
4437.814	0.12446952176611048
4437.9580000000005	0.12444631814041793
4438.101000000001	0.12442680600063102
4438.245	0.12437617990821093
4438.389	0.12431922555423831
4438.533	0.12428600218108762
4438.677000000001	0.12427545507850007
4438.821	0.1242443411258669
4438.965	0.12419213296805867
4439.108	0.12414045216537983
4439.252	0.12409931846528849
4439.396000000001	0.1240766421947253
4439.54	0.12403287171898711
4439.684	0.12394374870212256
4439.827	0.1238572624609049
4439.972000000001	0.12379714397615603
4440.115000000001	0.12376497531326408
4440.259	0.12375653763119407
4440.403	0.12374599052860655
4440.5470000000005	0.12371909541700837
4440.6900000000005	0.12369009088489269
4440.834	0.12367268816562327
4440.978	0.12365106660531885
4441.122	0.12358778398979373
4441.2660000000005	0.12350973543064607
4441.409000000001	0.12345963669335534
4441.554	0.12342377654455777
4441.697	0.1234079558906765
4441.841	0.12340162762912399
4441.985000000001	0.12338158813420769
4442.129	0.12335205624696265
4442.273	0.12333201675204634
4442.416	0.12332199700458818
4442.56	0.12330143015454254
4442.704000000001	0.12327980859423812
4442.848	0.12324447580056994
4442.992	0.1231964864837967
4443.135	0.12317064608245729
4443.280000000001	0.12315429807344662
4443.424	0.12310525404641465
4443.570000000001	0.12305040911295956
4443.711	0.123027205487267
4443.8550000000005	0.12301033012312695
4443.999000000001	0.12300294715131568
4444.142000000001	0.12297974352562316
4444.286	0.12291646091009803
4444.43	0.12285370564970229
4444.5740000000005	0.12282944731375098
4444.718	0.12277776651107213
4444.862	0.12269391704550134
4445.006	0.12262957971971745
4445.149	0.12259899312221365
4445.293000000001	0.122595301636308
4445.438	0.12258580924397924
4445.582	0.12255680471186356
4445.726000000001	0.12252727282461849
4445.869000000001	0.12251514365664284
4446.014	0.12250670597457283
4446.157	0.1225009050681497
4446.301	0.12247611937706904
4446.445000000001	0.12244975162060022
4446.589	0.1224455327795652
4446.733	0.12242549328464891
4446.876	0.12238488693968697
4447.02	0.12235640976270067
4447.164000000001	0.12233742497804313
4447.308	0.12232213167929123
4447.452	0.12230156482924556
4447.5960000000005	0.1222831073997174
4447.740000000001	0.12226675939070675
4447.883000000001	0.12224513783040232
4448.027	0.12221560594315725
4448.171	0.12218080050461844
4448.3150000000005	0.12216708927125466
4448.459	0.12216339778534903
4448.602	0.12215759687892591
4448.747	0.12215179597250277
4448.89	0.12213755738400961
4449.034000000001	0.12212173673012833
4449.178	0.12211277169292892
4449.322	0.12210116988008266
4449.466	0.12208323980568389
4449.609	0.12202470338632314
4449.753000000001	0.12187757130522722
4449.897	0.12172780244848441
4450.041	0.12166821131886493
4450.185	0.12164553504830176
4450.329000000001	0.12161969464696235
4450.473	0.12158277978790602
4450.616	0.12155746674169596
4450.76	0.12154481021859094
4450.904	0.12148680115435957
4451.048000000001	0.12140189697853002
4451.192	0.12135601708227431
4451.335	0.12099477881865173
4451.4800000000005	0.12054389018303521
4451.6230000000005	0.12037197241085862
4451.767000000001	0.12029339649658158
4451.911	0.1202643919644659
4452.055	0.12023380536696208
4452.1990000000005	0.12022484032976269
4452.342000000001	0.12021745735795142
4452.486	0.1201847613399301
4452.63	0.12015259267703815
4452.774	0.12014415499496815
4452.918000000001	0.12012095136927561
4453.062	0.12009722038845369
4453.206	0.1200882553512543
4453.349	0.12006768850120864
4453.493	0.1200444848755161
4453.637000000001	0.12003499248318732
4453.781	0.12001653505365915
4453.925	0.1199827843253791
4454.068	0.11994376004580526
4454.212	0.11991633757907769
4454.356000000001	0.1198941886636439
4454.5	0.11987467652385699
4454.644	0.11985832851484633
4454.7880000000005	0.1198040109365206
4454.932000000001	0.11973176328379609
4455.075000000001	0.11969221164909288
4455.219	0.11965687885542468
4455.363	0.11960836218352208
4455.5070000000005	0.11957988500653578
4455.651	0.11955668138084323
4455.795	0.11947494133578994
4455.939	0.11938950980483103
4456.082	0.11934679403935158
4456.226000000001	0.11930038678796648
4456.37	0.11926505399429829
4456.514	0.11925187011606389
4456.658	0.11920599021980817
4456.801	0.11862115338133014
4456.945000000001	0.11806584843009715
4457.089	0.11804000802875772
4457.233	0.11796828773116258
4457.377	0.11790500511563745
4457.521000000001	0.11788812975149743
4457.665	0.11786545348093426
4457.808	0.1178559610886055
4457.952	0.1178512148924411
4458.0960000000005	0.11784435927575923
4458.240000000001	0.11783697630394796
4458.384	0.1178317027526542
4458.529	0.11783012068726606
4458.6720000000005	0.11782010093980792
4458.8150000000005	0.11778740492178662
4458.959	0.1177167393344502
4459.103	0.11766822266254762
4459.247	0.11766558588690075
4459.3910000000005	0.11763763606504382
4459.534000000001	0.11760704946754
4459.678	0.11759333823417623
4459.822	0.11757909964568306
4459.966	0.11757488080464806
4460.110000000001	0.11757013460848367
4460.254	0.11756380634693117
4460.398	0.11755958750589617
4460.542	0.11755220453408488
4460.685	0.11754587627253238
4460.829000000001	0.11754007536610925
4460.973	0.11753058297378047
4461.117	0.11751159818912293
4461.261	0.11749314075959479
4461.405000000001	0.11747046448903162
4461.549	0.11745200705950343
4461.692	0.11744462408769217
4461.836	0.117421947817129
4461.982	0.11740296303247147
4462.124000000001	0.11739716212604832
4462.267000000001	0.1173866150234608
4462.411	0.11737237643496766
4462.555	0.11734073512720511
4462.6990000000005	0.11731384001560692
4462.844	0.11731225795021878
4462.988	0.1173117305950894
4463.1320000000005	0.11730803910918378
4463.275000000001	0.1172990740719844
4463.419	0.11728378077323248
4463.563	0.11726848747448057
4463.707	0.11723948294236489
4463.851000000001	0.11721469725128422
4463.995	0.11720995105511983
4464.139	0.11719360304610918
4464.282	0.11715932496269973
4464.426	0.11713823075752469
4464.570000000001	0.11713612133700718
4464.714	0.1171313751408428
4464.858	0.1171271562998078
4465.001	0.11711924597286716
4465.145	0.11710553473950337
4465.289000000001	0.11709287821639836
4465.433	0.11708074904842271
4465.577	0.11705490864708329
4465.7210000000005	0.11702854089061449
4465.865000000001	0.11699848164824005
4466.008000000001	0.11697105918151249
4466.152	0.11694627349043181
4466.296	0.11691726895831613
4466.4400000000005	0.11690355772495235
4466.584	0.11688773707107109
4466.727	0.11687086170693103
4466.872	0.11686084195947288
4467.015	0.11685345898766163
4467.159000000001	0.11684027510942722
4467.303	0.11678332075545461
4467.447	0.11670738161682447
4467.591	0.11657712489986859
4467.734	0.11645425115472396
4467.878000000001	0.11642366455722016
4468.022	0.11639624209049261
4468.166	0.11636301871734192
4468.31	0.11624805529913793
4468.454000000001	0.11612412684373455
4468.598	0.1148727131217252
4468.741	0.11241945705986785
4468.885	0.11109421361974584
4469.029	0.11091385816549923
4469.173000000001	0.11081471540117653
4469.317	0.1107429951035814
4469.46	0.11066178241365748
4469.604	0.11063383259180055
4469.7480000000005	0.11058162443399233
4469.892000000001	0.11047509869785835
4470.036	0.11041076137207448
4470.18	0.10887299381481394
4470.3240000000005	0.10436305274839
4470.467000000001	0.10093208027666946
4470.611	0.10048013693079419
4470.755	0.10046062479100726
4470.899	0.10038784978315338
4471.043000000001	0.10032614923301637
4471.187	0.10024282712257496
4471.331	0.10016003236726292
4471.475	0.10014210229286415
4471.618	0.10011204305048971
4471.762000000001	0.10007090935039836
4471.906	0.09999391550150946
4472.05	0.09993643379240746
4472.193	0.09989055389615176
4472.338000000001	0.09977611783307716
4472.481000000001	0.09965746292896754
4472.625	0.09958996147240741
4472.769	0.09948554515679095
4472.9130000000005	0.09935687050522318
4473.057000000001	0.09801000550479677
4473.200000000001	0.09421093915277173
4473.344	0.0911696821216601
4473.492	0.08909190291191847
4473.6320000000005	0.08722506575392727
4473.776	0.08602533283459676
4473.92	0.08473067599197859
4474.064	0.08425341959989327
4474.2080000000005	0.08417431633048686
4474.353	0.08413318263039553
4474.495	0.08411577991112612
4474.639	0.08406673588409413
4474.783	0.08399185145572274
4474.926	0.08394438949407891
4475.071	0.08385895796311998
4475.214	0.08377827262832545
4475.358	0.0837550690026329
4475.502	0.08373819363849286
4475.646000000001	0.08365434417292207
4475.774	0.08354518166114122
4475.917	0.08347451607380484
4476.061000000001	0.0834333823737135
4476.205	0.08341545229931471
4476.349	0.08337062711331776
4476.493	0.08329468797468761
4476.637000000001	0.08321400263989308
4476.781	0.08318077926674239
4476.926	0.0831254069781579
4477.068	0.08305948758698589
4477.212	0.08301202562534206
4477.356000000001	0.0829007536930437
